Id;Company;Job Title;Location;Published Date;Job Link;Logo;Category;Company Life URL;Industry;Query Parameters;Company_Match;Score;Platform;Job Link_Match;Destination URL;Work Mode;Tags;Capture Date;City;State;UF;Region;Country;Continent
1;3UP Full Tech | Tecnologia e Marketing;SDR - Inside Sales B2B;Uberlândia (MG);11/09 10:00;https://www.linkedin.com/jobs/view/4453463684/;https://media.licdn.com/dms/image/v2/C4D0BAQFJS-AIC30ZTQ/company-logo_100_100/company-logo_100_100/0/1643846674829/3upfulltech_logo?e=1790812800&v=beta&t=G8tCVk3nfhJa4kUwFJipy0JHdFp7xaoMM7XsdWLfjr8;-;https://www.linkedin.com/company/3up-full-tech-tecnologia-e-marketing/about/;Marketing e Publicidade Marketing;sales OR account OR customer success manager OR client success OR developer relations OR technical writer;3up full tech | tecnologia e marketing;1;;https://www.linkedin.com/jobs/view/4453463684/;https://www.linkedin.com/jobs/view/4453463684/;On-site;Vendas / Comercial;11/09/2026;Uberlândia;Minas Gerais;MG;Região Sudeste;Brasil;América do Sul
2;4DF Connect;SDR  - Sales Development Representative;Brasil;11/09 15:00;https://www.linkedin.com/jobs/view/4466343371/;https://media.licdn.com/dms/image/v2/D4E0BAQHgznwIT2t3IA/company-logo_100_100/B4EZgUICjYGcAU-/0/1752684309117/4dfconnect_logo?e=1790812800&v=beta&t=pmYNhtibA9BcyuUVtI--zzy8c3lRIzxw0d9jh8XiWLY;-;https://www.linkedin.com/company/4df-connect/about/;Software e Serviços de TI;sales OR account OR customer success manager OR client success OR developer relations OR technical writer;4df connect;1;;https://www.linkedin.com/jobs/view/4466343371/;https://www.linkedin.com/jobs/view/4466343371/;Remote;Vendas / Comercial;11/09/2026;;;;;Brasil;América do Sul
3;ABB;Account Manager – Mineração | Divisão de Process Industries;Espírito Santo, Brasil;11/09 11:00;https://www.linkedin.com/jobs/view/4466092583/;https://media.licdn.com/dms/image/v2/C4D0BAQHPGAMgqJMBZQ/company-logo_100_100/company-logo_100_100/0/1630579606103/abb_logo?e=1790812800&v=beta&t=94YdrylGnXNbCeCoL1MF0mXSOlUpClX8oWcLJv0GYO4;Specific > Sales > Account;https://www.linkedin.com/company/abb/about/;Mineração e Extração;sales OR account OR customer success manager OR client success OR developer relations OR technical writer;abb;1;;https://www.linkedin.com/jobs/view/4466092583/;https://www.linkedin.com/jobs/view/4466092583/;On-site;Liderança/Gerência, Executivo de Contas;11/09/2026;;Espírito Santo;ES;Região Sudeste;Brasil;América do Sul
4;AbbVie;Key Account Manager (Allergan Aesthetics) - São Paulo;São Paulo (SP);10/09 22:00;https://www.linkedin.com/jobs/view/4465880979/;https://media.licdn.com/dms/image/v2/D560BAQF_LxAbBWRTog/company-logo_100_100/company-logo_100_100/0/1719845134181?e=1790812800&v=beta&t=yBrArIdQAY1_bnx5brffIrn8up4WogYDk2PYegirKU0;Specific > Sales > Account;https://www.linkedin.com/company/abbvie/about/;Software e Serviços de TI;sales OR account OR customer success manager OR client success OR developer relations OR technical writer;abbvie;1;;https://www.linkedin.com/jobs/view/4465880979/;https://www.linkedin.com/jobs/view/4465880979/;On-site;Liderança/Gerência, Executivo de Contas;11/09/2026;;São Paulo;SP;Região Sudeste;Brasil;América do Sul
5;Accenture Brasil;Sales Development Rep Analyst | Português;Barueri (SP);11/09 09:00;https://www.linkedin.com/jobs/view/4425547407/;https://media.licdn.com/dms/image/v2/D4D0BAQFxYk90aqWMqA/company-logo_100_100/company-logo_100_100/0/1727873248436/accenturebrasil_logo?e=1790812800&v=beta&t=UJuCQw5DneEU9cKbB6b-oCPQgapoU56BXJIaV77-GYk;Advanced > Specialist;https://www.linkedin.com/company/accenture-brasil/about/;Vendas e Suporte;sales OR account OR customer success manager OR client success OR developer relations OR technical writer;accenture brasil;1;;https://www.linkedin.com/jobs/view/4425547407/;https://www.linkedin.com/jobs/view/4425547407/;Hybrid;Vendas / Comercial;11/09/2026;;São Paulo;SP;Região Sudeste;Brasil;América do Sul
6;Account Assessores S/S Ltda.;Analista Fiscal Pleno;São Paulo (SP);11/09 11:00;https://www.linkedin.com/jobs/view/4463972953/;https://media.licdn.com/dms/image/v2/D4D0BAQHLbM0Ttf7tmw/company-logo_100_100/B4DZYNqd59G8AQ-/0/1743985960567/account_assessores_s_s_ltda_logo?e=1790812800&v=beta&t=mnFOfZM9FP2znouRPl9KRM0zmhojy0AOQLtqXsHwM4U;Advanced > Specialist;https://www.linkedin.com/company/account-assessores-s-s-ltda/about/;-;sales OR account OR customer success manager OR client success OR developer relations OR technical writer;account assessores s/s ltda.;1;;https://www.linkedin.com/jobs/view/4463972953/;https://www.linkedin.com/jobs/view/4463972953/;On-site;Mid, Associate, Financeiro/Fiscal;11/09/2026;;São Paulo;SP;Região Sudeste;Brasil;América do Sul
7;Accruent;Solution Consultant & Customer Success Manager;Brasil;11/09 15:00;https://www.linkedin.com/jobs/view/4466341464/;https://media.licdn.com/dms/image/v2/C560BAQHMbmgrKS-k7A/company-logo_100_100/company-logo_100_100/0/1658778643589/accruent_logo?e=1790812800&v=beta&t=6tUmCivyKLOgz7bK2e4EUUwHzBoxnsc29PD38XpBhvA;Specific > Customer Success Manager;https://www.linkedin.com/company/accruent/about/;Software e Serviços de TI;sales OR account OR customer success manager OR client success OR developer relations OR technical writer;accruent;1;;https://www.linkedin.com/jobs/view/4466341464/;https://www.linkedin.com/jobs/view/4466341464/;Remote;Liderança/Gerência, Consultor;11/09/2026;;;;;Brasil;América do Sul
8;Accruent;Solution Consultant & Customer Success Manager;Grande São Paulo (SP) ;11/09 15:00;https://www.linkedin.com/jobs/view/4466359450/;https://media.licdn.com/dms/image/v2/C560BAQHMbmgrKS-k7A/company-logo_100_100/company-logo_100_100/0/1658778643589/accruent_logo?e=1790812800&v=beta&t=6tUmCivyKLOgz7bK2e4EUUwHzBoxnsc29PD38XpBhvA;Specific > Customer Success Manager;https://www.linkedin.com/company/accruent/about/;Software e Serviços de TI;sales OR account OR customer success manager OR client success OR developer relations OR technical writer;accruent;1;;https://www.linkedin.com/jobs/view/4466359450/;https://www.linkedin.com/jobs/view/4466359450/;Remote;Liderança/Gerência, Consultor;11/09/2026;;São Paulo;SP;Região Sudeste;Brasil;América do Sul
9;Activate Talent;Wholesale Sales Analyst;América Latina;11/09 13:00;https://www.linkedin.com/jobs/view/4466314441/;https://media.licdn.com/dms/image/v2/D560BAQHmNk0X7_HFPg/company-logo_100_100/company-logo_100_100/0/1719255778423/activate_talent_logo?e=1790812800&v=beta&t=3GXKBbo9AgkyXBRjgrQOtyVv7nyVQrrBFKMhWRrEjVs;Advanced > Specialist;https://www.linkedin.com/company/activate-talent/about/;Software e Serviços de TI;sales OR account OR customer success manager OR client success OR developer relations OR technical writer;activate talent;1;;https://www.linkedin.com/jobs/view/4466314441/;https://www.linkedin.com/jobs/view/4466314441/;Remote;Vendas / Comercial;11/09/2026;;;;;;América Latina
10;Adyen;Account Manager;São Paulo (SP);11/09 07:00;https://www.linkedin.com/jobs/view/4277920556/;https://media.licdn.com/dms/image/v2/D4E0BAQGkcf7qKLd6mQ/company-logo_100_100/B4EZpKb3XwKkAc-/0/1762185410414/adyen_logo?e=1790812800&v=beta&t=Bdv5JvxcF7gi8KqzFvomc2txYC4HtX5T1c_iccYQ5Pw;Specific > Sales > Account;https://www.linkedin.com/company/adyen/about/;-;sales OR account OR customer success manager OR client success OR developer relations OR technical writer;adyen;1;;https://www.linkedin.com/jobs/view/4277920556/;https://www.linkedin.com/jobs/view/4277920556/;Hybrid;Liderança/Gerência, Executivo de Contas;11/09/2026;;São Paulo;SP;Região Sudeste;Brasil;América do Sul
11;Agrotools;Sales Development Representative Pleno (SDR);São Paulo (SP);11/09 13:00;https://www.linkedin.com/jobs/view/4447184214/;https://media.licdn.com/dms/image/v2/D4D0BAQGXs57WYSMs1w/company-logo_100_100/company-logo_100_100/0/1729171908994/agrotools_gestao_e_monitoramento_geoespacial_logo?e=1790812800&v=beta&t=iLFz5AT8x3eusBKtIi1yuz1Bw6FlL6AK1zc542QYU5Q;-;https://www.linkedin.com/company/agrotools/about/;Agro;sales OR account OR customer success manager OR client success OR developer relations OR technical writer;agrotools;1;;https://www.linkedin.com/jobs/view/4447184214/;https://www.linkedin.com/jobs/view/4447184214/;On-site;Mid, Vendas / Comercial;11/09/2026;;São Paulo;SP;Região Sudeste;Brasil;América do Sul
12;Amazon;Account Executive, Amazon Ads SALES, CPG, CPG Amazon Ads Sales Account Executive;Grande São Paulo (SP) ;10/09 16:00;https://www.linkedin.com/jobs/view/4456730041/;https://media.licdn.com/dms/image/v2/D560BAQGDLy4STCnHbg/company-logo_100_100/B56ZnZxDipI0AQ-/0/1760295142304/amazon_logo?e=1790812800&v=beta&t=X4CmQP49TnN9sp-XkkLGYv4SIaio4ys517HwPHG3DuI;Specific > Sales > Account;https://www.linkedin.com/company/amazon/about/;Software e Serviços de TI;sales OR account OR customer success manager OR client success OR developer relations OR technical writer;amazon;1;;https://www.linkedin.com/jobs/view/4456730041/;https://www.linkedin.com/jobs/view/4456730041/;On-site;Vendas / Comercial, Executivo de Contas;11/09/2026;;São Paulo;SP;Região Sudeste;Brasil;América do Sul
13;Amazon;Ad Sales Account Manager, Amazon Ads, LCS Non-Endemic;Grande São Paulo (SP) ;10/09 22:00;https://www.linkedin.com/jobs/view/4466003089/;https://media.licdn.com/dms/image/v2/D560BAQGDLy4STCnHbg/company-logo_100_100/B56ZnZxDipI0AQ-/0/1760295142304/amazon_logo?e=1790812800&v=beta&t=X4CmQP49TnN9sp-XkkLGYv4SIaio4ys517HwPHG3DuI;Specific > Sales > Account;https://www.linkedin.com/company/amazon/about/;Varejo e E-commerce;sales OR account OR customer success manager OR client success OR developer relations OR technical writer;amazon;1;;https://www.linkedin.com/jobs/view/4466003089/;https://www.linkedin.com/jobs/view/4466003089/;On-site;Liderança/Gerência, Vendas / Comercial, Executivo de Contas;11/09/2026;;São Paulo;SP;Região Sudeste;Brasil;América do Sul
14;Amazon;Fire TV Sales Lead, Product Manager;Grande São Paulo (SP) ;10/09 18:00;https://www.linkedin.com/jobs/view/4465840347/;https://media.licdn.com/dms/image/v2/D560BAQGDLy4STCnHbg/company-logo_100_100/B56ZnZxDipI0AQ-/0/1760295142304/amazon_logo?e=1790812800&v=beta&t=X4CmQP49TnN9sp-XkkLGYv4SIaio4ys517HwPHG3DuI;Produtos > Product Manager;https://www.linkedin.com/company/amazon/about/;Varejo e E-commerce;sales OR account OR customer success manager OR client success OR developer relations OR technical writer;amazon;1;;https://www.linkedin.com/jobs/view/4465840347/;https://www.linkedin.com/jobs/view/4465840347/;On-site;Mid, Liderança/Gerência, Product Owner/Product Manager, Vendas / Comercial;11/09/2026;;São Paulo;SP;Região Sudeste;Brasil;América do Sul
15;BFT Eixample;Sales Associate;Batalha (PI);11/09 15:00;https://www.linkedin.com/jobs/view/4466340453/;https://media.licdn.com/dms/image/v2/D4E0BAQH3qNAGnw2x9w/company-logo_100_100/company-logo_100_100/0/1729665672696?e=1790812800&v=beta&t=WkrwaaEW1EmLWLGAfltdng9czzsMjxBYDATQnqoobLM;-;https://www.linkedin.com/company/bft-eixample/about/;Vendas e Suporte;sales OR account OR customer success manager OR client success OR developer relations OR technical writer;bft eixample;1;;https://www.linkedin.com/jobs/view/4466340453/;https://www.linkedin.com/jobs/view/4466340453/;On-site;Associate, Vendas / Comercial;11/09/2026;Batalha;Piauí;PI;Região Nordeste;Brasil;América do Sul
16;BTG Pactual;Analista de Operações | Middle FICC Sales;São Paulo (SP);11/09 06:00;https://www.linkedin.com/jobs/view/4457051726/;https://media.licdn.com/dms/image/v2/C4E0BAQE0wyub1rswiA/company-logo_100_100/company-logo_100_100/0/1654720569889/btgpactual_logo?e=1790812800&v=beta&t=Pgk7QlXdyxbbEsVZGPwpzGJUvoBXyAMpBg-NUbfYzdE;Advanced > Specialist;https://www.linkedin.com/company/btg-pactual/about/;Vendas e Suporte;sales OR account OR customer success manager OR client success OR developer relations OR technical writer;btg pactual;1;;https://www.linkedin.com/jobs/view/4457051726/;https://www.linkedin.com/jobs/view/4457051726/;On-site;Mid, Associate, Vendas / Comercial;11/09/2026;;São Paulo;SP;Região Sudeste;Brasil;América do Sul
17;Baldussi Telecom;Inside Sales Junior;Curitiba (PR);11/09 10:00;https://www.linkedin.com/jobs/view/4463049356/;https://media.licdn.com/dms/image/v2/C4D0BAQGDWAlNoW5q-w/company-logo_100_100/company-logo_100_100/0/1673986588251/baldussi_telecom_logo?e=1790812800&v=beta&t=uC2UOC3keMP8_y_vVbm37KPwE9EBOFj4l7tGbxfpOAo;-;https://www.linkedin.com/company/baldussi-telecom/about/;Telecomunicações;sales OR account OR customer success manager OR client success OR developer relations OR technical writer;baldussi telecom;1;;https://www.linkedin.com/jobs/view/4463049356/;https://www.linkedin.com/jobs/view/4463049356/;On-site;Junior, Vendas / Comercial;11/09/2026;;Paraná;PR;Região Sul;Brasil;América do Sul
18;Bank of America;2027 Brazil Fixed Income Sales & Trading Desk Internship Program;São Paulo (SP);11/09 08:00;https://www.linkedin.com/jobs/view/4436829638/;https://media.licdn.com/dms/image/v2/C4D0BAQEL1rI2h3XGxg/company-logo_100_100/company-logo_100_100/0/1676325271208/bank_of_america_logo?e=1790812800&v=beta&t=V3kQvb15xjo4sLSV5B-ZRSjOKhbmadApy8GX0ARv_ro;-;https://www.linkedin.com/company/bank-of-america/about/;Serviços Financeiros;sales OR account OR customer success manager OR client success OR developer relations OR technical writer;bank of america;1;;https://www.linkedin.com/jobs/view/4436829638/;https://www.linkedin.com/jobs/view/4436829638/;Hybrid;Intern, Vendas / Comercial;11/09/2026;;São Paulo;SP;Região Sudeste;Brasil;América do Sul
19;BlackRock Digital Transformation;Vendedor Inside Sales;São Paulo (SP);11/09 11:00;https://www.linkedin.com/jobs/view/4463977898/;https://media.licdn.com/dms/image/v2/D4D0BAQExOQ6J1i9IoQ/company-logo_100_100/B4DZnpBR9OGgAQ-/0/1760551055428/blackrock_system_integrator_logo?e=1790812800&v=beta&t=fFm_Qe60os3bPT4OiyGKmbi27j2tV4yCF1QgmZQRzWs;-;https://www.linkedin.com/company/blackrock-digital-transformation/about/;Software e Serviços de TI;sales OR account OR customer success manager OR client success OR developer relations OR technical writer;blackrock digital transformation;1;;https://www.linkedin.com/jobs/view/4463977898/;https://www.linkedin.com/jobs/view/4463977898/;Hybrid;Vendas / Comercial;11/09/2026;;São Paulo;SP;Região Sudeste;Brasil;América do Sul
20;Brex;Outbound Sales Development Representative;São Paulo (SP);11/09 09:00;https://www.linkedin.com/jobs/view/4447258734/;https://media.licdn.com/dms/image/v2/D560BAQGkXlB9L9KNDA/company-logo_100_100/company-logo_100_100/0/1719255861438/brexhq_logo?e=1790812800&v=beta&t=IfG2cFscqeynH7bMjmmkDo5LhS0Lc475hFSKM8EHilo;-;https://www.linkedin.com/company/brex/about/;Software e Serviços de TI;sales OR account OR customer success manager OR client success OR developer relations OR technical writer;brex;1;;https://www.linkedin.com/jobs/view/4447258734/;https://www.linkedin.com/jobs/view/4447258734/;Hybrid;Vendas / Comercial;11/09/2026;;São Paulo;SP;Região Sudeste;Brasil;América do Sul
21;BruntWork;Marketing & Sales Administrative Coordinator (Zoho);América Latina;11/09 03:00;https://www.linkedin.com/jobs/view/4463947400/;https://media.licdn.com/dms/image/v2/D560BAQEcCL_eiKAREA/company-logo_100_100/company-logo_100_100/0/1721186064757/bruntworkcareers_logo?e=1790812800&v=beta&t=DUx_RxWN2u9HcDP-X89nTVGh4eI_r01BqlxWr-HecyU;-;https://www.linkedin.com/company/bruntwork/about/;Marketing e Publicidade Marketing;sales OR account OR customer success manager OR client success OR developer relations OR technical writer;bruntwork;1;;https://www.linkedin.com/jobs/view/4463947400/;https://www.linkedin.com/jobs/view/4463947400/;Remote;Mid, Marketing/Mídia, Vendas / Comercial;11/09/2026;;;;;;América Latina
22;BruntWork;Remote Sales & Legal Intake Specialist;América Latina;10/09 21:00;https://www.linkedin.com/jobs/view/4463930364/;https://media.licdn.com/dms/image/v2/D560BAQEcCL_eiKAREA/company-logo_100_100/company-logo_100_100/0/1721186064757/bruntworkcareers_logo?e=1790812800&v=beta&t=DUx_RxWN2u9HcDP-X89nTVGh4eI_r01BqlxWr-HecyU;Advanced > Specialist;https://www.linkedin.com/company/bruntwork/about/;Jurídico;sales OR account OR customer success manager OR client success OR developer relations OR technical writer;bruntwork;1;;https://www.linkedin.com/jobs/view/4463930364/;https://www.linkedin.com/jobs/view/4463930364/;Remote;Specialist, Vendas / Comercial;11/09/2026;;;;;;América Latina
23;BruntWork;Sales Development Specialist;América Latina;11/09 15:00;https://www.linkedin.com/jobs/view/4464227612/;https://media.licdn.com/dms/image/v2/D560BAQEcCL_eiKAREA/company-logo_100_100/company-logo_100_100/0/1721186064757/bruntworkcareers_logo?e=1790812800&v=beta&t=DUx_RxWN2u9HcDP-X89nTVGh4eI_r01BqlxWr-HecyU;Advanced > Specialist;https://www.linkedin.com/company/bruntwork/about/;Vendas e Suporte;sales OR account OR customer success manager OR client success OR developer relations OR technical writer;bruntwork;1;;https://www.linkedin.com/jobs/view/4464227612/;https://www.linkedin.com/jobs/view/4464227612/;Remote;Specialist, Vendas / Comercial;11/09/2026;;;;;;América Latina
24;Buffet Chef Joao Batista;Senior Inside Sales;Manaus (AM);11/09 15:00;https://www.linkedin.com/jobs/view/4464225474/;missing logo;-;https://www.linkedin.com/company/buffet-chef-joao-batista/about/;Software e Serviços de TI;sales OR account OR customer success manager OR client success OR developer relations OR technical writer;buffet chef joao batista;1;;https://www.linkedin.com/jobs/view/4464225474/;https://www.linkedin.com/jobs/view/4464225474/;On-site;Senior, Vendas / Comercial;11/09/2026;;Amazonas;AM;Região Norte;Brasil;América do Sul
25;Bunge;Analista de Suporte Comercial Junior (Mercado Interno) (Analyst I Sales Support) | Luziânia/GO;Maringá (PR);11/09 10:00;https://www.linkedin.com/jobs/view/4446850472/;https://media.licdn.com/dms/image/v2/D560BAQFJQ0GVco3UXw/company-logo_100_100/company-logo_100_100/0/1720012233520/bunge_logo?e=1790812800&v=beta&t=14aAr7JoYbuH02I4lKvDzx-RG5uWhnmZjLIkmq71F8w;Advanced > Specialist;https://www.linkedin.com/company/bunge/about/;Vendas e Suporte;sales OR account OR customer success manager OR client success OR developer relations OR technical writer;bunge;1;;https://www.linkedin.com/jobs/view/4446850472/;https://www.linkedin.com/jobs/view/4446850472/;On-site;Junior, Intern, Associate, Vendas / Comercial;11/09/2026;;Paraná;PR;Região Sul;Brasil;América do Sul
26;CGT2O;Sales and Business Development Managers;SP;11/09 15:00;https://www.linkedin.com/jobs/view/4464228436/;https://media.licdn.com/dms/image/v2/D4D0BAQHZGaqFFhYC4w/company-logo_100_100/B4DaBqbXeKIgAM-/0/1788491954290?e=1790812800&v=beta&t=EjtcoumjRhY-lZ55a9bR1mEC9NFlcBw9y__z8k0EFh0;Middle > Manager;https://www.linkedin.com/company/cgt2o/about/;Vendas e Suporte;sales OR account OR customer success manager OR client success OR developer relations OR technical writer;cgt2o;1;;https://www.linkedin.com/jobs/view/4464228436/;https://www.linkedin.com/jobs/view/4464228436/;On-site;Liderança/Gerência, Vendas / Comercial;11/09/2026;;São Paulo;SP;Região Sudeste;Brasil;América do Sul
27;CHS América do Sul;Representative, Sales Expert;Balsas (MA);11/09 07:00;https://www.linkedin.com/jobs/view/4456718891/;https://media.licdn.com/dms/image/v2/C4E0BAQHxr4IqRdqmGQ/company-logo_100_100/company-logo_100_100/0/1631346473228?e=1790812800&v=beta&t=ky4f1H5c0FL4aHzJBrm3FhNrPn4QdB1KZWk0G_rktwc;Advanced > Specialist;https://www.linkedin.com/company/chs-am-rica-do-sul/about/;Software e Serviços de TI;sales OR account OR customer success manager OR client success OR developer relations OR technical writer;chs américa do sul;1;;https://www.linkedin.com/jobs/view/4456718891/;https://www.linkedin.com/jobs/view/4456718891/;On-site;Specialist, Vendas / Comercial;11/09/2026;Balsas;Maranhão;MA;Região Nordeste;Brasil;América do Sul
28;CHS Inc.;Representative, Sales Expert;Balsas (MA);11/09 11:00;https://www.linkedin.com/jobs/view/4456734823/;https://media.licdn.com/dms/image/v2/C4E0BAQEYOcH5K70UmQ/company-logo_100_100/company-logo_100_100/0/1631314390462?e=1790812800&v=beta&t=wZHylCVGTHJFJqDckDk6kMoTghgx5ODB5TGLy-NKx9A;Advanced > Specialist;https://www.linkedin.com/company/chs-inc/about/;Software e Serviços de TI;sales OR account OR customer success manager OR client success OR developer relations OR technical writer;chs inc.;1;;https://www.linkedin.com/jobs/view/4456734823/;https://www.linkedin.com/jobs/view/4456734823/;On-site;Specialist, Vendas / Comercial;11/09/2026;Balsas;Maranhão;MA;Região Nordeste;Brasil;América do Sul
29;Camunda;Technical Customer Success Manager - AMER;Brasil;11/09 11:00;https://www.linkedin.com/jobs/view/4444188502/;https://media.licdn.com/dms/image/v2/C560BAQGiQbE-OPp1qA/company-logo_100_100/company-logo_100_100/0/1643213812449/camunda_logo?e=1790812800&v=beta&t=7SBMGPFBTl6P6-q6XEUkHbmmhfblEVZ3W_wDGUKNnaQ;Specific > Customer Success Manager;https://www.linkedin.com/company/camunda/about/;Software e Serviços de TI;sales OR account OR customer success manager OR client success OR developer relations OR technical writer;camunda;1;;https://www.linkedin.com/jobs/view/4444188502/;https://www.linkedin.com/jobs/view/4444188502/;Remote;Liderança/Gerência, TI/Tech;11/09/2026;;;;;Brasil;América do Sul
30;Canonical;Embedded Devices Software Solution Sales Account Manager;América Latina;11/09 13:00;https://www.linkedin.com/jobs/view/4412487557/;https://media.licdn.com/dms/image/v2/C560BAQEbIYAkAURcYw/company-logo_100_100/company-logo_100_100/0/1650566107463/canonical_logo?e=1790812800&v=beta&t=85BJamb1pcs3NzpZgS86-7t-hXOru5t_iQfFOpB0iRM;Specific > Sales > Account;https://www.linkedin.com/company/canonical/about/;Software e Serviços de TI;sales OR account OR customer success manager OR client success OR developer relations OR technical writer;canonical;1;;https://www.linkedin.com/jobs/view/4412487557/;https://www.linkedin.com/jobs/view/4412487557/;Remote;Liderança/Gerência, TI/Tech, Vendas / Comercial, Executivo de Contas;11/09/2026;;;;;;América Latina
31;Canonical;Enterprise Customer Success Manager;América Latina;11/09 12:00;https://www.linkedin.com/jobs/view/4286648292/;https://media.licdn.com/dms/image/v2/C560BAQEbIYAkAURcYw/company-logo_100_100/company-logo_100_100/0/1650566107463/canonical_logo?e=1790812800&v=beta&t=85BJamb1pcs3NzpZgS86-7t-hXOru5t_iQfFOpB0iRM;Specific > Customer Success Manager;https://www.linkedin.com/company/canonical/about/;-;sales OR account OR customer success manager OR client success OR developer relations OR technical writer;canonical;1;;https://www.linkedin.com/jobs/view/4286648292/;https://www.linkedin.com/jobs/view/4286648292/;Remote;Liderança/Gerência;11/09/2026;;;;;;América Latina
32;Canonical;Senior Partner Sales Manager - Global System Integrator (GSI);América Latina;11/09 12:00;https://www.linkedin.com/jobs/view/4286647492/;https://media.licdn.com/dms/image/v2/C560BAQEbIYAkAURcYw/company-logo_100_100/company-logo_100_100/0/1650566107463/canonical_logo?e=1790812800&v=beta&t=85BJamb1pcs3NzpZgS86-7t-hXOru5t_iQfFOpB0iRM;Middle > Manager;https://www.linkedin.com/company/canonical/about/;Vendas e Suporte;sales OR account OR customer success manager OR client success OR developer relations OR technical writer;canonical;1;;https://www.linkedin.com/jobs/view/4286647492/;https://www.linkedin.com/jobs/view/4286647492/;Remote;Senior, Liderança/Gerência, Vendas / Comercial;11/09/2026;;;;;;América Latina
33;Canonical;Ubuntu Sales Engineer (Entry-Level);América Latina;11/09 12:00;https://www.linkedin.com/jobs/view/4286642878/;https://media.licdn.com/dms/image/v2/C560BAQEbIYAkAURcYw/company-logo_100_100/company-logo_100_100/0/1650566107463/canonical_logo?e=1790812800&v=beta&t=85BJamb1pcs3NzpZgS86-7t-hXOru5t_iQfFOpB0iRM;Advanced > Information Technology;https://www.linkedin.com/company/canonical/about/;Vendas e Suporte;sales OR account OR customer success manager OR client success OR developer relations OR technical writer;canonical;1;;https://www.linkedin.com/jobs/view/4286642878/;https://www.linkedin.com/jobs/view/4286642878/;Remote;Engenharia Geral, Vendas / Comercial;11/09/2026;;;;;;América Latina
34;Caterpillar Inc.;Dealer Sales Development Consultant;São Paulo (SP);10/09 18:00;https://www.linkedin.com/jobs/view/4463156935/;https://media.licdn.com/dms/image/v2/D4E0BAQGezvfCH-inoA/company-logo_100_100/B4EZuz4cAhKgAU-/0/1768249475691/caterpillar_inc_logo?e=1790812800&v=beta&t=J3Xbv4NqEVwqQ2IY7myBuVK75Stgt5wLg-C_IS3zi1k;Advanced > Specialist;https://www.linkedin.com/company/caterpillar-inc/about/;Vendas e Suporte;sales OR account OR customer success manager OR client success OR developer relations OR technical writer;caterpillar inc.;1;;https://www.linkedin.com/jobs/view/4463156935/;https://www.linkedin.com/jobs/view/4463156935/;On-site;Consultor, Vendas / Comercial;11/09/2026;;São Paulo;SP;Região Sudeste;Brasil;América do Sul
35;China Mobile International Limited;Sales Support;São Paulo (SP);11/09 15:00;https://www.linkedin.com/jobs/view/4446791887/;https://media.licdn.com/dms/image/v2/D560BAQGcwh0PjRUyfg/company-logo_100_100/B56ZrcsRatLQAU-/0/1764639184977/china_mobile_international_limited_logo?e=1790812800&v=beta&t=HMEFcK_FZ6notPE1fM3WJCIX2LwbqtNlJrwk2LwAyFs;-;https://www.linkedin.com/company/china-mobile-international-limited/about/;Software e Serviços de TI;sales OR account OR customer success manager OR client success OR developer relations OR technical writer;china mobile international limited;1;;https://www.linkedin.com/jobs/view/4446791887/;https://www.linkedin.com/jobs/view/4446791887/;On-site;Vendas / Comercial;11/09/2026;;São Paulo;SP;Região Sudeste;Brasil;América do Sul
36;Conta Simples;Sales Account Executive Pleno;São Paulo (SP);10/09 20:00;https://www.linkedin.com/jobs/view/4463930245/;https://media.licdn.com/dms/image/v2/D4D0BAQESzWJ4LC63tQ/company-logo_100_100/B4DZ3Oy7iTIEAQ-/0/1777290951287/contasimples_logo?e=1790812800&v=beta&t=G-9R5nU4CqZgTMGWqa6i-dhmqt2ym3xM_umLoYDxfV0;Specific > Sales > Account;https://www.linkedin.com/company/conta-simples/about/;Software e Serviços de TI;sales OR account OR customer success manager OR client success OR developer relations OR technical writer;conta simples;1;;https://www.linkedin.com/jobs/view/4463930245/;https://www.linkedin.com/jobs/view/4463930245/;Hybrid;Mid, Vendas / Comercial, Executivo de Contas;11/09/2026;;São Paulo;SP;Região Sudeste;Brasil;América do Sul
37;Core Code io;Sales Representative (Ale) BR;Campo Belo (MG);10/09 22:00;https://www.linkedin.com/jobs/view/4464829535/;https://media.licdn.com/dms/image/v2/C4E0BAQESbo4t7Cz6kg/company-logo_100_100/company-logo_100_100/0/1680035879375/core_code_io_logo?e=1790812800&v=beta&t=U8PfKeUAq2-HzNsfSmUsbxm91LF2vKDv2qLk1gmN28s;-;https://www.linkedin.com/company/core-code-io/about/;Software e Serviços de TI;sales OR account OR customer success manager OR client success OR developer relations OR technical writer;core code io;1;;https://www.linkedin.com/jobs/view/4464829535/;https://www.linkedin.com/jobs/view/4464829535/;Remote;Vendas / Comercial;11/09/2026;Campo Belo;Minas Gerais;MG;Região Sudeste;Brasil;América do Sul
38;Cosine Italy;Brand Ambassador | Sales promoter itinerante | Chioggia;Viamão (RS);11/09 15:00;https://www.linkedin.com/jobs/view/4464226486/;https://media.licdn.com/dms/image/v2/C4D0BAQHdNfcfJMjrGw/company-logo_100_100/company-logo_100_100/0/1677844482055/cosine_italy_logo?e=1790812800&v=beta&t=C_RWRiruwqQittgwub5Wnj6qVlgoz_f6kPBZ6MMkDQk;-;https://www.linkedin.com/company/cosine-italy/about/;Software e Serviços de TI;sales OR account OR customer success manager OR client success OR developer relations OR technical writer;cosine italy;1;;https://www.linkedin.com/jobs/view/4464226486/;https://www.linkedin.com/jobs/view/4464226486/;On-site;Vendas / Comercial;11/09/2026;;Rio Grande do Sul;RS;Região Sul;Brasil;América do Sul
39;Cosine Italy;Brand Ambassador | Sales promoter itinerante | Padova;Viamão (RS);11/09 15:00;https://www.linkedin.com/jobs/view/4464230487/;https://media.licdn.com/dms/image/v2/C4D0BAQHdNfcfJMjrGw/company-logo_100_100/company-logo_100_100/0/1677844482055/cosine_italy_logo?e=1790812800&v=beta&t=C_RWRiruwqQittgwub5Wnj6qVlgoz_f6kPBZ6MMkDQk;-;https://www.linkedin.com/company/cosine-italy/about/;Software e Serviços de TI;sales OR account OR customer success manager OR client success OR developer relations OR technical writer;cosine italy;1;;https://www.linkedin.com/jobs/view/4464230487/;https://www.linkedin.com/jobs/view/4464230487/;On-site;Vendas / Comercial;11/09/2026;;Rio Grande do Sul;RS;Região Sul;Brasil;América do Sul
40;Cosine Italy;SALES AMBASSADOR;Viamão (RS);11/09 15:00;https://www.linkedin.com/jobs/view/4464231450/;https://media.licdn.com/dms/image/v2/C4D0BAQHdNfcfJMjrGw/company-logo_100_100/company-logo_100_100/0/1677844482055/cosine_italy_logo?e=1790812800&v=beta&t=C_RWRiruwqQittgwub5Wnj6qVlgoz_f6kPBZ6MMkDQk;-;https://www.linkedin.com/company/cosine-italy/about/;Software e Serviços de TI;sales OR account OR customer success manager OR client success OR developer relations OR technical writer;cosine italy;1;;https://www.linkedin.com/jobs/view/4464231450/;https://www.linkedin.com/jobs/view/4464231450/;On-site;Vendas / Comercial;11/09/2026;;Rio Grande do Sul;RS;Região Sul;Brasil;América do Sul
41;Cosine Italy;SALES AMBASSADOR MILANO NORD;Viamão (RS);11/09 15:00;https://www.linkedin.com/jobs/view/4464231451/;https://media.licdn.com/dms/image/v2/C4D0BAQHdNfcfJMjrGw/company-logo_100_100/company-logo_100_100/0/1677844482055/cosine_italy_logo?e=1790812800&v=beta&t=C_RWRiruwqQittgwub5Wnj6qVlgoz_f6kPBZ6MMkDQk;-;https://www.linkedin.com/company/cosine-italy/about/;Software e Serviços de TI;sales OR account OR customer success manager OR client success OR developer relations OR technical writer;cosine italy;1;;https://www.linkedin.com/jobs/view/4464231451/;https://www.linkedin.com/jobs/view/4464231451/;On-site;Vendas / Comercial;11/09/2026;;Rio Grande do Sul;RS;Região Sul;Brasil;América do Sul
42;Cosine Italy;SALES AMBASSADOR | AGRIGENTO;Viamão (RS);11/09 15:00;https://www.linkedin.com/jobs/view/4464221421/;https://media.licdn.com/dms/image/v2/C4D0BAQHdNfcfJMjrGw/company-logo_100_100/company-logo_100_100/0/1677844482055/cosine_italy_logo?e=1790812800&v=beta&t=C_RWRiruwqQittgwub5Wnj6qVlgoz_f6kPBZ6MMkDQk;-;https://www.linkedin.com/company/cosine-italy/about/;Software e Serviços de TI;sales OR account OR customer success manager OR client success OR developer relations OR technical writer;cosine italy;1;;https://www.linkedin.com/jobs/view/4464221421/;https://www.linkedin.com/jobs/view/4464221421/;On-site;Vendas / Comercial;11/09/2026;;Rio Grande do Sul;RS;Região Sul;Brasil;América do Sul
43;Cosine Italy;SALES AMBASSADOR | ALESSANDRIA;Viamão (RS);11/09 15:00;https://www.linkedin.com/jobs/view/4464235449/;https://media.licdn.com/dms/image/v2/C4D0BAQHdNfcfJMjrGw/company-logo_100_100/company-logo_100_100/0/1677844482055/cosine_italy_logo?e=1790812800&v=beta&t=C_RWRiruwqQittgwub5Wnj6qVlgoz_f6kPBZ6MMkDQk;-;https://www.linkedin.com/company/cosine-italy/about/;Software e Serviços de TI;sales OR account OR customer success manager OR client success OR developer relations OR technical writer;cosine italy;1;;https://www.linkedin.com/jobs/view/4464235449/;https://www.linkedin.com/jobs/view/4464235449/;On-site;Vendas / Comercial;11/09/2026;;Rio Grande do Sul;RS;Região Sul;Brasil;América do Sul
44;Cosine Italy;SALES AMBASSADOR | ANCONA;Viamão (RS);11/09 15:00;https://www.linkedin.com/jobs/view/4464223449/;https://media.licdn.com/dms/image/v2/C4D0BAQHdNfcfJMjrGw/company-logo_100_100/company-logo_100_100/0/1677844482055/cosine_italy_logo?e=1790812800&v=beta&t=C_RWRiruwqQittgwub5Wnj6qVlgoz_f6kPBZ6MMkDQk;-;https://www.linkedin.com/company/cosine-italy/about/;Software e Serviços de TI;sales OR account OR customer success manager OR client success OR developer relations OR technical writer;cosine italy;1;;https://www.linkedin.com/jobs/view/4464223449/;https://www.linkedin.com/jobs/view/4464223449/;On-site;Vendas / Comercial;11/09/2026;;Rio Grande do Sul;RS;Região Sul;Brasil;América do Sul
45;Cosine Italy;SALES AMBASSADOR | AREZZO;Viamão (RS);11/09 15:00;https://www.linkedin.com/jobs/view/4464223450/;https://media.licdn.com/dms/image/v2/C4D0BAQHdNfcfJMjrGw/company-logo_100_100/company-logo_100_100/0/1677844482055/cosine_italy_logo?e=1790812800&v=beta&t=C_RWRiruwqQittgwub5Wnj6qVlgoz_f6kPBZ6MMkDQk;-;https://www.linkedin.com/company/cosine-italy/about/;Software e Serviços de TI;sales OR account OR customer success manager OR client success OR developer relations OR technical writer;cosine italy;1;;https://www.linkedin.com/jobs/view/4464223450/;https://www.linkedin.com/jobs/view/4464223450/;On-site;Vendas / Comercial;11/09/2026;;Rio Grande do Sul;RS;Região Sul;Brasil;América do Sul
46;Cosine Italy;SALES AMBASSADOR | ASCOLI PICENO;Viamão (RS);11/09 10:00;https://www.linkedin.com/jobs/view/4464236455/;https://media.licdn.com/dms/image/v2/C4D0BAQHdNfcfJMjrGw/company-logo_100_100/company-logo_100_100/0/1677844482055/cosine_italy_logo?e=1790812800&v=beta&t=C_RWRiruwqQittgwub5Wnj6qVlgoz_f6kPBZ6MMkDQk;-;https://www.linkedin.com/company/cosine-italy/about/;Software e Serviços de TI;sales OR account OR customer success manager OR client success OR developer relations OR technical writer;cosine italy;1;;https://www.linkedin.com/jobs/view/4464236455/;https://www.linkedin.com/jobs/view/4464236455/;On-site;Vendas / Comercial;11/09/2026;;Rio Grande do Sul;RS;Região Sul;Brasil;América do Sul
47;Cosine Italy;SALES AMBASSADOR | ASTI;Viamão (RS);11/09 10:00;https://www.linkedin.com/jobs/view/4464233438/;https://media.licdn.com/dms/image/v2/C4D0BAQHdNfcfJMjrGw/company-logo_100_100/company-logo_100_100/0/1677844482055/cosine_italy_logo?e=1790812800&v=beta&t=C_RWRiruwqQittgwub5Wnj6qVlgoz_f6kPBZ6MMkDQk;-;https://www.linkedin.com/company/cosine-italy/about/;Software e Serviços de TI;sales OR account OR customer success manager OR client success OR developer relations OR technical writer;cosine italy;1;;https://www.linkedin.com/jobs/view/4464233438/;https://www.linkedin.com/jobs/view/4464233438/;On-site;Vendas / Comercial;11/09/2026;;Rio Grande do Sul;RS;Região Sul;Brasil;América do Sul
48;Cosine Italy;SALES AMBASSADOR | AVELLINO;Viamão (RS);11/09 10:00;https://www.linkedin.com/jobs/view/4464230508/;https://media.licdn.com/dms/image/v2/C4D0BAQHdNfcfJMjrGw/company-logo_100_100/company-logo_100_100/0/1677844482055/cosine_italy_logo?e=1790812800&v=beta&t=C_RWRiruwqQittgwub5Wnj6qVlgoz_f6kPBZ6MMkDQk;-;https://www.linkedin.com/company/cosine-italy/about/;Software e Serviços de TI;sales OR account OR customer success manager OR client success OR developer relations OR technical writer;cosine italy;1;;https://www.linkedin.com/jobs/view/4464230508/;https://www.linkedin.com/jobs/view/4464230508/;On-site;Vendas / Comercial;11/09/2026;;Rio Grande do Sul;RS;Região Sul;Brasil;América do Sul
49;Cosine Italy;SALES AMBASSADOR | BARI;Viamão (RS);11/09 10:00;https://www.linkedin.com/jobs/view/4464229456/;https://media.licdn.com/dms/image/v2/C4D0BAQHdNfcfJMjrGw/company-logo_100_100/company-logo_100_100/0/1677844482055/cosine_italy_logo?e=1790812800&v=beta&t=C_RWRiruwqQittgwub5Wnj6qVlgoz_f6kPBZ6MMkDQk;-;https://www.linkedin.com/company/cosine-italy/about/;Software e Serviços de TI;sales OR account OR customer success manager OR client success OR developer relations OR technical writer;cosine italy;1;;https://www.linkedin.com/jobs/view/4464229456/;https://www.linkedin.com/jobs/view/4464229456/;On-site;Vendas / Comercial;11/09/2026;;Rio Grande do Sul;RS;Região Sul;Brasil;América do Sul
50;Cosine Italy;SALES AMBASSADOR | BARLETTA-ANDRIA-TRANI;Viamão (RS);11/09 15:00;https://www.linkedin.com/jobs/view/4464233439/;https://media.licdn.com/dms/image/v2/C4D0BAQHdNfcfJMjrGw/company-logo_100_100/company-logo_100_100/0/1677844482055/cosine_italy_logo?e=1790812800&v=beta&t=C_RWRiruwqQittgwub5Wnj6qVlgoz_f6kPBZ6MMkDQk;-;https://www.linkedin.com/company/cosine-italy/about/;Software e Serviços de TI;sales OR account OR customer success manager OR client success OR developer relations OR technical writer;cosine italy;1;;https://www.linkedin.com/jobs/view/4464233439/;https://www.linkedin.com/jobs/view/4464233439/;On-site;Vendas / Comercial;11/09/2026;;Rio Grande do Sul;RS;Região Sul;Brasil;América do Sul
51;Cosine Italy;SALES AMBASSADOR | BOLOGNA;Viamão (RS);11/09 15:00;https://www.linkedin.com/jobs/view/4464232430/;https://media.licdn.com/dms/image/v2/C4D0BAQHdNfcfJMjrGw/company-logo_100_100/company-logo_100_100/0/1677844482055/cosine_italy_logo?e=1790812800&v=beta&t=C_RWRiruwqQittgwub5Wnj6qVlgoz_f6kPBZ6MMkDQk;-;https://www.linkedin.com/company/cosine-italy/about/;Software e Serviços de TI;sales OR account OR customer success manager OR client success OR developer relations OR technical writer;cosine italy;1;;https://www.linkedin.com/jobs/view/4464232430/;https://www.linkedin.com/jobs/view/4464232430/;On-site;Vendas / Comercial;11/09/2026;;Rio Grande do Sul;RS;Região Sul;Brasil;América do Sul
52;Cosine Italy;SALES AMBASSADOR | CATANIA;Viamão (RS);11/09 15:00;https://www.linkedin.com/jobs/view/4464228513/;https://media.licdn.com/dms/image/v2/C4D0BAQHdNfcfJMjrGw/company-logo_100_100/company-logo_100_100/0/1677844482055/cosine_italy_logo?e=1790812800&v=beta&t=C_RWRiruwqQittgwub5Wnj6qVlgoz_f6kPBZ6MMkDQk;-;https://www.linkedin.com/company/cosine-italy/about/;Software e Serviços de TI;sales OR account OR customer success manager OR client success OR developer relations OR technical writer;cosine italy;1;;https://www.linkedin.com/jobs/view/4464228513/;https://www.linkedin.com/jobs/view/4464228513/;On-site;Vendas / Comercial;11/09/2026;;Rio Grande do Sul;RS;Região Sul;Brasil;América do Sul
53;Criteo;Account Strategic Intern;São Paulo (SP);10/09 22:00;https://www.linkedin.com/jobs/view/4465887403/;https://media.licdn.com/dms/image/v2/D4D0BAQFMB7iC1WROXQ/company-logo_100_100/company-logo_100_100/0/1726650227909/criteo_logo?e=1790812800&v=beta&t=5aZUMmoYryzcVsDCgl8R0i3aF5GlNoNHakeCBKjV5qc;Specific > Sales > Account;https://www.linkedin.com/company/criteo/about/;Software e Serviços de TI;sales OR account OR customer success manager OR client success OR developer relations OR technical writer;criteo;1;;https://www.linkedin.com/jobs/view/4465887403/;https://www.linkedin.com/jobs/view/4465887403/;Hybrid;Intern;11/09/2026;;São Paulo;SP;Região Sudeste;Brasil;América do Sul
54;Datacolor;Technical Sales Manager;Barueri (SP);11/09 12:00;https://www.linkedin.com/jobs/view/4466300891/;https://media.licdn.com/dms/image/v2/C4E0BAQFh2C5Vcbj-tQ/company-logo_100_100/company-logo_100_100/0/1668722994410/datacolor_logo?e=1790812800&v=beta&t=Hwe_-WFewWeHJpmp8C635BYb3UeSXlwJbgCwUHLjSEA;Middle > Manager;https://www.linkedin.com/company/datacolor/about/;Dados e Analytics;sales OR account OR customer success manager OR client success OR developer relations OR technical writer;datacolor;1;;https://www.linkedin.com/jobs/view/4466300891/;https://www.linkedin.com/jobs/view/4466300891/;Hybrid;Liderança/Gerência, TI/Tech, Vendas / Comercial;11/09/2026;;São Paulo;SP;Região Sudeste;Brasil;América do Sul
55;DealFlow Intelligence;Sales Development Representative;São Paulo (SP);10/09 21:00;https://www.linkedin.com/jobs/view/4463925483/;https://media.licdn.com/dms/image/v2/D4D0BAQFKPz2Mee-exg/company-logo_100_100/B4DaCNvCCLHsAI-/0/1789084311966?e=1790812800&v=beta&t=bA3tCJ-UrJ0Oerq4cHUynHxh1m1IIUoOsxmBHn3eZ-A;-;https://www.linkedin.com/company/dealflow-intelligence/about/;Hardware e Eletrônicos;sales OR account OR customer success manager OR client success OR developer relations OR technical writer;dealflow intelligence;1;;https://www.linkedin.com/jobs/view/4463925483/;https://www.linkedin.com/jobs/view/4463925483/;On-site;Vendas / Comercial;11/09/2026;;São Paulo;SP;Região Sudeste;Brasil;América do Sul
56;Deel;Sales Development Representative, SMB | Brazil;Brasil;11/09 13:00;https://www.linkedin.com/jobs/view/4454182160/;https://media.licdn.com/dms/image/v2/D560BAQEFXl5JlEEmUg/company-logo_100_100/B56ZikukJoHMAU-/0/1755110327795/deel_logo?e=1790812800&v=beta&t=p2lgGxHBnGHbFi2Irtz9EOjIQb5bGDqxm9fDRkCy86U;-;https://www.linkedin.com/company/deel/about/;Software e Serviços de TI;sales OR account OR customer success manager OR client success OR developer relations OR technical writer;deel;1;;https://www.linkedin.com/jobs/view/4454182160/;https://www.linkedin.com/jobs/view/4454182160/;Remote;Vendas / Comercial;11/09/2026;;;;;Brasil;América do Sul
57;Deloitte;Gerente de Education e Sales Excellence - São Paulo;São Paulo (SP);10/09 18:00;https://www.linkedin.com/jobs/view/4465838682/;https://media.licdn.com/dms/image/v2/C560BAQGNtpblgQpJoQ/company-logo_100_100/company-logo_100_100/0/1662120928214/deloitte_logo?e=1790812800&v=beta&t=Vs4batBIGAAEnUKwdAKlc4KwJkKpchdjcN6Dd6PVZ5c;Middle > Manager;https://www.linkedin.com/company/deloitte/about/;Educação;sales OR account OR customer success manager OR client success OR developer relations OR technical writer;deloitte;1;;https://www.linkedin.com/jobs/view/4465838682/;https://www.linkedin.com/jobs/view/4465838682/;Hybrid;Mid, Liderança/Gerência, Educação, Vendas / Comercial;11/09/2026;;São Paulo;SP;Região Sudeste;Brasil;América do Sul
58;Deutsche Bank;Global Emergent Markets (GEM) FIC Sales - Analyst;Grande São Paulo (SP) ;11/09 14:00;https://www.linkedin.com/jobs/view/4457041181/;https://media.licdn.com/dms/image/v2/D4E0BAQHPxOQjSTf63Q/company-logo_100_100/company-logo_100_100/0/1733126326977?e=1790812800&v=beta&t=vsbkq4lZ3A-95pIvaHflri5rjVMpCffP4xrEM_ZubOk;Advanced > Specialist;https://www.linkedin.com/company/deutsche-bank/about/;Serviços Financeiros;sales OR account OR customer success manager OR client success OR developer relations OR technical writer;deutsche bank;1;;https://www.linkedin.com/jobs/view/4457041181/;https://www.linkedin.com/jobs/view/4457041181/;Hybrid;Vendas / Comercial;11/09/2026;;São Paulo;SP;Região Sudeste;Brasil;América do Sul
59;Doctoralia Brasil;B2B Sales Team Manager | Inside Sales;Curitiba (PR);11/09 12:00;https://www.linkedin.com/jobs/view/4434894211/;https://media.licdn.com/dms/image/v2/D4D0BAQEiybYC_LgoyA/company-logo_100_100/B4DZo2syDZJAAQ-/0/1761854301182/doctoralia_brasil_logo?e=1790812800&v=beta&t=hSiamCWmCm0cHRwrqVBjgJM48QMvdacFs2CR3-0fCK4;Middle > Manager;https://www.linkedin.com/company/doctoralia-brasil/about/;Vendas e Suporte;sales OR account OR customer success manager OR client success OR developer relations OR technical writer;doctoralia brasil;1;;https://www.linkedin.com/jobs/view/4434894211/;https://www.linkedin.com/jobs/view/4434894211/;Hybrid;Liderança/Gerência, Vendas / Comercial;11/09/2026;;Paraná;PR;Região Sul;Brasil;América do Sul
60;Doctoralia Brasil;B2B Sales Team Manager | Inside Sales;Rio de Janeiro (RJ);11/09 11:00;https://www.linkedin.com/jobs/view/4434891659/;https://media.licdn.com/dms/image/v2/D4D0BAQEiybYC_LgoyA/company-logo_100_100/B4DZo2syDZJAAQ-/0/1761854301182/doctoralia_brasil_logo?e=1790812800&v=beta&t=hSiamCWmCm0cHRwrqVBjgJM48QMvdacFs2CR3-0fCK4;Middle > Manager;https://www.linkedin.com/company/doctoralia-brasil/about/;Vendas e Suporte;sales OR account OR customer success manager OR client success OR developer relations OR technical writer;doctoralia brasil;1;;https://www.linkedin.com/jobs/view/4434891659/;https://www.linkedin.com/jobs/view/4434891659/;Hybrid;Liderança/Gerência, Vendas / Comercial;11/09/2026;;Rio de Janeiro;RJ;Região Sudeste;Brasil;América do Sul
61;Doctoralia Brasil;B2B Sales Team Manager | Inside Sales;São Paulo (SP);11/09 10:00;https://www.linkedin.com/jobs/view/4434897079/;https://media.licdn.com/dms/image/v2/D4D0BAQEiybYC_LgoyA/company-logo_100_100/B4DZo2syDZJAAQ-/0/1761854301182/doctoralia_brasil_logo?e=1790812800&v=beta&t=hSiamCWmCm0cHRwrqVBjgJM48QMvdacFs2CR3-0fCK4;Middle > Manager;https://www.linkedin.com/company/doctoralia-brasil/about/;Vendas e Suporte;sales OR account OR customer success manager OR client success OR developer relations OR technical writer;doctoralia brasil;1;;https://www.linkedin.com/jobs/view/4434897079/;https://www.linkedin.com/jobs/view/4434897079/;Hybrid;Liderança/Gerência, Vendas / Comercial;11/09/2026;;São Paulo;SP;Região Sudeste;Brasil;América do Sul
62;Ecolab;Account Manager - F&B | Fortaleza/CE;São Paulo (SP);10/09 21:00;https://www.linkedin.com/jobs/view/4465805304/;https://media.licdn.com/dms/image/v2/C560BAQH3EsOD1h7Tgg/company-logo_100_100/company-logo_100_100/0/1675088982273/ecolab_logo?e=1790812800&v=beta&t=fqkINq87QIGIFOHvI7o99aMBoUxfW4xRv6p4ZTg_LBY;Specific > Sales > Account;https://www.linkedin.com/company/ecolab/about/;-;sales OR account OR customer success manager OR client success OR developer relations OR technical writer;ecolab;1;;https://www.linkedin.com/jobs/view/4465805304/;https://www.linkedin.com/jobs/view/4465805304/;On-site;Liderança/Gerência, Executivo de Contas;11/09/2026;;São Paulo;SP;Região Sudeste;Brasil;América do Sul
63;FCamara;Account Executive - Hunter;São Paulo (SP);11/09 08:00;https://www.linkedin.com/jobs/view/4437417122/;https://media.licdn.com/dms/image/v2/C4D0BAQEzMzmY-T_F1g/company-logo_100_100/company-logo_100_100/0/1670441718552/grupofcamara_logo?e=1790812800&v=beta&t=87Lkr8Q_9UrapDgGpi3hLGN-730W5hQmW8LHcHSmpnM;Specific > Sales > Account;https://www.linkedin.com/company/fcamara/about/;Software e Serviços de TI;sales OR account OR customer success manager OR client success OR developer relations OR technical writer;fcamara;1;;https://www.linkedin.com/jobs/view/4437417122/;https://www.linkedin.com/jobs/view/4437417122/;On-site;Vendas / Comercial, Executivo de Contas;11/09/2026;;São Paulo;SP;Região Sudeste;Brasil;América do Sul
64;Factory Beer;Assistente comercial | Inside Sales;Sapucaia do Sul (RS);11/09 10:00;https://www.linkedin.com/jobs/view/4463987430/;https://media.licdn.com/dms/image/v2/D4D0BAQHGh3BmTiZSDg/company-logo_100_100/B4DZ683hEoH4AM-/0/1781285130818/factory_beer_logo?e=1790812800&v=beta&t=SkTJPXYVh3kOrJJzwxYZlZ5C1al-IY-QhLOPWntMhRE;-;https://www.linkedin.com/company/factory-beer/about/;Vendas e Suporte;sales OR account OR customer success manager OR client success OR developer relations OR technical writer;factory beer;1;;https://www.linkedin.com/jobs/view/4463987430/;https://www.linkedin.com/jobs/view/4463987430/;On-site;Associate, Vendas / Comercial;11/09/2026;Sapucaia do Sul;Rio Grande do Sul;RS;Região Sul;Brasil;América do Sul
65;Figma;Executive Assistant, Sales (São Paulo, Brazil);São Paulo (SP);10/09 19:00;https://www.linkedin.com/jobs/view/4464804166/;https://media.licdn.com/dms/image/v2/D4E0BAQEQy5tnmaM1dw/company-logo_100_100/B4EZYk9uLFHYAU-/0/1744376882144/figma_logo?e=1790812800&v=beta&t=5Fax7t1jySxdoiNX89j2B4gGddsKDDKB4ZRxkoEJP-8;-;https://www.linkedin.com/company/figma/about/;Software e Serviços de TI;sales OR account OR customer success manager OR client success OR developer relations OR technical writer;figma;1;;https://www.linkedin.com/jobs/view/4464804166/;https://www.linkedin.com/jobs/view/4464804166/;On-site;Associate, Vendas / Comercial;11/09/2026;;São Paulo;SP;Região Sudeste;Brasil;América do Sul
66;Full Sales System;Farmer-  Presencial na Vila Olímpia São Paulo / SP;São Paulo (SP);10/09 22:00;https://www.linkedin.com/jobs/view/4466014322/;https://media.licdn.com/dms/image/v2/D4D0BAQGuR4fe5Gnrmg/company-logo_100_100/B4DZXXrvCAG4AQ-/0/1743080322225/full_sales_system_logo?e=1790812800&v=beta&t=hTGRjkUgZEJLBgYHsNsp2FPQv05LYOaPh83xt3-e-M4;-;https://www.linkedin.com/company/full-sales-system/about/;Vendas e Suporte;sales OR account OR customer success manager OR client success OR developer relations OR technical writer;full sales system;1;;https://www.linkedin.com/jobs/view/4466014322/;https://www.linkedin.com/jobs/view/4466014322/;On-site;-;11/09/2026;;São Paulo;SP;Região Sudeste;Brasil;América do Sul
67;GHFLY;Account Analyst PL.;São Paulo (SP);10/09 20:00;https://www.linkedin.com/jobs/view/4463931288/;https://media.licdn.com/dms/image/v2/D4D0BAQEYSMuHU25yvA/company-logo_100_100/B4DZueYJ42HYAQ-/0/1767888691372/ghfly_logo?e=1790812800&v=beta&t=2shHez1V3t-Dy2s5rjlbM9EXM8sEtFUiQf9KqhE8iNY;Specific > Sales > Account;https://www.linkedin.com/company/ghfly/about/;-;sales OR account OR customer success manager OR client success OR developer relations OR technical writer;ghfly;1;;https://www.linkedin.com/jobs/view/4463931288/;https://www.linkedin.com/jobs/view/4463931288/;Hybrid;Mid;11/09/2026;;São Paulo;SP;Região Sudeste;Brasil;América do Sul
68;Genial Investimentos;Equity Sales – Institutional | Renda Variável;SP;11/09 15:00;https://www.linkedin.com/jobs/view/4466347772/;https://media.licdn.com/dms/image/v2/C4E0BAQG0P2KPSKRc6Q/company-logo_100_100/company-logo_100_100/0/1680011070193/genialinvestimentos_logo?e=1790812800&v=beta&t=5x4WC5Y5Vd7qHQjxpPLqNrYD39DXL4bbDFSoQ531Xbw;-;https://www.linkedin.com/company/genial-investimentos/about/;Serviços Financeiros;sales OR account OR customer success manager OR client success OR developer relations OR technical writer;genial investimentos;1;;https://www.linkedin.com/jobs/view/4466347772/;https://www.linkedin.com/jobs/view/4466347772/;On-site;Vendas / Comercial;11/09/2026;;São Paulo;SP;Região Sudeste;Brasil;América do Sul
69;Genial Investimentos;Fixed Income Sales – Institutional | Renda Fixa;SP;11/09 15:00;https://www.linkedin.com/jobs/view/4466363625/;https://media.licdn.com/dms/image/v2/C4E0BAQG0P2KPSKRc6Q/company-logo_100_100/company-logo_100_100/0/1680011070193/genialinvestimentos_logo?e=1790812800&v=beta&t=5x4WC5Y5Vd7qHQjxpPLqNrYD39DXL4bbDFSoQ531Xbw;-;https://www.linkedin.com/company/genial-investimentos/about/;Serviços Financeiros;sales OR account OR customer success manager OR client success OR developer relations OR technical writer;genial investimentos;1;;https://www.linkedin.com/jobs/view/4466363625/;https://www.linkedin.com/jobs/view/4466363625/;On-site;Vendas / Comercial;11/09/2026;;São Paulo;SP;Região Sudeste;Brasil;América do Sul
70;Globaltize;Outbound Sales Specialist;América Latina;11/09 15:00;https://www.linkedin.com/jobs/view/4466344719/;https://media.licdn.com/dms/image/v2/D560BAQE-0GobDYeRfQ/company-logo_100_100/B56ZmoA3KlJwAU-/0/1759460424343/globaltize_logo?e=1790812800&v=beta&t=eFra7Dg7y9iR03iixP1wBC3gigKmh2fibUtKc0AqWtM;Advanced > Specialist;https://www.linkedin.com/company/globaltize/about/;Software e Serviços de TI;sales OR account OR customer success manager OR client success OR developer relations OR technical writer;globaltize;1;;https://www.linkedin.com/jobs/view/4466344719/;https://www.linkedin.com/jobs/view/4466344719/;Remote;Specialist, Vendas / Comercial;11/09/2026;;;;;;América Latina
71;Globaltize;Sales Development Representative;América Latina;11/09 13:00;https://www.linkedin.com/jobs/view/4466328053/;https://media.licdn.com/dms/image/v2/D560BAQE-0GobDYeRfQ/company-logo_100_100/B56ZmoA3KlJwAU-/0/1759460424343/globaltize_logo?e=1790812800&v=beta&t=eFra7Dg7y9iR03iixP1wBC3gigKmh2fibUtKc0AqWtM;-;https://www.linkedin.com/company/globaltize/about/;Software e Serviços de TI;sales OR account OR customer success manager OR client success OR developer relations OR technical writer;globaltize;1;;https://www.linkedin.com/jobs/view/4466328053/;https://www.linkedin.com/jobs/view/4466328053/;Remote;Vendas / Comercial;11/09/2026;;;;;;América Latina
72;Google;Technical Account Manager I, Google Cloud Consulting (English, Portuguese);São Paulo (SP);11/09 14:00;https://www.linkedin.com/jobs/view/4464882765/;https://media.licdn.com/dms/image/v2/D4E0BAQGv3cqOuUMY7g/company-logo_100_100/B4EZmhegXHGcAU-/0/1759350753990/google_logo?e=1790812800&v=beta&t=B-DKGGhIVdkQYB4f0-o0DdYQkNeS4ZD5rF7VHNSc-jI;Specific > Sales > Account;https://www.linkedin.com/company/google/about/;Consultoria e Assessoria;sales OR account OR customer success manager OR client success OR developer relations OR technical writer;google;1;;https://www.linkedin.com/jobs/view/4464882765/;https://www.linkedin.com/jobs/view/4464882765/;On-site;Liderança/Gerência, Cloud (AWS/GCP/Azure), TI/Tech, Executivo de Contas;11/09/2026;;São Paulo;SP;Região Sudeste;Brasil;América do Sul
73;Hirably;Senior Account Executive, AgTech Permanent Crops;Brasil;10/09 19:00;https://www.linkedin.com/jobs/view/4465873314/;https://media.licdn.com/dms/image/v2/D560BAQGHaGobRNhJxg/company-logo_100_100/B56Zp5aHY7J8AQ-/0/1762973481212/hirably_staffing_logo?e=1790812800&v=beta&t=h7J7giY71rv18u2L2AtyZcQyMjUA20mQe7qZ19YFPRE;Specific > Sales > Account;https://www.linkedin.com/company/hirably/about/;Software e Serviços de TI;sales OR account OR customer success manager OR client success OR developer relations OR technical writer;hirably;1;;https://www.linkedin.com/jobs/view/4465873314/;https://www.linkedin.com/jobs/view/4465873314/;Remote;Senior, TI/Tech, Vendas / Comercial, Executivo de Contas;11/09/2026;;;;;Brasil;América do Sul
74;Hire Feed;Sales Development Representative (Remote);América Latina;11/09 12:00;https://www.linkedin.com/jobs/view/4466311680/;https://media.licdn.com/dms/image/v2/D4D0BAQEeII6H9qdObQ/company-logo_100_100/B4DZ3OfC9fHwAQ-/0/1777285738853/hirefeedd_logo?e=1790812800&v=beta&t=2b6CpMYG8bwx0E297umhK5GAjJ_EX2ERJke3Dq5mXCk;-;https://www.linkedin.com/company/hire-feed/about/;Software e Serviços de TI;sales OR account OR customer success manager OR client success OR developer relations OR technical writer;hire feed;1;;https://www.linkedin.com/jobs/view/4466311680/;https://www.linkedin.com/jobs/view/4466311680/;Remote;Vendas / Comercial;11/09/2026;;;;;;América Latina
75;Hire With Near;Inside Sales Representative;América Latina;10/09 18:00;https://www.linkedin.com/jobs/view/4465855988/;https://media.licdn.com/dms/image/v2/C4E0BAQEmzNLmFWW48A/company-logo_100_100/company-logo_100_100/0/1648675434004/hire_with_near_logo?e=1790812800&v=beta&t=u77-j5F4afpkj3HsghZLSttxVLDWO5WuaLOLjVkUroY;-;https://www.linkedin.com/company/hire-with-near/about/;Software e Serviços de TI;sales OR account OR customer success manager OR client success OR developer relations OR technical writer;hire with near;1;;https://www.linkedin.com/jobs/view/4465855988/;https://www.linkedin.com/jobs/view/4465855988/;Remote;Vendas / Comercial;11/09/2026;;;;;;América Latina
76;Hire With Near;Expansion Account Manager;Brasil;11/09 09:00;https://www.linkedin.com/jobs/view/4466073497/;https://media.licdn.com/dms/image/v2/C4E0BAQEmzNLmFWW48A/company-logo_100_100/company-logo_100_100/0/1648675434004/hire_with_near_logo?e=1790812800&v=beta&t=u77-j5F4afpkj3HsghZLSttxVLDWO5WuaLOLjVkUroY;Specific > Sales > Account;https://www.linkedin.com/company/hire-with-near/about/;Software e Serviços de TI;sales OR account OR customer success manager OR client success OR developer relations OR technical writer;hire with near;1;;https://www.linkedin.com/jobs/view/4466073497/;https://www.linkedin.com/jobs/view/4466073497/;Remote;Liderança/Gerência, Executivo de Contas;11/09/2026;;;;;Brasil;América do Sul
77;HireLATAM;Remote Client Account & Operations Coordinator;América Latina;10/09 21:00;https://www.linkedin.com/jobs/view/4464823361/;https://media.licdn.com/dms/image/v2/D4E0BAQEOrTbLkHhg2Q/company-logo_100_100/company-logo_100_100/0/1690768734557/hirelatam_logo?e=1790812800&v=beta&t=opsa5AaeNJBHziOG9Utnrlsx_fO7ojtK9QWPxNtGtXk;Specific > Sales > Account;https://www.linkedin.com/company/hirelatam/about/;Software e Serviços de TI;sales OR account OR customer success manager OR client success OR developer relations OR technical writer;hirelatam;1;;https://www.linkedin.com/jobs/view/4464823361/;https://www.linkedin.com/jobs/view/4464823361/;Remote;Mid;11/09/2026;;;;;;América Latina
78;HireLATAM;Remote Sales Estimator;América Latina;10/09 17:00;https://www.linkedin.com/jobs/view/4464595215/;https://media.licdn.com/dms/image/v2/D4E0BAQEOrTbLkHhg2Q/company-logo_100_100/company-logo_100_100/0/1690768734557/hirelatam_logo?e=1790812800&v=beta&t=opsa5AaeNJBHziOG9Utnrlsx_fO7ojtK9QWPxNtGtXk;-;https://www.linkedin.com/company/hirelatam/about/;Software e Serviços de TI;sales OR account OR customer success manager OR client success OR developer relations OR technical writer;hirelatam;1;;https://www.linkedin.com/jobs/view/4464595215/;https://www.linkedin.com/jobs/view/4464595215/;Remote;Vendas / Comercial;11/09/2026;;;;;;América Latina
79;INVT Automation;Sales Manager ( UPS);SP;10/09 23:00;https://www.linkedin.com/jobs/view/4427460959/;https://media.licdn.com/dms/image/v2/C560BAQHjU6uY1tpvXQ/company-logo_100_100/company-logo_100_100/0/1631332252117?e=1790812800&v=beta&t=hX8vbrGeQZs_O57p6lqUnEgi8Sw4CD7PAkk-Mc9PEJ4;Middle > Manager;https://www.linkedin.com/company/invt-automation/about/;Software e Serviços de TI;sales OR account OR customer success manager OR client success OR developer relations OR technical writer;invt automation;1;;https://www.linkedin.com/jobs/view/4427460959/;https://www.linkedin.com/jobs/view/4427460959/;On-site;Liderança/Gerência, Vendas / Comercial;11/09/2026;;São Paulo;SP;Região Sudeste;Brasil;América do Sul
80;INVT Automation;Pre-Sales Technical Support (Data Center & UPS);São Paulo (SP);10/09 23:00;https://www.linkedin.com/jobs/view/4453525824/;https://media.licdn.com/dms/image/v2/C560BAQHjU6uY1tpvXQ/company-logo_100_100/company-logo_100_100/0/1631332252117?e=1790812800&v=beta&t=hX8vbrGeQZs_O57p6lqUnEgi8Sw4CD7PAkk-Mc9PEJ4;-;https://www.linkedin.com/company/invt-automation/about/;Dados e Analytics;sales OR account OR customer success manager OR client success OR developer relations OR technical writer;invt automation;1;;https://www.linkedin.com/jobs/view/4453525824/;https://www.linkedin.com/jobs/view/4453525824/;On-site;TI/Tech, Dados/Analytics, Vendas / Comercial;11/09/2026;;São Paulo;SP;Região Sudeste;Brasil;América do Sul
81;InComm Payments;Account Manager | Prospecção e Desenvolvimento de Negócios;Barueri (SP);10/09 17:00;https://www.linkedin.com/jobs/view/4464800470/;https://media.licdn.com/dms/image/v2/C4D0BAQExVKozoptuLA/company-logo_100_100/company-logo_100_100/0/1630544992626/incomm_logo?e=1790812800&v=beta&t=xv46KeBxwCmAzKcLV6jxDOB9E1GABMfMn_B_RnEnVqA;Specific > Sales > Account;https://www.linkedin.com/company/incomm-payments/about/;Software e Serviços de TI;sales OR account OR customer success manager OR client success OR developer relations OR technical writer;incomm payments;1;;https://www.linkedin.com/jobs/view/4464800470/;https://www.linkedin.com/jobs/view/4464800470/;Hybrid;Liderança/Gerência, Vendas / Comercial, Executivo de Contas;11/09/2026;;São Paulo;SP;Região Sudeste;Brasil;América do Sul
82;InsideOut;Bilingual Sales Development Representative (Job ID: IRESAM1R);América Latina;11/09 15:00;https://www.linkedin.com/jobs/view/4464229592/;https://media.licdn.com/dms/image/v2/D4E0BAQF44XdXKN7RSw/company-logo_100_100/B4EZ1j9w5SHUAU-/0/1775498628979/insideoutvas_logo?e=1790812800&v=beta&t=bPLJ9KJZGfPo8NR6NIlOuMmYPHc_WK-nj7DXnEyLlW4;-;https://www.linkedin.com/company/insideout/about/;Software e Serviços de TI;sales OR account OR customer success manager OR client success OR developer relations OR technical writer;insideout;1;;https://www.linkedin.com/jobs/view/4464229592/;https://www.linkedin.com/jobs/view/4464229592/;Remote;Inglês Fluente/Avançado, Vendas / Comercial;11/09/2026;;;;;;América Latina
83;InsideOut;Marketing & Sales Funnel Builder (Job ID: MARMSTEA1);América Latina;11/09 13:00;https://www.linkedin.com/jobs/view/4464233010/;https://media.licdn.com/dms/image/v2/D4E0BAQF44XdXKN7RSw/company-logo_100_100/B4EZ1j9w5SHUAU-/0/1775498628979/insideoutvas_logo?e=1790812800&v=beta&t=bPLJ9KJZGfPo8NR6NIlOuMmYPHc_WK-nj7DXnEyLlW4;-;https://www.linkedin.com/company/insideout/about/;Marketing e Publicidade Marketing;sales OR account OR customer success manager OR client success OR developer relations OR technical writer;insideout;1;;https://www.linkedin.com/jobs/view/4464233010/;https://www.linkedin.com/jobs/view/4464233010/;Remote;Marketing/Mídia, Vendas / Comercial;11/09/2026;;;;;;América Latina
84;InsideOut;Outbound Sales Specialist;América Latina;11/09 15:00;https://www.linkedin.com/jobs/view/4464223593/;https://media.licdn.com/dms/image/v2/D4E0BAQF44XdXKN7RSw/company-logo_100_100/B4EZ1j9w5SHUAU-/0/1775498628979/insideoutvas_logo?e=1790812800&v=beta&t=bPLJ9KJZGfPo8NR6NIlOuMmYPHc_WK-nj7DXnEyLlW4;Advanced > Specialist;https://www.linkedin.com/company/insideout/about/;Vendas e Suporte;sales OR account OR customer success manager OR client success OR developer relations OR technical writer;insideout;1;;https://www.linkedin.com/jobs/view/4464223593/;https://www.linkedin.com/jobs/view/4464223593/;Remote;Specialist, Vendas / Comercial;11/09/2026;;;;;;América Latina
85;InsideOut;Sales Representative (Job ID: LACRIC1);América Latina;11/09 10:00;https://www.linkedin.com/jobs/view/4464219569/;https://media.licdn.com/dms/image/v2/D4E0BAQF44XdXKN7RSw/company-logo_100_100/B4EZ1j9w5SHUAU-/0/1775498628979/insideoutvas_logo?e=1790812800&v=beta&t=bPLJ9KJZGfPo8NR6NIlOuMmYPHc_WK-nj7DXnEyLlW4;-;https://www.linkedin.com/company/insideout/about/;Software e Serviços de TI;sales OR account OR customer success manager OR client success OR developer relations OR technical writer;insideout;1;;https://www.linkedin.com/jobs/view/4464219569/;https://www.linkedin.com/jobs/view/4464219569/;Remote;Vendas / Comercial;11/09/2026;;;;;;América Latina
86;JPMorganChase;Client Service Account Manager - Associate;São Paulo (SP);11/09 12:00;https://www.linkedin.com/jobs/view/4466050696/;https://media.licdn.com/dms/image/v2/D4E0BAQGxpntCyRgsuA/company-logo_100_100/company-logo_100_100/0/1718711710850/jpmorganchase_logo?e=1790812800&v=beta&t=6H-wG0m0NHdyQMwhUuJrfvrH5lmu2jQlxjlvW3ICTuk;Specific > Sales > Account;https://www.linkedin.com/company/jpmorganchase/about/;-;sales OR account OR customer success manager OR client success OR developer relations OR technical writer;jpmorganchase;1;;https://www.linkedin.com/jobs/view/4466050696/;https://www.linkedin.com/jobs/view/4466050696/;On-site;Associate, Liderança/Gerência, Executivo de Contas;11/09/2026;;São Paulo;SP;Região Sudeste;Brasil;América do Sul
87;Jitterbit;Sales Development Representative;São Paulo (SP);11/09 13:00;https://www.linkedin.com/jobs/view/4411710694/;https://media.licdn.com/dms/image/v2/D4E0BAQHNDjAwTuf-Vw/company-logo_100_100/company-logo_100_100/0/1725530555864/jitterbit_logo?e=1790812800&v=beta&t=8BNjbvdxm57Z076TqTVELTkkaxrsYKHHBrLYOzIPSqM;-;https://www.linkedin.com/company/jitterbit/about/;Software e Serviços de TI;sales OR account OR customer success manager OR client success OR developer relations OR technical writer;jitterbit;1;;https://www.linkedin.com/jobs/view/4411710694/;https://www.linkedin.com/jobs/view/4411710694/;Remote;Vendas / Comercial;11/09/2026;;São Paulo;SP;Região Sudeste;Brasil;América do Sul
88;Jitterbit;Sr Customer Success Manager;São Paulo (SP);11/09 13:00;https://www.linkedin.com/jobs/view/4434011659/;https://media.licdn.com/dms/image/v2/D4E0BAQHNDjAwTuf-Vw/company-logo_100_100/company-logo_100_100/0/1725530555864/jitterbit_logo?e=1790812800&v=beta&t=8BNjbvdxm57Z076TqTVELTkkaxrsYKHHBrLYOzIPSqM;Specific > Customer Success Manager;https://www.linkedin.com/company/jitterbit/about/;Software e Serviços de TI;sales OR account OR customer success manager OR client success OR developer relations OR technical writer;jitterbit;1;;https://www.linkedin.com/jobs/view/4434011659/;https://www.linkedin.com/jobs/view/4434011659/;Remote;Senior, Liderança/Gerência;11/09/2026;;São Paulo;SP;Região Sudeste;Brasil;América do Sul
89;Jobgether;Influencer Marketing Account Manager;Brasil;11/09 13:00;https://www.linkedin.com/jobs/view/4464882662/;https://media.licdn.com/dms/image/v2/D4E0BAQHdx4NngvFyPA/company-logo_100_100/B4EZ5GHh6CHEAU-/0/1779292839822/jobgether_logo?e=1790812800&v=beta&t=7IJNW1kitOq3jLfDfYJ-XPOtsOfjpomviAVe8FzkKv8;Specific > Sales > Account;https://www.linkedin.com/company/jobgether/about/;Marketing e Publicidade Marketing;sales OR account OR customer success manager OR client success OR developer relations OR technical writer;jobgether;1;;https://www.linkedin.com/jobs/view/4464882662/;https://www.linkedin.com/jobs/view/4464882662/;Remote;Liderança/Gerência, Marketing/Mídia, Executivo de Contas;11/09/2026;;;;;Brasil;América do Sul
90;Jobgether;Mid-Market Sales Representative;Brasil;10/09 22:00;https://www.linkedin.com/jobs/view/4464810648/;https://media.licdn.com/dms/image/v2/D4E0BAQHdx4NngvFyPA/company-logo_100_100/B4EZ5GHh6CHEAU-/0/1779292839822/jobgether_logo?e=1790812800&v=beta&t=7IJNW1kitOq3jLfDfYJ-XPOtsOfjpomviAVe8FzkKv8;-;https://www.linkedin.com/company/jobgether/about/;Software e Serviços de TI;sales OR account OR customer success manager OR client success OR developer relations OR technical writer;jobgether;1;;https://www.linkedin.com/jobs/view/4464810648/;https://www.linkedin.com/jobs/view/4464810648/;Remote;Mid, Vendas / Comercial;11/09/2026;;;;;Brasil;América do Sul
91;Johnson & Johnson MedTech;Sales Supervisor Surgery - São Paulo;São Paulo (SP);10/09 22:00;https://www.linkedin.com/jobs/view/4465877300/;https://media.licdn.com/dms/image/v2/D560BAQHqzcbeInUF_Q/company-logo_100_100/company-logo_100_100/0/1725912986635/johnson__johnson_medtech_logo?e=1790812800&v=beta&t=jeSSpDhVyFk_hbhm8YNXoG9no7GLJWhZlooEURJakUw;Middle > Manager;https://www.linkedin.com/company/johnson-johnson-medtech/about/;Educação;sales OR account OR customer success manager OR client success OR developer relations OR technical writer;johnson & johnson medtech;1;;https://www.linkedin.com/jobs/view/4465877300/;https://www.linkedin.com/jobs/view/4465877300/;Remote;Mid, Liderança/Gerência, Vendas / Comercial;11/09/2026;;São Paulo;SP;Região Sudeste;Brasil;América do Sul
92;Kirvano;SDR (Sales Development Representative) – Pleno;SP;10/09 17:00;https://www.linkedin.com/jobs/view/4463903866/;https://media.licdn.com/dms/image/v2/D4D0BAQEEooLJR8TpAQ/company-logo_100_100/B4DZ9dUKTpJcAI-/0/1783976994391/kirvano_logo?e=1790812800&v=beta&t=9ZIIRAX5kvrgwsEY8YnRUBkQ7V0-VQ3NcPgkzPVfz78;-;https://www.linkedin.com/company/kirvano/about/;Software e Serviços de TI;sales OR account OR customer success manager OR client success OR developer relations OR technical writer;kirvano;1;;https://www.linkedin.com/jobs/view/4463903866/;https://www.linkedin.com/jobs/view/4463903866/;Hybrid;Mid, Vendas / Comercial;11/09/2026;;São Paulo;SP;Região Sudeste;Brasil;América do Sul
93;L'Oréal;E-Key Account Manager - L'Oréal Beleza Dermatológica;Grande Rio de Janeiro (RJ);10/09 19:00;https://www.linkedin.com/jobs/view/4464588969/;https://media.licdn.com/dms/image/v2/D4E0BAQFEB_g-FWxSrQ/company-logo_100_100/company-logo_100_100/0/1688397792617/loral_logo?e=1790812800&v=beta&t=91MbT_M8Ye61nMbkPQsG1vR8l6PawQEJft9Ou5kUaak;Specific > Sales > Account;https://www.linkedin.com/company/l-or-al/about/;Moda e Beleza;sales OR account OR customer success manager OR client success OR developer relations OR technical writer;l'oréal;1;;https://www.linkedin.com/jobs/view/4464588969/;https://www.linkedin.com/jobs/view/4464588969/;On-site;Liderança/Gerência, Executivo de Contas;11/09/2026;;Rio de Janeiro;RJ;Região Sudeste;Brasil;América do Sul
94;LEO Pharma;Sales;Vitória (ES);11/09 08:00;https://www.linkedin.com/jobs/view/4420293585/;https://media.licdn.com/dms/image/v2/D4D0BAQE3GdBKQGK5eg/company-logo_100_100/B4DZrERpa0GgAU-/0/1764229552471/leo_pharma_logo?e=1790812800&v=beta&t=Ygd5qFnUdzLBpjED00vGbhw8-Xa9b-am3yKvnCejHE8;-;https://www.linkedin.com/company/leo-pharma/about/;Farmacêutica;sales OR account OR customer success manager OR client success OR developer relations OR technical writer;leo pharma;1;;https://www.linkedin.com/jobs/view/4420293585/;https://www.linkedin.com/jobs/view/4420293585/;On-site;Vendas / Comercial;11/09/2026;Vitoria-Gasteiz;Euskadi;PV;;España;
95;Lastro;Supervisor de Key Account;São Paulo (SP);10/09 20:00;https://www.linkedin.com/jobs/view/4464817078/;https://media.licdn.com/dms/image/v2/D4D0BAQFnYSNOT2jFGw/company-logo_100_100/B4DZdpV_4nG8AU-/0/1749819064935/lastro_co_logo?e=1790812800&v=beta&t=UInBMGgKQ0VWptJDbql1c7k5hoNghB1Y4jDrZ_sd-bw;Specific > Sales > Account;https://www.linkedin.com/company/lastro/about/;-;sales OR account OR customer success manager OR client success OR developer relations OR technical writer;lastro;1;;https://www.linkedin.com/jobs/view/4464817078/;https://www.linkedin.com/jobs/view/4464817078/;On-site;Mid, Liderança/Gerência;11/09/2026;;São Paulo;SP;Região Sudeste;Brasil;América do Sul
96;Lenovo;LATAM Portfolio and Sales Enablement Leader;Grande São Paulo (SP) ;11/09 14:00;https://www.linkedin.com/jobs/view/4448537816/;https://media.licdn.com/dms/image/v2/C560BAQHwodgzuPCrOA/company-logo_100_100/company-logo_100_100/0/1659011656349/lenovo_logo?e=1790812800&v=beta&t=CaRUhw1rhHoQu5MC91aFLSePezy6EZxMYWzBr5gIMho;Middle > Manager;https://www.linkedin.com/company/lenovo/about/;Vendas e Suporte;sales OR account OR customer success manager OR client success OR developer relations OR technical writer;lenovo;1;;https://www.linkedin.com/jobs/view/4448537816/;https://www.linkedin.com/jobs/view/4448537816/;On-site;Mid, Liderança/Gerência, Vendas / Comercial;11/09/2026;;São Paulo;SP;Região Sudeste;Brasil;América do Sul
97;Ligga Consultoria;Sales Development Representative;Itapema (SC);11/09 13:00;https://www.linkedin.com/jobs/view/4464237126/;https://media.licdn.com/dms/image/v2/D4D0BAQERs28JkfoYSA/company-logo_100_100/B4DZbF7rB0HsAQ-/0/1747077476933/ligga_consultoria_logo?e=1790812800&v=beta&t=J3p6jJ4K9I4qUSU-HsooPdyBdfgNZf-lIKia72zPTk0;-;https://www.linkedin.com/company/ligga-consultoria/about/;Consultoria e Assessoria;sales OR account OR customer success manager OR client success OR developer relations OR technical writer;ligga consultoria;1;;https://www.linkedin.com/jobs/view/4464237126/;https://www.linkedin.com/jobs/view/4464237126/;On-site;Vendas / Comercial;11/09/2026;;Santa Catarina;SC;Região Sul;Brasil;América do Sul
98;LumiMeds;Inside Sales Representative;América Latina;11/09 15:00;https://www.linkedin.com/jobs/view/4466359339/;https://media.licdn.com/dms/image/v2/D560BAQGQ6s2Bws2XIA/company-logo_100_100/company-logo_100_100/0/1725900133703/lumimeds_logo?e=1790812800&v=beta&t=DKK7OJ7WeZg7rFDt5hcyEs6vy5hPi-1iMqVeatJ3E2U;-;https://www.linkedin.com/company/lumimeds/about/;Software e Serviços de TI;sales OR account OR customer success manager OR client success OR developer relations OR technical writer;lumimeds;1;;https://www.linkedin.com/jobs/view/4466359339/;https://www.linkedin.com/jobs/view/4466359339/;Remote;Vendas / Comercial;11/09/2026;;;;;;América Latina
99;MGI;Technical Sales Specialist I;SP;11/09 09:00;https://www.linkedin.com/jobs/view/4464876600/;https://media.licdn.com/dms/image/v2/C560BAQExgWxIz2HNOw/company-logo_100_100/company-logo_100_100/0/1635479198779/mgi_bgi_logo?e=1790812800&v=beta&t=1bLRG1osVU1pNehDPZ-_BwRXCsL8i6QNEhao76ohZe4;Advanced > Specialist;https://www.linkedin.com/company/mgi/about/;Software e Serviços de TI;sales OR account OR customer success manager OR client success OR developer relations OR technical writer;mgi;1;;https://www.linkedin.com/jobs/view/4464876600/;https://www.linkedin.com/jobs/view/4464876600/;On-site;Specialist, TI/Tech, Vendas / Comercial;11/09/2026;;São Paulo;SP;Região Sudeste;Brasil;América do Sul
100;Mappa;Account Manager (Brazil / LATAM);América Latina;11/09 12:00;https://www.linkedin.com/jobs/view/4464897249/;https://media.licdn.com/dms/image/v2/D4D0BAQH14an6-8gfiQ/company-logo_100_100/B4DZ6TLD_NG4AI-/0/1780585611435/mappa_ai_logo?e=1790812800&v=beta&t=Pb1va97GFzsAnxMTZJC28IPGN_GRnDGCVJL55ihwwX4;Specific > Sales > Account;https://www.linkedin.com/company/mappa/about/;-;sales OR account OR customer success manager OR client success OR developer relations OR technical writer;mappa;1;;https://www.linkedin.com/jobs/view/4464897249/;https://www.linkedin.com/jobs/view/4464897249/;Remote;Liderança/Gerência, Executivo de Contas;11/09/2026;;;;;;América Latina
101;Match Sales;Closer | Clinica de Estética;Fortaleza (CE);10/09 19:00;https://www.linkedin.com/jobs/view/4463935027/;https://media.licdn.com/dms/image/v2/D4D0BAQHQyc54VPa0MQ/company-logo_100_100/B4DZxDpYOOG4AQ-/0/1770661449564/match_sales_logo?e=1790812800&v=beta&t=bY_PhL9eWlZruZGql6QN2Lm0Yl7lr9WWeI6MdyWYRf0;-;https://www.linkedin.com/company/match-sales/about/;Software e Serviços de TI;sales OR account OR customer success manager OR client success OR developer relations OR technical writer;match sales;1;;https://www.linkedin.com/jobs/view/4463935027/;https://www.linkedin.com/jobs/view/4463935027/;On-site;-;11/09/2026;Fortaleza;Ceará;CE;Região Nordeste;Brasil;América do Sul
102;Match Sales;Consultora de Pré Vendas (Clínica);Fortaleza (CE);10/09 19:00;https://www.linkedin.com/jobs/view/4465879290/;https://media.licdn.com/dms/image/v2/D4D0BAQHQyc54VPa0MQ/company-logo_100_100/B4DZxDpYOOG4AQ-/0/1770661449564/match_sales_logo?e=1790812800&v=beta&t=bY_PhL9eWlZruZGql6QN2Lm0Yl7lr9WWeI6MdyWYRf0;Advanced > Specialist;https://www.linkedin.com/company/match-sales/about/;Saúde e Hospitais;sales OR account OR customer success manager OR client success OR developer relations OR technical writer;match sales;1;;https://www.linkedin.com/jobs/view/4465879290/;https://www.linkedin.com/jobs/view/4465879290/;On-site;Consultor, Vendas / Comercial;11/09/2026;Fortaleza;Ceará;CE;Região Nordeste;Brasil;América do Sul
103;Microsoft;Strategic Account Technology Strategist - Petrobras;Rio de Janeiro (RJ);11/09 15:00;https://www.linkedin.com/jobs/view/4466078790/;https://media.licdn.com/dms/image/v2/D560BAQH32RJQCl3dDQ/company-logo_100_100/B56ZYQ0mrGGoAU-/0/1744038948046/microsoft_logo?e=1790812800&v=beta&t=-p5xiWSvVH8QGhQs27qhB2tXpF4q8KT8V2UmcLYN4qY;Specific > Sales > Account;https://www.linkedin.com/company/microsoft/about/;Construção e Civil;sales OR account OR customer success manager OR client success OR developer relations OR technical writer;microsoft;1;;https://www.linkedin.com/jobs/view/4466078790/;https://www.linkedin.com/jobs/view/4466078790/;Hybrid;TI/Tech, Obras/Engenharia Civil;11/09/2026;;Rio de Janeiro;RJ;Região Sudeste;Brasil;América do Sul
104;Netquest;Sales Development Representative;São Paulo (SP);10/09 20:00;https://www.linkedin.com/jobs/view/4464820124/;https://media.licdn.com/dms/image/v2/D4E0BAQHp0dZR90ZfOA/company-logo_100_100/B4EZ5LV.FUK4AI-/0/1779380511289/netquest_logo?e=1790812800&v=beta&t=n7u8ZHgtzdfexzS-fAQeau0Ss9vDdJKqVNTmg_l6Pp4;-;https://www.linkedin.com/company/netquest/about/;Software e Serviços de TI;sales OR account OR customer success manager OR client success OR developer relations OR technical writer;netquest;1;;https://www.linkedin.com/jobs/view/4464820124/;https://www.linkedin.com/jobs/view/4464820124/;Hybrid;Vendas / Comercial;11/09/2026;;São Paulo;SP;Região Sudeste;Brasil;América do Sul
105;Newtax Consultoria;SDR (Sales Development Representative);São Paulo (SP);11/09 15:00;https://www.linkedin.com/jobs/view/4464230442/;https://media.licdn.com/dms/image/v2/C4D0BAQHpyY9KAwQoZw/company-logo_100_100/company-logo_100_100/0/1630575561948?e=1790812800&v=beta&t=jZUNzdBGUP5VOEUJAEvyalPNMEcFSDB7cZK5k1UtuEM;-;https://www.linkedin.com/company/newtax-consultoria/about/;Consultoria e Assessoria;sales OR account OR customer success manager OR client success OR developer relations OR technical writer;newtax consultoria;1;;https://www.linkedin.com/jobs/view/4464230442/;https://www.linkedin.com/jobs/view/4464230442/;Hybrid;Vendas / Comercial;11/09/2026;;São Paulo;SP;Região Sudeste;Brasil;América do Sul
106;Nokia;Sales Planner – Hyperscaler;Grande São Paulo (SP) ;11/09 10:00;https://www.linkedin.com/jobs/view/4454142359/;https://media.licdn.com/dms/image/v2/D4E0BAQE_ff-lEcAC5w/company-logo_100_100/B4EZqby_U_HgAQ-/0/1763550426950/nokia_logo?e=1790812800&v=beta&t=8pWtQPkCQiFLVvcLL08EhyLZ9XZALtp4bTOqOzl-1W4;-;https://www.linkedin.com/company/nokia/about/;Vendas e Suporte;sales OR account OR customer success manager OR client success OR developer relations OR technical writer;nokia;1;;https://www.linkedin.com/jobs/view/4454142359/;https://www.linkedin.com/jobs/view/4454142359/;Hybrid;Vendas / Comercial;11/09/2026;;São Paulo;SP;Região Sudeste;Brasil;América do Sul
107;OPmobility;BU SALES ACCOUNT MANAGER;Sorocaba (SP);11/09 06:00;https://www.linkedin.com/jobs/view/4463970031/;https://media.licdn.com/dms/image/v2/D4E0BAQGOeTvJ3GVxDg/company-logo_100_100/company-logo_100_100/0/1711528605057?e=1790812800&v=beta&t=r0zvVSJnsq2pLoozYoQExYAi8Nvs5OPl_0THn7DWDZ8;Specific > Sales > Account;https://www.linkedin.com/company/opmobility/about/;Software e Serviços de TI;sales OR account OR customer success manager OR client success OR developer relations OR technical writer;opmobility;1;;https://www.linkedin.com/jobs/view/4463970031/;https://www.linkedin.com/jobs/view/4463970031/;On-site;Liderança/Gerência, Vendas / Comercial, Executivo de Contas;11/09/2026;;São Paulo;SP;Região Sudeste;Brasil;América do Sul
108;OctAds;SDR / Closer — Full-Cycle B2B Sales;Brasil;10/09 20:00;https://www.linkedin.com/jobs/view/4465869495/;https://media.licdn.com/dms/image/v2/D4E0BAQH_nAzz-yDzLQ/company-logo_100_100/B4EZ78YVxfJ0AQ-/0/1782350699883?e=1790812800&v=beta&t=RvEKRCXi2V-xzYcFEwbDT_33dZkRx4e1U0S3znr57R0;-;https://www.linkedin.com/company/octads/about/;Vendas e Suporte;sales OR account OR customer success manager OR client success OR developer relations OR technical writer;octads;1;;https://www.linkedin.com/jobs/view/4465869495/;https://www.linkedin.com/jobs/view/4465869495/;Remote;Vendas / Comercial;11/09/2026;;;;;Brasil;América do Sul
109;Panoptyc;Customer Success Manager - Growth;Brasil;10/09 17:00;https://www.linkedin.com/jobs/view/4465851556/;https://media.licdn.com/dms/image/v2/C4E0BAQF1e_c3kRBWWg/company-logo_100_100/company-logo_100_100/0/1630591360225?e=1790812800&v=beta&t=orzamUyzFrWu0YJfdGMOv6oU1_DeBZasJ431zLzVjZI;Specific > Customer Success Manager;https://www.linkedin.com/company/panoptyc/about/;-;sales OR account OR customer success manager OR client success OR developer relations OR technical writer;panoptyc;1;;https://www.linkedin.com/jobs/view/4465851556/;https://www.linkedin.com/jobs/view/4465851556/;Remote;Liderança/Gerência;11/09/2026;;;;;Brasil;América do Sul
110;Patria Investments;Institutional Sales VP;Grande São Paulo (SP) ;11/09 08:00;https://www.linkedin.com/jobs/view/4446925630/;https://media.licdn.com/dms/image/v2/D4D0BAQE1oe-QChQCBw/company-logo_100_100/company-logo_100_100/0/1715093938463/patria_investments_logo?e=1790812800&v=beta&t=LZjDiabToVezMlkJm10hUW4zSNhRl7RrvViHX88W0eE;Leadership > C-Level > Executive > CEO;https://www.linkedin.com/company/patria-investments/about/;Software e Serviços de TI;sales OR account OR customer success manager OR client success OR developer relations OR technical writer;patria investments;1;;https://www.linkedin.com/jobs/view/4446925630/;https://www.linkedin.com/jobs/view/4446925630/;On-site;Vendas / Comercial;11/09/2026;;São Paulo;SP;Região Sudeste;Brasil;América do Sul
111;RMS Advogados - Rocha, Marinho E Sales;ESTAGIÁRIO(A) DE DIREITO;Fortaleza (CE);10/09 20:00;https://www.linkedin.com/jobs/view/4463917388/;https://media.licdn.com/dms/image/v2/D4D0BAQE3FRXjo8ULwg/company-logo_100_100/company-logo_100_100/0/1681327997279/rms_advogados_logo?e=1790812800&v=beta&t=RC1U-Ur_duz5F-yNcpTRNQCP3_8wOdQ44sLmNGDjiAc;-;https://www.linkedin.com/company/rms-advogados-rocha-marinho-e-sales/about/;Jurídico;sales OR account OR customer success manager OR client success OR developer relations OR technical writer;rms advogados - rocha, marinho e sales;1;;https://www.linkedin.com/jobs/view/4463917388/;https://www.linkedin.com/jobs/view/4463917388/;On-site;Intern;11/09/2026;Fortaleza;Ceará;CE;Região Nordeste;Brasil;América do Sul
112;RealCloud;Programa de Trainee BDR — Cloud & Outbound Sales (Brasil);Grande Rio de Janeiro (RJ);10/09 22:00;https://www.linkedin.com/jobs/view/4466003507/;https://media.licdn.com/dms/image/v2/D4D0BAQHYR9hZqVOEYw/company-logo_100_100/company-logo_100_100/0/1731030032659?e=1790812800&v=beta&t=eP9qE5ZWFXvuQTl70coDHHQSKf6enMqsiAlauBp75k4;Specific > Cloud;https://www.linkedin.com/company/realcloud/about/;Vendas e Suporte;sales OR account OR customer success manager OR client success OR developer relations OR technical writer;realcloud;1;;https://www.linkedin.com/jobs/view/4466003507/;https://www.linkedin.com/jobs/view/4466003507/;Remote;Intern, Vendas / Comercial;11/09/2026;;Rio de Janeiro;RJ;Região Sudeste;Brasil;América do Sul
113;Red Bull;Regional Key Account Manager Latam;Grande São Paulo (SP) ;11/09 11:00;https://www.linkedin.com/jobs/view/4336072497/;https://media.licdn.com/dms/image/v2/D4D0BAQFdoIhv055bEw/company-logo_100_100/company-logo_100_100/0/1715940378252/red_bull_logo?e=1790812800&v=beta&t=LJKiYVGT4uwH3nj39rlHj3L0KlCmPSdVwU6CcgPUMVI;Specific > Sales > Account;https://www.linkedin.com/company/red-bull/about/;-;sales OR account OR customer success manager OR client success OR developer relations OR technical writer;red bull;1;;https://www.linkedin.com/jobs/view/4336072497/;https://www.linkedin.com/jobs/view/4336072497/;On-site;Liderança/Gerência, Executivo de Contas;11/09/2026;;São Paulo;SP;Região Sudeste;Brasil;América do Sul
114;Remote Leverage;Senior Account Manager;América Latina;11/09 14:00;https://www.linkedin.com/jobs/view/4465080499/;https://media.licdn.com/dms/image/v2/D4E0BAQF2iwfYS078vA/company-logo_100_100/B4EZ6y_xwBKYAI-/0/1781119524097/remote_leverage_logo?e=1790812800&v=beta&t=L7DI77zcKtwIi2_S_K3z2q2BL5KrKRb-OClPz7_p-_A;Specific > Sales > Account;https://www.linkedin.com/company/remote-leverage/about/;-;sales OR account OR customer success manager OR client success OR developer relations OR technical writer;remote leverage;1;;https://www.linkedin.com/jobs/view/4465080499/;https://www.linkedin.com/jobs/view/4465080499/;Remote;Senior, Liderança/Gerência, Executivo de Contas;11/09/2026;;;;;;América Latina
115;Remotivate;Head of Growth (PLG & Sales-Assisted Funnels) [716377];América Latina;11/09 04:00;https://www.linkedin.com/jobs/view/4464198352/;https://media.licdn.com/dms/image/v2/C4D0BAQFlXbpHjcE2iQ/company-logo_100_100/company-logo_100_100/0/1630523419626/remotivate_plc_logo?e=1790812800&v=beta&t=o8o83kx-OF2NHgqHeHzsZVuRhRjqZUV806XBxpD5Q_M;Leadership > Middle Management > Head;https://www.linkedin.com/company/remotivate/about/;Software e Serviços de TI;sales OR account OR customer success manager OR client success OR developer relations OR technical writer;remotivate;1;;https://www.linkedin.com/jobs/view/4464198352/;https://www.linkedin.com/jobs/view/4464198352/;Remote;Liderança/Gerência, Vendas / Comercial;11/09/2026;;;;;;América Latina
116;RomaWise Gestão Tributária;Sales Development Representative | Outbound | Pré-vendas;Porto Alegre (RS);11/09 11:00;https://www.linkedin.com/jobs/view/4463979861/;https://media.licdn.com/dms/image/v2/D4D0BAQHq1BzjjjV9Pg/company-logo_100_100/B4DZ5q2tHUG4AI-/0/1779909186288/romawise_gt_logo?e=1790812800&v=beta&t=SCBEz27vdmA9Mue1VighGM5onYHOGBkAstwPcKae0hE;-;https://www.linkedin.com/company/romawise-gest-o-tribut-ria/about/;Software e Serviços de TI;sales OR account OR customer success manager OR client success OR developer relations OR technical writer;romawise gestão tributária;1;;https://www.linkedin.com/jobs/view/4463979861/;https://www.linkedin.com/jobs/view/4463979861/;On-site;Vendas / Comercial;11/09/2026;Porto Alegre;Rio Grande do Sul;RS;Região Sul;Brasil;América do Sul
117;Rumo Brasil;Inside Sales;Curitiba (PR);11/09 14:00;https://www.linkedin.com/jobs/view/4464892645/;https://media.licdn.com/dms/image/v2/C4D0BAQHLsl0ZdlSJyA/company-logo_100_100/company-logo_100_100/0/1675732841702/rumobrasil_logo?e=1790812800&v=beta&t=FStEEknIBoBp4mkVFpHPSTx-3BBAK83qBIzLpS3NL38;-;https://www.linkedin.com/company/rumo-brasil/about/;Vendas e Suporte;sales OR account OR customer success manager OR client success OR developer relations OR technical writer;rumo brasil;1;;https://www.linkedin.com/jobs/view/4464892645/;https://www.linkedin.com/jobs/view/4464892645/;Hybrid;Vendas / Comercial;11/09/2026;;Paraná;PR;Região Sul;Brasil;América do Sul
118;Ruralis.com;Account Manager - Fully Remote;América Latina;11/09 14:00;https://www.linkedin.com/jobs/view/4464227152/;https://media.licdn.com/dms/image/v2/D4E0BAQEqXTgq--JiOA/company-logo_100_100/company-logo_100_100/0/1719255813570/ruralis_startup_logo?e=1790812800&v=beta&t=-KLGuwOYhk9odKDL4SgPyjpbe7YCceG0L22E4ibLKv8;Specific > Sales > Account;https://www.linkedin.com/company/ruralis-com/about/;-;sales OR account OR customer success manager OR client success OR developer relations OR technical writer;ruralis.com;1;;https://www.linkedin.com/jobs/view/4464227152/;https://www.linkedin.com/jobs/view/4464227152/;Remote;Liderança/Gerência, Executivo de Contas;11/09/2026;;;;;;América Latina
119;SANOVO TECHNOLOGY GROUP;Internal Parts Sales Professional / São Paulo;São Paulo (SP);11/09 08:00;https://www.linkedin.com/jobs/view/4463487795/;https://media.licdn.com/dms/image/v2/C4D0BAQEfE9Ker5HNzw/company-logo_100_100/company-logo_100_100/0/1630560635530/sanovo_technology_group_logo?e=1790812800&v=beta&t=cvWp10cRgIrJTnQ2WVgBRWMLhuNi0lfltpyp9xehwvg;-;https://www.linkedin.com/company/sanovo-technology-group/about/;Software e Serviços de TI;sales OR account OR customer success manager OR client success OR developer relations OR technical writer;sanovo technology group;1;;https://www.linkedin.com/jobs/view/4463487795/;https://www.linkedin.com/jobs/view/4463487795/;On-site;Intern, Vendas / Comercial;11/09/2026;;São Paulo;SP;Região Sudeste;Brasil;América do Sul
120;SLB;Geosolutions Technical Sales;Grande Rio de Janeiro (RJ);11/09 12:00;https://www.linkedin.com/jobs/view/4427321874/;https://media.licdn.com/dms/image/v2/D560BAQFwhnoORL25KA/company-logo_100_100/company-logo_100_100/0/1666604496648/slbdigital_logo?e=1790812800&v=beta&t=WnUL7qccrBs8Nlgegd_H82UJZJ9ol6kiXW9cX7xNIic;-;https://www.linkedin.com/company/slb/about/;Software e Serviços de TI;sales OR account OR customer success manager OR client success OR developer relations OR technical writer;slb;1;;https://www.linkedin.com/jobs/view/4427321874/;https://www.linkedin.com/jobs/view/4427321874/;On-site;TI/Tech, Vendas / Comercial;11/09/2026;;Rio de Janeiro;RJ;Região Sudeste;Brasil;América do Sul
121;Salesforce;Account Specialist;São Paulo (SP);11/09 02:00;https://www.linkedin.com/jobs/view/4466014359/;https://media.licdn.com/dms/image/v2/D560BAQFuQMSI3zgmRw/company-logo_100_100/B56Z3aploQGoAQ-/0/1777489828808/salesforce_logo?e=1790812800&v=beta&t=DUBoozvNE827yrsORHApVTxSRXIG6edJmqHfgoWlnuI;Specific > Sales > Account;https://www.linkedin.com/company/salesforce/about/;Vendas e Suporte;sales OR account OR customer success manager OR client success OR developer relations OR technical writer;salesforce;1;;https://www.linkedin.com/jobs/view/4466014359/;https://www.linkedin.com/jobs/view/4466014359/;On-site;Specialist;11/09/2026;;São Paulo;SP;Região Sudeste;Brasil;América do Sul
122;Salesforce;Cloud Account Executive;São Paulo (SP);11/09 07:00;https://www.linkedin.com/jobs/view/4447233830/;https://media.licdn.com/dms/image/v2/D560BAQFuQMSI3zgmRw/company-logo_100_100/B56Z3aploQGoAQ-/0/1777489828808/salesforce_logo?e=1790812800&v=beta&t=DUBoozvNE827yrsORHApVTxSRXIG6edJmqHfgoWlnuI;Specific > Sales > Account;https://www.linkedin.com/company/salesforce/about/;Software e Serviços de TI;sales OR account OR customer success manager OR client success OR developer relations OR technical writer;salesforce;1;;https://www.linkedin.com/jobs/view/4447233830/;https://www.linkedin.com/jobs/view/4447233830/;Hybrid;Vendas / Comercial, Executivo de Contas;11/09/2026;;São Paulo;SP;Região Sudeste;Brasil;América do Sul
123;Salesforce;Customer Success Manager (Q4);São Paulo (SP);11/09 02:00;https://www.linkedin.com/jobs/view/4466016327/;https://media.licdn.com/dms/image/v2/D560BAQFuQMSI3zgmRw/company-logo_100_100/B56Z3aploQGoAQ-/0/1777489828808/salesforce_logo?e=1790812800&v=beta&t=DUBoozvNE827yrsORHApVTxSRXIG6edJmqHfgoWlnuI;Specific > Customer Success Manager;https://www.linkedin.com/company/salesforce/about/;Vendas e Suporte;sales OR account OR customer success manager OR client success OR developer relations OR technical writer;salesforce;1;;https://www.linkedin.com/jobs/view/4466016327/;https://www.linkedin.com/jobs/view/4466016327/;Hybrid;Liderança/Gerência;11/09/2026;;São Paulo;SP;Região Sudeste;Brasil;América do Sul
124;Salesforce;Named Account Executive - Mid-Market;São Paulo (SP);11/09 02:00;https://www.linkedin.com/jobs/view/4466011448/;https://media.licdn.com/dms/image/v2/D560BAQFuQMSI3zgmRw/company-logo_100_100/B56Z3aploQGoAQ-/0/1777489828808/salesforce_logo?e=1790812800&v=beta&t=DUBoozvNE827yrsORHApVTxSRXIG6edJmqHfgoWlnuI;Specific > Sales > Account;https://www.linkedin.com/company/salesforce/about/;Software e Serviços de TI;sales OR account OR customer success manager OR client success OR developer relations OR technical writer;salesforce;1;;https://www.linkedin.com/jobs/view/4466011448/;https://www.linkedin.com/jobs/view/4466011448/;Hybrid;Mid, Vendas / Comercial, Executivo de Contas;11/09/2026;;São Paulo;SP;Região Sudeste;Brasil;América do Sul
125;Seedtag;Publisher Account Manager;São Paulo (SP);10/09 19:00;https://www.linkedin.com/jobs/view/4465859962/;https://media.licdn.com/dms/image/v2/D4E0BAQHNQDfkZu3C_g/company-logo_100_100/B4EZvl9zNtKsAY-/0/1769089742097/seedtag_logo?e=1790812800&v=beta&t=cXiVazsuQDhmSYYOlgNaBy-1VtGFTwW247sbDjiQXoU;Specific > Sales > Account;https://www.linkedin.com/company/seedtag/about/;-;sales OR account OR customer success manager OR client success OR developer relations OR technical writer;seedtag;1;;https://www.linkedin.com/jobs/view/4465859962/;https://www.linkedin.com/jobs/view/4465859962/;Hybrid;Liderança/Gerência, Executivo de Contas;11/09/2026;;São Paulo;SP;Região Sudeste;Brasil;América do Sul
126;Sibelco Group;BST FIN - SR Account Analyst;Analândia (SP);10/09 22:00;https://www.linkedin.com/jobs/view/4464810202/;https://media.licdn.com/dms/image/v2/C4D0BAQEcitc6HDcHyg/company-logo_100_100/company-logo_100_100/0/1631349144964?e=1790812800&v=beta&t=cNJe8qJ_8INbBlw6q6Qnbtv3e_dFrmAWfLQVbeWIpjU;Specific > Sales > Account;https://www.linkedin.com/company/sibelco-group/about/;-;sales OR account OR customer success manager OR client success OR developer relations OR technical writer;sibelco group;1;;https://www.linkedin.com/jobs/view/4464810202/;https://www.linkedin.com/jobs/view/4464810202/;On-site;Senior;11/09/2026;Analândia;São Paulo;SP;Região Sudeste;Brasil;América do Sul
127;Sibelco Group;Sales Manager I;Jaguaruna (SC);10/09 22:00;https://www.linkedin.com/jobs/view/4464808216/;https://media.licdn.com/dms/image/v2/C4D0BAQEcitc6HDcHyg/company-logo_100_100/company-logo_100_100/0/1631349144964?e=1790812800&v=beta&t=cNJe8qJ_8INbBlw6q6Qnbtv3e_dFrmAWfLQVbeWIpjU;Middle > Manager;https://www.linkedin.com/company/sibelco-group/about/;Vendas e Suporte;sales OR account OR customer success manager OR client success OR developer relations OR technical writer;sibelco group;1;;https://www.linkedin.com/jobs/view/4464808216/;https://www.linkedin.com/jobs/view/4464808216/;On-site;Liderança/Gerência, Vendas / Comercial;11/09/2026;Jaguaruna;Santa Catarina;SC;Região Sul;Brasil;América do Sul
128;Siemens;TAM - TECHNICAL ACCOUNT MANAGER METALS AND MINING;Grande São Paulo (SP) ;11/09 02:00;https://www.linkedin.com/jobs/view/4464847332/;https://media.licdn.com/dms/image/v2/D4D0BAQFK_4wGnzwPTQ/company-logo_100_100/company-logo_100_100/0/1719931174735/siemens_logo?e=1790812800&v=beta&t=s-iq1--9mlYcOhawuKQKsj-QYUC8uOjlRzb8PFi741s;Specific > Sales > Account;https://www.linkedin.com/company/siemens/about/;Mineração e Extração;sales OR account OR customer success manager OR client success OR developer relations OR technical writer;siemens;1;;https://www.linkedin.com/jobs/view/4464847332/;https://www.linkedin.com/jobs/view/4464847332/;Remote;Liderança/Gerência, TI/Tech, Executivo de Contas;11/09/2026;;São Paulo;SP;Região Sudeste;Brasil;América do Sul
129;Skill Consultoria Empresarial;Executive Account - Remoto;Brasil;11/09 08:00;https://www.linkedin.com/jobs/view/4463981255/;https://media.licdn.com/dms/image/v2/D4D0BAQENP6epDQsCDQ/company-logo_100_100/company-logo_100_100/0/1734438745847?e=1790812800&v=beta&t=oaKhO5ILACDKgl82J119FgvUexZgpgURDSXcxP4t2bw;Specific > Sales > Account;https://www.linkedin.com/company/skill-consultoria-empresarial/about/;Consultoria e Assessoria;sales OR account OR customer success manager OR client success OR developer relations OR technical writer;skill consultoria empresarial;1;;https://www.linkedin.com/jobs/view/4463981255/;https://www.linkedin.com/jobs/view/4463981255/;Remote;-;11/09/2026;;;;;Brasil;América do Sul
130;SpaceX;Sales Manager, LatAm (Global Starlink Enterprise Sales);São Paulo (SP);11/09 14:00;https://www.linkedin.com/jobs/view/4447223749/;https://media.licdn.com/dms/image/v2/C560BAQEbqLQ-JE0vdQ/company-logo_100_100/company-logo_100_100/0/1630604387686/spacex_logo?e=1790812800&v=beta&t=WAYTsBeZKkUzj8yuWp83DfKh4DilWYHhbu5-ioSAxoI;Middle > Manager;https://www.linkedin.com/company/spacex/about/;Vendas e Suporte;sales OR account OR customer success manager OR client success OR developer relations OR technical writer;spacex;1;;https://www.linkedin.com/jobs/view/4447223749/;https://www.linkedin.com/jobs/view/4447223749/;On-site;Liderança/Gerência, Vendas / Comercial;11/09/2026;;São Paulo;SP;Região Sudeste;Brasil;América do Sul
131;Stryker;Manager, Sales Training Solutions LatAm (Hybrid);São Paulo (SP);11/09 02:00;https://www.linkedin.com/jobs/view/4464850298/;https://media.licdn.com/dms/image/v2/C4E0BAQHa7kowBO7CeQ/company-logo_100_100/company-logo_100_100/0/1631319537543?e=1790812800&v=beta&t=1AtsAbdelrrjkx5SEhUyqgia7BG1aX9R_BdTdDsfxJQ;Middle > Manager;https://www.linkedin.com/company/stryker/about/;Software e Serviços de TI;sales OR account OR customer success manager OR client success OR developer relations OR technical writer;stryker;1;;https://www.linkedin.com/jobs/view/4464850298/;https://www.linkedin.com/jobs/view/4464850298/;Hybrid;Liderança/Gerência, Vendas / Comercial;11/09/2026;;São Paulo;SP;Região Sudeste;Brasil;América do Sul
132;Suntory Global Spirits;Key Account Manager;São Paulo (SP);11/09 14:00;https://www.linkedin.com/jobs/view/4451567648/;https://media.licdn.com/dms/image/v2/D4E0BAQGooGPFcnGaiw/company-logo_100_100/company-logo_100_100/0/1714409780832/suntoryglobalspirits_logo?e=1790812800&v=beta&t=xA8aVPRymrTTFXGsK4buqAEpcdLOLzjhj9KUrM99NFs;Specific > Sales > Account;https://www.linkedin.com/company/suntory-global-spirits/about/;Software e Serviços de TI;sales OR account OR customer success manager OR client success OR developer relations OR technical writer;suntory global spirits;1;;https://www.linkedin.com/jobs/view/4451567648/;https://www.linkedin.com/jobs/view/4451567648/;Hybrid;Liderança/Gerência, Executivo de Contas;11/09/2026;;São Paulo;SP;Região Sudeste;Brasil;América do Sul
133;TBO.COM;Manager - Sales (Tourism Partnerships);Grande São Paulo (SP) ;11/09 04:00;https://www.linkedin.com/jobs/view/4464850715/;https://media.licdn.com/dms/image/v2/D560BAQG1sxdEGp083A/company-logo_100_100/B56Z0zE4scJYAQ-/0/1774678413370/tbo_com_logo?e=1790812800&v=beta&t=YnEINcEaGqrLpHJxpM7TYk0qK_sUGoGSG7mL0ezUObA;Middle > Manager;https://www.linkedin.com/company/tbo-com/about/;Vendas e Suporte;sales OR account OR customer success manager OR client success OR developer relations OR technical writer;tbo.com;1;;https://www.linkedin.com/jobs/view/4464850715/;https://www.linkedin.com/jobs/view/4464850715/;On-site;Liderança/Gerência, Vendas / Comercial;11/09/2026;;São Paulo;SP;Região Sudeste;Brasil;América do Sul
134;TIFFOSI;Sales Assistant (m/f) - TorreShopping;Santarém (PA);11/09 12:00;https://www.linkedin.com/jobs/view/4465101203/;https://media.licdn.com/dms/image/v2/D4D0BAQH3ar-icx1NOw/company-logo_100_100/company-logo_100_100/0/1713455818516/tiffosi_cofemel_sociedade_de_vestu_rio_sa_logo?e=1790812800&v=beta&t=EOVZvlamq0EgQmhgozaYorDTr0yf2zWnMZ0cqGKSQAg;-;https://www.linkedin.com/company/tiffosi/about/;Software e Serviços de TI;sales OR account OR customer success manager OR client success OR developer relations OR technical writer;tiffosi;1;;https://www.linkedin.com/jobs/view/4465101203/;https://www.linkedin.com/jobs/view/4465101203/;On-site;Associate, Vendas / Comercial;11/09/2026;Santarém;Pará;PA;Região Norte;Brasil;América do Sul
135;Teamified;Technical Account Manager;Brasil;11/09 05:00;https://www.linkedin.com/jobs/view/4466060301/;https://media.licdn.com/dms/image/v2/D560BAQFu949PCLIBXA/company-logo_100_100/company-logo_100_100/0/1720599326584/patona_logo?e=1790812800&v=beta&t=C98F7jpfnZMeoNJaAFXyQdR-2BIjxz1JmBXq7o8ooC4;Specific > Sales > Account;https://www.linkedin.com/company/teamified/about/;Software e Serviços de TI;sales OR account OR customer success manager OR client success OR developer relations OR technical writer;teamified;1;;https://www.linkedin.com/jobs/view/4466060301/;https://www.linkedin.com/jobs/view/4466060301/;Remote;Liderança/Gerência, TI/Tech, Executivo de Contas;11/09/2026;;;;;Brasil;América do Sul
136;Teltonika;Sales Consultant | Networks Solutions;Minas Gerais, Brasil;11/09 11:00;https://www.linkedin.com/jobs/view/4466093543/;https://media.licdn.com/dms/image/v2/D4D0BAQESfDso86ZE8A/company-logo_100_100/company-logo_100_100/0/1694675814415/teltonika_logo?e=1790812800&v=beta&t=-gWjL6TLWPUCT3o3bZ3KtzfhAHtyMDl6R538DBF09ws;Advanced > Specialist;https://www.linkedin.com/company/teltonika/about/;Software e Serviços de TI;sales OR account OR customer success manager OR client success OR developer relations OR technical writer;teltonika;1;;https://www.linkedin.com/jobs/view/4466093543/;https://www.linkedin.com/jobs/view/4466093543/;Remote;Consultor, Infraestrutura/Redes, Vendas / Comercial;11/09/2026;;Minas Gerais;MG;Região Sudeste;Brasil;América do Sul
137;Teltonika;Sales Consultant | Networks Solutions;Morada Nova (CE);11/09 11:00;https://www.linkedin.com/jobs/view/4466091658/;https://media.licdn.com/dms/image/v2/D4D0BAQESfDso86ZE8A/company-logo_100_100/company-logo_100_100/0/1694675814415/teltonika_logo?e=1790812800&v=beta&t=-gWjL6TLWPUCT3o3bZ3KtzfhAHtyMDl6R538DBF09ws;Advanced > Specialist;https://www.linkedin.com/company/teltonika/about/;Software e Serviços de TI;sales OR account OR customer success manager OR client success OR developer relations OR technical writer;teltonika;1;;https://www.linkedin.com/jobs/view/4466091658/;https://www.linkedin.com/jobs/view/4466091658/;Remote;Consultor, Infraestrutura/Redes, Vendas / Comercial;11/09/2026;;Ceará;CE;Região Nordeste;Brasil;América do Sul
138;Teltonika;Sales Consultant | Networks Solutions;Rio de Janeiro (RJ);11/09 11:00;https://www.linkedin.com/jobs/view/4466309332/;https://media.licdn.com/dms/image/v2/D4D0BAQESfDso86ZE8A/company-logo_100_100/company-logo_100_100/0/1694675814415/teltonika_logo?e=1790812800&v=beta&t=-gWjL6TLWPUCT3o3bZ3KtzfhAHtyMDl6R538DBF09ws;Advanced > Specialist;https://www.linkedin.com/company/teltonika/about/;Software e Serviços de TI;sales OR account OR customer success manager OR client success OR developer relations OR technical writer;teltonika;1;;https://www.linkedin.com/jobs/view/4466309332/;https://www.linkedin.com/jobs/view/4466309332/;Remote;Consultor, Infraestrutura/Redes, Vendas / Comercial;11/09/2026;;Rio de Janeiro;RJ;Região Sudeste;Brasil;América do Sul
139;Teradata;Account Executive;SP;11/09 06:00;https://www.linkedin.com/jobs/view/4446962895/;https://media.licdn.com/dms/image/v2/D560BAQGgQByLIN_rtA/company-logo_100_100/company-logo_100_100/0/1697134375805/teradata_logo?e=1790812800&v=beta&t=6ksgH-tHN1ma6292R8wHg1fcGQRCV46fLqRL7_neQu8;Specific > Sales > Account;https://www.linkedin.com/company/teradata/about/;Dados e Analytics;sales OR account OR customer success manager OR client success OR developer relations OR technical writer;teradata;1;;https://www.linkedin.com/jobs/view/4446962895/;https://www.linkedin.com/jobs/view/4446962895/;Hybrid;Vendas / Comercial, Executivo de Contas;11/09/2026;;São Paulo;SP;Região Sudeste;Brasil;América do Sul
140;Thermo Fisher Scientific;Sr Manager, Account Management;São Paulo (SP);11/09 07:00;https://www.linkedin.com/jobs/view/4463965737/;https://media.licdn.com/dms/image/v2/D560BAQGe2HQP4zwTlA/company-logo_100_100/company-logo_100_100/0/1688649979581/thermo_fisher_scientific_logo?e=1790812800&v=beta&t=XJpIxUhJYgVq6WJWO0IGkbN2rSVfGwUVdZF_4FHLAiw;Specific > Sales > Account;https://www.linkedin.com/company/thermo-fisher-scientific/about/;Software e Serviços de TI;sales OR account OR customer success manager OR client success OR developer relations OR technical writer;thermo fisher scientific;1;;https://www.linkedin.com/jobs/view/4463965737/;https://www.linkedin.com/jobs/view/4463965737/;On-site;Senior, Liderança/Gerência;11/09/2026;;São Paulo;SP;Região Sudeste;Brasil;América do Sul
141;Tigabytes_BR;Cloud & AI Sales Executive (Hunter);São Paulo (SP);10/09 19:00;https://www.linkedin.com/jobs/view/4465882045/;https://media.licdn.com/dms/image/v2/D4D0BAQGsci13CmFteg/company-logo_100_100/company-logo_100_100/0/1698870375432/tigabytesbr_logo?e=1790812800&v=beta&t=6RmrH5FZsAveKd0A0roU0l6AsmZeU9WyFm00alErDKc;Specific > Cloud;https://www.linkedin.com/company/tigabytes-br/about/;Inteligência Artificial;sales OR account OR customer success manager OR client success OR developer relations OR technical writer;tigabytes_br;1;;https://www.linkedin.com/jobs/view/4465882045/;https://www.linkedin.com/jobs/view/4465882045/;Hybrid;Inteligência Artificial, Vendas / Comercial;11/09/2026;;São Paulo;SP;Região Sudeste;Brasil;América do Sul
142;Uber;Account Manager, Uber Direct;São Paulo (SP);10/09 20:00;https://www.linkedin.com/jobs/view/4465876509/;https://media.licdn.com/dms/image/v2/C4D0BAQFiYnR1Mbtxdg/company-logo_100_100/company-logo_100_100/0/1630552741617/uber_com_logo?e=1790812800&v=beta&t=yzgU-vAZ9yVBqZn4ldsiB2-5kOUh4cHj2TLCsIDm0Jc;Specific > Sales > Account;https://www.linkedin.com/company/uber/about/;Transporte e Mobilidade;sales OR account OR customer success manager OR client success OR developer relations OR technical writer;uber;1;;https://www.linkedin.com/jobs/view/4465876509/;https://www.linkedin.com/jobs/view/4465876509/;On-site;Liderança/Gerência, Executivo de Contas;11/09/2026;;São Paulo;SP;Região Sudeste;Brasil;América do Sul
143;Uber;Business Development Representative II, U4B (Sales Plan);São Paulo (SP);10/09 20:00;https://www.linkedin.com/jobs/view/4465869639/;https://media.licdn.com/dms/image/v2/C4D0BAQFiYnR1Mbtxdg/company-logo_100_100/company-logo_100_100/0/1630552741617/uber_com_logo?e=1790812800&v=beta&t=yzgU-vAZ9yVBqZn4ldsiB2-5kOUh4cHj2TLCsIDm0Jc;-;https://www.linkedin.com/company/uber/about/;Software e Serviços de TI;sales OR account OR customer success manager OR client success OR developer relations OR technical writer;uber;1;;https://www.linkedin.com/jobs/view/4465869639/;https://www.linkedin.com/jobs/view/4465869639/;On-site;Vendas / Comercial;11/09/2026;;São Paulo;SP;Região Sudeste;Brasil;América do Sul
144;Uber;SMB Sales Manager, Uber for Business;São Paulo (SP);11/09 14:00;https://www.linkedin.com/jobs/view/4466323636/;https://media.licdn.com/dms/image/v2/C4D0BAQFiYnR1Mbtxdg/company-logo_100_100/company-logo_100_100/0/1630552741617/uber_com_logo?e=1790812800&v=beta&t=yzgU-vAZ9yVBqZn4ldsiB2-5kOUh4cHj2TLCsIDm0Jc;Middle > Manager;https://www.linkedin.com/company/uber/about/;Transporte e Mobilidade;sales OR account OR customer success manager OR client success OR developer relations OR technical writer;uber;1;;https://www.linkedin.com/jobs/view/4466323636/;https://www.linkedin.com/jobs/view/4466323636/;On-site;Liderança/Gerência, Vendas / Comercial;11/09/2026;;São Paulo;SP;Região Sudeste;Brasil;América do Sul
145;UiPath;Technical Account Manager;São Paulo (SP);11/09 10:00;https://www.linkedin.com/jobs/view/4454138623/;https://media.licdn.com/dms/image/v2/D4D0BAQEoLEGmmZUTsg/company-logo_100_100/B4DZfP43PmHMAU-/0/1751539479900/uipath_logo?e=1790812800&v=beta&t=UaEawnHBqu3BKQQyGGnCFJE9fpNaXxYhwLakvjrTLcI;Specific > Sales > Account;https://www.linkedin.com/company/uipath/about/;Software e Serviços de TI;sales OR account OR customer success manager OR client success OR developer relations OR technical writer;uipath;1;;https://www.linkedin.com/jobs/view/4454138623/;https://www.linkedin.com/jobs/view/4454138623/;Remote;Liderança/Gerência, TI/Tech, Executivo de Contas;11/09/2026;;São Paulo;SP;Região Sudeste;Brasil;América do Sul
146;Vibra;Key Account;Rio de Janeiro (RJ);11/09 10:00;https://www.linkedin.com/jobs/view/4465111745/;https://media.licdn.com/dms/image/v2/D4D0BAQHJ-oE5ZW7r1A/company-logo_100_100/company-logo_100_100/0/1720092272544/vibra_energia_logo?e=1790812800&v=beta&t=96ebPFytwcT3Nut68UXr_7PIF5Pwuu6bvLhopwVScgg;Specific > Sales > Account;https://www.linkedin.com/company/vibra/about/;-;sales OR account OR customer success manager OR client success OR developer relations OR technical writer;vibra;1;;https://www.linkedin.com/jobs/view/4465111745/;https://www.linkedin.com/jobs/view/4465111745/;On-site;-;11/09/2026;;Rio de Janeiro;RJ;Região Sudeste;Brasil;América do Sul
147;Vibra;Key Account Manager (Lubrificantes);São Paulo (SP);11/09 10:00;https://www.linkedin.com/jobs/view/4465128528/;https://media.licdn.com/dms/image/v2/D4D0BAQHJ-oE5ZW7r1A/company-logo_100_100/company-logo_100_100/0/1720092272544/vibra_energia_logo?e=1790812800&v=beta&t=96ebPFytwcT3Nut68UXr_7PIF5Pwuu6bvLhopwVScgg;Specific > Sales > Account;https://www.linkedin.com/company/vibra/about/;-;sales OR account OR customer success manager OR client success OR developer relations OR technical writer;vibra;1;;https://www.linkedin.com/jobs/view/4465128528/;https://www.linkedin.com/jobs/view/4465128528/;On-site;Liderança/Gerência, Executivo de Contas;11/09/2026;;São Paulo;SP;Região Sudeste;Brasil;América do Sul
148;Villela Brasil Bank;SDR — SALES DEVELOPMENT REPRESENTATIVE;Porto Alegre (RS);11/09 15:00;https://www.linkedin.com/jobs/view/4464224638/;https://media.licdn.com/dms/image/v2/D4D0BAQG3bYx3f-v1jg/company-logo_100_100/company-logo_100_100/0/1735222218821/grupovillela_logo?e=1790812800&v=beta&t=B70kDp1wjuZs3TqK6TUOJsoDtkgrR-zQOVgyp49dvME;-;https://www.linkedin.com/company/villela-brasil-bank/about/;Serviços Financeiros;sales OR account OR customer success manager OR client success OR developer relations OR technical writer;villela brasil bank;1;;https://www.linkedin.com/jobs/view/4464224638/;https://www.linkedin.com/jobs/view/4464224638/;On-site;Vendas / Comercial;11/09/2026;Porto Alegre;Rio Grande do Sul;RS;Região Sul;Brasil;América do Sul
149;Vintti;Account Manager;América Latina;11/09 12:00;https://www.linkedin.com/jobs/view/4464887236/;https://media.licdn.com/dms/image/v2/D4D0BAQGNGwrdgEDWNQ/company-logo_100_100/company-logo_100_100/0/1688057891494/vintti_logo?e=1790812800&v=beta&t=ANDbqxU0K_YSQJeR8XjZ_P3CnJoTpkuwfzJ9B0MeLpU;Specific > Sales > Account;https://www.linkedin.com/company/vintti/about/;Software e Serviços de TI;sales OR account OR customer success manager OR client success OR developer relations OR technical writer;vintti;1;;https://www.linkedin.com/jobs/view/4464887236/;https://www.linkedin.com/jobs/view/4464887236/;Remote;Liderança/Gerência, Executivo de Contas;11/09/2026;;;;;;América Latina
150;Virtual Latinos;Account Manager;América Latina;10/09 21:00;https://www.linkedin.com/jobs/view/4466012071/;https://media.licdn.com/dms/image/v2/C4E0BAQEKUk0fb40HMQ/company-logo_100_100/company-logo_100_100/0/1630605942147/virtuallatinos_logo?e=1790812800&v=beta&t=K_ToVx9HSjFQg53Yw5Tl-xEsxVSu2IwTjo9CrTRUesc;Specific > Sales > Account;https://www.linkedin.com/company/virtual-latinos/about/;Software e Serviços de TI;sales OR account OR customer success manager OR client success OR developer relations OR technical writer;virtual latinos;1;;https://www.linkedin.com/jobs/view/4466012071/;https://www.linkedin.com/jobs/view/4466012071/;Remote;Liderança/Gerência, Executivo de Contas;11/09/2026;;;;;;América Latina
151;Virtual Latinos;Digital Marketing & Sales Coordinator - Part time;América Latina;10/09 22:00;https://www.linkedin.com/jobs/view/4466016185/;https://media.licdn.com/dms/image/v2/C4E0BAQEKUk0fb40HMQ/company-logo_100_100/company-logo_100_100/0/1630605942147/virtuallatinos_logo?e=1790812800&v=beta&t=K_ToVx9HSjFQg53Yw5Tl-xEsxVSu2IwTjo9CrTRUesc;-;https://www.linkedin.com/company/virtual-latinos/about/;Marketing e Publicidade Marketing;sales OR account OR customer success manager OR client success OR developer relations OR technical writer;virtual latinos;1;;https://www.linkedin.com/jobs/view/4466016185/;https://www.linkedin.com/jobs/view/4466016185/;Remote;Mid, TI/Tech, Marketing/Mídia, Vendas / Comercial;11/09/2026;;;;;;América Latina
152;Virtustant;Sales Development Specialist;Brasil;10/09 19:00;https://www.linkedin.com/jobs/view/4462237213/;https://media.licdn.com/dms/image/v2/D4D0BAQFiL0VjzJJo8A/company-logo_100_100/company-logo_100_100/0/1736165963219?e=1790812800&v=beta&t=nLRHKTdN1XFp-SpCejOSMvQBEFbJ7HQBQC5jeFOKN3E;Advanced > Specialist;https://www.linkedin.com/company/virtustant/about/;Vendas e Suporte;sales OR account OR customer success manager OR client success OR developer relations OR technical writer;virtustant;1;;https://www.linkedin.com/jobs/view/4462237213/;https://www.linkedin.com/jobs/view/4462237213/;Remote;Specialist, Vendas / Comercial;11/09/2026;;;;;Brasil;América do Sul
153;Visa;Consultant, Client Success;Grande São Paulo (SP) ;11/09 14:00;https://www.linkedin.com/jobs/view/4466342114/;https://media.licdn.com/dms/image/v2/D4E0BAQHAxoD4chKrgg/company-logo_100_100/B4EZfR2e4JHcAk-/0/1751572410148/visa_logo?e=1790812800&v=beta&t=72yOCNMoyimhGRzkxpkHnqNwu1r2QkExEPd_3sk9HK4;Specific > Sales > Client Success;https://www.linkedin.com/company/visa/about/;-;sales OR account OR customer success manager OR client success OR developer relations OR technical writer;visa;1;;https://www.linkedin.com/jobs/view/4466342114/;https://www.linkedin.com/jobs/view/4466342114/;On-site;Consultor;11/09/2026;;São Paulo;SP;Região Sudeste;Brasil;América do Sul
154;Viva Talent;Director of Sales (Remote);América Latina;11/09 13:00;https://www.linkedin.com/jobs/view/4466336035/;https://media.licdn.com/dms/image/v2/D4E0BAQEjXOhvbIkU9g/company-logo_100_100/B4EZy1sxsXIQAQ-/0/1772574940341/vivahq_logo?e=1790812800&v=beta&t=S7D4j1i1dNOgMY8eJAlTmOquwzIkMHaz9ldteS-5PkE;Leadership > C-Level > Director;https://www.linkedin.com/company/viva-talent/about/;Vendas e Suporte;sales OR account OR customer success manager OR client success OR developer relations OR technical writer;viva talent;1;;https://www.linkedin.com/jobs/view/4466336035/;https://www.linkedin.com/jobs/view/4466336035/;Remote;Liderança/Gerência, Vendas / Comercial;11/09/2026;;;;;;América Latina
155;WIN SOURCE;Sales Manager;Brasil;11/09 05:00;https://www.linkedin.com/jobs/view/4441947134/;https://media.licdn.com/dms/image/v2/D4D0BAQFZeepKhW0M_A/company-logo_100_100/company-logo_100_100/0/1686296080674/win_source_electronic_co_ltd__logo?e=1790812800&v=beta&t=TWmYjL483smxqhjwtncD7oVUg8_1EuQWJ56NWs0aAoM;Middle > Manager;https://www.linkedin.com/company/win-source/about/;Vendas e Suporte;sales OR account OR customer success manager OR client success OR developer relations OR technical writer;win source;1;;https://www.linkedin.com/jobs/view/4441947134/;https://www.linkedin.com/jobs/view/4441947134/;Remote;Liderança/Gerência, Vendas / Comercial;11/09/2026;;;;;Brasil;América do Sul
156;Wego;Key Account Manager – Industrial, LATAM South;Brasil;11/09 13:00;https://www.linkedin.com/jobs/view/4446941088/;https://media.licdn.com/dms/image/v2/D4E0BAQEtK8kSmw9_lg/company-logo_100_100/B4EZ3KrZ.9JcAQ-/0/1777221870270/wegochem_logo?e=1790812800&v=beta&t=hYLRUeV2kyL2ChmngWJ2S0YpZRsWwXDbX8xAILehMNk;Specific > Sales > Account;https://www.linkedin.com/company/wego/about/;Manufatura e Produção;sales OR account OR customer success manager OR client success OR developer relations OR technical writer;wego;1;;https://www.linkedin.com/jobs/view/4446941088/;https://www.linkedin.com/jobs/view/4446941088/;Remote;Liderança/Gerência, Engenharia Geral, Executivo de Contas;11/09/2026;;;;;Brasil;América do Sul
157;Wiser Sales Plataform;Agente comercial - Programa de carreira Wiser Educação;Brasil;11/09 11:00;https://www.linkedin.com/jobs/view/4463981994/;https://media.licdn.com/dms/image/v2/D4D0BAQHaPxWA0lnUvg/company-logo_100_100/company-logo_100_100/0/1682018958819/wiser_sales_platform_logo?e=1790812800&v=beta&t=Yn9hLKDOo_6yHWZ1EiqNEgMubxyahrXFHPoMSvrrykg;-;https://www.linkedin.com/company/wiser-sales-plataform/about/;Educação;sales OR account OR customer success manager OR client success OR developer relations OR technical writer;wiser sales plataform;1;;https://www.linkedin.com/jobs/view/4463981994/;https://www.linkedin.com/jobs/view/4463981994/;Remote;Vendas / Comercial;11/09/2026;;;;;Brasil;América do Sul
158;WorkBetterNow;Sales Specialist;SP;11/09 11:00;https://www.linkedin.com/jobs/view/4465845653/;https://media.licdn.com/dms/image/v2/D560BAQGvB2yqzWYnOg/company-logo_100_100/company-logo_100_100/0/1696359606370/work_better_now_logo?e=1790812800&v=beta&t=7teE_qBdwgTgwM926UXO41Hi_PwdoawNQA3jPyEGmOM;Advanced > Specialist;https://www.linkedin.com/company/workbetternow/about/;Vendas e Suporte;sales OR account OR customer success manager OR client success OR developer relations OR technical writer;workbetternow;1;;https://www.linkedin.com/jobs/view/4465845653/;https://www.linkedin.com/jobs/view/4465845653/;Remote;Specialist, Vendas / Comercial;11/09/2026;;São Paulo;SP;Região Sudeste;Brasil;América do Sul
159;XP Inc.;Sales Planner de Seguros I São Paulo;São Paulo (SP);11/09 08:00;https://www.linkedin.com/jobs/view/4438298825/;https://media.licdn.com/dms/image/v2/D4E0BAQGNGiz9pu4KZw/company-logo_100_100/company-logo_100_100/0/1735922822407/xpinc_logo?e=1790812800&v=beta&t=DAsYTCg9qwHqJI4LxWu53Oo3jFhbbYaom-OY8of-ky0;-;https://www.linkedin.com/company/xp-inc/about/;Seguros e Previdência;sales OR account OR customer success manager OR client success OR developer relations OR technical writer;xp inc.;1;;https://www.linkedin.com/jobs/view/4438298825/;https://www.linkedin.com/jobs/view/4438298825/;On-site;Vendas / Comercial;11/09/2026;;São Paulo;SP;Região Sudeste;Brasil;América do Sul
160;abler Vagas;Sales Development Representative;Curitiba (PR);10/09 19:00;https://www.linkedin.com/jobs/view/4465881384/;https://media.licdn.com/dms/image/v2/D4D0BAQGMAPERRvd2YA/company-logo_100_100/B4DZVr.XUYHIAQ-/0/1741273265821/abler_vagas_br_logo?e=1790812800&v=beta&t=j3LsFc_ME75notIFqP_YkIsBoJSSwllbJZ2mSFrgCZc;-;https://www.linkedin.com/company/abler-vagas/about/;Energia e Combustíveis;sales OR account OR customer success manager OR client success OR developer relations OR technical writer;abler vagas;1;;https://www.linkedin.com/jobs/view/4465881384/;https://www.linkedin.com/jobs/view/4465881384/;On-site;Vendas / Comercial;11/09/2026;;Paraná;PR;Região Sul;Brasil;América do Sul
161;afina;Sales  (Partnerships) Manager (Telecom Operators, Brazil);Brasil;11/09 15:00;https://www.linkedin.com/jobs/view/4464231404/;https://media.licdn.com/dms/image/v2/D4E0BAQEHqUsutykufg/company-logo_100_100/company-logo_100_100/0/1715172307025/afina_dmp_logo?e=1790812800&v=beta&t=I3QbLfzN8jQa6niIlHKqNaI7rJaaRUSfr5Qvvlm1Sew;Middle > Manager;https://www.linkedin.com/company/afina/about/;Telecomunicações;sales OR account OR customer success manager OR client success OR developer relations OR technical writer;afina;1;;https://www.linkedin.com/jobs/view/4464231404/;https://www.linkedin.com/jobs/view/4464231404/;Remote;Liderança/Gerência, Vendas / Comercial;11/09/2026;;;;;Brasil;América do Sul
162;e-Core;Key Account Manager Senior (Strategic Account Executive) - Tech & Cloud Services;São Paulo (SP);11/09 11:00;https://www.linkedin.com/jobs/view/4456026885/;https://media.licdn.com/dms/image/v2/C560BAQHWw7n8QlKgQg/company-logo_100_100/company-logo_100_100/0/1630609194189/e_core_logo?e=1790812800&v=beta&t=1LRivteCw4UctUvaPGpQH6HlisJSqhGCpmSnVbQ3t0E;Specific > Sales > Account;https://www.linkedin.com/company/e-core/about/;Software e Serviços de TI;sales OR account OR customer success manager OR client success OR developer relations OR technical writer;e-core;1;;https://www.linkedin.com/jobs/view/4456026885/;https://www.linkedin.com/jobs/view/4456026885/;Hybrid;Senior, Liderança/Gerência, TI/Tech, Vendas / Comercial, Executivo de Contas;11/09/2026;;São Paulo;SP;Região Sudeste;Brasil;América do Sul
163;fonio.ai;Sales Developement Representative (Brazil);Campinas (SP);11/09 09:00;https://www.linkedin.com/jobs/view/4429578667/;https://media.licdn.com/dms/image/v2/D4D0BAQGHasHx80VPiQ/company-logo_100_100/company-logo_100_100/0/1726735966579/fonio_ai_logo?e=1790812800&v=beta&t=58Hzt9WNLlTwIZtO38d_eR5M2-wMMAN-vKkebTll1Ac;-;https://www.linkedin.com/company/fonio-ai/about/;Software e Serviços de TI;sales OR account OR customer success manager OR client success OR developer relations OR technical writer;fonio.ai;1;;https://www.linkedin.com/jobs/view/4429578667/;https://www.linkedin.com/jobs/view/4429578667/;On-site;Vendas / Comercial;11/09/2026;;São Paulo;SP;Região Sudeste;Brasil;América do Sul
164;pharmexx Brasil;Key Account Manager (KAM) | Canal Farma;Brasília (DF);10/09 18:00;https://www.linkedin.com/jobs/view/4465866915/;https://media.licdn.com/dms/image/v2/D4D0BAQGhYPTteXCB0g/company-logo_100_100/company-logo_100_100/0/1711380780653/pharmexx_brasil_logo?e=1790812800&v=beta&t=NkBwp9dIgN7Bb4-aBmfxd9sQjVa9kv6Ko45_MNwmTHY;Specific > Sales > Account;https://www.linkedin.com/company/pharmexx-brasil/about/;-;sales OR account OR customer success manager OR client success OR developer relations OR technical writer;pharmexx brasil;1;;https://www.linkedin.com/jobs/view/4465866915/;https://www.linkedin.com/jobs/view/4465866915/;Hybrid;Liderança/Gerência, Executivo de Contas;11/09/2026;;Distrito Federal;DF;Região Centro-Oeste;Brasil;América do Sul
165;tesa;Sales Analyst;Curitiba (PR);10/09 17:00;https://www.linkedin.com/jobs/view/4464598315/;https://media.licdn.com/dms/image/v2/C4E0BAQHpa8TVSzMUiw/company-logo_100_100/company-logo_100_100/0/1630564911159/tesa_logo?e=1790812800&v=beta&t=PGW9z4CYXYwuBclQUVg6mg48b4ab8LTuhdxLFrOP4DQ;Advanced > Specialist;https://www.linkedin.com/company/tesa/about/;Vendas e Suporte;sales OR account OR customer success manager OR client success OR developer relations OR technical writer;tesa;1;;https://www.linkedin.com/jobs/view/4464598315/;https://www.linkedin.com/jobs/view/4464598315/;Hybrid;Vendas / Comercial;11/09/2026;;Paraná;PR;Região Sul;Brasil;América do Sul
