Id;Company;Job Title;Location;Published Date;Job Link;Logo;Category;Company Life URL;Industry;Query Parameters;Company_Match;Score;Platform;Job Link_Match;Destination URL;Work Mode;Tags;Capture Date;City;State;UF;Region;Country;Continent
1;3i Distribuidora;Gerente de Contas Hunter | Account Manager | Account Executive - PRESENCIAL;Porto Alegre (RS);31/07 16:00;https://www.linkedin.com/jobs/view/4445530614/;https://media.licdn.com/dms/image/v2/D4D0BAQEP2YT_DgPdqg/company-logo_100_100/B4DZWuuWL4HAAk-/0/1742393141423?e=1787184000&v=beta&t=XTImPsccxKBzZa3nWUc7jBhiWbTAHRRykAsAjwDNVck;Specific > Sales > Account;https://www.linkedin.com/company/3i-distribuidora/about/;Software e Serviços de TI;sales OR account OR (customer AND success AND manager) OR (client AND success) OR (developer AND relations) OR (technical AND writer);3i distribuidora;1.0;;https://www.linkedin.com/jobs/view/4445530614/;https://www.linkedin.com/jobs/view/4445530614/;On-site;Mid, Liderança/Gerência, Vendas / Comercial, Executivo de Contas;01/08/2026;Porto Alegre;Rio Grande do Sul;RS;Região Sul;Brasil;América do Sul
2;Agrotools;Sales Development Representative Pleno (SDR);São Paulo (SP);31/07 16:00;https://www.linkedin.com/jobs/view/4447184214/;https://media.licdn.com/dms/image/v2/D4D0BAQGXs57WYSMs1w/company-logo_100_100/company-logo_100_100/0/1729171908994/agrotools_gestao_e_monitoramento_geoespacial_logo?e=1787184000&v=beta&t=6oUirP5BcmOEk0sSPwYZDJr9_vuHq2ccHisRi_RXmBw;-;https://www.linkedin.com/company/agrotools/about/;Agro;sales OR account OR (customer AND success AND manager) OR (client AND success) OR (developer AND relations) OR (technical AND writer);agrotools;1.0;;https://www.linkedin.com/jobs/view/4447184214/;https://www.linkedin.com/jobs/view/4447184214/;On-site;Mid, Vendas / Comercial;01/08/2026;São Paulo;São Paulo;SP;Região Sudeste;Brasil;América do Sul
3;Air Charter Service;Experienced Charter Sales Consultant (Sao Paulo);Ribeirão Grande (SP);31/07 14:00;https://www.linkedin.com/jobs/view/4447158311/;https://media.licdn.com/dms/image/v2/C4D0BAQHOXCw9T7eIZQ/company-logo_100_100/company-logo_100_100/0/1631330559139?e=1787184000&v=beta&t=jhCIDjMBLc6tQCZJb9ZJO75sMgTO9vROVD3NLYGO1sM;Advanced > Specialist;https://www.linkedin.com/company/air-charter-service/about/;Inteligência Artificial;sales OR account OR (customer AND success AND manager) OR (client AND success) OR (developer AND relations) OR (technical AND writer);air charter service;1;;https://www.linkedin.com/jobs/view/4447158311/;https://www.linkedin.com/jobs/view/4447158311/;On-site;Consultor, Vendas / Comercial;01/08/2026;Ribeirão Grande;São Paulo;SP;Região Sudeste;Brasil;América do Sul
4;Akamai Technologies;Senior Security Sales Specialist;São Paulo (SP);31/07 16:00;https://www.linkedin.com/jobs/view/4447562696/;https://media.licdn.com/dms/image/v2/D4E0BAQHpsdQkVIn86g/company-logo_100_100/B4EZiajPQ8GUAY-/0/1754939585924/akamai_technologies_logo?e=1787184000&v=beta&t=9AN92M2dKSUGfoAhdIA19_xp4thJfwelpyXzFRnBE3k;Cybersecurity;https://www.linkedin.com/company/akamai-technologies/about/;Cibersegurança;sales OR account OR (customer AND success AND manager) OR (client AND success) OR (developer AND relations) OR (technical AND writer);akamai technologies;1;;https://www.linkedin.com/jobs/view/4447562696/;https://www.linkedin.com/jobs/view/4447562696/;Remote;Specialist, Senior, Cybersecurity, Vendas / Comercial;01/08/2026;São Paulo;São Paulo;SP;Região Sudeste;Brasil;América do Sul
5;Amcor;Senior Strategic Account Manager LATAM;São Paulo (SP);31/07 18:00;https://www.linkedin.com/jobs/view/4447596472/;https://media.licdn.com/dms/image/v2/C4D0BAQF0sed-lbowMg/company-logo_100_100/company-logo_100_100/0/1630499181382/amcor_logo?e=1787184000&v=beta&t=SFAfokS_N1BaFlH3-Nv0bHebHy_K9ST_43vUftoPCdQ;Specific > Sales > Account;https://www.linkedin.com/company/amcor/about/;-;sales OR account OR (customer AND success AND manager) OR (client AND success) OR (developer AND relations) OR (technical AND writer);amcor;1.0;;https://www.linkedin.com/jobs/view/4447596472/;https://www.linkedin.com/jobs/view/4447596472/;On-site;Senior, Liderança/Gerência, Executivo de Contas;01/08/2026;São Paulo;São Paulo;SP;Região Sudeste;Brasil;América do Sul
6;American Airlines;Agent, Ticket Sales - Brazil SAO;Grande São Paulo (SP) ;31/07 20:00;https://www.linkedin.com/jobs/view/4445552279/;https://media.licdn.com/dms/image/v2/D560BAQHUeYOpWQqlFg/company-logo_100_100/B56ZuOsXpPJAAQ-/0/1767625554953/american_airlines_logo?e=1787184000&v=beta&t=MMArEifuLgIWp_SkR7DZPJFc157QI_sfCUtFfHjgqe8;-;https://www.linkedin.com/company/american-airlines/about/;Inteligência Artificial;sales OR account OR (customer AND success AND manager) OR (client AND success) OR (developer AND relations) OR (technical AND writer);american airlines;1;;https://www.linkedin.com/jobs/view/4445552279/;https://www.linkedin.com/jobs/view/4445552279/;On-site;Vendas / Comercial;01/08/2026;;São Paulo;SP;Região Sudeste;Brasil;América do Sul
7;Archer Integrated Risk Management;Archer Senior Client Success Manager;São Paulo (SP);31/07 17:00;https://www.linkedin.com/jobs/view/4447588108/;https://media.licdn.com/dms/image/v2/D4D0BAQGxgmjvOpN-cQ/company-logo_100_100/B4DZ1tnEjKLQAQ-/0/1775660452444/archer_integrated_risk_management_logo?e=1787184000&v=beta&t=wYW55JwUw1tGWj_fK4L5Gs5HSq_awqDQXhUD9jarjb8;Specific > Sales > Client Success;https://www.linkedin.com/company/archer-integrated-risk-management/about/;-;sales OR account OR (customer AND success AND manager) OR (client AND success) OR (developer AND relations) OR (technical AND writer);archer integrated risk management;1.0;;https://www.linkedin.com/jobs/view/4447588108/;https://www.linkedin.com/jobs/view/4447588108/;Remote;Senior, Liderança/Gerência;01/08/2026;São Paulo;São Paulo;SP;Região Sudeste;Brasil;América do Sul
8;Aspen Technology;Sales Account Executive - Digital Grid Management;Rio de Janeiro (RJ);31/07 14:00;https://www.linkedin.com/jobs/view/4427872128/;https://media.licdn.com/dms/image/v2/D4E0BAQGg4xHa1i0XsQ/company-logo_100_100/B4EZ0q4_LgJAAU-/0/1774541075450/aspen_technology_logo?e=1787184000&v=beta&t=WvSExgj_UkRjcGIhHvWTc76p7qgESnC88CEU6sfD5t0;Specific > Sales > Account;https://www.linkedin.com/company/aspen-technology/about/;Software e Serviços de TI;sales OR account OR (customer AND success AND manager) OR (client AND success) OR (developer AND relations) OR (technical AND writer);aspen technology;1.0;;https://www.linkedin.com/jobs/view/4427872128/;https://www.linkedin.com/jobs/view/4427872128/;On-site;TI/Tech, Vendas / Comercial, Executivo de Contas;01/08/2026;Rio de Janeiro;Rio de Janeiro;RJ;Região Sudeste;Brasil;América do Sul
9;Austin Healthcare Solutions;Regional Sales -West;Sales (SP);01/08 10:00;https://www.linkedin.com/jobs/view/4447477722/;https://media.licdn.com/dms/image/v2/C4E0BAQG19SP5zRoldA/company-logo_100_100/company-logo_100_100/0/1630567177085?e=1787184000&v=beta&t=mM99kKpD_s3TqZ4oBDmqL3siIss7yaTH1L6PjDweJQk;-;https://www.linkedin.com/company/austin-healthcare-solutions/about/;Saúde e Hospitais;sales OR account OR (customer AND success AND manager) OR (client AND success) OR (developer AND relations) OR (technical AND writer);austin healthcare solutions;1.0;;https://www.linkedin.com/jobs/view/4447477722/;https://www.linkedin.com/jobs/view/4447477722/;On-site;Vendas / Comercial;01/08/2026;Sales;São Paulo;SP;Região Sudeste;Brasil;América do Sul
10;Austin Healthcare Solutions;Regional Sales-Northeast;Sales (SP);31/07 11:00;https://www.linkedin.com/jobs/view/4447491384/;https://media.licdn.com/dms/image/v2/C4E0BAQG19SP5zRoldA/company-logo_100_100/company-logo_100_100/0/1630567177085?e=1787184000&v=beta&t=mM99kKpD_s3TqZ4oBDmqL3siIss7yaTH1L6PjDweJQk;-;https://www.linkedin.com/company/austin-healthcare-solutions/about/;Saúde e Hospitais;sales OR account OR (customer AND success AND manager) OR (client AND success) OR (developer AND relations) OR (technical AND writer);austin healthcare solutions;1.0;;https://www.linkedin.com/jobs/view/4447491384/;https://www.linkedin.com/jobs/view/4447491384/;On-site;Vendas / Comercial;01/08/2026;Sales;São Paulo;SP;Região Sudeste;Brasil;América do Sul
11;Avalyst - Garantia Digital de Aluguel;Analista Sales Operations Pleno;Brasil;01/08 00:00;https://www.linkedin.com/jobs/view/4445567313/;https://media.licdn.com/dms/image/v2/D4D0BAQG2adSQ_K6zfA/company-logo_100_100/company-logo_100_100/0/1662384556077/avalyst_logo?e=1787184000&v=beta&t=uS80w1q3SJrjnd0NO8Pv34xbrEcxXoBeenkoC3oxzJE;Advanced > Specialist;https://www.linkedin.com/company/avalyst-garantia-digital-de-aluguel/about/;Software e Serviços de TI;sales OR account OR (customer AND success AND manager) OR (client AND success) OR (developer AND relations) OR (technical AND writer);avalyst - garantia digital de aluguel;1.0;empregos.com.br;https://www.linkedin.com/jobs/view/4445567313/;https://www.linkedin.com/jobs/view/4445567313/;On-site;Mid, Associate, Vendas / Comercial;01/08/2026;;;;;Brasil;América do Sul
12;BMC Software;Digital Sales Account Manager - Brazil;Grande São Paulo (SP) ;31/07 12:00;https://www.linkedin.com/jobs/view/4438874439/;https://media.licdn.com/dms/image/v2/D560BAQFofZBjhDHR-g/company-logo_100_100/company-logo_100_100/0/1711479125573/bmc_software_logo?e=1787184000&v=beta&t=pUhA_xfE5culZGUuhH254ss2jd0caFCNWKe_QDzjeF8;Specific > Sales > Account;https://www.linkedin.com/company/bmc-software/about/;Software e Serviços de TI;sales OR account OR (customer AND success AND manager) OR (client AND success) OR (developer AND relations) OR (technical AND writer);bmc software;1.0;;https://www.linkedin.com/jobs/view/4438874439/;https://www.linkedin.com/jobs/view/4438874439/;Hybrid;Liderança/Gerência, TI/Tech, Vendas / Comercial, Executivo de Contas;01/08/2026;;São Paulo;SP;Região Sudeste;Brasil;América do Sul
13;Bodor Laser;Sales Specialist;Minas Gerais, Brasil;31/07 15:00;https://www.linkedin.com/jobs/view/4447157591/;https://media.licdn.com/dms/image/v2/C560BAQFNT0Td3sZ16w/company-logo_100_100/company-logo_100_100/0/1672219842263/jinan_bodor_cnc_machine_co_ltd_logo?e=1787184000&v=beta&t=EJd7GfyIUHnybJSTwkfxPFAz-cqQIbqsc2hZlh2mkLg;Advanced > Specialist;https://www.linkedin.com/company/bodor-laser/about/;Vendas e Suporte;sales OR account OR (customer AND success AND manager) OR (client AND success) OR (developer AND relations) OR (technical AND writer);bodor laser;1;;https://www.linkedin.com/jobs/view/4447157591/;https://www.linkedin.com/jobs/view/4447157591/;On-site;Specialist, Vendas / Comercial;01/08/2026;;Minas Gerais;MG;Região Sudeste;Brasil;América do Sul
14;BruntWork;Account Manager;América Latina;31/07 17:00;https://www.linkedin.com/jobs/view/4445544051/;https://media.licdn.com/dms/image/v2/D560BAQEcCL_eiKAREA/company-logo_100_100/company-logo_100_100/0/1721186064757/bruntworkcareers_logo?e=1787184000&v=beta&t=1RoH0Ii9kL7lTwUu3sNufY4jecHimhNksTOl8X6ARq4;Specific > Sales > Account;https://www.linkedin.com/company/bruntwork/about/;-;sales OR account OR (customer AND success AND manager) OR (client AND success) OR (developer AND relations) OR (technical AND writer);bruntwork;1.0;apply.bruntworkcareers.co;https://www.linkedin.com/jobs/view/4445544051/;https://www.linkedin.com/jobs/view/4445544051/;Remote;Liderança/Gerência, Executivo de Contas;01/08/2026;;;;;;América Latina
15;BuscarVagas - Empregos Brasil;Pré Venda – Sales Development Representative (Sdr) – Porto Alegre – RS;Porto Alegre (RS);01/08 05:00;https://www.linkedin.com/jobs/view/4445596103/;missing logo;-;https://www.linkedin.com/company/buscarvagas-empregos-brasil/about/;Energia e Combustíveis;sales OR account OR (customer AND success AND manager) OR (client AND success) OR (developer AND relations) OR (technical AND writer);buscarvagas - empregos brasil;2.0;Vagas.com;https://www.linkedin.com/jobs/view/4445596103/;https://www.linkedin.com/jobs/view/4445596103/;On-site;Vendas / Comercial;01/08/2026;Porto Alegre;Rio Grande do Sul;RS;Região Sul;Brasil;América do Sul
16;BuscarVagas - Empregos Brasil;Sales Development Representative – Sdr – Porto Alegre – RS;Porto Alegre (RS);01/08 05:00;https://www.linkedin.com/jobs/view/4445597092/;missing logo;-;https://www.linkedin.com/company/buscarvagas-empregos-brasil/about/;Energia e Combustíveis;sales OR account OR (customer AND success AND manager) OR (client AND success) OR (developer AND relations) OR (technical AND writer);buscarvagas - empregos brasil;2.0;Vagas.com;https://www.linkedin.com/jobs/view/4445597092/;https://www.linkedin.com/jobs/view/4445597092/;On-site;Vendas / Comercial;01/08/2026;Porto Alegre;Rio Grande do Sul;RS;Região Sul;Brasil;América do Sul
17;CS Outsource;Sales Specialist;Brasil;31/07 19:00;https://www.linkedin.com/jobs/view/4447193634/;https://media.licdn.com/dms/image/v2/D4E0BAQEXS7i9ai_O7Q/company-logo_100_100/company-logo_100_100/0/1714855155145/cs_outsource_logo?e=1787184000&v=beta&t=slRkQCCzkk_kFpNrOEUtQ9TCru2Cv5JV7bMVCe9_Aqs;Advanced > Specialist;https://www.linkedin.com/company/cs-outsource/about/;Vendas e Suporte;sales OR account OR (customer AND success AND manager) OR (client AND success) OR (developer AND relations) OR (technical AND writer);cs outsource;1.0;;https://www.linkedin.com/jobs/view/4447193634/;https://www.linkedin.com/jobs/view/4447193634/;Remote;Specialist, Vendas / Comercial;01/08/2026;;;;;Brasil;América do Sul
18;Check Point Software;Partner Sales Manager;São Paulo (SP);31/07 12:00;https://www.linkedin.com/jobs/view/4445511884/;https://media.licdn.com/dms/image/v2/D560BAQGtqN8lHnC7WA/company-logo_100_100/company-logo_100_100/0/1698642229581/check_point_software_technologies_logo?e=1787184000&v=beta&t=XqhFI4sn2UsjwEQVV935cKmdbQqH5jWohcRlhYbuh-Q;Middle > Manager;https://www.linkedin.com/company/check-point-software/about/;Software e Serviços de TI;sales OR account OR (customer AND success AND manager) OR (client AND success) OR (developer AND relations) OR (technical AND writer);check point software;1.0;careers.checkpoint.com;https://www.linkedin.com/jobs/view/4445511884/;https://www.linkedin.com/jobs/view/4445511884/;Remote;Liderança/Gerência, Vendas / Comercial;01/08/2026;São Paulo;São Paulo;SP;Região Sudeste;Brasil;América do Sul
19;Citi;Markets – Sales and Trading, Internship, São Paulo - Brazil, 2026;São Paulo (SP);01/08 07:00;https://www.linkedin.com/jobs/view/4447469702/;https://media.licdn.com/dms/image/v2/D4E0BAQFgF4xtqyXBcg/company-logo_100_100/company-logo_100_100/0/1719257286385/citi_logo?e=1787184000&v=beta&t=dtVvocLo9FVZwWREFQC2RKdmL8rcO1OsRa6vJK7oK2w;-;https://www.linkedin.com/company/citi/about/;Software e Serviços de TI;sales OR account OR (customer AND success AND manager) OR (client AND success) OR (developer AND relations) OR (technical AND writer);citi;1.0;;https://www.linkedin.com/jobs/view/4447469702/;https://www.linkedin.com/jobs/view/4447469702/;Hybrid;Intern, Vendas / Comercial;01/08/2026;São Paulo;São Paulo;SP;Região Sudeste;Brasil;América do Sul
20;Clariant;Account Manager III - Personal & Home Care;São Paulo (SP);31/07 13:00;https://www.linkedin.com/jobs/view/4430165677/;https://media.licdn.com/dms/image/v2/D4E0BAQFDvHksrekCrQ/company-logo_100_100/B4EZ8eVZueH8AQ-/0/1782920354986/clariant_logo?e=1787184000&v=beta&t=Hk4ifdFzmWpgQTG0db4Q2ps-Yos4N1eC572s0dzpa6o;Specific > Sales > Account;https://www.linkedin.com/company/clariant/about/;-;sales OR account OR (customer AND success AND manager) OR (client AND success) OR (developer AND relations) OR (technical AND writer);clariant;1.0;;https://www.linkedin.com/jobs/view/4430165677/;https://www.linkedin.com/jobs/view/4430165677/;Hybrid;Liderança/Gerência, Executivo de Contas;01/08/2026;São Paulo;São Paulo;SP;Região Sudeste;Brasil;América do Sul
21;Collins Aerospace;Sales Specialist;Federal District, Brasil;01/08 07:00;https://www.linkedin.com/jobs/view/4439535849/;https://media.licdn.com/dms/image/v2/D560BAQGOO3rPemY70w/company-logo_100_100/company-logo_100_100/0/1687169228108/collins_aerospace_logo?e=1787184000&v=beta&t=TcWNEvsiywCzWz9XU-RbqCTyHYTZO9j9FXxbdCn14RQ;Advanced > Specialist;https://www.linkedin.com/company/collins-aerospace/about/;Aeroespacial e Aviação;sales OR account OR (customer AND success AND manager) OR (client AND success) OR (developer AND relations) OR (technical AND writer);collins aerospace;1;;https://www.linkedin.com/jobs/view/4439535849/;https://www.linkedin.com/jobs/view/4439535849/;Remote;Specialist, Vendas / Comercial;01/08/2026;;Distrito Federal;DF;Região Centro-Oeste;Brasil;América do Sul
22;Comu;Strategic Account Lead | TikTok Shop;São Paulo (SP);31/07 12:00;https://www.linkedin.com/jobs/view/4445500955/;https://media.licdn.com/dms/image/v2/D4D0BAQEw8ZRYr40Q5A/company-logo_100_100/B4DZ.6b.xXGkAI-/0/1785539325227/nossacomu_logo?e=1787184000&v=beta&t=i_UacWAA9EZe0IrVEeaLy8LxaU1t8BEgYicL1eFu4f8;Specific > Sales > Account;https://www.linkedin.com/company/comu/about/;Software e Serviços de TI;sales OR account OR (customer AND success AND manager) OR (client AND success) OR (developer AND relations) OR (technical AND writer);comu;1;;https://www.linkedin.com/jobs/view/4445500955/;https://www.linkedin.com/jobs/view/4445500955/;Hybrid;Mid, Liderança/Gerência;01/08/2026;São Paulo;São Paulo;SP;Região Sudeste;Brasil;América do Sul
23;Comu;Strategic Account Manager;São Paulo (SP);31/07 11:00;https://www.linkedin.com/jobs/view/4446781537/;https://media.licdn.com/dms/image/v2/D4D0BAQEw8ZRYr40Q5A/company-logo_100_100/B4DZ.6b.xXGkAI-/0/1785539325227/nossacomu_logo?e=1787184000&v=beta&t=i_UacWAA9EZe0IrVEeaLy8LxaU1t8BEgYicL1eFu4f8;Specific > Sales > Account;https://www.linkedin.com/company/comu/about/;-;sales OR account OR (customer AND success AND manager) OR (client AND success) OR (developer AND relations) OR (technical AND writer);comu;1;;https://www.linkedin.com/jobs/view/4446781537/;https://www.linkedin.com/jobs/view/4446781537/;Hybrid;Liderança/Gerência, Executivo de Contas;01/08/2026;São Paulo;São Paulo;SP;Região Sudeste;Brasil;América do Sul
24;Confidential Careers;Account Manager;SP;31/07 20:00;https://www.linkedin.com/jobs/view/4445177616/;https://media.licdn.com/dms/image/v2/D4D0BAQHAlnvLlr8B8A/company-logo_100_100/company-logo_100_100/0/1734179952791/goconfidentia_logo?e=1787184000&v=beta&t=kIPIPYXkOTpWYqJLdQgVvhGT3ExhkBoMygxgz-ShkRs;Specific > Sales > Account;https://www.linkedin.com/company/confidential-careers/about/;Software e Serviços de TI;sales OR account OR (customer AND success AND manager) OR (client AND success) OR (developer AND relations) OR (technical AND writer);confidential careers;1.0;;https://www.linkedin.com/jobs/view/4445177616/;https://www.linkedin.com/jobs/view/4445177616/;Hybrid;Liderança/Gerência, Executivo de Contas;01/08/2026;;São Paulo;SP;Região Sudeste;Brasil;América do Sul
25;Cosine Italy;Brand Ambassador | Sales promoter itinerante | Bari;Viamão (RS);01/08 02:00;https://www.linkedin.com/jobs/view/4445573898/;https://media.licdn.com/dms/image/v2/C4D0BAQHdNfcfJMjrGw/company-logo_100_100/company-logo_100_100/0/1677844482055/cosine_italy_logo?e=1787184000&v=beta&t=o7NA6itmhBDcgOhNoNhIAD7hP8lfa2Y32kpXIEOpZaE;-;https://www.linkedin.com/company/cosine-italy/about/;Software e Serviços de TI;sales OR account OR (customer AND success AND manager) OR (client AND success) OR (developer AND relations) OR (technical AND writer);cosine italy;1;;https://www.linkedin.com/jobs/view/4445573898/;https://www.linkedin.com/jobs/view/4445573898/;On-site;Vendas / Comercial;01/08/2026;Viamão;Rio Grande do Sul;RS;Região Sul;Brasil;América do Sul
26;Cosine Italy;Brand Ambassador | Sales promoter itinerante | Bologna;Viamão (RS);01/08 02:00;https://www.linkedin.com/jobs/view/4445574825/;https://media.licdn.com/dms/image/v2/C4D0BAQHdNfcfJMjrGw/company-logo_100_100/company-logo_100_100/0/1677844482055/cosine_italy_logo?e=1787184000&v=beta&t=o7NA6itmhBDcgOhNoNhIAD7hP8lfa2Y32kpXIEOpZaE;-;https://www.linkedin.com/company/cosine-italy/about/;Software e Serviços de TI;sales OR account OR (customer AND success AND manager) OR (client AND success) OR (developer AND relations) OR (technical AND writer);cosine italy;1;;https://www.linkedin.com/jobs/view/4445574825/;https://www.linkedin.com/jobs/view/4445574825/;On-site;Vendas / Comercial;01/08/2026;Viamão;Rio Grande do Sul;RS;Região Sul;Brasil;América do Sul
27;Cosine Italy;SALES AMBASSADOR | AGRIGENTO;Viamão (RS);01/08 03:00;https://www.linkedin.com/jobs/view/4445589019/;https://media.licdn.com/dms/image/v2/C4D0BAQHdNfcfJMjrGw/company-logo_100_100/company-logo_100_100/0/1677844482055/cosine_italy_logo?e=1787184000&v=beta&t=o7NA6itmhBDcgOhNoNhIAD7hP8lfa2Y32kpXIEOpZaE;-;https://www.linkedin.com/company/cosine-italy/about/;Software e Serviços de TI;sales OR account OR (customer AND success AND manager) OR (client AND success) OR (developer AND relations) OR (technical AND writer);cosine italy;1;;https://www.linkedin.com/jobs/view/4445589019/;https://www.linkedin.com/jobs/view/4445589019/;On-site;Vendas / Comercial;01/08/2026;Viamão;Rio Grande do Sul;RS;Região Sul;Brasil;América do Sul
28;Cosine Italy;SALES AMBASSADOR | ALESSANDRIA;Viamão (RS);01/08 03:00;https://www.linkedin.com/jobs/view/4445568912/;https://media.licdn.com/dms/image/v2/C4D0BAQHdNfcfJMjrGw/company-logo_100_100/company-logo_100_100/0/1677844482055/cosine_italy_logo?e=1787184000&v=beta&t=o7NA6itmhBDcgOhNoNhIAD7hP8lfa2Y32kpXIEOpZaE;-;https://www.linkedin.com/company/cosine-italy/about/;Software e Serviços de TI;sales OR account OR (customer AND success AND manager) OR (client AND success) OR (developer AND relations) OR (technical AND writer);cosine italy;1;;https://www.linkedin.com/jobs/view/4445568912/;https://www.linkedin.com/jobs/view/4445568912/;On-site;Vendas / Comercial;01/08/2026;Viamão;Rio Grande do Sul;RS;Região Sul;Brasil;América do Sul
29;Cosine Italy;SALES AMBASSADOR | ANCONA;Viamão (RS);01/08 03:00;https://www.linkedin.com/jobs/view/4445577820/;https://media.licdn.com/dms/image/v2/C4D0BAQHdNfcfJMjrGw/company-logo_100_100/company-logo_100_100/0/1677844482055/cosine_italy_logo?e=1787184000&v=beta&t=o7NA6itmhBDcgOhNoNhIAD7hP8lfa2Y32kpXIEOpZaE;-;https://www.linkedin.com/company/cosine-italy/about/;Software e Serviços de TI;sales OR account OR (customer AND success AND manager) OR (client AND success) OR (developer AND relations) OR (technical AND writer);cosine italy;1;;https://www.linkedin.com/jobs/view/4445577820/;https://www.linkedin.com/jobs/view/4445577820/;On-site;Vendas / Comercial;01/08/2026;Viamão;Rio Grande do Sul;RS;Região Sul;Brasil;América do Sul
30;Cosine Italy;SALES AMBASSADOR | ASCOLI PICENO;Viamão (RS);01/08 03:00;https://www.linkedin.com/jobs/view/4445575805/;https://media.licdn.com/dms/image/v2/C4D0BAQHdNfcfJMjrGw/company-logo_100_100/company-logo_100_100/0/1677844482055/cosine_italy_logo?e=1787184000&v=beta&t=o7NA6itmhBDcgOhNoNhIAD7hP8lfa2Y32kpXIEOpZaE;-;https://www.linkedin.com/company/cosine-italy/about/;Software e Serviços de TI;sales OR account OR (customer AND success AND manager) OR (client AND success) OR (developer AND relations) OR (technical AND writer);cosine italy;1;;https://www.linkedin.com/jobs/view/4445575805/;https://www.linkedin.com/jobs/view/4445575805/;On-site;Vendas / Comercial;01/08/2026;Viamão;Rio Grande do Sul;RS;Região Sul;Brasil;América do Sul
31;Cosine Italy;SALES AMBASSADOR | ASTI;Viamão (RS);01/08 03:00;https://www.linkedin.com/jobs/view/4445585700/;https://media.licdn.com/dms/image/v2/C4D0BAQHdNfcfJMjrGw/company-logo_100_100/company-logo_100_100/0/1677844482055/cosine_italy_logo?e=1787184000&v=beta&t=o7NA6itmhBDcgOhNoNhIAD7hP8lfa2Y32kpXIEOpZaE;-;https://www.linkedin.com/company/cosine-italy/about/;Software e Serviços de TI;sales OR account OR (customer AND success AND manager) OR (client AND success) OR (developer AND relations) OR (technical AND writer);cosine italy;1;;https://www.linkedin.com/jobs/view/4445585700/;https://www.linkedin.com/jobs/view/4445585700/;On-site;Vendas / Comercial;01/08/2026;Viamão;Rio Grande do Sul;RS;Região Sul;Brasil;América do Sul
32;Cosine Italy;SALES AMBASSADOR | AVELLINO;Viamão (RS);01/08 03:00;https://www.linkedin.com/jobs/view/4445576780/;https://media.licdn.com/dms/image/v2/C4D0BAQHdNfcfJMjrGw/company-logo_100_100/company-logo_100_100/0/1677844482055/cosine_italy_logo?e=1787184000&v=beta&t=o7NA6itmhBDcgOhNoNhIAD7hP8lfa2Y32kpXIEOpZaE;-;https://www.linkedin.com/company/cosine-italy/about/;Software e Serviços de TI;sales OR account OR (customer AND success AND manager) OR (client AND success) OR (developer AND relations) OR (technical AND writer);cosine italy;1;;https://www.linkedin.com/jobs/view/4445576780/;https://www.linkedin.com/jobs/view/4445576780/;On-site;Vendas / Comercial;01/08/2026;Viamão;Rio Grande do Sul;RS;Região Sul;Brasil;América do Sul
33;Cosine Italy;SALES AMBASSADOR | BARI;Viamão (RS);01/08 03:00;https://www.linkedin.com/jobs/view/4445577821/;https://media.licdn.com/dms/image/v2/C4D0BAQHdNfcfJMjrGw/company-logo_100_100/company-logo_100_100/0/1677844482055/cosine_italy_logo?e=1787184000&v=beta&t=o7NA6itmhBDcgOhNoNhIAD7hP8lfa2Y32kpXIEOpZaE;-;https://www.linkedin.com/company/cosine-italy/about/;Software e Serviços de TI;sales OR account OR (customer AND success AND manager) OR (client AND success) OR (developer AND relations) OR (technical AND writer);cosine italy;1;;https://www.linkedin.com/jobs/view/4445577821/;https://www.linkedin.com/jobs/view/4445577821/;On-site;Vendas / Comercial;01/08/2026;Viamão;Rio Grande do Sul;RS;Região Sul;Brasil;América do Sul
34;Cosine Italy;SALES AMBASSADOR | BARLETTA-ANDRIA-TRANI;Viamão (RS);01/08 03:00;https://www.linkedin.com/jobs/view/4445580786/;https://media.licdn.com/dms/image/v2/C4D0BAQHdNfcfJMjrGw/company-logo_100_100/company-logo_100_100/0/1677844482055/cosine_italy_logo?e=1787184000&v=beta&t=o7NA6itmhBDcgOhNoNhIAD7hP8lfa2Y32kpXIEOpZaE;-;https://www.linkedin.com/company/cosine-italy/about/;Software e Serviços de TI;sales OR account OR (customer AND success AND manager) OR (client AND success) OR (developer AND relations) OR (technical AND writer);cosine italy;1;;https://www.linkedin.com/jobs/view/4445580786/;https://www.linkedin.com/jobs/view/4445580786/;On-site;Vendas / Comercial;01/08/2026;Viamão;Rio Grande do Sul;RS;Região Sul;Brasil;América do Sul
35;Cosine Italy;SALES AMBASSADOR | BENEVENTO;Viamão (RS);01/08 03:00;https://www.linkedin.com/jobs/view/4445588546/;https://media.licdn.com/dms/image/v2/C4D0BAQHdNfcfJMjrGw/company-logo_100_100/company-logo_100_100/0/1677844482055/cosine_italy_logo?e=1787184000&v=beta&t=o7NA6itmhBDcgOhNoNhIAD7hP8lfa2Y32kpXIEOpZaE;-;https://www.linkedin.com/company/cosine-italy/about/;Software e Serviços de TI;sales OR account OR (customer AND success AND manager) OR (client AND success) OR (developer AND relations) OR (technical AND writer);cosine italy;1;;https://www.linkedin.com/jobs/view/4445588546/;https://www.linkedin.com/jobs/view/4445588546/;On-site;Eventos, Vendas / Comercial;01/08/2026;Viamão;Rio Grande do Sul;RS;Região Sul;Brasil;América do Sul
36;Cosine Italy;SALES AMBASSADOR | BIELLA;Viamão (RS);01/08 03:00;https://www.linkedin.com/jobs/view/4445586716/;https://media.licdn.com/dms/image/v2/C4D0BAQHdNfcfJMjrGw/company-logo_100_100/company-logo_100_100/0/1677844482055/cosine_italy_logo?e=1787184000&v=beta&t=o7NA6itmhBDcgOhNoNhIAD7hP8lfa2Y32kpXIEOpZaE;-;https://www.linkedin.com/company/cosine-italy/about/;Software e Serviços de TI;sales OR account OR (customer AND success AND manager) OR (client AND success) OR (developer AND relations) OR (technical AND writer);cosine italy;1;;https://www.linkedin.com/jobs/view/4445586716/;https://www.linkedin.com/jobs/view/4445586716/;On-site;Vendas / Comercial;01/08/2026;Viamão;Rio Grande do Sul;RS;Região Sul;Brasil;América do Sul
37;Cosine Italy;SALES AMBASSADOR | BIELLA;Viamão (RS);01/08 03:00;https://www.linkedin.com/jobs/view/4445578789/;https://media.licdn.com/dms/image/v2/C4D0BAQHdNfcfJMjrGw/company-logo_100_100/company-logo_100_100/0/1677844482055/cosine_italy_logo?e=1787184000&v=beta&t=o7NA6itmhBDcgOhNoNhIAD7hP8lfa2Y32kpXIEOpZaE;-;https://www.linkedin.com/company/cosine-italy/about/;Software e Serviços de TI;sales OR account OR (customer AND success AND manager) OR (client AND success) OR (developer AND relations) OR (technical AND writer);cosine italy;1;;https://www.linkedin.com/jobs/view/4445578789/;https://www.linkedin.com/jobs/view/4445578789/;On-site;Vendas / Comercial;01/08/2026;Viamão;Rio Grande do Sul;RS;Região Sul;Brasil;América do Sul
38;Cosine Italy;SALES AMBASSADOR | BRINDISI;Viamão (RS);01/08 03:00;https://www.linkedin.com/jobs/view/4445571888/;https://media.licdn.com/dms/image/v2/C4D0BAQHdNfcfJMjrGw/company-logo_100_100/company-logo_100_100/0/1677844482055/cosine_italy_logo?e=1787184000&v=beta&t=o7NA6itmhBDcgOhNoNhIAD7hP8lfa2Y32kpXIEOpZaE;-;https://www.linkedin.com/company/cosine-italy/about/;Software e Serviços de TI;sales OR account OR (customer AND success AND manager) OR (client AND success) OR (developer AND relations) OR (technical AND writer);cosine italy;1;;https://www.linkedin.com/jobs/view/4445571888/;https://www.linkedin.com/jobs/view/4445571888/;On-site;Vendas / Comercial;01/08/2026;Viamão;Rio Grande do Sul;RS;Região Sul;Brasil;América do Sul
39;Cosine Italy;SALES AMBASSADOR | CALTANISSETTA;Viamão (RS);01/08 03:00;https://www.linkedin.com/jobs/view/4445585701/;https://media.licdn.com/dms/image/v2/C4D0BAQHdNfcfJMjrGw/company-logo_100_100/company-logo_100_100/0/1677844482055/cosine_italy_logo?e=1787184000&v=beta&t=o7NA6itmhBDcgOhNoNhIAD7hP8lfa2Y32kpXIEOpZaE;-;https://www.linkedin.com/company/cosine-italy/about/;Software e Serviços de TI;sales OR account OR (customer AND success AND manager) OR (client AND success) OR (developer AND relations) OR (technical AND writer);cosine italy;1;;https://www.linkedin.com/jobs/view/4445585701/;https://www.linkedin.com/jobs/view/4445585701/;On-site;Vendas / Comercial;01/08/2026;Viamão;Rio Grande do Sul;RS;Região Sul;Brasil;América do Sul
40;Cosine Italy;SALES AMBASSADOR | CASERTA;Viamão (RS);01/08 03:00;https://www.linkedin.com/jobs/view/4445567888/;https://media.licdn.com/dms/image/v2/C4D0BAQHdNfcfJMjrGw/company-logo_100_100/company-logo_100_100/0/1677844482055/cosine_italy_logo?e=1787184000&v=beta&t=o7NA6itmhBDcgOhNoNhIAD7hP8lfa2Y32kpXIEOpZaE;-;https://www.linkedin.com/company/cosine-italy/about/;Software e Serviços de TI;sales OR account OR (customer AND success AND manager) OR (client AND success) OR (developer AND relations) OR (technical AND writer);cosine italy;1;;https://www.linkedin.com/jobs/view/4445567888/;https://www.linkedin.com/jobs/view/4445567888/;On-site;Vendas / Comercial;01/08/2026;Viamão;Rio Grande do Sul;RS;Região Sul;Brasil;América do Sul
41;Cosine Italy;SALES AMBASSADOR | CATANIA;Viamão (RS);01/08 03:00;https://www.linkedin.com/jobs/view/4445584724/;https://media.licdn.com/dms/image/v2/C4D0BAQHdNfcfJMjrGw/company-logo_100_100/company-logo_100_100/0/1677844482055/cosine_italy_logo?e=1787184000&v=beta&t=o7NA6itmhBDcgOhNoNhIAD7hP8lfa2Y32kpXIEOpZaE;-;https://www.linkedin.com/company/cosine-italy/about/;Software e Serviços de TI;sales OR account OR (customer AND success AND manager) OR (client AND success) OR (developer AND relations) OR (technical AND writer);cosine italy;1;;https://www.linkedin.com/jobs/view/4445584724/;https://www.linkedin.com/jobs/view/4445584724/;On-site;Vendas / Comercial;01/08/2026;Viamão;Rio Grande do Sul;RS;Região Sul;Brasil;América do Sul
42;Cosine Italy;SALES AMBASSADOR | CUNEO;Viamão (RS);01/08 03:00;https://www.linkedin.com/jobs/view/4445584726/;https://media.licdn.com/dms/image/v2/C4D0BAQHdNfcfJMjrGw/company-logo_100_100/company-logo_100_100/0/1677844482055/cosine_italy_logo?e=1787184000&v=beta&t=o7NA6itmhBDcgOhNoNhIAD7hP8lfa2Y32kpXIEOpZaE;-;https://www.linkedin.com/company/cosine-italy/about/;Software e Serviços de TI;sales OR account OR (customer AND success AND manager) OR (client AND success) OR (developer AND relations) OR (technical AND writer);cosine italy;1;;https://www.linkedin.com/jobs/view/4445584726/;https://www.linkedin.com/jobs/view/4445584726/;On-site;Vendas / Comercial;01/08/2026;Viamão;Rio Grande do Sul;RS;Região Sul;Brasil;América do Sul
43;Cosine Italy;SALES AMBASSADOR | ENNA;Viamão (RS);01/08 03:00;https://www.linkedin.com/jobs/view/4445582755/;https://media.licdn.com/dms/image/v2/C4D0BAQHdNfcfJMjrGw/company-logo_100_100/company-logo_100_100/0/1677844482055/cosine_italy_logo?e=1787184000&v=beta&t=o7NA6itmhBDcgOhNoNhIAD7hP8lfa2Y32kpXIEOpZaE;-;https://www.linkedin.com/company/cosine-italy/about/;Software e Serviços de TI;sales OR account OR (customer AND success AND manager) OR (client AND success) OR (developer AND relations) OR (technical AND writer);cosine italy;1;;https://www.linkedin.com/jobs/view/4445582755/;https://www.linkedin.com/jobs/view/4445582755/;On-site;Vendas / Comercial;01/08/2026;Viamão;Rio Grande do Sul;RS;Região Sul;Brasil;América do Sul
44;Cosine Italy;SALES AMBASSADOR | FERMO;Viamão (RS);01/08 03:00;https://www.linkedin.com/jobs/view/4445572861/;https://media.licdn.com/dms/image/v2/C4D0BAQHdNfcfJMjrGw/company-logo_100_100/company-logo_100_100/0/1677844482055/cosine_italy_logo?e=1787184000&v=beta&t=o7NA6itmhBDcgOhNoNhIAD7hP8lfa2Y32kpXIEOpZaE;-;https://www.linkedin.com/company/cosine-italy/about/;Software e Serviços de TI;sales OR account OR (customer AND success AND manager) OR (client AND success) OR (developer AND relations) OR (technical AND writer);cosine italy;1;;https://www.linkedin.com/jobs/view/4445572861/;https://www.linkedin.com/jobs/view/4445572861/;On-site;Vendas / Comercial;01/08/2026;Viamão;Rio Grande do Sul;RS;Região Sul;Brasil;América do Sul
45;Cosine Italy;SALES AMBASSADOR | FOGGIA;Viamão (RS);01/08 03:00;https://www.linkedin.com/jobs/view/4445573902/;https://media.licdn.com/dms/image/v2/C4D0BAQHdNfcfJMjrGw/company-logo_100_100/company-logo_100_100/0/1677844482055/cosine_italy_logo?e=1787184000&v=beta&t=o7NA6itmhBDcgOhNoNhIAD7hP8lfa2Y32kpXIEOpZaE;-;https://www.linkedin.com/company/cosine-italy/about/;Software e Serviços de TI;sales OR account OR (customer AND success AND manager) OR (client AND success) OR (developer AND relations) OR (technical AND writer);cosine italy;1;;https://www.linkedin.com/jobs/view/4445573902/;https://www.linkedin.com/jobs/view/4445573902/;On-site;Vendas / Comercial;01/08/2026;Viamão;Rio Grande do Sul;RS;Região Sul;Brasil;América do Sul
46;Cosine Italy;SALES AMBASSADOR | GENOVA;Viamão (RS);01/08 03:00;https://www.linkedin.com/jobs/view/4445583738/;https://media.licdn.com/dms/image/v2/C4D0BAQHdNfcfJMjrGw/company-logo_100_100/company-logo_100_100/0/1677844482055/cosine_italy_logo?e=1787184000&v=beta&t=o7NA6itmhBDcgOhNoNhIAD7hP8lfa2Y32kpXIEOpZaE;-;https://www.linkedin.com/company/cosine-italy/about/;Software e Serviços de TI;sales OR account OR (customer AND success AND manager) OR (client AND success) OR (developer AND relations) OR (technical AND writer);cosine italy;1;;https://www.linkedin.com/jobs/view/4445583738/;https://www.linkedin.com/jobs/view/4445583738/;On-site;Vendas / Comercial;01/08/2026;Viamão;Rio Grande do Sul;RS;Região Sul;Brasil;América do Sul
47;Cosine Italy;SALES AMBASSADOR | IMPERIA;Viamão (RS);01/08 03:00;https://www.linkedin.com/jobs/view/4445584727/;https://media.licdn.com/dms/image/v2/C4D0BAQHdNfcfJMjrGw/company-logo_100_100/company-logo_100_100/0/1677844482055/cosine_italy_logo?e=1787184000&v=beta&t=o7NA6itmhBDcgOhNoNhIAD7hP8lfa2Y32kpXIEOpZaE;-;https://www.linkedin.com/company/cosine-italy/about/;Software e Serviços de TI;sales OR account OR (customer AND success AND manager) OR (client AND success) OR (developer AND relations) OR (technical AND writer);cosine italy;1;;https://www.linkedin.com/jobs/view/4445584727/;https://www.linkedin.com/jobs/view/4445584727/;On-site;Vendas / Comercial;01/08/2026;Viamão;Rio Grande do Sul;RS;Região Sul;Brasil;América do Sul
48;Cosine Italy;SALES AMBASSADOR | LA SPEZIA;Viamão (RS);01/08 03:00;https://www.linkedin.com/jobs/view/4445568913/;https://media.licdn.com/dms/image/v2/C4D0BAQHdNfcfJMjrGw/company-logo_100_100/company-logo_100_100/0/1677844482055/cosine_italy_logo?e=1787184000&v=beta&t=o7NA6itmhBDcgOhNoNhIAD7hP8lfa2Y32kpXIEOpZaE;-;https://www.linkedin.com/company/cosine-italy/about/;Software e Serviços de TI;sales OR account OR (customer AND success AND manager) OR (client AND success) OR (developer AND relations) OR (technical AND writer);cosine italy;1;;https://www.linkedin.com/jobs/view/4445568913/;https://www.linkedin.com/jobs/view/4445568913/;On-site;Vendas / Comercial;01/08/2026;Viamão;Rio Grande do Sul;RS;Região Sul;Brasil;América do Sul
49;Cosine Italy;SALES AMBASSADOR | LECCE;Viamão (RS);01/08 03:00;https://www.linkedin.com/jobs/view/4445580787/;https://media.licdn.com/dms/image/v2/C4D0BAQHdNfcfJMjrGw/company-logo_100_100/company-logo_100_100/0/1677844482055/cosine_italy_logo?e=1787184000&v=beta&t=o7NA6itmhBDcgOhNoNhIAD7hP8lfa2Y32kpXIEOpZaE;-;https://www.linkedin.com/company/cosine-italy/about/;Software e Serviços de TI;sales OR account OR (customer AND success AND manager) OR (client AND success) OR (developer AND relations) OR (technical AND writer);cosine italy;1;;https://www.linkedin.com/jobs/view/4445580787/;https://www.linkedin.com/jobs/view/4445580787/;On-site;Vendas / Comercial;01/08/2026;Viamão;Rio Grande do Sul;RS;Região Sul;Brasil;América do Sul
50;Cosine Italy;SALES AMBASSADOR | MACERATA;Viamão (RS);01/08 03:00;https://www.linkedin.com/jobs/view/4445587677/;https://media.licdn.com/dms/image/v2/C4D0BAQHdNfcfJMjrGw/company-logo_100_100/company-logo_100_100/0/1677844482055/cosine_italy_logo?e=1787184000&v=beta&t=o7NA6itmhBDcgOhNoNhIAD7hP8lfa2Y32kpXIEOpZaE;-;https://www.linkedin.com/company/cosine-italy/about/;Software e Serviços de TI;sales OR account OR (customer AND success AND manager) OR (client AND success) OR (developer AND relations) OR (technical AND writer);cosine italy;1;;https://www.linkedin.com/jobs/view/4445587677/;https://www.linkedin.com/jobs/view/4445587677/;On-site;Vendas / Comercial;01/08/2026;Viamão;Rio Grande do Sul;RS;Região Sul;Brasil;América do Sul
51;Cosine Italy;SALES AMBASSADOR | MESSINA;Viamão (RS);01/08 03:00;https://www.linkedin.com/jobs/view/4445576781/;https://media.licdn.com/dms/image/v2/C4D0BAQHdNfcfJMjrGw/company-logo_100_100/company-logo_100_100/0/1677844482055/cosine_italy_logo?e=1787184000&v=beta&t=o7NA6itmhBDcgOhNoNhIAD7hP8lfa2Y32kpXIEOpZaE;-;https://www.linkedin.com/company/cosine-italy/about/;Software e Serviços de TI;sales OR account OR (customer AND success AND manager) OR (client AND success) OR (developer AND relations) OR (technical AND writer);cosine italy;1;;https://www.linkedin.com/jobs/view/4445576781/;https://www.linkedin.com/jobs/view/4445576781/;On-site;Vendas / Comercial;01/08/2026;Viamão;Rio Grande do Sul;RS;Região Sul;Brasil;América do Sul
52;Cosine Italy;SALES AMBASSADOR | MILANO;Viamão (RS);01/08 03:00;https://www.linkedin.com/jobs/view/4445571889/;https://media.licdn.com/dms/image/v2/C4D0BAQHdNfcfJMjrGw/company-logo_100_100/company-logo_100_100/0/1677844482055/cosine_italy_logo?e=1787184000&v=beta&t=o7NA6itmhBDcgOhNoNhIAD7hP8lfa2Y32kpXIEOpZaE;-;https://www.linkedin.com/company/cosine-italy/about/;Software e Serviços de TI;sales OR account OR (customer AND success AND manager) OR (client AND success) OR (developer AND relations) OR (technical AND writer);cosine italy;1;;https://www.linkedin.com/jobs/view/4445571889/;https://www.linkedin.com/jobs/view/4445571889/;On-site;Vendas / Comercial;01/08/2026;Viamão;Rio Grande do Sul;RS;Região Sul;Brasil;América do Sul
53;Cosine Italy;SALES AMBASSADOR | NAPOLI;Viamão (RS);01/08 03:00;https://www.linkedin.com/jobs/view/4445570864/;https://media.licdn.com/dms/image/v2/C4D0BAQHdNfcfJMjrGw/company-logo_100_100/company-logo_100_100/0/1677844482055/cosine_italy_logo?e=1787184000&v=beta&t=o7NA6itmhBDcgOhNoNhIAD7hP8lfa2Y32kpXIEOpZaE;-;https://www.linkedin.com/company/cosine-italy/about/;Software e Serviços de TI;sales OR account OR (customer AND success AND manager) OR (client AND success) OR (developer AND relations) OR (technical AND writer);cosine italy;1;;https://www.linkedin.com/jobs/view/4445570864/;https://www.linkedin.com/jobs/view/4445570864/;On-site;Vendas / Comercial;01/08/2026;Viamão;Rio Grande do Sul;RS;Região Sul;Brasil;América do Sul
54;Cosine Italy;SALES AMBASSADOR | NAPOLI;Viamão (RS);01/08 03:00;https://www.linkedin.com/jobs/view/4445584728/;https://media.licdn.com/dms/image/v2/C4D0BAQHdNfcfJMjrGw/company-logo_100_100/company-logo_100_100/0/1677844482055/cosine_italy_logo?e=1787184000&v=beta&t=o7NA6itmhBDcgOhNoNhIAD7hP8lfa2Y32kpXIEOpZaE;-;https://www.linkedin.com/company/cosine-italy/about/;Software e Serviços de TI;sales OR account OR (customer AND success AND manager) OR (client AND success) OR (developer AND relations) OR (technical AND writer);cosine italy;1;;https://www.linkedin.com/jobs/view/4445584728/;https://www.linkedin.com/jobs/view/4445584728/;On-site;Vendas / Comercial;01/08/2026;Viamão;Rio Grande do Sul;RS;Região Sul;Brasil;América do Sul
55;Cosine Italy;SALES AMBASSADOR | NOVARA;Viamão (RS);01/08 03:00;https://www.linkedin.com/jobs/view/4445588547/;https://media.licdn.com/dms/image/v2/C4D0BAQHdNfcfJMjrGw/company-logo_100_100/company-logo_100_100/0/1677844482055/cosine_italy_logo?e=1787184000&v=beta&t=o7NA6itmhBDcgOhNoNhIAD7hP8lfa2Y32kpXIEOpZaE;-;https://www.linkedin.com/company/cosine-italy/about/;Software e Serviços de TI;sales OR account OR (customer AND success AND manager) OR (client AND success) OR (developer AND relations) OR (technical AND writer);cosine italy;1;;https://www.linkedin.com/jobs/view/4445588547/;https://www.linkedin.com/jobs/view/4445588547/;On-site;Vendas / Comercial;01/08/2026;Viamão;Rio Grande do Sul;RS;Região Sul;Brasil;América do Sul
56;Cosine Italy;SALES AMBASSADOR | PALERMO;Viamão (RS);01/08 03:00;https://www.linkedin.com/jobs/view/4445568914/;https://media.licdn.com/dms/image/v2/C4D0BAQHdNfcfJMjrGw/company-logo_100_100/company-logo_100_100/0/1677844482055/cosine_italy_logo?e=1787184000&v=beta&t=o7NA6itmhBDcgOhNoNhIAD7hP8lfa2Y32kpXIEOpZaE;-;https://www.linkedin.com/company/cosine-italy/about/;Software e Serviços de TI;sales OR account OR (customer AND success AND manager) OR (client AND success) OR (developer AND relations) OR (technical AND writer);cosine italy;1;;https://www.linkedin.com/jobs/view/4445568914/;https://www.linkedin.com/jobs/view/4445568914/;On-site;Vendas / Comercial;01/08/2026;Viamão;Rio Grande do Sul;RS;Região Sul;Brasil;América do Sul
57;Cosine Italy;SALES AMBASSADOR | PESARO E URBINO;Viamão (RS);01/08 03:00;https://www.linkedin.com/jobs/view/4445571890/;https://media.licdn.com/dms/image/v2/C4D0BAQHdNfcfJMjrGw/company-logo_100_100/company-logo_100_100/0/1677844482055/cosine_italy_logo?e=1787184000&v=beta&t=o7NA6itmhBDcgOhNoNhIAD7hP8lfa2Y32kpXIEOpZaE;-;https://www.linkedin.com/company/cosine-italy/about/;Software e Serviços de TI;sales OR account OR (customer AND success AND manager) OR (client AND success) OR (developer AND relations) OR (technical AND writer);cosine italy;1;;https://www.linkedin.com/jobs/view/4445571890/;https://www.linkedin.com/jobs/view/4445571890/;On-site;Vendas / Comercial;01/08/2026;Viamão;Rio Grande do Sul;RS;Região Sul;Brasil;América do Sul
58;Cosine Italy;SALES AMBASSADOR | RAGUSA;Viamão (RS);01/08 03:00;https://www.linkedin.com/jobs/view/4445586719/;https://media.licdn.com/dms/image/v2/C4D0BAQHdNfcfJMjrGw/company-logo_100_100/company-logo_100_100/0/1677844482055/cosine_italy_logo?e=1787184000&v=beta&t=o7NA6itmhBDcgOhNoNhIAD7hP8lfa2Y32kpXIEOpZaE;-;https://www.linkedin.com/company/cosine-italy/about/;Software e Serviços de TI;sales OR account OR (customer AND success AND manager) OR (client AND success) OR (developer AND relations) OR (technical AND writer);cosine italy;1;;https://www.linkedin.com/jobs/view/4445586719/;https://www.linkedin.com/jobs/view/4445586719/;On-site;Vendas / Comercial;01/08/2026;Viamão;Rio Grande do Sul;RS;Região Sul;Brasil;América do Sul
59;Cosine Italy;SALES AMBASSADOR | SALERNO;Viamão (RS);01/08 03:00;https://www.linkedin.com/jobs/view/4445589023/;https://media.licdn.com/dms/image/v2/C4D0BAQHdNfcfJMjrGw/company-logo_100_100/company-logo_100_100/0/1677844482055/cosine_italy_logo?e=1787184000&v=beta&t=o7NA6itmhBDcgOhNoNhIAD7hP8lfa2Y32kpXIEOpZaE;-;https://www.linkedin.com/company/cosine-italy/about/;Software e Serviços de TI;sales OR account OR (customer AND success AND manager) OR (client AND success) OR (developer AND relations) OR (technical AND writer);cosine italy;1;;https://www.linkedin.com/jobs/view/4445589023/;https://www.linkedin.com/jobs/view/4445589023/;On-site;Vendas / Comercial;01/08/2026;Viamão;Rio Grande do Sul;RS;Região Sul;Brasil;América do Sul
60;Cosine Italy;SALES AMBASSADOR | SALERNO;Viamão (RS);01/08 03:00;https://www.linkedin.com/jobs/view/4445578790/;https://media.licdn.com/dms/image/v2/C4D0BAQHdNfcfJMjrGw/company-logo_100_100/company-logo_100_100/0/1677844482055/cosine_italy_logo?e=1787184000&v=beta&t=o7NA6itmhBDcgOhNoNhIAD7hP8lfa2Y32kpXIEOpZaE;-;https://www.linkedin.com/company/cosine-italy/about/;Software e Serviços de TI;sales OR account OR (customer AND success AND manager) OR (client AND success) OR (developer AND relations) OR (technical AND writer);cosine italy;1;;https://www.linkedin.com/jobs/view/4445578790/;https://www.linkedin.com/jobs/view/4445578790/;On-site;Vendas / Comercial;01/08/2026;Viamão;Rio Grande do Sul;RS;Região Sul;Brasil;América do Sul
61;Cosine Italy;SALES AMBASSADOR | SAVONA;Viamão (RS);01/08 03:00;https://www.linkedin.com/jobs/view/4445577824/;https://media.licdn.com/dms/image/v2/C4D0BAQHdNfcfJMjrGw/company-logo_100_100/company-logo_100_100/0/1677844482055/cosine_italy_logo?e=1787184000&v=beta&t=o7NA6itmhBDcgOhNoNhIAD7hP8lfa2Y32kpXIEOpZaE;-;https://www.linkedin.com/company/cosine-italy/about/;Software e Serviços de TI;sales OR account OR (customer AND success AND manager) OR (client AND success) OR (developer AND relations) OR (technical AND writer);cosine italy;1;;https://www.linkedin.com/jobs/view/4445577824/;https://www.linkedin.com/jobs/view/4445577824/;On-site;Vendas / Comercial;01/08/2026;Viamão;Rio Grande do Sul;RS;Região Sul;Brasil;América do Sul
62;Cosine Italy;SALES AMBASSADOR | SIRACUSA;Viamão (RS);01/08 03:00;https://www.linkedin.com/jobs/view/4445570865/;https://media.licdn.com/dms/image/v2/C4D0BAQHdNfcfJMjrGw/company-logo_100_100/company-logo_100_100/0/1677844482055/cosine_italy_logo?e=1787184000&v=beta&t=o7NA6itmhBDcgOhNoNhIAD7hP8lfa2Y32kpXIEOpZaE;-;https://www.linkedin.com/company/cosine-italy/about/;Software e Serviços de TI;sales OR account OR (customer AND success AND manager) OR (client AND success) OR (developer AND relations) OR (technical AND writer);cosine italy;1;;https://www.linkedin.com/jobs/view/4445570865/;https://www.linkedin.com/jobs/view/4445570865/;On-site;Vendas / Comercial;01/08/2026;Viamão;Rio Grande do Sul;RS;Região Sul;Brasil;América do Sul
63;Cosine Italy;SALES AMBASSADOR | TARANTO;Viamão (RS);01/08 03:00;https://www.linkedin.com/jobs/view/4445585702/;https://media.licdn.com/dms/image/v2/C4D0BAQHdNfcfJMjrGw/company-logo_100_100/company-logo_100_100/0/1677844482055/cosine_italy_logo?e=1787184000&v=beta&t=o7NA6itmhBDcgOhNoNhIAD7hP8lfa2Y32kpXIEOpZaE;-;https://www.linkedin.com/company/cosine-italy/about/;Software e Serviços de TI;sales OR account OR (customer AND success AND manager) OR (client AND success) OR (developer AND relations) OR (technical AND writer);cosine italy;1;;https://www.linkedin.com/jobs/view/4445585702/;https://www.linkedin.com/jobs/view/4445585702/;On-site;Vendas / Comercial;01/08/2026;Viamão;Rio Grande do Sul;RS;Região Sul;Brasil;América do Sul
64;Cosine Italy;SALES AMBASSADOR | TORINO;Viamão (RS);31/07 11:00;https://www.linkedin.com/jobs/view/4445576782/;https://media.licdn.com/dms/image/v2/C4D0BAQHdNfcfJMjrGw/company-logo_100_100/company-logo_100_100/0/1677844482055/cosine_italy_logo?e=1787184000&v=beta&t=o7NA6itmhBDcgOhNoNhIAD7hP8lfa2Y32kpXIEOpZaE;-;https://www.linkedin.com/company/cosine-italy/about/;Software e Serviços de TI;sales OR account OR (customer AND success AND manager) OR (client AND success) OR (developer AND relations) OR (technical AND writer);cosine italy;1;;https://www.linkedin.com/jobs/view/4445576782/;https://www.linkedin.com/jobs/view/4445576782/;On-site;Vendas / Comercial;01/08/2026;Viamão;Rio Grande do Sul;RS;Região Sul;Brasil;América do Sul
65;Cosine Italy;SALES AMBASSADOR | TRAPANI;Viamão (RS);01/08 03:00;https://www.linkedin.com/jobs/view/4445566956/;https://media.licdn.com/dms/image/v2/C4D0BAQHdNfcfJMjrGw/company-logo_100_100/company-logo_100_100/0/1677844482055/cosine_italy_logo?e=1787184000&v=beta&t=o7NA6itmhBDcgOhNoNhIAD7hP8lfa2Y32kpXIEOpZaE;-;https://www.linkedin.com/company/cosine-italy/about/;Software e Serviços de TI;sales OR account OR (customer AND success AND manager) OR (client AND success) OR (developer AND relations) OR (technical AND writer);cosine italy;1;;https://www.linkedin.com/jobs/view/4445566956/;https://www.linkedin.com/jobs/view/4445566956/;On-site;Vendas / Comercial;01/08/2026;Viamão;Rio Grande do Sul;RS;Região Sul;Brasil;América do Sul
66;Cosine Italy;SALES AMBASSADOR | VERBANO-CUSIO-OSSOLA;Viamão (RS);01/08 03:00;https://www.linkedin.com/jobs/view/4445584729/;https://media.licdn.com/dms/image/v2/C4D0BAQHdNfcfJMjrGw/company-logo_100_100/company-logo_100_100/0/1677844482055/cosine_italy_logo?e=1787184000&v=beta&t=o7NA6itmhBDcgOhNoNhIAD7hP8lfa2Y32kpXIEOpZaE;-;https://www.linkedin.com/company/cosine-italy/about/;Software e Serviços de TI;sales OR account OR (customer AND success AND manager) OR (client AND success) OR (developer AND relations) OR (technical AND writer);cosine italy;1;;https://www.linkedin.com/jobs/view/4445584729/;https://www.linkedin.com/jobs/view/4445584729/;On-site;Vendas / Comercial;01/08/2026;Viamão;Rio Grande do Sul;RS;Região Sul;Brasil;América do Sul
67;Cosine Italy;SALES AMBASSADOR | VERCELLI;Viamão (RS);31/07 11:00;https://www.linkedin.com/jobs/view/4445581755/;https://media.licdn.com/dms/image/v2/C4D0BAQHdNfcfJMjrGw/company-logo_100_100/company-logo_100_100/0/1677844482055/cosine_italy_logo?e=1787184000&v=beta&t=o7NA6itmhBDcgOhNoNhIAD7hP8lfa2Y32kpXIEOpZaE;-;https://www.linkedin.com/company/cosine-italy/about/;Software e Serviços de TI;sales OR account OR (customer AND success AND manager) OR (client AND success) OR (developer AND relations) OR (technical AND writer);cosine italy;1;;https://www.linkedin.com/jobs/view/4445581755/;https://www.linkedin.com/jobs/view/4445581755/;On-site;Vendas / Comercial;01/08/2026;Viamão;Rio Grande do Sul;RS;Região Sul;Brasil;América do Sul
68;Cosine Italy;SALES PROMOTER TELEFONIA | CC LE RONDINELLE | BRESCIA;Viamão (RS);01/08 03:00;https://www.linkedin.com/jobs/view/4445589024/;https://media.licdn.com/dms/image/v2/C4D0BAQHdNfcfJMjrGw/company-logo_100_100/company-logo_100_100/0/1677844482055/cosine_italy_logo?e=1787184000&v=beta&t=o7NA6itmhBDcgOhNoNhIAD7hP8lfa2Y32kpXIEOpZaE;-;https://www.linkedin.com/company/cosine-italy/about/;Software e Serviços de TI;sales OR account OR (customer AND success AND manager) OR (client AND success) OR (developer AND relations) OR (technical AND writer);cosine italy;1;;https://www.linkedin.com/jobs/view/4445589024/;https://www.linkedin.com/jobs/view/4445589024/;On-site;Vendas / Comercial;01/08/2026;Viamão;Rio Grande do Sul;RS;Região Sul;Brasil;América do Sul
69;Cosine Italy;Sales Expert | Conoscenza canale Horeca | ANCONA;Viamão (RS);31/07 11:00;https://www.linkedin.com/jobs/view/4445575810/;https://media.licdn.com/dms/image/v2/C4D0BAQHdNfcfJMjrGw/company-logo_100_100/company-logo_100_100/0/1677844482055/cosine_italy_logo?e=1787184000&v=beta&t=o7NA6itmhBDcgOhNoNhIAD7hP8lfa2Y32kpXIEOpZaE;Advanced > Specialist;https://www.linkedin.com/company/cosine-italy/about/;Software e Serviços de TI;sales OR account OR (customer AND success AND manager) OR (client AND success) OR (developer AND relations) OR (technical AND writer);cosine italy;1;;https://www.linkedin.com/jobs/view/4445575810/;https://www.linkedin.com/jobs/view/4445575810/;On-site;Specialist, Vendas / Comercial;01/08/2026;Viamão;Rio Grande do Sul;RS;Região Sul;Brasil;América do Sul
70;Cosine Italy;Sales Expert | Conoscenza canale Horeca | CAGLIARI;Viamão (RS);31/07 11:00;https://www.linkedin.com/jobs/view/4445569897/;https://media.licdn.com/dms/image/v2/C4D0BAQHdNfcfJMjrGw/company-logo_100_100/company-logo_100_100/0/1677844482055/cosine_italy_logo?e=1787184000&v=beta&t=o7NA6itmhBDcgOhNoNhIAD7hP8lfa2Y32kpXIEOpZaE;Advanced > Specialist;https://www.linkedin.com/company/cosine-italy/about/;Software e Serviços de TI;sales OR account OR (customer AND success AND manager) OR (client AND success) OR (developer AND relations) OR (technical AND writer);cosine italy;1;;https://www.linkedin.com/jobs/view/4445569897/;https://www.linkedin.com/jobs/view/4445569897/;On-site;Specialist, Vendas / Comercial;01/08/2026;Viamão;Rio Grande do Sul;RS;Região Sul;Brasil;América do Sul
71;Cosine Italy;Sales Expert | Conoscenza canale Horeca | CASERTA;Viamão (RS);31/07 11:00;https://www.linkedin.com/jobs/view/4445579804/;https://media.licdn.com/dms/image/v2/C4D0BAQHdNfcfJMjrGw/company-logo_100_100/company-logo_100_100/0/1677844482055/cosine_italy_logo?e=1787184000&v=beta&t=o7NA6itmhBDcgOhNoNhIAD7hP8lfa2Y32kpXIEOpZaE;Advanced > Specialist;https://www.linkedin.com/company/cosine-italy/about/;Software e Serviços de TI;sales OR account OR (customer AND success AND manager) OR (client AND success) OR (developer AND relations) OR (technical AND writer);cosine italy;1;;https://www.linkedin.com/jobs/view/4445579804/;https://www.linkedin.com/jobs/view/4445579804/;On-site;Specialist, Vendas / Comercial;01/08/2026;Viamão;Rio Grande do Sul;RS;Região Sul;Brasil;América do Sul
72;Cosine Italy;Sales Expert | Conoscenza canale Horeca | LATINA;Viamão (RS);01/08 03:00;https://www.linkedin.com/jobs/view/4445578791/;https://media.licdn.com/dms/image/v2/C4D0BAQHdNfcfJMjrGw/company-logo_100_100/company-logo_100_100/0/1677844482055/cosine_italy_logo?e=1787184000&v=beta&t=o7NA6itmhBDcgOhNoNhIAD7hP8lfa2Y32kpXIEOpZaE;Advanced > Specialist;https://www.linkedin.com/company/cosine-italy/about/;Software e Serviços de TI;sales OR account OR (customer AND success AND manager) OR (client AND success) OR (developer AND relations) OR (technical AND writer);cosine italy;1;;https://www.linkedin.com/jobs/view/4445578791/;https://www.linkedin.com/jobs/view/4445578791/;On-site;Specialist, Vendas / Comercial;01/08/2026;Viamão;Rio Grande do Sul;RS;Região Sul;Brasil;América do Sul
73;Cosine Italy;Sales Expert | Conoscenza canale Horeca | SALERNO;Viamão (RS);31/07 11:00;https://www.linkedin.com/jobs/view/4445576783/;https://media.licdn.com/dms/image/v2/C4D0BAQHdNfcfJMjrGw/company-logo_100_100/company-logo_100_100/0/1677844482055/cosine_italy_logo?e=1787184000&v=beta&t=o7NA6itmhBDcgOhNoNhIAD7hP8lfa2Y32kpXIEOpZaE;Advanced > Specialist;https://www.linkedin.com/company/cosine-italy/about/;Software e Serviços de TI;sales OR account OR (customer AND success AND manager) OR (client AND success) OR (developer AND relations) OR (technical AND writer);cosine italy;1;;https://www.linkedin.com/jobs/view/4445576783/;https://www.linkedin.com/jobs/view/4445576783/;On-site;Specialist, Vendas / Comercial;01/08/2026;Viamão;Rio Grande do Sul;RS;Região Sul;Brasil;América do Sul
74;Cosine Italy;Sales Expert | Conoscenza canale Horeca | Torino;Viamão (RS);31/07 11:00;https://www.linkedin.com/jobs/view/4445586720/;https://media.licdn.com/dms/image/v2/C4D0BAQHdNfcfJMjrGw/company-logo_100_100/company-logo_100_100/0/1677844482055/cosine_italy_logo?e=1787184000&v=beta&t=o7NA6itmhBDcgOhNoNhIAD7hP8lfa2Y32kpXIEOpZaE;Advanced > Specialist;https://www.linkedin.com/company/cosine-italy/about/;Software e Serviços de TI;sales OR account OR (customer AND success AND manager) OR (client AND success) OR (developer AND relations) OR (technical AND writer);cosine italy;1;;https://www.linkedin.com/jobs/view/4445586720/;https://www.linkedin.com/jobs/view/4445586720/;On-site;Specialist, Vendas / Comercial;01/08/2026;Viamão;Rio Grande do Sul;RS;Região Sul;Brasil;América do Sul
75;Cosine Italy;Sales Expert | Conoscenza canale Horeca | VITERBO;Viamão (RS);01/08 03:00;https://www.linkedin.com/jobs/view/4445583741/;https://media.licdn.com/dms/image/v2/C4D0BAQHdNfcfJMjrGw/company-logo_100_100/company-logo_100_100/0/1677844482055/cosine_italy_logo?e=1787184000&v=beta&t=o7NA6itmhBDcgOhNoNhIAD7hP8lfa2Y32kpXIEOpZaE;Advanced > Specialist;https://www.linkedin.com/company/cosine-italy/about/;Software e Serviços de TI;sales OR account OR (customer AND success AND manager) OR (client AND success) OR (developer AND relations) OR (technical AND writer);cosine italy;1;;https://www.linkedin.com/jobs/view/4445583741/;https://www.linkedin.com/jobs/view/4445583741/;On-site;Specialist, Vendas / Comercial;01/08/2026;Viamão;Rio Grande do Sul;RS;Região Sul;Brasil;América do Sul
76;Curitiba Prime RH;Inside Sales;Brasil;01/08 00:00;https://www.linkedin.com/jobs/view/4445564667/;https://media.licdn.com/dms/image/v2/D4D0BAQGP-2rlYybG6g/company-logo_100_100/company-logo_100_100/0/1708150872944/rh__curitiba_logo?e=1787184000&v=beta&t=6rH6lQZjTvw5e3Qvm8qk9eghO4URYSstmkyv7Rt3saY;-;https://www.linkedin.com/company/curitiba-prime-rh/about/;Recursos Humanos;sales OR account OR (customer AND success AND manager) OR (client AND success) OR (developer AND relations) OR (technical AND writer);curitiba prime rh;1.0;empregos.com.br;https://www.linkedin.com/jobs/view/4445564667/;https://www.linkedin.com/jobs/view/4445564667/;On-site;Vendas / Comercial;01/08/2026;;;;;Brasil;América do Sul
77;Datadog;Mid Market Account Executive (Brazil);SP;01/08 08:00;https://www.linkedin.com/jobs/view/4438828911/;https://media.licdn.com/dms/image/v2/C560BAQFLwWfI6v1OPA/company-logo_100_100/company-logo_100_100/0/1657564322231/datadog_logo?e=1787184000&v=beta&t=ixQVEz13WsQ_4nuKgSxXs3HdLUPmJ1UDkiM9DOL-QuI;Specific > Sales > Account;https://www.linkedin.com/company/datadog/about/;Dados e Analytics;sales OR account OR (customer AND success AND manager) OR (client AND success) OR (developer AND relations) OR (technical AND writer);datadog;1.0;;https://www.linkedin.com/jobs/view/4438828911/;https://www.linkedin.com/jobs/view/4438828911/;Hybrid;Mid, Vendas / Comercial, Executivo de Contas;01/08/2026;;São Paulo;SP;Região Sudeste;Brasil;América do Sul
78;Doctoralia Brasil;Inside Sales B2C l Upsell (IA);Curitiba (PR);31/07 12:00;https://www.linkedin.com/jobs/view/4399966913/;https://media.licdn.com/dms/image/v2/D4D0BAQEiybYC_LgoyA/company-logo_100_100/B4DZo2syDZJAAQ-/0/1761854301182/doctoralia_brasil_logo?e=1787184000&v=beta&t=9lHU7DTYEz0Ef9pqTRMhm4rXIV442BKejOYRS5Onuk0;-;https://www.linkedin.com/company/doctoralia-brasil/about/;Vendas e Suporte;sales OR account OR (customer AND success AND manager) OR (client AND success) OR (developer AND relations) OR (technical AND writer);doctoralia brasil;1.0;jobs.ashbyhq.com;https://www.linkedin.com/jobs/view/4399966913/;https://www.linkedin.com/jobs/view/4399966913/;Remote;Inteligência Artificial, Vendas / Comercial;01/08/2026;Curitiba;Paraná;PR;Região Sul;Brasil;América do Sul
79;EF Corporate Learning;Account Manager (Grower);São Paulo (SP);01/08 07:00;https://www.linkedin.com/jobs/view/4419311623/;https://media.licdn.com/dms/image/v2/D4D0BAQGlOuXoFM8P9A/company-logo_100_100/company-logo_100_100/0/1731402708840/ef_corporate_learning_logo?e=1787184000&v=beta&t=AT-mxWZaEAulrPXQvyPmnC9WLKQe9e4eiWnEWMhe3Os;Specific > Sales > Account;https://www.linkedin.com/company/ef-corporate-learning/about/;-;sales OR account OR (customer AND success AND manager) OR (client AND success) OR (developer AND relations) OR (technical AND writer);ef corporate learning;1.0;;https://www.linkedin.com/jobs/view/4419311623/;https://www.linkedin.com/jobs/view/4419311623/;On-site;Liderança/Gerência, Executivo de Contas;01/08/2026;São Paulo;São Paulo;SP;Região Sudeste;Brasil;América do Sul
80;Eternity Energia;Sales Operations (Sales Ops);Foz do Iguaçu (PR);31/07 18:00;https://www.linkedin.com/jobs/view/4447595446/;https://media.licdn.com/dms/image/v2/D4D0BAQEmH37wz7TO6A/company-logo_100_100/company-logo_100_100/0/1727289593257/eternity_solar_logo?e=1787184000&v=beta&t=-dDc2oZZV7ngZTLZgDAdKdYO0DuM8439TMDDiKrZCsg;-;https://www.linkedin.com/company/eternity-energia/about/;Energia e Combustíveis;sales OR account OR (customer AND success AND manager) OR (client AND success) OR (developer AND relations) OR (technical AND writer);eternity energia;1;;https://www.linkedin.com/jobs/view/4447595446/;https://www.linkedin.com/jobs/view/4447595446/;On-site;Vendas / Comercial;01/08/2026;Foz do Iguaçu;Paraná;PR;Região Sul;Brasil;América do Sul
81;Eternity Energia;Sales Operations (Sales Ops);Foz do Iguaçu (PR);31/07 16:00;https://www.linkedin.com/jobs/view/4447574326/;https://media.licdn.com/dms/image/v2/D4D0BAQEmH37wz7TO6A/company-logo_100_100/company-logo_100_100/0/1727289593257/eternity_solar_logo?e=1787184000&v=beta&t=-dDc2oZZV7ngZTLZgDAdKdYO0DuM8439TMDDiKrZCsg;-;https://www.linkedin.com/company/eternity-energia/about/;Energia e Combustíveis;sales OR account OR (customer AND success AND manager) OR (client AND success) OR (developer AND relations) OR (technical AND writer);eternity energia;1;;https://www.linkedin.com/jobs/view/4447574326/;https://www.linkedin.com/jobs/view/4447574326/;On-site;Vendas / Comercial;01/08/2026;Foz do Iguaçu;Paraná;PR;Região Sul;Brasil;América do Sul
82;FBR Digital;Executivo de Vendas Enterprise | Key Account Manager;São Paulo (SP);31/07 22:00;https://www.linkedin.com/jobs/view/4447715803/;https://media.licdn.com/dms/image/v2/D4E0BAQGyPWGzBJKxaw/company-logo_100_100/B4EZwpfAHGJAAQ-/0/1770222519180/fbr_digital_logo?e=1787184000&v=beta&t=aFA1VzhZB5p4DJim0wGxuNe0ryBgC4Pgo3a4yMut_rc;Specific > Sales > Account;https://www.linkedin.com/company/fbr-digital/about/;Software e Serviços de TI;sales OR account OR (customer AND success AND manager) OR (client AND success) OR (developer AND relations) OR (technical AND writer);fbr digital;1;;https://www.linkedin.com/jobs/view/4447715803/;https://www.linkedin.com/jobs/view/4447715803/;Hybrid;Liderança/Gerência, Vendas / Comercial, Executivo de Contas;01/08/2026;São Paulo;São Paulo;SP;Região Sudeste;Brasil;América do Sul
83;FIT Economia de Energia;Assistente Comercial | Inside Sales;Belo Horizonte (MG);31/07 12:00;https://www.linkedin.com/jobs/view/4446841863/;https://media.licdn.com/dms/image/v2/D4D0BAQEhPUi4bYTP-A/company-logo_100_100/company-logo_100_100/0/1712955003130/fitenergia_logo?e=1787184000&v=beta&t=6i1yx2PbVCawJeS4UXSn_Uz8ohJf9EACVl270g2LnbY;-;https://www.linkedin.com/company/fit-economia-de-energia/about/;Energia e Combustíveis;sales OR account OR (customer AND success AND manager) OR (client AND success) OR (developer AND relations) OR (technical AND writer);fit economia de energia;1;;https://www.linkedin.com/jobs/view/4446841863/;https://www.linkedin.com/jobs/view/4446841863/;On-site;Associate, Vendas / Comercial;01/08/2026;Belo Horizonte;Minas Gerais;MG;Região Sudeste;Brasil;América do Sul
84;Faust Associates;Sales /Business Development /field sales;Sales (SP);01/08 00:00;https://www.linkedin.com/jobs/view/4447736820/;https://media.licdn.com/dms/image/v2/C4E0BAQHEmUUH5c9JLg/company-logo_100_100/company-logo_100_100/0/1631315189884?e=1787184000&v=beta&t=XMcyFHoEMnoNGrdkwjpESx_5ZKSTDIOWPezUJ-s6rSY;-;https://www.linkedin.com/company/faust-associates/about/;Vendas e Suporte;sales OR account OR (customer AND success AND manager) OR (client AND success) OR (developer AND relations) OR (technical AND writer);faust associates;1;;https://www.linkedin.com/jobs/view/4447736820/;https://www.linkedin.com/jobs/view/4447736820/;Remote;Vendas / Comercial;01/08/2026;Sales;São Paulo;SP;Região Sudeste;Brasil;América do Sul
85;Fineasy Tech;Vendedor Interno (Inside Sales);Grande Porto Alegre (RS);31/07 20:00;https://www.linkedin.com/jobs/view/4445541438/;https://media.licdn.com/dms/image/v2/C4D0BAQFwE9f8UpixlA/company-logo_100_100/company-logo_100_100/0/1630460571863/fineasy_tech_logo?e=1787184000&v=beta&t=EM05X_acxUFrh65vqbQC87_luNAXxb16NUl25C3Id6Y;-;https://www.linkedin.com/company/fineasy-tech/about/;Software e Serviços de TI;sales OR account OR (customer AND success AND manager) OR (client AND success) OR (developer AND relations) OR (technical AND writer);fineasy tech;1;;https://www.linkedin.com/jobs/view/4445541438/;https://www.linkedin.com/jobs/view/4445541438/;On-site;Intern, Vendas / Comercial;01/08/2026;;Rio Grande do Sul;RS;Região Sul;Brasil;América do Sul
86;Flexera;Technical Account Manager;Brasil;31/07 11:00;https://www.linkedin.com/jobs/view/4447529613/;https://media.licdn.com/dms/image/v2/D4E0BAQHuV9pp9rPloA/company-logo_100_100/company-logo_100_100/0/1721043087967/flexera_logo?e=1787184000&v=beta&t=OYURDC9QCFdTQYWp94HDIKtGkyMrM2UuJHIJN4EtkNs;Specific > Sales > Account;https://www.linkedin.com/company/flexera/about/;Software e Serviços de TI;sales OR account OR (customer AND success AND manager) OR (client AND success) OR (developer AND relations) OR (technical AND writer);flexera;1;;https://www.linkedin.com/jobs/view/4447529613/;https://www.linkedin.com/jobs/view/4447529613/;Remote;Liderança/Gerência, TI/Tech, Executivo de Contas;01/08/2026;;;;;Brasil;América do Sul
87;Flora Food Group;Sales Manager;São Paulo (SP);31/07 21:00;https://www.linkedin.com/jobs/view/4447721417/;https://media.licdn.com/dms/image/v2/D4D0BAQHdWsb8z3nRxw/company-logo_100_100/B4DZdZpioxGYAY-/0/1749555751956/florafoodgroup_logo?e=1787184000&v=beta&t=Z5z2I_VcQwoxmlzJp-9L-Y3pEktbWRc6ZmLTbe6DzcQ;Middle > Manager;https://www.linkedin.com/company/flora-food-group/about/;Alimentos e Bebidas;sales OR account OR (customer AND success AND manager) OR (client AND success) OR (developer AND relations) OR (technical AND writer);flora food group;1;;https://www.linkedin.com/jobs/view/4447721417/;https://www.linkedin.com/jobs/view/4447721417/;Hybrid;Liderança/Gerência, Vendas / Comercial;01/08/2026;São Paulo;São Paulo;SP;Região Sudeste;Brasil;América do Sul
88;Foursales, Sales and marketing headhunters.;Account Manager - Grandes Contas B2B;São Paulo (SP);31/07 16:00;https://www.linkedin.com/jobs/view/4447576476/;https://media.licdn.com/dms/image/v2/C4D0BAQH-R0mBBj6zXg/company-logo_100_100/company-logo_100_100/0/1659365049988/foursales_recrutamento_de_area_comercial_logo?e=1787184000&v=beta&t=ombHinW8PWI1QTLMHoQfWxS3ZtQvxtcboPo-bOzFqWc;Specific > Sales > Account;https://www.linkedin.com/company/foursales-sales-and-marketing-headhunters/about/;Marketing e Publicidade Marketing;sales OR account OR (customer AND success AND manager) OR (client AND success) OR (developer AND relations) OR (technical AND writer);foursales, sales and marketing headhunters.;1.0;;https://www.linkedin.com/jobs/view/4447576476/;https://www.linkedin.com/jobs/view/4447576476/;On-site;Liderança/Gerência, Executivo de Contas;01/08/2026;São Paulo;São Paulo;SP;Região Sudeste;Brasil;América do Sul
89;GE HealthCare;Sales Specialist  - Order Management;São Paulo (SP);31/07 22:00;https://www.linkedin.com/jobs/view/4447729119/;https://media.licdn.com/dms/image/v2/D560BAQG30MejU_UygQ/company-logo_100_100/B56ZlzFxy6I0AQ-/0/1758572519588/gehealthcare_logo?e=1787184000&v=beta&t=t_pc6DGkepBgm-4KOLKMfQkDIsiYaggk866ir9xXYjc;Middle > Manager;https://www.linkedin.com/company/ge-healthcare/about/;Saúde e Hospitais;sales OR account OR (customer AND success AND manager) OR (client AND success) OR (developer AND relations) OR (technical AND writer);ge healthcare;1.0;;https://www.linkedin.com/jobs/view/4447729119/;https://www.linkedin.com/jobs/view/4447729119/;On-site;Specialist, Vendas / Comercial;01/08/2026;São Paulo;São Paulo;SP;Região Sudeste;Brasil;América do Sul
90;Gartner;Account Executive - Cuiabá or Campo Grande;São Paulo (SP);01/08 06:00;https://www.linkedin.com/jobs/view/4421438690/;https://media.licdn.com/dms/image/v2/D4E0BAQH2JgFZ-PkBGw/company-logo_100_100/B4EZrf8gJIGoAQ-/0/1764693771187/gartner_logo?e=1787184000&v=beta&t=ntypcKey4TsyxyV1UVXynQh-uf8_PRxFUxUR07enOHk;Specific > Sales > Account;https://www.linkedin.com/company/gartner/about/;Software e Serviços de TI;sales OR account OR (customer AND success AND manager) OR (client AND success) OR (developer AND relations) OR (technical AND writer);gartner;3.0;Workday;https://www.linkedin.com/jobs/view/4421438690/;https://www.linkedin.com/jobs/view/4421438690/;Hybrid;Vendas / Comercial, Executivo de Contas;01/08/2026;São Paulo;São Paulo;SP;Região Sudeste;Brasil;América do Sul
91;Gartner;Account Executive, LE, GTS - São Paulo;São Paulo (SP);01/08 06:00;https://www.linkedin.com/jobs/view/4421443619/;https://media.licdn.com/dms/image/v2/D4E0BAQH2JgFZ-PkBGw/company-logo_100_100/B4EZrf8gJIGoAQ-/0/1764693771187/gartner_logo?e=1787184000&v=beta&t=ntypcKey4TsyxyV1UVXynQh-uf8_PRxFUxUR07enOHk;Specific > Sales > Account;https://www.linkedin.com/company/gartner/about/;Software e Serviços de TI;sales OR account OR (customer AND success AND manager) OR (client AND success) OR (developer AND relations) OR (technical AND writer);gartner;3.0;Workday;https://www.linkedin.com/jobs/view/4421443619/;https://www.linkedin.com/jobs/view/4421443619/;Hybrid;Vendas / Comercial, Executivo de Contas;01/08/2026;São Paulo;São Paulo;SP;Região Sudeste;Brasil;América do Sul
92;GrowthAssistant;Inside Sales Specialist - Customer Success & Onboarding (LATAM, Remote);América Latina;01/08 10:00;https://www.linkedin.com/jobs/view/4447823042/;https://media.licdn.com/dms/image/v2/C560BAQH0sLz6i0rgfA/company-logo_100_100/company-logo_100_100/0/1679683363702/growth_assistant_logo?e=1787184000&v=beta&t=1BVZXSsek2cx2-LM0e0p5laN4CFwVs2AY4FcNEdhqQ0;Specific > Customer Success Manager;https://www.linkedin.com/company/growthassistant/about/;Vendas e Suporte;sales OR account OR (customer AND success AND manager) OR (client AND success) OR (developer AND relations) OR (technical AND writer);growthassistant;1;;https://www.linkedin.com/jobs/view/4447823042/;https://www.linkedin.com/jobs/view/4447823042/;Remote;Specialist, Vendas / Comercial;01/08/2026;;;;;;América Latina
93;Grupo Navesa;SDR (Sales Development Representative);Anápolis (GO);01/08 00:00;https://www.linkedin.com/jobs/view/4445552960/;https://media.licdn.com/dms/image/v2/D4D0BAQH8qp8Zz3ot_Q/company-logo_100_100/B4DZy9n8xsHcAQ-/0/1772707892726/grupo_navesa_logo?e=1787184000&v=beta&t=MY6RB_9i2Iw8k9BEh_MePg3A9Vc4zulpVmRmCKum5HI;-;https://www.linkedin.com/company/grupo-navesa/about/;Software e Serviços de TI;sales OR account OR (customer AND success AND manager) OR (client AND success) OR (developer AND relations) OR (technical AND writer);grupo navesa;1.0;empregos.com.br;https://www.linkedin.com/jobs/view/4445552960/;https://www.linkedin.com/jobs/view/4445552960/;On-site;Vendas / Comercial;01/08/2026;Anápolis;Goiás;GO;Região Centro-Oeste;Brasil;América do Sul
94;HOC Hospital Odontológico;VAGA: SDR (Sales Development Representative) – CLT;Grande São Paulo (SP) ;01/08 00:00;https://www.linkedin.com/jobs/view/4445581346/;https://media.licdn.com/dms/image/v2/C560BAQHN04-vOvxLOw/company-logo_100_100/company-logo_100_100/0/1649437814535/ho_cetao_hospital_odontolgico_cetao_logo?e=1787184000&v=beta&t=Zgq4qa45qFu0EBvr7sl6goKg3WhBVmLmodLx2PIshis;-;https://www.linkedin.com/company/hoc-hospital-odontol-gico/about/;Saúde e Hospitais;sales OR account OR (customer AND success AND manager) OR (client AND success) OR (developer AND relations) OR (technical AND writer);hoc hospital odontológico;1.0;empregos.com.br;https://www.linkedin.com/jobs/view/4445581346/;https://www.linkedin.com/jobs/view/4445581346/;On-site;CLT/Efetivo, Vendas / Comercial;01/08/2026;;São Paulo;SP;Região Sudeste;Brasil;América do Sul
95;Hired;Sales/Account Executive (Remote);América Latina;01/08 04:00;https://www.linkedin.com/jobs/view/4447770940/;https://media.licdn.com/dms/image/v2/D4D0BAQG6dDbCPSmUIg/company-logo_100_100/B4DZ0k8alIKgAQ-/0/1774441311024/hiredddd_logo?e=1787184000&v=beta&t=IgRgxEcoLpfWUAk0YZ2R1NAz0b6DSR5-yKmDIWxhc_o;-;https://www.linkedin.com/company/hired/about/;Software e Serviços de TI;sales OR account OR (customer AND success AND manager) OR (client AND success) OR (developer AND relations) OR (technical AND writer);hired;1.0;jobs.micro1.ai;https://www.linkedin.com/jobs/view/4447770940/;https://www.linkedin.com/jobs/view/4447770940/;Remote;Vendas / Comercial, Executivo de Contas;01/08/2026;;;;;;América Latina
96;INNIO Group;Senior Sales Manager;Brasil;01/08 10:00;https://www.linkedin.com/jobs/view/4438378576/;https://media.licdn.com/dms/image/v2/C4E0BAQERW6Pt5OPdyA/company-logo_100_100/company-logo_100_100/0/1671183901778/innio_group_logo?e=1787184000&v=beta&t=WTmX7zcbCSA6ua6SqDluVh130lxparXc2bsTaDPkvY8;Middle > Manager;https://www.linkedin.com/company/innio-group/about/;Vendas e Suporte;sales OR account OR (customer AND success AND manager) OR (client AND success) OR (developer AND relations) OR (technical AND writer);innio group;1;;https://www.linkedin.com/jobs/view/4438378576/;https://www.linkedin.com/jobs/view/4438378576/;Remote;Senior, Liderança/Gerência, Vendas / Comercial;01/08/2026;;;;;Brasil;América do Sul
97;Infosys;SAP SALES DIRECTOR;São Paulo (SP);31/07 20:00;https://www.linkedin.com/jobs/view/4445560158/;https://media.licdn.com/dms/image/v2/D560BAQEv67uGFge5Sw/company-logo_100_100/B56ZfEsEVpHoAU-/0/1751351576332/infosys_logo?e=1787184000&v=beta&t=24X-96tjshuTjHj6yC88pQrXlhVYurZxVSSr0tpJfr8;Leadership > C-Level > Director;https://www.linkedin.com/company/infosys/about/;Vendas e Suporte;sales OR account OR (customer AND success AND manager) OR (client AND success) OR (developer AND relations) OR (technical AND writer);infosys;1.0;LinkedIn;https://www.linkedin.com/jobs/view/4445560158/;https://www.linkedin.com/jobs/view/4445560158/;On-site;Liderança/Gerência, SAP, Vendas / Comercial;01/08/2026;São Paulo;São Paulo;SP;Região Sudeste;Brasil;América do Sul
98;InsideOut;Full Cycle Sales Representative (GoHighLevel Agency);América Latina;31/07 13:00;https://www.linkedin.com/jobs/view/4445535208/;https://media.licdn.com/dms/image/v2/D4E0BAQF44XdXKN7RSw/company-logo_100_100/B4EZ1j9w5SHUAU-/0/1775498628979/insideoutvas_logo?e=1787184000&v=beta&t=hfFCwcLghcyBDPJO1FrqONiqoO0VkA5MLjWrlqbxw9s;-;https://www.linkedin.com/company/insideout/about/;Software e Serviços de TI;sales OR account OR (customer AND success AND manager) OR (client AND success) OR (developer AND relations) OR (technical AND writer);insideout;3.0;insideouthiring.applytojob.com;https://www.linkedin.com/jobs/view/4445535208/;https://www.linkedin.com/jobs/view/4445535208/;Remote;Vendas / Comercial;01/08/2026;;;;;;América Latina
99;JPMorganChase;Commodities Derivatives Sales - Analyst (Year 1) | Brazil / Latin America | São Paulo;São Paulo (SP);01/08 06:00;https://www.linkedin.com/jobs/view/4447784486/;https://media.licdn.com/dms/image/v2/D4E0BAQGxpntCyRgsuA/company-logo_100_100/company-logo_100_100/0/1718711710850/jpmorganchase_logo?e=1787184000&v=beta&t=-d4ufjgUHWYrNK_kxAD9rNEBeyLtjPbwdBdHetZ1azs;Advanced > Specialist;https://www.linkedin.com/company/jpmorganchase/about/;Software e Serviços de TI;sales OR account OR (customer AND success AND manager) OR (client AND success) OR (developer AND relations) OR (technical AND writer);jpmorganchase;1.0;Oracle;https://www.linkedin.com/jobs/view/4447784486/;https://www.linkedin.com/jobs/view/4447784486/;On-site;Vendas / Comercial;01/08/2026;São Paulo;São Paulo;SP;Região Sudeste;Brasil;América do Sul
100;JoVE;Sales Account Executive Edtech, Brazil;Grande São Paulo (SP) ;31/07 22:00;https://www.linkedin.com/jobs/view/4447411772/;https://media.licdn.com/dms/image/v2/C4D0BAQFpsrbxm23Yfg/company-logo_100_100/company-logo_100_100/0/1631339133701?e=1787184000&v=beta&t=5CIU3jRGbnHxGZdtsHhtPA-8eLTmmcMkeGAZo8azu3E;Specific > Sales > Account;https://www.linkedin.com/company/jove/about/;Educação;sales OR account OR (customer AND success AND manager) OR (client AND success) OR (developer AND relations) OR (technical AND writer);jove;1.0;;https://www.linkedin.com/jobs/view/4447411772/;https://www.linkedin.com/jobs/view/4447411772/;Remote;TI/Tech, Vendas / Comercial, Executivo de Contas;01/08/2026;;São Paulo;SP;Região Sudeste;Brasil;América do Sul
101;JoVE;Sales Account Executive Edtech, Brazil;Minas Gerais, Brasil;31/07 22:00;https://www.linkedin.com/jobs/view/4447422396/;https://media.licdn.com/dms/image/v2/C4D0BAQFpsrbxm23Yfg/company-logo_100_100/company-logo_100_100/0/1631339133701?e=1787184000&v=beta&t=5CIU3jRGbnHxGZdtsHhtPA-8eLTmmcMkeGAZo8azu3E;Specific > Sales > Account;https://www.linkedin.com/company/jove/about/;Educação;sales OR account OR (customer AND success AND manager) OR (client AND success) OR (developer AND relations) OR (technical AND writer);jove;1.0;;https://www.linkedin.com/jobs/view/4447422396/;https://www.linkedin.com/jobs/view/4447422396/;Remote;TI/Tech, Vendas / Comercial, Executivo de Contas;01/08/2026;;Minas Gerais;MG;Região Sudeste;Brasil;América do Sul
102;Julia Bittencourt Advocacia;SDR - Sales Development Representative (Pré-vendas);Porto Alegre (RS);31/07 18:00;https://www.linkedin.com/jobs/view/4445546065/;https://media.licdn.com/dms/image/v2/D4D0BAQFe0jG9qUfYcQ/company-logo_100_100/B4DZfqPTM1GYAY-/0/1751981569304?e=1787184000&v=beta&t=SAGVmBZTBJuqvhF_wTwiO_pj-VTxPRvZq-0M_WnhPlM;-;https://www.linkedin.com/company/julia-bittencourt-advocacia/about/;Jurídico;sales OR account OR (customer AND success AND manager) OR (client AND success) OR (developer AND relations) OR (technical AND writer);julia bittencourt advocacia;1;;https://www.linkedin.com/jobs/view/4445546065/;https://www.linkedin.com/jobs/view/4445546065/;Hybrid;Vendas / Comercial;01/08/2026;Porto Alegre;Rio Grande do Sul;RS;Região Sul;Brasil;América do Sul
103;Keeta;Sales Operations Analyst;São Paulo (SP);31/07 15:00;https://www.linkedin.com/jobs/view/4447159676/;https://media.licdn.com/dms/image/v2/D560BAQGWaYdrJi-wXg/company-logo_100_100/B56ZlN.bSKHMAQ-/0/1757949834996/keetaglobal_logo?e=1787184000&v=beta&t=qDkNWSPVy6hiPHF4Q7VLcLD3z_IUwBg6JXUG9kWu3zE;Advanced > Specialist;https://www.linkedin.com/company/keeta/about/;Software e Serviços de TI;sales OR account OR (customer AND success AND manager) OR (client AND success) OR (developer AND relations) OR (technical AND writer);keeta;1.0;LinkedIn (Easy Apply);https://www.linkedin.com/jobs/view/4447159676/;https://www.linkedin.com/jobs/view/4447159676/;On-site;Vendas / Comercial;01/08/2026;São Paulo;São Paulo;SP;Região Sudeste;Brasil;América do Sul
104;Kolab;Sales Development Representative (SDR);São Paulo (SP);31/07 14:00;https://www.linkedin.com/jobs/view/4447557090/;https://media.licdn.com/dms/image/v2/D4D0BAQGAF_TZwHx0gQ/company-logo_100_100/company-logo_100_100/0/1702322314888/kolabrh_logo?e=1787184000&v=beta&t=bhD-aibaJyasjgBHtH4c385ZOEv_rwG1IJhP-WUUQYk;-;https://www.linkedin.com/company/kolab/about/;Software e Serviços de TI;sales OR account OR (customer AND success AND manager) OR (client AND success) OR (developer AND relations) OR (technical AND writer);kolab;1;;https://www.linkedin.com/jobs/view/4447557090/;https://www.linkedin.com/jobs/view/4447557090/;Hybrid;Vendas / Comercial;01/08/2026;São Paulo;São Paulo;SP;Região Sudeste;Brasil;América do Sul
105;Kuehne+Nagel;Sea Logistics Operational Key Account Manager;São Paulo (SP);31/07 12:00;https://www.linkedin.com/jobs/view/4438828927/;https://media.licdn.com/dms/image/v2/C4D0BAQHJHH8x4TJ9yg/company-logo_100_100/company-logo_100_100/0/1630576568500/kuehne_nagel_logo?e=1787184000&v=beta&t=htEawO2r7N-IIrvVisCJCJ1TJZmooj5CWJUlM9qddTI;Specific > Sales > Account;https://www.linkedin.com/company/kuehne-nagel/about/;Logística e Supply Chain;sales OR account OR (customer AND success AND manager) OR (client AND success) OR (developer AND relations) OR (technical AND writer);kuehne+nagel;1.0;jobs.kuehne-nagel.com;https://www.linkedin.com/jobs/view/4438828927/;https://www.linkedin.com/jobs/view/4438828927/;On-site;Liderança/Gerência, Executivo de Contas;01/08/2026;São Paulo;São Paulo;SP;Região Sudeste;Brasil;América do Sul
106;LaTeam Partners;Sales Call Center Representative;América Latina;31/07 20:00;https://www.linkedin.com/jobs/view/4447703936/;https://media.licdn.com/dms/image/v2/D4E0BAQE8AqdiVRb-vQ/company-logo_100_100/B4EZ5LbsuTJ0AM-/0/1779382013204/lateam_partners_logo?e=1787184000&v=beta&t=XkBPuFmeGpmtbz_GA8NQACkWPjrTtb6pEoIHU_OPKlM;-;https://www.linkedin.com/company/lateam-partners/about/;Software e Serviços de TI;sales OR account OR (customer AND success AND manager) OR (client AND success) OR (developer AND relations) OR (technical AND writer);lateam partners;1.0;LinkedIn (Easy Apply);https://www.linkedin.com/jobs/view/4447703936/;https://www.linkedin.com/jobs/view/4447703936/;Remote;Vendas / Comercial;01/08/2026;;;;;;América Latina
107;Life´n Tech;Key Account - Equipamentos Médicos;São Paulo (SP);31/07 22:00;https://www.linkedin.com/jobs/view/4447415650/;https://media.licdn.com/dms/image/v2/D4D0BAQEac8-YESqWlw/img-crop_100/img-crop_100/0/1721949236537?e=1787184000&v=beta&t=_y_jPsdCs_P7gcXXSHviadWvEgu0_UspZZomRvBLa2k;Specific > Sales > Account;https://www.linkedin.com/company/life-n-tech/about/;Saúde e Hospitais;sales OR account OR (customer AND success AND manager) OR (client AND success) OR (developer AND relations) OR (technical AND writer);life´n tech;2.0;;https://www.linkedin.com/jobs/view/4447415650/;https://www.linkedin.com/jobs/view/4447415650/;On-site;-;01/08/2026;São Paulo;São Paulo;SP;Região Sudeste;Brasil;América do Sul
108;Link Monitoramento;Vaga para SDR (Sales Development Representative);Curitiba (PR);31/07 21:00;https://www.linkedin.com/jobs/view/4445553377/;https://media.licdn.com/dms/image/v2/D4D0BAQFaG6hnduV56w/company-logo_100_100/company-logo_100_100/0/1734231857719/linkmonitoramento_logo?e=1787184000&v=beta&t=EosUE_fIPP94UWhmjKhyyfNs5CjuMVoW6hFmrETR3rw;-;https://www.linkedin.com/company/link-monitoramento/about/;Software e Serviços de TI;sales OR account OR (customer AND success AND manager) OR (client AND success) OR (developer AND relations) OR (technical AND writer);link monitoramento;1;;https://www.linkedin.com/jobs/view/4445553377/;https://www.linkedin.com/jobs/view/4445553377/;On-site;Vendas / Comercial;01/08/2026;Curitiba;Paraná;PR;Região Sul;Brasil;América do Sul
109;Logicalis Brasil;Pre Sales Enterprise Network - Tech & Solutions;São Paulo (SP);01/08 08:00;https://www.linkedin.com/jobs/view/4445805340/;https://media.licdn.com/dms/image/v2/D4E0BAQGfEZfBiUvaaQ/company-logo_100_100/B4EZ8e_fAhKIAI-/0/1782931386616/logicalisbr_logo?e=1787184000&v=beta&t=1R_f1X8tDQiESFHjkVcQrlwRxpVbg3LIbsQdJRFAaQI;Advanced > Information Technology;https://www.linkedin.com/company/logicalis-brasil/about/;Software e Serviços de TI;sales OR account OR (customer AND success AND manager) OR (client AND success) OR (developer AND relations) OR (technical AND writer);logicalis brasil;1.0;Gupy;https://www.linkedin.com/jobs/view/4445805340/;https://www.linkedin.com/jobs/view/4445805340/;Hybrid;TI/Tech, Infraestrutura/Redes, Vendas / Comercial;01/08/2026;São Paulo;São Paulo;SP;Região Sudeste;Brasil;América do Sul
110;MSI Americas;Senior Sales Executive – Technology & IT (USA Market);América Latina;31/07 12:00;https://www.linkedin.com/jobs/view/4447148639/;https://media.licdn.com/dms/image/v2/D4E0BAQGgD7oni35Nyw/company-logo_100_100/company-logo_100_100/0/1707945536452/msi_americas_logo?e=1787184000&v=beta&t=6RPig1xWTXSAGuy69fxAUQinNC1gVRuaOdrx3eiBdYs;-;https://www.linkedin.com/company/msi-americas/about/;Software e Serviços de TI;sales OR account OR (customer AND success AND manager) OR (client AND success) OR (developer AND relations) OR (technical AND writer);msi americas;1;;https://www.linkedin.com/jobs/view/4447148639/;https://www.linkedin.com/jobs/view/4447148639/;Remote;Senior, TI/Tech, Vendas / Comercial;01/08/2026;;;;;;América Latina
111;Mami&Co;Vendedor Interno /	Inside Sales;Várzea Paulista (SP);31/07 16:00;https://www.linkedin.com/jobs/view/4445036540/;https://media.licdn.com/dms/image/v2/D4D0BAQGJYh5ED3b0gQ/company-logo_100_100/company-logo_100_100/0/1715694803814?e=1787184000&v=beta&t=lyXo4tx5B5X_KUfq5TI-_7C06-CAIUSdB0a1Q0LFljo;-;https://www.linkedin.com/company/mami-co/about/;Vendas e Suporte;sales OR account OR (customer AND success AND manager) OR (client AND success) OR (developer AND relations) OR (technical AND writer);mami&co;1;;https://www.linkedin.com/jobs/view/4445036540/;https://www.linkedin.com/jobs/view/4445036540/;Hybrid;Intern, Vendas / Comercial;01/08/2026;Várzea Paulista;São Paulo;SP;Região Sudeste;Brasil;América do Sul
112;Mammoet;Sales Analyst;São Paulo (SP);31/07 14:00;https://www.linkedin.com/jobs/view/4419504610/;https://media.licdn.com/dms/image/v2/D4E0BAQFBern-BEI5sQ/company-logo_100_100/B4EZ7e7UBTKgAM-/0/1781856551214?e=1787184000&v=beta&t=LlujzgmrSF_gn5XdKvF1QyEdfB1PKUddByH3Dq5YoW0;Advanced > Specialist;https://www.linkedin.com/company/mammoet/about/;Vendas e Suporte;sales OR account OR (customer AND success AND manager) OR (client AND success) OR (developer AND relations) OR (technical AND writer);mammoet;1.0;;https://www.linkedin.com/jobs/view/4419504610/;https://www.linkedin.com/jobs/view/4419504610/;Remote;Vendas / Comercial;01/08/2026;São Paulo;São Paulo;SP;Região Sudeste;Brasil;América do Sul
113;Mappa;Account Manager (Brazil / LATAM);Brasil;31/07 14:00;https://www.linkedin.com/jobs/view/4447172047/;https://media.licdn.com/dms/image/v2/D4D0BAQH14an6-8gfiQ/company-logo_100_100/B4DZ6TLD_NG4AI-/0/1780585611435/mappa_ai_logo?e=1787184000&v=beta&t=ddK96shL0Fjy_E4sDt-yy9wwxM58FOxyLQ4fqxUrb-A;Specific > Sales > Account;https://www.linkedin.com/company/mappa/about/;-;sales OR account OR (customer AND success AND manager) OR (client AND success) OR (developer AND relations) OR (technical AND writer);mappa;1.0;LinkedIn (Easy Apply);https://www.linkedin.com/jobs/view/4447172047/;https://www.linkedin.com/jobs/view/4447172047/;Remote;Liderança/Gerência, Executivo de Contas;01/08/2026;;;;;Brasil;América do Sul
114;Miro;Strategic Account Executive, LATAM (Spanish);Brasil;01/08 11:00;https://www.linkedin.com/jobs/view/4435905764/;https://media.licdn.com/dms/image/v2/D4E0BAQEPS1xZbw7MFQ/company-logo_100_100/company-logo_100_100/0/1694624157258/mirohq_logo?e=1787184000&v=beta&t=SK_O8oIODcQ6m7i-JkKGYQ0h2118sIRVmmcJUMmRn7I;Specific > Sales > Account;https://www.linkedin.com/company/miro/about/;Software e Serviços de TI;sales OR account OR (customer AND success AND manager) OR (client AND success) OR (developer AND relations) OR (technical AND writer);miro;1.0;;https://www.linkedin.com/jobs/view/4435905764/;https://www.linkedin.com/jobs/view/4435905764/;Remote;Vendas / Comercial, Executivo de Contas;01/08/2026;;;;;Brasil;América do Sul
115;Mondelēz International;Analista Sales Planning Pl - São Paulo/SP;São Paulo (SP);31/07 13:00;https://www.linkedin.com/jobs/view/4447555268/;https://media.licdn.com/dms/image/v2/C4D0BAQEXpvlmPQN68Q/company-logo_100_100/company-logo_100_100/0/1630453251495/mondelezinternational_logo?e=1787184000&v=beta&t=4nTToR0_UoPWvVzGKum2cGRcwTR-gPpOR427EnCn1q8;Advanced > Specialist;https://www.linkedin.com/company/mondel-z-international/about/;Software e Serviços de TI;sales OR account OR (customer AND success AND manager) OR (client AND success) OR (developer AND relations) OR (technical AND writer);mondelēz international;4.0;Workday;https://www.linkedin.com/jobs/view/4447555268/;https://www.linkedin.com/jobs/view/4447555268/;Hybrid;Mid, Associate, Vendas / Comercial;01/08/2026;São Paulo;São Paulo;SP;Região Sudeste;Brasil;América do Sul
116;Olimpus Tecnologia;SDR - Sales Development Representative;Grande Natal (RN);31/07 22:00;https://www.linkedin.com/jobs/view/4447713841/;https://media.licdn.com/dms/image/v2/C4D0BAQFmtwwzNowHlA/company-logo_100_100/company-logo_100_100/0/1631303189753?e=1787184000&v=beta&t=BbggBOTzs1s5Nu1gAoMyZwy3nxlFinTOrlxlJeOlVfE;-;https://www.linkedin.com/company/olimpus-tecnologia/about/;Software e Serviços de TI;sales OR account OR (customer AND success AND manager) OR (client AND success) OR (developer AND relations) OR (technical AND writer);olimpus tecnologia;1.0;empregos.com.br;https://www.linkedin.com/jobs/view/4447713841/;https://www.linkedin.com/jobs/view/4447713841/;On-site;Vendas / Comercial;01/08/2026;;Rio Grande do Norte;RN;Região Nordeste;Brasil;América do Sul
117;OnlineJobs.PH;Business Development and Fashion Sales Admin;Sales (SP);01/08 02:00;https://www.linkedin.com/jobs/view/4447468074/;https://media.licdn.com/dms/image/v2/C560BAQG9ZVyQRX5mnQ/company-logo_100_100/company-logo_100_100/0/1631338619235?e=1787184000&v=beta&t=ojNemcGGZquffweDt5yRb4Fmjt3HfSBIS6-AYf0Ut3I;-;https://www.linkedin.com/company/onlinejobs-ph/about/;Moda e Beleza;sales OR account OR (customer AND success AND manager) OR (client AND success) OR (developer AND relations) OR (technical AND writer);onlinejobs.ph;1;;https://www.linkedin.com/jobs/view/4447468074/;https://www.linkedin.com/jobs/view/4447468074/;On-site;Vendas / Comercial;01/08/2026;Sales;São Paulo;SP;Região Sudeste;Brasil;América do Sul
118;Outpost;Sales / Go-to-Market - Brazil (Portuguese-speaking);São Paulo (SP);31/07 13:00;https://www.linkedin.com/jobs/view/4447546143/;https://media.licdn.com/dms/image/v2/D4E0BAQHliXjyTVFGNg/company-logo_100_100/B4EZrgvGLWGoAQ-/0/1764707035069/outpostanywhere_logo?e=1787184000&v=beta&t=MVxvV8DZsVUnDV7aArQYO_yLDwig0DbRylbrzCUE5sY;-;https://www.linkedin.com/company/outpost/about/;Vendas e Suporte;sales OR account OR (customer AND success AND manager) OR (client AND success) OR (developer AND relations) OR (technical AND writer);outpost;1;;https://www.linkedin.com/jobs/view/4447546143/;https://www.linkedin.com/jobs/view/4447546143/;Hybrid;Vendas / Comercial;01/08/2026;São Paulo;São Paulo;SP;Região Sudeste;Brasil;América do Sul
119;Palo Alto Networks;Majors Account Manager;Brasil;31/07 11:00;https://www.linkedin.com/jobs/view/4387555068/;https://media.licdn.com/dms/image/v2/C560BAQFZg72Sfni4SA/company-logo_100_100/company-logo_100_100/0/1657225156841/palo_alto_networks_logo?e=1787184000&v=beta&t=2Nj1O9qhVfiDAKWqTkPlnAyou2sJWIQZRCrjTlb9xag;Specific > Sales > Account;https://www.linkedin.com/company/palo-alto-networks/about/;-;sales OR account OR (customer AND success AND manager) OR (client AND success) OR (developer AND relations) OR (technical AND writer);palo alto networks;1.0;;https://www.linkedin.com/jobs/view/4387555068/;https://www.linkedin.com/jobs/view/4387555068/;Remote;Liderança/Gerência, Executivo de Contas;01/08/2026;;;;;Brasil;América do Sul
120;Pismo;Consultant, Client Success;Grande São Paulo (SP) ;31/07 11:00;https://www.linkedin.com/jobs/view/4431153684/;https://media.licdn.com/dms/image/v2/D4D0BAQHjOTwNQZREzA/company-logo_100_100/B4DZ9b6dJmGkAs-/0/1783953478483/pismo_logo?e=1787184000&v=beta&t=uGYpCPMZ6Tr8m8o2TNoNF0UIZlOyV6vPts40mp5jaXk;Specific > Sales > Client Success;https://www.linkedin.com/company/pismo/about/;-;sales OR account OR (customer AND success AND manager) OR (client AND success) OR (developer AND relations) OR (technical AND writer);pismo;1.0;Smartrecruiters;https://www.linkedin.com/jobs/view/4431153684/;https://www.linkedin.com/jobs/view/4431153684/;On-site;Consultor;01/08/2026;;São Paulo;SP;Região Sudeste;Brasil;América do Sul
121;Pontifícia Universidade Católica do Paraná;Analista Comercial Jr. | Foco em Inside Sales;Curitiba (PR);31/07 20:00;https://www.linkedin.com/jobs/view/4445543387/;https://media.licdn.com/dms/image/v2/C4E0BAQEHmi_8MB8beg/company-logo_100_100/company-logo_100_100/0/1630641939592/pontificia_universidade_catolica_do_parana_logo?e=1787184000&v=beta&t=OnjQWKeNCxw7z1HyLmtvTyKrLcFWklU5PgVOac0GEuo;Advanced > Specialist;https://www.linkedin.com/company/pontif-cia-universidade-cat-lica-do-paran/about/;Educação;sales OR account OR (customer AND success AND manager) OR (client AND success) OR (developer AND relations) OR (technical AND writer);pontifícia universidade católica do paraná;1.0;Gupy;https://www.linkedin.com/jobs/view/4445543387/;https://www.linkedin.com/jobs/view/4445543387/;Hybrid;Junior, Associate, Vendas / Comercial;01/08/2026;Curitiba;Paraná;PR;Região Sul;Brasil;América do Sul
122;Power Digital Marketing;Account Manager, (Healthcare);Brasil;01/08 01:00;https://www.linkedin.com/jobs/view/4443672405/;https://media.licdn.com/dms/image/v2/D560BAQEo5PRGIPlZzQ/company-logo_100_100/company-logo_100_100/0/1735867293079/powerdigitalmarketing_logo?e=1787184000&v=beta&t=6usMHe3e3Th1HEK_G9rg7eQNSYvImfh2me37aZq3gWA;Specific > Sales > Account;https://www.linkedin.com/company/power-digital-marketing/about/;Marketing e Publicidade Marketing;sales OR account OR (customer AND success AND manager) OR (client AND success) OR (developer AND relations) OR (technical AND writer);power digital marketing;1.0;Greenhouse;https://www.linkedin.com/jobs/view/4443672405/;https://www.linkedin.com/jobs/view/4443672405/;Remote;Liderança/Gerência, Saúde/Pesquisa, Executivo de Contas;01/08/2026;;;;;Brasil;América do Sul
123;QIAGEN;Inside Sales Representative, QDI (LATAM);São Paulo (SP);31/07 16:00;https://www.linkedin.com/jobs/view/4447563741/;https://media.licdn.com/dms/image/v2/D4E0BAQHJVLneY36iFQ/company-logo_100_100/company-logo_100_100/0/1719817044059/qiagen_logo?e=1787184000&v=beta&t=Dn7Ni4Ybn2RTMejyknLDLkO7RUoWEKGQu1gTtATIXlM;-;https://www.linkedin.com/company/qiagen/about/;Software e Serviços de TI;sales OR account OR (customer AND success AND manager) OR (client AND success) OR (developer AND relations) OR (technical AND writer);qiagen;1.0;;https://www.linkedin.com/jobs/view/4447563741/;https://www.linkedin.com/jobs/view/4447563741/;Hybrid;Vendas / Comercial;01/08/2026;São Paulo;São Paulo;SP;Região Sudeste;Brasil;América do Sul
124;Quick Soft Tecnologia;Analista de Operações Comerciais Sales Ops;Blumenau (SC);01/08 00:00;https://www.linkedin.com/jobs/view/4445573077/;https://media.licdn.com/dms/image/v2/D4D0BAQH7lBZaQ1x8uw/company-logo_100_100/company-logo_100_100/0/1730578117765/quicksoft_tecnologia_logo?e=1787184000&v=beta&t=UwzlWIIrdkzKd-akNxh6-vS1DLb38npZXAlQDzLyWUM;Advanced > Specialist;https://www.linkedin.com/company/quick-soft-tecnologia/about/;Vendas e Suporte;sales OR account OR (customer AND success AND manager) OR (client AND success) OR (developer AND relations) OR (technical AND writer);quick soft tecnologia;1;;https://www.linkedin.com/jobs/view/4445573077/;https://www.linkedin.com/jobs/view/4445573077/;On-site;Associate, Vendas / Comercial;01/08/2026;Blumenau;Santa Catarina;SC;Região Sul;Brasil;América do Sul
125;QuidelOrtho;Senior Sales Representative - Curitiba, Paraná (Brasil);Curitiba (PR);31/07 15:00;https://www.linkedin.com/jobs/view/4438837666/;https://media.licdn.com/dms/image/v2/D4E0BAQEyPspCr8OGEg/company-logo_100_100/B4EZi.fEoQGcAQ-/0/1755542473531/quidelortho_logo?e=1787184000&v=beta&t=GPAswcjVDvtQFQFOY5nPGt09zZVlnrT3bWHUjXIu4UM;-;https://www.linkedin.com/company/quidelortho/about/;Software e Serviços de TI;sales OR account OR (customer AND success AND manager) OR (client AND success) OR (developer AND relations) OR (technical AND writer);quidelortho;1;;https://www.linkedin.com/jobs/view/4438837666/;https://www.linkedin.com/jobs/view/4438837666/;On-site;Senior, Vendas / Comercial;01/08/2026;Curitiba;Paraná;PR;Região Sul;Brasil;América do Sul
126;QuintoAndar;Grupo QuintoAndar | Analista de Inside Sales Pleno (Consórcio);São Paulo (SP);31/07 21:00;https://www.linkedin.com/jobs/view/4447712597/;https://media.licdn.com/dms/image/v2/D4D0BAQGetnGZOz9xfg/company-logo_100_100/B4DZ9byoi3HEAI-/0/1783951428019/quintoandar_com_br_logo?e=1787184000&v=beta&t=-vM8oPQTBdkkgtUQFUH4jgQuR-aX4Vy9ZaCbr-w_hNg;Advanced > Specialist;https://www.linkedin.com/company/quintoandar/about/;Mercado Imobiliário;sales OR account OR (customer AND success AND manager) OR (client AND success) OR (developer AND relations) OR (technical AND writer);quintoandar;5.0;grnh.se;https://www.linkedin.com/jobs/view/4447712597/;https://www.linkedin.com/jobs/view/4447712597/;Hybrid;Mid, Associate, Vendas / Comercial;01/08/2026;São Paulo;São Paulo;SP;Região Sudeste;Brasil;América do Sul
127;QuintoAndar;Grupo QuintoAndar | Analista de Inside Sales Sênior (Consórcio);São Paulo (SP);31/07 21:00;https://www.linkedin.com/jobs/view/4447712598/;https://media.licdn.com/dms/image/v2/D4D0BAQGetnGZOz9xfg/company-logo_100_100/B4DZ9byoi3HEAI-/0/1783951428019/quintoandar_com_br_logo?e=1787184000&v=beta&t=-vM8oPQTBdkkgtUQFUH4jgQuR-aX4Vy9ZaCbr-w_hNg;Advanced > Specialist;https://www.linkedin.com/company/quintoandar/about/;Mercado Imobiliário;sales OR account OR (customer AND success AND manager) OR (client AND success) OR (developer AND relations) OR (technical AND writer);quintoandar;5.0;grnh.se;https://www.linkedin.com/jobs/view/4447712598/;https://www.linkedin.com/jobs/view/4447712598/;Hybrid;Senior, Associate, Vendas / Comercial;01/08/2026;São Paulo;São Paulo;SP;Região Sudeste;Brasil;América do Sul
128;Remote Growth Partners;Sales Development Representative;América Latina;31/07 16:00;https://www.linkedin.com/jobs/view/4447557972/;https://media.licdn.com/dms/image/v2/D4E0BAQECd4DQu44ImQ/company-logo_100_100/company-logo_100_100/0/1714041280646/remote_growth_logo?e=1787184000&v=beta&t=UgCO1jkCtOw-rTHalgd770vXfv4xvVL2XYN3Sr2Kjwg;-;https://www.linkedin.com/company/remote-growth-partners/about/;Software e Serviços de TI;sales OR account OR (customer AND success AND manager) OR (client AND success) OR (developer AND relations) OR (technical AND writer);remote growth partners;1.0;;https://www.linkedin.com/jobs/view/4447557972/;https://www.linkedin.com/jobs/view/4447557972/;Remote;Vendas / Comercial;01/08/2026;;;;;;América Latina
129;Riveron;Salesforce Sales Cloud Developer;Brasil;01/08 10:00;https://www.linkedin.com/jobs/view/4362184183/;https://media.licdn.com/dms/image/v2/D4E0BAQFB3kCzUeC20Q/company-logo_100_100/company-logo_100_100/0/1736864188296/riveron_logo?e=1787184000&v=beta&t=EKbObH759F2C3zTl-p5IsORbhpOfSxl3UjqsdstCPEQ;Specific > Cloud;https://www.linkedin.com/company/riveron/about/;Vendas e Suporte;sales OR account OR (customer AND success AND manager) OR (client AND success) OR (developer AND relations) OR (technical AND writer);riveron;1.0;;https://www.linkedin.com/jobs/view/4362184183/;https://www.linkedin.com/jobs/view/4362184183/;Remote;Salesforce/CRM, Vendas / Comercial;01/08/2026;;;;;Brasil;América do Sul
130;SAS;Account Executive - Financial Services;São Paulo (SP);31/07 18:00;https://www.linkedin.com/jobs/view/4447701288/;https://media.licdn.com/dms/image/v2/D4E0BAQFhSD86O7AkYA/company-logo_100_100/company-logo_100_100/0/1720039737493/sas_logo?e=1787184000&v=beta&t=_MZ-qEFK7PfYVFlz_octZMsygvIvH5WijR7yYYXD6nc;Specific > Sales > Account;https://www.linkedin.com/company/sas/about/;Software e Serviços de TI;sales OR account OR (customer AND success AND manager) OR (client AND success) OR (developer AND relations) OR (technical AND writer);sas;1.0;;https://www.linkedin.com/jobs/view/4447701288/;https://www.linkedin.com/jobs/view/4447701288/;Hybrid;Vendas / Comercial, Executivo de Contas;01/08/2026;São Paulo;São Paulo;SP;Região Sudeste;Brasil;América do Sul
131;STARK BANK;Sales Development Representative (SDR) B2B;São Paulo (SP);31/07 20:00;https://www.linkedin.com/jobs/view/4447587926/;https://media.licdn.com/dms/image/v2/C4D0BAQE6yBe5IzwRag/company-logo_100_100/company-logo_100_100/0/1638942943538/starkbank_logo?e=1787184000&v=beta&t=n_vbTTXNnhrs1kcubOA50adHb34Cs8K8A2uzmJs7O-M;-;https://www.linkedin.com/company/stark-bank/about/;Serviços Financeiros;sales OR account OR (customer AND success AND manager) OR (client AND success) OR (developer AND relations) OR (technical AND writer);stark bank;1.0;;https://www.linkedin.com/jobs/view/4447587926/;https://www.linkedin.com/jobs/view/4447587926/;On-site;Vendas / Comercial;01/08/2026;São Paulo;São Paulo;SP;Região Sudeste;Brasil;América do Sul
132;Salesforce;Cloud Account Executive - Tableau;São Paulo (SP);01/08 07:00;https://www.linkedin.com/jobs/view/4439335627/;https://media.licdn.com/dms/image/v2/D560BAQFuQMSI3zgmRw/company-logo_100_100/B56Z3aploQGoAQ-/0/1777489828808/salesforce_logo?e=1787184000&v=beta&t=CgfRs0OrYGrUC5vjC_ZWtzI1J89WIy4lNo5kEdF5UF0;Specific > Sales > Account;https://www.linkedin.com/company/salesforce/about/;Software e Serviços de TI;sales OR account OR (customer AND success AND manager) OR (client AND success) OR (developer AND relations) OR (technical AND writer);salesforce;5.0;;https://www.linkedin.com/jobs/view/4439335627/;https://www.linkedin.com/jobs/view/4439335627/;Hybrid;Vendas / Comercial, Executivo de Contas;01/08/2026;São Paulo;São Paulo;SP;Região Sudeste;Brasil;América do Sul
133;Salesforce;Regional Sales Director - Tableau;São Paulo (SP);01/08 06:00;https://www.linkedin.com/jobs/view/4439326811/;https://media.licdn.com/dms/image/v2/D560BAQFuQMSI3zgmRw/company-logo_100_100/B56Z3aploQGoAQ-/0/1777489828808/salesforce_logo?e=1787184000&v=beta&t=CgfRs0OrYGrUC5vjC_ZWtzI1J89WIy4lNo5kEdF5UF0;Leadership > C-Level > Director;https://www.linkedin.com/company/salesforce/about/;Vendas e Suporte;sales OR account OR (customer AND success AND manager) OR (client AND success) OR (developer AND relations) OR (technical AND writer);salesforce;5.0;;https://www.linkedin.com/jobs/view/4439326811/;https://www.linkedin.com/jobs/view/4439326811/;Hybrid;Liderança/Gerência, Vendas / Comercial;01/08/2026;São Paulo;São Paulo;SP;Região Sudeste;Brasil;América do Sul
134;Samsung Electronics;Ads Sales Executive | Samsung Ads;Grande São Paulo (SP) ;31/07 15:00;https://www.linkedin.com/jobs/view/4447570089/;https://media.licdn.com/dms/image/v2/C560BAQFsvADfvcJi_A/company-logo_100_100/company-logo_100_100/0/1676336400451/samsung_electronics_logo?e=1787184000&v=beta&t=UCYAoscdGN364fcIcOK1wEgY60pfMXvJo2MM8bfkWQ0;-;https://www.linkedin.com/company/samsung-electronics/about/;Software e Serviços de TI;sales OR account OR (customer AND success AND manager) OR (client AND success) OR (developer AND relations) OR (technical AND writer);samsung electronics;1.0;LinkedIn (Easy Apply);https://www.linkedin.com/jobs/view/4447570089/;https://www.linkedin.com/jobs/view/4447570089/;Hybrid;Vendas / Comercial;01/08/2026;;São Paulo;SP;Região Sudeste;Brasil;América do Sul
135;Samsung Electronics;Agency Sales Partner | Samsung Ads;Grande São Paulo (SP) ;31/07 15:00;https://www.linkedin.com/jobs/view/4447555956/;https://media.licdn.com/dms/image/v2/C560BAQFsvADfvcJi_A/company-logo_100_100/company-logo_100_100/0/1676336400451/samsung_electronics_logo?e=1787184000&v=beta&t=UCYAoscdGN364fcIcOK1wEgY60pfMXvJo2MM8bfkWQ0;-;https://www.linkedin.com/company/samsung-electronics/about/;Vendas e Suporte;sales OR account OR (customer AND success AND manager) OR (client AND success) OR (developer AND relations) OR (technical AND writer);samsung electronics;1.0;LinkedIn (Easy Apply);https://www.linkedin.com/jobs/view/4447555956/;https://www.linkedin.com/jobs/view/4447555956/;Hybrid;Vendas / Comercial;01/08/2026;;São Paulo;SP;Região Sudeste;Brasil;América do Sul
136;Scale Army Careers;Account Executive;América Latina;31/07 15:00;https://www.linkedin.com/jobs/view/4447168439/;https://media.licdn.com/dms/image/v2/D4E0BAQFM0QmPI3hK_g/company-logo_100_100/B4EZsjht6zHgAQ-/0/1765827600477/scalearmycareers_logo?e=1787184000&v=beta&t=_kRxz4Z9TJW3oH69r3JFJZz-zrBMN9xbrXV3CVt2qPg;Specific > Sales > Account;https://www.linkedin.com/company/scale-army-careers/about/;Software e Serviços de TI;sales OR account OR (customer AND success AND manager) OR (client AND success) OR (developer AND relations) OR (technical AND writer);scale army careers;1.0;jobs.ashbyhq.com;https://www.linkedin.com/jobs/view/4447168439/;https://www.linkedin.com/jobs/view/4447168439/;Remote;Vendas / Comercial, Executivo de Contas;01/08/2026;;;;;;América Latina
137;Scale Army Careers;Account Executive;América Latina;31/07 15:00;https://www.linkedin.com/jobs/view/4447165585/;https://media.licdn.com/dms/image/v2/D4E0BAQFM0QmPI3hK_g/company-logo_100_100/B4EZsjht6zHgAQ-/0/1765827600477/scalearmycareers_logo?e=1787184000&v=beta&t=_kRxz4Z9TJW3oH69r3JFJZz-zrBMN9xbrXV3CVt2qPg;Specific > Sales > Account;https://www.linkedin.com/company/scale-army-careers/about/;Software e Serviços de TI;sales OR account OR (customer AND success AND manager) OR (client AND success) OR (developer AND relations) OR (technical AND writer);scale army careers;1.0;jobs.ashbyhq.com;https://www.linkedin.com/jobs/view/4447165585/;https://www.linkedin.com/jobs/view/4447165585/;Remote;Vendas / Comercial, Executivo de Contas;01/08/2026;;;;;;América Latina
138;Scale Army Careers;Account Executive;América Latina;31/07 15:00;https://www.linkedin.com/jobs/view/4447164634/;https://media.licdn.com/dms/image/v2/D4E0BAQFM0QmPI3hK_g/company-logo_100_100/B4EZsjht6zHgAQ-/0/1765827600477/scalearmycareers_logo?e=1787184000&v=beta&t=_kRxz4Z9TJW3oH69r3JFJZz-zrBMN9xbrXV3CVt2qPg;Specific > Sales > Account;https://www.linkedin.com/company/scale-army-careers/about/;Software e Serviços de TI;sales OR account OR (customer AND success AND manager) OR (client AND success) OR (developer AND relations) OR (technical AND writer);scale army careers;1.0;jobs.ashbyhq.com;https://www.linkedin.com/jobs/view/4447164634/;https://www.linkedin.com/jobs/view/4447164634/;Remote;Vendas / Comercial, Executivo de Contas;01/08/2026;;;;;;América Latina
139;Scale Army Careers;Account Executive;América Latina;31/07 15:00;https://www.linkedin.com/jobs/view/4447159673/;https://media.licdn.com/dms/image/v2/D4E0BAQFM0QmPI3hK_g/company-logo_100_100/B4EZsjht6zHgAQ-/0/1765827600477/scalearmycareers_logo?e=1787184000&v=beta&t=_kRxz4Z9TJW3oH69r3JFJZz-zrBMN9xbrXV3CVt2qPg;Specific > Sales > Account;https://www.linkedin.com/company/scale-army-careers/about/;Software e Serviços de TI;sales OR account OR (customer AND success AND manager) OR (client AND success) OR (developer AND relations) OR (technical AND writer);scale army careers;1.0;jobs.ashbyhq.com;https://www.linkedin.com/jobs/view/4447159673/;https://www.linkedin.com/jobs/view/4447159673/;Remote;Vendas / Comercial, Executivo de Contas;01/08/2026;;;;;;América Latina
140;Scale Army Careers;Sales Coordinator;América Latina;01/08 03:00;https://www.linkedin.com/jobs/view/4446442026/;https://media.licdn.com/dms/image/v2/D4E0BAQFM0QmPI3hK_g/company-logo_100_100/B4EZsjht6zHgAQ-/0/1765827600477/scalearmycareers_logo?e=1787184000&v=beta&t=_kRxz4Z9TJW3oH69r3JFJZz-zrBMN9xbrXV3CVt2qPg;-;https://www.linkedin.com/company/scale-army-careers/about/;Vendas e Suporte;sales OR account OR (customer AND success AND manager) OR (client AND success) OR (developer AND relations) OR (technical AND writer);scale army careers;1.0;jobs.ashbyhq.com;https://www.linkedin.com/jobs/view/4446442026/;https://www.linkedin.com/jobs/view/4446442026/;Remote;Mid, Vendas / Comercial;01/08/2026;;;;;;América Latina
141;Scale Army Careers;Technical Account Manager;América Latina;31/07 21:00;https://www.linkedin.com/jobs/view/4447419132/;https://media.licdn.com/dms/image/v2/D4E0BAQFM0QmPI3hK_g/company-logo_100_100/B4EZsjht6zHgAQ-/0/1765827600477/scalearmycareers_logo?e=1787184000&v=beta&t=_kRxz4Z9TJW3oH69r3JFJZz-zrBMN9xbrXV3CVt2qPg;Specific > Sales > Account;https://www.linkedin.com/company/scale-army-careers/about/;Software e Serviços de TI;sales OR account OR (customer AND success AND manager) OR (client AND success) OR (developer AND relations) OR (technical AND writer);scale army careers;1.0;jobs.ashbyhq.com;https://www.linkedin.com/jobs/view/4447419132/;https://www.linkedin.com/jobs/view/4447419132/;Remote;Liderança/Gerência, TI/Tech, Executivo de Contas;01/08/2026;;;;;;América Latina
142;Scale Army Careers;Technical Account Manager;América Latina;31/07 21:00;https://www.linkedin.com/jobs/view/4447412269/;https://media.licdn.com/dms/image/v2/D4E0BAQFM0QmPI3hK_g/company-logo_100_100/B4EZsjht6zHgAQ-/0/1765827600477/scalearmycareers_logo?e=1787184000&v=beta&t=_kRxz4Z9TJW3oH69r3JFJZz-zrBMN9xbrXV3CVt2qPg;Specific > Sales > Account;https://www.linkedin.com/company/scale-army-careers/about/;Software e Serviços de TI;sales OR account OR (customer AND success AND manager) OR (client AND success) OR (developer AND relations) OR (technical AND writer);scale army careers;1.0;jobs.ashbyhq.com;https://www.linkedin.com/jobs/view/4447412269/;https://www.linkedin.com/jobs/view/4447412269/;Remote;Liderança/Gerência, TI/Tech, Executivo de Contas;01/08/2026;;;;;;América Latina
143;Scale Army Careers;Technical Account Manager;América Latina;31/07 21:00;https://www.linkedin.com/jobs/view/4447400489/;https://media.licdn.com/dms/image/v2/D4E0BAQFM0QmPI3hK_g/company-logo_100_100/B4EZsjht6zHgAQ-/0/1765827600477/scalearmycareers_logo?e=1787184000&v=beta&t=_kRxz4Z9TJW3oH69r3JFJZz-zrBMN9xbrXV3CVt2qPg;Specific > Sales > Account;https://www.linkedin.com/company/scale-army-careers/about/;Software e Serviços de TI;sales OR account OR (customer AND success AND manager) OR (client AND success) OR (developer AND relations) OR (technical AND writer);scale army careers;1.0;jobs.ashbyhq.com;https://www.linkedin.com/jobs/view/4447400489/;https://www.linkedin.com/jobs/view/4447400489/;Remote;Liderança/Gerência, TI/Tech, Executivo de Contas;01/08/2026;;;;;;América Latina
144;Siemens;Key Account Manager - GRID Software;Jundiaí (SP);01/08 11:00;https://www.linkedin.com/jobs/view/4438905483/;https://media.licdn.com/dms/image/v2/D4D0BAQFK_4wGnzwPTQ/company-logo_100_100/company-logo_100_100/0/1719931174735/siemens_logo?e=1787184000&v=beta&t=AgzRqAASPMYMVXW7ykIbVlhYLNX_sDfULFUikcWE9hw;Specific > Sales > Account;https://www.linkedin.com/company/siemens/about/;Software e Serviços de TI;sales OR account OR (customer AND success AND manager) OR (client AND success) OR (developer AND relations) OR (technical AND writer);siemens;4.0;jobs.siemens.com;https://www.linkedin.com/jobs/view/4438905483/;https://www.linkedin.com/jobs/view/4438905483/;Hybrid;Liderança/Gerência, TI/Tech, Executivo de Contas;01/08/2026;Jundiaí;São Paulo;SP;Região Sudeste;Brasil;América do Sul
145;Sintel;Account Executive Farmer Soluções EDI | São Paulo;Paraíso (SP);31/07 20:00;https://www.linkedin.com/jobs/view/4445561253/;https://media.licdn.com/dms/image/v2/D4D0BAQHU0Y6EjkswZA/company-logo_100_100/company-logo_100_100/0/1698059830917/sintelautomotive_logo?e=1787184000&v=beta&t=ExBtOzbgCJaWjatNb54QraQBrziMtYYY59SKxUHeQ50;Specific > Sales > Account;https://www.linkedin.com/company/sintel/about/;Hardware e Eletrônicos;sales OR account OR (customer AND success AND manager) OR (client AND success) OR (developer AND relations) OR (technical AND writer);sintel;1.0;docs.google.com;https://www.linkedin.com/jobs/view/4445561253/;https://www.linkedin.com/jobs/view/4445561253/;Hybrid;Vendas / Comercial, Executivo de Contas;01/08/2026;Paraíso;São Paulo;SP;Região Sudeste;Brasil;América do Sul
146;Skill Consultoria Empresarial;Account-Based Marketing Specialist (ABM) – Remoto;Brasil;01/08 08:00;https://www.linkedin.com/jobs/view/4445807329/;https://media.licdn.com/dms/image/v2/D4D0BAQENP6epDQsCDQ/company-logo_100_100/company-logo_100_100/0/1734438745847?e=1787184000&v=beta&t=EaTdzI1dmr0EaqjVeGRjsZNIJ58UFrKrRaoApncViFk;Advanced > Specialist;https://www.linkedin.com/company/skill-consultoria-empresarial/about/;Consultoria e Assessoria;sales OR account OR (customer AND success AND manager) OR (client AND success) OR (developer AND relations) OR (technical AND writer);skill consultoria empresarial;1.0;;https://www.linkedin.com/jobs/view/4445807329/;https://www.linkedin.com/jobs/view/4445807329/;Remote;Specialist, Marketing/Mídia;01/08/2026;;;;;Brasil;América do Sul
147;Sumsub;Sales Development Representative, Colombia;América Latina;01/08 07:00;https://www.linkedin.com/jobs/view/4438374215/;https://media.licdn.com/dms/image/v2/D4D0BAQHjBB4QU2fWQQ/company-logo_100_100/B4DZ9qsF7WJsAM-/0/1784201371760/sumsub_logo?e=1787184000&v=beta&t=mjQN6-gt1infU1WzqcdAokEuglbURhcSdUwAoucGgE0;-;https://www.linkedin.com/company/sumsub/about/;Software e Serviços de TI;sales OR account OR (customer AND success AND manager) OR (client AND success) OR (developer AND relations) OR (technical AND writer);sumsub;1.0;;https://www.linkedin.com/jobs/view/4438374215/;https://www.linkedin.com/jobs/view/4438374215/;Remote;Vendas / Comercial;01/08/2026;;;;;;América Latina
148;TLC Worldwide;Inside Sales  Representative - German Speaking;São Paulo (SP);31/07 14:00;https://www.linkedin.com/jobs/view/4447556649/;https://media.licdn.com/dms/image/v2/D4E0BAQHO2TqUPzWk9A/company-logo_100_100/B4EZUUE_L0GYAU-/0/1739798607036/tlc_worldwide_logo?e=1787184000&v=beta&t=H04s0nZZE2kFDw-2FdvuxuBHOd2m8Wr2A0bkWf6dkcY;-;https://www.linkedin.com/company/tlc-worldwide/about/;Software e Serviços de TI;sales OR account OR (customer AND success AND manager) OR (client AND success) OR (developer AND relations) OR (technical AND writer);tlc worldwide;1;;https://www.linkedin.com/jobs/view/4447556649/;https://www.linkedin.com/jobs/view/4447556649/;Remote;Vendas / Comercial;01/08/2026;São Paulo;São Paulo;SP;Região Sudeste;Brasil;América do Sul
149;TLC Worldwide;Inside Sales Representative- Spanish Speaking;São Paulo (SP);31/07 14:00;https://www.linkedin.com/jobs/view/4447541852/;https://media.licdn.com/dms/image/v2/D4E0BAQHO2TqUPzWk9A/company-logo_100_100/B4EZUUE_L0GYAU-/0/1739798607036/tlc_worldwide_logo?e=1787184000&v=beta&t=H04s0nZZE2kFDw-2FdvuxuBHOd2m8Wr2A0bkWf6dkcY;-;https://www.linkedin.com/company/tlc-worldwide/about/;Software e Serviços de TI;sales OR account OR (customer AND success AND manager) OR (client AND success) OR (developer AND relations) OR (technical AND writer);tlc worldwide;1;;https://www.linkedin.com/jobs/view/4447541852/;https://www.linkedin.com/jobs/view/4447541852/;Remote;Vendas / Comercial;01/08/2026;São Paulo;São Paulo;SP;Região Sudeste;Brasil;América do Sul
150;TOTVS;[Vendas] Inside Sales - Farmer | Segmento de Manufatura;São Paulo (SP);31/07 13:00;https://www.linkedin.com/jobs/view/4445520349/;https://media.licdn.com/dms/image/v2/D4D0BAQEATHMUo8sshg/company-logo_100_100/B4DZd7OnTLHkAQ-/0/1750119118553/totvs_logo?e=1787184000&v=beta&t=sP9LW0Lk3O5H8sM4iqxsyb9NSNOxo1dIbap4bvK2YO0;-;https://www.linkedin.com/company/totvs/about/;Manufatura e Produção;sales OR account OR (customer AND success AND manager) OR (client AND success) OR (developer AND relations) OR (technical AND writer);totvs;4.0;Totvs;https://www.linkedin.com/jobs/view/4445520349/;https://www.linkedin.com/jobs/view/4445520349/;Hybrid;Vendas / Comercial;01/08/2026;São Paulo;São Paulo;SP;Região Sudeste;Brasil;América do Sul
151;Teltonika Networks;Technical Account Manager (TAM) - Network and IoT Engineer;São Paulo (SP);31/07 17:00;https://www.linkedin.com/jobs/view/4423073981/;https://media.licdn.com/dms/image/v2/D4D0BAQHiqsl0-i_yog/company-logo_100_100/company-logo_100_100/0/1695016911420/teltonika_networks_logo?e=1787184000&v=beta&t=I7frCh86Z8i2_gVi1sc3C33aHe3yA4Zu-soIRF1znuE;Specific > Sales > Account;https://www.linkedin.com/company/teltonika-networks/about/;Software e Serviços de TI;sales OR account OR (customer AND success AND manager) OR (client AND success) OR (developer AND relations) OR (technical AND writer);teltonika networks;1.0;;https://www.linkedin.com/jobs/view/4423073981/;https://www.linkedin.com/jobs/view/4423073981/;Hybrid;Liderança/Gerência, TI/Tech, Engenharia Geral, Infraestrutura/Redes, Executivo de Contas;01/08/2026;São Paulo;São Paulo;SP;Região Sudeste;Brasil;América do Sul
152;Thomson Reuters Brasil;Customer Success Manager;São Paulo (SP);31/07 17:00;https://www.linkedin.com/jobs/view/4447187491/;https://media.licdn.com/dms/image/v2/D4D0BAQGzkY76n7nSkg/company-logo_100_100/B4DZkvsufsJMAQ-/0/1757441878462/thomson_reuters_brasil_logo?e=1787184000&v=beta&t=Ruqn5zt3nsNN6NKmVsihS_K16W3qSVRfU7Jf8sxwV5U;Specific > Customer Success Manager;https://www.linkedin.com/company/thomson-reuters-brasil/about/;-;sales OR account OR (customer AND success AND manager) OR (client AND success) OR (developer AND relations) OR (technical AND writer);thomson reuters brasil;1.0;LinkedIn;https://www.linkedin.com/jobs/view/4447187491/;https://www.linkedin.com/jobs/view/4447187491/;Hybrid;Liderança/Gerência;01/08/2026;São Paulo;São Paulo;SP;Região Sudeste;Brasil;América do Sul
153;TikTok;Client Solutions Manager, Growth (Ad-Sales) - São Paulo;São Paulo (SP);31/07 16:00;https://www.linkedin.com/jobs/view/4447189012/;https://media.licdn.com/dms/image/v2/D560BAQHYzDOZhwEZ7Q/company-logo_100_100/B56Zl_CaXSIAAU-/0/1758772964879/tiktok_logo?e=1787184000&v=beta&t=8mW2-Gasy_dKFUu-GeYwiggiihCewR6o_XLIrYmYyc0;Middle > Manager;https://www.linkedin.com/company/tiktok/about/;Software e Serviços de TI;sales OR account OR (customer AND success AND manager) OR (client AND success) OR (developer AND relations) OR (technical AND writer);tiktok;3.0;lifeattiktok.com;https://www.linkedin.com/jobs/view/4447189012/;https://www.linkedin.com/jobs/view/4447189012/;Hybrid;Liderança/Gerência, Vendas / Comercial;01/08/2026;São Paulo;São Paulo;SP;Região Sudeste;Brasil;América do Sul
154;TikTok;TikTok Shop - Account Manager, Home & Living (Brazil);São Paulo (SP);31/07 16:00;https://www.linkedin.com/jobs/view/4447168919/;https://media.licdn.com/dms/image/v2/D560BAQHYzDOZhwEZ7Q/company-logo_100_100/B56Zl_CaXSIAAU-/0/1758772964879/tiktok_logo?e=1787184000&v=beta&t=8mW2-Gasy_dKFUu-GeYwiggiihCewR6o_XLIrYmYyc0;Specific > Sales > Account;https://www.linkedin.com/company/tiktok/about/;Software e Serviços de TI;sales OR account OR (customer AND success AND manager) OR (client AND success) OR (developer AND relations) OR (technical AND writer);tiktok;3.0;lifeattiktok.com;https://www.linkedin.com/jobs/view/4447168919/;https://www.linkedin.com/jobs/view/4447168919/;On-site;Liderança/Gerência, Executivo de Contas;01/08/2026;São Paulo;São Paulo;SP;Região Sudeste;Brasil;América do Sul
155;TotalPass Brasil;Especialista de Sales Enablement;São Paulo (SP);01/08 00:00;https://www.linkedin.com/jobs/view/4447733735/;https://media.licdn.com/dms/image/v2/D4E0BAQGA_mzWHXViJw/company-logo_100_100/B4EZ85Dsw4HwAM-/0/1783368699219/totalpassbrasil_logo?e=1787184000&v=beta&t=sXCITJd8OZLrhJQoiCjJ2ghQ4r6IN0_JYV-l8leky8k;Advanced > Specialist;https://www.linkedin.com/company/totalpass-brasil/about/;Vendas e Suporte;sales OR account OR (customer AND success AND manager) OR (client AND success) OR (developer AND relations) OR (technical AND writer);totalpass brasil;1.0;;https://www.linkedin.com/jobs/view/4447733735/;https://www.linkedin.com/jobs/view/4447733735/;Hybrid;Specialist, Vendas / Comercial;01/08/2026;São Paulo;São Paulo;SP;Região Sudeste;Brasil;América do Sul
156;Turing;Remote Business Account Rater - German;Brasil;31/07 17:00;https://www.linkedin.com/jobs/view/4447175708/;https://media.licdn.com/dms/image/v2/D4D0BAQEMzTP7ySRl1w/company-logo_100_100/B4DZraOH1PGgAQ-/0/1764597727124?e=1787184000&v=beta&t=jXdfFwLkSzLieyxeNcgMtLRJ-mWHxLqhgn0LMvn1akY;Specific > Sales > Account;https://www.linkedin.com/company/turing/about/;-;sales OR account OR (customer AND success AND manager) OR (client AND success) OR (developer AND relations) OR (technical AND writer);turing;1.0;LinkedIn (Easy Apply);https://www.linkedin.com/jobs/view/4447175708/;https://www.linkedin.com/jobs/view/4447175708/;Remote;-;01/08/2026;;;;;Brasil;América do Sul
157;Turing;Remote Business Account Rater - German;Brasil;31/07 17:00;https://www.linkedin.com/jobs/view/4447195257/;https://media.licdn.com/dms/image/v2/D4D0BAQEMzTP7ySRl1w/company-logo_100_100/B4DZraOH1PGgAQ-/0/1764597727124?e=1787184000&v=beta&t=jXdfFwLkSzLieyxeNcgMtLRJ-mWHxLqhgn0LMvn1akY;Specific > Sales > Account;https://www.linkedin.com/company/turing/about/;-;sales OR account OR (customer AND success AND manager) OR (client AND success) OR (developer AND relations) OR (technical AND writer);turing;1.0;LinkedIn (Easy Apply);https://www.linkedin.com/jobs/view/4447195257/;https://www.linkedin.com/jobs/view/4447195257/;Remote;-;01/08/2026;;;;;Brasil;América do Sul
158;Turing;Remote Business Account Rater - German;Brasil;31/07 17:00;https://www.linkedin.com/jobs/view/4447189425/;https://media.licdn.com/dms/image/v2/D4D0BAQEMzTP7ySRl1w/company-logo_100_100/B4DZraOH1PGgAQ-/0/1764597727124?e=1787184000&v=beta&t=jXdfFwLkSzLieyxeNcgMtLRJ-mWHxLqhgn0LMvn1akY;Specific > Sales > Account;https://www.linkedin.com/company/turing/about/;-;sales OR account OR (customer AND success AND manager) OR (client AND success) OR (developer AND relations) OR (technical AND writer);turing;1.0;LinkedIn (Easy Apply);https://www.linkedin.com/jobs/view/4447189425/;https://www.linkedin.com/jobs/view/4447189425/;Remote;-;01/08/2026;;;;;Brasil;América do Sul
159;Turing;Remote Personal Account Rater - German;Brasil;31/07 17:00;https://www.linkedin.com/jobs/view/4447176562/;https://media.licdn.com/dms/image/v2/D4D0BAQEMzTP7ySRl1w/company-logo_100_100/B4DZraOH1PGgAQ-/0/1764597727124?e=1787184000&v=beta&t=jXdfFwLkSzLieyxeNcgMtLRJ-mWHxLqhgn0LMvn1akY;Specific > Sales > Account;https://www.linkedin.com/company/turing/about/;-;sales OR account OR (customer AND success AND manager) OR (client AND success) OR (developer AND relations) OR (technical AND writer);turing;1.0;LinkedIn (Easy Apply);https://www.linkedin.com/jobs/view/4447176562/;https://www.linkedin.com/jobs/view/4447176562/;Remote;-;01/08/2026;;;;;Brasil;América do Sul
160;Turing;Remote Personal Account Rater - German;Brasil;31/07 17:00;https://www.linkedin.com/jobs/view/4447192276/;https://media.licdn.com/dms/image/v2/D4D0BAQEMzTP7ySRl1w/company-logo_100_100/B4DZraOH1PGgAQ-/0/1764597727124?e=1787184000&v=beta&t=jXdfFwLkSzLieyxeNcgMtLRJ-mWHxLqhgn0LMvn1akY;Specific > Sales > Account;https://www.linkedin.com/company/turing/about/;-;sales OR account OR (customer AND success AND manager) OR (client AND success) OR (developer AND relations) OR (technical AND writer);turing;1.0;LinkedIn (Easy Apply);https://www.linkedin.com/jobs/view/4447192276/;https://www.linkedin.com/jobs/view/4447192276/;Remote;-;01/08/2026;;;;;Brasil;América do Sul
161;UPS;Key Account Operational Excellence Associate;São Paulo (SP);01/08 11:00;https://www.linkedin.com/jobs/view/4429603324/;https://media.licdn.com/dms/image/v2/C4D0BAQFX6tdg3bkrBQ/company-logo_100_100/company-logo_100_100/0/1630543904509/ups_logo?e=1787184000&v=beta&t=wFnVeJeECs1RjdCNyE8Yk43_YcIJzXJlfQNL8AL6y4A;Specific > Sales > Account;https://www.linkedin.com/company/ups/about/;Software e Serviços de TI;sales OR account OR (customer AND success AND manager) OR (client AND success) OR (developer AND relations) OR (technical AND writer);ups;3.0;LinkedIn;https://www.linkedin.com/jobs/view/4429603324/;https://www.linkedin.com/jobs/view/4429603324/;On-site;Associate;01/08/2026;São Paulo;São Paulo;SP;Região Sudeste;Brasil;América do Sul
162;UPS;Key Account Operational Excellence Associate;São Paulo (SP);31/07 11:00;https://www.linkedin.com/jobs/view/4429624616/;https://media.licdn.com/dms/image/v2/C4D0BAQFX6tdg3bkrBQ/company-logo_100_100/company-logo_100_100/0/1630543904509/ups_logo?e=1787184000&v=beta&t=wFnVeJeECs1RjdCNyE8Yk43_YcIJzXJlfQNL8AL6y4A;Specific > Sales > Account;https://www.linkedin.com/company/ups/about/;Software e Serviços de TI;sales OR account OR (customer AND success AND manager) OR (client AND success) OR (developer AND relations) OR (technical AND writer);ups;3.0;LinkedIn;https://www.linkedin.com/jobs/view/4429624616/;https://www.linkedin.com/jobs/view/4429624616/;On-site;Associate;01/08/2026;São Paulo;São Paulo;SP;Região Sudeste;Brasil;América do Sul
163;UPS;Key Account Operational Excellence Associate;São Paulo (SP);31/07 11:00;https://www.linkedin.com/jobs/view/4429640437/;https://media.licdn.com/dms/image/v2/C4D0BAQFX6tdg3bkrBQ/company-logo_100_100/company-logo_100_100/0/1630543904509/ups_logo?e=1787184000&v=beta&t=wFnVeJeECs1RjdCNyE8Yk43_YcIJzXJlfQNL8AL6y4A;Specific > Sales > Account;https://www.linkedin.com/company/ups/about/;Software e Serviços de TI;sales OR account OR (customer AND success AND manager) OR (client AND success) OR (developer AND relations) OR (technical AND writer);ups;3.0;LinkedIn;https://www.linkedin.com/jobs/view/4429640437/;https://www.linkedin.com/jobs/view/4429640437/;On-site;Associate;01/08/2026;São Paulo;São Paulo;SP;Região Sudeste;Brasil;América do Sul
164;Unidas;KEY ACCOUNT PESADOS - SP/MG;Belo Horizonte (MG);31/07 16:00;https://www.linkedin.com/jobs/view/4447569314/;https://media.licdn.com/dms/image/v2/C4D0BAQGefDnf-WiCkQ/company-logo_100_100/company-logo_100_100/0/1668430828397/unidas_logo?e=1787184000&v=beta&t=xoW6rIRfrb40Q8iFN-CGaqkXDaBILsdOq8MQzp1s080;Specific > Sales > Account;https://www.linkedin.com/company/unidas/about/;-;sales OR account OR (customer AND success AND manager) OR (client AND success) OR (developer AND relations) OR (technical AND writer);unidas;3.0;;https://www.linkedin.com/jobs/view/4447569314/;https://www.linkedin.com/jobs/view/4447569314/;On-site;-;01/08/2026;Belo Horizonte;Minas Gerais;MG;Região Sudeste;Brasil;América do Sul
165;Unlimit;Sales Development Representative - Brazil;São Paulo (SP);31/07 21:00;https://www.linkedin.com/jobs/view/4447724158/;https://media.licdn.com/dms/image/v2/D4D0BAQGrIDRTv2sLJQ/company-logo_100_100/B4DZ25YyT6JIAY-/0/1776931776539/unlimit_com_logo?e=1787184000&v=beta&t=ZHtirvHRPc9oLS9qk5YlnD6clBJoTqj9sraR9WJl6fo;-;https://www.linkedin.com/company/unlimit/about/;Software e Serviços de TI;sales OR account OR (customer AND success AND manager) OR (client AND success) OR (developer AND relations) OR (technical AND writer);unlimit;1.0;;https://www.linkedin.com/jobs/view/4447724158/;https://www.linkedin.com/jobs/view/4447724158/;On-site;Vendas / Comercial;01/08/2026;São Paulo;São Paulo;SP;Região Sudeste;Brasil;América do Sul
166;Viva Talent;Director of Sales (Remote);América Latina;31/07 11:00;https://www.linkedin.com/jobs/view/4447814374/;https://media.licdn.com/dms/image/v2/D4E0BAQEjXOhvbIkU9g/company-logo_100_100/B4EZy1sxsXIQAQ-/0/1772574940341/vivahq_logo?e=1787184000&v=beta&t=LBMyZxRw79dt9xgaoEyafYYktH6BepYV0IAQCN-ggTA;Leadership > C-Level > Director;https://www.linkedin.com/company/viva-talent/about/;Vendas e Suporte;sales OR account OR (customer AND success AND manager) OR (client AND success) OR (developer AND relations) OR (technical AND writer);viva talent;3.0;LinkedIn;https://www.linkedin.com/jobs/view/4447814374/;https://www.linkedin.com/jobs/view/4447814374/;Remote;Liderança/Gerência, Vendas / Comercial;01/08/2026;;;;;;América Latina
167;XP Inc.;Sales Trader Renda Variável I São Paulo;São Paulo (SP);01/08 08:00;https://www.linkedin.com/jobs/view/4198281295/;https://media.licdn.com/dms/image/v2/D4E0BAQGNGiz9pu4KZw/company-logo_100_100/company-logo_100_100/0/1735922822407/xpinc_logo?e=1787184000&v=beta&t=O_q5WfRQnEggNVba8irgGmvgroIwK-WrG-2WX5HlUnU;-;https://www.linkedin.com/company/xp-inc/about/;Vendas e Suporte;sales OR account OR (customer AND success AND manager) OR (client AND success) OR (developer AND relations) OR (technical AND writer);xp inc.;5.0;Greenhouse;https://www.linkedin.com/jobs/view/4198281295/;https://www.linkedin.com/jobs/view/4198281295/;On-site;Vendas / Comercial;01/08/2026;São Paulo;São Paulo;SP;Região Sudeste;Brasil;América do Sul
168;Yever;Inside Sales - Crescimento Acelerado;Belo Horizonte (MG);31/07 15:00;https://www.linkedin.com/jobs/view/4445519770/;https://media.licdn.com/dms/image/v2/D4D0BAQGTVdv0NfkS_w/company-logo_100_100/B4DZWHSeusHkAQ-/0/1741731523902/yeverbrasil_logo?e=1787184000&v=beta&t=3xKS67bgY7duwV4dcaw9Czm-E1lWQpMNgGi-bNymj7A;-;https://www.linkedin.com/company/yever/about/;Vendas e Suporte;sales OR account OR (customer AND success AND manager) OR (client AND success) OR (developer AND relations) OR (technical AND writer);yever;1;;https://www.linkedin.com/jobs/view/4445519770/;https://www.linkedin.com/jobs/view/4445519770/;On-site;Vendas / Comercial;01/08/2026;Belo Horizonte;Minas Gerais;MG;Região Sudeste;Brasil;América do Sul
