Id;Company;Job Title;Location;Published Date;Job Link;Logo;Category;Company Life URL;Industry;Query Parameters;Company_Match;Score;Platform;Job Link_Match;Destination URL;Work Mode;Tags;Capture Date;City;State;UF;Region;Country;Continent
1;99;Pessoa Executiva de Vendas Externas;Belo Horizonte, MG;12/08 16:00;https://www.linkedin.com/jobs/view/4453334798/;https://media.licdn.com/dms/image/v2/D4D0BAQGvkxxN_jUX3Q/company-logo_100_100/company-logo_100_100/0/1719800835083/99app_logo?e=1788393600&v=beta&t=x1reth_pDg3h1qQ850UO07GoxVOLVWa2e6oMZqwAKK8;-;https://www.linkedin.com/company/99/about/;Software e Serviços de TI;sales OR account OR customer success manager OR client success OR developer relations OR technical writer;99;1;;https://www.linkedin.com/jobs/view/4453334798/;https://www.linkedin.com/jobs/view/4453334798/;Hybrid;PCD / Afirmativa, Vendas / Comercial;12/08/2026;;Minas Gerais;MG;Região Sudeste;Brasil;América do Sul
2;99;Executivo Comercial - Jandira e Região;Grande São Paulo (SP) ;11/08 22:00;https://www.linkedin.com/jobs/view/4451979667/;https://media.licdn.com/dms/image/v2/D4D0BAQGvkxxN_jUX3Q/company-logo_100_100/company-logo_100_100/0/1719800835083/99app_logo?e=1788393600&v=beta&t=x1reth_pDg3h1qQ850UO07GoxVOLVWa2e6oMZqwAKK8;-;https://www.linkedin.com/company/99/about/;Software e Serviços de TI;sales OR account OR customer success manager OR client success OR developer relations OR technical writer;99;1;;https://www.linkedin.com/jobs/view/4451979667/;https://www.linkedin.com/jobs/view/4451979667/;Hybrid;Vendas / Comercial;12/08/2026;;São Paulo;SP;Região Sudeste;Brasil;América do Sul
3;99;Key Account Senior Analyst / Farmácia;Grande São Paulo (SP) ;12/08 19:00;https://www.linkedin.com/jobs/view/4453348886/;https://media.licdn.com/dms/image/v2/D4D0BAQGvkxxN_jUX3Q/company-logo_100_100/company-logo_100_100/0/1719800835083/99app_logo?e=1788393600&v=beta&t=x1reth_pDg3h1qQ850UO07GoxVOLVWa2e6oMZqwAKK8;Specific > Sales > Account;https://www.linkedin.com/company/99/about/;Transporte e Mobilidade;sales OR account OR customer success manager OR client success OR developer relations OR technical writer;99;1;;https://www.linkedin.com/jobs/view/4453348886/;https://www.linkedin.com/jobs/view/4453348886/;Hybrid;Senior;12/08/2026;;São Paulo;SP;Região Sudeste;Brasil;América do Sul
4;99;BD Farmer;São José dos Campos, SP;12/08 16:00;https://www.linkedin.com/jobs/view/4453336796/;https://media.licdn.com/dms/image/v2/D4D0BAQGvkxxN_jUX3Q/company-logo_100_100/company-logo_100_100/0/1719800835083/99app_logo?e=1788393600&v=beta&t=x1reth_pDg3h1qQ850UO07GoxVOLVWa2e6oMZqwAKK8;-;https://www.linkedin.com/company/99/about/;Transporte e Mobilidade;sales OR account OR customer success manager OR client success OR developer relations OR technical writer;99;1;;https://www.linkedin.com/jobs/view/4453336796/;https://www.linkedin.com/jobs/view/4453336796/;Hybrid;-;12/08/2026;São José dos Campos;São Paulo;SP;Região Sudeste;Brasil;América do Sul
5;AAWZ;Sales Development Representative - SDR;Santa Catarina, Brasil;12/08 18:00;https://www.linkedin.com/jobs/view/4448034128/;https://media.licdn.com/dms/image/v2/D4D0BAQFY6V4FlMRp3Q/company-logo_100_100/B4DZ.AxpMKH0AQ-/0/1784571925544/aawz_logo?e=1788393600&v=beta&t=qqsFmp5SuC0Xdl8_3jtqgKv4Xv7X9Ey1pxlyiYPThy4;-;https://www.linkedin.com/company/aawz/about/;Software e Serviços de TI;sales OR account OR customer success manager OR client success OR developer relations OR technical writer;aawz;1;;https://www.linkedin.com/jobs/view/4448034128/;https://www.linkedin.com/jobs/view/4448034128/;On-site;Vendas / Comercial;12/08/2026;;Santa Catarina;SC;Região Sul;Brasil;América do Sul
6;ABB;Coordenador(a) de Contas de Segmento – Hospitalar e Edificações Comerciais;São Paulo, SP;12/08 14:00;https://www.linkedin.com/jobs/view/4431733039/;https://media.licdn.com/dms/image/v2/C4D0BAQHPGAMgqJMBZQ/company-logo_100_100/company-logo_100_100/0/1630579606103/abb_logo?e=1788393600&v=beta&t=a1gFtVrQC2jmYbsq63bY-c5N8YtVXDLHT6IH6Prklno;Middle > Manager;https://www.linkedin.com/company/abb/about/;Saúde e Hospitais;sales OR account OR customer success manager OR client success OR developer relations OR technical writer;abb;1;;https://www.linkedin.com/jobs/view/4431733039/;https://www.linkedin.com/jobs/view/4431733039/;Not informed;Mid, Liderança/Gerência;12/08/2026;São Paulo;São Paulo;SP;Região Sudeste;Brasil;América do Sul
7;ACIM - Associação Comercial e Empresarial de Maringá;CONSULTOR DE FIDELIZACAO SENIOR;Maringá, PR;12/08 14:00;https://www.linkedin.com/jobs/view/4453156198/;https://media.licdn.com/dms/image/v2/D4E0BAQHNtFCze26A7g/company-logo_100_100/company-logo_100_100/0/1700269576567/acimmga_logo?e=1788393600&v=beta&t=zvPx-892O2wpXmivJUnkyxW_dOyiLAMRM_u4qheJPJc;Advanced > Specialist;https://www.linkedin.com/company/acim-associa-o-comercial-e-empresarial-de-maring/about/;Vendas e Suporte;sales OR account OR customer success manager OR client success OR developer relations OR technical writer;acim - associação comercial e empresarial de maringá;1;;https://www.linkedin.com/jobs/view/4453156198/;https://www.linkedin.com/jobs/view/4453156198/;On-site;Senior, Consultor;12/08/2026;Maringá;Paraná;PR;Região Sul;Brasil;América do Sul
8;ADSx;Executivo de Vendas - Patrocinios;São Paulo, SP;12/08 10:00;https://www.linkedin.com/jobs/view/4450147521/;https://media.licdn.com/dms/image/v2/D4D0BAQFS_n0hWXKYQg/company-logo_100_100/company-logo_100_100/0/1737758240721/adsx_consultoria_crescimento_logo?e=1788393600&v=beta&t=qtyy4zMOAB3Nq7nGM9zv8LSiBNY_-yOTCdYV22U4UIM;-;https://www.linkedin.com/company/adsx/about/;Software e Serviços de TI;sales OR account OR customer success manager OR client success OR developer relations OR technical writer;adsx;1;;https://www.linkedin.com/jobs/view/4450147521/;https://www.linkedin.com/jobs/view/4450147521/;Hybrid;Vendas / Comercial;12/08/2026;São Paulo;São Paulo;SP;Região Sudeste;Brasil;América do Sul
9;AG Capital - Auditoria Tributária Previdenciária;B2B PARTNER COMERCIAL;SP;12/08 16:00;https://www.linkedin.com/jobs/view/4450159991/;https://media.licdn.com/dms/image/v2/D4D0BAQGPMHQ2N2EA-g/company-logo_100_100/B4DZ1oyNkJIEAQ-/0/1775579487011/grupoagcapitaltax_logo?e=1788393600&v=beta&t=XLprUtPrej5irIiWQIwlqZhjWtzTLa4t76p32y6hzhM;-;https://www.linkedin.com/company/ag-capital-auditoria-tribut-ria-previdenci-ria/about/;Software e Serviços de TI;sales OR account OR customer success manager OR client success OR developer relations OR technical writer;ag capital - auditoria tributária previdenciária;1;;https://www.linkedin.com/jobs/view/4450159991/;https://www.linkedin.com/jobs/view/4450159991/;Hybrid;Vendas / Comercial;12/08/2026;;São Paulo;SP;Região Sudeste;Brasil;América do Sul
10;AGX Software;Supervisor de suporte a vendas;Sorocaba, SP;12/08 16:00;https://www.linkedin.com/jobs/view/4450173828/;https://media.licdn.com/dms/image/v2/C4D0BAQHngns-O3tlPw/company-logo_100_100/company-logo_100_100/0/1630574505028/agx_software_logo?e=1788393600&v=beta&t=KJ2FL5YOLG2guocWoxI8tQmOMOisgUMOC_GZdMruT8o;Middle > Manager;https://www.linkedin.com/company/agx-software/about/;Software e Serviços de TI;sales OR account OR customer success manager OR client success OR developer relations OR technical writer;agx software;1;;https://www.linkedin.com/jobs/view/4450173828/;https://www.linkedin.com/jobs/view/4450173828/;On-site;Mid, Liderança/Gerência, Vendas / Comercial;12/08/2026;Sorocaba;São Paulo;SP;Região Sudeste;Brasil;América do Sul
11;ALE Combustíveis;Consultor Comercial B2B | Pleno;Brasília, DF;12/08 08:00;https://www.linkedin.com/jobs/view/4450133136/;https://media.licdn.com/dms/image/v2/D4D0BAQHYzLuusLnsZg/company-logo_100_100/company-logo_100_100/0/1730820577961/alecombustiveis_logo?e=1788393600&v=beta&t=w2ceCChUT8pVfLJRdC27SGAWb1LIPNd9uKkV66-PnNg;Advanced > Specialist;https://www.linkedin.com/company/ale-combust-veis/about/;Vendas e Suporte;sales OR account OR customer success manager OR client success OR developer relations OR technical writer;ale combustíveis;1;;https://www.linkedin.com/jobs/view/4450133136/;https://www.linkedin.com/jobs/view/4450133136/;On-site;Mid, Consultor, Vendas / Comercial;12/08/2026;;Distrito Federal;DF;Região Centro-Oeste;Brasil;América do Sul
12;ALIANÇA SUL;Vendedor (A);Brasil;12/08 00:00;https://www.linkedin.com/jobs/view/4452322613/;https://media.licdn.com/dms/image/v2/C4D0BAQEotU7Ah2cvBw/company-logo_100_100/company-logo_100_100/0/1630519393449?e=1788393600&v=beta&t=Ce_XoqPHBSI9Vf_dHdNgeqDZkQX2PIWkjmTqgUroCBw;-;https://www.linkedin.com/company/alian-a-sul/about/;-;sales OR account OR customer success manager OR client success OR developer relations OR technical writer;aliança sul;1;;https://www.linkedin.com/jobs/view/4452322613/;https://www.linkedin.com/jobs/view/4452322613/;On-site;Vendas / Comercial;12/08/2026;;;;;Brasil;América do Sul
13;ALIANÇA SUL;Vendedor (A);Brasil;12/08 00:00;https://www.linkedin.com/jobs/view/4452323816/;https://media.licdn.com/dms/image/v2/C4D0BAQEotU7Ah2cvBw/company-logo_100_100/company-logo_100_100/0/1630519393449?e=1788393600&v=beta&t=Ce_XoqPHBSI9Vf_dHdNgeqDZkQX2PIWkjmTqgUroCBw;-;https://www.linkedin.com/company/alian-a-sul/about/;-;sales OR account OR customer success manager OR client success OR developer relations OR technical writer;aliança sul;1;;https://www.linkedin.com/jobs/view/4452323816/;https://www.linkedin.com/jobs/view/4452323816/;On-site;Vendas / Comercial;12/08/2026;;;;;Brasil;América do Sul
14;ALIANÇA SUL;Vendedor (A);Brasília, DF;12/08 00:00;https://www.linkedin.com/jobs/view/4452313840/;https://media.licdn.com/dms/image/v2/C4D0BAQEotU7Ah2cvBw/company-logo_100_100/company-logo_100_100/0/1630519393449?e=1788393600&v=beta&t=Ce_XoqPHBSI9Vf_dHdNgeqDZkQX2PIWkjmTqgUroCBw;-;https://www.linkedin.com/company/alian-a-sul/about/;-;sales OR account OR customer success manager OR client success OR developer relations OR technical writer;aliança sul;1;;https://www.linkedin.com/jobs/view/4452313840/;https://www.linkedin.com/jobs/view/4452313840/;On-site;Vendas / Comercial;12/08/2026;;Distrito Federal;DF;Região Centro-Oeste;Brasil;América do Sul
15;ALIANÇA SUL;Vendedor (A);Campina Grande, PB;12/08 00:00;https://www.linkedin.com/jobs/view/4452324575/;https://media.licdn.com/dms/image/v2/C4D0BAQEotU7Ah2cvBw/company-logo_100_100/company-logo_100_100/0/1630519393449?e=1788393600&v=beta&t=Ce_XoqPHBSI9Vf_dHdNgeqDZkQX2PIWkjmTqgUroCBw;-;https://www.linkedin.com/company/alian-a-sul/about/;-;sales OR account OR customer success manager OR client success OR developer relations OR technical writer;aliança sul;1;;https://www.linkedin.com/jobs/view/4452324575/;https://www.linkedin.com/jobs/view/4452324575/;On-site;Vendas / Comercial;12/08/2026;Campina Grande;Paraíba;PB;Região Nordeste;Brasil;América do Sul
16;ALIANÇA SUL;Vendedor (A);Campo Grande, MS;12/08 00:00;https://www.linkedin.com/jobs/view/4452328052/;https://media.licdn.com/dms/image/v2/C4D0BAQEotU7Ah2cvBw/company-logo_100_100/company-logo_100_100/0/1630519393449?e=1788393600&v=beta&t=Ce_XoqPHBSI9Vf_dHdNgeqDZkQX2PIWkjmTqgUroCBw;-;https://www.linkedin.com/company/alian-a-sul/about/;-;sales OR account OR customer success manager OR client success OR developer relations OR technical writer;aliança sul;1;;https://www.linkedin.com/jobs/view/4452328052/;https://www.linkedin.com/jobs/view/4452328052/;On-site;Vendas / Comercial;12/08/2026;Campo Grande;Mato Grosso do Sul;MS;Região Centro-Oeste;Brasil;América do Sul
17;ALIANÇA SUL;Vendedora Interna;Cuiabá, MT;12/08 00:00;https://www.linkedin.com/jobs/view/4452311871/;https://media.licdn.com/dms/image/v2/C4D0BAQEotU7Ah2cvBw/company-logo_100_100/company-logo_100_100/0/1630519393449?e=1788393600&v=beta&t=Ce_XoqPHBSI9Vf_dHdNgeqDZkQX2PIWkjmTqgUroCBw;-;https://www.linkedin.com/company/alian-a-sul/about/;-;sales OR account OR customer success manager OR client success OR developer relations OR technical writer;aliança sul;1;;https://www.linkedin.com/jobs/view/4452311871/;https://www.linkedin.com/jobs/view/4452311871/;On-site;Intern, Vendas / Comercial;12/08/2026;Cuiabá;Mato Grosso;MT;Região Centro-Oeste;Brasil;América do Sul
18;ALIANÇA SUL;Vendedor (A);Fortaleza, CE;12/08 00:00;https://www.linkedin.com/jobs/view/4452313898/;https://media.licdn.com/dms/image/v2/C4D0BAQEotU7Ah2cvBw/company-logo_100_100/company-logo_100_100/0/1630519393449?e=1788393600&v=beta&t=Ce_XoqPHBSI9Vf_dHdNgeqDZkQX2PIWkjmTqgUroCBw;-;https://www.linkedin.com/company/alian-a-sul/about/;-;sales OR account OR customer success manager OR client success OR developer relations OR technical writer;aliança sul;1;;https://www.linkedin.com/jobs/view/4452313898/;https://www.linkedin.com/jobs/view/4452313898/;On-site;Vendas / Comercial;12/08/2026;Fortaleza;Ceará;CE;Região Nordeste;Brasil;América do Sul
19;ALIANÇA SUL;Vendedor (A);Grande Campinas (SP);12/08 00:00;https://www.linkedin.com/jobs/view/4452312853/;https://media.licdn.com/dms/image/v2/C4D0BAQEotU7Ah2cvBw/company-logo_100_100/company-logo_100_100/0/1630519393449?e=1788393600&v=beta&t=Ce_XoqPHBSI9Vf_dHdNgeqDZkQX2PIWkjmTqgUroCBw;-;https://www.linkedin.com/company/alian-a-sul/about/;-;sales OR account OR customer success manager OR client success OR developer relations OR technical writer;aliança sul;1;;https://www.linkedin.com/jobs/view/4452312853/;https://www.linkedin.com/jobs/view/4452312853/;On-site;Vendas / Comercial;12/08/2026;;São Paulo;SP;Região Sudeste;Brasil;América do Sul
20;ALIANÇA SUL;Vendedor (A);Grande Natal (RN);12/08 00:00;https://www.linkedin.com/jobs/view/4452315785/;https://media.licdn.com/dms/image/v2/C4D0BAQEotU7Ah2cvBw/company-logo_100_100/company-logo_100_100/0/1630519393449?e=1788393600&v=beta&t=Ce_XoqPHBSI9Vf_dHdNgeqDZkQX2PIWkjmTqgUroCBw;-;https://www.linkedin.com/company/alian-a-sul/about/;-;sales OR account OR customer success manager OR client success OR developer relations OR technical writer;aliança sul;1;;https://www.linkedin.com/jobs/view/4452315785/;https://www.linkedin.com/jobs/view/4452315785/;On-site;Vendas / Comercial;12/08/2026;;Rio Grande do Norte;RN;Região Nordeste;Brasil;América do Sul
21;ALIANÇA SUL;Vendedor (A);Grande Porto Alegre (RS);12/08 00:00;https://www.linkedin.com/jobs/view/4452327548/;https://media.licdn.com/dms/image/v2/C4D0BAQEotU7Ah2cvBw/company-logo_100_100/company-logo_100_100/0/1630519393449?e=1788393600&v=beta&t=Ce_XoqPHBSI9Vf_dHdNgeqDZkQX2PIWkjmTqgUroCBw;-;https://www.linkedin.com/company/alian-a-sul/about/;-;sales OR account OR customer success manager OR client success OR developer relations OR technical writer;aliança sul;1;;https://www.linkedin.com/jobs/view/4452327548/;https://www.linkedin.com/jobs/view/4452327548/;On-site;Vendas / Comercial;12/08/2026;;Rio Grande do Sul;RS;Região Sul;Brasil;América do Sul
22;ALIANÇA SUL;Vendedor (A);Grande Ribeirão Preto;12/08 00:00;https://www.linkedin.com/jobs/view/4452326869/;https://media.licdn.com/dms/image/v2/C4D0BAQEotU7Ah2cvBw/company-logo_100_100/company-logo_100_100/0/1630519393449?e=1788393600&v=beta&t=Ce_XoqPHBSI9Vf_dHdNgeqDZkQX2PIWkjmTqgUroCBw;-;https://www.linkedin.com/company/alian-a-sul/about/;-;sales OR account OR customer success manager OR client success OR developer relations OR technical writer;aliança sul;1;;https://www.linkedin.com/jobs/view/4452326869/;https://www.linkedin.com/jobs/view/4452326869/;On-site;Vendas / Comercial;12/08/2026;;São Paulo;SP;Região Sudeste;Brasil;América do Sul
23;ALIANÇA SUL;Vendedor (A);João Pessoa, PB;12/08 00:00;https://www.linkedin.com/jobs/view/4452324599/;https://media.licdn.com/dms/image/v2/C4D0BAQEotU7Ah2cvBw/company-logo_100_100/company-logo_100_100/0/1630519393449?e=1788393600&v=beta&t=Ce_XoqPHBSI9Vf_dHdNgeqDZkQX2PIWkjmTqgUroCBw;-;https://www.linkedin.com/company/alian-a-sul/about/;-;sales OR account OR customer success manager OR client success OR developer relations OR technical writer;aliança sul;1;;https://www.linkedin.com/jobs/view/4452324599/;https://www.linkedin.com/jobs/view/4452324599/;On-site;Vendas / Comercial;12/08/2026;João Pessoa;Paraíba;PB;Região Nordeste;Brasil;América do Sul
24;ALIANÇA SUL;Vendedor (A);Maringá, PR;12/08 00:00;https://www.linkedin.com/jobs/view/4452325843/;https://media.licdn.com/dms/image/v2/C4D0BAQEotU7Ah2cvBw/company-logo_100_100/company-logo_100_100/0/1630519393449?e=1788393600&v=beta&t=Ce_XoqPHBSI9Vf_dHdNgeqDZkQX2PIWkjmTqgUroCBw;-;https://www.linkedin.com/company/alian-a-sul/about/;-;sales OR account OR customer success manager OR client success OR developer relations OR technical writer;aliança sul;1;;https://www.linkedin.com/jobs/view/4452325843/;https://www.linkedin.com/jobs/view/4452325843/;On-site;Vendas / Comercial;12/08/2026;Maringá;Paraná;PR;Região Sul;Brasil;América do Sul
25;ALIANÇA SUL;Vendedor (A);Novo Hamburgo, RS;12/08 00:00;https://www.linkedin.com/jobs/view/4452325664/;https://media.licdn.com/dms/image/v2/C4D0BAQEotU7Ah2cvBw/company-logo_100_100/company-logo_100_100/0/1630519393449?e=1788393600&v=beta&t=Ce_XoqPHBSI9Vf_dHdNgeqDZkQX2PIWkjmTqgUroCBw;-;https://www.linkedin.com/company/alian-a-sul/about/;-;sales OR account OR customer success manager OR client success OR developer relations OR technical writer;aliança sul;1;;https://www.linkedin.com/jobs/view/4452325664/;https://www.linkedin.com/jobs/view/4452325664/;On-site;Vendas / Comercial;12/08/2026;;Rio Grande do Sul;RS;Região Sul;Brasil;América do Sul
26;ALIANÇA SUL;Vendedor (A);Palhoça, SC;12/08 00:00;https://www.linkedin.com/jobs/view/4452317843/;https://media.licdn.com/dms/image/v2/C4D0BAQEotU7Ah2cvBw/company-logo_100_100/company-logo_100_100/0/1630519393449?e=1788393600&v=beta&t=Ce_XoqPHBSI9Vf_dHdNgeqDZkQX2PIWkjmTqgUroCBw;-;https://www.linkedin.com/company/alian-a-sul/about/;-;sales OR account OR customer success manager OR client success OR developer relations OR technical writer;aliança sul;1;;https://www.linkedin.com/jobs/view/4452317843/;https://www.linkedin.com/jobs/view/4452317843/;On-site;Vendas / Comercial;12/08/2026;Palhoça;Santa Catarina;SC;Região Sul;Brasil;América do Sul
27;ALIANÇA SUL;Vendedor (A);Passo Fundo, RS;12/08 00:00;https://www.linkedin.com/jobs/view/4452307828/;https://media.licdn.com/dms/image/v2/C4D0BAQEotU7Ah2cvBw/company-logo_100_100/company-logo_100_100/0/1630519393449?e=1788393600&v=beta&t=Ce_XoqPHBSI9Vf_dHdNgeqDZkQX2PIWkjmTqgUroCBw;-;https://www.linkedin.com/company/alian-a-sul/about/;-;sales OR account OR customer success manager OR client success OR developer relations OR technical writer;aliança sul;1;;https://www.linkedin.com/jobs/view/4452307828/;https://www.linkedin.com/jobs/view/4452307828/;On-site;Vendas / Comercial;12/08/2026;Passo Fundo;Rio Grande do Sul;RS;Região Sul;Brasil;América do Sul
28;ALIANÇA SUL;Vendedor (A);Recife, PE;12/08 00:00;https://www.linkedin.com/jobs/view/4452305873/;https://media.licdn.com/dms/image/v2/C4D0BAQEotU7Ah2cvBw/company-logo_100_100/company-logo_100_100/0/1630519393449?e=1788393600&v=beta&t=Ce_XoqPHBSI9Vf_dHdNgeqDZkQX2PIWkjmTqgUroCBw;-;https://www.linkedin.com/company/alian-a-sul/about/;-;sales OR account OR customer success manager OR client success OR developer relations OR technical writer;aliança sul;1;;https://www.linkedin.com/jobs/view/4452305873/;https://www.linkedin.com/jobs/view/4452305873/;On-site;Vendas / Comercial;12/08/2026;Recife;Pernambuco;PE;Região Nordeste;Brasil;América do Sul
29;ALIANÇA SUL;Vendedor (A);São José do Rio Preto, SP;12/08 00:00;https://www.linkedin.com/jobs/view/4452312926/;https://media.licdn.com/dms/image/v2/C4D0BAQEotU7Ah2cvBw/company-logo_100_100/company-logo_100_100/0/1630519393449?e=1788393600&v=beta&t=Ce_XoqPHBSI9Vf_dHdNgeqDZkQX2PIWkjmTqgUroCBw;-;https://www.linkedin.com/company/alian-a-sul/about/;-;sales OR account OR customer success manager OR client success OR developer relations OR technical writer;aliança sul;1;;https://www.linkedin.com/jobs/view/4452312926/;https://www.linkedin.com/jobs/view/4452312926/;On-site;Vendas / Comercial;12/08/2026;São José do Rio Preto;São Paulo;SP;Região Sudeste;Brasil;América do Sul
30;ALIANÇA SUL;Vendedor de veículos;São José, SC;12/08 00:00;https://www.linkedin.com/jobs/view/4452318515/;https://media.licdn.com/dms/image/v2/C4D0BAQEotU7Ah2cvBw/company-logo_100_100/company-logo_100_100/0/1630519393449?e=1788393600&v=beta&t=Ce_XoqPHBSI9Vf_dHdNgeqDZkQX2PIWkjmTqgUroCBw;-;https://www.linkedin.com/company/alian-a-sul/about/;Transporte e Mobilidade;sales OR account OR customer success manager OR client success OR developer relations OR technical writer;aliança sul;1;;https://www.linkedin.com/jobs/view/4452318515/;https://www.linkedin.com/jobs/view/4452318515/;On-site;Vendas / Comercial;12/08/2026;;Santa Catarina;SC;Região Sul;Brasil;América do Sul
31;ALIANÇA SUL;Vendedor (A);Tubarão, SC;12/08 00:00;https://www.linkedin.com/jobs/view/4452301686/;https://media.licdn.com/dms/image/v2/C4D0BAQEotU7Ah2cvBw/company-logo_100_100/company-logo_100_100/0/1630519393449?e=1788393600&v=beta&t=Ce_XoqPHBSI9Vf_dHdNgeqDZkQX2PIWkjmTqgUroCBw;-;https://www.linkedin.com/company/alian-a-sul/about/;-;sales OR account OR customer success manager OR client success OR developer relations OR technical writer;aliança sul;1;;https://www.linkedin.com/jobs/view/4452301686/;https://www.linkedin.com/jobs/view/4452301686/;On-site;Vendas / Comercial;12/08/2026;Tubarão;Santa Catarina;SC;Região Sul;Brasil;América do Sul
32;ALIANÇA SUL;Vendedor (A);Vitória da Conquista, BA;12/08 00:00;https://www.linkedin.com/jobs/view/4452323859/;https://media.licdn.com/dms/image/v2/C4D0BAQEotU7Ah2cvBw/company-logo_100_100/company-logo_100_100/0/1630519393449?e=1788393600&v=beta&t=Ce_XoqPHBSI9Vf_dHdNgeqDZkQX2PIWkjmTqgUroCBw;-;https://www.linkedin.com/company/alian-a-sul/about/;-;sales OR account OR customer success manager OR client success OR developer relations OR technical writer;aliança sul;1;;https://www.linkedin.com/jobs/view/4452323859/;https://www.linkedin.com/jobs/view/4452323859/;On-site;Vendas / Comercial;12/08/2026;Vitória da Conquista;Bahia;BA;Região Nordeste;Brasil;América do Sul
33;ALIANÇA SUL;Vendedor (A);Vitória, ES;12/08 00:00;https://www.linkedin.com/jobs/view/4452314962/;https://media.licdn.com/dms/image/v2/C4D0BAQEotU7Ah2cvBw/company-logo_100_100/company-logo_100_100/0/1630519393449?e=1788393600&v=beta&t=Ce_XoqPHBSI9Vf_dHdNgeqDZkQX2PIWkjmTqgUroCBw;-;https://www.linkedin.com/company/alian-a-sul/about/;-;sales OR account OR customer success manager OR client success OR developer relations OR technical writer;aliança sul;1;;https://www.linkedin.com/jobs/view/4452314962/;https://www.linkedin.com/jobs/view/4452314962/;On-site;Vendas / Comercial;12/08/2026;Vitoria-Gasteiz;Euskadi;PV;;España;
34;ARCOM;Representante comercial;Ananindeua, PA;12/08 00:00;https://www.linkedin.com/jobs/view/4452308692/;https://media.licdn.com/dms/image/v2/C510BAQHml9VWZyqWlw/company-logo_100_100/company-logo_100_100/0/1631339214827?e=1788393600&v=beta&t=y_h2EFzXGn-yvoOJVPgy3V-t6RLGfjDk8cvRBoYN14U;-;https://www.linkedin.com/company/arcom/about/;Vendas e Suporte;sales OR account OR customer success manager OR client success OR developer relations OR technical writer;arcom;1;;https://www.linkedin.com/jobs/view/4452308692/;https://www.linkedin.com/jobs/view/4452308692/;On-site;Vendas / Comercial;12/08/2026;Ananindeua;Pará;PA;Região Norte;Brasil;América do Sul
35;ARCOM;Representante comercial;Brasil;12/08 00:00;https://www.linkedin.com/jobs/view/4452323572/;https://media.licdn.com/dms/image/v2/C510BAQHml9VWZyqWlw/company-logo_100_100/company-logo_100_100/0/1631339214827?e=1788393600&v=beta&t=y_h2EFzXGn-yvoOJVPgy3V-t6RLGfjDk8cvRBoYN14U;-;https://www.linkedin.com/company/arcom/about/;Vendas e Suporte;sales OR account OR customer success manager OR client success OR developer relations OR technical writer;arcom;1;;https://www.linkedin.com/jobs/view/4452323572/;https://www.linkedin.com/jobs/view/4452323572/;On-site;Vendas / Comercial;12/08/2026;;;;;Brasil;América do Sul
36;ARCOM;Representante comercial;Brasil;12/08 00:00;https://www.linkedin.com/jobs/view/4452319639/;https://media.licdn.com/dms/image/v2/C510BAQHml9VWZyqWlw/company-logo_100_100/company-logo_100_100/0/1631339214827?e=1788393600&v=beta&t=y_h2EFzXGn-yvoOJVPgy3V-t6RLGfjDk8cvRBoYN14U;-;https://www.linkedin.com/company/arcom/about/;Vendas e Suporte;sales OR account OR customer success manager OR client success OR developer relations OR technical writer;arcom;1;;https://www.linkedin.com/jobs/view/4452319639/;https://www.linkedin.com/jobs/view/4452319639/;On-site;Vendas / Comercial;12/08/2026;;;;;Brasil;América do Sul
37;ARCOM;Representante comercial;Brasil;12/08 00:00;https://www.linkedin.com/jobs/view/4452310646/;https://media.licdn.com/dms/image/v2/C510BAQHml9VWZyqWlw/company-logo_100_100/company-logo_100_100/0/1631339214827?e=1788393600&v=beta&t=y_h2EFzXGn-yvoOJVPgy3V-t6RLGfjDk8cvRBoYN14U;-;https://www.linkedin.com/company/arcom/about/;Vendas e Suporte;sales OR account OR customer success manager OR client success OR developer relations OR technical writer;arcom;1;;https://www.linkedin.com/jobs/view/4452310646/;https://www.linkedin.com/jobs/view/4452310646/;On-site;Vendas / Comercial;12/08/2026;;;;;Brasil;América do Sul
38;ARCOM;Representante comercial;Brasília, DF;12/08 00:00;https://www.linkedin.com/jobs/view/4452315583/;https://media.licdn.com/dms/image/v2/C510BAQHml9VWZyqWlw/company-logo_100_100/company-logo_100_100/0/1631339214827?e=1788393600&v=beta&t=y_h2EFzXGn-yvoOJVPgy3V-t6RLGfjDk8cvRBoYN14U;-;https://www.linkedin.com/company/arcom/about/;Vendas e Suporte;sales OR account OR customer success manager OR client success OR developer relations OR technical writer;arcom;1;;https://www.linkedin.com/jobs/view/4452315583/;https://www.linkedin.com/jobs/view/4452315583/;On-site;Vendas / Comercial;12/08/2026;;Distrito Federal;DF;Região Centro-Oeste;Brasil;América do Sul
39;ARCOM;Consultor de vendas;Goiânia, GO;12/08 00:00;https://www.linkedin.com/jobs/view/4452308905/;https://media.licdn.com/dms/image/v2/C510BAQHml9VWZyqWlw/company-logo_100_100/company-logo_100_100/0/1631339214827?e=1788393600&v=beta&t=y_h2EFzXGn-yvoOJVPgy3V-t6RLGfjDk8cvRBoYN14U;Advanced > Specialist;https://www.linkedin.com/company/arcom/about/;Vendas e Suporte;sales OR account OR customer success manager OR client success OR developer relations OR technical writer;arcom;1;;https://www.linkedin.com/jobs/view/4452308905/;https://www.linkedin.com/jobs/view/4452308905/;On-site;Consultor, Vendas / Comercial;12/08/2026;Goiânia;Goiás;GO;Região Centro-Oeste;Brasil;América do Sul
40;ARCOM;Representante comercial;Mauá, SP;12/08 00:00;https://www.linkedin.com/jobs/view/4452311665/;https://media.licdn.com/dms/image/v2/C510BAQHml9VWZyqWlw/company-logo_100_100/company-logo_100_100/0/1631339214827?e=1788393600&v=beta&t=y_h2EFzXGn-yvoOJVPgy3V-t6RLGfjDk8cvRBoYN14U;-;https://www.linkedin.com/company/arcom/about/;Vendas e Suporte;sales OR account OR customer success manager OR client success OR developer relations OR technical writer;arcom;1;;https://www.linkedin.com/jobs/view/4452311665/;https://www.linkedin.com/jobs/view/4452311665/;On-site;Vendas / Comercial;12/08/2026;Mauá;São Paulo;SP;Região Sudeste;Brasil;América do Sul
41;ARCOM;Representante comercial;Mogi das Cruzes, SP;12/08 00:00;https://www.linkedin.com/jobs/view/4452326546/;https://media.licdn.com/dms/image/v2/C510BAQHml9VWZyqWlw/company-logo_100_100/company-logo_100_100/0/1631339214827?e=1788393600&v=beta&t=y_h2EFzXGn-yvoOJVPgy3V-t6RLGfjDk8cvRBoYN14U;-;https://www.linkedin.com/company/arcom/about/;Vendas e Suporte;sales OR account OR customer success manager OR client success OR developer relations OR technical writer;arcom;1;;https://www.linkedin.com/jobs/view/4452326546/;https://www.linkedin.com/jobs/view/4452326546/;On-site;Vendas / Comercial;12/08/2026;Mogi das Cruzes;São Paulo;SP;Região Sudeste;Brasil;América do Sul
42;ARCOM;Representante comercial;Patos de Minas, MG;12/08 00:00;https://www.linkedin.com/jobs/view/4452304539/;https://media.licdn.com/dms/image/v2/C510BAQHml9VWZyqWlw/company-logo_100_100/company-logo_100_100/0/1631339214827?e=1788393600&v=beta&t=y_h2EFzXGn-yvoOJVPgy3V-t6RLGfjDk8cvRBoYN14U;-;https://www.linkedin.com/company/arcom/about/;Vendas e Suporte;sales OR account OR customer success manager OR client success OR developer relations OR technical writer;arcom;1;;https://www.linkedin.com/jobs/view/4452304539/;https://www.linkedin.com/jobs/view/4452304539/;On-site;Vendas / Comercial;12/08/2026;Patos de Minas;Minas Gerais;MG;Região Sudeste;Brasil;América do Sul
43;ARCOM;Representante comercial;Santa Bárbara do Pará, PA;12/08 00:00;https://www.linkedin.com/jobs/view/4452315717/;https://media.licdn.com/dms/image/v2/C510BAQHml9VWZyqWlw/company-logo_100_100/company-logo_100_100/0/1631339214827?e=1788393600&v=beta&t=y_h2EFzXGn-yvoOJVPgy3V-t6RLGfjDk8cvRBoYN14U;-;https://www.linkedin.com/company/arcom/about/;Vendas e Suporte;sales OR account OR customer success manager OR client success OR developer relations OR technical writer;arcom;1;;https://www.linkedin.com/jobs/view/4452315717/;https://www.linkedin.com/jobs/view/4452315717/;On-site;Vendas / Comercial;12/08/2026;Santa Bárbara do Pará;Pará;PA;Região Norte;Brasil;América do Sul
44;ARCOM;Representante comercial;Sertãozinho, SP;12/08 00:00;https://www.linkedin.com/jobs/view/4452318787/;https://media.licdn.com/dms/image/v2/C510BAQHml9VWZyqWlw/company-logo_100_100/company-logo_100_100/0/1631339214827?e=1788393600&v=beta&t=y_h2EFzXGn-yvoOJVPgy3V-t6RLGfjDk8cvRBoYN14U;-;https://www.linkedin.com/company/arcom/about/;Vendas e Suporte;sales OR account OR customer success manager OR client success OR developer relations OR technical writer;arcom;1;;https://www.linkedin.com/jobs/view/4452318787/;https://www.linkedin.com/jobs/view/4452318787/;On-site;Vendas / Comercial;12/08/2026;Sertãozinho;São Paulo;SP;Região Sudeste;Brasil;América do Sul
45;ARCOM;Representante comercial;São Caetano do Sul, SP;12/08 00:00;https://www.linkedin.com/jobs/view/4452314814/;https://media.licdn.com/dms/image/v2/C510BAQHml9VWZyqWlw/company-logo_100_100/company-logo_100_100/0/1631339214827?e=1788393600&v=beta&t=y_h2EFzXGn-yvoOJVPgy3V-t6RLGfjDk8cvRBoYN14U;-;https://www.linkedin.com/company/arcom/about/;Vendas e Suporte;sales OR account OR customer success manager OR client success OR developer relations OR technical writer;arcom;1;;https://www.linkedin.com/jobs/view/4452314814/;https://www.linkedin.com/jobs/view/4452314814/;On-site;Vendas / Comercial;12/08/2026;São Caetano do Sul;São Paulo;SP;Região Sudeste;Brasil;América do Sul
46;ARCOM;Consultor de vendas;São Carlos, SP;12/08 10:00;https://www.linkedin.com/jobs/view/4450143595/;https://media.licdn.com/dms/image/v2/C510BAQHml9VWZyqWlw/company-logo_100_100/company-logo_100_100/0/1631339214827?e=1788393600&v=beta&t=y_h2EFzXGn-yvoOJVPgy3V-t6RLGfjDk8cvRBoYN14U;Advanced > Specialist;https://www.linkedin.com/company/arcom/about/;Vendas e Suporte;sales OR account OR customer success manager OR client success OR developer relations OR technical writer;arcom;1;;https://www.linkedin.com/jobs/view/4450143595/;https://www.linkedin.com/jobs/view/4450143595/;On-site;Consultor, Vendas / Comercial;12/08/2026;São Carlos;São Paulo;SP;Região Sudeste;Brasil;América do Sul
47;ARCOM;Representante comercial;Tietê, SP;12/08 00:00;https://www.linkedin.com/jobs/view/4452327700/;https://media.licdn.com/dms/image/v2/C510BAQHml9VWZyqWlw/company-logo_100_100/company-logo_100_100/0/1631339214827?e=1788393600&v=beta&t=y_h2EFzXGn-yvoOJVPgy3V-t6RLGfjDk8cvRBoYN14U;-;https://www.linkedin.com/company/arcom/about/;Vendas e Suporte;sales OR account OR customer success manager OR client success OR developer relations OR technical writer;arcom;1;;https://www.linkedin.com/jobs/view/4452327700/;https://www.linkedin.com/jobs/view/4452327700/;On-site;Vendas / Comercial;12/08/2026;Tietê;São Paulo;SP;Região Sudeste;Brasil;América do Sul
48;AUTOMOB;EXECUTIVO DE VENDAS;Guarapuava, PR;12/08 20:00;https://www.linkedin.com/jobs/view/4450195580/;https://media.licdn.com/dms/image/v2/C4D0BAQHdGjL_kaGreA/company-logo_100_100/company-logo_100_100/0/1656330832260/automobbr_logo?e=1788393600&v=beta&t=7QEMMxbyljPH6YblW6-iFSD1dLHPhfvkri8GmGBNOnM;-;https://www.linkedin.com/company/automob/about/;Software e Serviços de TI;sales OR account OR customer success manager OR client success OR developer relations OR technical writer;automob;1;;https://www.linkedin.com/jobs/view/4450195580/;https://www.linkedin.com/jobs/view/4450195580/;On-site;Vendas / Comercial;12/08/2026;Guarapuava;Paraná;PR;Região Sul;Brasil;América do Sul
49;AVIAREPS Brazil;Senior Sales Executive – Aviation;São Paulo, SP;12/08 11:00;https://www.linkedin.com/jobs/view/4450151376/;https://media.licdn.com/dms/image/v2/C560BAQEg2kKCQZevoA/company-logo_100_100/company-logo_100_100/0/1631373515727?e=1788393600&v=beta&t=BZuApZ3KtLVgFaQzi0DGIWKeYsfNRdx8WYqyhbAW1Oc;-;https://www.linkedin.com/company/aviareps-brazil/about/;Aeroespacial e Aviação;sales OR account OR customer success manager OR client success OR developer relations OR technical writer;aviareps brazil;1;;https://www.linkedin.com/jobs/view/4450151376/;https://www.linkedin.com/jobs/view/4450151376/;On-site;Senior, Vendas / Comercial;12/08/2026;São Paulo;São Paulo;SP;Região Sudeste;Brasil;América do Sul
50;AXISVAC;SDR;Guaxupé, MG;12/08 10:00;https://www.linkedin.com/jobs/view/4450131679/;https://media.licdn.com/dms/image/v2/D4D0BAQG66r7PMHHG3w/company-logo_100_100/B4DZ6NmhTuIAAI-/0/1780492146141/_axisvac_logo?e=1788393600&v=beta&t=I8qlsMp5Fu4Gv7q3TSk9Ms_4aDdY_qucD9CqYFhYL5k;-;https://www.linkedin.com/company/axisvac/about/;-;sales OR account OR customer success manager OR client success OR developer relations OR technical writer;axisvac;1;;https://www.linkedin.com/jobs/view/4450131679/;https://www.linkedin.com/jobs/view/4450131679/;Hybrid;Vendas / Comercial;12/08/2026;Guaxupé;Minas Gerais;MG;Região Sudeste;Brasil;América do Sul
51;AYAN;Especialista de Aplicações | Sistemas de Energia (UPS & Nobreaks);São José, SC;12/08 01:00;https://www.linkedin.com/jobs/view/4453016531/;https://media.licdn.com/dms/image/v2/D4E0BAQHlhmGdR8h8xA/company-logo_100_100/B4EZ_zSTnSIMAI-/0/1786493090562/useian_logo?e=1788393600&v=beta&t=wRqV4nDfryo2rGKwt6TpVxQ23GInPl2eqNwHXfHrkus;Advanced > Specialist;https://www.linkedin.com/company/ayan/about/;Energia e Combustíveis;sales OR account OR customer success manager OR client success OR developer relations OR technical writer;ayan;1;;https://www.linkedin.com/jobs/view/4453016531/;https://www.linkedin.com/jobs/view/4453016531/;On-site;Specialist, TI/Tech;12/08/2026;;Santa Catarina;SC;Região Sul;Brasil;América do Sul
52;Acelera Jurídico;Executivo de Vendas - Closer High Ticket – Educação Executiva;São Paulo, SP;12/08 10:00;https://www.linkedin.com/jobs/view/4450152108/;https://media.licdn.com/dms/image/v2/D4D0BAQHZOnb2DaZ5rw/company-logo_100_100/company-logo_100_100/0/1739215499509/acelera_jurdico_logo?e=1788393600&v=beta&t=PcOznuJyCu50a0sILWWRuHuvWNoPhWxRY8VHnI_J3Ks;-;https://www.linkedin.com/company/acelera-jur-dico/about/;Educação;sales OR account OR customer success manager OR client success OR developer relations OR technical writer;acelera jurídico;1;;https://www.linkedin.com/jobs/view/4450152108/;https://www.linkedin.com/jobs/view/4450152108/;On-site;Vendas / Comercial;12/08/2026;São Paulo;São Paulo;SP;Região Sudeste;Brasil;América do Sul
53;Adecco Permanent Recruitment;Coordenador(a) Regional de Vendas;Araçatuba, SP;12/08 14:00;https://www.linkedin.com/jobs/view/4450170411/;https://media.licdn.com/dms/image/v2/D4D0BAQG7IaihAlqG4g/company-logo_100_100/B4DZVb0q3vGcAQ-/0/1741002288977/adecco_recruitment_portugal_logo?e=1788393600&v=beta&t=E-UuI-U_CnGZSVD2VEuDQyaRspYelDLYdkTSPfIa9SU;Middle > Manager;https://www.linkedin.com/company/adecco-permanent-recruitment/about/;Software e Serviços de TI;sales OR account OR customer success manager OR client success OR developer relations OR technical writer;adecco permanent recruitment;1;;https://www.linkedin.com/jobs/view/4450170411/;https://www.linkedin.com/jobs/view/4450170411/;Hybrid;Mid, Liderança/Gerência, Vendas / Comercial;12/08/2026;Araçatuba;São Paulo;SP;Região Sudeste;Brasil;América do Sul
54;Ademicon Jd. Botânico - Ribeirão Preto;Consultor de vendas;Grande Ribeirão Preto;12/08 16:00;https://www.linkedin.com/jobs/view/4450171954/;missing logo;Advanced > Specialist;https://www.linkedin.com/company/ademicon-jd-bot-nico-ribeir-o-preto/about/;Vendas e Suporte;sales OR account OR customer success manager OR client success OR developer relations OR technical writer;ademicon jd. botânico - ribeirão preto;1;;https://www.linkedin.com/jobs/view/4450171954/;https://www.linkedin.com/jobs/view/4450171954/;On-site;Consultor, Vendas / Comercial;12/08/2026;;São Paulo;SP;Região Sudeste;Brasil;América do Sul
55;Ademicon Marília;Consultor de vendas;Marília, SP;12/08 10:00;https://www.linkedin.com/jobs/view/4450129727/;https://media.licdn.com/dms/image/v2/C4D0BAQHcmj1V_NbgYA/company-logo_100_100/company-logo_100_100/0/1630574752173?e=1788393600&v=beta&t=kxxqlx-Eyzmb97JZ9CjmTa3l3GZAtBC98W3cHOsGr48;Advanced > Specialist;https://www.linkedin.com/company/ademicon-mar-lia/about/;Vendas e Suporte;sales OR account OR customer success manager OR client success OR developer relations OR technical writer;ademicon marília;1;;https://www.linkedin.com/jobs/view/4450129727/;https://www.linkedin.com/jobs/view/4450129727/;Hybrid;Consultor, Vendas / Comercial;12/08/2026;Marília;São Paulo;SP;Região Sudeste;Brasil;América do Sul
56;Ademicon Unidades;Executivo de vendas;Garibaldi, RS;12/08 14:00;https://www.linkedin.com/jobs/view/4450160364/;https://media.licdn.com/dms/image/v2/D4D0BAQGeMYTO02-nyw/company-logo_100_100/company-logo_100_100/0/1726154642682/ademicon_unidades_logo?e=1788393600&v=beta&t=tAOcKqvG6dn2N--xEd7wuLXro9i2yUogyl7EtYOaHO0;-;https://www.linkedin.com/company/ademicon-unidades/about/;Software e Serviços de TI;sales OR account OR customer success manager OR client success OR developer relations OR technical writer;ademicon unidades;1;;https://www.linkedin.com/jobs/view/4450160364/;https://www.linkedin.com/jobs/view/4450160364/;Hybrid;Vendas / Comercial;12/08/2026;Garibaldi;Rio Grande do Sul;RS;Região Sul;Brasil;América do Sul
57;Adimax;Representante comercial de vendas;Minas Gerais, Brasil;12/08 10:00;https://www.linkedin.com/jobs/view/4450144554/;https://media.licdn.com/dms/image/v2/D4D0BAQFZ05QUXa59qw/company-logo_100_100/B4DZ9CO1TgI8AI-/0/1783522612649/adimax_logo?e=1788393600&v=beta&t=kfrD07iyLqW3ZTTq06LWOr72BBtfqJ6WqWqDC6u-qHU;-;https://www.linkedin.com/company/adimax/about/;Vendas e Suporte;sales OR account OR customer success manager OR client success OR developer relations OR technical writer;adimax;1;;https://www.linkedin.com/jobs/view/4450144554/;https://www.linkedin.com/jobs/view/4450144554/;On-site;Vendas / Comercial;12/08/2026;;Minas Gerais;MG;Região Sudeste;Brasil;América do Sul
58;AgileEngine;Client Partner;SP;12/08 17:00;https://www.linkedin.com/jobs/view/4442914039/;https://media.licdn.com/dms/image/v2/D4D0BAQEV7XPrwqjYLg/company-logo_100_100/company-logo_100_100/0/1693840967446/agileengine_logo?e=1788393600&v=beta&t=vxyP6kDR4uBwxW_jc_F1K_qVTeQyZAneoCSZmL920lY;-;https://www.linkedin.com/company/agileengine/about/;-;sales OR account OR customer success manager OR client success OR developer relations OR technical writer;agileengine;1;;https://www.linkedin.com/jobs/view/4442914039/;https://www.linkedin.com/jobs/view/4442914039/;Hybrid;-;12/08/2026;;São Paulo;SP;Região Sudeste;Brasil;América do Sul
59;Agrofiscal;Consultor Técnico Comercial;Pato Branco, PR;12/08 16:00;https://www.linkedin.com/jobs/view/4450182076/;https://media.licdn.com/dms/image/v2/D4D0BAQGuHn6nmo7zWg/company-logo_100_100/company-logo_100_100/0/1663941790866/agrofiscal_logo?e=1788393600&v=beta&t=4dzoNOM-7zaRUTr8KWA1OZoRp0-sxWXbx3pjdwEE2Uo;Advanced > Specialist;https://www.linkedin.com/company/agrofiscal/about/;Agro;sales OR account OR customer success manager OR client success OR developer relations OR technical writer;agrofiscal;1;;https://www.linkedin.com/jobs/view/4450182076/;https://www.linkedin.com/jobs/view/4450182076/;On-site;Consultor, Vendas / Comercial;12/08/2026;Pato Branco;Paraná;PR;Região Sul;Brasil;América do Sul
60;Agromax New Holland;CONSULTOR DE VENDAS - PARAGOMINAS;Paragominas, PA;12/08 00:00;https://www.linkedin.com/jobs/view/4452327712/;https://media.licdn.com/dms/image/v2/D4D0BAQHXLfx-rMuYPQ/company-logo_100_100/company-logo_100_100/0/1736542402545/agromax_equipamentos_agrcolas_logo?e=1788393600&v=beta&t=9hF0h549oT3p3jiLqK1RCUa2egwmZZltJiTjAl2iJNc;Advanced > Specialist;https://www.linkedin.com/company/agromax-new-holland/about/;Agro;sales OR account OR customer success manager OR client success OR developer relations OR technical writer;agromax new holland;1;;https://www.linkedin.com/jobs/view/4452327712/;https://www.linkedin.com/jobs/view/4452327712/;On-site;Consultor, Vendas / Comercial;12/08/2026;Paragominas;Pará;PA;Região Norte;Brasil;América do Sul
61;Agência Incandescente;Analista de Sucesso do Cliente;São Bernardo do Campo, SP;12/08 19:00;https://www.linkedin.com/jobs/view/4450199010/;https://media.licdn.com/dms/image/v2/D4D0BAQE95DFTFGCPmQ/company-logo_100_100/company-logo_100_100/0/1719255948632/agenciaincandescente_logo?e=1788393600&v=beta&t=SK19RcbsqKBo2N3xNNNtKScmcLrHqhz4ataukjhGteQ;Advanced > Specialist;https://www.linkedin.com/company/ag-ncia-incandescente/about/;Marketing e Publicidade Marketing;sales OR account OR customer success manager OR client success OR developer relations OR technical writer;agência incandescente;1;;https://www.linkedin.com/jobs/view/4450199010/;https://www.linkedin.com/jobs/view/4450199010/;Hybrid;Associate;12/08/2026;São Bernardo do Campo;São Paulo;SP;Região Sudeste;Brasil;América do Sul
62;Akato Brasil;Assistente comercial;Joinville, SC;12/08 15:00;https://www.linkedin.com/jobs/view/4449885027/;https://media.licdn.com/dms/image/v2/D4D0BAQEwN52RJ_Fs8A/company-logo_100_100/B4DZ.GT3XDGkAM-/0/1784664782701/akatobrasil_logo?e=1788393600&v=beta&t=AKHDgkcMp8HjfUtsb_2rmSxw6aBxCwIqBXOvVdZg7kQ;-;https://www.linkedin.com/company/akato-brasil/about/;Vendas e Suporte;sales OR account OR customer success manager OR client success OR developer relations OR technical writer;akato brasil;1;;https://www.linkedin.com/jobs/view/4449885027/;https://www.linkedin.com/jobs/view/4449885027/;On-site;Associate, Vendas / Comercial;12/08/2026;Joinville;Santa Catarina;SC;Região Sul;Brasil;América do Sul
63;Alares Internet;Vendedor(a) Externo - Porta a Porta  - CORNELIO PROCOPIO;Cornélio Procópio, PR;12/08 20:00;https://www.linkedin.com/jobs/view/4450405108/;https://media.licdn.com/dms/image/v2/C4D0BAQHu26VEgTLlvg/company-logo_100_100/company-logo_100_100/0/1667997196920/alaresinternet_logo?e=1788393600&v=beta&t=HJKEIgU4HewWHEhPKWSnjKdE6ahpJMB0vhQJF7opQfk;-;https://www.linkedin.com/company/alares-internet/about/;-;sales OR account OR customer success manager OR client success OR developer relations OR technical writer;alares internet;1;;https://www.linkedin.com/jobs/view/4450405108/;https://www.linkedin.com/jobs/view/4450405108/;On-site;Vendas / Comercial;12/08/2026;Cornélio Procópio;Paraná;PR;Região Sul;Brasil;América do Sul
64;Alberflex;Consultor De Vendas;Campinas, SP;12/08 17:00;https://www.linkedin.com/jobs/view/4453364450/;https://media.licdn.com/dms/image/v2/C4D0BAQFEkKiylxbzXQ/company-logo_100_100/company-logo_100_100/0/1670505663336/alberflex_logo?e=1788393600&v=beta&t=2bFQ4OmIEDlmuC24zvQM1TNqiJYIysC5wBKJTy6zvEM;Advanced > Specialist;https://www.linkedin.com/company/alberflex/about/;Vendas e Suporte;sales OR account OR customer success manager OR client success OR developer relations OR technical writer;alberflex;1;;https://www.linkedin.com/jobs/view/4453364450/;https://www.linkedin.com/jobs/view/4453364450/;Not informed;Consultor, Vendas / Comercial;12/08/2026;;São Paulo;SP;Região Sudeste;Brasil;América do Sul
65;Alberflex;Consultor de vendas;Grande Campinas (SP);12/08 00:00;https://www.linkedin.com/jobs/view/4452325742/;https://media.licdn.com/dms/image/v2/C4D0BAQFEkKiylxbzXQ/company-logo_100_100/company-logo_100_100/0/1670505663336/alberflex_logo?e=1788393600&v=beta&t=2bFQ4OmIEDlmuC24zvQM1TNqiJYIysC5wBKJTy6zvEM;Advanced > Specialist;https://www.linkedin.com/company/alberflex/about/;Vendas e Suporte;sales OR account OR customer success manager OR client success OR developer relations OR technical writer;alberflex;1;;https://www.linkedin.com/jobs/view/4452325742/;https://www.linkedin.com/jobs/view/4452325742/;On-site;Consultor, Vendas / Comercial;12/08/2026;;São Paulo;SP;Região Sudeste;Brasil;América do Sul
66;Allamar Industria E Comercio De Confeccoes;Consultor de vendas;Fortaleza, CE;12/08 16:00;https://www.linkedin.com/jobs/view/4453362096/;missing logo;Advanced > Specialist;https://www.linkedin.com/company/allamar-industria-e-comercio-de-confeccoes/about/;Vendas e Suporte;sales OR account OR customer success manager OR client success OR developer relations OR technical writer;allamar industria e comercio de confeccoes;1;;https://www.linkedin.com/jobs/view/4453362096/;https://www.linkedin.com/jobs/view/4453362096/;On-site;Consultor, Vendas / Comercial;12/08/2026;Fortaleza;Ceará;CE;Região Nordeste;Brasil;América do Sul
67;Allcenter;Consultor(a) de Vendas INTERNO -  Estética Avançada e HOF;São Paulo, SP;12/08 20:00;https://www.linkedin.com/jobs/view/4450198425/;missing logo;Advanced > Specialist;https://www.linkedin.com/company/allcenter/about/;Software e Serviços de TI;sales OR account OR customer success manager OR client success OR developer relations OR technical writer;allcenter;1;;https://www.linkedin.com/jobs/view/4450198425/;https://www.linkedin.com/jobs/view/4450198425/;On-site;Intern, Consultor, Vendas / Comercial;12/08/2026;São Paulo;São Paulo;SP;Região Sudeste;Brasil;América do Sul
68;Alligare - Recursos Humanos;Vendedor externo (Registro/SP);Brasil;12/08 10:00;https://www.linkedin.com/jobs/view/4453100768/;https://media.licdn.com/dms/image/v2/D4D0BAQH4iN1mN5qNYg/company-logo_100_100/company-logo_100_100/0/1710641248958/alligare_recursos_humanos_logo?e=1788393600&v=beta&t=uAhj3FD4cRniWsuw96-o8t3r9ivI5ULGWz8yzkYNhlU;-;https://www.linkedin.com/company/alligare-recursos-humanos/about/;Recursos Humanos;sales OR account OR customer success manager OR client success OR developer relations OR technical writer;alligare - recursos humanos;1;;https://www.linkedin.com/jobs/view/4453100768/;https://www.linkedin.com/jobs/view/4453100768/;Hybrid;Vendas / Comercial;12/08/2026;;;;;Brasil;América do Sul
69;Allp Fit;Executivo de Vendas Junior;Ipatinga, MG;12/08 18:00;https://www.linkedin.com/jobs/view/4453370289/;https://media.licdn.com/dms/image/v2/D4D0BAQE4FIjvPDXa4w/company-logo_100_100/B4DZXOh282HAAQ-/0/1742926738232?e=1788393600&v=beta&t=0jihFZpGAqjY0wwRSfsq60czWLt_OZpSSJml8-sjeTs;-;https://www.linkedin.com/company/allp-fit/about/;Software e Serviços de TI;sales OR account OR customer success manager OR client success OR developer relations OR technical writer;allp fit;1;;https://www.linkedin.com/jobs/view/4453370289/;https://www.linkedin.com/jobs/view/4453370289/;On-site;Junior, Vendas / Comercial;12/08/2026;Ipatinga;Minas Gerais;MG;Região Sudeste;Brasil;América do Sul
70;AlmapBBDO;Pessoa Supervisora de Contas;São Paulo, SP;12/08 08:00;https://www.linkedin.com/jobs/view/4450146056/;https://media.licdn.com/dms/image/v2/D4D0BAQEPMKLfRB8TGA/company-logo_100_100/company-logo_100_100/0/1692977963356?e=1788393600&v=beta&t=N7Uh5gOGK-ipQposxiLtl_dLmU9IgZ5UadLKAEVUMT0;Middle > Manager;https://www.linkedin.com/company/almapbbdo/about/;-;sales OR account OR customer success manager OR client success OR developer relations OR technical writer;almapbbdo;1;;https://www.linkedin.com/jobs/view/4450146056/;https://www.linkedin.com/jobs/view/4450146056/;Hybrid;PCD / Afirmativa, Mid, Liderança/Gerência;12/08/2026;São Paulo;São Paulo;SP;Região Sudeste;Brasil;América do Sul
71;AlmavivA Experience;Consultor de Relacionamento | APARECIDA DE GOIANIA  - CARRO PRÓPRIO E CNH ATIVA;Aparecida de Goiânia, GO;12/08 18:00;https://www.linkedin.com/jobs/view/4453362982/;https://media.licdn.com/dms/image/v2/D4D0BAQHD83b2kWPFAA/company-logo_100_100/company-logo_100_100/0/1688490135792/almavivadobrasil_logo?e=1788393600&v=beta&t=jrK9fCLnLqcreKLuFs3rr1ZOvuOZhBrC4KOS1m1mXaQ;Advanced > Specialist;https://www.linkedin.com/company/almaviva-experience/about/;Software e Serviços de TI;sales OR account OR customer success manager OR client success OR developer relations OR technical writer;almaviva experience;1;;https://www.linkedin.com/jobs/view/4453362982/;https://www.linkedin.com/jobs/view/4453362982/;On-site;Consultor;12/08/2026;Aparecida de Goiânia;Goiás;GO;Região Centro-Oeste;Brasil;América do Sul
72;Aloud;VENDEDOR(A) | CURITIBA – PR;Curitiba, PR;12/08 10:00;https://www.linkedin.com/jobs/view/4450138696/;https://media.licdn.com/dms/image/v2/D4D0BAQEG-kM7j50sxg/company-logo_100_100/B4DZj3CKZNIEAU-/0/1756491196514/speakaloud_logo?e=1788393600&v=beta&t=lMeBbTj7bMEvyMAJm9-wjnz34YQ6eymQT08chCT_UTQ;-;https://www.linkedin.com/company/aloud/about/;Software e Serviços de TI;sales OR account OR customer success manager OR client success OR developer relations OR technical writer;aloud;1;;https://www.linkedin.com/jobs/view/4450138696/;https://www.linkedin.com/jobs/view/4450138696/;Hybrid;Vendas / Comercial;12/08/2026;;Paraná;PR;Região Sul;Brasil;América do Sul
73;Alper Seguros;Gerente Comercial I - Seguros Corporativos;São Paulo, SP;12/08 20:00;https://www.linkedin.com/jobs/view/4450186712/;https://media.licdn.com/dms/image/v2/D4D0BAQGxl-aJt0rDrg/company-logo_100_100/company-logo_100_100/0/1733068502794?e=1788393600&v=beta&t=yauiRbEoUUK2sFy-cuInX_8jM8aiJfZivzm5lUlBlj0;Middle > Manager;https://www.linkedin.com/company/alper-seguros/about/;Seguros e Previdência;sales OR account OR customer success manager OR client success OR developer relations OR technical writer;alper seguros;1;;https://www.linkedin.com/jobs/view/4450186712/;https://www.linkedin.com/jobs/view/4450186712/;Hybrid;Mid, Liderança/Gerência, Vendas / Comercial;12/08/2026;São Paulo;São Paulo;SP;Região Sudeste;Brasil;América do Sul
74;Alper Seguros;Gerente Relacionamento Clientes III -Benefícios Corporate - Relacionamento;São Paulo, SP;12/08 20:00;https://www.linkedin.com/jobs/view/4450192589/;https://media.licdn.com/dms/image/v2/D4D0BAQGxl-aJt0rDrg/company-logo_100_100/company-logo_100_100/0/1733068502794?e=1788393600&v=beta&t=yauiRbEoUUK2sFy-cuInX_8jM8aiJfZivzm5lUlBlj0;Middle > Manager;https://www.linkedin.com/company/alper-seguros/about/;Seguros e Previdência;sales OR account OR customer success manager OR client success OR developer relations OR technical writer;alper seguros;1;;https://www.linkedin.com/jobs/view/4450192589/;https://www.linkedin.com/jobs/view/4450192589/;Hybrid;Mid, Liderança/Gerência;12/08/2026;São Paulo;São Paulo;SP;Região Sudeste;Brasil;América do Sul
75;Alpha Química;Executivo de Contas Cosméticos- RJ;Cachoeirinha, RS;12/08 00:00;https://www.linkedin.com/jobs/view/4452301780/;https://media.licdn.com/dms/image/v2/D4D0BAQGKdossQZgtYw/company-logo_100_100/B4DZqCJEXSGgAU-/0/1763120007400/alphaquimica_logo?e=1788393600&v=beta&t=qIdSrKSGtkpoP64fZzuto8S3uOJP4HShxmXT4uBuHSk;-;https://www.linkedin.com/company/alpha-qu-mica/about/;Moda e Beleza;sales OR account OR customer success manager OR client success OR developer relations OR technical writer;alpha química;1;;https://www.linkedin.com/jobs/view/4452301780/;https://www.linkedin.com/jobs/view/4452301780/;On-site;Executivo de Contas;12/08/2026;Cachoeirinha;Rio Grande do Sul;RS;Região Sul;Brasil;América do Sul
76;Alpha Química;Gerente comercial;Cachoeirinha, RS;12/08 00:00;https://www.linkedin.com/jobs/view/4452314583/;https://media.licdn.com/dms/image/v2/D4D0BAQGKdossQZgtYw/company-logo_100_100/B4DZqCJEXSGgAU-/0/1763120007400/alphaquimica_logo?e=1788393600&v=beta&t=qIdSrKSGtkpoP64fZzuto8S3uOJP4HShxmXT4uBuHSk;Middle > Manager;https://www.linkedin.com/company/alpha-qu-mica/about/;Vendas e Suporte;sales OR account OR customer success manager OR client success OR developer relations OR technical writer;alpha química;1;;https://www.linkedin.com/jobs/view/4452314583/;https://www.linkedin.com/jobs/view/4452314583/;On-site;Mid, Liderança/Gerência, Vendas / Comercial;12/08/2026;Cachoeirinha;Rio Grande do Sul;RS;Região Sul;Brasil;América do Sul
77;Alsco Uniformes Brasil;Consultor de Vendas Externas;Brasil;12/08 00:00;https://www.linkedin.com/jobs/view/4452313821/;https://media.licdn.com/dms/image/v2/D4D0BAQEYnj_bBK9ZNw/company-logo_100_100/B4DZcSQIwwGcAQ-/0/1748357910637?e=1788393600&v=beta&t=cJBnGD_Mg1YJDs9SYuhS6ZIjEJ_W1GvSQyMuW0moufg;Advanced > Specialist;https://www.linkedin.com/company/alsco-uniformes-brasil/about/;Vendas e Suporte;sales OR account OR customer success manager OR client success OR developer relations OR technical writer;alsco uniformes brasil;1;;https://www.linkedin.com/jobs/view/4452313821/;https://www.linkedin.com/jobs/view/4452313821/;On-site;Consultor, Vendas / Comercial;12/08/2026;;;;;Brasil;América do Sul
78;Alsco Uniformes Brasil;Consultor de vendas;Brasil;12/08 00:00;https://www.linkedin.com/jobs/view/4452318609/;https://media.licdn.com/dms/image/v2/D4D0BAQEYnj_bBK9ZNw/company-logo_100_100/B4DZcSQIwwGcAQ-/0/1748357910637?e=1788393600&v=beta&t=cJBnGD_Mg1YJDs9SYuhS6ZIjEJ_W1GvSQyMuW0moufg;Advanced > Specialist;https://www.linkedin.com/company/alsco-uniformes-brasil/about/;Vendas e Suporte;sales OR account OR customer success manager OR client success OR developer relations OR technical writer;alsco uniformes brasil;1;;https://www.linkedin.com/jobs/view/4452318609/;https://www.linkedin.com/jobs/view/4452318609/;On-site;Consultor, Vendas / Comercial;12/08/2026;;;;;Brasil;América do Sul
79;Alsco Uniformes Brasil;Consultor de vendas;Brasil;12/08 00:00;https://www.linkedin.com/jobs/view/4452304646/;https://media.licdn.com/dms/image/v2/D4D0BAQEYnj_bBK9ZNw/company-logo_100_100/B4DZcSQIwwGcAQ-/0/1748357910637?e=1788393600&v=beta&t=cJBnGD_Mg1YJDs9SYuhS6ZIjEJ_W1GvSQyMuW0moufg;Advanced > Specialist;https://www.linkedin.com/company/alsco-uniformes-brasil/about/;Vendas e Suporte;sales OR account OR customer success manager OR client success OR developer relations OR technical writer;alsco uniformes brasil;1;;https://www.linkedin.com/jobs/view/4452304646/;https://www.linkedin.com/jobs/view/4452304646/;On-site;Consultor, Vendas / Comercial;12/08/2026;;;;;Brasil;América do Sul
80;Alsco Uniformes Brasil;Consultor de VendasRelacionamento;Brasília, DF;12/08 00:00;https://www.linkedin.com/jobs/view/4452343007/;https://media.licdn.com/dms/image/v2/D4D0BAQEYnj_bBK9ZNw/company-logo_100_100/B4DZcSQIwwGcAQ-/0/1748357910637?e=1788393600&v=beta&t=cJBnGD_Mg1YJDs9SYuhS6ZIjEJ_W1GvSQyMuW0moufg;Advanced > Specialist;https://www.linkedin.com/company/alsco-uniformes-brasil/about/;Vendas e Suporte;sales OR account OR customer success manager OR client success OR developer relations OR technical writer;alsco uniformes brasil;1;;https://www.linkedin.com/jobs/view/4452343007/;https://www.linkedin.com/jobs/view/4452343007/;On-site;Consultor, Vendas / Comercial;12/08/2026;;Distrito Federal;DF;Região Centro-Oeste;Brasil;América do Sul
81;Alsco Uniformes Brasil;Coordenadora de Pós-vendas;Canoas, RS;12/08 00:00;https://www.linkedin.com/jobs/view/4452330038/;https://media.licdn.com/dms/image/v2/D4D0BAQEYnj_bBK9ZNw/company-logo_100_100/B4DZcSQIwwGcAQ-/0/1748357910637?e=1788393600&v=beta&t=cJBnGD_Mg1YJDs9SYuhS6ZIjEJ_W1GvSQyMuW0moufg;Middle > Manager;https://www.linkedin.com/company/alsco-uniformes-brasil/about/;Vendas e Suporte;sales OR account OR customer success manager OR client success OR developer relations OR technical writer;alsco uniformes brasil;1;;https://www.linkedin.com/jobs/view/4452330038/;https://www.linkedin.com/jobs/view/4452330038/;On-site;Mid, Liderança/Gerência, Vendas / Comercial;12/08/2026;Canoas;Rio Grande do Sul;RS;Região Sul;Brasil;América do Sul
82;Alsco Uniformes Brasil;Consultor de vendas;Grande Belo Horizonte (MG);12/08 00:00;https://www.linkedin.com/jobs/view/4452327773/;https://media.licdn.com/dms/image/v2/D4D0BAQEYnj_bBK9ZNw/company-logo_100_100/B4DZcSQIwwGcAQ-/0/1748357910637?e=1788393600&v=beta&t=cJBnGD_Mg1YJDs9SYuhS6ZIjEJ_W1GvSQyMuW0moufg;Advanced > Specialist;https://www.linkedin.com/company/alsco-uniformes-brasil/about/;Vendas e Suporte;sales OR account OR customer success manager OR client success OR developer relations OR technical writer;alsco uniformes brasil;1;;https://www.linkedin.com/jobs/view/4452327773/;https://www.linkedin.com/jobs/view/4452327773/;On-site;Consultor, Vendas / Comercial;12/08/2026;;Minas Gerais;MG;Região Sudeste;Brasil;América do Sul
83;Alsco Uniformes Brasil;Consultor de Vendas Pleno;Passo Fundo, RS;12/08 00:00;https://www.linkedin.com/jobs/view/4452320944/;https://media.licdn.com/dms/image/v2/D4D0BAQEYnj_bBK9ZNw/company-logo_100_100/B4DZcSQIwwGcAQ-/0/1748357910637?e=1788393600&v=beta&t=cJBnGD_Mg1YJDs9SYuhS6ZIjEJ_W1GvSQyMuW0moufg;Advanced > Specialist;https://www.linkedin.com/company/alsco-uniformes-brasil/about/;Vendas e Suporte;sales OR account OR customer success manager OR client success OR developer relations OR technical writer;alsco uniformes brasil;1;;https://www.linkedin.com/jobs/view/4452320944/;https://www.linkedin.com/jobs/view/4452320944/;On-site;Mid, Consultor, Vendas / Comercial;12/08/2026;Passo Fundo;Rio Grande do Sul;RS;Região Sul;Brasil;América do Sul
84;Alsco Uniformes Brasil;Consultor de vendas;São José dos Campos, SP;12/08 00:00;https://www.linkedin.com/jobs/view/4452321989/;https://media.licdn.com/dms/image/v2/D4D0BAQEYnj_bBK9ZNw/company-logo_100_100/B4DZcSQIwwGcAQ-/0/1748357910637?e=1788393600&v=beta&t=cJBnGD_Mg1YJDs9SYuhS6ZIjEJ_W1GvSQyMuW0moufg;Advanced > Specialist;https://www.linkedin.com/company/alsco-uniformes-brasil/about/;Vendas e Suporte;sales OR account OR customer success manager OR client success OR developer relations OR technical writer;alsco uniformes brasil;1;;https://www.linkedin.com/jobs/view/4452321989/;https://www.linkedin.com/jobs/view/4452321989/;On-site;Consultor, Vendas / Comercial;12/08/2026;São José dos Campos;São Paulo;SP;Região Sudeste;Brasil;América do Sul
85;Alteryx;Account Executive, Enterprise;Brasil;12/08 06:00;https://www.linkedin.com/jobs/view/4442691325/;https://media.licdn.com/dms/image/v2/D4E0BAQE6Q7_2t9Qq0w/company-logo_100_100/B4EZzScUPuGUAQ-/0/1773057164524/alteryx_logo?e=1788393600&v=beta&t=FfRJfQZ2qVhBXVwcSK1YbiS0GE88X3LzvMD0yEaZsRI;Specific > Sales > Account;https://www.linkedin.com/company/alteryx/about/;Software e Serviços de TI;sales OR account OR customer success manager OR client success OR developer relations OR technical writer;alteryx;1;;https://www.linkedin.com/jobs/view/4442691325/;https://www.linkedin.com/jobs/view/4442691325/;Remote;Vendas / Comercial, Executivo de Contas;12/08/2026;;;;;Brasil;América do Sul
86;Alvorada Produtos Agropecuários;CONSULTOR TÉCNICO DE VENDAS DE NUTRIÇÃO (CTV) - ARIQUEMES, JARU, BURITIS E MACHADINHO D' OESTE / RO;Ariquemes, RO;12/08 20:00;https://www.linkedin.com/jobs/view/4450177932/;https://media.licdn.com/dms/image/v2/D4D0BAQHhmYxOa5IrwA/company-logo_100_100/B4DZ_Y.t2mKMAI-/0/1786051747649/alvorada_produtos_agropecuarios_logo?e=1788393600&v=beta&t=pn5V-Gs1hWIEMasbaDw2Jhy_an2joDrI6HQW41FBth4;Advanced > Specialist;https://www.linkedin.com/company/alvorada-produtos-agropecu-rios/about/;Agro;sales OR account OR customer success manager OR client success OR developer relations OR technical writer;alvorada produtos agropecuários;1;;https://www.linkedin.com/jobs/view/4450177932/;https://www.linkedin.com/jobs/view/4450177932/;On-site;Consultor, Vendas / Comercial;12/08/2026;Ariquemes;Rondônia;RO;Região Norte;Brasil;América do Sul
87;Além do Olhar by Ana Hickmann;Executivo de vendas;Gravataí, RS;12/08 18:00;https://www.linkedin.com/jobs/view/4450180461/;https://media.licdn.com/dms/image/v2/D4D0BAQGXDAmbmclELQ/company-logo_100_100/B4DZr_fPlYG8AQ-/0/1765222972339/alemdoolhar_logo?e=1788393600&v=beta&t=DquCuMx4zlFfu_yMyI3tmZwR11aImSRT4ikb8p61Jb8;-;https://www.linkedin.com/company/al-m-do-olhar-by-ana-hickmann/about/;Software e Serviços de TI;sales OR account OR customer success manager OR client success OR developer relations OR technical writer;além do olhar by ana hickmann;1;;https://www.linkedin.com/jobs/view/4450180461/;https://www.linkedin.com/jobs/view/4450180461/;On-site;Vendas / Comercial;12/08/2026;Gravataí;Rio Grande do Sul;RS;Região Sul;Brasil;América do Sul
88;Amazon;Business Coach EDSP/AMPL, Growth & Excellence, EDSP/AMPL;Grande Recife (PE);12/08 21:00;https://www.linkedin.com/jobs/view/4453396610/;https://media.licdn.com/dms/image/v2/D560BAQGDLy4STCnHbg/company-logo_100_100/B56ZnZxDipI0AQ-/0/1760295142304/amazon_logo?e=1788393600&v=beta&t=dVJTOMEVM8339OF7CQajZzlk6UeWcXF31DjkO-Vfy20;-;https://www.linkedin.com/company/amazon/about/;Varejo e E-commerce;sales OR account OR customer success manager OR client success OR developer relations OR technical writer;amazon;1;;https://www.linkedin.com/jobs/view/4453396610/;https://www.linkedin.com/jobs/view/4453396610/;Not informed;Coach;12/08/2026;;Pernambuco;PE;Região Nordeste;Brasil;América do Sul
89;Amazon;Account Executive, Amazon Ads Sales, CPG Amazon Ads Sales Account Executive;Grande São Paulo (SP) ;12/08 10:00;https://www.linkedin.com/jobs/view/4453105356/;https://media.licdn.com/dms/image/v2/D560BAQGDLy4STCnHbg/company-logo_100_100/B56ZnZxDipI0AQ-/0/1760295142304/amazon_logo?e=1788393600&v=beta&t=dVJTOMEVM8339OF7CQajZzlk6UeWcXF31DjkO-Vfy20;Specific > Sales > Account;https://www.linkedin.com/company/amazon/about/;Software e Serviços de TI;sales OR account OR customer success manager OR client success OR developer relations OR technical writer;amazon;1;;https://www.linkedin.com/jobs/view/4453105356/;https://www.linkedin.com/jobs/view/4453105356/;Not informed;Vendas / Comercial, Executivo de Contas;12/08/2026;;São Paulo;SP;Região Sudeste;Brasil;América do Sul
90;Amazon;Seller Support & Self Service Manager, Out of Country - Cross border LatAm;Grande São Paulo (SP) ;12/08 08:00;https://www.linkedin.com/jobs/view/4453023508/;https://media.licdn.com/dms/image/v2/D560BAQGDLy4STCnHbg/company-logo_100_100/B56ZnZxDipI0AQ-/0/1760295142304/amazon_logo?e=1788393600&v=beta&t=dVJTOMEVM8339OF7CQajZzlk6UeWcXF31DjkO-Vfy20;Middle > Manager;https://www.linkedin.com/company/amazon/about/;Varejo e E-commerce;sales OR account OR customer success manager OR client success OR developer relations OR technical writer;amazon;1;;https://www.linkedin.com/jobs/view/4453023508/;https://www.linkedin.com/jobs/view/4453023508/;Not informed;Liderança/Gerência;12/08/2026;;São Paulo;SP;Região Sudeste;Brasil;América do Sul
91;Amazon Web Services (AWS);Customer Solutions Mgr, AGS Public Sector Brazil;Grande São Paulo (SP) ;12/08 08:00;https://www.linkedin.com/jobs/view/4453059613/;https://media.licdn.com/dms/image/v2/D4E0BAQFqdm1TZ-RZKQ/company-logo_100_100/B4EZgOay6gHEAY-/0/1752588562343/amazon_web_services_logo?e=1788393600&v=beta&t=yMZViGm_2yJ4r9HWDE1PvQabKceLdrF0mbdpVA7mSiA;-;https://www.linkedin.com/company/amazon-web-services-aws/about/;Software e Serviços de TI;sales OR account OR customer success manager OR client success OR developer relations OR technical writer;amazon web services (aws);1;;https://www.linkedin.com/jobs/view/4453059613/;https://www.linkedin.com/jobs/view/4453059613/;Not informed;-;12/08/2026;;São Paulo;SP;Região Sudeste;Brasil;América do Sul
92;Amazon Web Services (AWS);Sr. Startup Solutions Architect, Startup FrontierAI;Grande São Paulo (SP) ;12/08 08:00;https://www.linkedin.com/jobs/view/4453022469/;https://media.licdn.com/dms/image/v2/D4E0BAQFqdm1TZ-RZKQ/company-logo_100_100/B4EZgOay6gHEAY-/0/1752588562343/amazon_web_services_logo?e=1788393600&v=beta&t=yMZViGm_2yJ4r9HWDE1PvQabKceLdrF0mbdpVA7mSiA;Architecture > Solutions Architect;https://www.linkedin.com/company/amazon-web-services-aws/about/;Software e Serviços de TI;sales OR account OR customer success manager OR client success OR developer relations OR technical writer;amazon web services (aws);1;;https://www.linkedin.com/jobs/view/4453022469/;https://www.linkedin.com/jobs/view/4453022469/;Not informed;Senior;12/08/2026;;São Paulo;SP;Região Sudeste;Brasil;América do Sul
93;Amazon Web Services (AWS);Tech Partner Leader - LATAM, AWS Partners;Grande São Paulo (SP) ;12/08 21:00;https://www.linkedin.com/jobs/view/4453396619/;https://media.licdn.com/dms/image/v2/D4E0BAQFqdm1TZ-RZKQ/company-logo_100_100/B4EZgOay6gHEAY-/0/1752588562343/amazon_web_services_logo?e=1788393600&v=beta&t=yMZViGm_2yJ4r9HWDE1PvQabKceLdrF0mbdpVA7mSiA;Middle > Manager;https://www.linkedin.com/company/amazon-web-services-aws/about/;Software e Serviços de TI;sales OR account OR customer success manager OR client success OR developer relations OR technical writer;amazon web services (aws);1;;https://www.linkedin.com/jobs/view/4453396619/;https://www.linkedin.com/jobs/view/4453396619/;Not informed;Mid, Liderança/Gerência, Cloud (AWS/GCP/Azure), TI/Tech;12/08/2026;;São Paulo;SP;Região Sudeste;Brasil;América do Sul
94;Ambev;Representante de Contas (CDD Embu das Artes/SP);Embu das Artes, SP;12/08 08:00;https://www.linkedin.com/jobs/view/4442901709/;https://media.licdn.com/dms/image/v2/D4E0BAQGehmQW7ITyRQ/company-logo_100_100/B4EZ.6DSqeKcAI-/0/1785532853302/ambev_logo?e=1788393600&v=beta&t=yJJvA3s8o-r9amS2s2N0yQ4N2OoCxMnwUP2i_TfId98;-;https://www.linkedin.com/company/ambev/about/;Alimentos e Bebidas;sales OR account OR customer success manager OR client success OR developer relations OR technical writer;ambev;1;;https://www.linkedin.com/jobs/view/4442901709/;https://www.linkedin.com/jobs/view/4442901709/;Not informed;-;12/08/2026;Embu das Artes;São Paulo;SP;Região Sudeste;Brasil;América do Sul
95;Ambev;Vendedor(a) Externo - Representante de Vendas (Itajaí/SC);Itajaí, SC;12/08 08:00;https://www.linkedin.com/jobs/view/4442912274/;https://media.licdn.com/dms/image/v2/D4E0BAQGehmQW7ITyRQ/company-logo_100_100/B4EZ.6DSqeKcAI-/0/1785532853302/ambev_logo?e=1788393600&v=beta&t=yJJvA3s8o-r9amS2s2N0yQ4N2OoCxMnwUP2i_TfId98;-;https://www.linkedin.com/company/ambev/about/;Alimentos e Bebidas;sales OR account OR customer success manager OR client success OR developer relations OR technical writer;ambev;1;;https://www.linkedin.com/jobs/view/4442912274/;https://www.linkedin.com/jobs/view/4442912274/;Not informed;Vendas / Comercial;12/08/2026;Itajaí;Santa Catarina;SC;Região Sul;Brasil;América do Sul
96;Ambev;Representante de Contas (CDD Barueri/SP);São Paulo, SP;12/08 09:00;https://www.linkedin.com/jobs/view/4442653943/;https://media.licdn.com/dms/image/v2/D4E0BAQGehmQW7ITyRQ/company-logo_100_100/B4EZ.6DSqeKcAI-/0/1785532853302/ambev_logo?e=1788393600&v=beta&t=yJJvA3s8o-r9amS2s2N0yQ4N2OoCxMnwUP2i_TfId98;-;https://www.linkedin.com/company/ambev/about/;Alimentos e Bebidas;sales OR account OR customer success manager OR client success OR developer relations OR technical writer;ambev;1;;https://www.linkedin.com/jobs/view/4442653943/;https://www.linkedin.com/jobs/view/4442653943/;Not informed;-;12/08/2026;São Paulo;São Paulo;SP;Região Sudeste;Brasil;América do Sul
97;Ambisis;Executivo de vendas júnior;Blumenau, SC;12/08 10:00;https://www.linkedin.com/jobs/view/4450139483/;https://media.licdn.com/dms/image/v2/C4D0BAQHz-dy8dwSNgg/company-logo_100_100/company-logo_100_100/0/1678402787427/ambisis_logo?e=1788393600&v=beta&t=IAII3oOesXqLLamqZL0nx5-Vhd4Yz2wnhTaZCQlYt0s;-;https://www.linkedin.com/company/ambisis/about/;Software e Serviços de TI;sales OR account OR customer success manager OR client success OR developer relations OR technical writer;ambisis;1;;https://www.linkedin.com/jobs/view/4450139483/;https://www.linkedin.com/jobs/view/4450139483/;On-site;Junior, Vendas / Comercial;12/08/2026;Blumenau;Santa Catarina;SC;Região Sul;Brasil;América do Sul
98;Amicorp Group;Corporate Lawyer;SP;11/08 22:00;https://www.linkedin.com/jobs/view/4400452665/;https://media.licdn.com/dms/image/v2/D4D0BAQGUs1BPuCazvQ/company-logo_100_100/B4DZpyRc.aKQAQ-/0/1762853769867/amicorp_logo?e=1788393600&v=beta&t=vHIG-GBd5nnO1HUAphz8PBRZPtMi1z-NOHxPnwHksM0;-;https://www.linkedin.com/company/amicorp-group/about/;Jurídico;sales OR account OR customer success manager OR client success OR developer relations OR technical writer;amicorp group;1;;https://www.linkedin.com/jobs/view/4400452665/;https://www.linkedin.com/jobs/view/4400452665/;On-site;-;12/08/2026;;São Paulo;SP;Região Sudeste;Brasil;América do Sul
99;Amplimed;Suporte ao Cliente;Chapecó, SC;12/08 01:00;https://www.linkedin.com/jobs/view/4452353349/;https://media.licdn.com/dms/image/v2/D4D0BAQFIwK0_HS2ppw/company-logo_100_100/B4DZ6222irH0AY-/0/1781184293449/amplimed_logo?e=1788393600&v=beta&t=EJpXfPvOCx_FHRfT0qDXsdQdhIfkWMOjclbuj4-tXVo;-;https://www.linkedin.com/company/amplimed/about/;Vendas e Suporte;sales OR account OR customer success manager OR client success OR developer relations OR technical writer;amplimed;1;;https://www.linkedin.com/jobs/view/4452353349/;https://www.linkedin.com/jobs/view/4452353349/;On-site;-;12/08/2026;Chapecó;Santa Catarina;SC;Região Sul;Brasil;América do Sul
100;Ana Lisboa Coaching e Consultoria;Pessoa Executiva de Contas Consultora Comercial Externo – Hotelaria BB;Itu, SP;12/08 00:00;https://www.linkedin.com/jobs/view/4452323871/;https://media.licdn.com/dms/image/v2/D4D0BAQHX5jyp80qWYA/company-logo_100_100/B4DZzd23FrH4AQ-/0/1773248673296?e=1788393600&v=beta&t=FsoncCHGAXMpVDEDuKirpLw91haZC9qU6f-mP4RdPgc;Advanced > Specialist;https://www.linkedin.com/company/ana-lisboa-coaching-e-consultoria/about/;Consultoria e Assessoria;sales OR account OR customer success manager OR client success OR developer relations OR technical writer;ana lisboa coaching e consultoria;1;;https://www.linkedin.com/jobs/view/4452323871/;https://www.linkedin.com/jobs/view/4452323871/;On-site;PCD / Afirmativa, Consultor, Vendas / Comercial, Executivo de Contas;12/08/2026;Itu;São Paulo;SP;Região Sudeste;Brasil;América do Sul
101;Andrade & Avelar Consultoria de RH;Closer;Belo Horizonte, MG;12/08 15:00;https://www.linkedin.com/jobs/view/4450161892/;https://media.licdn.com/dms/image/v2/D4D0BAQFefhXT2MiL2g/company-logo_100_100/B4DZ9DPjQ2GwAI-/0/1783539578268/andrade_avelar_consultoria_de_rh_logo?e=1788393600&v=beta&t=m9iCjTVRgixgGM5Mf8bFzRFCMkehEfHFT4ICQl8Oco0;-;https://www.linkedin.com/company/andrade-avelar-consultoria-de-rh/about/;Consultoria e Assessoria;sales OR account OR customer success manager OR client success OR developer relations OR technical writer;andrade & avelar consultoria de rh;1;;https://www.linkedin.com/jobs/view/4450161892/;https://www.linkedin.com/jobs/view/4450161892/;On-site;-;12/08/2026;;Minas Gerais;MG;Região Sudeste;Brasil;América do Sul
102;Anexo Gestão Contábil;Comercial;Recife, PE;12/08 00:00;https://www.linkedin.com/jobs/view/4452326882/;https://media.licdn.com/dms/image/v2/C4E0BAQGOln7-C8BUBw/company-logo_100_100/company-logo_100_100/0/1631381139879/anexo_gestao_contabil_logo?e=1788393600&v=beta&t=c2cXDYUWxXtUiSxnJTual1UeNOyC4BpSqDsedNWOKx8;-;https://www.linkedin.com/company/anexo-gest-o-cont-bil/about/;Vendas e Suporte;sales OR account OR customer success manager OR client success OR developer relations OR technical writer;anexo gestão contábil;1;;https://www.linkedin.com/jobs/view/4452326882/;https://www.linkedin.com/jobs/view/4452326882/;On-site;Vendas / Comercial;12/08/2026;Recife;Pernambuco;PE;Região Nordeste;Brasil;América do Sul
103;Anhanguera Educacional;CONSULTOR(A) COMERCIAL - PONTA GROSSA;Ponta Grossa, PR;12/08 09:00;https://www.linkedin.com/jobs/view/4450134542/;https://media.licdn.com/dms/image/v2/D4D0BAQEuoO7JDv3Ogw/company-logo_100_100/company-logo_100_100/0/1719515370940/anhanguera_educacional_sa_logo?e=1788393600&v=beta&t=kx0V_xjenQBGFStuaXPrKkTP-jpgiYNWP2XOIvjex1A;Advanced > Specialist;https://www.linkedin.com/company/anhanguera-educacional/about/;Vendas e Suporte;sales OR account OR customer success manager OR client success OR developer relations OR technical writer;anhanguera educacional;1;;https://www.linkedin.com/jobs/view/4450134542/;https://www.linkedin.com/jobs/view/4450134542/;On-site;Consultor, Vendas / Comercial;12/08/2026;Ponta Grossa;Paraná;PR;Região Sul;Brasil;América do Sul
104;Anhanguera Educacional;CONSULTOR(A) COMERCIAL - PONTA GROSSA;Ponta Grossa, PR;12/08 14:00;https://www.linkedin.com/jobs/view/4450151896/;https://media.licdn.com/dms/image/v2/D4D0BAQEuoO7JDv3Ogw/company-logo_100_100/company-logo_100_100/0/1719515370940/anhanguera_educacional_sa_logo?e=1788393600&v=beta&t=kx0V_xjenQBGFStuaXPrKkTP-jpgiYNWP2XOIvjex1A;Advanced > Specialist;https://www.linkedin.com/company/anhanguera-educacional/about/;Vendas e Suporte;sales OR account OR customer success manager OR client success OR developer relations OR technical writer;anhanguera educacional;1;;https://www.linkedin.com/jobs/view/4450151896/;https://www.linkedin.com/jobs/view/4450151896/;On-site;Consultor, Vendas / Comercial;12/08/2026;Ponta Grossa;Paraná;PR;Região Sul;Brasil;América do Sul
105;Anysort Brasil;Analista de vendas;Campinas, SP;12/08 17:00;https://www.linkedin.com/jobs/view/4450174959/;https://media.licdn.com/dms/image/v2/D4E0BAQFznr15DbRLnw/company-logo_100_100/B4EZV23cvvGwAQ-/0/1741456003995?e=1788393600&v=beta&t=sovfZa4DKCgPjl34tObD7UMASYhQVPuKUDP34_zymmk;Advanced > Specialist;https://www.linkedin.com/company/anysort-brasil/about/;Vendas e Suporte;sales OR account OR customer success manager OR client success OR developer relations OR technical writer;anysort brasil;1;;https://www.linkedin.com/jobs/view/4450174959/;https://www.linkedin.com/jobs/view/4450174959/;On-site;Associate, Vendas / Comercial;12/08/2026;;São Paulo;SP;Região Sudeste;Brasil;América do Sul
106;Apoiarh Consultoria em Gestão de Pessoas;Consultor Comercial de Benefícios;Goiânia, GO;12/08 00:00;https://www.linkedin.com/jobs/view/4452323663/;missing logo;Advanced > Specialist;https://www.linkedin.com/company/apoiarh-consultoria-em-gest-o-de-pessoas/about/;Consultoria e Assessoria;sales OR account OR customer success manager OR client success OR developer relations OR technical writer;apoiarh consultoria em gestão de pessoas;1;;https://www.linkedin.com/jobs/view/4452323663/;https://www.linkedin.com/jobs/view/4452323663/;On-site;Consultor, Vendas / Comercial;12/08/2026;Goiânia;Goiás;GO;Região Centro-Oeste;Brasil;América do Sul
107;Apoio Assessoria em Transporte;Comercial Interno | Prospecção e Negociação | Florianópolis;Florianópolis, SC;12/08 15:00;https://www.linkedin.com/jobs/view/4449871695/;https://media.licdn.com/dms/image/v2/D4D0BAQGIJHAzE8_Omw/company-logo_100_100/company-logo_100_100/0/1725997398791?e=1788393600&v=beta&t=C1SFV-L854J6fi18G0UFvbjKdGXyWkIIfbytLAZNJN0;-;https://www.linkedin.com/company/apoio-assessoria-em-transporte/about/;Consultoria e Assessoria;sales OR account OR customer success manager OR client success OR developer relations OR technical writer;apoio assessoria em transporte;1;;https://www.linkedin.com/jobs/view/4449871695/;https://www.linkedin.com/jobs/view/4449871695/;On-site;Intern, Vendas / Comercial;12/08/2026;;Santa Catarina;SC;Região Sul;Brasil;América do Sul
108;Apparatos;Consultor Comercial Interno;São Bernardo do Campo, SP;12/08 18:00;https://www.linkedin.com/jobs/view/4453381109/;https://media.licdn.com/dms/image/v2/D4E0BAQEjWJbOBbfI0g/company-logo_100_100/B4EZmA3JkqHgAQ-/0/1758803565263/apparatos_logo?e=1788393600&v=beta&t=4gEyLux54DvOLan_IwedwFLcuR6IvK1kSKzpB2du5dI;Advanced > Specialist;https://www.linkedin.com/company/apparatos/about/;Vendas e Suporte;sales OR account OR customer success manager OR client success OR developer relations OR technical writer;apparatos;1;;https://www.linkedin.com/jobs/view/4453381109/;https://www.linkedin.com/jobs/view/4453381109/;On-site;Intern, Consultor, Vendas / Comercial;12/08/2026;São Bernardo do Campo;São Paulo;SP;Região Sudeste;Brasil;América do Sul
109;Aramesul Indústria e Comércio de Arames;Vendedor;São José dos Pinhais, PR;12/08 17:00;https://www.linkedin.com/jobs/view/4450184200/;https://media.licdn.com/dms/image/v2/D4D0BAQFz9CJaoYCNqw/company-logo_100_100/company-logo_100_100/0/1730304638026/arametrix_logo?e=1788393600&v=beta&t=jeXe6dc9i9uxUfHqDgF9iL0ESQ_Pp6bxocfTxXP09as;-;https://www.linkedin.com/company/aramesul-ind-stria-e-com-rcio-de-arames/about/;Manufatura e Produção;sales OR account OR customer success manager OR client success OR developer relations OR technical writer;aramesul indústria e comércio de arames;1;;https://www.linkedin.com/jobs/view/4450184200/;https://www.linkedin.com/jobs/view/4450184200/;On-site;Vendas / Comercial;12/08/2026;São José dos Pinhais;Paraná;PR;Região Sul;Brasil;América do Sul
110;Arco Educação;Coordenação de Sucesso do Cliente | Farmer;São Paulo, SP;12/08 10:00;https://www.linkedin.com/jobs/view/4425926429/;https://media.licdn.com/dms/image/v2/D4D0BAQGaB4FX_HAi2A/company-logo_100_100/B4DZm69YfyJcAQ-/0/1759778277737/arcoeducacao_logo?e=1788393600&v=beta&t=FubNqXYWl1iWAlwBX4a5U9kWdI9HsL2DF-xhGx5CSiw;-;https://www.linkedin.com/company/arco-educa-o/about/;Educação;sales OR account OR customer success manager OR client success OR developer relations OR technical writer;arco educação;1;;https://www.linkedin.com/jobs/view/4425926429/;https://www.linkedin.com/jobs/view/4425926429/;Not informed;Mid;12/08/2026;São Paulo;São Paulo;SP;Região Sudeste;Brasil;América do Sul
111;Assessoritec;Consultor comercial;Joinville, SC;12/08 00:00;https://www.linkedin.com/jobs/view/4452341055/;https://media.licdn.com/dms/image/v2/D4D0BAQFz-FpMxB6ItQ/company-logo_100_100/company-logo_100_100/0/1719843211750/assessoritec_logo?e=1788393600&v=beta&t=4oFp16VPJ9BfMAEaipU0IcsOzOBmX922rHeqXWLcKWU;Advanced > Specialist;https://www.linkedin.com/company/assessoritec/about/;Software e Serviços de TI;sales OR account OR customer success manager OR client success OR developer relations OR technical writer;assessoritec;1;;https://www.linkedin.com/jobs/view/4452341055/;https://www.linkedin.com/jobs/view/4452341055/;On-site;Consultor, Vendas / Comercial;12/08/2026;Joinville;Santa Catarina;SC;Região Sul;Brasil;América do Sul
112;Atacado Ideal;Representante Comercial Autônomo;Grande Curitiba (PR);12/08 15:00;https://www.linkedin.com/jobs/view/4450173731/;https://media.licdn.com/dms/image/v2/D4D0BAQEDJa669fLZdw/company-logo_100_100/B4DZvr2E2rHYAQ-/0/1769188380964/atacadoideal_logo?e=1788393600&v=beta&t=-uxmaoNS2I_OvZsMtaI7WxCMgzcMMVGVBgmAxQB49j0;-;https://www.linkedin.com/company/atacado-ideal/about/;Vendas e Suporte;sales OR account OR customer success manager OR client success OR developer relations OR technical writer;atacado ideal;1;;https://www.linkedin.com/jobs/view/4450173731/;https://www.linkedin.com/jobs/view/4450173731/;On-site;Vendas / Comercial;12/08/2026;;Paraná;PR;Região Sul;Brasil;América do Sul
113;Athletic Vision Fitness;SDR - Sales Development Representative;Joinville, SC;12/08 17:00;https://www.linkedin.com/jobs/view/4453360564/;https://media.licdn.com/dms/image/v2/D4D0BAQHQMo4hc3V2Qw/company-logo_100_100/B4DZ6uAv_qK0AI-/0/1781035892950/athleticvisionfitness_logo?e=1788393600&v=beta&t=RF1MpT6FvlKArCXF0ENj0RK0sBRQT1EpAjyFLar7-fY;-;https://www.linkedin.com/company/athletic-vision-fitness/about/;Bem-estar e Fitness;sales OR account OR customer success manager OR client success OR developer relations OR technical writer;athletic vision fitness;1;;https://www.linkedin.com/jobs/view/4453360564/;https://www.linkedin.com/jobs/view/4453360564/;On-site;Vendas / Comercial;12/08/2026;Joinville;Santa Catarina;SC;Região Sul;Brasil;América do Sul
114;Atual Cargas Transportes Ltda;Representante externo de vendas;Maringá, PR;12/08 15:00;https://www.linkedin.com/jobs/view/4450170643/;https://media.licdn.com/dms/image/v2/D4D0BAQHXrKJtOycC6w/company-logo_100_100/B4DZh2NnFiH4AQ-/0/1754329936651/atual_cargas_transportes_logo?e=1788393600&v=beta&t=HyDlRxMazHi6gZCz9GL35eEJkm0PhsFS7nhjTWVwn2s;-;https://www.linkedin.com/company/atual-cargas-transportes-ltda/about/;Energia e Combustíveis;sales OR account OR customer success manager OR client success OR developer relations OR technical writer;atual cargas transportes ltda;1;;https://www.linkedin.com/jobs/view/4450170643/;https://www.linkedin.com/jobs/view/4450170643/;On-site;Vendas / Comercial;12/08/2026;Maringá;Paraná;PR;Região Sul;Brasil;América do Sul
115;Audacy Consultoria;Vendedor Interno;Brasil;12/08 00:00;https://www.linkedin.com/jobs/view/4452308887/;https://media.licdn.com/dms/image/v2/C4D0BAQEzTSUUOmwJlQ/company-logo_100_100/company-logo_100_100/0/1630465404814?e=1788393600&v=beta&t=yjm6DCqTq9vlX5qV1O-ChPvB54WgLAIjOgwjBveVkIQ;-;https://www.linkedin.com/company/audacy-consultoria/about/;Consultoria e Assessoria;sales OR account OR customer success manager OR client success OR developer relations OR technical writer;audacy consultoria;1;;https://www.linkedin.com/jobs/view/4452308887/;https://www.linkedin.com/jobs/view/4452308887/;On-site;Intern, Vendas / Comercial;12/08/2026;;;;;Brasil;América do Sul
116;Autoconf;Pré Vendas;Curitiba, PR;12/08 11:00;https://www.linkedin.com/jobs/view/4450138930/;https://media.licdn.com/dms/image/v2/D4D0BAQEm5JloRVx9tw/company-logo_100_100/B4DZnoQBXbKoAU-/0/1760538138628/autoconf_logo?e=1788393600&v=beta&t=ufxS6YEi3HqxZEIq8oBohusy2_EOENebDnn69hftKaA;-;https://www.linkedin.com/company/autoconf/about/;Vendas e Suporte;sales OR account OR customer success manager OR client success OR developer relations OR technical writer;autoconf;1;;https://www.linkedin.com/jobs/view/4450138930/;https://www.linkedin.com/jobs/view/4450138930/;On-site;Vendas / Comercial;12/08/2026;;Paraná;PR;Região Sul;Brasil;América do Sul
117;Autofoz;Consultor a de Vendas de Veículos;Foz do Iguaçu, PR;12/08 00:00;https://www.linkedin.com/jobs/view/4452319677/;https://media.licdn.com/dms/image/v2/C510BAQFMP9IfvTVuYQ/company-logo_100_100/company-logo_100_100/0/1631309441075?e=1788393600&v=beta&t=EQ2rYW-c0HqAsvNfypjL0qKwX1KAFZ08XFa_pSXPNQU;Advanced > Specialist;https://www.linkedin.com/company/autofoz/about/;Transporte e Mobilidade;sales OR account OR customer success manager OR client success OR developer relations OR technical writer;autofoz;1;;https://www.linkedin.com/jobs/view/4452319677/;https://www.linkedin.com/jobs/view/4452319677/;On-site;Consultor, Vendas / Comercial;12/08/2026;Foz do Iguaçu;Paraná;PR;Região Sul;Brasil;América do Sul
118;Avalyst - Garantia Digital de Aluguel;Gestora de Contas Customer Growth Executive;Brasil;12/08 00:00;https://www.linkedin.com/jobs/view/4452327680/;https://media.licdn.com/dms/image/v2/D4D0BAQG2adSQ_K6zfA/company-logo_100_100/company-logo_100_100/0/1662384556077/avalyst_logo?e=1788393600&v=beta&t=0IHPbuQlOicSinNJY4eAlPzluHPyPHwzHPEeQO3elB8;-;https://www.linkedin.com/company/avalyst-garantia-digital-de-aluguel/about/;Software e Serviços de TI;sales OR account OR customer success manager OR client success OR developer relations OR technical writer;avalyst - garantia digital de aluguel;1;;https://www.linkedin.com/jobs/view/4452327680/;https://www.linkedin.com/jobs/view/4452327680/;On-site;Liderança/Gerência;12/08/2026;;;;;Brasil;América do Sul
119;Avanade;Manager Solution Architecture;Recife, PE;11/08 22:00;https://www.linkedin.com/jobs/view/4453017674/;https://media.licdn.com/dms/image/v2/D4D0BAQH9oEH9vWAthw/company-logo_100_100/B4DZf0WkqfH8AY-/0/1752151247860/avanade_logo?e=1788393600&v=beta&t=t2XzHUsnKH1zaZpBwxdmKhbXD6NMPWe0tqRWTbrFIAM;Architecture > Solutions Architect;https://www.linkedin.com/company/avanade/about/;Software e Serviços de TI;sales OR account OR customer success manager OR client success OR developer relations OR technical writer;avanade;1;;https://www.linkedin.com/jobs/view/4453017674/;https://www.linkedin.com/jobs/view/4453017674/;Not informed;Liderança/Gerência;12/08/2026;Recife;Pernambuco;PE;Região Nordeste;Brasil;América do Sul
120;Avanade;Manager Solution Architecture;São Paulo, SP;11/08 22:00;https://www.linkedin.com/jobs/view/4453014662/;https://media.licdn.com/dms/image/v2/D4D0BAQH9oEH9vWAthw/company-logo_100_100/B4DZf0WkqfH8AY-/0/1752151247860/avanade_logo?e=1788393600&v=beta&t=t2XzHUsnKH1zaZpBwxdmKhbXD6NMPWe0tqRWTbrFIAM;Architecture > Solutions Architect;https://www.linkedin.com/company/avanade/about/;Software e Serviços de TI;sales OR account OR customer success manager OR client success OR developer relations OR technical writer;avanade;1;;https://www.linkedin.com/jobs/view/4453014662/;https://www.linkedin.com/jobs/view/4453014662/;Not informed;Liderança/Gerência;12/08/2026;São Paulo;São Paulo;SP;Região Sudeste;Brasil;América do Sul
121;Avance Soluções Empresariais;Assistente comercial;Itumbiara, GO;12/08 12:00;https://www.linkedin.com/jobs/view/4450149531/;https://media.licdn.com/dms/image/v2/D4D0BAQF6nEVmPRQ1Ag/company-logo_100_100/B4DZwpAyZ1IUAQ-/0/1770214598761?e=1788393600&v=beta&t=F_iw2bCu-izO-6_5kF6_yVEXTbh9io3ULhD0vTWJfz4;-;https://www.linkedin.com/company/avance-solu-es-empresariais/about/;Vendas e Suporte;sales OR account OR customer success manager OR client success OR developer relations OR technical writer;avance soluções empresariais;1;;https://www.linkedin.com/jobs/view/4450149531/;https://www.linkedin.com/jobs/view/4450149531/;On-site;Associate, Vendas / Comercial;12/08/2026;Itumbiara;Goiás;GO;Região Centro-Oeste;Brasil;América do Sul
122;Avra;Deployment Strategist;São Paulo, SP;12/08 11:00;https://www.linkedin.com/jobs/view/4453133184/;https://media.licdn.com/dms/image/v2/D4D0BAQGAAduOd4TuUQ/company-logo_100_100/B4DZiAMpghGgAQ-/0/1754497456807/useavra_logo?e=1788393600&v=beta&t=xOEsCq-SS73dHe177UaJK8U3WJetPb4juCRPPd_NbR4;-;https://www.linkedin.com/company/avra/about/;-;sales OR account OR customer success manager OR client success OR developer relations OR technical writer;avra;1;;https://www.linkedin.com/jobs/view/4453133184/;https://www.linkedin.com/jobs/view/4453133184/;Hybrid;-;12/08/2026;São Paulo;São Paulo;SP;Região Sudeste;Brasil;América do Sul
123;Axon;Account Executive, LATAM - Dedrone;São Paulo, SP;12/08 14:00;https://www.linkedin.com/jobs/view/4425631426/;https://media.licdn.com/dms/image/v2/D4E0BAQHmFbifpO0kLg/company-logo_100_100/company-logo_100_100/0/1706130547752/axon_protect_life_logo?e=1788393600&v=beta&t=zyAqr71sTWAiEw2Yat50fITexQofxMo3tXZ70vATI8Y;Specific > Sales > Account;https://www.linkedin.com/company/axon/about/;Software e Serviços de TI;sales OR account OR customer success manager OR client success OR developer relations OR technical writer;axon;1;;https://www.linkedin.com/jobs/view/4425631426/;https://www.linkedin.com/jobs/view/4425631426/;On-site;Vendas / Comercial, Executivo de Contas;12/08/2026;São Paulo;São Paulo;SP;Região Sudeste;Brasil;América do Sul
124;Axton Capital Partners;Executivo de vendas Jr.;Curitiba, PR;12/08 15:00;https://www.linkedin.com/jobs/view/4450158661/;https://media.licdn.com/dms/image/v2/D4D0BAQF8d_jNrt__FQ/company-logo_100_100/B4DZsi08MvHkAQ-/0/1765815862437/axtoncapital_logo?e=1788393600&v=beta&t=QyuLg0v8LeJQ3nX8xCp7fYqf9ROzmlun8zT2bG_QCoU;-;https://www.linkedin.com/company/axton-capital-partners/about/;Software e Serviços de TI;sales OR account OR customer success manager OR client success OR developer relations OR technical writer;axton capital partners;1;;https://www.linkedin.com/jobs/view/4450158661/;https://www.linkedin.com/jobs/view/4450158661/;On-site;Junior, Vendas / Comercial;12/08/2026;;Paraná;PR;Região Sul;Brasil;América do Sul
125;Açoforja Industria de Forjados S/A;Vendedor técnico Comercial;Santa Luzia, MG;12/08 09:00;https://www.linkedin.com/jobs/view/4450146122/;https://media.licdn.com/dms/image/v2/C4D0BAQGfzGTAh-le7A/company-logo_100_100/company-logo_100_100/0/1630546095532?e=1788393600&v=beta&t=ePFDN8dZ6r4Tq4xysJK0HHKSYvX2EK8LcVRGc_0ok0o;-;https://www.linkedin.com/company/a-oforja-industria-de-forjados-s-a/about/;Vendas e Suporte;sales OR account OR customer success manager OR client success OR developer relations OR technical writer;açoforja industria de forjados s/a;1;;https://www.linkedin.com/jobs/view/4450146122/;https://www.linkedin.com/jobs/view/4450146122/;On-site;Vendas / Comercial;12/08/2026;;Minas Gerais;MG;Região Sudeste;Brasil;América do Sul
126;B. Lotti;Assistente comercial;Guaramirim, SC;12/08 00:00;https://www.linkedin.com/jobs/view/4452306743/;missing logo;-;https://www.linkedin.com/company/b-lotti/about/;Software e Serviços de TI;sales OR account OR customer success manager OR client success OR developer relations OR technical writer;b. lotti;1;;https://www.linkedin.com/jobs/view/4452306743/;https://www.linkedin.com/jobs/view/4452306743/;On-site;Associate, Vendas / Comercial;12/08/2026;Guaramirim;Santa Catarina;SC;Região Sul;Brasil;América do Sul
127;B3;8054 - Analista de Relacionamento Sênior;São Paulo, SP;11/08 21:00;https://www.linkedin.com/jobs/view/4453003660/;https://media.licdn.com/dms/image/v2/D4D0BAQFtcmFAiKSggg/company-logo_100_100/B4DZsI1b1XLgAQ-/0/1765379784421/b3_oficial_logo?e=1788393600&v=beta&t=PXCyUwd5q_f8dh5QkWr8yKUDSVAtkSovic7J-jV1izs;Advanced > Specialist;https://www.linkedin.com/company/b3/about/;-;sales OR account OR customer success manager OR client success OR developer relations OR technical writer;b3;1;;https://www.linkedin.com/jobs/view/4453003660/;https://www.linkedin.com/jobs/view/4453003660/;Not informed;Senior, Associate;12/08/2026;São Paulo;São Paulo;SP;Região Sudeste;Brasil;América do Sul
128;BBI Filtration Systems;Promotor de Vendas Júnior (SDR);Garibaldi, RS;12/08 15:00;https://www.linkedin.com/jobs/view/4450177005/;https://media.licdn.com/dms/image/v2/C4D0BAQF4BsAvqACz_A/company-logo_100_100/company-logo_100_100/0/1630458731572?e=1788393600&v=beta&t=aKpt8kwhqs1dXtgWEFrwyGgFAhL2f3UBp70c56LUF90;-;https://www.linkedin.com/company/bbi-filtration-systems/about/;Software e Serviços de TI;sales OR account OR customer success manager OR client success OR developer relations OR technical writer;bbi filtration systems;1;;https://www.linkedin.com/jobs/view/4450177005/;https://www.linkedin.com/jobs/view/4450177005/;On-site;Junior, Vendas / Comercial;12/08/2026;Garibaldi;Rio Grande do Sul;RS;Região Sul;Brasil;América do Sul
129;BCMED;Consultor comercial;Foz do Iguaçu, PR;12/08 00:00;https://www.linkedin.com/jobs/view/4452317746/;https://media.licdn.com/dms/image/v2/D4D0BAQHjIzZjp1a06Q/company-logo_100_100/company-logo_100_100/0/1733171408879/oficialbcmed_logo?e=1788393600&v=beta&t=px4e4__N7chfPIA0aArkp8jKNxL3WMLdTsjqXU0LGx4;Advanced > Specialist;https://www.linkedin.com/company/bcmed/about/;Vendas e Suporte;sales OR account OR customer success manager OR client success OR developer relations OR technical writer;bcmed;1;;https://www.linkedin.com/jobs/view/4452317746/;https://www.linkedin.com/jobs/view/4452317746/;On-site;Consultor, Vendas / Comercial;12/08/2026;Foz do Iguaçu;Paraná;PR;Região Sul;Brasil;América do Sul
130;BCMED;Consultor comercial;Foz do Iguaçu, PR;12/08 00:00;https://www.linkedin.com/jobs/view/4452335034/;https://media.licdn.com/dms/image/v2/D4D0BAQHjIzZjp1a06Q/company-logo_100_100/company-logo_100_100/0/1733171408879/oficialbcmed_logo?e=1788393600&v=beta&t=px4e4__N7chfPIA0aArkp8jKNxL3WMLdTsjqXU0LGx4;Advanced > Specialist;https://www.linkedin.com/company/bcmed/about/;Vendas e Suporte;sales OR account OR customer success manager OR client success OR developer relations OR technical writer;bcmed;1;;https://www.linkedin.com/jobs/view/4452335034/;https://www.linkedin.com/jobs/view/4452335034/;On-site;Consultor, Vendas / Comercial;12/08/2026;Foz do Iguaçu;Paraná;PR;Região Sul;Brasil;América do Sul
131;BCMED;SDR – Pré-vendas;Foz do Iguaçu, PR;12/08 00:00;https://www.linkedin.com/jobs/view/4452306673/;https://media.licdn.com/dms/image/v2/D4D0BAQHjIzZjp1a06Q/company-logo_100_100/company-logo_100_100/0/1733171408879/oficialbcmed_logo?e=1788393600&v=beta&t=px4e4__N7chfPIA0aArkp8jKNxL3WMLdTsjqXU0LGx4;-;https://www.linkedin.com/company/bcmed/about/;Vendas e Suporte;sales OR account OR customer success manager OR client success OR developer relations OR technical writer;bcmed;1;;https://www.linkedin.com/jobs/view/4452306673/;https://www.linkedin.com/jobs/view/4452306673/;On-site;Vendas / Comercial;12/08/2026;Foz do Iguaçu;Paraná;PR;Região Sul;Brasil;América do Sul
132;BFT Eixample;Sales Associate;Batalha, PI;12/08 15:00;https://www.linkedin.com/jobs/view/4453190965/;https://media.licdn.com/dms/image/v2/D4E0BAQH3qNAGnw2x9w/company-logo_100_100/company-logo_100_100/0/1729665672696?e=1788393600&v=beta&t=4XNHr01EOmBHv75-QkZDPmPqQUXrre8j23gY8FuAiXo;-;https://www.linkedin.com/company/bft-eixample/about/;Vendas e Suporte;sales OR account OR customer success manager OR client success OR developer relations OR technical writer;bft eixample;1;;https://www.linkedin.com/jobs/view/4453190965/;https://www.linkedin.com/jobs/view/4453190965/;Not informed;Associate, Vendas / Comercial;12/08/2026;Batalha;Piauí;PI;Região Nordeste;Brasil;América do Sul
133;BIX Tecnologia;Artificial Intelligence Engineer;Brasil;12/08 11:00;https://www.linkedin.com/jobs/view/4438231479/;https://media.licdn.com/dms/image/v2/C4D0BAQH1wOIHXfQBfw/company-logo_100_100/company-logo_100_100/0/1635965594246/bixtecnologia_logo?e=1788393600&v=beta&t=8zZ54MgbGK8y-Os_IJVAt52M6mCRQRJMsN2LX06J7Lg;Advanced > Information Technology;https://www.linkedin.com/company/bix-tecnologia/about/;Hardware e Eletrônicos;sales OR account OR customer success manager OR client success OR developer relations OR technical writer;bix tecnologia;1;;https://www.linkedin.com/jobs/view/4438231479/;https://www.linkedin.com/jobs/view/4438231479/;Remote;Inteligência Artificial, Engenharia Geral;12/08/2026;;;;;Brasil;América do Sul
134;BR Consórcios;Consultor de Vendas Digitais;Londrina, PR;12/08 09:00;https://www.linkedin.com/jobs/view/4450142401/;https://media.licdn.com/dms/image/v2/D4D0BAQEuIMIY_2_GTg/company-logo_100_100/B4DZwtswFiIoAQ-/0/1770293232453/brconsorcios_logo?e=1788393600&v=beta&t=Zv5P7yPO5tjHK5Z_KZVrD8PQQjYN-Y7jwLgP7xFlRvg;Advanced > Specialist;https://www.linkedin.com/company/br-cons-rcios/about/;Software e Serviços de TI;sales OR account OR customer success manager OR client success OR developer relations OR technical writer;br consórcios;1;;https://www.linkedin.com/jobs/view/4450142401/;https://www.linkedin.com/jobs/view/4450142401/;On-site;Consultor, Vendas / Comercial;12/08/2026;Londrina;Paraná;PR;Região Sul;Brasil;América do Sul
135;BU6D;Sales Development Representative;Barueri, SP;11/08 22:00;https://www.linkedin.com/jobs/view/4453006936/;https://media.licdn.com/dms/image/v2/D4D0BAQHiapCcwYcLQw/company-logo_100_100/company-logo_100_100/0/1730464732693?e=1788393600&v=beta&t=wqh3MS7f3mkfK8IjmJJyD2TXf-hUKfWIA_Nlbg8zN9o;-;https://www.linkedin.com/company/bu6d/about/;Software e Serviços de TI;sales OR account OR customer success manager OR client success OR developer relations OR technical writer;bu6d;1;;https://www.linkedin.com/jobs/view/4453006936/;https://www.linkedin.com/jobs/view/4453006936/;On-site;Vendas / Comercial;12/08/2026;Barueri;São Paulo;SP;Região Sudeste;Brasil;América do Sul
136;BW Soluções;Technical Accout Manager – Observabilidade/Datadog;São Paulo, SP;12/08 11:00;https://www.linkedin.com/jobs/view/4450134805/;https://media.licdn.com/dms/image/v2/D4E0BAQHO_xXuEDMh4A/company-logo_100_100/B4EZU.iNMQGwAU-/0/1740510910342/bwsolucoes_logo?e=1788393600&v=beta&t=m1NmofY7MnbpFpa51jHg2eePw3ozU5aiv8s2r_Lv2WM;Middle > Manager;https://www.linkedin.com/company/bw-solu-es/about/;Dados e Analytics;sales OR account OR customer success manager OR client success OR developer relations OR technical writer;bw soluções;1;;https://www.linkedin.com/jobs/view/4450134805/;https://www.linkedin.com/jobs/view/4450134805/;Hybrid;Liderança/Gerência, TI/Tech;12/08/2026;São Paulo;São Paulo;SP;Região Sudeste;Brasil;América do Sul
137;BairesDev;Senior Presales Analyst - Remote Work;RJ;12/08 14:00;https://www.linkedin.com/jobs/view/4452716673/;https://media.licdn.com/dms/image/v2/D4E0BAQGNvQASzrdL_w/company-logo_100_100/company-logo_100_100/0/1687874736484/bairesdev_logo?e=1788393600&v=beta&t=6wniX0AEtLFVXfaIkyBCkhHM8agRCPrRsiiD4U9orAw;Advanced > Specialist;https://www.linkedin.com/company/bairesdev/about/;Vendas e Suporte;sales OR account OR customer success manager OR client success OR developer relations OR technical writer;bairesdev;1;;https://www.linkedin.com/jobs/view/4452716673/;https://www.linkedin.com/jobs/view/4452716673/;Remote;Senior, Vendas / Comercial;12/08/2026;;Rio de Janeiro;RJ;Região Sudeste;Brasil;América do Sul
138;BairesDev;Senior Presales Analyst - Remote Work;SP;12/08 14:00;https://www.linkedin.com/jobs/view/4452729202/;https://media.licdn.com/dms/image/v2/D4E0BAQGNvQASzrdL_w/company-logo_100_100/company-logo_100_100/0/1687874736484/bairesdev_logo?e=1788393600&v=beta&t=6wniX0AEtLFVXfaIkyBCkhHM8agRCPrRsiiD4U9orAw;Advanced > Specialist;https://www.linkedin.com/company/bairesdev/about/;Vendas e Suporte;sales OR account OR customer success manager OR client success OR developer relations OR technical writer;bairesdev;1;;https://www.linkedin.com/jobs/view/4452729202/;https://www.linkedin.com/jobs/view/4452729202/;Remote;Senior, Vendas / Comercial;12/08/2026;;São Paulo;SP;Região Sudeste;Brasil;América do Sul
139;Banco BS2;Gerente de Relacionamento Empresas (Campinas);Grande Campinas (SP);12/08 17:00;https://www.linkedin.com/jobs/view/4450185292/;https://media.licdn.com/dms/image/v2/D4E0BAQE_rI6IBVpVMA/company-logo_100_100/B4EZ9gxkrHJEAI-/0/1784035036045/bancobs2_logo?e=1788393600&v=beta&t=8BcXM8klfb_QSowPhQ07nxoUEpOA7JdfJZiRKb0JwMs;Middle > Manager;https://www.linkedin.com/company/banco-bs2/about/;Serviços Financeiros;sales OR account OR customer success manager OR client success OR developer relations OR technical writer;banco bs2;1;;https://www.linkedin.com/jobs/view/4450185292/;https://www.linkedin.com/jobs/view/4450185292/;On-site;Mid, Liderança/Gerência;12/08/2026;;São Paulo;SP;Região Sudeste;Brasil;América do Sul
140;Banco Bradesco;Gerente Relacionamento Principal I;Grande Rio de Janeiro (RJ);12/08 07:00;https://www.linkedin.com/jobs/view/4443703085/;https://media.licdn.com/dms/image/v2/C4E0BAQEXB9xussWsHQ/company-logo_100_100/company-logo_100_100/0/1680038081185/bradesco_logo?e=1788393600&v=beta&t=4Sfb3v0drbsBY-2DcwByB35sa62aj_lpQVjrQaOZIxI;Middle > Manager;https://www.linkedin.com/company/banco-bradesco/about/;Serviços Financeiros;sales OR account OR customer success manager OR client success OR developer relations OR technical writer;banco bradesco;1;;https://www.linkedin.com/jobs/view/4443703085/;https://www.linkedin.com/jobs/view/4443703085/;Not informed;Mid, Liderança/Gerência;12/08/2026;;Rio de Janeiro;RJ;Região Sudeste;Brasil;América do Sul
141;Banco Bradesco;Gerente Corporate SR;São Paulo, SP;12/08 20:00;https://www.linkedin.com/jobs/view/4453392556/;https://media.licdn.com/dms/image/v2/C4E0BAQEXB9xussWsHQ/company-logo_100_100/company-logo_100_100/0/1680038081185/bradesco_logo?e=1788393600&v=beta&t=4Sfb3v0drbsBY-2DcwByB35sa62aj_lpQVjrQaOZIxI;Middle > Manager;https://www.linkedin.com/company/banco-bradesco/about/;Serviços Financeiros;sales OR account OR customer success manager OR client success OR developer relations OR technical writer;banco bradesco;1;;https://www.linkedin.com/jobs/view/4453392556/;https://www.linkedin.com/jobs/view/4453392556/;Not informed;Senior, Mid, Liderança/Gerência;12/08/2026;São Paulo;São Paulo;SP;Região Sudeste;Brasil;América do Sul
142;Banco Bradesco;Gerente de Relacionamento Principal II;São Paulo, SP;12/08 09:00;https://www.linkedin.com/jobs/view/4453120057/;https://media.licdn.com/dms/image/v2/C4E0BAQEXB9xussWsHQ/company-logo_100_100/company-logo_100_100/0/1680038081185/bradesco_logo?e=1788393600&v=beta&t=4Sfb3v0drbsBY-2DcwByB35sa62aj_lpQVjrQaOZIxI;Middle > Manager;https://www.linkedin.com/company/banco-bradesco/about/;Serviços Financeiros;sales OR account OR customer success manager OR client success OR developer relations OR technical writer;banco bradesco;1;;https://www.linkedin.com/jobs/view/4453120057/;https://www.linkedin.com/jobs/view/4453120057/;Not informed;Mid, Liderança/Gerência;12/08/2026;São Paulo;São Paulo;SP;Região Sudeste;Brasil;América do Sul
143;Banco Daycoval;Gerente Empresas Middle;Campinas, SP;12/08 12:00;https://www.linkedin.com/jobs/view/4452724147/;https://media.licdn.com/dms/image/v2/D4D0BAQG14FHqJDpwTw/company-logo_100_100/B4DZ83kfySGwAI-/0/1783343742338/banco_daycoval_logo?e=1788393600&v=beta&t=4oYjKRwNsK6LMenISrv1QOv44z4D3NJDF3bjpGpY18A;Middle > Manager;https://www.linkedin.com/company/banco-daycoval/about/;Serviços Financeiros;sales OR account OR customer success manager OR client success OR developer relations OR technical writer;banco daycoval;1;;https://www.linkedin.com/jobs/view/4452724147/;https://www.linkedin.com/jobs/view/4452724147/;On-site;Mid, Liderança/Gerência;12/08/2026;;São Paulo;SP;Região Sudeste;Brasil;América do Sul
144;Banco Daycoval;Gerente Empresas Middle;Guarulhos, SP;12/08 12:00;https://www.linkedin.com/jobs/view/4452723090/;https://media.licdn.com/dms/image/v2/D4D0BAQG14FHqJDpwTw/company-logo_100_100/B4DZ83kfySGwAI-/0/1783343742338/banco_daycoval_logo?e=1788393600&v=beta&t=4oYjKRwNsK6LMenISrv1QOv44z4D3NJDF3bjpGpY18A;Middle > Manager;https://www.linkedin.com/company/banco-daycoval/about/;Serviços Financeiros;sales OR account OR customer success manager OR client success OR developer relations OR technical writer;banco daycoval;1;;https://www.linkedin.com/jobs/view/4452723090/;https://www.linkedin.com/jobs/view/4452723090/;On-site;Mid, Liderança/Gerência;12/08/2026;Guarulhos;São Paulo;SP;Região Sudeste;Brasil;América do Sul
145;Banco Triangulo S/A;Gerente Comercial Grandes Contas - Cuiabá/MTCuiabá - MTFull-time employee;Cuiabá, MT;12/08 12:00;https://www.linkedin.com/jobs/view/4453145558/;https://media.licdn.com/dms/image/v2/D4D0BAQHPD1EBYAz6Mw/company-logo_100_100/B4DZedoH6OHkAQ-/0/1750696230952/tribanco_logo?e=1788393600&v=beta&t=SYbTvHMEXRbUN9CinTDN2Sp6lEkrALvQbaw8PD0N5HE;Middle > Manager;https://www.linkedin.com/company/banco-triangulo-s-a/about/;Serviços Financeiros;sales OR account OR customer success manager OR client success OR developer relations OR technical writer;banco triangulo s/a;1;;https://www.linkedin.com/jobs/view/4453145558/;https://www.linkedin.com/jobs/view/4453145558/;Not informed;CLT/Efetivo, Mid, Liderança/Gerência, Vendas / Comercial;12/08/2026;Cuiabá;Mato Grosso;MT;Região Centro-Oeste;Brasil;América do Sul
146;Baruel;Executivo de vendas sênior;Cuiabá, MT;12/08 09:00;https://www.linkedin.com/jobs/view/4450127759/;https://media.licdn.com/dms/image/v2/D4D0BAQGuhg02XweKPQ/company-logo_100_100/company-logo_100_100/0/1714400718771/baruel_logo?e=1788393600&v=beta&t=XfSu8RJpR5rQAcfPk5PuZJzZttNe-klZkn2lGDK6JPc;-;https://www.linkedin.com/company/baruel/about/;Software e Serviços de TI;sales OR account OR customer success manager OR client success OR developer relations OR technical writer;baruel;1;;https://www.linkedin.com/jobs/view/4450127759/;https://www.linkedin.com/jobs/view/4450127759/;On-site;Senior, Vendas / Comercial;12/08/2026;Cuiabá;Mato Grosso;MT;Região Centro-Oeste;Brasil;América do Sul
147;Belvitur;Executivo Novos Negócios Pl - Belvitur - BeFly;Belo Horizonte, MG;12/08 11:00;https://www.linkedin.com/jobs/view/4413732235/;https://media.licdn.com/dms/image/v2/D4D0BAQEHoz-JO_OmWg/company-logo_100_100/company-logo_100_100/0/1735571056516/belvitur_logo?e=1788393600&v=beta&t=I57FdoUoJyNmzxtg_D2xwD3RgjkhPq7DqvgoVbvRXbg;-;https://www.linkedin.com/company/belvitur/about/;Software e Serviços de TI;sales OR account OR customer success manager OR client success OR developer relations OR technical writer;belvitur;1;;https://www.linkedin.com/jobs/view/4413732235/;https://www.linkedin.com/jobs/view/4413732235/;On-site;Mid;12/08/2026;;Minas Gerais;MG;Região Sudeste;Brasil;América do Sul
148;Bicalho Empreendimentos;Executivo de Contas Hoteleiro;Curitiba, PR;12/08 16:00;https://www.linkedin.com/jobs/view/4450182055/;https://media.licdn.com/dms/image/v2/D4D0BAQFmeHY-_au9Ow/company-logo_100_100/company-logo_100_100/0/1664397331833?e=1788393600&v=beta&t=QY612ervY_Z_kKtRLwDpyGyuoFqoYTkc2ZtZ_JEwwUc;-;https://www.linkedin.com/company/bicalho-empreendimentos/about/;Software e Serviços de TI;sales OR account OR customer success manager OR client success OR developer relations OR technical writer;bicalho empreendimentos;1;;https://www.linkedin.com/jobs/view/4450182055/;https://www.linkedin.com/jobs/view/4450182055/;On-site;Executivo de Contas;12/08/2026;;Paraná;PR;Região Sul;Brasil;América do Sul
149;Biotrop Soluções Biológicas;ASSISTENTE TÉCNICO DE VENDAS (ATV) - SEDE CIDADE DE ASSIS/SP;Brasil;12/08 08:00;https://www.linkedin.com/jobs/view/4450129138/;https://media.licdn.com/dms/image/v2/C4D0BAQGsnii7okxl4Q/company-logo_100_100/company-logo_100_100/0/1631376856144/biotrop_logo?e=1788393600&v=beta&t=Q0YqbS8GfitPo_5puxJSJsKtArTrbMsOxZYAelDevrI;-;https://www.linkedin.com/company/biotrop-solu-es-biol-gicas/about/;Vendas e Suporte;sales OR account OR customer success manager OR client success OR developer relations OR technical writer;biotrop soluções biológicas;1;;https://www.linkedin.com/jobs/view/4450129138/;https://www.linkedin.com/jobs/view/4450129138/;Remote;Associate, Vendas / Comercial;12/08/2026;;;;;Brasil;América do Sul
150;Bipiou;Vendas internas;São Paulo, SP;12/08 11:00;https://www.linkedin.com/jobs/view/4453136223/;https://media.licdn.com/dms/image/v2/D4D0BAQGi4P-frstd0A/company-logo_100_100/B4DZUuXDajG8Ac-/0/1740239550532/bipiou_logo?e=1788393600&v=beta&t=KlTAItbNnL6YVFxHCUX5hA8tfcplGSzEiQiITOKisaM;-;https://www.linkedin.com/company/bipiou/about/;Vendas e Suporte;sales OR account OR customer success manager OR client success OR developer relations OR technical writer;bipiou;1;;https://www.linkedin.com/jobs/view/4453136223/;https://www.linkedin.com/jobs/view/4453136223/;On-site;Intern, Vendas / Comercial;12/08/2026;São Paulo;São Paulo;SP;Região Sudeste;Brasil;América do Sul
151;Black Propeller;Customer Success Manager;Brasil;12/08 08:00;https://www.linkedin.com/jobs/view/4452702030/;https://media.licdn.com/dms/image/v2/D4E0BAQHN1qXXid8pXA/company-logo_100_100/company-logo_100_100/0/1712689657059/black_propeller_logo?e=1788393600&v=beta&t=wRzGvRSaoyBTtHo_1JFZ9uJHmPJziZKSxrlYB_ylW7Y;Specific > Customer Success Manager;https://www.linkedin.com/company/black-propeller/about/;-;sales OR account OR customer success manager OR client success OR developer relations OR technical writer;black propeller;1;;https://www.linkedin.com/jobs/view/4452702030/;https://www.linkedin.com/jobs/view/4452702030/;Remote;Liderança/Gerência;12/08/2026;;;;;Brasil;América do Sul
152;BlackRock;Buisness Development, Vice President;São Paulo, SP;12/08 09:00;https://www.linkedin.com/jobs/view/4453108412/;https://media.licdn.com/dms/image/v2/D4E0BAQFFLPdR-R9FWA/company-logo_100_100/company-logo_100_100/0/1688389221906/blackrock_logo?e=1788393600&v=beta&t=wcFCkl5lowwqxTr0MQXU2N_oQz9JeBeNCwhTHWjsKVk;-;https://www.linkedin.com/company/blackrock/about/;-;sales OR account OR customer success manager OR client success OR developer relations OR technical writer;blackrock;1;;https://www.linkedin.com/jobs/view/4453108412/;https://www.linkedin.com/jobs/view/4453108412/;Not informed;-;12/08/2026;São Paulo;São Paulo;SP;Região Sudeste;Brasil;América do Sul
153;Bondmann Química LTDA;Executivo de Relacionamento Comercial;Canoas, RS;11/08 22:00;https://www.linkedin.com/jobs/view/4451963958/;https://media.licdn.com/dms/image/v2/C4D0BAQEq4pXFR6nq8w/company-logo_100_100/company-logo_100_100/0/1630487951198/bondmann_quimica_logo?e=1788393600&v=beta&t=its9X8IxTStiJxK5zRdvU_VZ1qTGe1JohZ-m2l4yWPY;-;https://www.linkedin.com/company/bondmann-qu-mica-ltda/about/;Software e Serviços de TI;sales OR account OR customer success manager OR client success OR developer relations OR technical writer;bondmann química ltda;1;;https://www.linkedin.com/jobs/view/4451963958/;https://www.linkedin.com/jobs/view/4451963958/;On-site;Vendas / Comercial;12/08/2026;Canoas;Rio Grande do Sul;RS;Região Sul;Brasil;América do Sul
154;Boston Scientific;Territory Manager| RJ;Grande Rio de Janeiro (RJ);12/08 21:00;https://www.linkedin.com/jobs/view/4453339336/;https://media.licdn.com/dms/image/v2/D560BAQF3enIGxQaa7Q/company-logo_100_100/company-logo_100_100/0/1688306370403?e=1788393600&v=beta&t=bKVD-z6wRMgRi352g69T0P8ML-mcNzQRbsYU2Q08kLE;Middle > Manager;https://www.linkedin.com/company/boston-scientific/about/;Software e Serviços de TI;sales OR account OR customer success manager OR client success OR developer relations OR technical writer;boston scientific;1;;https://www.linkedin.com/jobs/view/4453339336/;https://www.linkedin.com/jobs/view/4453339336/;Remote;Liderança/Gerência;12/08/2026;;Rio de Janeiro;RJ;Região Sudeste;Brasil;América do Sul
155;Brandasse Advocacia;Assistente comercial e Cs;Santos, SP;12/08 14:00;https://www.linkedin.com/jobs/view/4450170420/;https://media.licdn.com/dms/image/v2/D4D0BAQFrScAQyVoBow/company-logo_100_100/B4DZrexQSeIEAU-/0/1764674046087/brandasse_advocacia_logo?e=1788393600&v=beta&t=71d8prCJxHKhZKzV7aa8Zk7xhfEBmfq4UMHJ67eBCnQ;-;https://www.linkedin.com/company/brandasse-advocacia/about/;Jurídico;sales OR account OR customer success manager OR client success OR developer relations OR technical writer;brandasse advocacia;1;;https://www.linkedin.com/jobs/view/4450170420/;https://www.linkedin.com/jobs/view/4450170420/;On-site;Associate, Vendas / Comercial;12/08/2026;;São Paulo;SP;Região Sudeste;Brasil;América do Sul
156;Brasil TecPar;Agente De Relacionamento;Conde Araruama, RJ;12/08 08:00;https://www.linkedin.com/jobs/view/4450136104/;https://media.licdn.com/dms/image/v2/C4D0BAQESzj46RzNtTw/company-logo_100_100/company-logo_100_100/0/1635765118227/brasil_tecpar_logo?e=1788393600&v=beta&t=VEzo4dp18MZXUFqyHUc02bOhyzyAelfruixnopBnXxQ;-;https://www.linkedin.com/company/brasil-tecpar/about/;-;sales OR account OR customer success manager OR client success OR developer relations OR technical writer;brasil tecpar;1;;https://www.linkedin.com/jobs/view/4450136104/;https://www.linkedin.com/jobs/view/4450136104/;On-site;-;12/08/2026;;Rio de Janeiro;RJ;Região Sudeste;Brasil;América do Sul
157;Brasil/CT;Executivo de Vendas II;Brasil;12/08 00:00;https://www.linkedin.com/jobs/view/4452309759/;https://media.licdn.com/dms/image/v2/C4D0BAQGw5x8LSC2UtQ/company-logo_100_100/company-logo_100_100/0/1630539300935/brasil_ct_logo?e=1788393600&v=beta&t=patRgefdb-kT5-LSHiGEtnsyMaEqoQZXsqrOhHb5V68;-;https://www.linkedin.com/company/brasil-ct/about/;Software e Serviços de TI;sales OR account OR customer success manager OR client success OR developer relations OR technical writer;brasil/ct;1;;https://www.linkedin.com/jobs/view/4452309759/;https://www.linkedin.com/jobs/view/4452309759/;On-site;Vendas / Comercial;12/08/2026;;;;;Brasil;América do Sul
158;Brasil/CT;Gerente comercial;Grande São Paulo (SP) ;12/08 00:00;https://www.linkedin.com/jobs/view/4452321913/;https://media.licdn.com/dms/image/v2/C4D0BAQGw5x8LSC2UtQ/company-logo_100_100/company-logo_100_100/0/1630539300935/brasil_ct_logo?e=1788393600&v=beta&t=patRgefdb-kT5-LSHiGEtnsyMaEqoQZXsqrOhHb5V68;Middle > Manager;https://www.linkedin.com/company/brasil-ct/about/;Vendas e Suporte;sales OR account OR customer success manager OR client success OR developer relations OR technical writer;brasil/ct;1;;https://www.linkedin.com/jobs/view/4452321913/;https://www.linkedin.com/jobs/view/4452321913/;Hybrid;Mid, Liderança/Gerência, Vendas / Comercial;12/08/2026;;São Paulo;SP;Região Sudeste;Brasil;América do Sul
159;BreakmarkHR;Enterprise Sales Development Representative (SDR);Brasil;12/08 11:00;https://www.linkedin.com/jobs/view/4450147716/;https://media.licdn.com/dms/image/v2/D4E0BAQEcmDm70Kpt7w/company-logo_100_100/B4EZprNKnXHEAQ-/0/1762735205794/breakmarkhr_logo?e=1788393600&v=beta&t=uyT_KztQEsKxNsuZiPoASl_MxZs7s3QOfxTMZoW8ZKI;-;https://www.linkedin.com/company/breakmarkhr/about/;Recursos Humanos;sales OR account OR customer success manager OR client success OR developer relations OR technical writer;breakmarkhr;1;;https://www.linkedin.com/jobs/view/4450147716/;https://www.linkedin.com/jobs/view/4450147716/;Remote;Vendas / Comercial;12/08/2026;;;;;Brasil;América do Sul
160;Brisanet Telecomunicações;Consultor(a) de Vendas B2B;Aracaju, SE;12/08 08:00;https://www.linkedin.com/jobs/view/4450135098/;https://media.licdn.com/dms/image/v2/D4D0BAQEwAmokPndiYg/company-logo_100_100/company-logo_100_100/0/1738929201369/brisanettelecom_logo?e=1788393600&v=beta&t=kBU22OHekzuNIIIsPbXiMfsW0dgRIr0FlJSBDE5Sn_g;Advanced > Specialist;https://www.linkedin.com/company/brisanet-telecomunica-es/about/;Telecomunicações;sales OR account OR customer success manager OR client success OR developer relations OR technical writer;brisanet telecomunicações;1;;https://www.linkedin.com/jobs/view/4450135098/;https://www.linkedin.com/jobs/view/4450135098/;On-site;Consultor, Vendas / Comercial;12/08/2026;Aracaju;Sergipe;SE;Região Nordeste;Brasil;América do Sul
161;Brisanet Telecomunicações;Consultor(a) de Vendas B2B;Fortaleza, CE;12/08 14:00;https://www.linkedin.com/jobs/view/4450159498/;https://media.licdn.com/dms/image/v2/D4D0BAQEwAmokPndiYg/company-logo_100_100/company-logo_100_100/0/1738929201369/brisanettelecom_logo?e=1788393600&v=beta&t=kBU22OHekzuNIIIsPbXiMfsW0dgRIr0FlJSBDE5Sn_g;Advanced > Specialist;https://www.linkedin.com/company/brisanet-telecomunica-es/about/;Telecomunicações;sales OR account OR customer success manager OR client success OR developer relations OR technical writer;brisanet telecomunicações;1;;https://www.linkedin.com/jobs/view/4450159498/;https://www.linkedin.com/jobs/view/4450159498/;On-site;Consultor, Vendas / Comercial;12/08/2026;Fortaleza;Ceará;CE;Região Nordeste;Brasil;América do Sul
162;Bristol Indústria de Máquinas;Vendedor de Pós-Venda;São Jerônimo, RS;12/08 04:00;https://www.linkedin.com/jobs/view/4452747459/;https://media.licdn.com/dms/image/v2/D4D0BAQHOto4gzkhvrA/company-logo_100_100/B4DZb6R4m8GkAY-/0/1747955714934?e=1788393600&v=beta&t=UkUsIP9mujiYhpCT6QyDRQBJKW-5ZyftJ6Mvcw6Zzck;-;https://www.linkedin.com/company/bristol-ind-stria-de-m-quinas/about/;Manufatura e Produção;sales OR account OR customer success manager OR client success OR developer relations OR technical writer;bristol indústria de máquinas;1;;https://www.linkedin.com/jobs/view/4452747459/;https://www.linkedin.com/jobs/view/4452747459/;On-site;Vendas / Comercial;12/08/2026;São Jerônimo;Rio Grande do Sul;RS;Região Sul;Brasil;América do Sul
163;Broadcom;Partner GTM Leader;São Paulo, SP;12/08 15:00;https://www.linkedin.com/jobs/view/4426027067/;https://media.licdn.com/dms/image/v2/C4E0BAQGDwy-AGAu-Hg/company-logo_100_100/company-logo_100_100/0/1631307574919?e=1788393600&v=beta&t=OR-3on7qR_kdeVwY8IhTF4PQPcCABD7AP1KIz3cwiwc;Middle > Manager;https://www.linkedin.com/company/broadcom/about/;-;sales OR account OR customer success manager OR client success OR developer relations OR technical writer;broadcom;1;;https://www.linkedin.com/jobs/view/4426027067/;https://www.linkedin.com/jobs/view/4426027067/;Remote;Mid, Liderança/Gerência;12/08/2026;São Paulo;São Paulo;SP;Região Sudeste;Brasil;América do Sul
164;Bybit;Senior VIP Relationship Specialist, Brazil;SP;12/08 14:00;https://www.linkedin.com/jobs/view/4452717860/;https://media.licdn.com/dms/image/v2/C560BAQHf5rkFbbnLCQ/company-logo_100_100/company-logo_100_100/0/1669864834999/bybitexchange_logo?e=1788393600&v=beta&t=6E1oOEVzQ6WLtStgUu9cdrZuIPmI2siy0_dXloYdY-A;Advanced > Specialist;https://www.linkedin.com/company/bybit/about/;Software e Serviços de TI;sales OR account OR customer success manager OR client success OR developer relations OR technical writer;bybit;1;;https://www.linkedin.com/jobs/view/4452717860/;https://www.linkedin.com/jobs/view/4452717860/;On-site;Specialist, Senior;12/08/2026;;São Paulo;SP;Região Sudeste;Brasil;América do Sul
165;Bz Automotive;Desenvolvedor Salesforce;Curitiba, PR;12/08 05:00;https://www.linkedin.com/jobs/view/4453085085/;https://media.licdn.com/dms/image/v2/D4D0BAQFmEt9CfENPeQ/company-logo_100_100/company-logo_100_100/0/1728587226806/bzautomotive_logo?e=1788393600&v=beta&t=-TeUiebPDBpw4nRyVap9QrC8AiHGtQf0p8R0gDvtE9s;-;https://www.linkedin.com/company/bz-automotive/about/;Software e Serviços de TI;sales OR account OR customer success manager OR client success OR developer relations OR technical writer;bz automotive;1;;https://www.linkedin.com/jobs/view/4453085085/;https://www.linkedin.com/jobs/view/4453085085/;Not informed;Salesforce/CRM, Vendas / Comercial;12/08/2026;;Paraná;PR;Região Sul;Brasil;América do Sul
166;C6 Bank;Pessoa Consultora de Negócios Imobiliários Sênior | Home Equity - B2B - Parcerias | Brasília - Distrito Federal;Brasília, DF;12/08 09:00;https://www.linkedin.com/jobs/view/4421987074/;https://media.licdn.com/dms/image/v2/C4D0BAQHl0JF7om4BMA/company-logo_100_100/company-logo_100_100/0/1630564945584/c6_bank_logo?e=1788393600&v=beta&t=rVd8WmuUO9ajrdo6Xo61pjyxUZdfZUPipY0UyQdQzi8;Advanced > Specialist;https://www.linkedin.com/company/c6-bank/about/;Serviços Financeiros;sales OR account OR customer success manager OR client success OR developer relations OR technical writer;c6 bank;1;;https://www.linkedin.com/jobs/view/4421987074/;https://www.linkedin.com/jobs/view/4421987074/;Not informed;PCD / Afirmativa, Senior, Consultor;12/08/2026;;Distrito Federal;DF;Região Centro-Oeste;Brasil;América do Sul
167;C6 Bank;Gerente de Relacionamento | C6 Empresas - Pessoa Jurídica | Florianópolis - Santa Catarina;Florianópolis, SC;12/08 11:00;https://www.linkedin.com/jobs/view/4405179569/;https://media.licdn.com/dms/image/v2/C4D0BAQHl0JF7om4BMA/company-logo_100_100/company-logo_100_100/0/1630564945584/c6_bank_logo?e=1788393600&v=beta&t=rVd8WmuUO9ajrdo6Xo61pjyxUZdfZUPipY0UyQdQzi8;Middle > Manager;https://www.linkedin.com/company/c6-bank/about/;Serviços Financeiros;sales OR account OR customer success manager OR client success OR developer relations OR technical writer;c6 bank;1;;https://www.linkedin.com/jobs/view/4405179569/;https://www.linkedin.com/jobs/view/4405179569/;Not informed;PCD / Afirmativa, Mid, Liderança/Gerência;12/08/2026;;Santa Catarina;SC;Região Sul;Brasil;América do Sul
168;C6 Bank;Gerente de Negócios Veículos | Maringá - Paraná;Maringá, PR;12/08 12:00;https://www.linkedin.com/jobs/view/4397957316/;https://media.licdn.com/dms/image/v2/C4D0BAQHl0JF7om4BMA/company-logo_100_100/company-logo_100_100/0/1630564945584/c6_bank_logo?e=1788393600&v=beta&t=rVd8WmuUO9ajrdo6Xo61pjyxUZdfZUPipY0UyQdQzi8;Middle > Manager;https://www.linkedin.com/company/c6-bank/about/;Serviços Financeiros;sales OR account OR customer success manager OR client success OR developer relations OR technical writer;c6 bank;1;;https://www.linkedin.com/jobs/view/4397957316/;https://www.linkedin.com/jobs/view/4397957316/;Not informed;Mid, Gerente de Negócios, Liderança/Gerência;12/08/2026;Maringá;Paraná;PR;Região Sul;Brasil;América do Sul
169;C6 Bank;Gerente de Relacionamento | C6 Empresas - Pessoa Jurídica | Ribeirão Preto - São Paulo;Ribeirão Preto, SP;12/08 11:00;https://www.linkedin.com/jobs/view/4405172636/;https://media.licdn.com/dms/image/v2/C4D0BAQHl0JF7om4BMA/company-logo_100_100/company-logo_100_100/0/1630564945584/c6_bank_logo?e=1788393600&v=beta&t=rVd8WmuUO9ajrdo6Xo61pjyxUZdfZUPipY0UyQdQzi8;Middle > Manager;https://www.linkedin.com/company/c6-bank/about/;Serviços Financeiros;sales OR account OR customer success manager OR client success OR developer relations OR technical writer;c6 bank;1;;https://www.linkedin.com/jobs/view/4405172636/;https://www.linkedin.com/jobs/view/4405172636/;Not informed;PCD / Afirmativa, Mid, Liderança/Gerência;12/08/2026;Ribeirão Preto;São Paulo;SP;Região Sudeste;Brasil;América do Sul
170;CALLAMARYS - FAMÍLIA TUPI;Vendedor externo;Grande Campinas (SP);12/08 14:00;https://www.linkedin.com/jobs/view/4450165522/;https://media.licdn.com/dms/image/v2/D4D0BAQGAYIPujViWKQ/company-logo_100_100/B4DZd9oFjlGUAQ-/0/1750159351194/familiatupi_logo?e=1788393600&v=beta&t=5mGORS3S5J_OHK_gOklL19hkMXCup8z-O3KOvC9LoGo;-;https://www.linkedin.com/company/callamarys-fam-lia-tupi/about/;-;sales OR account OR customer success manager OR client success OR developer relations OR technical writer;callamarys - família tupi;1;;https://www.linkedin.com/jobs/view/4450165522/;https://www.linkedin.com/jobs/view/4450165522/;Hybrid;Vendas / Comercial;12/08/2026;;São Paulo;SP;Região Sudeste;Brasil;América do Sul
171;CBMM;MARKETING SPECIALIST - GTM;São Paulo, SP;12/08 15:00;https://www.linkedin.com/jobs/view/4450173607/;https://media.licdn.com/dms/image/v2/D4D0BAQE1u0gQyRKdyQ/company-logo_100_100/B4DZz4StLdJsAU-/0/1773692179711/cbmm_logo?e=1788393600&v=beta&t=809_dO_1xi2pnDSzzA-YogcbE0S6tHP7Z8wGPX-EoWg;Advanced > Specialist;https://www.linkedin.com/company/cbmm/about/;Marketing e Publicidade Marketing;sales OR account OR customer success manager OR client success OR developer relations OR technical writer;cbmm;1;;https://www.linkedin.com/jobs/view/4450173607/;https://www.linkedin.com/jobs/view/4450173607/;On-site;Specialist, Marketing/Mídia;12/08/2026;São Paulo;São Paulo;SP;Região Sudeste;Brasil;América do Sul
172;CBS Pvt Ltd;EXECUTIVO A DE VENDAS;Grande São Paulo (SP) ;12/08 00:00;https://www.linkedin.com/jobs/view/4452317832/;https://media.licdn.com/dms/image/v2/C4D0BAQEQJ7D4hnWlIw/company-logo_100_100/company-logo_100_100/0/1631300384481?e=1788393600&v=beta&t=xAT3gBH1a_0l0fLxis-dge9k3nvEue5rK3bkY13iY38;-;https://www.linkedin.com/company/cbs-pvt-ltd/about/;Software e Serviços de TI;sales OR account OR customer success manager OR client success OR developer relations OR technical writer;cbs pvt ltd;1;;https://www.linkedin.com/jobs/view/4452317832/;https://www.linkedin.com/jobs/view/4452317832/;On-site;Vendas / Comercial;12/08/2026;;São Paulo;SP;Região Sudeste;Brasil;América do Sul
173;CEVA SANTE ANIMALE;CRM Specialist;Paulínia, SP;12/08 13:00;https://www.linkedin.com/jobs/view/4453136773/;https://media.licdn.com/dms/image/v2/C4D0BAQERZww-9S6hfw/company-logo_100_100/company-logo_100_100/0/1630506757543/ceva_sante_animale_logo?e=1788393600&v=beta&t=GyHVeQcmJe9LAQ1YBA8wXQq3IrLEKFsoqE2guS3Bp1M;Advanced > Specialist;https://www.linkedin.com/company/ceva-sante-animale/about/;-;sales OR account OR customer success manager OR client success OR developer relations OR technical writer;ceva sante animale;1;;https://www.linkedin.com/jobs/view/4453136773/;https://www.linkedin.com/jobs/view/4453136773/;Not informed;Specialist, Salesforce/CRM;12/08/2026;Paulínia;São Paulo;SP;Região Sudeste;Brasil;América do Sul
174;CIALNE - Companhia de Alimentos do Nordeste;VENDEDOR EXTERNO;Fortaleza, CE;12/08 00:00;https://www.linkedin.com/jobs/view/4452308828/;https://media.licdn.com/dms/image/v2/D4D0BAQHgfMtLEuKuhg/company-logo_100_100/company-logo_100_100/0/1684936421469/grupocialne_logo?e=1788393600&v=beta&t=pki_9_XU6_-YWyimMLtXY7zCrTCXBgOMETxkq_LIin0;-;https://www.linkedin.com/company/cialne-companhia-de-alimentos-do-nordeste/about/;Alimentos e Bebidas;sales OR account OR customer success manager OR client success OR developer relations OR technical writer;cialne - companhia de alimentos do nordeste;1;;https://www.linkedin.com/jobs/view/4452308828/;https://www.linkedin.com/jobs/view/4452308828/;On-site;Vendas / Comercial;12/08/2026;Fortaleza;Ceará;CE;Região Nordeste;Brasil;América do Sul
175;CIC Empregos;Assistente Comercial;Caxias do Sul, RS;12/08 20:00;https://www.linkedin.com/jobs/view/4450195674/;https://media.licdn.com/dms/image/v2/C4D0BAQHsyM5zEg32qg/company-logo_100_100/company-logo_100_100/0/1653913113697?e=1788393600&v=beta&t=P7OLpDTU66Si0-JLt1n6vacfRTraAqhyKdBn1PPqYS0;-;https://www.linkedin.com/company/cic-empregos/about/;Vendas e Suporte;sales OR account OR customer success manager OR client success OR developer relations OR technical writer;cic empregos;1;;https://www.linkedin.com/jobs/view/4450195674/;https://www.linkedin.com/jobs/view/4450195674/;On-site;Associate, Vendas / Comercial;12/08/2026;Caxias do Sul;Rio Grande do Sul;RS;Região Sul;Brasil;América do Sul
176;CNA+;CONSULTOR(A) COMERCIAL - SUPORTE (FLAMBOYANT/JAÓ);Goiânia, GO;12/08 08:00;https://www.linkedin.com/jobs/view/4450148051/;https://media.licdn.com/dms/image/v2/D4D0BAQGEiWN-YkVDXQ/company-logo_100_100/B4DZr.0re8KIAQ-/0/1765211814683/cna_idiomas_oficial_logo?e=1788393600&v=beta&t=Y6XdBt8S8RzAq3MKa5YEBxjVvPyqKlgu4Qc0WbXJH8g;Advanced > Specialist;https://www.linkedin.com/company/cna/about/;Vendas e Suporte;sales OR account OR customer success manager OR client success OR developer relations OR technical writer;cna+;1;;https://www.linkedin.com/jobs/view/4450148051/;https://www.linkedin.com/jobs/view/4450148051/;On-site;Consultor, Vendas / Comercial;12/08/2026;Goiânia;Goiás;GO;Região Centro-Oeste;Brasil;América do Sul
177;CNA+;CONSULTOR(A) COMERCIAL UNIDADE BUENO;Goiânia, GO;12/08 08:00;https://www.linkedin.com/jobs/view/4450148057/;https://media.licdn.com/dms/image/v2/D4D0BAQGEiWN-YkVDXQ/company-logo_100_100/B4DZr.0re8KIAQ-/0/1765211814683/cna_idiomas_oficial_logo?e=1788393600&v=beta&t=Y6XdBt8S8RzAq3MKa5YEBxjVvPyqKlgu4Qc0WbXJH8g;Advanced > Specialist;https://www.linkedin.com/company/cna/about/;Vendas e Suporte;sales OR account OR customer success manager OR client success OR developer relations OR technical writer;cna+;1;;https://www.linkedin.com/jobs/view/4450148057/;https://www.linkedin.com/jobs/view/4450148057/;On-site;Consultor, Vendas / Comercial;12/08/2026;Goiânia;Goiás;GO;Região Centro-Oeste;Brasil;América do Sul
178;CNA+;CONSULTOR(A) COMERCIAL UNIDADE FLAMBOYANT;Goiânia, GO;12/08 08:00;https://www.linkedin.com/jobs/view/4450131110/;https://media.licdn.com/dms/image/v2/D4D0BAQGEiWN-YkVDXQ/company-logo_100_100/B4DZr.0re8KIAQ-/0/1765211814683/cna_idiomas_oficial_logo?e=1788393600&v=beta&t=Y6XdBt8S8RzAq3MKa5YEBxjVvPyqKlgu4Qc0WbXJH8g;Advanced > Specialist;https://www.linkedin.com/company/cna/about/;Vendas e Suporte;sales OR account OR customer success manager OR client success OR developer relations OR technical writer;cna+;1;;https://www.linkedin.com/jobs/view/4450131110/;https://www.linkedin.com/jobs/view/4450131110/;On-site;Consultor, Vendas / Comercial;12/08/2026;Goiânia;Goiás;GO;Região Centro-Oeste;Brasil;América do Sul
179;CNA+;CONSULTOR(A) COMERCIAL- UNIDADE JAÓ;Goiânia, GO;12/08 08:00;https://www.linkedin.com/jobs/view/4450147059/;https://media.licdn.com/dms/image/v2/D4D0BAQGEiWN-YkVDXQ/company-logo_100_100/B4DZr.0re8KIAQ-/0/1765211814683/cna_idiomas_oficial_logo?e=1788393600&v=beta&t=Y6XdBt8S8RzAq3MKa5YEBxjVvPyqKlgu4Qc0WbXJH8g;Advanced > Specialist;https://www.linkedin.com/company/cna/about/;Vendas e Suporte;sales OR account OR customer success manager OR client success OR developer relations OR technical writer;cna+;1;;https://www.linkedin.com/jobs/view/4450147059/;https://www.linkedin.com/jobs/view/4450147059/;On-site;Consultor, Vendas / Comercial;12/08/2026;Goiânia;Goiás;GO;Região Centro-Oeste;Brasil;América do Sul
180;CRIATIVA CAPITAL HUMANO;Consultor(a) Comercial;Florianópolis, SC;12/08 00:00;https://www.linkedin.com/jobs/view/4452308690/;missing logo;Advanced > Specialist;https://www.linkedin.com/company/criativa-capital-humano/about/;Software e Serviços de TI;sales OR account OR customer success manager OR client success OR developer relations OR technical writer;criativa capital humano;1;;https://www.linkedin.com/jobs/view/4452308690/;https://www.linkedin.com/jobs/view/4452308690/;On-site;Consultor, Vendas / Comercial;12/08/2026;;Santa Catarina;SC;Região Sul;Brasil;América do Sul
181;Cabtec by Kyubi;Consultor de Vendas Internas;Belo Horizonte, MG;12/08 11:00;https://www.linkedin.com/jobs/view/4450152330/;https://media.licdn.com/dms/image/v2/D4D0BAQEPMH6QZozDnQ/company-logo_100_100/B4DZXyskQLGkAQ-/0/1743533524378/cabtec_logo?e=1788393600&v=beta&t=eIGMK2sKuEJ_-pth2QbVcAXAnLX3JTpdBANTrrmhjvE;Advanced > Specialist;https://www.linkedin.com/company/cabtec-by-kyubi/about/;Vendas e Suporte;sales OR account OR customer success manager OR client success OR developer relations OR technical writer;cabtec by kyubi;1;;https://www.linkedin.com/jobs/view/4450152330/;https://www.linkedin.com/jobs/view/4450152330/;On-site;Intern, Consultor, Vendas / Comercial;12/08/2026;;Minas Gerais;MG;Região Sudeste;Brasil;América do Sul
182;Camila Hori;Consultor de vendas;Santo André, SP;12/08 00:00;https://www.linkedin.com/jobs/view/4452305944/;https://media.licdn.com/dms/image/v2/C4D0BAQGX8qiHxT1zRQ/company-logo_100_100/company-logo_100_100/0/1630482792341/camila_hori_logo?e=1788393600&v=beta&t=_JTICkUs0h3wTZWEXP8iyv_DAC-lFemIS1BgdHRSGss;Advanced > Specialist;https://www.linkedin.com/company/camila-hori/about/;Vendas e Suporte;sales OR account OR customer success manager OR client success OR developer relations OR technical writer;camila hori;1;;https://www.linkedin.com/jobs/view/4452305944/;https://www.linkedin.com/jobs/view/4452305944/;On-site;Consultor, Vendas / Comercial;12/08/2026;Santo André;São Paulo;SP;Região Sudeste;Brasil;América do Sul
183;Campfil;Consultor de vendas internas;Campinas, SP;12/08 09:00;https://www.linkedin.com/jobs/view/4377741305/;https://media.licdn.com/dms/image/v2/D4D0BAQGCtj3DM6mC_w/company-logo_100_100/B4DZfSl.9gHkAQ-/0/1751584862481/campfil_logo?e=1788393600&v=beta&t=O7sl8NPWn3jELpNAsIV4FHGTehnjAlafysWFo8pyJiM;Advanced > Specialist;https://www.linkedin.com/company/campfil/about/;Vendas e Suporte;sales OR account OR customer success manager OR client success OR developer relations OR technical writer;campfil;1;;https://www.linkedin.com/jobs/view/4377741305/;https://www.linkedin.com/jobs/view/4377741305/;On-site;Intern, Consultor, Vendas / Comercial;12/08/2026;;São Paulo;SP;Região Sudeste;Brasil;América do Sul
184;Candidata ai;CONSULTOR COMERCIAL;Manaus, AM;12/08 09:00;https://www.linkedin.com/jobs/view/4453100500/;https://media.licdn.com/dms/image/v2/D4D0BAQE2fH2l2wNlMQ/company-logo_100_100/company-logo_100_100/0/1734989821316/candidata_ai_logo?e=1788393600&v=beta&t=NSzgySzsE7b1pYiaKtHlvLjhdhWtgp40yRQyjhvgz2A;Advanced > Specialist;https://www.linkedin.com/company/candidata-ai/about/;Dados e Analytics;sales OR account OR customer success manager OR client success OR developer relations OR technical writer;candidata ai;1;;https://www.linkedin.com/jobs/view/4453100500/;https://www.linkedin.com/jobs/view/4453100500/;On-site;Consultor, Vendas / Comercial;12/08/2026;;Amazonas;AM;Região Norte;Brasil;América do Sul
185;Canonical;Customer Success - Team Manager;Brasil;12/08 12:00;https://www.linkedin.com/jobs/view/4434717560/;https://media.licdn.com/dms/image/v2/C560BAQEbIYAkAURcYw/company-logo_100_100/company-logo_100_100/0/1650566107463/canonical_logo?e=1788393600&v=beta&t=rYp49hR_LD6XoGZwLWXpY9cbo9chlNCXajLwG8iQWSg;Specific > Customer Success Manager;https://www.linkedin.com/company/canonical/about/;-;sales OR account OR customer success manager OR client success OR developer relations OR technical writer;canonical;1;;https://www.linkedin.com/jobs/view/4434717560/;https://www.linkedin.com/jobs/view/4434717560/;Remote;Liderança/Gerência;12/08/2026;;;;;Brasil;América do Sul
186;Canonical;Engineering Manager - Public Cloud, Python, Golang;Brasil;12/08 12:00;https://www.linkedin.com/jobs/view/4434709870/;https://media.licdn.com/dms/image/v2/C560BAQEbIYAkAURcYw/company-logo_100_100/company-logo_100_100/0/1650566107463/canonical_logo?e=1788393600&v=beta&t=rYp49hR_LD6XoGZwLWXpY9cbo9chlNCXajLwG8iQWSg;Specific > Cloud;https://www.linkedin.com/company/canonical/about/;-;sales OR account OR customer success manager OR client success OR developer relations OR technical writer;canonical;1;;https://www.linkedin.com/jobs/view/4434709870/;https://www.linkedin.com/jobs/view/4434709870/;Remote;Liderança/Gerência, Engenharia Geral;12/08/2026;;;;;Brasil;América do Sul
187;Canonical;Engineering Manager for IAM (Identity and Access Management);Brasil;12/08 12:00;https://www.linkedin.com/jobs/view/4434719489/;https://media.licdn.com/dms/image/v2/C560BAQEbIYAkAURcYw/company-logo_100_100/company-logo_100_100/0/1650566107463/canonical_logo?e=1788393600&v=beta&t=rYp49hR_LD6XoGZwLWXpY9cbo9chlNCXajLwG8iQWSg;Cybersecurity > Iam Manager;https://www.linkedin.com/company/canonical/about/;Inteligência Artificial;sales OR account OR customer success manager OR client success OR developer relations OR technical writer;canonical;1;;https://www.linkedin.com/jobs/view/4434719489/;https://www.linkedin.com/jobs/view/4434719489/;Remote;Liderança/Gerência, Engenharia Geral;12/08/2026;;;;;Brasil;América do Sul
188;Canonical;ISV Technical Alliance Manager;Brasil;12/08 12:00;https://www.linkedin.com/jobs/view/4434721414/;https://media.licdn.com/dms/image/v2/C560BAQEbIYAkAURcYw/company-logo_100_100/company-logo_100_100/0/1650566107463/canonical_logo?e=1788393600&v=beta&t=rYp49hR_LD6XoGZwLWXpY9cbo9chlNCXajLwG8iQWSg;Middle > Manager;https://www.linkedin.com/company/canonical/about/;Software e Serviços de TI;sales OR account OR customer success manager OR client success OR developer relations OR technical writer;canonical;1;;https://www.linkedin.com/jobs/view/4434721414/;https://www.linkedin.com/jobs/view/4434721414/;Remote;Liderança/Gerência, TI/Tech;12/08/2026;;;;;Brasil;América do Sul
189;Canonical;Partner Sales Manager - Dell;Brasil;12/08 12:00;https://www.linkedin.com/jobs/view/4434718521/;https://media.licdn.com/dms/image/v2/C560BAQEbIYAkAURcYw/company-logo_100_100/company-logo_100_100/0/1650566107463/canonical_logo?e=1788393600&v=beta&t=rYp49hR_LD6XoGZwLWXpY9cbo9chlNCXajLwG8iQWSg;Middle > Manager;https://www.linkedin.com/company/canonical/about/;Vendas e Suporte;sales OR account OR customer success manager OR client success OR developer relations OR technical writer;canonical;1;;https://www.linkedin.com/jobs/view/4434718521/;https://www.linkedin.com/jobs/view/4434718521/;Remote;Liderança/Gerência, Vendas / Comercial;12/08/2026;;;;;Brasil;América do Sul
190;Canonical;Silicon Alliances Ecosystem Development Manager;Brasil;12/08 11:00;https://www.linkedin.com/jobs/view/4434721416/;https://media.licdn.com/dms/image/v2/C560BAQEbIYAkAURcYw/company-logo_100_100/company-logo_100_100/0/1650566107463/canonical_logo?e=1788393600&v=beta&t=rYp49hR_LD6XoGZwLWXpY9cbo9chlNCXajLwG8iQWSg;Middle > Manager;https://www.linkedin.com/company/canonical/about/;-;sales OR account OR customer success manager OR client success OR developer relations OR technical writer;canonical;1;;https://www.linkedin.com/jobs/view/4434721416/;https://www.linkedin.com/jobs/view/4434721416/;Remote;Liderança/Gerência;12/08/2026;;;;;Brasil;América do Sul
191;Canonical;Software Alliance Ecosystem Manager;Brasil;12/08 12:00;https://www.linkedin.com/jobs/view/4434719497/;https://media.licdn.com/dms/image/v2/C560BAQEbIYAkAURcYw/company-logo_100_100/company-logo_100_100/0/1650566107463/canonical_logo?e=1788393600&v=beta&t=rYp49hR_LD6XoGZwLWXpY9cbo9chlNCXajLwG8iQWSg;Middle > Manager;https://www.linkedin.com/company/canonical/about/;Software e Serviços de TI;sales OR account OR customer success manager OR client success OR developer relations OR technical writer;canonical;1;;https://www.linkedin.com/jobs/view/4434719497/;https://www.linkedin.com/jobs/view/4434719497/;Remote;Liderança/Gerência, TI/Tech;12/08/2026;;;;;Brasil;América do Sul
192;Capital Humano Gestão de Pessoas Ltda;Executivo de vendas - Logística Internacional;Porto Alegre, RS;12/08 15:00;https://www.linkedin.com/jobs/view/4450165719/;https://media.licdn.com/dms/image/v2/C4D0BAQFsoKBEyVe-Ig/company-logo_100_100/company-logo_100_100/0/1677166399305/capitalhumanors_logo?e=1788393600&v=beta&t=2giYJiLrEE_Zg0xos38-LzXQBv17gOAqUNY9RJPBdSI;-;https://www.linkedin.com/company/capital-humano-gest-o-de-pessoas-ltda/about/;Logística e Supply Chain;sales OR account OR customer success manager OR client success OR developer relations OR technical writer;capital humano gestão de pessoas ltda;1;;https://www.linkedin.com/jobs/view/4450165719/;https://www.linkedin.com/jobs/view/4450165719/;On-site;Intern, Logística/Supply, Vendas / Comercial;12/08/2026;Porto Alegre;Rio Grande do Sul;RS;Região Sul;Brasil;América do Sul
193;Captei - Inteligência em Negócios Imobiliários;INSIDE SALES | VENDAS SaaS;Florianópolis, SC;11/08 22:00;https://www.linkedin.com/jobs/view/4451980522/;https://media.licdn.com/dms/image/v2/C4D0BAQFK1g0lULfywQ/company-logo_100_100/company-logo_100_100/0/1630538548924?e=1788393600&v=beta&t=ohmCXheb81CxvYBQ1rCc6EeWnpk_P01N_WTwqh2p25Y;-;https://www.linkedin.com/company/captei-intelig-ncia-em-neg-cios-imobili-rios/about/;Hardware e Eletrônicos;sales OR account OR customer success manager OR client success OR developer relations OR technical writer;captei - inteligência em negócios imobiliários;1;;https://www.linkedin.com/jobs/view/4451980522/;https://www.linkedin.com/jobs/view/4451980522/;Remote;Vendas / Comercial;12/08/2026;;Santa Catarina;SC;Região Sul;Brasil;América do Sul
194;Cargill;Gerente de Contas Estratégicas - Bovinocultura de Leite;Belo Horizonte, MG;12/08 21:00;https://www.linkedin.com/jobs/view/4450194830/;https://media.licdn.com/dms/image/v2/D560BAQE-JavwZhEueQ/company-logo_100_100/B56ZVIHolwGoAQ-/0/1740671715990/cargill_logo?e=1788393600&v=beta&t=zp3jrddUphYAMHXfuWe461eVCmmB6b86BcBnrvHxX4o;Middle > Manager;https://www.linkedin.com/company/cargill/about/;Software e Serviços de TI;sales OR account OR customer success manager OR client success OR developer relations OR technical writer;cargill;1;;https://www.linkedin.com/jobs/view/4450194830/;https://www.linkedin.com/jobs/view/4450194830/;On-site;Mid, Liderança/Gerência;12/08/2026;;Minas Gerais;MG;Região Sudeste;Brasil;América do Sul
195;Cargill;Gerente de Contas Estratégicas - Bovinocultura de Leite;Campinas, SP;12/08 21:00;https://www.linkedin.com/jobs/view/4450199379/;https://media.licdn.com/dms/image/v2/D560BAQE-JavwZhEueQ/company-logo_100_100/B56ZVIHolwGoAQ-/0/1740671715990/cargill_logo?e=1788393600&v=beta&t=zp3jrddUphYAMHXfuWe461eVCmmB6b86BcBnrvHxX4o;Middle > Manager;https://www.linkedin.com/company/cargill/about/;Software e Serviços de TI;sales OR account OR customer success manager OR client success OR developer relations OR technical writer;cargill;1;;https://www.linkedin.com/jobs/view/4450199379/;https://www.linkedin.com/jobs/view/4450199379/;On-site;Mid, Liderança/Gerência;12/08/2026;;São Paulo;SP;Região Sudeste;Brasil;América do Sul
196;Cargill;Executivo(a) de Negócios (Originação de Grãos) - Confresa/MT;Confresa, MT;12/08 15:00;https://www.linkedin.com/jobs/view/4450172604/;https://media.licdn.com/dms/image/v2/D560BAQE-JavwZhEueQ/company-logo_100_100/B56ZVIHolwGoAQ-/0/1740671715990/cargill_logo?e=1788393600&v=beta&t=zp3jrddUphYAMHXfuWe461eVCmmB6b86BcBnrvHxX4o;-;https://www.linkedin.com/company/cargill/about/;Software e Serviços de TI;sales OR account OR customer success manager OR client success OR developer relations OR technical writer;cargill;1;;https://www.linkedin.com/jobs/view/4450172604/;https://www.linkedin.com/jobs/view/4450172604/;On-site;-;12/08/2026;Confresa;Mato Grosso;MT;Região Centro-Oeste;Brasil;América do Sul
197;Cargill;Gerente de Contas Estratégicas - Bovinocultura de Leite;Goiânia, GO;12/08 21:00;https://www.linkedin.com/jobs/view/4450406124/;https://media.licdn.com/dms/image/v2/D560BAQE-JavwZhEueQ/company-logo_100_100/B56ZVIHolwGoAQ-/0/1740671715990/cargill_logo?e=1788393600&v=beta&t=zp3jrddUphYAMHXfuWe461eVCmmB6b86BcBnrvHxX4o;Middle > Manager;https://www.linkedin.com/company/cargill/about/;Software e Serviços de TI;sales OR account OR customer success manager OR client success OR developer relations OR technical writer;cargill;1;;https://www.linkedin.com/jobs/view/4450406124/;https://www.linkedin.com/jobs/view/4450406124/;On-site;Mid, Liderança/Gerência;12/08/2026;Goiânia;Goiás;GO;Região Centro-Oeste;Brasil;América do Sul
198;Cargill;Gerente de Contas Estratégicas - Bovinocultura de Leite;Ribeirão Preto, SP;12/08 21:00;https://www.linkedin.com/jobs/view/4450401265/;https://media.licdn.com/dms/image/v2/D560BAQE-JavwZhEueQ/company-logo_100_100/B56ZVIHolwGoAQ-/0/1740671715990/cargill_logo?e=1788393600&v=beta&t=zp3jrddUphYAMHXfuWe461eVCmmB6b86BcBnrvHxX4o;Middle > Manager;https://www.linkedin.com/company/cargill/about/;Software e Serviços de TI;sales OR account OR customer success manager OR client success OR developer relations OR technical writer;cargill;1;;https://www.linkedin.com/jobs/view/4450401265/;https://www.linkedin.com/jobs/view/4450401265/;On-site;Mid, Liderança/Gerência;12/08/2026;Ribeirão Preto;São Paulo;SP;Região Sudeste;Brasil;América do Sul
199;Cargill;Gerente de Contas Estratégicas - Bovinocultura de Leite;Uberlândia, MG;12/08 21:00;https://www.linkedin.com/jobs/view/4450198757/;https://media.licdn.com/dms/image/v2/D560BAQE-JavwZhEueQ/company-logo_100_100/B56ZVIHolwGoAQ-/0/1740671715990/cargill_logo?e=1788393600&v=beta&t=zp3jrddUphYAMHXfuWe461eVCmmB6b86BcBnrvHxX4o;Middle > Manager;https://www.linkedin.com/company/cargill/about/;Software e Serviços de TI;sales OR account OR customer success manager OR client success OR developer relations OR technical writer;cargill;1;;https://www.linkedin.com/jobs/view/4450198757/;https://www.linkedin.com/jobs/view/4450198757/;On-site;Mid, Liderança/Gerência;12/08/2026;Uberlândia;Minas Gerais;MG;Região Sudeste;Brasil;América do Sul
200;Carpe Diem Consultoria;Executivo Comercial;Florianópolis, SC;12/08 00:00;https://www.linkedin.com/jobs/view/4452327683/;https://media.licdn.com/dms/image/v2/D560BAQERh43g_jL59w/company-logo_100_100/B56ZmTNSVzKMAU-/0/1759111358359?e=1788393600&v=beta&t=9aHa4Wr28v8CzN3KMEkXkbYp5ViWdFkkEyjY6VueUPw;-;https://www.linkedin.com/company/carpe-diem-consultoria/about/;Consultoria e Assessoria;sales OR account OR customer success manager OR client success OR developer relations OR technical writer;carpe diem consultoria;1;;https://www.linkedin.com/jobs/view/4452327683/;https://www.linkedin.com/jobs/view/4452327683/;On-site;Vendas / Comercial;12/08/2026;;Santa Catarina;SC;Região Sul;Brasil;América do Sul
201;Carpe Diem Consultoria;Auxiliar Comercial;Grande São Paulo (SP) ;12/08 00:00;https://www.linkedin.com/jobs/view/4452308798/;https://media.licdn.com/dms/image/v2/D560BAQERh43g_jL59w/company-logo_100_100/B56ZmTNSVzKMAU-/0/1759111358359?e=1788393600&v=beta&t=9aHa4Wr28v8CzN3KMEkXkbYp5ViWdFkkEyjY6VueUPw;-;https://www.linkedin.com/company/carpe-diem-consultoria/about/;Consultoria e Assessoria;sales OR account OR customer success manager OR client success OR developer relations OR technical writer;carpe diem consultoria;1;;https://www.linkedin.com/jobs/view/4452308798/;https://www.linkedin.com/jobs/view/4452308798/;On-site;Associate, Vendas / Comercial;12/08/2026;;São Paulo;SP;Região Sudeste;Brasil;América do Sul
202;Casa do Fitness;Vendedor;Brasília, DF;12/08 14:00;https://www.linkedin.com/jobs/view/4450160642/;https://media.licdn.com/dms/image/v2/D4D0BAQEEaZu9ynfW3g/company-logo_100_100/company-logo_100_100/0/1738691488566/casa_do_fitness_logo?e=1788393600&v=beta&t=4KI-Pclet3mxdPI0D9cXh-Hpxp9xyMgW1ohvQTHbKLw;-;https://www.linkedin.com/company/casa-do-fitness/about/;Bem-estar e Fitness;sales OR account OR customer success manager OR client success OR developer relations OR technical writer;casa do fitness;1;;https://www.linkedin.com/jobs/view/4450160642/;https://www.linkedin.com/jobs/view/4450160642/;On-site;Vendas / Comercial;12/08/2026;;Distrito Federal;DF;Região Centro-Oeste;Brasil;América do Sul
203;Casalille - Passamanarias, revestimentos de parede e tecidos;Assistente comercial;São Paulo, SP;12/08 17:00;https://www.linkedin.com/jobs/view/4449873992/;https://media.licdn.com/dms/image/v2/D560BAQHbvQ7XbUpuNQ/company-logo_100_100/B56Z4dIT1_HwAY-/0/1778605178918/casalillecomercioedecoracao_logo?e=1788393600&v=beta&t=S_wgckH1K9Zwb4YcjlSbP16JASWOCQ2DaVpCym7uxfw;-;https://www.linkedin.com/company/casalille-passamanarias-revestimentos-de-parede-e-tecidos/about/;Software e Serviços de TI;sales OR account OR customer success manager OR client success OR developer relations OR technical writer;casalille - passamanarias, revestimentos de parede e tecidos;1;;https://www.linkedin.com/jobs/view/4449873992/;https://www.linkedin.com/jobs/view/4449873992/;On-site;Associate, Vendas / Comercial;12/08/2026;São Paulo;São Paulo;SP;Região Sudeste;Brasil;América do Sul
204;Caterpillar Inc.;Product Service Consultant;Belo Horizonte, MG;12/08 17:00;https://www.linkedin.com/jobs/view/4453366334/;https://media.licdn.com/dms/image/v2/D4E0BAQGezvfCH-inoA/company-logo_100_100/B4EZuz4cAhKgAU-/0/1768249475691/caterpillar_inc_logo?e=1788393600&v=beta&t=Tu5MBqn8MvzXjEow36K6IqxzAPaVPiyWnuOyO4oWYy0;Advanced > Specialist;https://www.linkedin.com/company/caterpillar-inc/about/;-;sales OR account OR customer success manager OR client success OR developer relations OR technical writer;caterpillar inc.;1;;https://www.linkedin.com/jobs/view/4453366334/;https://www.linkedin.com/jobs/view/4453366334/;Not informed;Consultor;12/08/2026;;Minas Gerais;MG;Região Sudeste;Brasil;América do Sul
205;Cayena;Closer;SP;12/08 11:00;https://www.linkedin.com/jobs/view/4453141111/;https://media.licdn.com/dms/image/v2/D4D0BAQHc19lfJUL09Q/company-logo_100_100/B4DZ1mWIt.H4AQ-/0/1775538572664/oicayena_logo?e=1788393600&v=beta&t=Z7tBg0yY44BfjiP3B24w-507Q0pyXolpiW4-ZOBgHlw;-;https://www.linkedin.com/company/cayena/about/;-;sales OR account OR customer success manager OR client success OR developer relations OR technical writer;cayena;1;;https://www.linkedin.com/jobs/view/4453141111/;https://www.linkedin.com/jobs/view/4453141111/;On-site;-;12/08/2026;;São Paulo;SP;Região Sudeste;Brasil;América do Sul
206;Centrium Sistema de Gestão;Consultor de Implantação - Externo;Jaraguá do Sul, SC;12/08 09:00;https://www.linkedin.com/jobs/view/4446653198/;https://media.licdn.com/dms/image/v2/D4D0BAQH9cYN0nRyPVA/company-logo_100_100/company-logo_100_100/0/1736167162342/centrium_inform_tica_logo?e=1788393600&v=beta&t=4AvZ8Up0UbIpUPvscTVVdJ2T1Pv8vWr6m2rcWNVK7qI;Advanced > Specialist;https://www.linkedin.com/company/centrium-sistema-de-gest-o/about/;-;sales OR account OR customer success manager OR client success OR developer relations OR technical writer;centrium sistema de gestão;1;;https://www.linkedin.com/jobs/view/4446653198/;https://www.linkedin.com/jobs/view/4446653198/;On-site;Consultor, Implementação;12/08/2026;Jaraguá do Sul;Santa Catarina;SC;Região Sul;Brasil;América do Sul
207;Centro De Desenvolvimento De Tecnologia E Servico Sawabona;Consultor comercial;Brasil;12/08 00:00;https://www.linkedin.com/jobs/view/4452314678/;missing logo;Advanced > Specialist;https://www.linkedin.com/company/centro-de-desenvolvimento-de-tecnologia-e-servico-sawabona/about/;Software e Serviços de TI;sales OR account OR customer success manager OR client success OR developer relations OR technical writer;centro de desenvolvimento de tecnologia e servico sawabona;1;;https://www.linkedin.com/jobs/view/4452314678/;https://www.linkedin.com/jobs/view/4452314678/;On-site;Consultor, Vendas / Comercial;12/08/2026;;;;;Brasil;América do Sul
208;Cerus;Executivo Comercial Condominial;Brasília, DF;12/08 18:00;https://www.linkedin.com/jobs/view/4453374060/;https://media.licdn.com/dms/image/v2/D4D0BAQGJowMHTlCpzg/company-logo_100_100/company-logo_100_100/0/1681491076688/cerusbank_logo?e=1788393600&v=beta&t=Xo0vzEUHR7JNvfQdq-22hIAFYYRgdWrVwy9KiRCfNqU;-;https://www.linkedin.com/company/cerus/about/;Software e Serviços de TI;sales OR account OR customer success manager OR client success OR developer relations OR technical writer;cerus;1;;https://www.linkedin.com/jobs/view/4453374060/;https://www.linkedin.com/jobs/view/4453374060/;On-site;Vendas / Comercial;12/08/2026;;Distrito Federal;DF;Região Centro-Oeste;Brasil;América do Sul
209;Cerus;Consultor Comercial Condominial;SP;12/08 18:00;https://www.linkedin.com/jobs/view/4450188299/;https://media.licdn.com/dms/image/v2/D4D0BAQGJowMHTlCpzg/company-logo_100_100/company-logo_100_100/0/1681491076688/cerusbank_logo?e=1788393600&v=beta&t=Xo0vzEUHR7JNvfQdq-22hIAFYYRgdWrVwy9KiRCfNqU;Advanced > Specialist;https://www.linkedin.com/company/cerus/about/;Vendas e Suporte;sales OR account OR customer success manager OR client success OR developer relations OR technical writer;cerus;1;;https://www.linkedin.com/jobs/view/4450188299/;https://www.linkedin.com/jobs/view/4450188299/;On-site;Consultor, Vendas / Comercial;12/08/2026;;São Paulo;SP;Região Sudeste;Brasil;América do Sul
210;Chainlink Labs;Documentation Engineer;Brasil;12/08 10:00;https://www.linkedin.com/jobs/view/4443706134/;https://media.licdn.com/dms/image/v2/D560BAQFlZTc9ukNU6A/company-logo_100_100/B56Z9sto4BHcAI-/0/1784235331280/chainlink_labs_logo?e=1788393600&v=beta&t=ubsK6tL6dykdIsoIzYOHgo5B_qYDEX15BYuxQxVpc2E;Advanced > Information Technology;https://www.linkedin.com/company/chainlink-labs/about/;Software e Serviços de TI;sales OR account OR customer success manager OR client success OR developer relations OR technical writer;chainlink labs;1;;https://www.linkedin.com/jobs/view/4443706134/;https://www.linkedin.com/jobs/view/4443706134/;Remote;Engenharia Geral;12/08/2026;;;;;Brasil;América do Sul
211;Chimaq Comercio De Maquinas E Ferramentas;Assistente de Vendas Técnico (Materiais/Plásticos/Fios e Cabos);Guarulhos, SP;12/08 11:00;https://www.linkedin.com/jobs/view/4452397923/;missing logo;-;https://www.linkedin.com/company/chimaq-comercio-de-maquinas-e-ferramentas/about/;Software e Serviços de TI;sales OR account OR customer success manager OR client success OR developer relations OR technical writer;chimaq comercio de maquinas e ferramentas;1;;https://www.linkedin.com/jobs/view/4452397923/;https://www.linkedin.com/jobs/view/4452397923/;On-site;Associate, Vendas / Comercial;12/08/2026;Guarulhos;São Paulo;SP;Região Sudeste;Brasil;América do Sul
212;Chubb;Travel Commercial Superintendent;São Paulo, SP;12/08 14:00;https://www.linkedin.com/jobs/view/4453158254/;https://media.licdn.com/dms/image/v2/D4E0BAQEAl4UqQUBngw/company-logo_100_100/B4EZp.iTGWHUAQ-/0/1763059512052/chubb_logo?e=1788393600&v=beta&t=m6CnthzIcs9Oy6pRbyo-d4e3NWtGg4FiI5sugHzaGzA;-;https://www.linkedin.com/company/chubb/about/;Turismo e Viagens;sales OR account OR customer success manager OR client success OR developer relations OR technical writer;chubb;1;;https://www.linkedin.com/jobs/view/4453158254/;https://www.linkedin.com/jobs/view/4453158254/;Not informed;-;12/08/2026;São Paulo;São Paulo;SP;Região Sudeste;Brasil;América do Sul
213;Cia G3;Assistente de Cuatomer Success;Belo Horizonte, MG;12/08 10:00;https://www.linkedin.com/jobs/view/4450148596/;https://media.licdn.com/dms/image/v2/D4D0BAQGILfaM40Jx-A/company-logo_100_100/company-logo_100_100/0/1718309611447/ciag3_logo?e=1788393600&v=beta&t=BBFZbIKrhxsTg81oKIn49SiXUVbCPGlgV-BKXHaqWEU;-;https://www.linkedin.com/company/cia-g3/about/;-;sales OR account OR customer success manager OR client success OR developer relations OR technical writer;cia g3;1;;https://www.linkedin.com/jobs/view/4450148596/;https://www.linkedin.com/jobs/view/4450148596/;On-site;Associate;12/08/2026;;Minas Gerais;MG;Região Sudeste;Brasil;América do Sul
214;Cielo;Gerente de Negócios |Cuiabá (MT);Cuiabá, MT;12/08 11:00;https://www.linkedin.com/jobs/view/4381765454/;https://media.licdn.com/dms/image/v2/D4D0BAQGTX-wCoqy8RA/company-logo_100_100/company-logo_100_100/0/1664799757547?e=1788393600&v=beta&t=XR2PCl0xjaUsKGJpbORAkFctzqjPCi14_vfvq0NgT0g;Middle > Manager;https://www.linkedin.com/company/cielo/about/;-;sales OR account OR customer success manager OR client success OR developer relations OR technical writer;cielo;1;;https://www.linkedin.com/jobs/view/4381765454/;https://www.linkedin.com/jobs/view/4381765454/;On-site;Mid, Gerente de Negócios, Liderança/Gerência;12/08/2026;Cuiabá;Mato Grosso;MT;Região Centro-Oeste;Brasil;América do Sul
215;Cielo;Gerente de Negócios Júnior | Foz Do Iguaçu (PR);Foz do Iguaçu, PR;12/08 11:00;https://www.linkedin.com/jobs/view/4431968035/;https://media.licdn.com/dms/image/v2/D4D0BAQGTX-wCoqy8RA/company-logo_100_100/company-logo_100_100/0/1664799757547?e=1788393600&v=beta&t=XR2PCl0xjaUsKGJpbORAkFctzqjPCi14_vfvq0NgT0g;Middle > Manager;https://www.linkedin.com/company/cielo/about/;-;sales OR account OR customer success manager OR client success OR developer relations OR technical writer;cielo;1;;https://www.linkedin.com/jobs/view/4431968035/;https://www.linkedin.com/jobs/view/4431968035/;On-site;Mid, Junior, Gerente de Negócios, Liderança/Gerência;12/08/2026;Foz do Iguaçu;Paraná;PR;Região Sul;Brasil;América do Sul
216;Cielo;Gerente de Negócios Júnior | Pirituba - SP;São Paulo, SP;12/08 10:00;https://www.linkedin.com/jobs/view/4422235346/;https://media.licdn.com/dms/image/v2/D4D0BAQGTX-wCoqy8RA/company-logo_100_100/company-logo_100_100/0/1664799757547?e=1788393600&v=beta&t=XR2PCl0xjaUsKGJpbORAkFctzqjPCi14_vfvq0NgT0g;Middle > Manager;https://www.linkedin.com/company/cielo/about/;Software e Serviços de TI;sales OR account OR customer success manager OR client success OR developer relations OR technical writer;cielo;1;;https://www.linkedin.com/jobs/view/4422235346/;https://www.linkedin.com/jobs/view/4422235346/;On-site;Mid, Junior, Gerente de Negócios, Liderança/Gerência;12/08/2026;São Paulo;São Paulo;SP;Região Sudeste;Brasil;América do Sul
217;Cielo;Gerente de Negócios Júnior | São Paulo (SP);São Paulo, SP;12/08 12:00;https://www.linkedin.com/jobs/view/4440466894/;https://media.licdn.com/dms/image/v2/D4D0BAQGTX-wCoqy8RA/company-logo_100_100/company-logo_100_100/0/1664799757547?e=1788393600&v=beta&t=XR2PCl0xjaUsKGJpbORAkFctzqjPCi14_vfvq0NgT0g;Middle > Manager;https://www.linkedin.com/company/cielo/about/;-;sales OR account OR customer success manager OR client success OR developer relations OR technical writer;cielo;1;;https://www.linkedin.com/jobs/view/4440466894/;https://www.linkedin.com/jobs/view/4440466894/;On-site;Mid, Junior, Gerente de Negócios, Liderança/Gerência;12/08/2026;São Paulo;São Paulo;SP;Região Sudeste;Brasil;América do Sul
218;Cime Distribuidora;Vendedor Interno;Umuarama, PR;12/08 14:00;https://www.linkedin.com/jobs/view/4450160478/;https://media.licdn.com/dms/image/v2/D4D0BAQFUGd1WbrOvFA/company-logo_100_100/company-logo_100_100/0/1706460226477?e=1788393600&v=beta&t=yo7QPTDDiObvZQzp7DAyUhnfFazzpGIeN8lLWfbhF2I;-;https://www.linkedin.com/company/cime-distribuidora/about/;-;sales OR account OR customer success manager OR client success OR developer relations OR technical writer;cime distribuidora;1;;https://www.linkedin.com/jobs/view/4450160478/;https://www.linkedin.com/jobs/view/4450160478/;On-site;Intern, Vendas / Comercial;12/08/2026;Umuarama;Paraná;PR;Região Sul;Brasil;América do Sul
219;Claro Brasil;Executivo Novos Negócios ME;Belo Horizonte, MG;12/08 18:00;https://www.linkedin.com/jobs/view/4453375288/;https://media.licdn.com/dms/image/v2/C4D0BAQH2gEZpU9Oy5Q/company-logo_100_100/company-logo_100_100/0/1630559270452/clarobrasil_logo?e=1788393600&v=beta&t=27SNY4_Yhk-OS2HfEWX9LQGk6HnVjO8PhRdqwz8jL2s;-;https://www.linkedin.com/company/claro-brasil/about/;Software e Serviços de TI;sales OR account OR customer success manager OR client success OR developer relations OR technical writer;claro brasil;1;;https://www.linkedin.com/jobs/view/4453375288/;https://www.linkedin.com/jobs/view/4453375288/;On-site;-;12/08/2026;;Minas Gerais;MG;Região Sudeste;Brasil;América do Sul
220;Claro Brasil;Arquiteto Pré Vendas Soluções Digitais;São Paulo, SP;12/08 18:00;https://www.linkedin.com/jobs/view/4446822056/;https://media.licdn.com/dms/image/v2/C4D0BAQH2gEZpU9Oy5Q/company-logo_100_100/company-logo_100_100/0/1630559270452/clarobrasil_logo?e=1788393600&v=beta&t=27SNY4_Yhk-OS2HfEWX9LQGk6HnVjO8PhRdqwz8jL2s;Architecture;https://www.linkedin.com/company/claro-brasil/about/;Software e Serviços de TI;sales OR account OR customer success manager OR client success OR developer relations OR technical writer;claro brasil;1;;https://www.linkedin.com/jobs/view/4446822056/;https://www.linkedin.com/jobs/view/4446822056/;On-site;Vendas / Comercial;12/08/2026;São Paulo;São Paulo;SP;Região Sudeste;Brasil;América do Sul
221;Claro Brasil;Executiva (o) de Contas I;São Paulo, SP;12/08 19:00;https://www.linkedin.com/jobs/view/4446567837/;https://media.licdn.com/dms/image/v2/C4D0BAQH2gEZpU9Oy5Q/company-logo_100_100/company-logo_100_100/0/1630559270452/clarobrasil_logo?e=1788393600&v=beta&t=27SNY4_Yhk-OS2HfEWX9LQGk6HnVjO8PhRdqwz8jL2s;-;https://www.linkedin.com/company/claro-brasil/about/;Software e Serviços de TI;sales OR account OR customer success manager OR client success OR developer relations OR technical writer;claro brasil;1;;https://www.linkedin.com/jobs/view/4446567837/;https://www.linkedin.com/jobs/view/4446567837/;On-site;-;12/08/2026;São Paulo;São Paulo;SP;Região Sudeste;Brasil;América do Sul
222;Claro Brasil;Executivo de Contas ME;São Paulo, SP;12/08 07:00;https://www.linkedin.com/jobs/view/4453097473/;https://media.licdn.com/dms/image/v2/C4D0BAQH2gEZpU9Oy5Q/company-logo_100_100/company-logo_100_100/0/1630559270452/clarobrasil_logo?e=1788393600&v=beta&t=27SNY4_Yhk-OS2HfEWX9LQGk6HnVjO8PhRdqwz8jL2s;-;https://www.linkedin.com/company/claro-brasil/about/;Software e Serviços de TI;sales OR account OR customer success manager OR client success OR developer relations OR technical writer;claro brasil;1;;https://www.linkedin.com/jobs/view/4453097473/;https://www.linkedin.com/jobs/view/4453097473/;On-site;Executivo de Contas;12/08/2026;São Paulo;São Paulo;SP;Região Sudeste;Brasil;América do Sul
223;Clínica Dra. Elodia Ávila;Closer;São Paulo, SP;12/08 14:00;https://www.linkedin.com/jobs/view/4450170581/;https://media.licdn.com/dms/image/v2/D4E0BAQGkG8Q5jBkbsA/company-logo_100_100/company-logo_100_100/0/1724178198870?e=1788393600&v=beta&t=RTjeFG_Q7e55YAdexh2j_dKIDDXAKbuHSRHzIGPgYB8;-;https://www.linkedin.com/company/cl-nica-dra-elodia-vila/about/;Saúde e Hospitais;sales OR account OR customer success manager OR client success OR developer relations OR technical writer;clínica dra. elodia ávila;1;;https://www.linkedin.com/jobs/view/4450170581/;https://www.linkedin.com/jobs/view/4450170581/;On-site;-;12/08/2026;São Paulo;São Paulo;SP;Região Sudeste;Brasil;América do Sul
224;Clínicas Inteligentes;Líder de CRC;Belém, PA;12/08 00:00;https://www.linkedin.com/jobs/view/4452324698/;https://media.licdn.com/dms/image/v2/C4E0BAQELS3QvPQAEqQ/company-logo_100_100/company-logo_100_100/0/1630612102994/clinicas_inteligentes_logo?e=1788393600&v=beta&t=npgBVvKE2ZG-lKlxzLJNRXuOWXP_xMaxnNwlvkTpij8;-;https://www.linkedin.com/company/cl-nicas-inteligentes/about/;Hardware e Eletrônicos;sales OR account OR customer success manager OR client success OR developer relations OR technical writer;clínicas inteligentes;1;;https://www.linkedin.com/jobs/view/4452324698/;https://www.linkedin.com/jobs/view/4452324698/;On-site;Mid, Liderança/Gerência, Coach;12/08/2026;Belém;Pará;PA;Região Norte;Brasil;América do Sul
225;Clínicas Inteligentes;Assistente de Relacionamento ao Cliente;Brasil;12/08 00:00;https://www.linkedin.com/jobs/view/4452312920/;https://media.licdn.com/dms/image/v2/C4E0BAQELS3QvPQAEqQ/company-logo_100_100/company-logo_100_100/0/1630612102994/clinicas_inteligentes_logo?e=1788393600&v=beta&t=npgBVvKE2ZG-lKlxzLJNRXuOWXP_xMaxnNwlvkTpij8;-;https://www.linkedin.com/company/cl-nicas-inteligentes/about/;Hardware e Eletrônicos;sales OR account OR customer success manager OR client success OR developer relations OR technical writer;clínicas inteligentes;1;;https://www.linkedin.com/jobs/view/4452312920/;https://www.linkedin.com/jobs/view/4452312920/;On-site;Associate;12/08/2026;;;;;Brasil;América do Sul
226;Clínicas Inteligentes;Assistente de Relacionamento ao Cliente - LEAD;Florianópolis, SC;12/08 00:00;https://www.linkedin.com/jobs/view/4452305495/;https://media.licdn.com/dms/image/v2/C4E0BAQELS3QvPQAEqQ/company-logo_100_100/company-logo_100_100/0/1630612102994/clinicas_inteligentes_logo?e=1788393600&v=beta&t=npgBVvKE2ZG-lKlxzLJNRXuOWXP_xMaxnNwlvkTpij8;Middle > Manager;https://www.linkedin.com/company/cl-nicas-inteligentes/about/;Hardware e Eletrônicos;sales OR account OR customer success manager OR client success OR developer relations OR technical writer;clínicas inteligentes;1;;https://www.linkedin.com/jobs/view/4452305495/;https://www.linkedin.com/jobs/view/4452305495/;On-site;Mid, Associate, Liderança/Gerência;12/08/2026;;Santa Catarina;SC;Região Sul;Brasil;América do Sul
227;Clínicas Inteligentes;Assistente de relacionamento ao cliente - lead;Florianópolis, SC;12/08 00:00;https://www.linkedin.com/jobs/view/4452325479/;https://media.licdn.com/dms/image/v2/C4E0BAQELS3QvPQAEqQ/company-logo_100_100/company-logo_100_100/0/1630612102994/clinicas_inteligentes_logo?e=1788393600&v=beta&t=npgBVvKE2ZG-lKlxzLJNRXuOWXP_xMaxnNwlvkTpij8;Middle > Manager;https://www.linkedin.com/company/cl-nicas-inteligentes/about/;Hardware e Eletrônicos;sales OR account OR customer success manager OR client success OR developer relations OR technical writer;clínicas inteligentes;1;;https://www.linkedin.com/jobs/view/4452325479/;https://www.linkedin.com/jobs/view/4452325479/;On-site;Mid, Associate, Liderança/Gerência;12/08/2026;;Santa Catarina;SC;Região Sul;Brasil;América do Sul
228;Clínicas Inteligentes;Assistente de relacionamento comercial;Goiânia, GO;12/08 00:00;https://www.linkedin.com/jobs/view/4452317701/;https://media.licdn.com/dms/image/v2/C4E0BAQELS3QvPQAEqQ/company-logo_100_100/company-logo_100_100/0/1630612102994/clinicas_inteligentes_logo?e=1788393600&v=beta&t=npgBVvKE2ZG-lKlxzLJNRXuOWXP_xMaxnNwlvkTpij8;-;https://www.linkedin.com/company/cl-nicas-inteligentes/about/;Hardware e Eletrônicos;sales OR account OR customer success manager OR client success OR developer relations OR technical writer;clínicas inteligentes;1;;https://www.linkedin.com/jobs/view/4452317701/;https://www.linkedin.com/jobs/view/4452317701/;On-site;Associate, Vendas / Comercial;12/08/2026;Goiânia;Goiás;GO;Região Centro-Oeste;Brasil;América do Sul
229;Clínicas Inteligentes;Consultor comercial;Goiânia, GO;12/08 00:00;https://www.linkedin.com/jobs/view/4452308975/;https://media.licdn.com/dms/image/v2/C4E0BAQELS3QvPQAEqQ/company-logo_100_100/company-logo_100_100/0/1630612102994/clinicas_inteligentes_logo?e=1788393600&v=beta&t=npgBVvKE2ZG-lKlxzLJNRXuOWXP_xMaxnNwlvkTpij8;Advanced > Specialist;https://www.linkedin.com/company/cl-nicas-inteligentes/about/;Hardware e Eletrônicos;sales OR account OR customer success manager OR client success OR developer relations OR technical writer;clínicas inteligentes;1;;https://www.linkedin.com/jobs/view/4452308975/;https://www.linkedin.com/jobs/view/4452308975/;On-site;Consultor, Vendas / Comercial;12/08/2026;Goiânia;Goiás;GO;Região Centro-Oeste;Brasil;América do Sul
230;Clínicas Inteligentes;Assistente de Relacionamento ao cliente CRC;Grande São Paulo (SP) ;12/08 00:00;https://www.linkedin.com/jobs/view/4452323954/;https://media.licdn.com/dms/image/v2/C4E0BAQELS3QvPQAEqQ/company-logo_100_100/company-logo_100_100/0/1630612102994/clinicas_inteligentes_logo?e=1788393600&v=beta&t=npgBVvKE2ZG-lKlxzLJNRXuOWXP_xMaxnNwlvkTpij8;-;https://www.linkedin.com/company/cl-nicas-inteligentes/about/;Hardware e Eletrônicos;sales OR account OR customer success manager OR client success OR developer relations OR technical writer;clínicas inteligentes;1;;https://www.linkedin.com/jobs/view/4452323954/;https://www.linkedin.com/jobs/view/4452323954/;On-site;Associate;12/08/2026;;São Paulo;SP;Região Sudeste;Brasil;América do Sul
231;Clínicas Inteligentes;Assistente de relacionamento ao cliente CRC;Grande São Paulo (SP) ;12/08 00:00;https://www.linkedin.com/jobs/view/4452329073/;https://media.licdn.com/dms/image/v2/C4E0BAQELS3QvPQAEqQ/company-logo_100_100/company-logo_100_100/0/1630612102994/clinicas_inteligentes_logo?e=1788393600&v=beta&t=npgBVvKE2ZG-lKlxzLJNRXuOWXP_xMaxnNwlvkTpij8;-;https://www.linkedin.com/company/cl-nicas-inteligentes/about/;Hardware e Eletrônicos;sales OR account OR customer success manager OR client success OR developer relations OR technical writer;clínicas inteligentes;1;;https://www.linkedin.com/jobs/view/4452329073/;https://www.linkedin.com/jobs/view/4452329073/;On-site;Associate;12/08/2026;;São Paulo;SP;Região Sudeste;Brasil;América do Sul
232;Clínicas Inteligentes;Assistente de relacionamento CRC;Joinville, SC;12/08 00:00;https://www.linkedin.com/jobs/view/4452306919/;https://media.licdn.com/dms/image/v2/C4E0BAQELS3QvPQAEqQ/company-logo_100_100/company-logo_100_100/0/1630612102994/clinicas_inteligentes_logo?e=1788393600&v=beta&t=npgBVvKE2ZG-lKlxzLJNRXuOWXP_xMaxnNwlvkTpij8;-;https://www.linkedin.com/company/cl-nicas-inteligentes/about/;Hardware e Eletrônicos;sales OR account OR customer success manager OR client success OR developer relations OR technical writer;clínicas inteligentes;1;;https://www.linkedin.com/jobs/view/4452306919/;https://www.linkedin.com/jobs/view/4452306919/;On-site;Associate;12/08/2026;Joinville;Santa Catarina;SC;Região Sul;Brasil;América do Sul
233;CognitivaHub;Representante comercial de vendas;Indaiatuba, SP;12/08 14:00;https://www.linkedin.com/jobs/view/4399760836/;https://media.licdn.com/dms/image/v2/D4D0BAQHY4l3qvhkeAw/company-logo_100_100/B4DZ3Ug45_JsAQ-/0/1777386886006/cognitivahub_logo?e=1788393600&v=beta&t=EYlDPSNuKlLBDoyUJQyC_I_9p-_ZHj3kX7cH7RcPHnE;-;https://www.linkedin.com/company/cognitivahub/about/;Software e Serviços de TI;sales OR account OR customer success manager OR client success OR developer relations OR technical writer;cognitivahub;1;;https://www.linkedin.com/jobs/view/4399760836/;https://www.linkedin.com/jobs/view/4399760836/;On-site;Vendas / Comercial;12/08/2026;Indaiatuba;São Paulo;SP;Região Sudeste;Brasil;América do Sul
234;Comercial Ivaiporã;Vendedor;Brasil;12/08 00:00;https://www.linkedin.com/jobs/view/4452309877/;https://media.licdn.com/dms/image/v2/C4D0BAQH8eeh9v7wG5g/company-logo_100_100/company-logo_100_100/0/1631366258226/comercial_ivaipora_logo?e=1788393600&v=beta&t=jKU_80FsprjIAsPsGVvsA3xPEw6k2iG7ONEieFGqlxg;-;https://www.linkedin.com/company/comercial-ivaipor/about/;Vendas e Suporte;sales OR account OR customer success manager OR client success OR developer relations OR technical writer;comercial ivaiporã;1;;https://www.linkedin.com/jobs/view/4452309877/;https://www.linkedin.com/jobs/view/4452309877/;On-site;Vendas / Comercial;12/08/2026;;;;;Brasil;América do Sul
235;Comercial Ivaiporã;Vendedor;Brasil;12/08 00:00;https://www.linkedin.com/jobs/view/4452327603/;https://media.licdn.com/dms/image/v2/C4D0BAQH8eeh9v7wG5g/company-logo_100_100/company-logo_100_100/0/1631366258226/comercial_ivaipora_logo?e=1788393600&v=beta&t=jKU_80FsprjIAsPsGVvsA3xPEw6k2iG7ONEieFGqlxg;-;https://www.linkedin.com/company/comercial-ivaipor/about/;Vendas e Suporte;sales OR account OR customer success manager OR client success OR developer relations OR technical writer;comercial ivaiporã;1;;https://www.linkedin.com/jobs/view/4452327603/;https://www.linkedin.com/jobs/view/4452327603/;On-site;Vendas / Comercial;12/08/2026;;;;;Brasil;América do Sul
236;Comercial Ivaiporã;Vendedor;Manoel Ribas, PR;12/08 00:00;https://www.linkedin.com/jobs/view/4452320725/;https://media.licdn.com/dms/image/v2/C4D0BAQH8eeh9v7wG5g/company-logo_100_100/company-logo_100_100/0/1631366258226/comercial_ivaipora_logo?e=1788393600&v=beta&t=jKU_80FsprjIAsPsGVvsA3xPEw6k2iG7ONEieFGqlxg;-;https://www.linkedin.com/company/comercial-ivaipor/about/;Vendas e Suporte;sales OR account OR customer success manager OR client success OR developer relations OR technical writer;comercial ivaiporã;1;;https://www.linkedin.com/jobs/view/4452320725/;https://www.linkedin.com/jobs/view/4452320725/;On-site;Vendas / Comercial;12/08/2026;Manoel Ribas;Paraná;PR;Região Sul;Brasil;América do Sul
237;Companhia Industrial Cataguases;Assistente Comercial - São Paulo;Grande São Paulo (SP) ;12/08 00:00;https://www.linkedin.com/jobs/view/4452311956/;https://media.licdn.com/dms/image/v2/D4D0BAQGtrZSbZaC8KQ/company-logo_100_100/B4DZuZXyALJkAQ-/0/1767804707483/cataguases_logo?e=1788393600&v=beta&t=hdbdBo8c44gjHCSnzHKi1lNFNyygzhLM-DraJVrkEy0;-;https://www.linkedin.com/company/companhia-industrial-cataguases/about/;Manufatura e Produção;sales OR account OR customer success manager OR client success OR developer relations OR technical writer;companhia industrial cataguases;1;;https://www.linkedin.com/jobs/view/4452311956/;https://www.linkedin.com/jobs/view/4452311956/;On-site;Associate, Vendas / Comercial;12/08/2026;;São Paulo;SP;Região Sudeste;Brasil;América do Sul
238;Concentrix;Specialist, Renewals Sales - Bilingual;São Paulo, SP;12/08 20:00;https://www.linkedin.com/jobs/view/4450177916/;https://media.licdn.com/dms/image/v2/D4D0BAQE7MK0289c3WQ/company-logo_100_100/B4DZ48c1XBJUAI-/0/1779130652451/concentrix_logo?e=1788393600&v=beta&t=Qp835tMEBoCyT36EtJSkOLrT8dgqeT9Wug1hZHdkrFY;Advanced > Specialist;https://www.linkedin.com/company/concentrix/about/;Vendas e Suporte;sales OR account OR customer success manager OR client success OR developer relations OR technical writer;concentrix;1;;https://www.linkedin.com/jobs/view/4450177916/;https://www.linkedin.com/jobs/view/4450177916/;On-site;Inglês Fluente/Avançado, Specialist, Vendas / Comercial;12/08/2026;São Paulo;São Paulo;SP;Região Sudeste;Brasil;América do Sul
239;Concept Desenvolvimento Empresarial;SDR;Brasil;12/08 00:00;https://www.linkedin.com/jobs/view/4452320748/;https://media.licdn.com/dms/image/v2/C4D0BAQEo1fm7925F1A/company-logo_100_100/company-logo_100_100/0/1658865817625/conceptdesenvolvimento_logo?e=1788393600&v=beta&t=71NkEWpMI7Cn8sL8t4-hRglvccUg8SpctnVc2pPqgbc;-;https://www.linkedin.com/company/concept-desenvolvimento-empresarial/about/;Software e Serviços de TI;sales OR account OR customer success manager OR client success OR developer relations OR technical writer;concept desenvolvimento empresarial;1;;https://www.linkedin.com/jobs/view/4452320748/;https://www.linkedin.com/jobs/view/4452320748/;On-site;Vendas / Comercial;12/08/2026;;;;;Brasil;América do Sul
240;Concept Desenvolvimento Empresarial;Vendedor Interno;Brasil;12/08 00:00;https://www.linkedin.com/jobs/view/4452327579/;https://media.licdn.com/dms/image/v2/C4D0BAQEo1fm7925F1A/company-logo_100_100/company-logo_100_100/0/1658865817625/conceptdesenvolvimento_logo?e=1788393600&v=beta&t=71NkEWpMI7Cn8sL8t4-hRglvccUg8SpctnVc2pPqgbc;-;https://www.linkedin.com/company/concept-desenvolvimento-empresarial/about/;Software e Serviços de TI;sales OR account OR customer success manager OR client success OR developer relations OR technical writer;concept desenvolvimento empresarial;1;;https://www.linkedin.com/jobs/view/4452327579/;https://www.linkedin.com/jobs/view/4452327579/;On-site;Intern, Vendas / Comercial;12/08/2026;;;;;Brasil;América do Sul
241;Concept Desenvolvimento Empresarial;Analista Comercial;Grande Ribeirão Preto;12/08 00:00;https://www.linkedin.com/jobs/view/4452315947/;https://media.licdn.com/dms/image/v2/C4D0BAQEo1fm7925F1A/company-logo_100_100/company-logo_100_100/0/1658865817625/conceptdesenvolvimento_logo?e=1788393600&v=beta&t=71NkEWpMI7Cn8sL8t4-hRglvccUg8SpctnVc2pPqgbc;Advanced > Specialist;https://www.linkedin.com/company/concept-desenvolvimento-empresarial/about/;Software e Serviços de TI;sales OR account OR customer success manager OR client success OR developer relations OR technical writer;concept desenvolvimento empresarial;1;;https://www.linkedin.com/jobs/view/4452315947/;https://www.linkedin.com/jobs/view/4452315947/;On-site;Associate, Vendas / Comercial;12/08/2026;;São Paulo;SP;Região Sudeste;Brasil;América do Sul
242;Concept Desenvolvimento Empresarial;Vendedor Soluções Agrícolas;Grande Ribeirão Preto;12/08 00:00;https://www.linkedin.com/jobs/view/4452326923/;https://media.licdn.com/dms/image/v2/C4D0BAQEo1fm7925F1A/company-logo_100_100/company-logo_100_100/0/1658865817625/conceptdesenvolvimento_logo?e=1788393600&v=beta&t=71NkEWpMI7Cn8sL8t4-hRglvccUg8SpctnVc2pPqgbc;-;https://www.linkedin.com/company/concept-desenvolvimento-empresarial/about/;Software e Serviços de TI;sales OR account OR customer success manager OR client success OR developer relations OR technical writer;concept desenvolvimento empresarial;1;;https://www.linkedin.com/jobs/view/4452326923/;https://www.linkedin.com/jobs/view/4452326923/;On-site;Vendas / Comercial;12/08/2026;;São Paulo;SP;Região Sudeste;Brasil;América do Sul
243;Conecta Ads;Analista de Retenção;Blumenau, SC;11/08 22:00;https://www.linkedin.com/jobs/view/4451962980/;https://media.licdn.com/dms/image/v2/D4D0BAQGgfl0rrrpLFg/company-logo_100_100/company-logo_100_100/0/1721053932272/conectaadsoficial_logo?e=1788393600&v=beta&t=jkNw6qIxTbOqHtQMGgoiHMNcPF0Dpj4htgzV4FRb7Dg;Advanced > Specialist;https://www.linkedin.com/company/conecta-ads/about/;-;sales OR account OR customer success manager OR client success OR developer relations OR technical writer;conecta ads;1;;https://www.linkedin.com/jobs/view/4451962980/;https://www.linkedin.com/jobs/view/4451962980/;On-site;Associate;12/08/2026;Blumenau;Santa Catarina;SC;Região Sul;Brasil;América do Sul
244;Conecta Recursos Humanos Ltda;Encarregado Comercial;Brasil;12/08 00:00;https://www.linkedin.com/jobs/view/4452315954/;https://media.licdn.com/dms/image/v2/D4D0BAQFtfviF43W9qQ/company-logo_100_100/B4DZoIDghwJAAQ-/0/1761071729687?e=1788393600&v=beta&t=MxZUKrT1DGW2f374ugtepvkLmFpMFF6Tjzl-F2Lwtqg;-;https://www.linkedin.com/company/conecta-recursos-humanos-ltda/about/;Recursos Humanos;sales OR account OR customer success manager OR client success OR developer relations OR technical writer;conecta recursos humanos ltda;1;;https://www.linkedin.com/jobs/view/4452315954/;https://www.linkedin.com/jobs/view/4452315954/;On-site;Vendas / Comercial;12/08/2026;;;;;Brasil;América do Sul
245;Confiar Imóveis;Representante de desenvolvimento de vendas;Joinville, SC;12/08 16:00;https://www.linkedin.com/jobs/view/4450157941/;https://media.licdn.com/dms/image/v2/D4D0BAQF9fYtpwnAoSw/company-logo_100_100/company-logo_100_100/0/1736435592841/confiar_imveis_logo?e=1788393600&v=beta&t=P10fIdkdY8wBFiYloo-MTa8kc2cHEbbf3c7nepxXGfM;-;https://www.linkedin.com/company/confiar-im-veis/about/;Mercado Imobiliário;sales OR account OR customer success manager OR client success OR developer relations OR technical writer;confiar imóveis;1;;https://www.linkedin.com/jobs/view/4450157941/;https://www.linkedin.com/jobs/view/4450157941/;On-site;Vendas / Comercial;12/08/2026;Joinville;Santa Catarina;SC;Região Sul;Brasil;América do Sul
246;Confidential;Representante técnico de vendas;RJ;12/08 16:00;https://www.linkedin.com/jobs/view/4453327580/;https://media.licdn.com/dms/image/v2/D4D0BAQFb6ggMb4SUqw/img-crop_100/B4DZnZQvOoG8AM-/0/1760286672481?e=1788393600&v=beta&t=nJTVjn6okjEmS-Y5SRfYPk4ceDRuuAQt7XAmQiQrfdI;-;https://www.linkedin.com/company/confidential/about/;Software e Serviços de TI;sales OR account OR customer success manager OR client success OR developer relations OR technical writer;confidential;1;;https://www.linkedin.com/jobs/view/4453327580/;https://www.linkedin.com/jobs/view/4453327580/;Hybrid;Vendas / Comercial;12/08/2026;;Rio de Janeiro;RJ;Região Sudeste;Brasil;América do Sul
247;Conscer Carreiras;Closer;Campinas, SP;12/08 09:00;https://www.linkedin.com/jobs/view/4452392445/;https://media.licdn.com/dms/image/v2/D4D0BAQEqOKWO1NAg5Q/company-logo_100_100/B4DZT_FoOuHIAQ-/0/1739446453583/conscercarreiras_logo?e=1788393600&v=beta&t=Ng8yuoH3bPkwhnbkI2yQQy3SNQMcmMH9BK6Yw-TcQhk;-;https://www.linkedin.com/company/conscer-carreiras/about/;-;sales OR account OR customer success manager OR client success OR developer relations OR technical writer;conscer carreiras;1;;https://www.linkedin.com/jobs/view/4452392445/;https://www.linkedin.com/jobs/view/4452392445/;On-site;-;12/08/2026;;São Paulo;SP;Região Sudeste;Brasil;América do Sul
248;Conscer Carreiras;Executivo de Vendas | Closer;Campinas, SP;12/08 09:00;https://www.linkedin.com/jobs/view/4452387478/;https://media.licdn.com/dms/image/v2/D4D0BAQEqOKWO1NAg5Q/company-logo_100_100/B4DZT_FoOuHIAQ-/0/1739446453583/conscercarreiras_logo?e=1788393600&v=beta&t=Ng8yuoH3bPkwhnbkI2yQQy3SNQMcmMH9BK6Yw-TcQhk;-;https://www.linkedin.com/company/conscer-carreiras/about/;Software e Serviços de TI;sales OR account OR customer success manager OR client success OR developer relations OR technical writer;conscer carreiras;1;;https://www.linkedin.com/jobs/view/4452387478/;https://www.linkedin.com/jobs/view/4452387478/;On-site;Vendas / Comercial;12/08/2026;;São Paulo;SP;Região Sudeste;Brasil;América do Sul
249;Conscer Carreiras;Inside Sales;Campinas, SP;12/08 09:00;https://www.linkedin.com/jobs/view/4452392444/;https://media.licdn.com/dms/image/v2/D4D0BAQEqOKWO1NAg5Q/company-logo_100_100/B4DZT_FoOuHIAQ-/0/1739446453583/conscercarreiras_logo?e=1788393600&v=beta&t=Ng8yuoH3bPkwhnbkI2yQQy3SNQMcmMH9BK6Yw-TcQhk;-;https://www.linkedin.com/company/conscer-carreiras/about/;Vendas e Suporte;sales OR account OR customer success manager OR client success OR developer relations OR technical writer;conscer carreiras;1;;https://www.linkedin.com/jobs/view/4452392444/;https://www.linkedin.com/jobs/view/4452392444/;On-site;Vendas / Comercial;12/08/2026;;São Paulo;SP;Região Sudeste;Brasil;América do Sul
250;Conscer Carreiras;Vendedor Interno;Campinas, SP;12/08 09:00;https://www.linkedin.com/jobs/view/4452398408/;https://media.licdn.com/dms/image/v2/D4D0BAQEqOKWO1NAg5Q/company-logo_100_100/B4DZT_FoOuHIAQ-/0/1739446453583/conscercarreiras_logo?e=1788393600&v=beta&t=Ng8yuoH3bPkwhnbkI2yQQy3SNQMcmMH9BK6Yw-TcQhk;-;https://www.linkedin.com/company/conscer-carreiras/about/;-;sales OR account OR customer success manager OR client success OR developer relations OR technical writer;conscer carreiras;1;;https://www.linkedin.com/jobs/view/4452398408/;https://www.linkedin.com/jobs/view/4452398408/;On-site;Intern, Vendas / Comercial;12/08/2026;;São Paulo;SP;Região Sudeste;Brasil;América do Sul
251;Conscer Carreiras;Assistente Comercial Prospecção (SDR);São Paulo, SP;11/08 22:00;https://www.linkedin.com/jobs/view/4453022819/;https://media.licdn.com/dms/image/v2/D4D0BAQEqOKWO1NAg5Q/company-logo_100_100/B4DZT_FoOuHIAQ-/0/1739446453583/conscercarreiras_logo?e=1788393600&v=beta&t=Ng8yuoH3bPkwhnbkI2yQQy3SNQMcmMH9BK6Yw-TcQhk;-;https://www.linkedin.com/company/conscer-carreiras/about/;Vendas e Suporte;sales OR account OR customer success manager OR client success OR developer relations OR technical writer;conscer carreiras;1;;https://www.linkedin.com/jobs/view/4453022819/;https://www.linkedin.com/jobs/view/4453022819/;On-site;Associate, Vendas / Comercial;12/08/2026;São Paulo;São Paulo;SP;Região Sudeste;Brasil;América do Sul
252;Conscer Carreiras;Assistente Comercial | SDR;São Paulo, SP;12/08 09:00;https://www.linkedin.com/jobs/view/4452391420/;https://media.licdn.com/dms/image/v2/D4D0BAQEqOKWO1NAg5Q/company-logo_100_100/B4DZT_FoOuHIAQ-/0/1739446453583/conscercarreiras_logo?e=1788393600&v=beta&t=Ng8yuoH3bPkwhnbkI2yQQy3SNQMcmMH9BK6Yw-TcQhk;-;https://www.linkedin.com/company/conscer-carreiras/about/;Vendas e Suporte;sales OR account OR customer success manager OR client success OR developer relations OR technical writer;conscer carreiras;1;;https://www.linkedin.com/jobs/view/4452391420/;https://www.linkedin.com/jobs/view/4452391420/;On-site;Associate, Vendas / Comercial;12/08/2026;São Paulo;São Paulo;SP;Região Sudeste;Brasil;América do Sul
253;Conscer Carreiras;Inside Sales;São Paulo, SP;11/08 22:00;https://www.linkedin.com/jobs/view/4453022820/;https://media.licdn.com/dms/image/v2/D4D0BAQEqOKWO1NAg5Q/company-logo_100_100/B4DZT_FoOuHIAQ-/0/1739446453583/conscercarreiras_logo?e=1788393600&v=beta&t=Ng8yuoH3bPkwhnbkI2yQQy3SNQMcmMH9BK6Yw-TcQhk;-;https://www.linkedin.com/company/conscer-carreiras/about/;Vendas e Suporte;sales OR account OR customer success manager OR client success OR developer relations OR technical writer;conscer carreiras;1;;https://www.linkedin.com/jobs/view/4453022820/;https://www.linkedin.com/jobs/view/4453022820/;On-site;Vendas / Comercial;12/08/2026;São Paulo;São Paulo;SP;Região Sudeste;Brasil;América do Sul
254;Conscer Carreiras;SDR Sales Development Representative;São Paulo, SP;11/08 22:00;https://www.linkedin.com/jobs/view/4453016928/;https://media.licdn.com/dms/image/v2/D4D0BAQEqOKWO1NAg5Q/company-logo_100_100/B4DZT_FoOuHIAQ-/0/1739446453583/conscercarreiras_logo?e=1788393600&v=beta&t=Ng8yuoH3bPkwhnbkI2yQQy3SNQMcmMH9BK6Yw-TcQhk;-;https://www.linkedin.com/company/conscer-carreiras/about/;Software e Serviços de TI;sales OR account OR customer success manager OR client success OR developer relations OR technical writer;conscer carreiras;1;;https://www.linkedin.com/jobs/view/4453016928/;https://www.linkedin.com/jobs/view/4453016928/;On-site;Vendas / Comercial;12/08/2026;São Paulo;São Paulo;SP;Região Sudeste;Brasil;América do Sul
255;Consigaz;Consultor de Expansão de Negócios;Senador Canedo, GO;12/08 09:00;https://www.linkedin.com/jobs/view/4453099557/;https://media.licdn.com/dms/image/v2/D4E0BAQH2842iadkT6w/company-logo_100_100/company-logo_100_100/0/1730488053298/consigaz_logo?e=1788393600&v=beta&t=ktQ-j1l1JxcCoeWSt81Z4EgMnNfw-ZG4znhznyIR49U;Advanced > Specialist;https://www.linkedin.com/company/consigaz/about/;-;sales OR account OR customer success manager OR client success OR developer relations OR technical writer;consigaz;1;;https://www.linkedin.com/jobs/view/4453099557/;https://www.linkedin.com/jobs/view/4453099557/;On-site;Consultor;12/08/2026;Senador Canedo;Goiás;GO;Região Centro-Oeste;Brasil;América do Sul
256;Construrohr;Assistente de Pré-Vendas - SDR;Tupandi, RS;12/08 00:00;https://www.linkedin.com/jobs/view/4452308863/;https://media.licdn.com/dms/image/v2/D4D0BAQGUHGWfQeQxyw/company-logo_100_100/company-logo_100_100/0/1725997724377/construrohr_logo?e=1788393600&v=beta&t=ym1qoUBVpw5Ibj5dX-aHGeAnMWMjCPjZJi-lLDNo8fM;-;https://www.linkedin.com/company/construrohr/about/;Recursos Humanos;sales OR account OR customer success manager OR client success OR developer relations OR technical writer;construrohr;1;;https://www.linkedin.com/jobs/view/4452308863/;https://www.linkedin.com/jobs/view/4452308863/;On-site;Associate, Vendas / Comercial;12/08/2026;Tupandi;Rio Grande do Sul;RS;Região Sul;Brasil;América do Sul
257;Construrohr;Consultor de Vendas - Interno;Tupandi, RS;12/08 00:00;https://www.linkedin.com/jobs/view/4452314882/;https://media.licdn.com/dms/image/v2/D4D0BAQGUHGWfQeQxyw/company-logo_100_100/company-logo_100_100/0/1725997724377/construrohr_logo?e=1788393600&v=beta&t=ym1qoUBVpw5Ibj5dX-aHGeAnMWMjCPjZJi-lLDNo8fM;Advanced > Specialist;https://www.linkedin.com/company/construrohr/about/;Recursos Humanos;sales OR account OR customer success manager OR client success OR developer relations OR technical writer;construrohr;1;;https://www.linkedin.com/jobs/view/4452314882/;https://www.linkedin.com/jobs/view/4452314882/;On-site;Intern, Consultor, Vendas / Comercial;12/08/2026;Tupandi;Rio Grande do Sul;RS;Região Sul;Brasil;América do Sul
258;Consultores;Gerente de Pneus;Recife, PE;12/08 00:00;https://www.linkedin.com/jobs/view/4452327898/;https://media.licdn.com/dms/image/v2/C4E0BAQHOdTxQwBt4uA/company-logo_100_100/company-logo_100_100/0/1630632384538/tidperu_logo?e=1788393600&v=beta&t=gFHm8_lYOKp6G6rHWjacTwlTSI_xU4nVKUDWPAa-wZA;Middle > Manager;https://www.linkedin.com/company/consultores/about/;-;sales OR account OR customer success manager OR client success OR developer relations OR technical writer;consultores;1;;https://www.linkedin.com/jobs/view/4452327898/;https://www.linkedin.com/jobs/view/4452327898/;On-site;Mid, Liderança/Gerência;12/08/2026;Recife;Pernambuco;PE;Região Nordeste;Brasil;América do Sul
259;Consultoria Karla Santos;Vendedor;Curitiba, PR;12/08 20:00;https://www.linkedin.com/jobs/view/4453614016/;missing logo;-;https://www.linkedin.com/company/consultoria-karla-santos/about/;Consultoria e Assessoria;sales OR account OR customer success manager OR client success OR developer relations OR technical writer;consultoria karla santos;1;;https://www.linkedin.com/jobs/view/4453614016/;https://www.linkedin.com/jobs/view/4453614016/;On-site;Vendas / Comercial;12/08/2026;;Paraná;PR;Região Sul;Brasil;América do Sul
260;Consórcio Embracon;Executivo de vendas;Anápolis, GO;12/08 11:00;https://www.linkedin.com/jobs/view/4450148772/;https://media.licdn.com/dms/image/v2/D4D0BAQG0m7iAeZODjQ/company-logo_100_100/B4DZfGEDt1HAAU-/0/1751374642598/consorcioembracon_logo?e=1788393600&v=beta&t=IIDTRfOO8CKygrA_dpeuka5X_9dJVrp84QTZSaheL_s;-;https://www.linkedin.com/company/cons-rcio-embracon/about/;Software e Serviços de TI;sales OR account OR customer success manager OR client success OR developer relations OR technical writer;consórcio embracon;1;;https://www.linkedin.com/jobs/view/4450148772/;https://www.linkedin.com/jobs/view/4450148772/;On-site;Vendas / Comercial;12/08/2026;Anápolis;Goiás;GO;Região Centro-Oeste;Brasil;América do Sul
261;Contato Gestão de Pessoas;Consultor Comercial Externo;Chapecó, SC;12/08 00:00;https://www.linkedin.com/jobs/view/4452315715/;missing logo;Advanced > Specialist;https://www.linkedin.com/company/contato-gest-o-de-pessoas/about/;Vendas e Suporte;sales OR account OR customer success manager OR client success OR developer relations OR technical writer;contato gestão de pessoas;1;;https://www.linkedin.com/jobs/view/4452315715/;https://www.linkedin.com/jobs/view/4452315715/;On-site;Consultor, Vendas / Comercial;12/08/2026;Chapecó;Santa Catarina;SC;Região Sul;Brasil;América do Sul
262;Convertr Commerce;Analista de Customer Success Jr. | Navegantes/SC;Navegantes, SC;12/08 18:00;https://www.linkedin.com/jobs/view/4453378140/;https://media.licdn.com/dms/image/v2/D4D0BAQE_BO4wWuuZ4A/company-logo_100_100/company-logo_100_100/0/1708026990126/convertrcommerce_logo?e=1788393600&v=beta&t=C8jDpqJrWSrs-U8I6nJmqBnwxurzxLJWPzzd3vs_G8M;Specific > Customer Success Manager;https://www.linkedin.com/company/convertr-commerce/about/;-;sales OR account OR customer success manager OR client success OR developer relations OR technical writer;convertr commerce;1;;https://www.linkedin.com/jobs/view/4453378140/;https://www.linkedin.com/jobs/view/4453378140/;On-site;Junior, Associate;12/08/2026;Navegantes;Santa Catarina;SC;Região Sul;Brasil;América do Sul
263;Copa Energia;Consultor Comercial Empresarial II - Hunter (Caxias do Sul/RS);Caxias do Sul, RS;12/08 20:00;https://www.linkedin.com/jobs/view/4450186704/;https://media.licdn.com/dms/image/v2/C4D0BAQFMXlkd1ixP1g/company-logo_100_100/company-logo_100_100/0/1630563230569/copa_energia_logo?e=1788393600&v=beta&t=WzRE6dhjtzNofhBolKdeHEiYBhTEst6IvdmKYQCcBjQ;Advanced > Specialist;https://www.linkedin.com/company/copa-energia/about/;Energia e Combustíveis;sales OR account OR customer success manager OR client success OR developer relations OR technical writer;copa energia;1;;https://www.linkedin.com/jobs/view/4450186704/;https://www.linkedin.com/jobs/view/4450186704/;On-site;Consultor, Vendas / Comercial;12/08/2026;Caxias do Sul;Rio Grande do Sul;RS;Região Sul;Brasil;América do Sul
264;Copa Energia;Consultor Comercial Empresarial II - Hunter (Fortaleza/CE);Fortaleza, CE;12/08 20:00;https://www.linkedin.com/jobs/view/4450187649/;https://media.licdn.com/dms/image/v2/C4D0BAQFMXlkd1ixP1g/company-logo_100_100/company-logo_100_100/0/1630563230569/copa_energia_logo?e=1788393600&v=beta&t=WzRE6dhjtzNofhBolKdeHEiYBhTEst6IvdmKYQCcBjQ;Advanced > Specialist;https://www.linkedin.com/company/copa-energia/about/;Energia e Combustíveis;sales OR account OR customer success manager OR client success OR developer relations OR technical writer;copa energia;1;;https://www.linkedin.com/jobs/view/4450187649/;https://www.linkedin.com/jobs/view/4450187649/;On-site;Consultor, Vendas / Comercial;12/08/2026;Fortaleza;Ceará;CE;Região Nordeste;Brasil;América do Sul
265;Copa Energia;Consultor(a) Comercial Empresarial II Hunter  - Passo Fundo/RS;Passo Fundo, RS;12/08 20:00;https://www.linkedin.com/jobs/view/4450186706/;https://media.licdn.com/dms/image/v2/C4D0BAQFMXlkd1ixP1g/company-logo_100_100/company-logo_100_100/0/1630563230569/copa_energia_logo?e=1788393600&v=beta&t=WzRE6dhjtzNofhBolKdeHEiYBhTEst6IvdmKYQCcBjQ;Advanced > Specialist;https://www.linkedin.com/company/copa-energia/about/;Energia e Combustíveis;sales OR account OR customer success manager OR client success OR developer relations OR technical writer;copa energia;1;;https://www.linkedin.com/jobs/view/4450186706/;https://www.linkedin.com/jobs/view/4450186706/;On-site;Consultor, Vendas / Comercial;12/08/2026;Passo Fundo;Rio Grande do Sul;RS;Região Sul;Brasil;América do Sul
266;Copa Energia;Consultor Comercial Empresarial II - Farmer (Ponta Grossa/PR);Ponta Grossa, PR;12/08 08:00;https://www.linkedin.com/jobs/view/4450134110/;https://media.licdn.com/dms/image/v2/C4D0BAQFMXlkd1ixP1g/company-logo_100_100/company-logo_100_100/0/1630563230569/copa_energia_logo?e=1788393600&v=beta&t=WzRE6dhjtzNofhBolKdeHEiYBhTEst6IvdmKYQCcBjQ;Advanced > Specialist;https://www.linkedin.com/company/copa-energia/about/;Energia e Combustíveis;sales OR account OR customer success manager OR client success OR developer relations OR technical writer;copa energia;1;;https://www.linkedin.com/jobs/view/4450134110/;https://www.linkedin.com/jobs/view/4450134110/;On-site;Consultor, Vendas / Comercial;12/08/2026;Ponta Grossa;Paraná;PR;Região Sul;Brasil;América do Sul
267;Copa Energia;Consultor Comercial Empresarial II - Hunter (Serra-ES);Serra, ES;12/08 20:00;https://www.linkedin.com/jobs/view/4450178938/;https://media.licdn.com/dms/image/v2/C4D0BAQFMXlkd1ixP1g/company-logo_100_100/company-logo_100_100/0/1630563230569/copa_energia_logo?e=1788393600&v=beta&t=WzRE6dhjtzNofhBolKdeHEiYBhTEst6IvdmKYQCcBjQ;Advanced > Specialist;https://www.linkedin.com/company/copa-energia/about/;Energia e Combustíveis;sales OR account OR customer success manager OR client success OR developer relations OR technical writer;copa energia;1;;https://www.linkedin.com/jobs/view/4450178938/;https://www.linkedin.com/jobs/view/4450178938/;On-site;Consultor, Vendas / Comercial;12/08/2026;;Comunitat Valenciana;VC;el Camp de Túria;España;
268;Costa Rica Malhas;Vendedor a;Brusque, SC;12/08 00:00;https://www.linkedin.com/jobs/view/4452311573/;https://media.licdn.com/dms/image/v2/D4D0BAQGYU3YV0IoOWg/company-logo_100_100/company-logo_100_100/0/1709140788851/costa_rica_malhas_logo?e=1788393600&v=beta&t=Rw-xfipDmaq31w2umtPPTaQx19-9O4BMR71YGWUk9qk;-;https://www.linkedin.com/company/costa-rica-malhas/about/;-;sales OR account OR customer success manager OR client success OR developer relations OR technical writer;costa rica malhas;1;;https://www.linkedin.com/jobs/view/4452311573/;https://www.linkedin.com/jobs/view/4452311573/;On-site;Vendas / Comercial;12/08/2026;Brusque;Santa Catarina;SC;Região Sul;Brasil;América do Sul
269;Crescento Consultoria Financeira;Assistente comercial;Juiz de Fora, MG;12/08 10:00;https://www.linkedin.com/jobs/view/4450146550/;https://media.licdn.com/dms/image/v2/D4D0BAQHclfRsNRWevg/company-logo_100_100/company-logo_100_100/0/1738328659899/crescento_consultoria_financeira_logo?e=1788393600&v=beta&t=1mjllN-rqJF34qlCFskAU_bBtCRF97zPvudkL5U_Dic;-;https://www.linkedin.com/company/crescento-consultoria-financeira/about/;Consultoria e Assessoria;sales OR account OR customer success manager OR client success OR developer relations OR technical writer;crescento consultoria financeira;1;;https://www.linkedin.com/jobs/view/4450146550/;https://www.linkedin.com/jobs/view/4450146550/;On-site;Associate, Vendas / Comercial;12/08/2026;Juiz de Fora;Minas Gerais;MG;Região Sudeste;Brasil;América do Sul
270;Cresol Cooperativa;Gerente de Negócios Agro | Cresol Centro Serra (Campos Novos/SC);Campos Novos, SC;12/08 08:00;https://www.linkedin.com/jobs/view/4450134104/;https://media.licdn.com/dms/image/v2/D4D0BAQGu2aUdDcCPeQ/company-logo_100_100/B4DZeonXa6GYAU-/0/1750880581729/cresol_coop_logo?e=1788393600&v=beta&t=JbPLWXyZVCi502iSOizNFCHZcXiKg4iEQjBBxoIKDHU;Middle > Manager;https://www.linkedin.com/company/cresol-cooperativa/about/;Agro;sales OR account OR customer success manager OR client success OR developer relations OR technical writer;cresol cooperativa;1;;https://www.linkedin.com/jobs/view/4450134104/;https://www.linkedin.com/jobs/view/4450134104/;On-site;Mid, Gerente de Negócios, Liderança/Gerência;12/08/2026;Campos Novos;Santa Catarina;SC;Região Sul;Brasil;América do Sul
271;Cresol Cooperativa;Gerente de Negócios PJ | Cresol Centro Serra (Curitibanos SC);Curitibanos, SC;12/08 08:00;https://www.linkedin.com/jobs/view/4450133153/;https://media.licdn.com/dms/image/v2/D4D0BAQGu2aUdDcCPeQ/company-logo_100_100/B4DZeonXa6GYAU-/0/1750880581729/cresol_coop_logo?e=1788393600&v=beta&t=JbPLWXyZVCi502iSOizNFCHZcXiKg4iEQjBBxoIKDHU;Middle > Manager;https://www.linkedin.com/company/cresol-cooperativa/about/;Software e Serviços de TI;sales OR account OR customer success manager OR client success OR developer relations OR technical writer;cresol cooperativa;1;;https://www.linkedin.com/jobs/view/4450133153/;https://www.linkedin.com/jobs/view/4450133153/;On-site;Freelance/PJ, Mid, Gerente de Negócios, Liderança/Gerência;12/08/2026;Curitibanos;Santa Catarina;SC;Região Sul;Brasil;América do Sul
272;Cresol Cooperativa;Gerente de Negócios Agro | Cresol Serra Mar | Agência Grão Pará (SC);Grão-Pará, SC;12/08 14:00;https://www.linkedin.com/jobs/view/4450171353/;https://media.licdn.com/dms/image/v2/D4D0BAQGu2aUdDcCPeQ/company-logo_100_100/B4DZeonXa6GYAU-/0/1750880581729/cresol_coop_logo?e=1788393600&v=beta&t=JbPLWXyZVCi502iSOizNFCHZcXiKg4iEQjBBxoIKDHU;Middle > Manager;https://www.linkedin.com/company/cresol-cooperativa/about/;Agro;sales OR account OR customer success manager OR client success OR developer relations OR technical writer;cresol cooperativa;1;;https://www.linkedin.com/jobs/view/4450171353/;https://www.linkedin.com/jobs/view/4450171353/;On-site;Mid, Gerente de Negócios, Liderança/Gerência;12/08/2026;Grão-Pará;Santa Catarina;SC;Região Sul;Brasil;América do Sul
273;Cresol Cooperativa;Gerente de Negócios PF | Cresol Raiz (Ivoti/RS);Rio Grande, RS;12/08 08:00;https://www.linkedin.com/jobs/view/4450148038/;https://media.licdn.com/dms/image/v2/D4D0BAQGu2aUdDcCPeQ/company-logo_100_100/B4DZeonXa6GYAU-/0/1750880581729/cresol_coop_logo?e=1788393600&v=beta&t=JbPLWXyZVCi502iSOizNFCHZcXiKg4iEQjBBxoIKDHU;Middle > Manager;https://www.linkedin.com/company/cresol-cooperativa/about/;Software e Serviços de TI;sales OR account OR customer success manager OR client success OR developer relations OR technical writer;cresol cooperativa;1;;https://www.linkedin.com/jobs/view/4450148038/;https://www.linkedin.com/jobs/view/4450148038/;On-site;Mid, Gerente de Negócios, Liderança/Gerência;12/08/2026;Rio Grande;Rio Grande do Sul;RS;Região Sul;Brasil;América do Sul
274;Croct;Customer Success Engineer;Brasil;12/08 19:00;https://www.linkedin.com/jobs/view/4450189512/;https://media.licdn.com/dms/image/v2/C4D0BAQGA0xd2mW8KQQ/company-logo_100_100/company-logo_100_100/0/1630483205068/croct_logo?e=1788393600&v=beta&t=9v1aiH-7P3EjrGjCx-ImLLokWVbonERlU_yd1qVAzNE;Specific > Customer Success Manager;https://www.linkedin.com/company/croct/about/;-;sales OR account OR customer success manager OR client success OR developer relations OR technical writer;croct;1;;https://www.linkedin.com/jobs/view/4450189512/;https://www.linkedin.com/jobs/view/4450189512/;Remote;Engenharia Geral;12/08/2026;;;;;Brasil;América do Sul
275;Crossover;Strategic Account Manager, Trilogy (Remote) - $200,000/year USD;Brasil;12/08 00:00;https://www.linkedin.com/jobs/view/4452312343/;https://media.licdn.com/dms/image/v2/C4E0BAQG8bdX5sQ24KQ/company-logo_100_100/company-logo_100_100/0/1630619679689/crossover__logo?e=1788393600&v=beta&t=dg5H8Eph3heEWMvJ2Ayn5LpIQ830t3wIDSkbORGDlnA;Specific > Sales > Account;https://www.linkedin.com/company/crossover/about/;-;sales OR account OR customer success manager OR client success OR developer relations OR technical writer;crossover;1;;https://www.linkedin.com/jobs/view/4452312343/;https://www.linkedin.com/jobs/view/4452312343/;Remote;Liderança/Gerência, Executivo de Contas;12/08/2026;;;;;Brasil;América do Sul
276;Curitiba Prime RH;Inside Sales;Brasil;12/08 00:00;https://www.linkedin.com/jobs/view/4452319971/;https://media.licdn.com/dms/image/v2/D4D0BAQGP-2rlYybG6g/company-logo_100_100/company-logo_100_100/0/1708150872944/rh__curitiba_logo?e=1788393600&v=beta&t=Y3cEqSqJ5uL_TUHRh0Pt4OAHGM7w29gVrgO93ikFXXQ;-;https://www.linkedin.com/company/curitiba-prime-rh/about/;Recursos Humanos;sales OR account OR customer success manager OR client success OR developer relations OR technical writer;curitiba prime rh;1;;https://www.linkedin.com/jobs/view/4452319971/;https://www.linkedin.com/jobs/view/4452319971/;On-site;Vendas / Comercial;12/08/2026;;;;;Brasil;América do Sul
277;D'OESTE TRANSPORTES - OFICIAL;Vendedor / Executivo Comercial (2 Vagas);Nova Odessa, SP;12/08 18:00;https://www.linkedin.com/jobs/view/4441855013/;https://media.licdn.com/dms/image/v2/D4D0BAQHpV1udAxhPBg/company-logo_100_100/company-logo_100_100/0/1714659085250?e=1788393600&v=beta&t=F_htx3UAU09pb0F2eqT42KXnyaIH-ArpxD6w2iCrT3U;-;https://www.linkedin.com/company/d-oeste-transportes-oficial/about/;Energia e Combustíveis;sales OR account OR customer success manager OR client success OR developer relations OR technical writer;d'oeste transportes - oficial;1;;https://www.linkedin.com/jobs/view/4441855013/;https://www.linkedin.com/jobs/view/4441855013/;On-site;Vendas / Comercial;12/08/2026;Nova Odessa;São Paulo;SP;Região Sudeste;Brasil;América do Sul
278;DAF Caminhões Brasil;Analista de Pós-Vendas - Atendimento ao Cliente;Ponta Grossa, PR;12/08 14:00;https://www.linkedin.com/jobs/view/4450162651/;https://media.licdn.com/dms/image/v2/C4D0BAQFwM92VamJomg/company-logo_100_100/company-logo_100_100/0/1631368764133/daf_brasil_logo?e=1788393600&v=beta&t=zIRpZwXmc3LZgFzQxLbCFIezXPq6J69z-Ti1aIwrIWU;Advanced > Specialist;https://www.linkedin.com/company/daf-caminh-es-brasil/about/;Vendas e Suporte;sales OR account OR customer success manager OR client success OR developer relations OR technical writer;daf caminhões brasil;1;;https://www.linkedin.com/jobs/view/4450162651/;https://www.linkedin.com/jobs/view/4450162651/;On-site;Associate, Vendas / Comercial;12/08/2026;Ponta Grossa;Paraná;PR;Região Sul;Brasil;América do Sul
279;DEDE TRANSPORTES LTDA;Analista comercial;Contagem, MG;12/08 16:00;https://www.linkedin.com/jobs/view/4446680853/;https://media.licdn.com/dms/image/v2/C560BAQHvh_NsOVJk0g/company-logo_100_100/company-logo_100_100/0/1645042944650?e=1788393600&v=beta&t=3J4tlvPRbKcOouNI7lHeLB1G_UhrSg8XSsGtKXYEoZQ;Advanced > Specialist;https://www.linkedin.com/company/dede-transportes-ltda/about/;Transporte e Mobilidade;sales OR account OR customer success manager OR client success OR developer relations OR technical writer;dede transportes ltda;1;;https://www.linkedin.com/jobs/view/4446680853/;https://www.linkedin.com/jobs/view/4446680853/;On-site;Associate, Vendas / Comercial;12/08/2026;;Minas Gerais;MG;Região Sudeste;Brasil;América do Sul
280;DMTEC Solar;Assistente de PRÉ-VENDAS (SDR INBOUND) - Sorocaba;Sorocaba, SP;12/08 16:00;https://www.linkedin.com/jobs/view/4450154986/;https://media.licdn.com/dms/image/v2/D4D0BAQEQM4mSwM7DDQ/company-logo_100_100/company-logo_100_100/0/1733427931494/dmtecsolar_logo?e=1788393600&v=beta&t=g-2-37K6nVRi8UuH0BrgFytxFSa9Khd0gGqMk760rhg;-;https://www.linkedin.com/company/dmtec-solar/about/;Energia e Combustíveis;sales OR account OR customer success manager OR client success OR developer relations OR technical writer;dmtec solar;1;;https://www.linkedin.com/jobs/view/4450154986/;https://www.linkedin.com/jobs/view/4450154986/;On-site;Associate, Vendas / Comercial;12/08/2026;Sorocaba;São Paulo;SP;Região Sudeste;Brasil;América do Sul
281;DRV Bombas;Vendedor;Barretos, SP;12/08 11:00;https://www.linkedin.com/jobs/view/4450134947/;https://media.licdn.com/dms/image/v2/D4D0BAQHQ1QBbRilggQ/company-logo_100_100/company-logo_100_100/0/1722961195555/drv_bombas_logo?e=1788393600&v=beta&t=dkH9AGaeJQqWA0NaJjc1E1cdeTxKKQe36XAUxpyRjjI;-;https://www.linkedin.com/company/drv-bombas/about/;-;sales OR account OR customer success manager OR client success OR developer relations OR technical writer;drv bombas;1;;https://www.linkedin.com/jobs/view/4450134947/;https://www.linkedin.com/jobs/view/4450134947/;On-site;Vendas / Comercial;12/08/2026;Barretos;São Paulo;SP;Região Sudeste;Brasil;América do Sul
282;Dedalus;Arquiteto de Soluções de Nuvem Sênior;São Paulo, SP;12/08 08:00;https://www.linkedin.com/jobs/view/4450142074/;https://media.licdn.com/dms/image/v2/C4D0BAQFxMOGuq5ZO1Q/company-logo_100_100/company-logo_100_100/0/1675780145605/dedalus_prime_logo?e=1788393600&v=beta&t=XqCvJXi0v9_2EiW1tRgz4XL1BOV24CPDXnJx22f-oDA;Architecture;https://www.linkedin.com/company/dedalus/about/;Software e Serviços de TI;sales OR account OR customer success manager OR client success OR developer relations OR technical writer;dedalus;1;;https://www.linkedin.com/jobs/view/4450142074/;https://www.linkedin.com/jobs/view/4450142074/;Hybrid;Senior;12/08/2026;São Paulo;São Paulo;SP;Região Sudeste;Brasil;América do Sul
283;Denise Luiza Francisquetti - Gente & Gestão;Consultor de negócios;Caxias do Sul, RS;12/08 10:00;https://www.linkedin.com/jobs/view/4450150451/;https://media.licdn.com/dms/image/v2/D4D0BAQHCyBmCCdsTRw/company-logo_100_100/B4DZpz2d3zGQAQ-/0/1762880249852?e=1788393600&v=beta&t=lHaWly-VEFp-c-inH12xfdyZSobcYnDnHn33Mdl0hMI;Advanced > Specialist;https://www.linkedin.com/company/denise-luiza-francisquetti-gente-gest-o/about/;Software e Serviços de TI;sales OR account OR customer success manager OR client success OR developer relations OR technical writer;denise luiza francisquetti - gente & gestão;1;;https://www.linkedin.com/jobs/view/4450150451/;https://www.linkedin.com/jobs/view/4450150451/;On-site;Consultor;12/08/2026;Caxias do Sul;Rio Grande do Sul;RS;Região Sul;Brasil;América do Sul
284;Divisão Comércio - Grupo Águia Branca;Consultor(a) de Vendas Direta;Vila Velha, ES;12/08 17:00;https://www.linkedin.com/jobs/view/4453365431/;https://media.licdn.com/dms/image/v2/D4E0BAQHwT3S2q1OvKw/company-logo_100_100/B4EZuU3axDLMAQ-/0/1767729114644/diviso_comrcio_logo?e=1788393600&v=beta&t=lsUtvTHHP1y4K5Hz_YXRc-MmDBV7STZOicEdoPqt9SE;Advanced > Specialist;https://www.linkedin.com/company/divis-o-com-rcio-grupo-guia-branca/about/;Varejo e E-commerce;sales OR account OR customer success manager OR client success OR developer relations OR technical writer;divisão comércio - grupo águia branca;1;;https://www.linkedin.com/jobs/view/4453365431/;https://www.linkedin.com/jobs/view/4453365431/;On-site;Consultor, Vendas / Comercial;12/08/2026;Vila Velha;Espírito Santo;ES;Região Sudeste;Brasil;América do Sul
285;Docusign;CS Strategy & Operations Manager;São Paulo, SP;12/08 21:00;https://www.linkedin.com/jobs/view/4453394611/;https://media.licdn.com/dms/image/v2/D560BAQFJh4R0ibULEg/company-logo_100_100/company-logo_100_100/0/1712837162469/docusign_logo?e=1788393600&v=beta&t=eCZqbZh2ubGsDbXLqFRjsRJ4Ou42f_J35lFpI6Z-A0s;Operations > Operations Manager;https://www.linkedin.com/company/docusign/about/;Software e Serviços de TI;sales OR account OR customer success manager OR client success OR developer relations OR technical writer;docusign;1;;https://www.linkedin.com/jobs/view/4453394611/;https://www.linkedin.com/jobs/view/4453394611/;Hybrid;Liderança/Gerência;12/08/2026;São Paulo;São Paulo;SP;Região Sudeste;Brasil;América do Sul
286;Donsrh • Consultoria de RH;Consultor de vendas;Brasil;12/08 00:00;https://www.linkedin.com/jobs/view/4452304891/;https://media.licdn.com/dms/image/v2/D4D0BAQEzJQZw2PhuaA/company-logo_100_100/B4DZ2_oDd7HUAQ-/0/1777036441977/donsrh_logo?e=1788393600&v=beta&t=8HI8653YOdX0kA2XYH88mX5Gffk9RUvM0cfOVQDJC3M;Advanced > Specialist;https://www.linkedin.com/company/donsrh-consultoria-de-rh/about/;Consultoria e Assessoria;sales OR account OR customer success manager OR client success OR developer relations OR technical writer;donsrh • consultoria de rh;1;;https://www.linkedin.com/jobs/view/4452304891/;https://www.linkedin.com/jobs/view/4452304891/;On-site;Consultor, Vendas / Comercial;12/08/2026;;;;;Brasil;América do Sul
287;Donsrh • Consultoria de RH;Engenheiro de vendas;Monte Mor, SP;12/08 00:00;https://www.linkedin.com/jobs/view/4452309805/;https://media.licdn.com/dms/image/v2/D4D0BAQEzJQZw2PhuaA/company-logo_100_100/B4DZ2_oDd7HUAQ-/0/1777036441977/donsrh_logo?e=1788393600&v=beta&t=8HI8653YOdX0kA2XYH88mX5Gffk9RUvM0cfOVQDJC3M;-;https://www.linkedin.com/company/donsrh-consultoria-de-rh/about/;Consultoria e Assessoria;sales OR account OR customer success manager OR client success OR developer relations OR technical writer;donsrh • consultoria de rh;1;;https://www.linkedin.com/jobs/view/4452309805/;https://www.linkedin.com/jobs/view/4452309805/;On-site;Vendas / Comercial;12/08/2026;Monte Mor;São Paulo;SP;Região Sudeste;Brasil;América do Sul
288;DoubleVerify;Implementation Manager;São Paulo, SP;12/08 15:00;https://www.linkedin.com/jobs/view/4453186984/;https://media.licdn.com/dms/image/v2/D4E0BAQEe2-13p2rtnQ/company-logo_100_100/B4EZr.Yv2IKkAQ-/0/1765204491965/doubleverify_inc_logo?e=1788393600&v=beta&t=_35hDfkKUUn5O-NYFfibMPA8ht6dSOwNlz8ILkMcH7E;Middle > Manager;https://www.linkedin.com/company/doubleverify/about/;Software e Serviços de TI;sales OR account OR customer success manager OR client success OR developer relations OR technical writer;doubleverify;1;;https://www.linkedin.com/jobs/view/4453186984/;https://www.linkedin.com/jobs/view/4453186984/;Hybrid;Liderança/Gerência;12/08/2026;São Paulo;São Paulo;SP;Região Sudeste;Brasil;América do Sul
289;Dynamis;Engenheiro(a) de Vendas Técnicas;São Paulo, SP;12/08 18:00;https://www.linkedin.com/jobs/view/4453379058/;https://media.licdn.com/dms/image/v2/D4D0BAQFGt7qAHwLWkw/company-logo_100_100/B4DZXPpq1JHsAQ-/0/1742945562303/dynamis_engenharia_e_comercio_logo?e=1788393600&v=beta&t=BZdm27BJFK1b0CDLdNmWK6GN7Sr7dloWD9fPYiyLHHA;-;https://www.linkedin.com/company/dynamis/about/;Vendas e Suporte;sales OR account OR customer success manager OR client success OR developer relations OR technical writer;dynamis;1;;https://www.linkedin.com/jobs/view/4453379058/;https://www.linkedin.com/jobs/view/4453379058/;On-site;Vendas / Comercial;12/08/2026;São Paulo;São Paulo;SP;Região Sudeste;Brasil;América do Sul
290;E;Vendedora de E-commerce;Brasil;12/08 00:00;https://www.linkedin.com/jobs/view/4452315803/;missing logo;-;https://www.linkedin.com/company/e/about/;-;sales OR account OR customer success manager OR client success OR developer relations OR technical writer;e;1;;https://www.linkedin.com/jobs/view/4452315803/;https://www.linkedin.com/jobs/view/4452315803/;On-site;Vendas / Comercial;12/08/2026;;;;;Brasil;América do Sul
291;ECOGROUP;Executivo de contas;Resende, RJ;12/08 20:00;https://www.linkedin.com/jobs/view/4450197562/;https://media.licdn.com/dms/image/v2/D4D0BAQHFn0yrGwJFTg/company-logo_100_100/company-logo_100_100/0/1686780628388/ecotronic_comrcio_e_manufatura_reversa_logo?e=1788393600&v=beta&t=1NbwZMSF66sBWW1GTU-DH4wliDUu0mPxcPei3XHtFh4;-;https://www.linkedin.com/company/ecogroup/about/;Software e Serviços de TI;sales OR account OR customer success manager OR client success OR developer relations OR technical writer;ecogroup;1;;https://www.linkedin.com/jobs/view/4450197562/;https://www.linkedin.com/jobs/view/4450197562/;On-site;Executivo de Contas;12/08/2026;Resende;Rio de Janeiro;RJ;Região Sudeste;Brasil;América do Sul
292;ELG Soluções Inteligentes;Coordenador de Vendas Internacioais;Joinville, SC;12/08 13:00;https://www.linkedin.com/jobs/view/4453128875/;https://media.licdn.com/dms/image/v2/C4E0BAQHMuVB32GruVA/company-logo_100_100/company-logo_100_100/0/1644258984589/elg_suportes_logo?e=1788393600&v=beta&t=os_GQymz9DK9xSuHEXrh4LyR66uMJpaWsFASazWZn3w;Middle > Manager;https://www.linkedin.com/company/elg-solu-es-inteligentes/about/;Hardware e Eletrônicos;sales OR account OR customer success manager OR client success OR developer relations OR technical writer;elg soluções inteligentes;1;;https://www.linkedin.com/jobs/view/4453128875/;https://www.linkedin.com/jobs/view/4453128875/;On-site;Mid, Intern, Liderança/Gerência, Vendas / Comercial;12/08/2026;Joinville;Santa Catarina;SC;Região Sul;Brasil;América do Sul
293;ELVTR;Retention Manager;Brasil;12/08 13:00;https://www.linkedin.com/jobs/view/4453139902/;https://media.licdn.com/dms/image/v2/D4E0BAQElRpNTHUerQg/company-logo_100_100/company-logo_100_100/0/1720637148593/elvtr_logo?e=1788393600&v=beta&t=Lo4bXGJEKEDulDp7PIpkNRBokm1VNKwHwm8eK1AMYC8;Operations > Customer Retention;https://www.linkedin.com/company/elvtr/about/;Software e Serviços de TI;sales OR account OR customer success manager OR client success OR developer relations OR technical writer;elvtr;1;;https://www.linkedin.com/jobs/view/4453139902/;https://www.linkedin.com/jobs/view/4453139902/;Remote;Liderança/Gerência;12/08/2026;;;;;Brasil;América do Sul
294;ELVTR;Retention and Customer Experience Lead;Brasil;12/08 12:00;https://www.linkedin.com/jobs/view/4453132779/;https://media.licdn.com/dms/image/v2/D4E0BAQElRpNTHUerQg/company-logo_100_100/company-logo_100_100/0/1720637148593/elvtr_logo?e=1788393600&v=beta&t=Lo4bXGJEKEDulDp7PIpkNRBokm1VNKwHwm8eK1AMYC8;Produtos > Customer Experience;https://www.linkedin.com/company/elvtr/about/;Software e Serviços de TI;sales OR account OR customer success manager OR client success OR developer relations OR technical writer;elvtr;1;;https://www.linkedin.com/jobs/view/4453132779/;https://www.linkedin.com/jobs/view/4453132779/;Remote;Mid, Liderança/Gerência;12/08/2026;;;;;Brasil;América do Sul
295;ENG;Director Sales Operations;São Paulo, SP;12/08 17:00;https://www.linkedin.com/jobs/view/4453355638/;https://media.licdn.com/dms/image/v2/D4D0BAQFdHemo5gYGsw/company-logo_100_100/company-logo_100_100/0/1692024257489/engbimus_logo?e=1788393600&v=beta&t=c2lNb3hNPmb08Pa97J26Kh4zjzrKPcl_ZaLjIRL9kwU;Leadership > C-Level > Director;https://www.linkedin.com/company/eng/about/;Software e Serviços de TI;sales OR account OR customer success manager OR client success OR developer relations OR technical writer;eng;1;;https://www.linkedin.com/jobs/view/4453355638/;https://www.linkedin.com/jobs/view/4453355638/;Remote;Liderança/Gerência, Vendas / Comercial;12/08/2026;São Paulo;São Paulo;SP;Região Sudeste;Brasil;América do Sul
296;ES Flex Indústria de Borracha Ltda;Consultor de vendas junior;Osasco, SP;12/08 15:00;https://www.linkedin.com/jobs/view/4450168696/;https://media.licdn.com/dms/image/v2/C4D0BAQFn1WAp_s3UJQ/company-logo_100_100/company-logo_100_100/0/1630559012755?e=1788393600&v=beta&t=UGun0www7NxIqS71b_PtvN-2sRb6vBVpYij6PyJUBHU;Advanced > Specialist;https://www.linkedin.com/company/es-flex-ind-stria-de-borracha-ltda/about/;Manufatura e Produção;sales OR account OR customer success manager OR client success OR developer relations OR technical writer;es flex indústria de borracha ltda;1;;https://www.linkedin.com/jobs/view/4450168696/;https://www.linkedin.com/jobs/view/4450168696/;On-site;Junior, Consultor, Vendas / Comercial;12/08/2026;Osasco;São Paulo;SP;Região Sudeste;Brasil;América do Sul
297;Eagle Soluções;Consultor comercial;Blumenau, SC;12/08 00:00;https://www.linkedin.com/jobs/view/4452329075/;https://media.licdn.com/dms/image/v2/D4D0BAQE7opL1McSJLg/company-logo_100_100/company-logo_100_100/0/1705932522503/eagle_solucoes_logo?e=1788393600&v=beta&t=eqjp7mL0C--xJK5bGxcWqd4bPdspqilb2YoX_3I0HTw;Advanced > Specialist;https://www.linkedin.com/company/eagle-solu-es/about/;Vendas e Suporte;sales OR account OR customer success manager OR client success OR developer relations OR technical writer;eagle soluções;1;;https://www.linkedin.com/jobs/view/4452329075/;https://www.linkedin.com/jobs/view/4452329075/;On-site;Consultor, Vendas / Comercial;12/08/2026;Blumenau;Santa Catarina;SC;Região Sul;Brasil;América do Sul
298;Edwards Lifesciences;Senior Sales Specialist - Transcatheter Heart Valve (THV) - based in Fortaleza, Salvador or Recife;Brasil;12/08 15:00;https://www.linkedin.com/jobs/view/4450167566/;https://media.licdn.com/dms/image/v2/D560BAQHVErrvczv6pA/company-logo_100_100/B56ZfGKsjIHUAQ-/0/1751376382536/edwards_lifesciences_logo?e=1788393600&v=beta&t=O9U2N9fplPuBq1nAVS6HrZPTmH3JKlWFV4sRc725ias;Advanced > Specialist;https://www.linkedin.com/company/edwards-lifesciences/about/;Vendas e Suporte;sales OR account OR customer success manager OR client success OR developer relations OR technical writer;edwards lifesciences;1;;https://www.linkedin.com/jobs/view/4450167566/;https://www.linkedin.com/jobs/view/4450167566/;Remote;Specialist, Senior, Vendas / Comercial;12/08/2026;;;;;Brasil;América do Sul
299;Ekoa Educação;SDR - Pré vendedor B2B;Salvador, BA;12/08 15:00;https://www.linkedin.com/jobs/view/4450170083/;https://media.licdn.com/dms/image/v2/C4D0BAQF8ISaFr2YXBA/company-logo_100_100/company-logo_100_100/0/1648226017004/enviproambiental_logo?e=1788393600&v=beta&t=YYLc94MsRgbzdi06vCyVb-nuMqMKPqSToL1dQJg63gY;-;https://www.linkedin.com/company/ekoa-educa-o/about/;Educação;sales OR account OR customer success manager OR client success OR developer relations OR technical writer;ekoa educação;1;;https://www.linkedin.com/jobs/view/4450170083/;https://www.linkedin.com/jobs/view/4450170083/;Hybrid;Vendas / Comercial;12/08/2026;;Bahia;BA;Região Nordeste;Brasil;América do Sul
300;Electra Distribuidora de Peças Ltda;Consultor de vendas;Bayeux, PB;12/08 00:00;https://www.linkedin.com/jobs/view/4452309632/;missing logo;Advanced > Specialist;https://www.linkedin.com/company/electra-distribuidora-de-pe-as-ltda/about/;Vendas e Suporte;sales OR account OR customer success manager OR client success OR developer relations OR technical writer;electra distribuidora de peças ltda;1;;https://www.linkedin.com/jobs/view/4452309632/;https://www.linkedin.com/jobs/view/4452309632/;On-site;Consultor, Vendas / Comercial;12/08/2026;Bayeux;Paraíba;PB;Região Nordeste;Brasil;América do Sul
301;Electra Distribuidora de Peças Ltda;Consultor de vendas;Brasil;12/08 00:00;https://www.linkedin.com/jobs/view/4452316948/;missing logo;Advanced > Specialist;https://www.linkedin.com/company/electra-distribuidora-de-pe-as-ltda/about/;Vendas e Suporte;sales OR account OR customer success manager OR client success OR developer relations OR technical writer;electra distribuidora de peças ltda;1;;https://www.linkedin.com/jobs/view/4452316948/;https://www.linkedin.com/jobs/view/4452316948/;On-site;Consultor, Vendas / Comercial;12/08/2026;;;;;Brasil;América do Sul
302;Electra Distribuidora de Peças Ltda;Consultor de vendas;Cuiabá, MT;12/08 00:00;https://www.linkedin.com/jobs/view/4452304873/;missing logo;Advanced > Specialist;https://www.linkedin.com/company/electra-distribuidora-de-pe-as-ltda/about/;Vendas e Suporte;sales OR account OR customer success manager OR client success OR developer relations OR technical writer;electra distribuidora de peças ltda;1;;https://www.linkedin.com/jobs/view/4452304873/;https://www.linkedin.com/jobs/view/4452304873/;On-site;Consultor, Vendas / Comercial;12/08/2026;Cuiabá;Mato Grosso;MT;Região Centro-Oeste;Brasil;América do Sul
303;Electra Distribuidora de Peças Ltda;Consultor de vendas;Goiânia, GO;12/08 00:00;https://www.linkedin.com/jobs/view/4452322889/;missing logo;Advanced > Specialist;https://www.linkedin.com/company/electra-distribuidora-de-pe-as-ltda/about/;Vendas e Suporte;sales OR account OR customer success manager OR client success OR developer relations OR technical writer;electra distribuidora de peças ltda;1;;https://www.linkedin.com/jobs/view/4452322889/;https://www.linkedin.com/jobs/view/4452322889/;On-site;Consultor, Vendas / Comercial;12/08/2026;Goiânia;Goiás;GO;Região Centro-Oeste;Brasil;América do Sul
304;Electra Distribuidora de Peças Ltda;Consultor de vendas;Marabá, PA;12/08 00:00;https://www.linkedin.com/jobs/view/4452309661/;missing logo;Advanced > Specialist;https://www.linkedin.com/company/electra-distribuidora-de-pe-as-ltda/about/;Vendas e Suporte;sales OR account OR customer success manager OR client success OR developer relations OR technical writer;electra distribuidora de peças ltda;1;;https://www.linkedin.com/jobs/view/4452309661/;https://www.linkedin.com/jobs/view/4452309661/;On-site;Consultor, Vendas / Comercial;12/08/2026;Marabá;Pará;PA;Região Norte;Brasil;América do Sul
305;Electra Distribuidora de Peças Ltda;Consultor de vendas;São Luís, MA;12/08 00:00;https://www.linkedin.com/jobs/view/4452311917/;missing logo;Advanced > Specialist;https://www.linkedin.com/company/electra-distribuidora-de-pe-as-ltda/about/;Vendas e Suporte;sales OR account OR customer success manager OR client success OR developer relations OR technical writer;electra distribuidora de peças ltda;1;;https://www.linkedin.com/jobs/view/4452311917/;https://www.linkedin.com/jobs/view/4452311917/;On-site;Consultor, Vendas / Comercial;12/08/2026;São Luís;Maranhão;MA;Região Nordeste;Brasil;América do Sul
306;Elenco gestão;Representante comercial de vendas;São Paulo, SP;12/08 14:00;https://www.linkedin.com/jobs/view/4452074996/;missing logo;-;https://www.linkedin.com/company/elenco-gest-o/about/;Vendas e Suporte;sales OR account OR customer success manager OR client success OR developer relations OR technical writer;elenco gestão;1;;https://www.linkedin.com/jobs/view/4452074996/;https://www.linkedin.com/jobs/view/4452074996/;On-site;Vendas / Comercial;12/08/2026;São Paulo;São Paulo;SP;Região Sudeste;Brasil;América do Sul
307;Eletronor;Especialista;Curitiba, PR;12/08 05:00;https://www.linkedin.com/jobs/view/4450115549/;https://media.licdn.com/dms/image/v2/D4D0BAQELMEBUmBjJSA/company-logo_100_100/B4DZc66yj6GYAU-/0/1749040180470/eletronor_logo?e=1788393600&v=beta&t=-wdsBYaJU34YY7VI2dxSQOMLSDWQVwDINWsbrmaXAfQ;Advanced > Specialist;https://www.linkedin.com/company/eletronor/about/;-;sales OR account OR customer success manager OR client success OR developer relations OR technical writer;eletronor;1;;https://www.linkedin.com/jobs/view/4450115549/;https://www.linkedin.com/jobs/view/4450115549/;Hybrid;Specialist;12/08/2026;;Paraná;PR;Região Sul;Brasil;América do Sul
308;Eletronor;Vendedor(a) Externo;Passo Fundo, RS;12/08 05:00;https://www.linkedin.com/jobs/view/4450120514/;https://media.licdn.com/dms/image/v2/D4D0BAQELMEBUmBjJSA/company-logo_100_100/B4DZc66yj6GYAU-/0/1749040180470/eletronor_logo?e=1788393600&v=beta&t=-wdsBYaJU34YY7VI2dxSQOMLSDWQVwDINWsbrmaXAfQ;-;https://www.linkedin.com/company/eletronor/about/;-;sales OR account OR customer success manager OR client success OR developer relations OR technical writer;eletronor;1;;https://www.linkedin.com/jobs/view/4450120514/;https://www.linkedin.com/jobs/view/4450120514/;Hybrid;Vendas / Comercial;12/08/2026;Passo Fundo;Rio Grande do Sul;RS;Região Sul;Brasil;América do Sul
309;ElevenLabs;Strategic Account Executive - Brazil;Brasil;12/08 16:00;https://www.linkedin.com/jobs/view/4408228109/;https://media.licdn.com/dms/image/v2/C4D0BAQG8vBl8F4QX1w/company-logo_100_100/company-logo_100_100/0/1668126895834/elevenlabsio_logo?e=1788393600&v=beta&t=a0gk7B8a23sIOXXWX7T0BV7SxP1khVrNVhvp4wMq2MY;Specific > Sales > Account;https://www.linkedin.com/company/elevenlabs/about/;Software e Serviços de TI;sales OR account OR customer success manager OR client success OR developer relations OR technical writer;elevenlabs;1;;https://www.linkedin.com/jobs/view/4408228109/;https://www.linkedin.com/jobs/view/4408228109/;Remote;Vendas / Comercial, Executivo de Contas;12/08/2026;;;;;Brasil;América do Sul
310;Embratop Geo Tecnologias;Vendedor - Máquinas Pesadas (Linha Amarela);São Paulo, SP;12/08 17:00;https://www.linkedin.com/jobs/view/4449221898/;https://media.licdn.com/dms/image/v2/C4D0BAQH919kxQyZoEA/company-logo_100_100/company-logo_100_100/0/1631367516451?e=1788393600&v=beta&t=Fn1_xbR-wZMonPXRjgDE0FnvRsRhw4YYoMAYRIrSVlU;-;https://www.linkedin.com/company/embratop-geo-tecnologias/about/;-;sales OR account OR customer success manager OR client success OR developer relations OR technical writer;embratop geo tecnologias;1;;https://www.linkedin.com/jobs/view/4449221898/;https://www.linkedin.com/jobs/view/4449221898/;On-site;Vendas / Comercial;12/08/2026;São Paulo;São Paulo;SP;Região Sudeste;Brasil;América do Sul
311;Empresa Confidencial;Consultor De Vendas Internas I - Home Office;Brasil;12/08 08:00;https://www.linkedin.com/jobs/view/4453101191/;https://media.licdn.com/dms/image/v2/D4E0BAQHmjZj6KijwKA/company-logo_100_100/company-logo_100_100/0/1689886484552?e=1788393600&v=beta&t=2aTEJAlUFrxqr4ll-O6aa_OMtPEOqBbXys1m-ex-wLU;Advanced > Specialist;https://www.linkedin.com/company/empresa-confidencial/about/;Vendas e Suporte;sales OR account OR customer success manager OR client success OR developer relations OR technical writer;empresa confidencial;1;;https://www.linkedin.com/jobs/view/4453101191/;https://www.linkedin.com/jobs/view/4453101191/;Remote;Intern, Consultor, Vendas / Comercial;12/08/2026;;;;;Brasil;América do Sul
312;Empresa Confidencial;Executivo De Vendas - Goiânia/GO - Home Office;Brasil;12/08 08:00;https://www.linkedin.com/jobs/view/4453109108/;https://media.licdn.com/dms/image/v2/D4E0BAQHmjZj6KijwKA/company-logo_100_100/company-logo_100_100/0/1689886484552?e=1788393600&v=beta&t=2aTEJAlUFrxqr4ll-O6aa_OMtPEOqBbXys1m-ex-wLU;-;https://www.linkedin.com/company/empresa-confidencial/about/;Software e Serviços de TI;sales OR account OR customer success manager OR client success OR developer relations OR technical writer;empresa confidencial;1;;https://www.linkedin.com/jobs/view/4453109108/;https://www.linkedin.com/jobs/view/4453109108/;Remote;Vendas / Comercial;12/08/2026;;;;;Brasil;América do Sul
313;Empresa Confidencial;Analista de Pós-Vendas;Criciúma, SC;12/08 08:00;https://www.linkedin.com/jobs/view/4450137148/;https://media.licdn.com/dms/image/v2/D4D0BAQE5LKe2moMnHg/company-logo_100_100/company-logo_100_100/0/1736630274411/empresa_confidencial_logo?e=1788393600&v=beta&t=43Z-_YjE6P16ZkJcovi38K9CRQr1ykTb0j1xOota--E;Advanced > Specialist;https://www.linkedin.com/company/empresa-confidencial/about/;Vendas e Suporte;sales OR account OR customer success manager OR client success OR developer relations OR technical writer;empresa confidencial;1;;https://www.linkedin.com/jobs/view/4450137148/;https://www.linkedin.com/jobs/view/4450137148/;On-site;Associate, Vendas / Comercial;12/08/2026;Criciúma;Santa Catarina;SC;Região Sul;Brasil;América do Sul
314;Empresa Confidencial;EXECUTIVO DE CONTAS - SÃO PAULO;Grande São Paulo (SP) ;12/08 15:00;https://www.linkedin.com/jobs/view/4450176131/;https://media.licdn.com/dms/image/v2/D4D0BAQE5LKe2moMnHg/company-logo_100_100/company-logo_100_100/0/1736630274411/empresa_confidencial_logo?e=1788393600&v=beta&t=43Z-_YjE6P16ZkJcovi38K9CRQr1ykTb0j1xOota--E;-;https://www.linkedin.com/company/empresa-confidencial/about/;Software e Serviços de TI;sales OR account OR customer success manager OR client success OR developer relations OR technical writer;empresa confidencial;1;;https://www.linkedin.com/jobs/view/4450176131/;https://www.linkedin.com/jobs/view/4450176131/;On-site;Executivo de Contas;12/08/2026;;São Paulo;SP;Região Sudeste;Brasil;América do Sul
315;Empresa Confidencial;Consultor Comercial B2B | Tecnologia;São Paulo, SP;12/08 14:00;https://www.linkedin.com/jobs/view/4452733076/;https://media.licdn.com/dms/image/v2/D4D0BAQE5LKe2moMnHg/company-logo_100_100/company-logo_100_100/0/1736630274411/empresa_confidencial_logo?e=1788393600&v=beta&t=43Z-_YjE6P16ZkJcovi38K9CRQr1ykTb0j1xOota--E;Advanced > Specialist;https://www.linkedin.com/company/empresa-confidencial/about/;Vendas e Suporte;sales OR account OR customer success manager OR client success OR developer relations OR technical writer;empresa confidencial;1;;https://www.linkedin.com/jobs/view/4452733076/;https://www.linkedin.com/jobs/view/4452733076/;Hybrid;Consultor, TI/Tech, Vendas / Comercial;12/08/2026;São Paulo;São Paulo;SP;Região Sudeste;Brasil;América do Sul
316;Empresa não divulgada (confidencial);Executivo(a) de Vendas;Americana, SP;12/08 14:00;https://www.linkedin.com/jobs/view/4450169433/;missing logo;-;https://www.linkedin.com/company/empresa-n-o-divulgada-confidencial/about/;Software e Serviços de TI;sales OR account OR customer success manager OR client success OR developer relations OR technical writer;empresa não divulgada (confidencial);1;;https://www.linkedin.com/jobs/view/4450169433/;https://www.linkedin.com/jobs/view/4450169433/;Hybrid;Vendas / Comercial;12/08/2026;Americana;São Paulo;SP;Região Sudeste;Brasil;América do Sul
317;Empresas Revemar;Consultor de vendas - Jetour Revemar;Manaus, AM;12/08 17:00;https://www.linkedin.com/jobs/view/4453345588/;https://media.licdn.com/dms/image/v2/C4E0BAQFwCHiAjab1yA/company-logo_100_100/company-logo_100_100/0/1630636395943/empresas_revemar_logo?e=1788393600&v=beta&t=PglgAJkTxQkBLT2ouYyvf-nc8HB4der0CKIR1hbkZZM;Advanced > Specialist;https://www.linkedin.com/company/empresas-revemar/about/;Vendas e Suporte;sales OR account OR customer success manager OR client success OR developer relations OR technical writer;empresas revemar;1;;https://www.linkedin.com/jobs/view/4453345588/;https://www.linkedin.com/jobs/view/4453345588/;On-site;Consultor, Vendas / Comercial;12/08/2026;;Amazonas;AM;Região Norte;Brasil;América do Sul
318;Escola do Mecânico;Consultor de negócios comerciais;Curitiba, PR;12/08 13:00;https://www.linkedin.com/jobs/view/4452720430/;https://media.licdn.com/dms/image/v2/C4D0BAQHZxSVqF6hS2A/company-logo_100_100/company-logo_100_100/0/1673353475033/escoladomecanico_logo?e=1788393600&v=beta&t=CV4p4CCNRIlGKL9jDFq0UNRj2-gieeNkJ1MUQ6Fk0dg;Advanced > Specialist;https://www.linkedin.com/company/escola-do-mec-nico/about/;Educação;sales OR account OR customer success manager OR client success OR developer relations OR technical writer;escola do mecânico;1;;https://www.linkedin.com/jobs/view/4452720430/;https://www.linkedin.com/jobs/view/4452720430/;On-site;Consultor;12/08/2026;;Paraná;PR;Região Sul;Brasil;América do Sul
319;Escritolândia;CONSULTOR DE VENDAS ONLINE;Florianópolis, SC;12/08 00:00;https://www.linkedin.com/jobs/view/4452319484/;https://media.licdn.com/dms/image/v2/D560BAQHSBQqB6bIZgg/company-logo_100_100/B56Zbt1RbuGgAU-/0/1747746889303/escritolandiaoficial_logo?e=1788393600&v=beta&t=xqWHC3_19dQlNCDrHoY9CmALzyl1YBxKZKGcaL7ywHg;Advanced > Specialist;https://www.linkedin.com/company/escritol-ndia/about/;Software e Serviços de TI;sales OR account OR customer success manager OR client success OR developer relations OR technical writer;escritolândia;1;;https://www.linkedin.com/jobs/view/4452319484/;https://www.linkedin.com/jobs/view/4452319484/;On-site;Consultor, Vendas / Comercial;12/08/2026;;Santa Catarina;SC;Região Sul;Brasil;América do Sul
320;Eskolare;Assistente de Negócios;São Bernardo do Campo, SP;12/08 14:00;https://www.linkedin.com/jobs/view/4450153800/;https://media.licdn.com/dms/image/v2/D4D0BAQG4gMnQz3BjOA/company-logo_100_100/B4DZW1Pfp5HIAQ-/0/1742502493317/eskolare_logo?e=1788393600&v=beta&t=qGEqIt2eUL3JB_jbI5ZzbsizxLrRQ1o5_EY_FV9Peog;-;https://www.linkedin.com/company/eskolare/about/;-;sales OR account OR customer success manager OR client success OR developer relations OR technical writer;eskolare;1;;https://www.linkedin.com/jobs/view/4450153800/;https://www.linkedin.com/jobs/view/4450153800/;Hybrid;Associate;12/08/2026;São Bernardo do Campo;São Paulo;SP;Região Sudeste;Brasil;América do Sul
321;Espaço Smart;Consultor Técnico Comercial - Banco de Talentos;Salvador, BA;12/08 18:00;https://www.linkedin.com/jobs/view/4453364884/;https://media.licdn.com/dms/image/v2/D4D0BAQHD2LdMCUKMhA/company-logo_100_100/company-logo_100_100/0/1730202698682/espacosmart_logo?e=1788393600&v=beta&t=UcwOO9zusMU2h_WMsSR8_6Z082Pwzk2JU4cplvTNogg;People;https://www.linkedin.com/company/espa-o-smart/about/;Serviços Financeiros;sales OR account OR customer success manager OR client success OR developer relations OR technical writer;espaço smart;1;;https://www.linkedin.com/jobs/view/4453364884/;https://www.linkedin.com/jobs/view/4453364884/;On-site;Banco de Talentos, Consultor, Vendas / Comercial;12/08/2026;;Bahia;BA;Região Nordeste;Brasil;América do Sul
322;EssilorLuxottica;Consultor Técnico Comercial – Instrumentos Médicos;Grande Campinas (SP);12/08 17:00;https://www.linkedin.com/jobs/view/4450174903/;https://media.licdn.com/dms/image/v2/C4D0BAQH_Sj9ZfN8pAQ/company-logo_100_100/company-logo_100_100/0/1642704101327/essilorluxottica_logo?e=1788393600&v=beta&t=Po7HJArLovdWVfl-OV6vngqk4FajlljY0f3xunP2Z9E;Advanced > Specialist;https://www.linkedin.com/company/essilorluxottica/about/;Saúde e Hospitais;sales OR account OR customer success manager OR client success OR developer relations OR technical writer;essilorluxottica;1;;https://www.linkedin.com/jobs/view/4450174903/;https://www.linkedin.com/jobs/view/4450174903/;Hybrid;Consultor, Vendas / Comercial;12/08/2026;;São Paulo;SP;Região Sudeste;Brasil;América do Sul
323;Eu Médico Residente;Representante Comercial I (residir em Fortaleza);Fortaleza, CE;11/08 22:00;https://www.linkedin.com/jobs/view/4451971910/;https://media.licdn.com/dms/image/v2/D4D0BAQFOmeR-D7HaKA/company-logo_100_100/B4DZo1jsTyIkAQ-/0/1761835140753/eu_medico_residente_logo?e=1788393600&v=beta&t=lU37mImks8L-0p1749QZGh3PJ9nxMwTHa7OAN3y3wbg;-;https://www.linkedin.com/company/eu-m-dico-residente/about/;Saúde e Hospitais;sales OR account OR customer success manager OR client success OR developer relations OR technical writer;eu médico residente;1;;https://www.linkedin.com/jobs/view/4451971910/;https://www.linkedin.com/jobs/view/4451971910/;On-site;Vendas / Comercial;12/08/2026;Fortaleza;Ceará;CE;Região Nordeste;Brasil;América do Sul
324;Evoluir - Pessoas e Resultados;Assistente de vendas;Caxias do Sul, RS;12/08 16:00;https://www.linkedin.com/jobs/view/4450182120/;https://media.licdn.com/dms/image/v2/D4D0BAQF91ksiuYnLRQ/company-logo_100_100/B4DZwZ4t60KcAQ-/0/1769960826017/evoluir_assessoria_logo?e=1788393600&v=beta&t=lzuxBEHO7WleVb_7vf_ZlMKdVVqU1doJxIGzxlIohS8;-;https://www.linkedin.com/company/evoluir-pessoas-e-resultados/about/;Vendas e Suporte;sales OR account OR customer success manager OR client success OR developer relations OR technical writer;evoluir - pessoas e resultados;1;;https://www.linkedin.com/jobs/view/4450182120/;https://www.linkedin.com/jobs/view/4450182120/;On-site;Associate, Vendas / Comercial;12/08/2026;Caxias do Sul;Rio Grande do Sul;RS;Região Sul;Brasil;América do Sul
325;Excellence consórcios e investimentos;Vendedor;São Leopoldo, RS;12/08 15:00;https://www.linkedin.com/jobs/view/4450157820/;missing logo;-;https://www.linkedin.com/company/excellence-cons-rcios-e-investimentos/about/;Serviços Financeiros;sales OR account OR customer success manager OR client success OR developer relations OR technical writer;excellence consórcios e investimentos;1;;https://www.linkedin.com/jobs/view/4450157820/;https://www.linkedin.com/jobs/view/4450157820/;On-site;Vendas / Comercial;12/08/2026;;Rio Grande do Sul;RS;Região Sul;Brasil;América do Sul
326;FASTBUILT;Analista de Integrações;Blumenau, SC;12/08 14:00;https://www.linkedin.com/jobs/view/4453166344/;https://media.licdn.com/dms/image/v2/D4D0BAQEJ8evdprg7MA/company-logo_100_100/B4DZcyZdYVH4AU-/0/1748897224589/fastbuilt_logo?e=1788393600&v=beta&t=OLwERXEeL2qBW6zYyZZcxSNE_jTHoeF3buiSsi7YIj8;Advanced > Specialist;https://www.linkedin.com/company/fastbuilt/about/;-;sales OR account OR customer success manager OR client success OR developer relations OR technical writer;fastbuilt;1;;https://www.linkedin.com/jobs/view/4453166344/;https://www.linkedin.com/jobs/view/4453166344/;On-site;Associate;12/08/2026;Blumenau;Santa Catarina;SC;Região Sul;Brasil;América do Sul
327;FLORESTAL ALIMENTOS S/A;Especialista comercial;Lajeado, RS;12/08 16:00;https://www.linkedin.com/jobs/view/4450172720/;https://media.licdn.com/dms/image/v2/D4D0BAQE94QxRR-vfFw/company-logo_100_100/B4DZgUZyaeHYAQ-/0/1752688961892/florestalalimentos_logo?e=1788393600&v=beta&t=t5cAmUxMyqzEo5R4RdE5dRyOQcGzYfxJOA7Uv0ttX2k;Advanced > Specialist;https://www.linkedin.com/company/florestal-alimentos-s-a/about/;Alimentos e Bebidas;sales OR account OR customer success manager OR client success OR developer relations OR technical writer;florestal alimentos s/a;1;;https://www.linkedin.com/jobs/view/4450172720/;https://www.linkedin.com/jobs/view/4450172720/;On-site;Specialist, Vendas / Comercial;12/08/2026;Lajeado;Rio Grande do Sul;RS;Região Sul;Brasil;América do Sul
328;FORTSUN;Supervisora Comercial PAP - Teresina;Brasil;12/08 00:00;https://www.linkedin.com/jobs/view/4452304881/;https://media.licdn.com/dms/image/v2/D4D0BAQFfdEM5SPI8ww/company-logo_100_100/company-logo_100_100/0/1706804483197?e=1788393600&v=beta&t=rfzMWTAPw8RPsfcaS02X4dnFnanomuOsgiPrbFzRckA;Middle > Manager;https://www.linkedin.com/company/fortsun/about/;Vendas e Suporte;sales OR account OR customer success manager OR client success OR developer relations OR technical writer;fortsun;1;;https://www.linkedin.com/jobs/view/4452304881/;https://www.linkedin.com/jobs/view/4452304881/;On-site;Mid, Liderança/Gerência, Vendas / Comercial;12/08/2026;;;;;Brasil;América do Sul
329;Factory Beer;Assistente comercial | Inside Sales;Sapucaia do Sul, RS;12/08 11:00;https://www.linkedin.com/jobs/view/4450151221/;https://media.licdn.com/dms/image/v2/D4D0BAQHGh3BmTiZSDg/company-logo_100_100/B4DZ683hEoH4AM-/0/1781285130818/factory_beer_logo?e=1788393600&v=beta&t=-P6KcfEZhXfUqcFm295Q5WfklLiFhbUgHEj2Nx6uBH8;-;https://www.linkedin.com/company/factory-beer/about/;Vendas e Suporte;sales OR account OR customer success manager OR client success OR developer relations OR technical writer;factory beer;1;;https://www.linkedin.com/jobs/view/4450151221/;https://www.linkedin.com/jobs/view/4450151221/;On-site;Associate, Vendas / Comercial;12/08/2026;Sapucaia do Sul;Rio Grande do Sul;RS;Região Sul;Brasil;América do Sul
330;Faculdade GPI;Consultor(a) Comercial de Ensino;Fortaleza, CE;12/08 11:00;https://www.linkedin.com/jobs/view/4450149773/;https://media.licdn.com/dms/image/v2/D4D0BAQFryDfVFF5F_Q/company-logo_100_100/B4DZUarRnuG4AY-/0/1739909308348/gpiposgraduacao_logo?e=1788393600&v=beta&t=i95sf_AVnHtk_vadbb6f1YQkEv3XdiVXPjrOUqtyB0Y;Advanced > Specialist;https://www.linkedin.com/company/faculdade-gpi/about/;Educação;sales OR account OR customer success manager OR client success OR developer relations OR technical writer;faculdade gpi;1;;https://www.linkedin.com/jobs/view/4450149773/;https://www.linkedin.com/jobs/view/4450149773/;On-site;Consultor, Vendas / Comercial;12/08/2026;Fortaleza;Ceará;CE;Região Nordeste;Brasil;América do Sul
331;Fagundez Distribuição;ESPECIALISTA DE PRODUTO;Brasil;12/08 00:00;https://www.linkedin.com/jobs/view/4452326962/;https://media.licdn.com/dms/image/v2/D4D0BAQHYKDZnrTkPXQ/company-logo_100_100/B4DZraPvNLGgAQ-/0/1764598150382/fagundezdistribuicao_logo?e=1788393600&v=beta&t=QmN3Mds7H7sFcru4jDWYt35_cZ-mGPOOCycugfeX9ng;Advanced > Specialist;https://www.linkedin.com/company/fagundez-distribui-o/about/;-;sales OR account OR customer success manager OR client success OR developer relations OR technical writer;fagundez distribuição;1;;https://www.linkedin.com/jobs/view/4452326962/;https://www.linkedin.com/jobs/view/4452326962/;On-site;Specialist;12/08/2026;;;;;Brasil;América do Sul
332;Fagundez Distribuição;EXECUTIVO DE CONTAS JUNIOR;Brasil;12/08 00:00;https://www.linkedin.com/jobs/view/4452344087/;https://media.licdn.com/dms/image/v2/D4D0BAQHYKDZnrTkPXQ/company-logo_100_100/B4DZraPvNLGgAQ-/0/1764598150382/fagundezdistribuicao_logo?e=1788393600&v=beta&t=QmN3Mds7H7sFcru4jDWYt35_cZ-mGPOOCycugfeX9ng;-;https://www.linkedin.com/company/fagundez-distribui-o/about/;Software e Serviços de TI;sales OR account OR customer success manager OR client success OR developer relations OR technical writer;fagundez distribuição;1;;https://www.linkedin.com/jobs/view/4452344087/;https://www.linkedin.com/jobs/view/4452344087/;On-site;Junior, Executivo de Contas;12/08/2026;;;;;Brasil;América do Sul
333;Fagundez Distribuição;VENDEDOR INTERNO;Brasil;12/08 00:00;https://www.linkedin.com/jobs/view/4452327457/;https://media.licdn.com/dms/image/v2/D4D0BAQHYKDZnrTkPXQ/company-logo_100_100/B4DZraPvNLGgAQ-/0/1764598150382/fagundezdistribuicao_logo?e=1788393600&v=beta&t=QmN3Mds7H7sFcru4jDWYt35_cZ-mGPOOCycugfeX9ng;-;https://www.linkedin.com/company/fagundez-distribui-o/about/;-;sales OR account OR customer success manager OR client success OR developer relations OR technical writer;fagundez distribuição;1;;https://www.linkedin.com/jobs/view/4452327457/;https://www.linkedin.com/jobs/view/4452327457/;On-site;Intern, Vendas / Comercial;12/08/2026;;;;;Brasil;América do Sul
334;FalaBoss;SDR (Sales Development Representative) – Inbound e Outbound;São Paulo, SP;12/08 18:00;https://www.linkedin.com/jobs/view/4450190290/;https://media.licdn.com/dms/image/v2/D4E0BAQHzfLq7YoY3kA/company-logo_100_100/B4EZ_TI6KVKUAM-/0/1785953756055/falabossbr_logo?e=1788393600&v=beta&t=3SJNs-N_dM7fDb2-A7pYIy4pi9Ht1if6biVg4M_-Fao;-;https://www.linkedin.com/company/falaboss/about/;Software e Serviços de TI;sales OR account OR customer success manager OR client success OR developer relations OR technical writer;falaboss;1;;https://www.linkedin.com/jobs/view/4450190290/;https://www.linkedin.com/jobs/view/4450190290/;On-site;Vendas / Comercial;12/08/2026;São Paulo;São Paulo;SP;Região Sudeste;Brasil;América do Sul
335;Faremac Máquinas;Agente comercial;Santa Catarina, Brasil;12/08 17:00;https://www.linkedin.com/jobs/view/4450167738/;https://media.licdn.com/dms/image/v2/D4D0BAQGbaB_2Uq25xA/company-logo_100_100/company-logo_100_100/0/1696522436015/somosfaremac_logo?e=1788393600&v=beta&t=NML4G2ZJ60qzaJZ1JYPqMyxrarwhi368AkIM99fDwyc;-;https://www.linkedin.com/company/faremac-m-quinas/about/;Vendas e Suporte;sales OR account OR customer success manager OR client success OR developer relations OR technical writer;faremac máquinas;1;;https://www.linkedin.com/jobs/view/4450167738/;https://www.linkedin.com/jobs/view/4450167738/;Remote;Vendas / Comercial;12/08/2026;;Santa Catarina;SC;Região Sul;Brasil;América do Sul
336;Farmácias Pague Menos;Especialista de Retail Media;Fortaleza, CE;12/08 21:00;https://www.linkedin.com/jobs/view/4453384009/;https://media.licdn.com/dms/image/v2/D4D0BAQFmKtgd_xm4Kw/company-logo_100_100/B4DZ6Eu8pZKEAI-/0/1780343360380/farmaciaspaguemenos_logo?e=1788393600&v=beta&t=Mza40WBatm6vBjuRmC8io2WsPIBNtPiiMle0okrWH4c;Advanced > Specialist;https://www.linkedin.com/company/farm-cias-pague-menos/about/;Mídia e Entretenimento;sales OR account OR customer success manager OR client success OR developer relations OR technical writer;farmácias pague menos;1;;https://www.linkedin.com/jobs/view/4453384009/;https://www.linkedin.com/jobs/view/4453384009/;Not informed;Specialist, Marketing/Mídia, Varejo;12/08/2026;Fortaleza;Ceará;CE;Região Nordeste;Brasil;América do Sul
337;FedEx;Account Executive;Campinas, SP;12/08 09:00;https://www.linkedin.com/jobs/view/4453120235/;https://media.licdn.com/dms/image/v2/D4E0BAQEfEmRakpGUOw/company-logo_100_100/B4EZ6OHT7cK0AM-/0/1780500742106/fedex_logo?e=1788393600&v=beta&t=l941irVKlMerMjOGk0Y-3tWhL5rTOKa-eJ2LaaNXQ-c;Specific > Sales > Account;https://www.linkedin.com/company/fedex/about/;Software e Serviços de TI;sales OR account OR customer success manager OR client success OR developer relations OR technical writer;fedex;1;;https://www.linkedin.com/jobs/view/4453120235/;https://www.linkedin.com/jobs/view/4453120235/;Not informed;Vendas / Comercial, Executivo de Contas;12/08/2026;;São Paulo;SP;Região Sudeste;Brasil;América do Sul
338;Ferramac Ferramentas;Vendedor;Uberlândia, MG;12/08 12:00;https://www.linkedin.com/jobs/view/4450147806/;https://media.licdn.com/dms/image/v2/D4D0BAQFQ3XCVEpSWiw/company-logo_100_100/company-logo_100_100/0/1693404729806?e=1788393600&v=beta&t=kIcmSJvmlclBv_C3rYRe_Ggl1kIujfDdeyV-fZnyqnc;-;https://www.linkedin.com/company/ferramac-ferramentas/about/;-;sales OR account OR customer success manager OR client success OR developer relations OR technical writer;ferramac ferramentas;1;;https://www.linkedin.com/jobs/view/4450147806/;https://www.linkedin.com/jobs/view/4450147806/;On-site;Vendas / Comercial;12/08/2026;Uberlândia;Minas Gerais;MG;Região Sudeste;Brasil;América do Sul
339;Ferramentas Gerais;Analista Comercial;Curitiba, PR;12/08 20:00;https://www.linkedin.com/jobs/view/4450185698/;https://media.licdn.com/dms/image/v2/D4D0BAQFuCOY6l9WVCA/company-logo_100_100/B4DZrL8iS6JAAU-/0/1764358236259/ferramentasgerais_logo?e=1788393600&v=beta&t=ryk8heJCbjZ81w0V-qOLlAc4fAh-uVyf_WfpywQhLHE;Advanced > Specialist;https://www.linkedin.com/company/ferramentas-gerais/about/;Vendas e Suporte;sales OR account OR customer success manager OR client success OR developer relations OR technical writer;ferramentas gerais;1;;https://www.linkedin.com/jobs/view/4450185698/;https://www.linkedin.com/jobs/view/4450185698/;On-site;Associate, Vendas / Comercial;12/08/2026;;Paraná;PR;Região Sul;Brasil;América do Sul
340;Ferramentas Gerais;Assistente de Vendas;Curitiba, PR;12/08 20:00;https://www.linkedin.com/jobs/view/4450190614/;https://media.licdn.com/dms/image/v2/D4D0BAQFuCOY6l9WVCA/company-logo_100_100/B4DZrL8iS6JAAU-/0/1764358236259/ferramentasgerais_logo?e=1788393600&v=beta&t=ryk8heJCbjZ81w0V-qOLlAc4fAh-uVyf_WfpywQhLHE;-;https://www.linkedin.com/company/ferramentas-gerais/about/;Vendas e Suporte;sales OR account OR customer success manager OR client success OR developer relations OR technical writer;ferramentas gerais;1;;https://www.linkedin.com/jobs/view/4450190614/;https://www.linkedin.com/jobs/view/4450190614/;On-site;Associate, Vendas / Comercial;12/08/2026;;Paraná;PR;Região Sul;Brasil;América do Sul
341;Ferramentas Gerais;Vendedor Técnico;Curitiba, PR;12/08 14:00;https://www.linkedin.com/jobs/view/4450156498/;https://media.licdn.com/dms/image/v2/D4D0BAQFuCOY6l9WVCA/company-logo_100_100/B4DZrL8iS6JAAU-/0/1764358236259/ferramentasgerais_logo?e=1788393600&v=beta&t=ryk8heJCbjZ81w0V-qOLlAc4fAh-uVyf_WfpywQhLHE;-;https://www.linkedin.com/company/ferramentas-gerais/about/;-;sales OR account OR customer success manager OR client success OR developer relations OR technical writer;ferramentas gerais;1;;https://www.linkedin.com/jobs/view/4450156498/;https://www.linkedin.com/jobs/view/4450156498/;On-site;Vendas / Comercial;12/08/2026;;Paraná;PR;Região Sul;Brasil;América do Sul
342;FiberHome Brasil;Assistente - Suporte à Business Intelligence;São Paulo, SP;12/08 08:00;https://www.linkedin.com/jobs/view/4450131119/;https://media.licdn.com/dms/image/v2/D4E0BAQF4JvOIajxtWQ/company-logo_100_100/B4EZrgXMzzKoAQ-/0/1764700771188/fiberhomebrasil_logo?e=1788393600&v=beta&t=-mpu2gqeU_dfoZilKvDBe-6Q4eVSG39RG9EYo_HLs4c;-;https://www.linkedin.com/company/fiberhome-brasil/about/;Hardware e Eletrônicos;sales OR account OR customer success manager OR client success OR developer relations OR technical writer;fiberhome brasil;1;;https://www.linkedin.com/jobs/view/4450131119/;https://www.linkedin.com/jobs/view/4450131119/;On-site;Associate;12/08/2026;São Paulo;São Paulo;SP;Região Sudeste;Brasil;América do Sul
343;Fixar Industrial;Vendedor Interno;Curitiba, PR;12/08 10:00;https://www.linkedin.com/jobs/view/4450136494/;https://media.licdn.com/dms/image/v2/D4D0BAQHZwTcqpPDWDQ/company-logo_100_100/B4DZuUj9NwIYAU-/0/1767724013721/fixar_industrial_logo?e=1788393600&v=beta&t=fPJaParfENxQUAQLtnbdjTJH29aagMfDr2rOGPTxzEU;-;https://www.linkedin.com/company/fixar-industrial/about/;Manufatura e Produção;sales OR account OR customer success manager OR client success OR developer relations OR technical writer;fixar industrial;1;;https://www.linkedin.com/jobs/view/4450136494/;https://www.linkedin.com/jobs/view/4450136494/;On-site;Intern, Vendas / Comercial;12/08/2026;;Paraná;PR;Região Sul;Brasil;América do Sul
344;Flessak Lojas;Televendas;Francisco Beltrão, PR;12/08 13:00;https://www.linkedin.com/jobs/view/4450158459/;https://media.licdn.com/dms/image/v2/C4D0BAQE2bNn5E-s0ig/company-logo_100_100/company-logo_100_100/0/1675882467703/flessak_logo?e=1788393600&v=beta&t=XJE0uHgUchceKodwtwUwClZWfLk-Z1hbHLc65YGWpiM;-;https://www.linkedin.com/company/flessak-lojas/about/;Varejo e E-commerce;sales OR account OR customer success manager OR client success OR developer relations OR technical writer;flessak lojas;1;;https://www.linkedin.com/jobs/view/4450158459/;https://www.linkedin.com/jobs/view/4450158459/;On-site;Vendas / Comercial;12/08/2026;Francisco Beltrão;Paraná;PR;Região Sul;Brasil;América do Sul
345;Flora;Gestor(a) de Negócios I;Uberlândia, MG;12/08 20:00;https://www.linkedin.com/jobs/view/4450195566/;https://media.licdn.com/dms/image/v2/D4D0BAQHVFSpUQGo82A/company-logo_100_100/company-logo_100_100/0/1721336531371/floracosmeticoselimpeza_logo?e=1788393600&v=beta&t=YTGfJWAq42ZViTTN1GDSnjE-bYy4RCXs78vlWVSVXuc;-;https://www.linkedin.com/company/flora/about/;-;sales OR account OR customer success manager OR client success OR developer relations OR technical writer;flora;1;;https://www.linkedin.com/jobs/view/4450195566/;https://www.linkedin.com/jobs/view/4450195566/;On-site;Liderança/Gerência;12/08/2026;Uberlândia;Minas Gerais;MG;Região Sudeste;Brasil;América do Sul
346;Flytour;Executivo(a) de Relacionamento Sênior - Flytour Business Travel - BeFly;São Paulo, SP;12/08 13:00;https://www.linkedin.com/jobs/view/4434783037/;https://media.licdn.com/dms/image/v2/D4D0BAQHjWf-fo-15Pw/company-logo_100_100/company-logo_100_100/0/1738099075494/flytour_logo?e=1788393600&v=beta&t=5LQWWyeJMUyT1OkxAlUvbgGjtL4V67F9HQABZ0JIG5M;-;https://www.linkedin.com/company/flytour/about/;Software e Serviços de TI;sales OR account OR customer success manager OR client success OR developer relations OR technical writer;flytour;1;;https://www.linkedin.com/jobs/view/4434783037/;https://www.linkedin.com/jobs/view/4434783037/;Hybrid;Senior;12/08/2026;São Paulo;São Paulo;SP;Região Sudeste;Brasil;América do Sul
347;Fort Serv;Assistente comercial;Grande São Paulo (SP) ;12/08 00:00;https://www.linkedin.com/jobs/view/4452327771/;missing logo;-;https://www.linkedin.com/company/fort-serv/about/;Vendas e Suporte;sales OR account OR customer success manager OR client success OR developer relations OR technical writer;fort serv;1;;https://www.linkedin.com/jobs/view/4452327771/;https://www.linkedin.com/jobs/view/4452327771/;On-site;Associate, Vendas / Comercial;12/08/2026;;São Paulo;SP;Região Sudeste;Brasil;América do Sul
348;Fort Serv;Gerente de contas;Grande São Paulo (SP) ;12/08 00:00;https://www.linkedin.com/jobs/view/4452304587/;missing logo;Middle > Manager;https://www.linkedin.com/company/fort-serv/about/;-;sales OR account OR customer success manager OR client success OR developer relations OR technical writer;fort serv;1;;https://www.linkedin.com/jobs/view/4452304587/;https://www.linkedin.com/jobs/view/4452304587/;On-site;Mid, Liderança/Gerência;12/08/2026;;São Paulo;SP;Região Sudeste;Brasil;América do Sul
349;Foursales, Sales and marketing headhunters.;Gerente de Vendas - Tecnologia;Florianópolis, SC;12/08 19:00;https://www.linkedin.com/jobs/view/4453381319/;https://media.licdn.com/dms/image/v2/C4D0BAQH-R0mBBj6zXg/company-logo_100_100/company-logo_100_100/0/1659365049988/foursales_recrutamento_de_area_comercial_logo?e=1788393600&v=beta&t=vtSEkoPH2DacGY0Z7G9OTBfqlzvlcFLOtQyfSnBQpXM;Middle > Manager;https://www.linkedin.com/company/foursales-sales-and-marketing-headhunters/about/;Marketing e Publicidade Marketing;sales OR account OR customer success manager OR client success OR developer relations OR technical writer;foursales, sales and marketing headhunters.;1;;https://www.linkedin.com/jobs/view/4453381319/;https://www.linkedin.com/jobs/view/4453381319/;On-site;Mid, Liderança/Gerência, TI/Tech, Vendas / Comercial;12/08/2026;;Santa Catarina;SC;Região Sul;Brasil;América do Sul
350;Foursales, Sales and marketing headhunters.;Gerente Nacional de Vendas - Grandes Contas;SP;12/08 17:00;https://www.linkedin.com/jobs/view/4453352515/;https://media.licdn.com/dms/image/v2/C4D0BAQH-R0mBBj6zXg/company-logo_100_100/company-logo_100_100/0/1659365049988/foursales_recrutamento_de_area_comercial_logo?e=1788393600&v=beta&t=vtSEkoPH2DacGY0Z7G9OTBfqlzvlcFLOtQyfSnBQpXM;Middle > Manager;https://www.linkedin.com/company/foursales-sales-and-marketing-headhunters/about/;Marketing e Publicidade Marketing;sales OR account OR customer success manager OR client success OR developer relations OR technical writer;foursales, sales and marketing headhunters.;1;;https://www.linkedin.com/jobs/view/4453352515/;https://www.linkedin.com/jobs/view/4453352515/;Hybrid;Mid, Liderança/Gerência, Vendas / Comercial;12/08/2026;;São Paulo;SP;Região Sudeste;Brasil;América do Sul
351;Franq;Analista Comercial - Mesa de Seguros;Florianópolis, SC;12/08 20:00;https://www.linkedin.com/jobs/view/4450185680/;https://media.licdn.com/dms/image/v2/D4D0BAQFOZDYHGxDZPg/company-logo_100_100/company-logo_100_100/0/1667324193997/franqopenbanking_logo?e=1788393600&v=beta&t=pu3jfJ1ytXZ8SNkOS2YgmAF_Ov-a_iJXXKrKWrVbrB4;Advanced > Specialist;https://www.linkedin.com/company/franq/about/;Seguros e Previdência;sales OR account OR customer success manager OR client success OR developer relations OR technical writer;franq;1;;https://www.linkedin.com/jobs/view/4450185680/;https://www.linkedin.com/jobs/view/4450185680/;On-site;Associate, Vendas / Comercial;12/08/2026;;Santa Catarina;SC;Região Sul;Brasil;América do Sul
352;Funcional Movex Logística;EXECUTIVO DE VENDAS;Pedro Leopoldo, MG;12/08 00:00;https://www.linkedin.com/jobs/view/4452301668/;missing logo;-;https://www.linkedin.com/company/funcional-movex-log-stica/about/;Logística e Supply Chain;sales OR account OR customer success manager OR client success OR developer relations OR technical writer;funcional movex logística;1;;https://www.linkedin.com/jobs/view/4452301668/;https://www.linkedin.com/jobs/view/4452301668/;On-site;Vendas / Comercial;12/08/2026;;Minas Gerais;MG;Região Sudeste;Brasil;América do Sul
353;Fundatec (Fundação Universidade Empresa de Tecnologia e Ciências);Assistente comercial;Grande Porto Alegre (RS);12/08 00:00;https://www.linkedin.com/jobs/view/4452332049/;https://media.licdn.com/dms/image/v2/D4D0BAQE7tk_Sk45exw/company-logo_100_100/company-logo_100_100/0/1732282327437/fundatecqcv_logo?e=1788393600&v=beta&t=juqjBzJk_AV9Hg3tva9nLE-y8m7d5mTl2HxX7oZE6IQ;-;https://www.linkedin.com/company/fundatec-funda-o-universidade-empresa-de-tecnologia-e-ci-ncias/about/;Educação;sales OR account OR customer success manager OR client success OR developer relations OR technical writer;fundatec (fundação universidade empresa de tecnologia e ciências);1;;https://www.linkedin.com/jobs/view/4452332049/;https://www.linkedin.com/jobs/view/4452332049/;On-site;Associate, Vendas / Comercial;12/08/2026;;Rio Grande do Sul;RS;Região Sul;Brasil;América do Sul
354;Futuro Corp;Executivo Comercial B2C - Hunter;São Paulo, SP;12/08 14:00;https://www.linkedin.com/jobs/view/4452723814/;https://media.licdn.com/dms/image/v2/D4D0BAQEAEbcmsStwGQ/company-logo_100_100/B4DZWKm0NOHkAQ-/0/1741787186417/futuroconsultoriafinanceira_logo?e=1788393600&v=beta&t=hXVnAzxNEL-ED25t3KIUTB-SLhClqKaNndVbQvytEcg;-;https://www.linkedin.com/company/futuro-corp/about/;Software e Serviços de TI;sales OR account OR customer success manager OR client success OR developer relations OR technical writer;futuro corp;1;;https://www.linkedin.com/jobs/view/4452723814/;https://www.linkedin.com/jobs/view/4452723814/;Hybrid;Vendas / Comercial;12/08/2026;São Paulo;São Paulo;SP;Região Sudeste;Brasil;América do Sul
355;G Sobreira Advogados;Consultor de negócios comerciais;SP;12/08 13:00;https://www.linkedin.com/jobs/view/4450164277/;missing logo;Advanced > Specialist;https://www.linkedin.com/company/g-sobreira-advogados/about/;Jurídico;sales OR account OR customer success manager OR client success OR developer relations OR technical writer;g sobreira advogados;1;;https://www.linkedin.com/jobs/view/4450164277/;https://www.linkedin.com/jobs/view/4450164277/;On-site;Consultor;12/08/2026;;São Paulo;SP;Região Sudeste;Brasil;América do Sul
356;G4;G4 Frontline | Para o SDR que quer mais;Grande São Paulo (SP) ;12/08 17:00;https://www.linkedin.com/jobs/view/4453350567/;https://media.licdn.com/dms/image/v2/D4D0BAQHMVlRb3EQ9XQ/company-logo_100_100/B4DZwq9xC7J8AU-/0/1770247361919/g4businessbr_logo?e=1788393600&v=beta&t=DJrZHy28q0GBtGmJonks7FFe8DMGNqs2-xA-F8xJgJ8;-;https://www.linkedin.com/company/g4/about/;-;sales OR account OR customer success manager OR client success OR developer relations OR technical writer;g4;1;;https://www.linkedin.com/jobs/view/4453350567/;https://www.linkedin.com/jobs/view/4453350567/;On-site;Vendas / Comercial;12/08/2026;;São Paulo;SP;Região Sudeste;Brasil;América do Sul
357;GAV Resorts;Execultivo de Vendas - São Paulo/SP;Goiânia, GO;12/08 20:00;https://www.linkedin.com/jobs/view/4450182753/;https://media.licdn.com/dms/image/v2/D4D0BAQFCcDx7Ce6TfA/company-logo_100_100/B4DZ9NpTV6I8AM-/0/1783714100844/gavresorts_logo?e=1788393600&v=beta&t=q7MJKjhS79ydZu7b9ItZrRq72OzkIcUcWkreHS9OPgc;-;https://www.linkedin.com/company/gav-resorts/about/;Software e Serviços de TI;sales OR account OR customer success manager OR client success OR developer relations OR technical writer;gav resorts;1;;https://www.linkedin.com/jobs/view/4450182753/;https://www.linkedin.com/jobs/view/4450182753/;On-site;Vendas / Comercial;12/08/2026;Goiânia;Goiás;GO;Região Centro-Oeste;Brasil;América do Sul
358;GEES S/A;Consultor Vendas Máquinas - Gees Máquinas Uruçuí;Brasil;12/08 00:00;https://www.linkedin.com/jobs/view/4452305817/;https://media.licdn.com/dms/image/v2/D4E0BAQHKMn3TQjzAig/company-logo_100_100/company-logo_100_100/0/1733940921819/geessa_logo?e=1788393600&v=beta&t=D04h2CvFlKp_7TEJvtbwD8M1oJPGvptJQRnEr5_pIB0;Advanced > Specialist;https://www.linkedin.com/company/gees-s-a/about/;Vendas e Suporte;sales OR account OR customer success manager OR client success OR developer relations OR technical writer;gees s/a;1;;https://www.linkedin.com/jobs/view/4452305817/;https://www.linkedin.com/jobs/view/4452305817/;On-site;Consultor, Vendas / Comercial;12/08/2026;;;;;Brasil;América do Sul
359;GEES S/A;Consultor de Vendas Kepler RS - Gees Máquinas PI;Brasil;12/08 00:00;https://www.linkedin.com/jobs/view/4452320853/;https://media.licdn.com/dms/image/v2/D4E0BAQHKMn3TQjzAig/company-logo_100_100/company-logo_100_100/0/1733940921819/geessa_logo?e=1788393600&v=beta&t=D04h2CvFlKp_7TEJvtbwD8M1oJPGvptJQRnEr5_pIB0;Advanced > Specialist;https://www.linkedin.com/company/gees-s-a/about/;Vendas e Suporte;sales OR account OR customer success manager OR client success OR developer relations OR technical writer;gees s/a;1;;https://www.linkedin.com/jobs/view/4452320853/;https://www.linkedin.com/jobs/view/4452320853/;On-site;Consultor, Vendas / Comercial;12/08/2026;;;;;Brasil;América do Sul
360;GET ITalent Brasil;Executivo(a) de Vendas;Valinhos, SP;12/08 18:00;https://www.linkedin.com/jobs/view/4450184293/;https://media.licdn.com/dms/image/v2/D4D0BAQH8iS7Taifdsw/company-logo_100_100/company-logo_100_100/0/1698786397819/get_italent_logo?e=1788393600&v=beta&t=T56nsmnIZT-wZ6O7j8hufPReAw4YV3MLI1wFfs8mP38;-;https://www.linkedin.com/company/get-italent-brasil/about/;Software e Serviços de TI;sales OR account OR customer success manager OR client success OR developer relations OR technical writer;get italent brasil;1;;https://www.linkedin.com/jobs/view/4450184293/;https://www.linkedin.com/jobs/view/4450184293/;On-site;Vendas / Comercial;12/08/2026;;São Paulo;SP;Região Sudeste;Brasil;América do Sul
361;GHPC do Brasil;Consultor de vendas;Americana, SP;12/08 10:00;https://www.linkedin.com/jobs/view/4450136608/;https://media.licdn.com/dms/image/v2/C4D0BAQGXTotDUUYgmg/company-logo_100_100/company-logo_100_100/0/1675691823472/ghpcdobrasil_logo?e=1788393600&v=beta&t=76y9I8IX0bwV-NvXfmZAUreUNNc1SS6OCdzG-N_7878;Advanced > Specialist;https://www.linkedin.com/company/ghpc-do-brasil/about/;Vendas e Suporte;sales OR account OR customer success manager OR client success OR developer relations OR technical writer;ghpc do brasil;1;;https://www.linkedin.com/jobs/view/4450136608/;https://www.linkedin.com/jobs/view/4450136608/;On-site;Consultor, Vendas / Comercial;12/08/2026;Americana;São Paulo;SP;Região Sudeste;Brasil;América do Sul
362;GIOlaser Guarulhos Praça Oito;Sales Development Representative;Guarulhos, SP;12/08 08:00;https://www.linkedin.com/jobs/view/4450127483/;https://media.licdn.com/dms/image/v2/D4D0BAQHGRiYptEYiYA/company-logo_100_100/company-logo_100_100/0/1704655026574/giolaser_guarulhos_praa_oito_logo?e=1788393600&v=beta&t=L4I3xC7DMeih2YGkmTppshzifv_ith2ArugS-LsAo-8;-;https://www.linkedin.com/company/giolaser-guarulhos-pra-a-oito/about/;Software e Serviços de TI;sales OR account OR customer success manager OR client success OR developer relations OR technical writer;giolaser guarulhos praça oito;1;;https://www.linkedin.com/jobs/view/4450127483/;https://www.linkedin.com/jobs/view/4450127483/;On-site;Vendas / Comercial;12/08/2026;Guarulhos;São Paulo;SP;Região Sudeste;Brasil;América do Sul
363;GOL Linhas Aéreas;COORDENADOR(A) COMERCIAL (ACESSIVEL TAMBÉM PARA PESSOAS COM DEFICIÊNCIA);São Paulo, SP;12/08 20:00;https://www.linkedin.com/jobs/view/4453388969/;https://media.licdn.com/dms/image/v2/D4D0BAQEwb_-PXunScQ/company-logo_100_100/B4DZv6TiQIHEAQ-/0/1769430984198/gol_logo?e=1788393600&v=beta&t=GPWw7VYdDXPtRPGFTCnzewcK3Y2uG-ux7yHGA9937pc;Middle > Manager;https://www.linkedin.com/company/gol-linhas-a-reas/about/;Vendas e Suporte;sales OR account OR customer success manager OR client success OR developer relations OR technical writer;gol linhas aéreas;1;;https://www.linkedin.com/jobs/view/4453388969/;https://www.linkedin.com/jobs/view/4453388969/;Not informed;PCD / Afirmativa, Mid, Liderança/Gerência, Vendas / Comercial;12/08/2026;São Paulo;São Paulo;SP;Região Sudeste;Brasil;América do Sul
364;GSN Brasil;vendedor interno;Curitiba, PR;12/08 13:00;https://www.linkedin.com/jobs/view/4452709242/;https://media.licdn.com/dms/image/v2/D4D0BAQFGoschxIzyHw/company-logo_100_100/company-logo_100_100/0/1736173921765/in_alarme_news_logo?e=1788393600&v=beta&t=hJCVjUnpP99uW8LpvfMlpeZr5O8Qj1_zAWJf2umM4Ww;-;https://www.linkedin.com/company/gsn-brasil/about/;-;sales OR account OR customer success manager OR client success OR developer relations OR technical writer;gsn brasil;1;;https://www.linkedin.com/jobs/view/4452709242/;https://www.linkedin.com/jobs/view/4452709242/;On-site;Intern, Vendas / Comercial;12/08/2026;;Paraná;PR;Região Sul;Brasil;América do Sul
365;GUT São Paulo;Sales Executive - Martech Solutions;Grande São Paulo (SP) ;12/08 00:00;https://www.linkedin.com/jobs/view/4453027885/;https://media.licdn.com/dms/image/v2/C4D0BAQH0LOZN6BKYBg/company-logo_100_100/company-logo_100_100/0/1662469700469?e=1788393600&v=beta&t=GaxYI4N_ITIUuwZ0m5WOJKEC_krdLNBQlyTmlW3gA8s;-;https://www.linkedin.com/company/gut-s-o-paulo/about/;Software e Serviços de TI;sales OR account OR customer success manager OR client success OR developer relations OR technical writer;gut são paulo;1;;https://www.linkedin.com/jobs/view/4453027885/;https://www.linkedin.com/jobs/view/4453027885/;Hybrid;TI/Tech, Marketing/Mídia, Vendas / Comercial;12/08/2026;;São Paulo;SP;Região Sudeste;Brasil;América do Sul
366;Galderma;Gerente Regional Desenvolvimento de Canais;São Paulo, SP;12/08 11:00;https://www.linkedin.com/jobs/view/4453127378/;https://media.licdn.com/dms/image/v2/D4E0BAQGL3kh_LPxYFA/company-logo_100_100/company-logo_100_100/0/1692632436457/galderma__logo?e=1788393600&v=beta&t=Fj5ay2Gw5WlwameMCrycvd3rWElDgRE6Bo0d6bibU5Q;Middle > Manager;https://www.linkedin.com/company/galderma/about/;Software e Serviços de TI;sales OR account OR customer success manager OR client success OR developer relations OR technical writer;galderma;1;;https://www.linkedin.com/jobs/view/4453127378/;https://www.linkedin.com/jobs/view/4453127378/;Not informed;Mid, Liderança/Gerência;12/08/2026;São Paulo;São Paulo;SP;Região Sudeste;Brasil;América do Sul
367;Gallagher;Analista Junior Comercial SDR (Benefícios);São Paulo, SP;12/08 12:00;https://www.linkedin.com/jobs/view/4443748559/;https://media.licdn.com/dms/image/v2/C4D0BAQHrx2oGCj_8-Q/company-logo_100_100/company-logo_100_100/0/1630577901058/gallagher_global_logo?e=1788393600&v=beta&t=VaZil0ddoT5n7q_aJNJGs3gkt9JWORx-6J5zUWxSlYc;Advanced > Specialist;https://www.linkedin.com/company/gallagher/about/;Vendas e Suporte;sales OR account OR customer success manager OR client success OR developer relations OR technical writer;gallagher;1;;https://www.linkedin.com/jobs/view/4443748559/;https://www.linkedin.com/jobs/view/4443748559/;On-site;Junior, Associate, Vendas / Comercial;12/08/2026;São Paulo;São Paulo;SP;Região Sudeste;Brasil;América do Sul
368;Ganso Sistemas;Consultor de negócios;Campo Grande, MS;12/08 18:00;https://www.linkedin.com/jobs/view/4450192247/;https://media.licdn.com/dms/image/v2/D4D0BAQEwxiwl4jz7OQ/company-logo_100_100/B4DZwfKs5xHYAQ-/0/1770049428451/ganso_sistemas_logo?e=1788393600&v=beta&t=GDV_ON_CNpZTgU_jKTgsU2GxZS2cG0AOHgIM-qnXbZs;Advanced > Specialist;https://www.linkedin.com/company/ganso-sistemas/about/;Software e Serviços de TI;sales OR account OR customer success manager OR client success OR developer relations OR technical writer;ganso sistemas;1;;https://www.linkedin.com/jobs/view/4450192247/;https://www.linkedin.com/jobs/view/4450192247/;On-site;Consultor;12/08/2026;Campo Grande;Mato Grosso do Sul;MS;Região Centro-Oeste;Brasil;América do Sul
369;Garra RH;Vendedor Externo Comissão + Vale Alimentação;Brasil;12/08 00:00;https://www.linkedin.com/jobs/view/4452312614/;missing logo;-;https://www.linkedin.com/company/garra-rh/about/;Mineração e Extração;sales OR account OR customer success manager OR client success OR developer relations OR technical writer;garra rh;1;;https://www.linkedin.com/jobs/view/4452312614/;https://www.linkedin.com/jobs/view/4452312614/;On-site;Vendas / Comercial;12/08/2026;;;;;Brasil;América do Sul
370;Gaston-Sacaze | DMC;Ejecutivo de ventas;RJ;12/08 12:00;https://www.linkedin.com/jobs/view/4440170260/;https://media.licdn.com/dms/image/v2/D4D0BAQFb8bUZkHahog/company-logo_100_100/company-logo_100_100/0/1727423369083/gaston_sacaze_dmc_logo?e=1788393600&v=beta&t=GTkN0OgGokeqxjyEEE8MLsGrdBqLt6h5IKZ-IdRmTCc;-;https://www.linkedin.com/company/gaston-sacaze-dmc/about/;Energia e Combustíveis;sales OR account OR customer success manager OR client success OR developer relations OR technical writer;gaston-sacaze | dmc;1;;https://www.linkedin.com/jobs/view/4440170260/;https://www.linkedin.com/jobs/view/4440170260/;Hybrid;-;12/08/2026;;Rio de Janeiro;RJ;Região Sudeste;Brasil;América do Sul
371;General Mills;Gerente de vendas;Porto Alegre, RS;12/08 11:00;https://www.linkedin.com/jobs/view/4452397679/;https://media.licdn.com/dms/image/v2/C560BAQHyiELnRonDow/company-logo_100_100/company-logo_100_100/0/1631339395596?e=1788393600&v=beta&t=MdROWwEWsVcivZjHsZjqZE8fAItKhcClhZL5vFIcfIg;Middle > Manager;https://www.linkedin.com/company/general-mills/about/;Vendas e Suporte;sales OR account OR customer success manager OR client success OR developer relations OR technical writer;general mills;1;;https://www.linkedin.com/jobs/view/4452397679/;https://www.linkedin.com/jobs/view/4452397679/;On-site;Mid, Liderança/Gerência, Vendas / Comercial;12/08/2026;Porto Alegre;Rio Grande do Sul;RS;Região Sul;Brasil;América do Sul
372;Gimawa;Vendedor Interno;Diadema, SP;12/08 18:00;https://www.linkedin.com/jobs/view/4450182332/;https://media.licdn.com/dms/image/v2/D4D0BAQFUbC9XcVOcmw/company-logo_100_100/B4DZaRL5RsH0AQ-/0/1746192537084/gimawaoficial_logo?e=1788393600&v=beta&t=wk6qokyglOe5-ZK84uEovAQ7orUNrDKe8NBCPw4WiLQ;-;https://www.linkedin.com/company/gimawa/about/;-;sales OR account OR customer success manager OR client success OR developer relations OR technical writer;gimawa;1;;https://www.linkedin.com/jobs/view/4450182332/;https://www.linkedin.com/jobs/view/4450182332/;On-site;Intern, Vendas / Comercial;12/08/2026;Diadema;São Paulo;SP;Região Sudeste;Brasil;América do Sul
373;Giordani Turismo Ltda;Consultor comercial;Bento Gonçalves, RS;12/08 00:00;https://www.linkedin.com/jobs/view/4452313972/;missing logo;Advanced > Specialist;https://www.linkedin.com/company/giordani-turismo-ltda/about/;Turismo e Viagens;sales OR account OR customer success manager OR client success OR developer relations OR technical writer;giordani turismo ltda;1;;https://www.linkedin.com/jobs/view/4452313972/;https://www.linkedin.com/jobs/view/4452313972/;On-site;Consultor, Vendas / Comercial;12/08/2026;Bento Gonçalves;Rio Grande do Sul;RS;Região Sul;Brasil;América do Sul
374;Giordani Turismo Ltda;Executivo de Vendas I;Bento Gonçalves, RS;12/08 00:00;https://www.linkedin.com/jobs/view/4452301665/;missing logo;-;https://www.linkedin.com/company/giordani-turismo-ltda/about/;Software e Serviços de TI;sales OR account OR customer success manager OR client success OR developer relations OR technical writer;giordani turismo ltda;1;;https://www.linkedin.com/jobs/view/4452301665/;https://www.linkedin.com/jobs/view/4452301665/;On-site;Vendas / Comercial;12/08/2026;Bento Gonçalves;Rio Grande do Sul;RS;Região Sul;Brasil;América do Sul
375;Google;Digital Transformation Manager, Google for Education (English, Portuguese);Belo Horizonte, MG;12/08 14:00;https://www.linkedin.com/jobs/view/4452727534/;https://media.licdn.com/dms/image/v2/D4E0BAQGv3cqOuUMY7g/company-logo_100_100/B4EZmhegXHGcAU-/0/1759350753990/google_logo?e=1788393600&v=beta&t=wHounX8zXUtuTYB5h9p2jk7N-5QTsNYzlILnuFPwJMo;Middle > Manager;https://www.linkedin.com/company/google/about/;Educação;sales OR account OR customer success manager OR client success OR developer relations OR technical writer;google;1;;https://www.linkedin.com/jobs/view/4452727534/;https://www.linkedin.com/jobs/view/4452727534/;On-site;Liderança/Gerência, TI/Tech, Educação;12/08/2026;;Minas Gerais;MG;Região Sudeste;Brasil;América do Sul
376;Google;Digital Transformation Manager, Google for Education (English, Portuguese);Grande São Paulo (SP) ;12/08 14:00;https://www.linkedin.com/jobs/view/4452724562/;https://media.licdn.com/dms/image/v2/D4E0BAQGv3cqOuUMY7g/company-logo_100_100/B4EZmhegXHGcAU-/0/1759350753990/google_logo?e=1788393600&v=beta&t=wHounX8zXUtuTYB5h9p2jk7N-5QTsNYzlILnuFPwJMo;Middle > Manager;https://www.linkedin.com/company/google/about/;Educação;sales OR account OR customer success manager OR client success OR developer relations OR technical writer;google;1;;https://www.linkedin.com/jobs/view/4452724562/;https://www.linkedin.com/jobs/view/4452724562/;On-site;Liderança/Gerência, TI/Tech, Educação;12/08/2026;;São Paulo;SP;Região Sudeste;Brasil;América do Sul
377;Google;Technical Solutions Consultant, gTech Ads Sellside (English, Portuguese);Grande São Paulo (SP) ;12/08 08:00;https://www.linkedin.com/jobs/view/4452391033/;https://media.licdn.com/dms/image/v2/D4E0BAQGv3cqOuUMY7g/company-logo_100_100/B4EZmhegXHGcAU-/0/1759350753990/google_logo?e=1788393600&v=beta&t=wHounX8zXUtuTYB5h9p2jk7N-5QTsNYzlILnuFPwJMo;Advanced > Specialist;https://www.linkedin.com/company/google/about/;Software e Serviços de TI;sales OR account OR customer success manager OR client success OR developer relations OR technical writer;google;1;;https://www.linkedin.com/jobs/view/4452391033/;https://www.linkedin.com/jobs/view/4452391033/;On-site;Consultor, TI/Tech;12/08/2026;;São Paulo;SP;Região Sudeste;Brasil;América do Sul
378;Graco;Account Manager;Porto Alegre, RS;12/08 11:00;https://www.linkedin.com/jobs/view/4441012987/;https://media.licdn.com/dms/image/v2/D560BAQGbGZnNRfVaRg/company-logo_100_100/B56ZvIsEakKwAQ-/0/1768598554642/gracoinc_logo?e=1788393600&v=beta&t=WV32FV1vXFo4aslX-VP1HLlCUkcdpvARh2t_vna40kU;Specific > Sales > Account;https://www.linkedin.com/company/graco/about/;-;sales OR account OR customer success manager OR client success OR developer relations OR technical writer;graco;1;;https://www.linkedin.com/jobs/view/4441012987/;https://www.linkedin.com/jobs/view/4441012987/;Remote;Liderança/Gerência, Executivo de Contas;12/08/2026;Porto Alegre;Rio Grande do Sul;RS;Região Sul;Brasil;América do Sul
379;Graco;Associate Manager, Channel Sales;São Paulo, SP;12/08 11:00;https://www.linkedin.com/jobs/view/4441012986/;https://media.licdn.com/dms/image/v2/D560BAQGbGZnNRfVaRg/company-logo_100_100/B56ZvIsEakKwAQ-/0/1768598554642/gracoinc_logo?e=1788393600&v=beta&t=WV32FV1vXFo4aslX-VP1HLlCUkcdpvARh2t_vna40kU;Middle > Manager;https://www.linkedin.com/company/graco/about/;Vendas e Suporte;sales OR account OR customer success manager OR client success OR developer relations OR technical writer;graco;1;;https://www.linkedin.com/jobs/view/4441012986/;https://www.linkedin.com/jobs/view/4441012986/;Not informed;Associate, Liderança/Gerência, Vendas / Comercial;12/08/2026;São Paulo;São Paulo;SP;Região Sudeste;Brasil;América do Sul
380;Granado Pharmácias | Perfumaria Phebo;Executivo de Vendas Key Account (Cash) - SP;São Paulo, SP;12/08 16:00;https://www.linkedin.com/jobs/view/4453350041/;https://media.licdn.com/dms/image/v2/D4D0BAQHr1rcVZMUtNA/company-logo_100_100/company-logo_100_100/0/1684872908017?e=1788393600&v=beta&t=ICGbru0yo9TpkghdMAFDSp52gqT3HTVJNfFQnTTc-Hg;Specific > Sales > Account;https://www.linkedin.com/company/granado-pharm-cias-perfumaria-phebo/about/;Software e Serviços de TI;sales OR account OR customer success manager OR client success OR developer relations OR technical writer;granado pharmácias | perfumaria phebo;1;;https://www.linkedin.com/jobs/view/4453350041/;https://www.linkedin.com/jobs/view/4453350041/;On-site;Vendas / Comercial;12/08/2026;São Paulo;São Paulo;SP;Região Sudeste;Brasil;América do Sul
381;Green House Curitiba;Consultor de vendas;Curitiba, PR;12/08 11:00;https://www.linkedin.com/jobs/view/4450133986/;https://media.licdn.com/dms/image/v2/D4E0BAQEuLiCakhSBzA/company-logo_100_100/B4EZ5luJTXIwAQ-/0/1779823056309?e=1788393600&v=beta&t=1DzuCRAfO82OHPUrXhCOJOMk4yNJOj2Y3fVPWSCLM_o;Advanced > Specialist;https://www.linkedin.com/company/green-house-curitiba/about/;Software e Serviços de TI;sales OR account OR customer success manager OR client success OR developer relations OR technical writer;green house curitiba;1;;https://www.linkedin.com/jobs/view/4450133986/;https://www.linkedin.com/jobs/view/4450133986/;On-site;Consultor, Vendas / Comercial;12/08/2026;;Paraná;PR;Região Sul;Brasil;América do Sul
382;Greif;Senior Sales Executive;SP;12/08 12:00;https://www.linkedin.com/jobs/view/4443517154/;https://media.licdn.com/dms/image/v2/D560BAQFwan5fn8UUXw/company-logo_100_100/company-logo_100_100/0/1691436112072/greif_logo?e=1788393600&v=beta&t=aVJEAPjnKqUFQIeC-7GRmvNdcjulwWSMOvvUVKgHF-o;-;https://www.linkedin.com/company/greif/about/;Software e Serviços de TI;sales OR account OR customer success manager OR client success OR developer relations OR technical writer;greif;1;;https://www.linkedin.com/jobs/view/4443517154/;https://www.linkedin.com/jobs/view/4443517154/;Not informed;Senior, Vendas / Comercial;12/08/2026;;São Paulo;SP;Região Sudeste;Brasil;América do Sul
383;Grupo Autoglass;Supervisor Comercial | Autoglass;Vila Velha, ES;12/08 08:00;https://www.linkedin.com/jobs/view/4450133118/;https://media.licdn.com/dms/image/v2/D4D0BAQHcQgvGfqADww/company-logo_100_100/company-logo_100_100/0/1711141521857/autoglass___brasil_logo?e=1788393600&v=beta&t=uDR9LYmWhrV1RW80cVw93L-tXebocWr4GLREN2uNC1I;Middle > Manager;https://www.linkedin.com/company/grupo-autoglass/about/;Vendas e Suporte;sales OR account OR customer success manager OR client success OR developer relations OR technical writer;grupo autoglass;1;;https://www.linkedin.com/jobs/view/4450133118/;https://www.linkedin.com/jobs/view/4450133118/;On-site;Mid, Liderança/Gerência, Vendas / Comercial;12/08/2026;Vila Velha;Espírito Santo;ES;Região Sudeste;Brasil;América do Sul
384;Grupo Autus;Operador de Relacionamento SDR;Uberlândia, MG;12/08 20:00;https://www.linkedin.com/jobs/view/4453390505/;https://media.licdn.com/dms/image/v2/D4D0BAQFlB_2pto0k-w/company-logo_100_100/company-logo_100_100/0/1710874295116/autuschevrolet_logo?e=1788393600&v=beta&t=ZgPpm5xYih3xXmn-N2tCH3Fe2Wx6oYnj_oVmvpHXrGQ;-;https://www.linkedin.com/company/grupo-autus/about/;-;sales OR account OR customer success manager OR client success OR developer relations OR technical writer;grupo autus;1;;https://www.linkedin.com/jobs/view/4453390505/;https://www.linkedin.com/jobs/view/4453390505/;Not informed;Vendas / Comercial;12/08/2026;Uberlândia;Minas Gerais;MG;Região Sudeste;Brasil;América do Sul
385;Grupo Bertolini;Consultor de Vendas de Automação Bertolini Sistemas de Armazenagem -RS - Região Metropolitana de Recife;Mutuípe, BA;12/08 00:00;https://www.linkedin.com/jobs/view/4452344008/;https://media.licdn.com/dms/image/v2/D4D0BAQHKdHR7fuVZig/company-logo_100_100/B4DZjOdGrLHsAQ-/0/1755810393941/grupobertolini_logo?e=1788393600&v=beta&t=rLjV1zA4p9qbbnD4FSDNqQn-XiErBX981QOPPgMZRMI;Advanced > Process & Automation;https://www.linkedin.com/company/grupo-bertolini/about/;Software e Serviços de TI;sales OR account OR customer success manager OR client success OR developer relations OR technical writer;grupo bertolini;1;;https://www.linkedin.com/jobs/view/4452344008/;https://www.linkedin.com/jobs/view/4452344008/;On-site;Consultor, TI/Tech, Vendas / Comercial;12/08/2026;Mutuípe;Bahia;BA;Região Nordeste;Brasil;América do Sul
386;Grupo Bertolini;Key Account Manager Bertolini Móveis - RS;Mutuípe, BA;12/08 00:00;https://www.linkedin.com/jobs/view/4452332017/;https://media.licdn.com/dms/image/v2/D4D0BAQHKdHR7fuVZig/company-logo_100_100/B4DZjOdGrLHsAQ-/0/1755810393941/grupobertolini_logo?e=1788393600&v=beta&t=rLjV1zA4p9qbbnD4FSDNqQn-XiErBX981QOPPgMZRMI;Specific > Sales > Account;https://www.linkedin.com/company/grupo-bertolini/about/;-;sales OR account OR customer success manager OR client success OR developer relations OR technical writer;grupo bertolini;1;;https://www.linkedin.com/jobs/view/4452332017/;https://www.linkedin.com/jobs/view/4452332017/;On-site;Liderança/Gerência, Executivo de Contas;12/08/2026;Mutuípe;Bahia;BA;Região Nordeste;Brasil;América do Sul
387;Grupo Beta X;Vendedor;Toledo, PR;12/08 10:00;https://www.linkedin.com/jobs/view/4450133672/;https://media.licdn.com/dms/image/v2/D4E0BAQHYvcG51178Lg/company-logo_100_100/B4EZo3aGaHIQAQ-/0/1761866180706/betagrupo_logo?e=1788393600&v=beta&t=9qC5GjCE3-_FMwN7wSJM6YbLXLNKG19kNeCXAZE16Bo;-;https://www.linkedin.com/company/grupo-beta-x/about/;-;sales OR account OR customer success manager OR client success OR developer relations OR technical writer;grupo beta x;1;;https://www.linkedin.com/jobs/view/4450133672/;https://www.linkedin.com/jobs/view/4450133672/;On-site;Vendas / Comercial;12/08/2026;Toledo;Paraná;PR;Região Sul;Brasil;América do Sul
388;Grupo Carburgo;Consultor a SingDrive;Grande Porto Alegre (RS);12/08 00:00;https://www.linkedin.com/jobs/view/4452305735/;https://media.licdn.com/dms/image/v2/D4D0BAQFYQ1Ox_9V3_w/company-logo_100_100/B4DZxxGuPQG0AQ-/0/1771424114004/grupocarburgo_logo?e=1788393600&v=beta&t=uN-Z-71INy48jC01goEswhRIdyRCVZqasW_IH3xclK0;Advanced > Specialist;https://www.linkedin.com/company/grupo-carburgo/about/;-;sales OR account OR customer success manager OR client success OR developer relations OR technical writer;grupo carburgo;1;;https://www.linkedin.com/jobs/view/4452305735/;https://www.linkedin.com/jobs/view/4452305735/;On-site;Consultor;12/08/2026;;Rio Grande do Sul;RS;Região Sul;Brasil;América do Sul
389;Grupo Carburgo;Consultora de Vendas Externa;Novo Hamburgo, RS;12/08 00:00;https://www.linkedin.com/jobs/view/4452310902/;https://media.licdn.com/dms/image/v2/D4D0BAQFYQ1Ox_9V3_w/company-logo_100_100/B4DZxxGuPQG0AQ-/0/1771424114004/grupocarburgo_logo?e=1788393600&v=beta&t=uN-Z-71INy48jC01goEswhRIdyRCVZqasW_IH3xclK0;Advanced > Specialist;https://www.linkedin.com/company/grupo-carburgo/about/;Vendas e Suporte;sales OR account OR customer success manager OR client success OR developer relations OR technical writer;grupo carburgo;1;;https://www.linkedin.com/jobs/view/4452310902/;https://www.linkedin.com/jobs/view/4452310902/;On-site;Consultor, Vendas / Comercial;12/08/2026;;Rio Grande do Sul;RS;Região Sul;Brasil;América do Sul
390;Grupo Casas Bahia;Analista Retail Media Sênior;São Paulo, SP;12/08 19:00;https://www.linkedin.com/jobs/view/4453370583/;https://media.licdn.com/dms/image/v2/D4D0BAQFbr9CklvtFUQ/company-logo_100_100/company-logo_100_100/0/1735854764145/grupocasasbahia_logo?e=1788393600&v=beta&t=U9I5Aq40zKiAuOT83oRtUsUf6umUyIICePWcfutxsrw;Advanced > Specialist;https://www.linkedin.com/company/grupo-casas-bahia/about/;Mídia e Entretenimento;sales OR account OR customer success manager OR client success OR developer relations OR technical writer;grupo casas bahia;1;;https://www.linkedin.com/jobs/view/4453370583/;https://www.linkedin.com/jobs/view/4453370583/;Not informed;Senior, Associate, Marketing/Mídia, Varejo;12/08/2026;São Paulo;São Paulo;SP;Região Sudeste;Brasil;América do Sul
391;Grupo Cindapa;ASSESSOR COMERCIAL;Porto Alegre, RS;12/08 14:00;https://www.linkedin.com/jobs/view/4453160162/;https://media.licdn.com/dms/image/v2/D4D0BAQGK8BUlKajNuA/company-logo_100_100/B4DZny2V4SIgAQ-/0/1760715956314/cindapa_logo?e=1788393600&v=beta&t=_msn1LG3LCarzGG-cCUl5350HqN-3-CzIxYMxX-q028;-;https://www.linkedin.com/company/grupo-cindapa/about/;Vendas e Suporte;sales OR account OR customer success manager OR client success OR developer relations OR technical writer;grupo cindapa;1;;https://www.linkedin.com/jobs/view/4453160162/;https://www.linkedin.com/jobs/view/4453160162/;On-site;Vendas / Comercial;12/08/2026;Porto Alegre;Rio Grande do Sul;RS;Região Sul;Brasil;América do Sul
392;Grupo Cindapa;ASSESSOR COMERCIAL;Venâncio Aires, RS;12/08 14:00;https://www.linkedin.com/jobs/view/4453150198/;https://media.licdn.com/dms/image/v2/D4D0BAQGK8BUlKajNuA/company-logo_100_100/B4DZny2V4SIgAQ-/0/1760715956314/cindapa_logo?e=1788393600&v=beta&t=_msn1LG3LCarzGG-cCUl5350HqN-3-CzIxYMxX-q028;-;https://www.linkedin.com/company/grupo-cindapa/about/;Vendas e Suporte;sales OR account OR customer success manager OR client success OR developer relations OR technical writer;grupo cindapa;1;;https://www.linkedin.com/jobs/view/4453150198/;https://www.linkedin.com/jobs/view/4453150198/;On-site;Vendas / Comercial;12/08/2026;Venâncio Aires;Rio Grande do Sul;RS;Região Sul;Brasil;América do Sul
393;Grupo Comolatti;Gerente comercial;São Paulo, SP;12/08 10:00;https://www.linkedin.com/jobs/view/4450134703/;https://media.licdn.com/dms/image/v2/D4D0BAQFX6gFy8kN-yw/company-logo_100_100/company-logo_100_100/0/1689789575541/comolatti_grupo_logo?e=1788393600&v=beta&t=93IL4tw_GkKCGZClLML-eepIPvPXY46WGpZwbR3YGhg;Middle > Manager;https://www.linkedin.com/company/grupo-comolatti/about/;Software e Serviços de TI;sales OR account OR customer success manager OR client success OR developer relations OR technical writer;grupo comolatti;1;;https://www.linkedin.com/jobs/view/4450134703/;https://www.linkedin.com/jobs/view/4450134703/;On-site;Mid, Liderança/Gerência, Vendas / Comercial;12/08/2026;São Paulo;São Paulo;SP;Região Sudeste;Brasil;América do Sul
394;Grupo Cultivar;CONSULTOR VENDAS - Boqueirão;Boqueirão, PB;12/08 00:00;https://www.linkedin.com/jobs/view/4452329112/;https://media.licdn.com/dms/image/v2/D4D0BAQGMegcUUhioqA/company-logo_100_100/company-logo_100_100/0/1693492367520/grupo_cultivar_logo?e=1788393600&v=beta&t=bjOzOES9hUREZia4nO70nSOwczU92Pc76Mv_NWf0MUI;Advanced > Specialist;https://www.linkedin.com/company/grupo-cultivar/about/;Software e Serviços de TI;sales OR account OR customer success manager OR client success OR developer relations OR technical writer;grupo cultivar;1;;https://www.linkedin.com/jobs/view/4452329112/;https://www.linkedin.com/jobs/view/4452329112/;On-site;Consultor, Vendas / Comercial;12/08/2026;Boqueirão;Paraíba;PB;Região Nordeste;Brasil;América do Sul
395;Grupo Educar Mais;Coordenação Comercial - Ensino Superior;São Paulo, SP;12/08 17:00;https://www.linkedin.com/jobs/view/4450179371/;https://media.licdn.com/dms/image/v2/C4E0BAQFmSbOOaNiLww/company-logo_100_100/company-logo_100_100/0/1630633340407/grupo_educar_mais_brasil_logo?e=1788393600&v=beta&t=lg1L28LSouOrl_GBFBrEaHfDx7IMDdnaSo56OYQ-llU;-;https://www.linkedin.com/company/grupo-educar-mais/about/;Vendas e Suporte;sales OR account OR customer success manager OR client success OR developer relations OR technical writer;grupo educar mais;1;;https://www.linkedin.com/jobs/view/4450179371/;https://www.linkedin.com/jobs/view/4450179371/;Not informed;Mid, Vendas / Comercial;12/08/2026;São Paulo;São Paulo;SP;Região Sudeste;Brasil;América do Sul
396;Grupo Emtel;Analista Comercial de Transporte;Contagem, MG;12/08 12:00;https://www.linkedin.com/jobs/view/4450164021/;https://media.licdn.com/dms/image/v2/D4D0BAQHsSoyiZlRvlQ/company-logo_100_100/B4DZd90DKeGkAU-/0/1750162486328/grupoemtel_logo?e=1788393600&v=beta&t=VE6ujFHBoM2OlBGWColw7hGm0uqDlrOYTumxylzfv4w;Advanced > Specialist;https://www.linkedin.com/company/grupo-emtel/about/;Transporte e Mobilidade;sales OR account OR customer success manager OR client success OR developer relations OR technical writer;grupo emtel;1;;https://www.linkedin.com/jobs/view/4450164021/;https://www.linkedin.com/jobs/view/4450164021/;On-site;Associate, Vendas / Comercial;12/08/2026;;Minas Gerais;MG;Região Sudeste;Brasil;América do Sul
397;Grupo Energisa;EXECUTIVO DE VENDAS II | INSIDE SALES;Uberlândia, MG;12/08 00:00;https://www.linkedin.com/jobs/view/4452308543/;https://media.licdn.com/dms/image/v2/D4D0BAQEIbLHLAK28aw/company-logo_100_100/B4DZ.lKI00JMAI-/0/1785182326312/energisa_logo?e=1788393600&v=beta&t=yWf_JzV0tQsaxiTTUlmGodEufKnLsUpJ7cI-A6sjJz0;-;https://www.linkedin.com/company/grupo-energisa/about/;Software e Serviços de TI;sales OR account OR customer success manager OR client success OR developer relations OR technical writer;grupo energisa;1;;https://www.linkedin.com/jobs/view/4452308543/;https://www.linkedin.com/jobs/view/4452308543/;Not informed;Vendas / Comercial;12/08/2026;Uberlândia;Minas Gerais;MG;Região Sudeste;Brasil;América do Sul
398;Grupo FB;Analista Comercial;Bauru, SP;12/08 14:00;https://www.linkedin.com/jobs/view/4449875327/;https://media.licdn.com/dms/image/v2/D4E0BAQGTlX4rBi_Ohg/company-logo_100_100/B4EZ.EeKGaKIAI-/0/1784633926260?e=1788393600&v=beta&t=V4uyel0kUlmsXRkyU2K0Bj7ykhl7mMBjXyMMlsUtl7E;Advanced > Specialist;https://www.linkedin.com/company/grupo-fb/about/;Vendas e Suporte;sales OR account OR customer success manager OR client success OR developer relations OR technical writer;grupo fb;1;;https://www.linkedin.com/jobs/view/4449875327/;https://www.linkedin.com/jobs/view/4449875327/;On-site;Associate, Vendas / Comercial;12/08/2026;Bauru;São Paulo;SP;Região Sudeste;Brasil;América do Sul
399;Grupo Flamen;BDR;Brasil;12/08 18:00;https://www.linkedin.com/jobs/view/4450188295/;https://media.licdn.com/dms/image/v2/D4D0BAQE-CAbBY5Z9Vg/company-logo_100_100/B4DZ9YHFUZJsAI-/0/1783889679882?e=1788393600&v=beta&t=fy1kc4dmLc9DxU79SCef5brz4EnK02AZr6kgx5ioWC4;-;https://www.linkedin.com/company/grupo-flamen/about/;-;sales OR account OR customer success manager OR client success OR developer relations OR technical writer;grupo flamen;1;;https://www.linkedin.com/jobs/view/4450188295/;https://www.linkedin.com/jobs/view/4450188295/;Remote;Vendas / Comercial;12/08/2026;;;;;Brasil;América do Sul
400;Grupo HDI;EXECUTIVO(A) COMERCIAL II | GOIÁS;Goiânia, GO;12/08 14:00;https://www.linkedin.com/jobs/view/4432324920/;https://media.licdn.com/dms/image/v2/D4D0BAQFj8dki1yZjwQ/company-logo_100_100/company-logo_100_100/0/1718709457637/hdi_seguros_logo?e=1788393600&v=beta&t=ohWj3Evt5HD-WysiXgfA3V7u4bp9w4k86EjTiQVzp_w;-;https://www.linkedin.com/company/grupo-hdi/about/;Software e Serviços de TI;sales OR account OR customer success manager OR client success OR developer relations OR technical writer;grupo hdi;1;;https://www.linkedin.com/jobs/view/4432324920/;https://www.linkedin.com/jobs/view/4432324920/;On-site;Vendas / Comercial;12/08/2026;Goiânia;Goiás;GO;Região Centro-Oeste;Brasil;América do Sul
401;Grupo Heanlu;Representante comercial de vendas;São José do Rio Preto, SP;12/08 17:00;https://www.linkedin.com/jobs/view/4450169931/;https://media.licdn.com/dms/image/v2/D4E0BAQFEiAU7AyNqgA/company-logo_100_100/company-logo_100_100/0/1719258091035?e=1788393600&v=beta&t=i6Ddhi3rJ-Uh0WoQrpNXiBBciAOAINKoCoP3Zs_yDhI;-;https://www.linkedin.com/company/grupo-heanlu/about/;Vendas e Suporte;sales OR account OR customer success manager OR client success OR developer relations OR technical writer;grupo heanlu;1;;https://www.linkedin.com/jobs/view/4450169931/;https://www.linkedin.com/jobs/view/4450169931/;On-site;Vendas / Comercial;12/08/2026;São José do Rio Preto;São Paulo;SP;Região Sudeste;Brasil;América do Sul
402;Grupo Hi S/A;Consultor de vendas;João Pessoa, PB;12/08 12:00;https://www.linkedin.com/jobs/view/4448064356/;https://media.licdn.com/dms/image/v2/D4D0BAQGU2IY8LP4gdw/company-logo_100_100/company-logo_100_100/0/1704907940871/grupo_hi_logo?e=1788393600&v=beta&t=EqH1SSja79uN48cbBvWYkFxSGz6QD16z9YAPPv0vIqI;Advanced > Specialist;https://www.linkedin.com/company/grupo-hi-s-a/about/;Vendas e Suporte;sales OR account OR customer success manager OR client success OR developer relations OR technical writer;grupo hi s/a;1;;https://www.linkedin.com/jobs/view/4448064356/;https://www.linkedin.com/jobs/view/4448064356/;On-site;Consultor, Vendas / Comercial;12/08/2026;João Pessoa;Paraíba;PB;Região Nordeste;Brasil;América do Sul
403;Grupo Inrise;Vendas - Resinas para Tintas e Revestimentos;Guarulhos, SP;12/08 15:00;https://www.linkedin.com/jobs/view/4450172678/;https://media.licdn.com/dms/image/v2/C4D0BAQFfJXYsXYYIUw/company-logo_100_100/company-logo_100_100/0/1638304914399/grupo_inrise_logo?e=1788393600&v=beta&t=pvUEAduFxmnW3Z2F35EcAsVuhYT6_vlTq26fy7NSEek;-;https://www.linkedin.com/company/grupo-inrise/about/;Software e Serviços de TI;sales OR account OR customer success manager OR client success OR developer relations OR technical writer;grupo inrise;1;;https://www.linkedin.com/jobs/view/4450172678/;https://www.linkedin.com/jobs/view/4450172678/;On-site;Vendas / Comercial;12/08/2026;Guarulhos;São Paulo;SP;Região Sudeste;Brasil;América do Sul
404;Grupo JAV;Vendedor Interno Cooperado;Manaus, AM;12/08 18:00;https://www.linkedin.com/jobs/view/4453374204/;https://media.licdn.com/dms/image/v2/D4D0BAQHJ0nhG0O-t_g/company-logo_100_100/B4DZ23Qu8TIYAU-/0/1776896110826/grupo_jav_logo?e=1788393600&v=beta&t=bDJ8KVGqgFpWfXPGUDdrqNPnP4GpDS7r18yJQ5TEBQM;-;https://www.linkedin.com/company/grupo-jav/about/;-;sales OR account OR customer success manager OR client success OR developer relations OR technical writer;grupo jav;1;;https://www.linkedin.com/jobs/view/4453374204/;https://www.linkedin.com/jobs/view/4453374204/;On-site;Intern, Vendas / Comercial;12/08/2026;;Amazonas;AM;Região Norte;Brasil;América do Sul
405;Grupo MedSystems;ESPECIALISTA DE PRODUTO | DEMONSTRATOR TÉCNICO;São Paulo, SP;12/08 08:00;https://www.linkedin.com/jobs/view/4450143067/;https://media.licdn.com/dms/image/v2/D4D0BAQF9U6lrforgfQ/company-logo_100_100/B4DZ1AGSYCGoAU-/0/1774896883663/grupo_medsystems_comercio_importacao_e_exportacao_ltda_logo?e=1788393600&v=beta&t=w1JAlEu13xHrOiQ3JwaKonPI06Hd-TJCegGBdP54hv0;Advanced > Specialist;https://www.linkedin.com/company/grupo-medsystems/about/;-;sales OR account OR customer success manager OR client success OR developer relations OR technical writer;grupo medsystems;1;;https://www.linkedin.com/jobs/view/4450143067/;https://www.linkedin.com/jobs/view/4450143067/;On-site;Specialist;12/08/2026;São Paulo;São Paulo;SP;Região Sudeste;Brasil;América do Sul
406;Grupo Multiluz;Consultor Comercial Externo;Belo Horizonte, MG;12/08 12:00;https://www.linkedin.com/jobs/view/4450168086/;https://media.licdn.com/dms/image/v2/D4D0BAQGMgmhu4YA0rA/company-logo_100_100/B4DZ1DqQZUGoAQ-/0/1774956645034/grupo_multiluz_logo?e=1788393600&v=beta&t=2MggF1GMAalC_ScIzL6lODDHKimgOCn6Up3kdrMq3z0;Advanced > Specialist;https://www.linkedin.com/company/grupo-multiluz/about/;Software e Serviços de TI;sales OR account OR customer success manager OR client success OR developer relations OR technical writer;grupo multiluz;1;;https://www.linkedin.com/jobs/view/4450168086/;https://www.linkedin.com/jobs/view/4450168086/;On-site;Consultor, Vendas / Comercial;12/08/2026;;Minas Gerais;MG;Região Sudeste;Brasil;América do Sul
407;Grupo Navesa;Assistente de Vendas;Goiânia, GO;12/08 00:00;https://www.linkedin.com/jobs/view/4452307614/;https://media.licdn.com/dms/image/v2/D4D0BAQH8qp8Zz3ot_Q/company-logo_100_100/B4DZy9n8xsHcAQ-/0/1772707892726/grupo_navesa_logo?e=1788393600&v=beta&t=jrDDmn9Vr1ND1o9EPqbBynfNzZ9mW08dxrLE780Otaw;-;https://www.linkedin.com/company/grupo-navesa/about/;Vendas e Suporte;sales OR account OR customer success manager OR client success OR developer relations OR technical writer;grupo navesa;1;;https://www.linkedin.com/jobs/view/4452307614/;https://www.linkedin.com/jobs/view/4452307614/;On-site;Associate, Vendas / Comercial;12/08/2026;Goiânia;Goiás;GO;Região Centro-Oeste;Brasil;América do Sul
408;Grupo OLX;Pessoa Executiva de Vendas - Bauru (Autos);Bauru, SP;12/08 14:00;https://www.linkedin.com/jobs/view/4453146733/;https://media.licdn.com/dms/image/v2/D4D0BAQFYyCLqESAtWg/company-logo_100_100/B4DZ50jNZtJEAI-/0/1780071848050/grupoolx_logo?e=1788393600&v=beta&t=5nnUmYEaD_LsoUBbljyRCV9HU5caZ63kgk3RMq1YQgo;-;https://www.linkedin.com/company/grupo-olx/about/;Software e Serviços de TI;sales OR account OR customer success manager OR client success OR developer relations OR technical writer;grupo olx;1;;https://www.linkedin.com/jobs/view/4453146733/;https://www.linkedin.com/jobs/view/4453146733/;Not informed;PCD / Afirmativa, Vendas / Comercial;12/08/2026;Bauru;São Paulo;SP;Região Sudeste;Brasil;América do Sul
409;Grupo PMZ;AM02 | CONSULTOR(A) KEY ACCOUNT;Manaus, AM;12/08 19:00;https://www.linkedin.com/jobs/view/4450192516/;https://media.licdn.com/dms/image/v2/C560BAQEPDwAC1Iis5g/company-logo_100_100/company-logo_100_100/0/1630597843362/pmzpeasepneus_logo?e=1788393600&v=beta&t=hcM0DJybymBmjZuDHZ-z5ti_K-E8mTjgFO7yb0B0_Y8;Specific > Sales > Account;https://www.linkedin.com/company/grupo-pmz/about/;-;sales OR account OR customer success manager OR client success OR developer relations OR technical writer;grupo pmz;1;;https://www.linkedin.com/jobs/view/4450192516/;https://www.linkedin.com/jobs/view/4450192516/;On-site;Consultor;12/08/2026;;Amazonas;AM;Região Norte;Brasil;América do Sul
410;Grupo Petrópolis;Executivo de vendas;Belém, PA;12/08 12:00;https://www.linkedin.com/jobs/view/4452723172/;https://media.licdn.com/dms/image/v2/C4D0BAQGLjRxxls5A8g/company-logo_100_100/company-logo_100_100/0/1630525432124/grupo_petropolis_logo?e=1788393600&v=beta&t=bYfJ7t3aYCu96whE3GCJu9aUTA21xMLKvfE7NC3ioU4;-;https://www.linkedin.com/company/grupo-petr-polis/about/;Cuidado Animal;sales OR account OR customer success manager OR client success OR developer relations OR technical writer;grupo petrópolis;1;;https://www.linkedin.com/jobs/view/4452723172/;https://www.linkedin.com/jobs/view/4452723172/;On-site;Vendas / Comercial;12/08/2026;Belém;Pará;PA;Região Norte;Brasil;América do Sul
411;Grupo Petrópolis;CONSULTOR VENDAS AS II;Grande Belem;12/08 18:00;https://www.linkedin.com/jobs/view/4453377064/;https://media.licdn.com/dms/image/v2/C4D0BAQGLjRxxls5A8g/company-logo_100_100/company-logo_100_100/0/1630525432124/grupo_petropolis_logo?e=1788393600&v=beta&t=bYfJ7t3aYCu96whE3GCJu9aUTA21xMLKvfE7NC3ioU4;Advanced > Specialist;https://www.linkedin.com/company/grupo-petr-polis/about/;Cuidado Animal;sales OR account OR customer success manager OR client success OR developer relations OR technical writer;grupo petrópolis;1;;https://www.linkedin.com/jobs/view/4453377064/;https://www.linkedin.com/jobs/view/4453377064/;Not informed;Consultor, Vendas / Comercial;12/08/2026;;Pernambuco;PE;Região Nordeste;Brasil;América do Sul
412;Grupo Petrópolis;Executivo de vendas;Porto Alegre, RS;12/08 16:00;https://www.linkedin.com/jobs/view/4450176374/;https://media.licdn.com/dms/image/v2/C4D0BAQGLjRxxls5A8g/company-logo_100_100/company-logo_100_100/0/1630525432124/grupo_petropolis_logo?e=1788393600&v=beta&t=bYfJ7t3aYCu96whE3GCJu9aUTA21xMLKvfE7NC3ioU4;-;https://www.linkedin.com/company/grupo-petr-polis/about/;Cuidado Animal;sales OR account OR customer success manager OR client success OR developer relations OR technical writer;grupo petrópolis;1;;https://www.linkedin.com/jobs/view/4450176374/;https://www.linkedin.com/jobs/view/4450176374/;On-site;Vendas / Comercial;12/08/2026;Porto Alegre;Rio Grande do Sul;RS;Região Sul;Brasil;América do Sul
413;Grupo Raizato;Assistente Comercial;Maringá, PR;12/08 09:00;https://www.linkedin.com/jobs/view/4450140402/;https://media.licdn.com/dms/image/v2/D4D0BAQGW0xnEA29QeA/company-logo_100_100/company-logo_100_100/0/1680551686275/gruporaizato_logo?e=1788393600&v=beta&t=A4HTun4b6N16lw0D9KUQFVJjEzgPSOmTI5yL2VTEGbI;-;https://www.linkedin.com/company/grupo-raizato/about/;Vendas e Suporte;sales OR account OR customer success manager OR client success OR developer relations OR technical writer;grupo raizato;1;;https://www.linkedin.com/jobs/view/4450140402/;https://www.linkedin.com/jobs/view/4450140402/;Hybrid;Associate, Vendas / Comercial;12/08/2026;Maringá;Paraná;PR;Região Sul;Brasil;América do Sul
414;Grupo Roma Brasil;ASSISTENTE DE PROSPECÇÃO;Contagem, MG;12/08 08:00;https://www.linkedin.com/jobs/view/4450145073/;https://media.licdn.com/dms/image/v2/C4E0BAQEnTEemomhpzQ/company-logo_100_100/company-logo_100_100/0/1630616061128/grupo_roma_brasil_logo?e=1788393600&v=beta&t=fmcwuygdhKxbfyyjKPQ5axz4R45amIav8MuEuva0XRc;-;https://www.linkedin.com/company/grupo-roma-brasil/about/;-;sales OR account OR customer success manager OR client success OR developer relations OR technical writer;grupo roma brasil;1;;https://www.linkedin.com/jobs/view/4450145073/;https://www.linkedin.com/jobs/view/4450145073/;On-site;Associate;12/08/2026;;Minas Gerais;MG;Região Sudeste;Brasil;América do Sul
415;Grupo Rosa Maria;ASSISTENTE DE VENDAS (FATURAMENTO);Brusque, SC;12/08 10:00;https://www.linkedin.com/jobs/view/4453122207/;https://media.licdn.com/dms/image/v2/D4D0BAQEC_klVUgpo7A/company-logo_100_100/B4DZ1x_uA_KAAc-/0/1775734022912/grupo_rosa_maria_logo?e=1788393600&v=beta&t=-Iuq6Dyeg6cmgNn8N2aBgHiMUpLY251nD0WJbR0AJx8;-;https://www.linkedin.com/company/grupo-rosa-maria/about/;Vendas e Suporte;sales OR account OR customer success manager OR client success OR developer relations OR technical writer;grupo rosa maria;1;;https://www.linkedin.com/jobs/view/4453122207/;https://www.linkedin.com/jobs/view/4453122207/;On-site;Associate, Vendas / Comercial;12/08/2026;Brusque;Santa Catarina;SC;Região Sul;Brasil;América do Sul
416;Grupo Saga;Gerente de Pós Vendas;Cuiabá, MT;12/08 14:00;https://www.linkedin.com/jobs/view/4453167102/;https://media.licdn.com/dms/image/v2/C4D0BAQGhIwSrTUa2pw/company-logo_100_100/company-logo_100_100/0/1672233518846/grupo_saga_logo?e=1788393600&v=beta&t=gXqMlx15icvjDNEYVyGEEbc9hPBLlWI4JcZwPhQ995c;Middle > Manager;https://www.linkedin.com/company/grupo-saga/about/;Vendas e Suporte;sales OR account OR customer success manager OR client success OR developer relations OR technical writer;grupo saga;1;;https://www.linkedin.com/jobs/view/4453167102/;https://www.linkedin.com/jobs/view/4453167102/;On-site;Mid, Liderança/Gerência, Vendas / Comercial;12/08/2026;Cuiabá;Mato Grosso;MT;Região Centro-Oeste;Brasil;América do Sul
417;Grupo Saga;QUALIFICADOR DE LEADS;Goiânia, GO;12/08 14:00;https://www.linkedin.com/jobs/view/4453162141/;https://media.licdn.com/dms/image/v2/C4D0BAQGhIwSrTUa2pw/company-logo_100_100/company-logo_100_100/0/1672233518846/grupo_saga_logo?e=1788393600&v=beta&t=gXqMlx15icvjDNEYVyGEEbc9hPBLlWI4JcZwPhQ995c;Middle > Manager;https://www.linkedin.com/company/grupo-saga/about/;-;sales OR account OR customer success manager OR client success OR developer relations OR technical writer;grupo saga;1;;https://www.linkedin.com/jobs/view/4453162141/;https://www.linkedin.com/jobs/view/4453162141/;On-site;Mid, Liderança/Gerência;12/08/2026;Goiânia;Goiás;GO;Região Centro-Oeste;Brasil;América do Sul
418;Grupo Santa Clara;Consultor(a) Técnico(a) de Vendas | Primavera do Leste (MT);Primavera do Leste, MT;12/08 14:00;https://www.linkedin.com/jobs/view/4450170380/;https://media.licdn.com/dms/image/v2/D4D0BAQF_beUgZU7Xrg/company-logo_100_100/B4DZWWOabqGkAQ-/0/1741982116007/gruposantaclara_logo?e=1788393600&v=beta&t=vmvuYLCjgTujfSuajcKzYtm2e_Q9SgA3ldJgaWDhiuY;Advanced > Specialist;https://www.linkedin.com/company/grupo-santa-clara/about/;Vendas e Suporte;sales OR account OR customer success manager OR client success OR developer relations OR technical writer;grupo santa clara;1;;https://www.linkedin.com/jobs/view/4450170380/;https://www.linkedin.com/jobs/view/4450170380/;On-site;Consultor, Vendas / Comercial;12/08/2026;Primavera do Leste;Mato Grosso;MT;Região Centro-Oeste;Brasil;América do Sul
419;Grupo Senff;Executivo de Negócios Sênior - Soluções Empresariais;Porto Alegre, RS;12/08 14:00;https://www.linkedin.com/jobs/view/4453165106/;https://media.licdn.com/dms/image/v2/C510BAQG28HNY-aFi0g/company-logo_100_100/company-logo_100_100/0/1631337092281?e=1788393600&v=beta&t=a4wT6UX1NH2ynO5tUiajUbWG900qllXdcr5OblHsoKI;-;https://www.linkedin.com/company/grupo-senff/about/;Software e Serviços de TI;sales OR account OR customer success manager OR client success OR developer relations OR technical writer;grupo senff;1;;https://www.linkedin.com/jobs/view/4453165106/;https://www.linkedin.com/jobs/view/4453165106/;On-site;Senior;12/08/2026;Porto Alegre;Rio Grande do Sul;RS;Região Sul;Brasil;América do Sul
420;Grupo Sereno;Representante externo de vendas;Santos, SP;12/08 21:00;https://www.linkedin.com/jobs/view/4450408175/;https://media.licdn.com/dms/image/v2/D4D0BAQHL0bngD_udLw/company-logo_100_100/B4DZiLcqt2GsAY-/0/1754686205441?e=1788393600&v=beta&t=HnstK-6YQU8bUENcayI_ygOL49orir68yEpN9ZWkqdw;-;https://www.linkedin.com/company/grupo-sereno/about/;Vendas e Suporte;sales OR account OR customer success manager OR client success OR developer relations OR technical writer;grupo sereno;1;;https://www.linkedin.com/jobs/view/4450408175/;https://www.linkedin.com/jobs/view/4450408175/;Remote;Vendas / Comercial;12/08/2026;;São Paulo;SP;Região Sudeste;Brasil;América do Sul
421;Grupo Silva;SDR;Florianópolis, SC;12/08 15:00;https://www.linkedin.com/jobs/view/4450177100/;https://media.licdn.com/dms/image/v2/D4D0BAQHGO1YJ0wOmsA/company-logo_100_100/B4DZuTuo0OKAAU-/0/1767710035637/grupo_silva_um_por_cento_logo?e=1788393600&v=beta&t=ZMw2_ILwEDQltkYIWAES6-BACNijc9kGjQVnFW_l0fI;-;https://www.linkedin.com/company/grupo-silva/about/;-;sales OR account OR customer success manager OR client success OR developer relations OR technical writer;grupo silva;1;;https://www.linkedin.com/jobs/view/4450177100/;https://www.linkedin.com/jobs/view/4450177100/;On-site;Vendas / Comercial;12/08/2026;;Santa Catarina;SC;Região Sul;Brasil;América do Sul
422;Grupo Sinosserra;Gerente de Vendas - Omoda | Jaecoo Sinosserra;Grande Porto Alegre (RS);12/08 20:00;https://www.linkedin.com/jobs/view/4450197520/;https://media.licdn.com/dms/image/v2/D4D0BAQF-v1vJ_ndZiA/company-logo_100_100/B4DZ1FHIgGKUAU-/0/1774980991389/gruposinosserra_logo?e=1788393600&v=beta&t=8neegI2QxYygtq6hK_QZO7gZI_F7pjjGukBiyxMzUR4;Middle > Manager;https://www.linkedin.com/company/grupo-sinosserra/about/;Moda e Beleza;sales OR account OR customer success manager OR client success OR developer relations OR technical writer;grupo sinosserra;1;;https://www.linkedin.com/jobs/view/4450197520/;https://www.linkedin.com/jobs/view/4450197520/;On-site;Mid, Liderança/Gerência, Vendas / Comercial;12/08/2026;;Rio Grande do Sul;RS;Região Sul;Brasil;América do Sul
423;Grupo Soma Hospitalar;Assistente de vendas;Eldorado do Sul, RS;12/08 00:00;https://www.linkedin.com/jobs/view/4452319826/;https://media.licdn.com/dms/image/v2/C4E0BAQHwkVdByxkT_g/company-logo_100_100/company-logo_100_100/0/1677689173600?e=1788393600&v=beta&t=JkFsr2yvHVEQJ0-f5LIguZqLEdpU5BVFBezXkm6HKeI;-;https://www.linkedin.com/company/grupo-soma-hospitalar/about/;Saúde e Hospitais;sales OR account OR customer success manager OR client success OR developer relations OR technical writer;grupo soma hospitalar;1;;https://www.linkedin.com/jobs/view/4452319826/;https://www.linkedin.com/jobs/view/4452319826/;On-site;Associate, Vendas / Comercial;12/08/2026;Eldorado do Sul;Rio Grande do Sul;RS;Região Sul;Brasil;América do Sul
424;Grupo Soma Hospitalar;Auxiliar de Vendas;Eldorado do Sul, RS;12/08 00:00;https://www.linkedin.com/jobs/view/4452324944/;https://media.licdn.com/dms/image/v2/C4E0BAQHwkVdByxkT_g/company-logo_100_100/company-logo_100_100/0/1677689173600?e=1788393600&v=beta&t=JkFsr2yvHVEQJ0-f5LIguZqLEdpU5BVFBezXkm6HKeI;-;https://www.linkedin.com/company/grupo-soma-hospitalar/about/;Saúde e Hospitais;sales OR account OR customer success manager OR client success OR developer relations OR technical writer;grupo soma hospitalar;1;;https://www.linkedin.com/jobs/view/4452324944/;https://www.linkedin.com/jobs/view/4452324944/;On-site;Associate, Vendas / Comercial;12/08/2026;Eldorado do Sul;Rio Grande do Sul;RS;Região Sul;Brasil;América do Sul
425;Grupo Soma Hospitalar;Executivo de Vendas;São Bernardo do Campo, SP;12/08 00:00;https://www.linkedin.com/jobs/view/4452304898/;https://media.licdn.com/dms/image/v2/C4E0BAQHwkVdByxkT_g/company-logo_100_100/company-logo_100_100/0/1677689173600?e=1788393600&v=beta&t=JkFsr2yvHVEQJ0-f5LIguZqLEdpU5BVFBezXkm6HKeI;-;https://www.linkedin.com/company/grupo-soma-hospitalar/about/;Saúde e Hospitais;sales OR account OR customer success manager OR client success OR developer relations OR technical writer;grupo soma hospitalar;1;;https://www.linkedin.com/jobs/view/4452304898/;https://www.linkedin.com/jobs/view/4452304898/;On-site;Vendas / Comercial;12/08/2026;São Bernardo do Campo;São Paulo;SP;Região Sudeste;Brasil;América do Sul
426;Grupo T&M;Pré-vendas;Brusque, SC;12/08 19:00;https://www.linkedin.com/jobs/view/4450178848/;https://media.licdn.com/dms/image/v2/D4D0BAQGGMJkr48tu4A/company-logo_100_100/company-logo_100_100/0/1710873535575/tm_personalizados_logo?e=1788393600&v=beta&t=52F6lr4KD_C7_LKk7z8xuWg6NA2dUDtf3HplT_LLPV8;-;https://www.linkedin.com/company/grupo-t-m/about/;Vendas e Suporte;sales OR account OR customer success manager OR client success OR developer relations OR technical writer;grupo t&m;1;;https://www.linkedin.com/jobs/view/4450178848/;https://www.linkedin.com/jobs/view/4450178848/;On-site;Vendas / Comercial;12/08/2026;Brusque;Santa Catarina;SC;Região Sul;Brasil;América do Sul
427;Grupo TOP;SUPERVISOR AREA DE VENDAS;Blumenau, SC;12/08 00:00;https://www.linkedin.com/jobs/view/4452313801/;https://media.licdn.com/dms/image/v2/C4D0BAQEbqt-N5xm7PQ/company-logo_100_100/company-logo_100_100/0/1672831870487/redetop_logo?e=1788393600&v=beta&t=n-OkbOAVuipc3D_zdvrx-UBG6opyiGGmK4JWzgLkg4U;Middle > Manager;https://www.linkedin.com/company/grupo-top/about/;Vendas e Suporte;sales OR account OR customer success manager OR client success OR developer relations OR technical writer;grupo top;1;;https://www.linkedin.com/jobs/view/4452313801/;https://www.linkedin.com/jobs/view/4452313801/;On-site;Mid, Liderança/Gerência, Vendas / Comercial;12/08/2026;Blumenau;Santa Catarina;SC;Região Sul;Brasil;América do Sul
428;Grupo Tecnosul;Vendedor de informática;Primavera do Leste, MT;12/08 09:00;https://www.linkedin.com/jobs/view/4450142198/;https://media.licdn.com/dms/image/v2/C4E0BAQEiSCLazFWtig/company-logo_100_100/company-logo_100_100/0/1660768204344?e=1788393600&v=beta&t=1qxc5wvnp9rrK3U7EZGKOphQ0Kz1KUviEqNK1YrVkkw;-;https://www.linkedin.com/company/grupo-tecnosul/about/;Software e Serviços de TI;sales OR account OR customer success manager OR client success OR developer relations OR technical writer;grupo tecnosul;1;;https://www.linkedin.com/jobs/view/4450142198/;https://www.linkedin.com/jobs/view/4450142198/;On-site;Vendas / Comercial;12/08/2026;Primavera do Leste;Mato Grosso;MT;Região Centro-Oeste;Brasil;América do Sul
429;Grupo VectaX;Costumer Sucess Manager;Natal, RN;12/08 12:00;https://www.linkedin.com/jobs/view/4453140416/;https://media.licdn.com/dms/image/v2/C560BAQHVrmEqyyRi2w/company-logo_100_100/company-logo_100_100/0/1646707651216?e=1788393600&v=beta&t=lhPqQLCfjPUGbPEh7A2AMmnXcGEhp32QPcjDm0OXN9g;Middle > Manager;https://www.linkedin.com/company/grupo-vectax/about/;-;sales OR account OR customer success manager OR client success OR developer relations OR technical writer;grupo vectax;1;;https://www.linkedin.com/jobs/view/4453140416/;https://www.linkedin.com/jobs/view/4453140416/;On-site;Liderança/Gerência;12/08/2026;Natal;Rio Grande do Norte;RN;Região Nordeste;Brasil;América do Sul
430;Grupo Via1;Assistente de Vendas Diretas de Veículos Novos - BYD;Fortaleza, CE;12/08 18:00;https://www.linkedin.com/jobs/view/4453380127/;https://media.licdn.com/dms/image/v2/D4D0BAQGeeUmUjqofKA/company-logo_100_100/B4DZWQnnk1GkAY-/0/1741888060156/grupo_via1_logo?e=1788393600&v=beta&t=_LC3tOOSIXnEL4Wa79XXP6RrfP7BOaND5mCrpFISKg4;-;https://www.linkedin.com/company/grupo-via1/about/;Transporte e Mobilidade;sales OR account OR customer success manager OR client success OR developer relations OR technical writer;grupo via1;1;;https://www.linkedin.com/jobs/view/4453380127/;https://www.linkedin.com/jobs/view/4453380127/;On-site;Associate, Vendas / Comercial;12/08/2026;Fortaleza;Ceará;CE;Região Nordeste;Brasil;América do Sul
431;Grupo Volpato Segurança;Consultor Comercial Externo - PAP;Grande Porto Alegre (RS);12/08 00:00;https://www.linkedin.com/jobs/view/4452310911/;https://media.licdn.com/dms/image/v2/C4E0BAQH_QJadtmdxPQ/company-logo_100_100/company-logo_100_100/0/1630619161693/volpato_seguranca_eletronica_logo?e=1788393600&v=beta&t=IwplMdNe1ljtfDaPqWYpNMQlF1pJUUAYYwanew2h70o;Advanced > Specialist;https://www.linkedin.com/company/grupo-volpato-seguran-a/about/;Cibersegurança;sales OR account OR customer success manager OR client success OR developer relations OR technical writer;grupo volpato segurança;1;;https://www.linkedin.com/jobs/view/4452310911/;https://www.linkedin.com/jobs/view/4452310911/;On-site;Consultor, Vendas / Comercial;12/08/2026;;Rio Grande do Sul;RS;Região Sul;Brasil;América do Sul
432;Grupo Volpato Segurança;Vendedor - RASTREAMENTO;Grande Porto Alegre (RS);12/08 00:00;https://www.linkedin.com/jobs/view/4452309566/;https://media.licdn.com/dms/image/v2/C4E0BAQH_QJadtmdxPQ/company-logo_100_100/company-logo_100_100/0/1630619161693/volpato_seguranca_eletronica_logo?e=1788393600&v=beta&t=IwplMdNe1ljtfDaPqWYpNMQlF1pJUUAYYwanew2h70o;-;https://www.linkedin.com/company/grupo-volpato-seguran-a/about/;Cibersegurança;sales OR account OR customer success manager OR client success OR developer relations OR technical writer;grupo volpato segurança;1;;https://www.linkedin.com/jobs/view/4452309566/;https://www.linkedin.com/jobs/view/4452309566/;On-site;Vendas / Comercial;12/08/2026;;Rio Grande do Sul;RS;Região Sul;Brasil;América do Sul
433;Grupo Vorp;Consultor(a) de Vendas | Essere Viagens;Recife, PE;12/08 17:00;https://www.linkedin.com/jobs/view/4453361647/;https://media.licdn.com/dms/image/v2/D4E0BAQEp5xrP2hKYXQ/company-logo_100_100/B4EZwk3Q2XKgAY-/0/1770144993108/grupovorp_logo?e=1788393600&v=beta&t=WwI6xxhy6TExaGr6ZDhIkAagwIgw_pvKBdkDdsAKC90;Advanced > Specialist;https://www.linkedin.com/company/grupo-vorp/about/;Turismo e Viagens;sales OR account OR customer success manager OR client success OR developer relations OR technical writer;grupo vorp;1;;https://www.linkedin.com/jobs/view/4453361647/;https://www.linkedin.com/jobs/view/4453361647/;On-site;Consultor, Vendas / Comercial;12/08/2026;Recife;Pernambuco;PE;Região Nordeste;Brasil;América do Sul
434;Grupo WGL - Soluções em Energia;Consultor de negócios comerciais (Rental);São Paulo, SP;12/08 16:00;https://www.linkedin.com/jobs/view/4450158942/;https://media.licdn.com/dms/image/v2/D4D0BAQHYnpoT5Fv3tg/company-logo_100_100/B4DZzS9whzHcAU-/0/1773065933545/wgl_geradores_logo?e=1788393600&v=beta&t=Xpl5TMJ0Ny6UCFTFFjzywzeJGabwlR2KTixoK__QkOY;Advanced > Specialist;https://www.linkedin.com/company/grupo-wgl-solu-es-em-energia/about/;Energia e Combustíveis;sales OR account OR customer success manager OR client success OR developer relations OR technical writer;grupo wgl - soluções em energia;1;;https://www.linkedin.com/jobs/view/4450158942/;https://www.linkedin.com/jobs/view/4450158942/;On-site;Consultor;12/08/2026;São Paulo;São Paulo;SP;Região Sudeste;Brasil;América do Sul
435;Grupo Zelo;Consultor de vendas;Belo Horizonte, MG;12/08 18:00;https://www.linkedin.com/jobs/view/4447386880/;https://media.licdn.com/dms/image/v2/D4D0BAQECRpMM1De2FQ/company-logo_100_100/company-logo_100_100/0/1709046407833?e=1788393600&v=beta&t=Sz1_vKmaqPM3hzmHvTaNrckGSr3EIZ4tCHzdWaKBAsU;Advanced > Specialist;https://www.linkedin.com/company/grupo-zelo/about/;Vendas e Suporte;sales OR account OR customer success manager OR client success OR developer relations OR technical writer;grupo zelo;1;;https://www.linkedin.com/jobs/view/4447386880/;https://www.linkedin.com/jobs/view/4447386880/;On-site;Consultor, Vendas / Comercial;12/08/2026;;Minas Gerais;MG;Região Sudeste;Brasil;América do Sul
436;Grupo Zelo;Consultor de vendas;Fortaleza, CE;12/08 14:00;https://www.linkedin.com/jobs/view/4450170593/;https://media.licdn.com/dms/image/v2/D4D0BAQECRpMM1De2FQ/company-logo_100_100/company-logo_100_100/0/1709046407833?e=1788393600&v=beta&t=Sz1_vKmaqPM3hzmHvTaNrckGSr3EIZ4tCHzdWaKBAsU;Advanced > Specialist;https://www.linkedin.com/company/grupo-zelo/about/;Vendas e Suporte;sales OR account OR customer success manager OR client success OR developer relations OR technical writer;grupo zelo;1;;https://www.linkedin.com/jobs/view/4450170593/;https://www.linkedin.com/jobs/view/4450170593/;On-site;Consultor, Vendas / Comercial;12/08/2026;Fortaleza;Ceará;CE;Região Nordeste;Brasil;América do Sul
437;Grupo Ável;Consultor Comercial de Finanças & investimentos;Porto Alegre, RS;12/08 17:00;https://www.linkedin.com/jobs/view/4450187129/;https://media.licdn.com/dms/image/v2/D4E0BAQGUlrIUAXi_5Q/company-logo_100_100/B4EZssMg1pIQAQ-/0/1765973037123/grupoavel_logo?e=1788393600&v=beta&t=YHHU-8OkLtsofg0jzndh8_iGXZKOYfSmDQorbxnq23w;Advanced > Specialist;https://www.linkedin.com/company/grupo-vel/about/;Serviços Financeiros;sales OR account OR customer success manager OR client success OR developer relations OR technical writer;grupo ável;1;;https://www.linkedin.com/jobs/view/4450187129/;https://www.linkedin.com/jobs/view/4450187129/;On-site;Consultor, Financeiro/Fiscal, Vendas / Comercial;12/08/2026;Porto Alegre;Rio Grande do Sul;RS;Região Sul;Brasil;América do Sul
438;GrupoSITI;Vendedor;Barueri, SP;12/08 13:00;https://www.linkedin.com/jobs/view/4450163392/;https://media.licdn.com/dms/image/v2/C4E0BAQGlKWMc0JiNlg/company-logo_100_100/company-logo_100_100/0/1631362293064/grupositi_logo?e=1788393600&v=beta&t=XJa1RkWLSzLgNXE4kBd9VoQXxDaXn4TsM4VJXPywLNU;-;https://www.linkedin.com/company/grupositi/about/;Software e Serviços de TI;sales OR account OR customer success manager OR client success OR developer relations OR technical writer;grupositi;1;;https://www.linkedin.com/jobs/view/4450163392/;https://www.linkedin.com/jobs/view/4450163392/;On-site;Vendas / Comercial;12/08/2026;Barueri;São Paulo;SP;Região Sudeste;Brasil;América do Sul
439;GrupoValorH;Coordenador Comercial;Rio Claro, SP;12/08 10:00;https://www.linkedin.com/jobs/view/4449872676/;https://media.licdn.com/dms/image/v2/D4D0BAQHXYarL8kSzvg/company-logo_100_100/B4DZciXSYAG8AQ-/0/1748628220000/grupovalorh_logo?e=1788393600&v=beta&t=kdsjPY4cCIcWA57MCrWdzbonNxgSUCvL6_Ag_tvJK0Y;Middle > Manager;https://www.linkedin.com/company/grupovalorh/about/;Recursos Humanos;sales OR account OR customer success manager OR client success OR developer relations OR technical writer;grupovalorh;1;;https://www.linkedin.com/jobs/view/4449872676/;https://www.linkedin.com/jobs/view/4449872676/;On-site;Mid, Liderança/Gerência, Vendas / Comercial;12/08/2026;Rio Claro;São Paulo;SP;Região Sudeste;Brasil;América do Sul
440;Gênica;Representante Comercial - Campo Novo do Parecis/MT;Campo Novo do Parecis, MT;11/08 22:00;https://www.linkedin.com/jobs/view/4453014876/;https://media.licdn.com/dms/image/v2/D4D0BAQEbNQp5XxYvLg/company-logo_100_100/B4DZ1zZbqgHMAQ-/0/1775757540565/genicabiotecnologia_logo?e=1788393600&v=beta&t=MsucTLi9ZqBSdGJnU8Ug6WJrNcGRBcvtKOdT5w_BNp4;-;https://www.linkedin.com/company/g-nica/about/;Vendas e Suporte;sales OR account OR customer success manager OR client success OR developer relations OR technical writer;gênica;1;;https://www.linkedin.com/jobs/view/4453014876/;https://www.linkedin.com/jobs/view/4453014876/;On-site;Vendas / Comercial;12/08/2026;;Mato Grosso;MT;Região Centro-Oeste;Brasil;América do Sul
441;H&E Esportes;Assistente de vendas;Linhares, ES;12/08 15:00;https://www.linkedin.com/jobs/view/4398241942/;https://media.licdn.com/dms/image/v2/D4D0BAQEQRi8XmKwglw/company-logo_100_100/company-logo_100_100/0/1719257405288?e=1788393600&v=beta&t=fVdTWRInT4XHGlDTR0f1XPrb8JPKTXalGGQ0xZYciBw;-;https://www.linkedin.com/company/h-e-esportes/about/;Vendas e Suporte;sales OR account OR customer success manager OR client success OR developer relations OR technical writer;h&e esportes;1;;https://www.linkedin.com/jobs/view/4398241942/;https://www.linkedin.com/jobs/view/4398241942/;On-site;Associate, Vendas / Comercial;12/08/2026;Linhares;Espírito Santo;ES;Região Sudeste;Brasil;América do Sul
442;H2M Embalagens;Customer service;Belo Horizonte, MG;12/08 13:00;https://www.linkedin.com/jobs/view/4450159263/;https://media.licdn.com/dms/image/v2/D4D0BAQFzBn2tmem4Kg/company-logo_100_100/company-logo_100_100/0/1690311819977/h2m_embalagens_logo?e=1788393600&v=beta&t=yFtucw4uoAX8nsGacyZRZZiRWquh3wSt7QYWg5xWMBM;-;https://www.linkedin.com/company/h2m-embalagens/about/;-;sales OR account OR customer success manager OR client success OR developer relations OR technical writer;h2m embalagens;1;;https://www.linkedin.com/jobs/view/4450159263/;https://www.linkedin.com/jobs/view/4450159263/;On-site;-;12/08/2026;;Minas Gerais;MG;Região Sudeste;Brasil;América do Sul
443;HI Tecnologia;Analista Comercial;Campinas, SP;12/08 05:00;https://www.linkedin.com/jobs/view/4453080166/;https://media.licdn.com/dms/image/v2/C560BAQGJia5mvrs7Qg/company-logo_100_100/company-logo_100_100/0/1630645134169/hi_tecnologia_logo?e=1788393600&v=beta&t=urWe1At3MDr4j4EAsQeb1iW5EUPJSMUPisObLG4kfec;Advanced > Specialist;https://www.linkedin.com/company/hi-tecnologia/about/;Vendas e Suporte;sales OR account OR customer success manager OR client success OR developer relations OR technical writer;hi tecnologia;1;;https://www.linkedin.com/jobs/view/4453080166/;https://www.linkedin.com/jobs/view/4453080166/;Not informed;Associate, Vendas / Comercial;12/08/2026;;São Paulo;SP;Região Sudeste;Brasil;América do Sul
444;Hays;Gerente comercial;Goiana, PE;12/08 16:00;https://www.linkedin.com/jobs/view/4453322880/;https://media.licdn.com/dms/image/v2/D4E0BAQETReujByGYaw/company-logo_100_100/B4EZfKYuQyGwAQ-/0/1751447168431/hays_logo?e=1788393600&v=beta&t=-OYAMz4L-DfM4JLZOvz17XT-kRjWjpWSnMEfyAYrcpE;Middle > Manager;https://www.linkedin.com/company/hays/about/;Vendas e Suporte;sales OR account OR customer success manager OR client success OR developer relations OR technical writer;hays;1;;https://www.linkedin.com/jobs/view/4453322880/;https://www.linkedin.com/jobs/view/4453322880/;On-site;Mid, Liderança/Gerência, Vendas / Comercial;12/08/2026;Goiana;Pernambuco;PE;Região Nordeste;Brasil;América do Sul
445;Help!Corp;vendedor;SP;12/08 16:00;https://www.linkedin.com/jobs/view/4450181082/;https://media.licdn.com/dms/image/v2/D4D0BAQFZp6R4hFrlRA/company-logo_100_100/company-logo_100_100/0/1699986929723/help_corp_logo?e=1788393600&v=beta&t=n05MNL73VqyUSxp5Lrf-ln_xBb8kUtQ7w8epja33wCI;-;https://www.linkedin.com/company/help-corp/about/;-;sales OR account OR customer success manager OR client success OR developer relations OR technical writer;help!corp;1;;https://www.linkedin.com/jobs/view/4450181082/;https://www.linkedin.com/jobs/view/4450181082/;On-site;Vendas / Comercial;12/08/2026;;São Paulo;SP;Região Sudeste;Brasil;América do Sul
446;Hertz;Operador (a) de Televendas;Porto Alegre, RS;12/08 18:00;https://www.linkedin.com/jobs/view/4450180654/;https://media.licdn.com/dms/image/v2/D4D0BAQFn0aXwlkXpBw/company-logo_100_100/company-logo_100_100/0/1721929262664/hertzfarma_logo?e=1788393600&v=beta&t=aZGXG49CA1DXF1wy4r2fMM34xmfVII2oatav7Z-DiVQ;-;https://www.linkedin.com/company/hertz/about/;Vendas e Suporte;sales OR account OR customer success manager OR client success OR developer relations OR technical writer;hertz;1;;https://www.linkedin.com/jobs/view/4450180654/;https://www.linkedin.com/jobs/view/4450180654/;On-site;Vendas / Comercial;12/08/2026;Porto Alegre;Rio Grande do Sul;RS;Região Sul;Brasil;América do Sul
447;Hiperferro;Coordenador Comercial;Fortaleza, CE;12/08 21:00;https://www.linkedin.com/jobs/view/4453611421/;https://media.licdn.com/dms/image/v2/D4E0BAQFmkAFJOul7kA/company-logo_100_100/B4EZxYXb1sIsAQ-/0/1771009067893/hiperferro_logo?e=1788393600&v=beta&t=xabTORA_OXoX4do5gO1hM2HOihKWOJX2z3A18tBh6zc;Middle > Manager;https://www.linkedin.com/company/hiperferro/about/;Vendas e Suporte;sales OR account OR customer success manager OR client success OR developer relations OR technical writer;hiperferro;1;;https://www.linkedin.com/jobs/view/4453611421/;https://www.linkedin.com/jobs/view/4453611421/;On-site;Mid, Liderança/Gerência, Vendas / Comercial;12/08/2026;Fortaleza;Ceará;CE;Região Nordeste;Brasil;América do Sul
448;Hirably;Senior Account Executive, AgTech Permanent Crops;Brasil;12/08 00:00;https://www.linkedin.com/jobs/view/4451962080/;https://media.licdn.com/dms/image/v2/D560BAQGHaGobRNhJxg/company-logo_100_100/B56Zp5aHY7J8AQ-/0/1762973481212/hirably_staffing_logo?e=1788393600&v=beta&t=u5N_ELoG3MrYFcF5zTRKdztlBgoSVfaQiLOj1AxJEec;Specific > Sales > Account;https://www.linkedin.com/company/hirably/about/;Software e Serviços de TI;sales OR account OR customer success manager OR client success OR developer relations OR technical writer;hirably;1;;https://www.linkedin.com/jobs/view/4451962080/;https://www.linkedin.com/jobs/view/4451962080/;Remote;Senior, TI/Tech, Vendas / Comercial, Executivo de Contas;12/08/2026;;;;;Brasil;América do Sul
449;Hire Feed;Enterprise Account Manager - Frontier AI (Remote);Brasil;12/08 11:00;https://www.linkedin.com/jobs/view/4452391764/;https://media.licdn.com/dms/image/v2/D4D0BAQEeII6H9qdObQ/company-logo_100_100/B4DZ3OfC9fHwAQ-/0/1777285738853/hirefeedd_logo?e=1788393600&v=beta&t=SPoL1Ha40fDKmIheFjs5TiZTWX0V3KziIKnNRsutCE4;Specific > Sales > Account;https://www.linkedin.com/company/hire-feed/about/;Inteligência Artificial;sales OR account OR customer success manager OR client success OR developer relations OR technical writer;hire feed;1;;https://www.linkedin.com/jobs/view/4452391764/;https://www.linkedin.com/jobs/view/4452391764/;Remote;Inteligência Artificial, Liderança/Gerência, Executivo de Contas;12/08/2026;;;;;Brasil;América do Sul
450;Hire Feed;Partnerships Manager (Remote);Brasil;12/08 11:00;https://www.linkedin.com/jobs/view/4452394747/;https://media.licdn.com/dms/image/v2/D4D0BAQEeII6H9qdObQ/company-logo_100_100/B4DZ3OfC9fHwAQ-/0/1777285738853/hirefeedd_logo?e=1788393600&v=beta&t=SPoL1Ha40fDKmIheFjs5TiZTWX0V3KziIKnNRsutCE4;Middle > Manager;https://www.linkedin.com/company/hire-feed/about/;-;sales OR account OR customer success manager OR client success OR developer relations OR technical writer;hire feed;1;;https://www.linkedin.com/jobs/view/4452394747/;https://www.linkedin.com/jobs/view/4452394747/;Remote;Liderança/Gerência;12/08/2026;;;;;Brasil;América do Sul
451;HireBeyond;Sales Development Representative;Sorocaba, SP;12/08 16:00;https://www.linkedin.com/jobs/view/4450154966/;https://media.licdn.com/dms/image/v2/D4D0BAQGkUHCO390Sjg/company-logo_100_100/B4DZfmvCebHMAQ-/0/1751922781055?e=1788393600&v=beta&t=EpSgtlqO8bqyB-lc-8vJUOEAab4TkBKO8Umdje0fQU4;-;https://www.linkedin.com/company/hirebeyond/about/;Software e Serviços de TI;sales OR account OR customer success manager OR client success OR developer relations OR technical writer;hirebeyond;1;;https://www.linkedin.com/jobs/view/4450154966/;https://www.linkedin.com/jobs/view/4450154966/;On-site;Vendas / Comercial;12/08/2026;Sorocaba;São Paulo;SP;Região Sudeste;Brasil;América do Sul
452;Hitachi Vantara;Sales Operations;São Paulo, SP;12/08 14:00;https://www.linkedin.com/jobs/view/4453145931/;https://media.licdn.com/dms/image/v2/D4E0BAQFigwPi_6m_8g/company-logo_100_100/B4EZYBScsiHYAQ-/0/1743778336351/hitachi_vantara_logo?e=1788393600&v=beta&t=Na_7PndVU5hLggfa1KO0QJhK7uZJiUya69Iz5qQyg18;-;https://www.linkedin.com/company/hitachi-vantara/about/;Software e Serviços de TI;sales OR account OR customer success manager OR client success OR developer relations OR technical writer;hitachi vantara;1;;https://www.linkedin.com/jobs/view/4453145931/;https://www.linkedin.com/jobs/view/4453145931/;Not informed;Vendas / Comercial;12/08/2026;São Paulo;São Paulo;SP;Região Sudeste;Brasil;América do Sul
453;Hub  Floripa;SDR/BDR - Pré-vendas | B2B;Florianópolis, SC;12/08 17:00;https://www.linkedin.com/jobs/view/4450182192/;https://media.licdn.com/dms/image/v2/D4D0BAQGK6cOvzfmpfw/company-logo_100_100/company-logo_100_100/0/1667254268287/hub_floripa_logo?e=1788393600&v=beta&t=mpn7TucJDmxOzEm019gqBxW2_1ohDVX2SETI6ONQhq0;-;https://www.linkedin.com/company/hub-floripa/about/;Vendas e Suporte;sales OR account OR customer success manager OR client success OR developer relations OR technical writer;hub  floripa;1;;https://www.linkedin.com/jobs/view/4450182192/;https://www.linkedin.com/jobs/view/4450182192/;On-site;Vendas / Comercial;12/08/2026;;Santa Catarina;SC;Região Sul;Brasil;América do Sul
454;Hunting Consultoria;CONSULTORA DE VENDAS | MÓVEIS DE ALTO PADRÃO;Umuarama, PR;12/08 21:00;https://www.linkedin.com/jobs/view/4450199449/;https://media.licdn.com/dms/image/v2/D4D0BAQGy1y8_xL4ChA/company-logo_100_100/B4DZaDlD_hGsAQ-/0/1745964253541/hunting_consultoria_logo?e=1788393600&v=beta&t=ce2PYUPA8a6E24TheRzIwaX4GwEafZzp7LvKNMuvun0;Advanced > Specialist;https://www.linkedin.com/company/hunting-consultoria/about/;Consultoria e Assessoria;sales OR account OR customer success manager OR client success OR developer relations OR technical writer;hunting consultoria;1;;https://www.linkedin.com/jobs/view/4450199449/;https://www.linkedin.com/jobs/view/4450199449/;On-site;Consultor, Vendas / Comercial;12/08/2026;Umuarama;Paraná;PR;Região Sul;Brasil;América do Sul
455;ICT Farmacêutica;Executivo de vendas;Votorantim, SP;12/08 14:00;https://www.linkedin.com/jobs/view/4449806237/;https://media.licdn.com/dms/image/v2/D4D0BAQEroLKNBSKz9w/company-logo_100_100/B4DZnPEzQ7JcAQ-/0/1760115766920/ict_farmaceutica_logo?e=1788393600&v=beta&t=J5ovDM-Jsr5Q49FcteZiv35YiNG9RJ7aE6F5-9ywjlE;-;https://www.linkedin.com/company/ict-farmac-utica/about/;Farmacêutica;sales OR account OR customer success manager OR client success OR developer relations OR technical writer;ict farmacêutica;1;;https://www.linkedin.com/jobs/view/4449806237/;https://www.linkedin.com/jobs/view/4449806237/;On-site;Vendas / Comercial;12/08/2026;Votorantim;São Paulo;SP;Região Sudeste;Brasil;América do Sul
456;IEL Empregos;VENDEDOR;Alta Floresta, MT;12/08 17:00;https://www.linkedin.com/jobs/view/4453345819/;https://media.licdn.com/dms/image/v2/C4D0BAQEFmmoK_BZmFw/company-logo_100_100/company-logo_100_100/0/1630482791739?e=1788393600&v=beta&t=VzUCiT7pMRYMQkJVDaiqXCvE8ZGE89cqh0RYFYo74ow;-;https://www.linkedin.com/company/iel-empregos/about/;-;sales OR account OR customer success manager OR client success OR developer relations OR technical writer;iel empregos;1;;https://www.linkedin.com/jobs/view/4453345819/;https://www.linkedin.com/jobs/view/4453345819/;On-site;Vendas / Comercial;12/08/2026;Alta Floresta;Mato Grosso;MT;Região Centro-Oeste;Brasil;América do Sul
457;IEL Empregos;CONSULTOR;Campo Novo do Parecis, MT;12/08 17:00;https://www.linkedin.com/jobs/view/4453351719/;https://media.licdn.com/dms/image/v2/C4D0BAQEFmmoK_BZmFw/company-logo_100_100/company-logo_100_100/0/1630482791739?e=1788393600&v=beta&t=VzUCiT7pMRYMQkJVDaiqXCvE8ZGE89cqh0RYFYo74ow;Advanced > Specialist;https://www.linkedin.com/company/iel-empregos/about/;-;sales OR account OR customer success manager OR client success OR developer relations OR technical writer;iel empregos;1;;https://www.linkedin.com/jobs/view/4453351719/;https://www.linkedin.com/jobs/view/4453351719/;On-site;Consultor;12/08/2026;;Mato Grosso;MT;Região Centro-Oeste;Brasil;América do Sul
458;IEL Empregos;VENDEDOR;Campo Novo do Parecis, MT;12/08 17:00;https://www.linkedin.com/jobs/view/4453349742/;https://media.licdn.com/dms/image/v2/C4D0BAQEFmmoK_BZmFw/company-logo_100_100/company-logo_100_100/0/1630482791739?e=1788393600&v=beta&t=VzUCiT7pMRYMQkJVDaiqXCvE8ZGE89cqh0RYFYo74ow;-;https://www.linkedin.com/company/iel-empregos/about/;-;sales OR account OR customer success manager OR client success OR developer relations OR technical writer;iel empregos;1;;https://www.linkedin.com/jobs/view/4453349742/;https://www.linkedin.com/jobs/view/4453349742/;On-site;Vendas / Comercial;12/08/2026;;Mato Grosso;MT;Região Centro-Oeste;Brasil;América do Sul
459;IEL Empregos;VENDEDOR EXTERNO;Chapada dos Guimarães, MT;12/08 17:00;https://www.linkedin.com/jobs/view/4453362484/;https://media.licdn.com/dms/image/v2/C4D0BAQEFmmoK_BZmFw/company-logo_100_100/company-logo_100_100/0/1630482791739?e=1788393600&v=beta&t=VzUCiT7pMRYMQkJVDaiqXCvE8ZGE89cqh0RYFYo74ow;-;https://www.linkedin.com/company/iel-empregos/about/;-;sales OR account OR customer success manager OR client success OR developer relations OR technical writer;iel empregos;1;;https://www.linkedin.com/jobs/view/4453362484/;https://www.linkedin.com/jobs/view/4453362484/;On-site;Vendas / Comercial;12/08/2026;Chapada dos Guimarães;Mato Grosso;MT;Região Centro-Oeste;Brasil;América do Sul
460;IHARA Defensivos Agrícolas;Administrador Técnico Vendas - Goiânia - PASTAGEM;Goiás, Brasil;12/08 12:00;https://www.linkedin.com/jobs/view/4450151401/;https://media.licdn.com/dms/image/v2/C4D0BAQE-D-_k4xsKJQ/company-logo_100_100/company-logo_100_100/0/1630531014557/iharabras_s_a_industrias_quimicas_logo?e=1788393600&v=beta&t=3szPZQ0b7YTIfNDxsC4vmcpR-gSTUFe7SFGMbMApTvE;-;https://www.linkedin.com/company/ihara-defensivos-agr-colas/about/;Vendas e Suporte;sales OR account OR customer success manager OR client success OR developer relations OR technical writer;ihara defensivos agrícolas;1;;https://www.linkedin.com/jobs/view/4450151401/;https://www.linkedin.com/jobs/view/4450151401/;On-site;Vendas / Comercial;12/08/2026;;Goiás;GO;Região Centro-Oeste;Brasil;América do Sul
461;INNOVA SOLUÇÕES CONSTRUTIVAS;Gerente de vendas;Maringá, PR;12/08 10:00;https://www.linkedin.com/jobs/view/4450139567/;https://media.licdn.com/dms/image/v2/C4D0BAQGxtjV2p_hFxA/company-logo_100_100/company-logo_100_100/0/1641669587057?e=1788393600&v=beta&t=mZv1AeG45zp4xPhi8l86cIj6x_aOo68dUWAaxX8nF3Q;Middle > Manager;https://www.linkedin.com/company/innova-solu-es-construtivas/about/;Software e Serviços de TI;sales OR account OR customer success manager OR client success OR developer relations OR technical writer;innova soluções construtivas;1;;https://www.linkedin.com/jobs/view/4450139567/;https://www.linkedin.com/jobs/view/4450139567/;On-site;Mid, Liderança/Gerência, Vendas / Comercial;12/08/2026;Maringá;Paraná;PR;Região Sul;Brasil;América do Sul
462;INTERA | Talent Hacking;Consultor(a) de Vendas (Bento Gonçalves - RS);Bento Gonçalves, RS;12/08 18:00;https://www.linkedin.com/jobs/view/4453364711/;https://media.licdn.com/dms/image/v2/D4D0BAQHZlMx892lWWg/company-logo_100_100/B4DZWGIrD.G4AQ-/0/1741712175756/byintera_logo?e=1788393600&v=beta&t=0F_mMcVnl31dnJYIJvHuaKLbnTtbF0Tym-XVbI_4oLw;Advanced > Specialist;https://www.linkedin.com/company/intera-talent-hacking/about/;Vendas e Suporte;sales OR account OR customer success manager OR client success OR developer relations OR technical writer;intera | talent hacking;1;;https://www.linkedin.com/jobs/view/4453364711/;https://www.linkedin.com/jobs/view/4453364711/;On-site;Consultor, Vendas / Comercial;12/08/2026;Bento Gonçalves;Rio Grande do Sul;RS;Região Sul;Brasil;América do Sul
463;INTERA | Talent Hacking;Consultor(a) de Vendas (Osvaldo Aranha, Porto Alegre - RS);Porto Alegre, RS;12/08 18:00;https://www.linkedin.com/jobs/view/4453350998/;https://media.licdn.com/dms/image/v2/D4D0BAQHZlMx892lWWg/company-logo_100_100/B4DZWGIrD.G4AQ-/0/1741712175756/byintera_logo?e=1788393600&v=beta&t=0F_mMcVnl31dnJYIJvHuaKLbnTtbF0Tym-XVbI_4oLw;Advanced > Specialist;https://www.linkedin.com/company/intera-talent-hacking/about/;Vendas e Suporte;sales OR account OR customer success manager OR client success OR developer relations OR technical writer;intera | talent hacking;1;;https://www.linkedin.com/jobs/view/4453350998/;https://www.linkedin.com/jobs/view/4453350998/;On-site;Consultor, Vendas / Comercial;12/08/2026;Porto Alegre;Rio Grande do Sul;RS;Região Sul;Brasil;América do Sul
464;IPNET by Vivo;Analista de Renovação - Pleno I RJ e SP;Grande Rio de Janeiro (RJ);12/08 00:00;https://www.linkedin.com/jobs/view/4452324547/;https://media.licdn.com/dms/image/v2/D4D0BAQHUKdeg5gYZag/company-logo_100_100/company-logo_100_100/0/1727968831406/ipnet_logo?e=1788393600&v=beta&t=_GBkbS5BsNFcJf-heMS0olR1cJ3sB-tQWnJgkbHQdPk;Advanced > Specialist;https://www.linkedin.com/company/ipnet-by-vivo/about/;Telecomunicações;sales OR account OR customer success manager OR client success OR developer relations OR technical writer;ipnet by vivo;1;;https://www.linkedin.com/jobs/view/4452324547/;https://www.linkedin.com/jobs/view/4452324547/;On-site;Mid, Associate;12/08/2026;;Rio de Janeiro;RJ;Região Sudeste;Brasil;América do Sul
465;IPNET by Vivo;Arquiteto Cloud Sênior Dados Ia - TechSales;Grande Rio de Janeiro (RJ);12/08 00:00;https://www.linkedin.com/jobs/view/4452313858/;https://media.licdn.com/dms/image/v2/D4D0BAQHUKdeg5gYZag/company-logo_100_100/company-logo_100_100/0/1727968831406/ipnet_logo?e=1788393600&v=beta&t=_GBkbS5BsNFcJf-heMS0olR1cJ3sB-tQWnJgkbHQdPk;Architecture;https://www.linkedin.com/company/ipnet-by-vivo/about/;Dados e Analytics;sales OR account OR customer success manager OR client success OR developer relations OR technical writer;ipnet by vivo;1;;https://www.linkedin.com/jobs/view/4452313858/;https://www.linkedin.com/jobs/view/4452313858/;On-site;Inteligência Artificial, Senior, TI/Tech, Dados/Analytics, Vendas / Comercial;12/08/2026;;Rio de Janeiro;RJ;Região Sudeste;Brasil;América do Sul
466;IPNET by Vivo;Consultor em Colaboração I Google Workspace Brasil;Grande Rio de Janeiro (RJ);12/08 00:00;https://www.linkedin.com/jobs/view/4452318510/;https://media.licdn.com/dms/image/v2/D4D0BAQHUKdeg5gYZag/company-logo_100_100/company-logo_100_100/0/1727968831406/ipnet_logo?e=1788393600&v=beta&t=_GBkbS5BsNFcJf-heMS0olR1cJ3sB-tQWnJgkbHQdPk;Advanced > Specialist;https://www.linkedin.com/company/ipnet-by-vivo/about/;Telecomunicações;sales OR account OR customer success manager OR client success OR developer relations OR technical writer;ipnet by vivo;1;;https://www.linkedin.com/jobs/view/4452318510/;https://www.linkedin.com/jobs/view/4452318510/;On-site;Consultor;12/08/2026;;Rio de Janeiro;RJ;Região Sudeste;Brasil;América do Sul
467;IPNET by Vivo;Analista de Renovação - Pleno I São Paulo;Grande São Paulo (SP) ;12/08 00:00;https://www.linkedin.com/jobs/view/4452312617/;https://media.licdn.com/dms/image/v2/D4D0BAQHUKdeg5gYZag/company-logo_100_100/company-logo_100_100/0/1727968831406/ipnet_logo?e=1788393600&v=beta&t=_GBkbS5BsNFcJf-heMS0olR1cJ3sB-tQWnJgkbHQdPk;Advanced > Specialist;https://www.linkedin.com/company/ipnet-by-vivo/about/;Telecomunicações;sales OR account OR customer success manager OR client success OR developer relations OR technical writer;ipnet by vivo;1;;https://www.linkedin.com/jobs/view/4452312617/;https://www.linkedin.com/jobs/view/4452312617/;On-site;Mid, Associate;12/08/2026;;São Paulo;SP;Região Sudeste;Brasil;América do Sul
468;IPNET by Vivo;Assistente de Operações de Vendas São Paulo;Grande São Paulo (SP) ;12/08 00:00;https://www.linkedin.com/jobs/view/4452327753/;https://media.licdn.com/dms/image/v2/D4D0BAQHUKdeg5gYZag/company-logo_100_100/company-logo_100_100/0/1727968831406/ipnet_logo?e=1788393600&v=beta&t=_GBkbS5BsNFcJf-heMS0olR1cJ3sB-tQWnJgkbHQdPk;-;https://www.linkedin.com/company/ipnet-by-vivo/about/;Telecomunicações;sales OR account OR customer success manager OR client success OR developer relations OR technical writer;ipnet by vivo;1;;https://www.linkedin.com/jobs/view/4452327753/;https://www.linkedin.com/jobs/view/4452327753/;On-site;Associate, Vendas / Comercial;12/08/2026;;São Paulo;SP;Região Sudeste;Brasil;América do Sul
469;Iguaçu Máquinas Agrícolas;CSA - Consultor de Soluções Avançadas ao Cliente;Cuiabá, MT;12/08 00:00;https://www.linkedin.com/jobs/view/4452325734/;https://media.licdn.com/dms/image/v2/D4D0BAQFCjUEDqQQRMw/company-logo_100_100/B4DZmBP6wAJMAQ-/0/1758810058258/iguacumaquinas_logo?e=1788393600&v=beta&t=VNGEaD8kyA4HxyseZO47SJgslD4jVLGirdgMgFUjgXk;Advanced > Specialist;https://www.linkedin.com/company/igua-u-m-quinas-agr-colas/about/;-;sales OR account OR customer success manager OR client success OR developer relations OR technical writer;iguaçu máquinas agrícolas;1;;https://www.linkedin.com/jobs/view/4452325734/;https://www.linkedin.com/jobs/view/4452325734/;On-site;Consultor;12/08/2026;Cuiabá;Mato Grosso;MT;Região Centro-Oeste;Brasil;América do Sul
470;Iguaçu Máquinas Agrícolas;CSA - Consultor de Soluções Avançadas ao Cliente;Goiânia, GO;12/08 00:00;https://www.linkedin.com/jobs/view/4452319931/;https://media.licdn.com/dms/image/v2/D4D0BAQFCjUEDqQQRMw/company-logo_100_100/B4DZmBP6wAJMAQ-/0/1758810058258/iguacumaquinas_logo?e=1788393600&v=beta&t=VNGEaD8kyA4HxyseZO47SJgslD4jVLGirdgMgFUjgXk;Advanced > Specialist;https://www.linkedin.com/company/igua-u-m-quinas-agr-colas/about/;-;sales OR account OR customer success manager OR client success OR developer relations OR technical writer;iguaçu máquinas agrícolas;1;;https://www.linkedin.com/jobs/view/4452319931/;https://www.linkedin.com/jobs/view/4452319931/;On-site;Consultor;12/08/2026;Goiânia;Goiás;GO;Região Centro-Oeste;Brasil;América do Sul
471;Impacto Tecnologia;SDR (Representante de desenvolvimento de vendas);Vitória, ES;12/08 12:00;https://www.linkedin.com/jobs/view/4316276644/;https://media.licdn.com/dms/image/v2/D4E0BAQF89iU5JUfsLQ/company-logo_100_100/B4EZs9MgR7IoAc-/0/1766258247230/impactotecnologiabr_logo?e=1788393600&v=beta&t=ifak9nL0QYLZfHBDx2tL4J7eqWjBw550LW97KcGYnvI;-;https://www.linkedin.com/company/impacto-tecnologia/about/;Software e Serviços de TI;sales OR account OR customer success manager OR client success OR developer relations OR technical writer;impacto tecnologia;1;;https://www.linkedin.com/jobs/view/4316276644/;https://www.linkedin.com/jobs/view/4316276644/;On-site;Vendas / Comercial;12/08/2026;Vitoria-Gasteiz;Euskadi;PV;;España;
472;Indústria Metalúrgica Pastre LTDA;Assistente Comercial;Quatro Barras, PR;12/08 19:00;https://www.linkedin.com/jobs/view/4453376527/;https://media.licdn.com/dms/image/v2/D4D0BAQFW0imNTCcgCA/company-logo_100_100/company-logo_100_100/0/1704712881938/industriapastre_logo?e=1788393600&v=beta&t=6DzqMXwDhj69L_stH4gvmXcFWEIAoPR23GvolMHYWYc;-;https://www.linkedin.com/company/ind-stria-metal-rgica-pastre-ltda/about/;Manufatura e Produção;sales OR account OR customer success manager OR client success OR developer relations OR technical writer;indústria metalúrgica pastre ltda;1;;https://www.linkedin.com/jobs/view/4453376527/;https://www.linkedin.com/jobs/view/4453376527/;On-site;Associate, Vendas / Comercial;12/08/2026;Quatro Barras;Paraná;PR;Região Sul;Brasil;América do Sul
473;Inove Ideias e Soluções;Analista de Relacionamento com Cliente;Niterói, RJ;12/08 10:00;https://www.linkedin.com/jobs/view/4453102747/;https://media.licdn.com/dms/image/v2/D4D0BAQFcQgbZ3djVDQ/company-logo_100_100/company-logo_100_100/0/1698859980883/inove_ideias_e_solues_logo?e=1788393600&v=beta&t=aNoNPCPdRRLfyQlnTOGRB2xAMBINgGKLKqbhBWdBXKQ;Advanced > Specialist;https://www.linkedin.com/company/inove-ideias-e-solu-es/about/;-;sales OR account OR customer success manager OR client success OR developer relations OR technical writer;inove ideias e soluções;1;;https://www.linkedin.com/jobs/view/4453102747/;https://www.linkedin.com/jobs/view/4453102747/;On-site;Associate;12/08/2026;Niterói;Rio de Janeiro;RJ;Região Sudeste;Brasil;América do Sul
474;Inter;CUSTOMER ADVISOR ANALYST PLENO;Belo Horizonte, MG;12/08 17:00;https://www.linkedin.com/jobs/view/4453357684/;https://media.licdn.com/dms/image/v2/D4D0BAQFTJpEKJy3XsA/company-logo_100_100/B4DZip9S2KHwAQ-/0/1755198075652/inter_logo?e=1788393600&v=beta&t=tlS2c2xU97GqtlPXjF_3l8EQGxozOFGzsPZZNS6VvMY;Advanced > Specialist;https://www.linkedin.com/company/inter/about/;-;sales OR account OR customer success manager OR client success OR developer relations OR technical writer;inter;1;;https://www.linkedin.com/jobs/view/4453357684/;https://www.linkedin.com/jobs/view/4453357684/;On-site;Mid;12/08/2026;;Minas Gerais;MG;Região Sudeste;Brasil;América do Sul
475;Interlig RH;Consultor Comercial;Sapucaia do Sul, RS;12/08 17:00;https://www.linkedin.com/jobs/view/4453344858/;https://media.licdn.com/dms/image/v2/D4D0BAQHY9wXcyOshWA/company-logo_100_100/company-logo_100_100/0/1735841133294/interligrh_logo?e=1788393600&v=beta&t=FyGxm68kaoAVh7eAwG2YZzknMyu6xISBtApHbIPEIPg;Advanced > Specialist;https://www.linkedin.com/company/interlig-rh/about/;Recursos Humanos;sales OR account OR customer success manager OR client success OR developer relations OR technical writer;interlig rh;1;;https://www.linkedin.com/jobs/view/4453344858/;https://www.linkedin.com/jobs/view/4453344858/;Not informed;Consultor, Vendas / Comercial;12/08/2026;Sapucaia do Sul;Rio Grande do Sul;RS;Região Sul;Brasil;América do Sul
476;Intersolid Software;Vendedor Externo São Paulo e Região;Brasil;12/08 00:00;https://www.linkedin.com/jobs/view/4452314654/;https://media.licdn.com/dms/image/v2/C4E0BAQF_zl7nJ6fk9Q/company-logo_100_100/company-logo_100_100/0/1639689007529/intersolidsoftware_logo?e=1788393600&v=beta&t=Sn3H9t6pInkoOUMdPk5wdnZWMh2gtL0cj_td-YwOhSk;-;https://www.linkedin.com/company/intersolid-software/about/;Software e Serviços de TI;sales OR account OR customer success manager OR client success OR developer relations OR technical writer;intersolid software;1;;https://www.linkedin.com/jobs/view/4452314654/;https://www.linkedin.com/jobs/view/4452314654/;On-site;Vendas / Comercial;12/08/2026;;;;;Brasil;América do Sul
477;Iron Mountain;Analista de Inside Sales Pl;São Paulo, SP;12/08 19:00;https://www.linkedin.com/jobs/view/4453383325/;https://media.licdn.com/dms/image/v2/D4D0BAQFBvyO9ckJ6ug/company-logo_100_100/company-logo_100_100/0/1719831329857/iron_mountain_logo?e=1788393600&v=beta&t=qmVKVdeXJYAHq9oTfJB5qscNk3WFG_fEhvN_rwEyz0c;Advanced > Specialist;https://www.linkedin.com/company/iron-mountain/about/;Vendas e Suporte;sales OR account OR customer success manager OR client success OR developer relations OR technical writer;iron mountain;1;;https://www.linkedin.com/jobs/view/4453383325/;https://www.linkedin.com/jobs/view/4453383325/;Not informed;Mid, Associate, Vendas / Comercial;12/08/2026;São Paulo;São Paulo;SP;Região Sudeste;Brasil;América do Sul
478;Itaú Unibanco;Gerente de Negocios Empresas Builder Pro - Belém/PA;Belém, PA;12/08 15:00;https://www.linkedin.com/jobs/view/4443540137/;https://media.licdn.com/dms/image/v2/D4D0BAQGmyPiGIU-69w/company-logo_100_100/B4DZZFc2k4GgAQ-/0/1744921914031/itau_logo?e=1788393600&v=beta&t=PH6B7v-rOpHhfcHdx_T-N_Pq_qHcC4ACI7ZSPFRImSQ;Middle > Manager;https://www.linkedin.com/company/ita-unibanco/about/;Serviços Financeiros;sales OR account OR customer success manager OR client success OR developer relations OR technical writer;itaú unibanco;1;;https://www.linkedin.com/jobs/view/4443540137/;https://www.linkedin.com/jobs/view/4443540137/;Not informed;Mid, Gerente de Negócios, Liderança/Gerência;12/08/2026;Belém;Pará;PA;Região Norte;Brasil;América do Sul
479;Itaú Unibanco;Gerente de Contas - Veículos;Chapecó, SC;12/08 21:00;https://www.linkedin.com/jobs/view/4450402334/;https://media.licdn.com/dms/image/v2/D4D0BAQGmyPiGIU-69w/company-logo_100_100/B4DZZFc2k4GgAQ-/0/1744921914031/itau_logo?e=1788393600&v=beta&t=PH6B7v-rOpHhfcHdx_T-N_Pq_qHcC4ACI7ZSPFRImSQ;Middle > Manager;https://www.linkedin.com/company/ita-unibanco/about/;Serviços Financeiros;sales OR account OR customer success manager OR client success OR developer relations OR technical writer;itaú unibanco;1;;https://www.linkedin.com/jobs/view/4450402334/;https://www.linkedin.com/jobs/view/4450402334/;Not informed;Mid, Liderança/Gerência;12/08/2026;Chapecó;Santa Catarina;SC;Região Sul;Brasil;América do Sul
480;Itaú Unibanco;Gerente de Negócios Business - Baixada Fluminense/RJ;Rio de Janeiro, RJ;12/08 15:00;https://www.linkedin.com/jobs/view/4450170734/;https://media.licdn.com/dms/image/v2/D4D0BAQGmyPiGIU-69w/company-logo_100_100/B4DZZFc2k4GgAQ-/0/1744921914031/itau_logo?e=1788393600&v=beta&t=PH6B7v-rOpHhfcHdx_T-N_Pq_qHcC4ACI7ZSPFRImSQ;Middle > Manager;https://www.linkedin.com/company/ita-unibanco/about/;Serviços Financeiros;sales OR account OR customer success manager OR client success OR developer relations OR technical writer;itaú unibanco;1;;https://www.linkedin.com/jobs/view/4450170734/;https://www.linkedin.com/jobs/view/4450170734/;On-site;Mid, Gerente de Negócios, Liderança/Gerência;12/08/2026;Rio de Janeiro;Rio de Janeiro;RJ;Região Sudeste;Brasil;América do Sul
481;Ituran Brasil;Supervisor Comercial;Fortaleza, CE;12/08 14:00;https://www.linkedin.com/jobs/view/4450157471/;https://media.licdn.com/dms/image/v2/D4D0BAQHpvuOQon6I-g/company-logo_100_100/B4DZ.kGE8dJ8AI-/0/1785164484762/ituranbrasil_logo?e=1788393600&v=beta&t=d_UcBmzV_m6FcCEB51AO-UXODwdo8ezEwDuYW7yk_TM;Middle > Manager;https://www.linkedin.com/company/ituran-brasil/about/;Software e Serviços de TI;sales OR account OR customer success manager OR client success OR developer relations OR technical writer;ituran brasil;1;;https://www.linkedin.com/jobs/view/4450157471/;https://www.linkedin.com/jobs/view/4450157471/;Hybrid;Mid, Liderança/Gerência, Vendas / Comercial;12/08/2026;Fortaleza;Ceará;CE;Região Nordeste;Brasil;América do Sul
482;J&T Express Brasil;ANALISTA DE EXPANSÃO DE REDES JR;Belém, PA;12/08 14:00;https://www.linkedin.com/jobs/view/4453158270/;https://media.licdn.com/dms/image/v2/D560BAQEnQYb7ygt4dQ/company-logo_100_100/company-logo_100_100/0/1721307944095/jtexpressbrasil_logo?e=1788393600&v=beta&t=D7nXPnDADd1gpfBIEjBzbPGyokgSPi8bELlxjRvMdf0;Advanced > Specialist;https://www.linkedin.com/company/j-t-express-brasil/about/;-;sales OR account OR customer success manager OR client success OR developer relations OR technical writer;j&t express brasil;1;;https://www.linkedin.com/jobs/view/4453158270/;https://www.linkedin.com/jobs/view/4453158270/;On-site;Junior, Associate, Infraestrutura/Redes;12/08/2026;Belém;Pará;PA;Região Norte;Brasil;América do Sul
483;JBS;Vendedor Interno JR - Televendas - Pinhais/PR;Pinhais, PR;12/08 17:00;https://www.linkedin.com/jobs/view/4450192140/;https://media.licdn.com/dms/image/v2/D4D0BAQGJtja_t-YixQ/company-logo_100_100/company-logo_100_100/0/1697452847932/jbs_logo?e=1788393600&v=beta&t=Q3Q-6pUkpku4J2iMfTPvfrWoADFQn4IVUTyh6qK1PJo;-;https://www.linkedin.com/company/jbs/about/;Vendas e Suporte;sales OR account OR customer success manager OR client success OR developer relations OR technical writer;jbs;1;;https://www.linkedin.com/jobs/view/4450192140/;https://www.linkedin.com/jobs/view/4450192140/;Not informed;Junior, Intern, Vendas / Comercial;12/08/2026;Pinhais;Paraná;PR;Região Sul;Brasil;América do Sul
484;JNG | Materiais Elétricos e Energia Solar;Consultor de Vendas - Energia Solar;São Paulo, SP;12/08 16:00;https://www.linkedin.com/jobs/view/4450172846/;https://media.licdn.com/dms/image/v2/D4D0BAQF8lUVXtBex3Q/company-logo_100_100/company-logo_100_100/0/1732890469007/jngelectricc_logo?e=1788393600&v=beta&t=hf5NpMfmfgPmrSglYLjeEo_VExTRd1ZIRiXyMaPnE20;Advanced > Specialist;https://www.linkedin.com/company/jng-materiais-el-tricos-e-energia-solar/about/;Energia e Combustíveis;sales OR account OR customer success manager OR client success OR developer relations OR technical writer;jng | materiais elétricos e energia solar;1;;https://www.linkedin.com/jobs/view/4450172846/;https://www.linkedin.com/jobs/view/4450172846/;On-site;Consultor, Vendas / Comercial;12/08/2026;São Paulo;São Paulo;SP;Região Sudeste;Brasil;América do Sul
485;Jadlog Logística;Executivo de Vendas Junior - São Paulo;São Paulo, SP;12/08 00:00;https://www.linkedin.com/jobs/view/4098517873/;https://media.licdn.com/dms/image/v2/C4D0BAQHPn7-qclN8Sw/company-logo_100_100/company-logo_100_100/0/1630571813370/jadlog_encomendas_e_cargas_expressas_logo?e=1788393600&v=beta&t=akBAUQ5MZzjJ-X-JQ9lN9CB4xQJl4WXKXe_qKq5f9eY;-;https://www.linkedin.com/company/jadlog-log-stica/about/;Logística e Supply Chain;sales OR account OR customer success manager OR client success OR developer relations OR technical writer;jadlog logística;1;;https://www.linkedin.com/jobs/view/4098517873/;https://www.linkedin.com/jobs/view/4098517873/;Hybrid;Junior, Vendas / Comercial;12/08/2026;São Paulo;São Paulo;SP;Região Sudeste;Brasil;América do Sul
486;Janaina Bernardo | Recursos Humanos;Analista de Vendas Internas (B2B) - 3 vagas;Farroupilha, RS;12/08 20:00;https://www.linkedin.com/jobs/view/4450190701/;https://media.licdn.com/dms/image/v2/D4D0BAQHHSnskrGirrA/company-logo_100_100/B4DZm1qyjfJEAQ-/0/1759689522356/jbernardorh_logo?e=1788393600&v=beta&t=_FNzKLo5ki3PSgYHhQVihNOdiul6Kajv3bKI29CCfG4;Advanced > Specialist;https://www.linkedin.com/company/janaina-bernardo-recursos-humanos/about/;Energia e Combustíveis;sales OR account OR customer success manager OR client success OR developer relations OR technical writer;janaina bernardo | recursos humanos;1;;https://www.linkedin.com/jobs/view/4450190701/;https://www.linkedin.com/jobs/view/4450190701/;On-site;Intern, Associate, Vendas / Comercial;12/08/2026;Farroupilha;Rio Grande do Sul;RS;Região Sul;Brasil;América do Sul
487;Jetimob;Closer | Executivo(a) de Contas;Santa Maria, RS;11/08 22:00;https://www.linkedin.com/jobs/view/4451985106/;https://media.licdn.com/dms/image/v2/C4D0BAQETFYGyitZ05A/company-logo_100_100/company-logo_100_100/0/1663359156172/jetimob_logo?e=1788393600&v=beta&t=PCdGczD4sxrPaLiBAYFW-wPdJqTKfUm4_coNFdj2jeg;-;https://www.linkedin.com/company/jetimob/about/;Software e Serviços de TI;sales OR account OR customer success manager OR client success OR developer relations OR technical writer;jetimob;1;;https://www.linkedin.com/jobs/view/4451985106/;https://www.linkedin.com/jobs/view/4451985106/;On-site;-;12/08/2026;Santa Maria;Rio Grande do Sul;RS;Região Sul;Brasil;América do Sul
488;Jetimob;Coordenador(a) Comercial;Santa Maria, RS;11/08 22:00;https://www.linkedin.com/jobs/view/4451981405/;https://media.licdn.com/dms/image/v2/C4D0BAQETFYGyitZ05A/company-logo_100_100/company-logo_100_100/0/1663359156172/jetimob_logo?e=1788393600&v=beta&t=PCdGczD4sxrPaLiBAYFW-wPdJqTKfUm4_coNFdj2jeg;Middle > Manager;https://www.linkedin.com/company/jetimob/about/;Software e Serviços de TI;sales OR account OR customer success manager OR client success OR developer relations OR technical writer;jetimob;1;;https://www.linkedin.com/jobs/view/4451981405/;https://www.linkedin.com/jobs/view/4451981405/;On-site;Mid, Liderança/Gerência, Vendas / Comercial;12/08/2026;Santa Maria;Rio Grande do Sul;RS;Região Sul;Brasil;América do Sul
489;Jobbol;Consultor de Vendas;Aparecida de Goiânia, GO;12/08 11:00;https://www.linkedin.com/jobs/view/4453124247/;https://media.licdn.com/dms/image/v2/D4D0BAQEUwreILeGS7Q/company-logo_100_100/B4DZ5wJQzAG4AM-/0/1779997937122/jobbol_empregos_logo?e=1788393600&v=beta&t=kSwFpzpZbuLCbui5TOqEhTRhFC_E4zJYw11S-JBA-DM;Advanced > Specialist;https://www.linkedin.com/company/jobbol/about/;Vendas e Suporte;sales OR account OR customer success manager OR client success OR developer relations OR technical writer;jobbol;1;;https://www.linkedin.com/jobs/view/4453124247/;https://www.linkedin.com/jobs/view/4453124247/;On-site;Consultor, Vendas / Comercial;12/08/2026;Aparecida de Goiânia;Goiás;GO;Região Centro-Oeste;Brasil;América do Sul
490;Jobbol;Executivo de Vendas;Barueri, SP;12/08 17:00;https://www.linkedin.com/jobs/view/4453351600/;https://media.licdn.com/dms/image/v2/D4D0BAQEUwreILeGS7Q/company-logo_100_100/B4DZ5wJQzAG4AM-/0/1779997937122/jobbol_empregos_logo?e=1788393600&v=beta&t=kSwFpzpZbuLCbui5TOqEhTRhFC_E4zJYw11S-JBA-DM;-;https://www.linkedin.com/company/jobbol/about/;Software e Serviços de TI;sales OR account OR customer success manager OR client success OR developer relations OR technical writer;jobbol;1;;https://www.linkedin.com/jobs/view/4453351600/;https://www.linkedin.com/jobs/view/4453351600/;On-site;Vendas / Comercial;12/08/2026;Barueri;São Paulo;SP;Região Sudeste;Brasil;América do Sul
491;Jobbol;Executivo de Contas;Bento Gonçalves, RS;12/08 11:00;https://www.linkedin.com/jobs/view/4453123261/;https://media.licdn.com/dms/image/v2/D4D0BAQEUwreILeGS7Q/company-logo_100_100/B4DZ5wJQzAG4AM-/0/1779997937122/jobbol_empregos_logo?e=1788393600&v=beta&t=kSwFpzpZbuLCbui5TOqEhTRhFC_E4zJYw11S-JBA-DM;-;https://www.linkedin.com/company/jobbol/about/;Software e Serviços de TI;sales OR account OR customer success manager OR client success OR developer relations OR technical writer;jobbol;1;;https://www.linkedin.com/jobs/view/4453123261/;https://www.linkedin.com/jobs/view/4453123261/;On-site;Executivo de Contas;12/08/2026;Bento Gonçalves;Rio Grande do Sul;RS;Região Sul;Brasil;América do Sul
492;Jobbol;Consultor de Vendas Internas Pleno;Blumenau, SC;12/08 19:00;https://www.linkedin.com/jobs/view/4453366598/;https://media.licdn.com/dms/image/v2/D4D0BAQEUwreILeGS7Q/company-logo_100_100/B4DZ5wJQzAG4AM-/0/1779997937122/jobbol_empregos_logo?e=1788393600&v=beta&t=kSwFpzpZbuLCbui5TOqEhTRhFC_E4zJYw11S-JBA-DM;Advanced > Specialist;https://www.linkedin.com/company/jobbol/about/;Vendas e Suporte;sales OR account OR customer success manager OR client success OR developer relations OR technical writer;jobbol;1;;https://www.linkedin.com/jobs/view/4453366598/;https://www.linkedin.com/jobs/view/4453366598/;On-site;Mid, Intern, Consultor, Vendas / Comercial;12/08/2026;Blumenau;Santa Catarina;SC;Região Sul;Brasil;América do Sul
493;Jobbol;Vendedor Técnico Interno;Blumenau, SC;12/08 18:00;https://www.linkedin.com/jobs/view/4453133153/;https://media.licdn.com/dms/image/v2/D4D0BAQEUwreILeGS7Q/company-logo_100_100/B4DZ5wJQzAG4AM-/0/1779997937122/jobbol_empregos_logo?e=1788393600&v=beta&t=kSwFpzpZbuLCbui5TOqEhTRhFC_E4zJYw11S-JBA-DM;-;https://www.linkedin.com/company/jobbol/about/;-;sales OR account OR customer success manager OR client success OR developer relations OR technical writer;jobbol;1;;https://www.linkedin.com/jobs/view/4453133153/;https://www.linkedin.com/jobs/view/4453133153/;On-site;Intern, Vendas / Comercial;12/08/2026;Blumenau;Santa Catarina;SC;Região Sul;Brasil;América do Sul
494;Jobbol;Consultor Comercial;Brasília, DF;11/08 23:00;https://www.linkedin.com/jobs/view/4453029446/;https://media.licdn.com/dms/image/v2/D4D0BAQEUwreILeGS7Q/company-logo_100_100/B4DZ5wJQzAG4AM-/0/1779997937122/jobbol_empregos_logo?e=1788393600&v=beta&t=kSwFpzpZbuLCbui5TOqEhTRhFC_E4zJYw11S-JBA-DM;Advanced > Specialist;https://www.linkedin.com/company/jobbol/about/;Vendas e Suporte;sales OR account OR customer success manager OR client success OR developer relations OR technical writer;jobbol;1;;https://www.linkedin.com/jobs/view/4453029446/;https://www.linkedin.com/jobs/view/4453029446/;Remote;Consultor, Vendas / Comercial;12/08/2026;;Distrito Federal;DF;Região Centro-Oeste;Brasil;América do Sul
495;Jobbol;Supervisor de Vendas;Campinas, SP;12/08 17:00;https://www.linkedin.com/jobs/view/4453358523/;https://media.licdn.com/dms/image/v2/D4D0BAQEUwreILeGS7Q/company-logo_100_100/B4DZ5wJQzAG4AM-/0/1779997937122/jobbol_empregos_logo?e=1788393600&v=beta&t=kSwFpzpZbuLCbui5TOqEhTRhFC_E4zJYw11S-JBA-DM;Middle > Manager;https://www.linkedin.com/company/jobbol/about/;Vendas e Suporte;sales OR account OR customer success manager OR client success OR developer relations OR technical writer;jobbol;1;;https://www.linkedin.com/jobs/view/4453358523/;https://www.linkedin.com/jobs/view/4453358523/;On-site;Mid, Liderança/Gerência, Vendas / Comercial;12/08/2026;;São Paulo;SP;Região Sudeste;Brasil;América do Sul
496;Jobbol;Vendedor Interno;Caruaru, PE;12/08 19:00;https://www.linkedin.com/jobs/view/4453378053/;https://media.licdn.com/dms/image/v2/D4D0BAQEUwreILeGS7Q/company-logo_100_100/B4DZ5wJQzAG4AM-/0/1779997937122/jobbol_empregos_logo?e=1788393600&v=beta&t=kSwFpzpZbuLCbui5TOqEhTRhFC_E4zJYw11S-JBA-DM;-;https://www.linkedin.com/company/jobbol/about/;-;sales OR account OR customer success manager OR client success OR developer relations OR technical writer;jobbol;1;;https://www.linkedin.com/jobs/view/4453378053/;https://www.linkedin.com/jobs/view/4453378053/;On-site;Intern, Vendas / Comercial;12/08/2026;Caruaru;Pernambuco;PE;Região Nordeste;Brasil;América do Sul
497;Jobbol;Representante de Desenvolvimento de Vendas;Chapecó, SC;12/08 11:00;https://www.linkedin.com/jobs/view/4453125245/;https://media.licdn.com/dms/image/v2/D4D0BAQEUwreILeGS7Q/company-logo_100_100/B4DZ5wJQzAG4AM-/0/1779997937122/jobbol_empregos_logo?e=1788393600&v=beta&t=kSwFpzpZbuLCbui5TOqEhTRhFC_E4zJYw11S-JBA-DM;-;https://www.linkedin.com/company/jobbol/about/;Software e Serviços de TI;sales OR account OR customer success manager OR client success OR developer relations OR technical writer;jobbol;1;;https://www.linkedin.com/jobs/view/4453125245/;https://www.linkedin.com/jobs/view/4453125245/;On-site;Vendas / Comercial;12/08/2026;Chapecó;Santa Catarina;SC;Região Sul;Brasil;América do Sul
498;Jobbol;Vendedor;Criciúma, SC;12/08 11:00;https://www.linkedin.com/jobs/view/4453123273/;https://media.licdn.com/dms/image/v2/D4D0BAQEUwreILeGS7Q/company-logo_100_100/B4DZ5wJQzAG4AM-/0/1779997937122/jobbol_empregos_logo?e=1788393600&v=beta&t=kSwFpzpZbuLCbui5TOqEhTRhFC_E4zJYw11S-JBA-DM;-;https://www.linkedin.com/company/jobbol/about/;-;sales OR account OR customer success manager OR client success OR developer relations OR technical writer;jobbol;1;;https://www.linkedin.com/jobs/view/4453123273/;https://www.linkedin.com/jobs/view/4453123273/;On-site;Vendas / Comercial;12/08/2026;Criciúma;Santa Catarina;SC;Região Sul;Brasil;América do Sul
499;Jobbol;Analista Comercial de Serviços de Manutenção de Aeronaves;Curitiba, PR;12/08 00:00;https://www.linkedin.com/jobs/view/4452627466/;https://media.licdn.com/dms/image/v2/D4D0BAQEUwreILeGS7Q/company-logo_100_100/B4DZ5wJQzAG4AM-/0/1779997937122/jobbol_empregos_logo?e=1788393600&v=beta&t=kSwFpzpZbuLCbui5TOqEhTRhFC_E4zJYw11S-JBA-DM;Advanced > Specialist;https://www.linkedin.com/company/jobbol/about/;Vendas e Suporte;sales OR account OR customer success manager OR client success OR developer relations OR technical writer;jobbol;1;;https://www.linkedin.com/jobs/view/4452627466/;https://www.linkedin.com/jobs/view/4452627466/;On-site;Associate, Vendas / Comercial, Sustentação/O&M;12/08/2026;;Paraná;PR;Região Sul;Brasil;América do Sul
500;Jobbol;Auxiliar Comercial;Curitiba, PR;12/08 00:00;https://www.linkedin.com/jobs/view/4452623617/;https://media.licdn.com/dms/image/v2/D4D0BAQEUwreILeGS7Q/company-logo_100_100/B4DZ5wJQzAG4AM-/0/1779997937122/jobbol_empregos_logo?e=1788393600&v=beta&t=kSwFpzpZbuLCbui5TOqEhTRhFC_E4zJYw11S-JBA-DM;-;https://www.linkedin.com/company/jobbol/about/;Vendas e Suporte;sales OR account OR customer success manager OR client success OR developer relations OR technical writer;jobbol;1;;https://www.linkedin.com/jobs/view/4452623617/;https://www.linkedin.com/jobs/view/4452623617/;On-site;Associate, Vendas / Comercial;12/08/2026;;Paraná;PR;Região Sul;Brasil;América do Sul
501;Jobbol;Consultor Comercial;Curitiba, PR;11/08 23:00;https://www.linkedin.com/jobs/view/4453029447/;https://media.licdn.com/dms/image/v2/D4D0BAQEUwreILeGS7Q/company-logo_100_100/B4DZ5wJQzAG4AM-/0/1779997937122/jobbol_empregos_logo?e=1788393600&v=beta&t=kSwFpzpZbuLCbui5TOqEhTRhFC_E4zJYw11S-JBA-DM;Advanced > Specialist;https://www.linkedin.com/company/jobbol/about/;Vendas e Suporte;sales OR account OR customer success manager OR client success OR developer relations OR technical writer;jobbol;1;;https://www.linkedin.com/jobs/view/4453029447/;https://www.linkedin.com/jobs/view/4453029447/;Remote;Consultor, Vendas / Comercial;12/08/2026;;Paraná;PR;Região Sul;Brasil;América do Sul
502;Jobbol;Vendedor;Florianópolis, SC;12/08 11:00;https://www.linkedin.com/jobs/view/4453142113/;https://media.licdn.com/dms/image/v2/D4D0BAQEUwreILeGS7Q/company-logo_100_100/B4DZ5wJQzAG4AM-/0/1779997937122/jobbol_empregos_logo?e=1788393600&v=beta&t=kSwFpzpZbuLCbui5TOqEhTRhFC_E4zJYw11S-JBA-DM;-;https://www.linkedin.com/company/jobbol/about/;-;sales OR account OR customer success manager OR client success OR developer relations OR technical writer;jobbol;1;;https://www.linkedin.com/jobs/view/4453142113/;https://www.linkedin.com/jobs/view/4453142113/;On-site;Vendas / Comercial;12/08/2026;;Santa Catarina;SC;Região Sul;Brasil;América do Sul
503;Jobbol;Consultor Comercial;Fortaleza, CE;11/08 23:00;https://www.linkedin.com/jobs/view/4453046375/;https://media.licdn.com/dms/image/v2/D4D0BAQEUwreILeGS7Q/company-logo_100_100/B4DZ5wJQzAG4AM-/0/1779997937122/jobbol_empregos_logo?e=1788393600&v=beta&t=kSwFpzpZbuLCbui5TOqEhTRhFC_E4zJYw11S-JBA-DM;Advanced > Specialist;https://www.linkedin.com/company/jobbol/about/;Vendas e Suporte;sales OR account OR customer success manager OR client success OR developer relations OR technical writer;jobbol;1;;https://www.linkedin.com/jobs/view/4453046375/;https://www.linkedin.com/jobs/view/4453046375/;On-site;Consultor, Vendas / Comercial;12/08/2026;Fortaleza;Ceará;CE;Região Nordeste;Brasil;América do Sul
504;Jobbol;Consultor Comercial;Fortaleza, CE;11/08 23:00;https://www.linkedin.com/jobs/view/4453040383/;https://media.licdn.com/dms/image/v2/D4D0BAQEUwreILeGS7Q/company-logo_100_100/B4DZ5wJQzAG4AM-/0/1779997937122/jobbol_empregos_logo?e=1788393600&v=beta&t=kSwFpzpZbuLCbui5TOqEhTRhFC_E4zJYw11S-JBA-DM;Advanced > Specialist;https://www.linkedin.com/company/jobbol/about/;Vendas e Suporte;sales OR account OR customer success manager OR client success OR developer relations OR technical writer;jobbol;1;;https://www.linkedin.com/jobs/view/4453040383/;https://www.linkedin.com/jobs/view/4453040383/;Remote;Consultor, Vendas / Comercial;12/08/2026;Fortaleza;Ceará;CE;Região Nordeste;Brasil;América do Sul
505;Jobbol;Representante de Desenvolvimento de Vendas;Fortaleza, CE;11/08 23:00;https://www.linkedin.com/jobs/view/4453036412/;https://media.licdn.com/dms/image/v2/D4D0BAQEUwreILeGS7Q/company-logo_100_100/B4DZ5wJQzAG4AM-/0/1779997937122/jobbol_empregos_logo?e=1788393600&v=beta&t=kSwFpzpZbuLCbui5TOqEhTRhFC_E4zJYw11S-JBA-DM;-;https://www.linkedin.com/company/jobbol/about/;Software e Serviços de TI;sales OR account OR customer success manager OR client success OR developer relations OR technical writer;jobbol;1;;https://www.linkedin.com/jobs/view/4453036412/;https://www.linkedin.com/jobs/view/4453036412/;On-site;Vendas / Comercial;12/08/2026;Fortaleza;Ceará;CE;Região Nordeste;Brasil;América do Sul
506;Jobbol;Assistente de Vendas;Goiânia, GO;11/08 23:00;https://www.linkedin.com/jobs/view/4453035412/;https://media.licdn.com/dms/image/v2/D4D0BAQEUwreILeGS7Q/company-logo_100_100/B4DZ5wJQzAG4AM-/0/1779997937122/jobbol_empregos_logo?e=1788393600&v=beta&t=kSwFpzpZbuLCbui5TOqEhTRhFC_E4zJYw11S-JBA-DM;-;https://www.linkedin.com/company/jobbol/about/;Vendas e Suporte;sales OR account OR customer success manager OR client success OR developer relations OR technical writer;jobbol;1;;https://www.linkedin.com/jobs/view/4453035412/;https://www.linkedin.com/jobs/view/4453035412/;On-site;Associate, Vendas / Comercial;12/08/2026;Goiânia;Goiás;GO;Região Centro-Oeste;Brasil;América do Sul
507;Jobbol;Consultor Comercial;Goiânia, GO;11/08 23:00;https://www.linkedin.com/jobs/view/4453030434/;https://media.licdn.com/dms/image/v2/D4D0BAQEUwreILeGS7Q/company-logo_100_100/B4DZ5wJQzAG4AM-/0/1779997937122/jobbol_empregos_logo?e=1788393600&v=beta&t=kSwFpzpZbuLCbui5TOqEhTRhFC_E4zJYw11S-JBA-DM;Advanced > Specialist;https://www.linkedin.com/company/jobbol/about/;Vendas e Suporte;sales OR account OR customer success manager OR client success OR developer relations OR technical writer;jobbol;1;;https://www.linkedin.com/jobs/view/4453030434/;https://www.linkedin.com/jobs/view/4453030434/;Remote;Consultor, Vendas / Comercial;12/08/2026;Goiânia;Goiás;GO;Região Centro-Oeste;Brasil;América do Sul
508;Jobbol;Consultor de Vendas;Goiânia, GO;11/08 23:00;https://www.linkedin.com/jobs/view/4453029440/;https://media.licdn.com/dms/image/v2/D4D0BAQEUwreILeGS7Q/company-logo_100_100/B4DZ5wJQzAG4AM-/0/1779997937122/jobbol_empregos_logo?e=1788393600&v=beta&t=kSwFpzpZbuLCbui5TOqEhTRhFC_E4zJYw11S-JBA-DM;Advanced > Specialist;https://www.linkedin.com/company/jobbol/about/;Vendas e Suporte;sales OR account OR customer success manager OR client success OR developer relations OR technical writer;jobbol;1;;https://www.linkedin.com/jobs/view/4453029440/;https://www.linkedin.com/jobs/view/4453029440/;On-site;Consultor, Vendas / Comercial;12/08/2026;Goiânia;Goiás;GO;Região Centro-Oeste;Brasil;América do Sul
509;Jobbol;Consultor de Vendas;Goiânia, GO;11/08 23:00;https://www.linkedin.com/jobs/view/4453040366/;https://media.licdn.com/dms/image/v2/D4D0BAQEUwreILeGS7Q/company-logo_100_100/B4DZ5wJQzAG4AM-/0/1779997937122/jobbol_empregos_logo?e=1788393600&v=beta&t=kSwFpzpZbuLCbui5TOqEhTRhFC_E4zJYw11S-JBA-DM;Advanced > Specialist;https://www.linkedin.com/company/jobbol/about/;Vendas e Suporte;sales OR account OR customer success manager OR client success OR developer relations OR technical writer;jobbol;1;;https://www.linkedin.com/jobs/view/4453040366/;https://www.linkedin.com/jobs/view/4453040366/;On-site;Consultor, Vendas / Comercial;12/08/2026;Goiânia;Goiás;GO;Região Centro-Oeste;Brasil;América do Sul
510;Jobbol;Vendedor Externo;Goiânia, GO;11/08 23:00;https://www.linkedin.com/jobs/view/4453044366/;https://media.licdn.com/dms/image/v2/D4D0BAQEUwreILeGS7Q/company-logo_100_100/B4DZ5wJQzAG4AM-/0/1779997937122/jobbol_empregos_logo?e=1788393600&v=beta&t=kSwFpzpZbuLCbui5TOqEhTRhFC_E4zJYw11S-JBA-DM;-;https://www.linkedin.com/company/jobbol/about/;-;sales OR account OR customer success manager OR client success OR developer relations OR technical writer;jobbol;1;;https://www.linkedin.com/jobs/view/4453044366/;https://www.linkedin.com/jobs/view/4453044366/;On-site;Vendas / Comercial;12/08/2026;Goiânia;Goiás;GO;Região Centro-Oeste;Brasil;América do Sul
511;Jobbol;Vendedor Interno;Goiânia, GO;11/08 23:00;https://www.linkedin.com/jobs/view/4453031470/;https://media.licdn.com/dms/image/v2/D4D0BAQEUwreILeGS7Q/company-logo_100_100/B4DZ5wJQzAG4AM-/0/1779997937122/jobbol_empregos_logo?e=1788393600&v=beta&t=kSwFpzpZbuLCbui5TOqEhTRhFC_E4zJYw11S-JBA-DM;-;https://www.linkedin.com/company/jobbol/about/;-;sales OR account OR customer success manager OR client success OR developer relations OR technical writer;jobbol;1;;https://www.linkedin.com/jobs/view/4453031470/;https://www.linkedin.com/jobs/view/4453031470/;On-site;Intern, Vendas / Comercial;12/08/2026;Goiânia;Goiás;GO;Região Centro-Oeste;Brasil;América do Sul
512;Jobbol;Consultor de Vendas;Grande Natal (RN);11/08 23:00;https://www.linkedin.com/jobs/view/4453029437/;https://media.licdn.com/dms/image/v2/D4D0BAQEUwreILeGS7Q/company-logo_100_100/B4DZ5wJQzAG4AM-/0/1779997937122/jobbol_empregos_logo?e=1788393600&v=beta&t=kSwFpzpZbuLCbui5TOqEhTRhFC_E4zJYw11S-JBA-DM;Advanced > Specialist;https://www.linkedin.com/company/jobbol/about/;Vendas e Suporte;sales OR account OR customer success manager OR client success OR developer relations OR technical writer;jobbol;1;;https://www.linkedin.com/jobs/view/4453029437/;https://www.linkedin.com/jobs/view/4453029437/;On-site;Consultor, Vendas / Comercial;12/08/2026;;Rio Grande do Norte;RN;Região Nordeste;Brasil;América do Sul
513;Jobbol;Consultor de Vendas;Grande Porto Alegre (RS);12/08 17:00;https://www.linkedin.com/jobs/view/4453352603/;https://media.licdn.com/dms/image/v2/D4D0BAQEUwreILeGS7Q/company-logo_100_100/B4DZ5wJQzAG4AM-/0/1779997937122/jobbol_empregos_logo?e=1788393600&v=beta&t=kSwFpzpZbuLCbui5TOqEhTRhFC_E4zJYw11S-JBA-DM;Advanced > Specialist;https://www.linkedin.com/company/jobbol/about/;Vendas e Suporte;sales OR account OR customer success manager OR client success OR developer relations OR technical writer;jobbol;1;;https://www.linkedin.com/jobs/view/4453352603/;https://www.linkedin.com/jobs/view/4453352603/;On-site;Consultor, Vendas / Comercial;12/08/2026;;Rio Grande do Sul;RS;Região Sul;Brasil;América do Sul
514;Jobbol;Consultor de Vendas Externas;Imperatriz, MA;12/08 17:00;https://www.linkedin.com/jobs/view/4453347619/;https://media.licdn.com/dms/image/v2/D4D0BAQEUwreILeGS7Q/company-logo_100_100/B4DZ5wJQzAG4AM-/0/1779997937122/jobbol_empregos_logo?e=1788393600&v=beta&t=kSwFpzpZbuLCbui5TOqEhTRhFC_E4zJYw11S-JBA-DM;Advanced > Specialist;https://www.linkedin.com/company/jobbol/about/;Vendas e Suporte;sales OR account OR customer success manager OR client success OR developer relations OR technical writer;jobbol;1;;https://www.linkedin.com/jobs/view/4453347619/;https://www.linkedin.com/jobs/view/4453347619/;On-site;Consultor, Vendas / Comercial;12/08/2026;Imperatriz;Maranhão;MA;Região Nordeste;Brasil;América do Sul
515;Jobbol;Auxiliar de Vendas;Indaiatuba, SP;11/08 23:00;https://www.linkedin.com/jobs/view/4453030417/;https://media.licdn.com/dms/image/v2/D4D0BAQEUwreILeGS7Q/company-logo_100_100/B4DZ5wJQzAG4AM-/0/1779997937122/jobbol_empregos_logo?e=1788393600&v=beta&t=kSwFpzpZbuLCbui5TOqEhTRhFC_E4zJYw11S-JBA-DM;-;https://www.linkedin.com/company/jobbol/about/;Vendas e Suporte;sales OR account OR customer success manager OR client success OR developer relations OR technical writer;jobbol;1;;https://www.linkedin.com/jobs/view/4453030417/;https://www.linkedin.com/jobs/view/4453030417/;On-site;Associate, Vendas / Comercial;12/08/2026;Indaiatuba;São Paulo;SP;Região Sudeste;Brasil;América do Sul
516;Jobbol;Consultor de Vendas;Ipatinga, MG;12/08 17:00;https://www.linkedin.com/jobs/view/4453351597/;https://media.licdn.com/dms/image/v2/D4D0BAQEUwreILeGS7Q/company-logo_100_100/B4DZ5wJQzAG4AM-/0/1779997937122/jobbol_empregos_logo?e=1788393600&v=beta&t=kSwFpzpZbuLCbui5TOqEhTRhFC_E4zJYw11S-JBA-DM;Advanced > Specialist;https://www.linkedin.com/company/jobbol/about/;Vendas e Suporte;sales OR account OR customer success manager OR client success OR developer relations OR technical writer;jobbol;1;;https://www.linkedin.com/jobs/view/4453351597/;https://www.linkedin.com/jobs/view/4453351597/;On-site;Consultor, Vendas / Comercial;12/08/2026;Ipatinga;Minas Gerais;MG;Região Sudeste;Brasil;América do Sul
517;Jobbol;Vendedor;Itajaí, SC;12/08 11:00;https://www.linkedin.com/jobs/view/4453137112/;https://media.licdn.com/dms/image/v2/D4D0BAQEUwreILeGS7Q/company-logo_100_100/B4DZ5wJQzAG4AM-/0/1779997937122/jobbol_empregos_logo?e=1788393600&v=beta&t=kSwFpzpZbuLCbui5TOqEhTRhFC_E4zJYw11S-JBA-DM;-;https://www.linkedin.com/company/jobbol/about/;-;sales OR account OR customer success manager OR client success OR developer relations OR technical writer;jobbol;1;;https://www.linkedin.com/jobs/view/4453137112/;https://www.linkedin.com/jobs/view/4453137112/;On-site;Vendas / Comercial;12/08/2026;Itajaí;Santa Catarina;SC;Região Sul;Brasil;América do Sul
518;Jobbol;Vendedor Externo;Jaraguá do Sul, SC;12/08 19:00;https://www.linkedin.com/jobs/view/4453363731/;https://media.licdn.com/dms/image/v2/D4D0BAQEUwreILeGS7Q/company-logo_100_100/B4DZ5wJQzAG4AM-/0/1779997937122/jobbol_empregos_logo?e=1788393600&v=beta&t=kSwFpzpZbuLCbui5TOqEhTRhFC_E4zJYw11S-JBA-DM;-;https://www.linkedin.com/company/jobbol/about/;-;sales OR account OR customer success manager OR client success OR developer relations OR technical writer;jobbol;1;;https://www.linkedin.com/jobs/view/4453363731/;https://www.linkedin.com/jobs/view/4453363731/;On-site;Vendas / Comercial;12/08/2026;Jaraguá do Sul;Santa Catarina;SC;Região Sul;Brasil;América do Sul
519;Jobbol;Vendedor Interno;Jaraguá do Sul, SC;12/08 17:00;https://www.linkedin.com/jobs/view/4453363353/;https://media.licdn.com/dms/image/v2/D4D0BAQEUwreILeGS7Q/company-logo_100_100/B4DZ5wJQzAG4AM-/0/1779997937122/jobbol_empregos_logo?e=1788393600&v=beta&t=kSwFpzpZbuLCbui5TOqEhTRhFC_E4zJYw11S-JBA-DM;-;https://www.linkedin.com/company/jobbol/about/;-;sales OR account OR customer success manager OR client success OR developer relations OR technical writer;jobbol;1;;https://www.linkedin.com/jobs/view/4453363353/;https://www.linkedin.com/jobs/view/4453363353/;On-site;Intern, Vendas / Comercial;12/08/2026;Jaraguá do Sul;Santa Catarina;SC;Região Sul;Brasil;América do Sul
520;Jobbol;Consultor Comercial;Joinville, SC;12/08 00:00;https://www.linkedin.com/jobs/view/4452644093/;https://media.licdn.com/dms/image/v2/D4D0BAQEUwreILeGS7Q/company-logo_100_100/B4DZ5wJQzAG4AM-/0/1779997937122/jobbol_empregos_logo?e=1788393600&v=beta&t=kSwFpzpZbuLCbui5TOqEhTRhFC_E4zJYw11S-JBA-DM;Advanced > Specialist;https://www.linkedin.com/company/jobbol/about/;Vendas e Suporte;sales OR account OR customer success manager OR client success OR developer relations OR technical writer;jobbol;1;;https://www.linkedin.com/jobs/view/4452644093/;https://www.linkedin.com/jobs/view/4452644093/;On-site;Consultor, Vendas / Comercial;12/08/2026;Joinville;Santa Catarina;SC;Região Sul;Brasil;América do Sul
521;Jobbol;Consultor de Vendas;Joinville, SC;12/08 17:00;https://www.linkedin.com/jobs/view/4453344762/;https://media.licdn.com/dms/image/v2/D4D0BAQEUwreILeGS7Q/company-logo_100_100/B4DZ5wJQzAG4AM-/0/1779997937122/jobbol_empregos_logo?e=1788393600&v=beta&t=kSwFpzpZbuLCbui5TOqEhTRhFC_E4zJYw11S-JBA-DM;Advanced > Specialist;https://www.linkedin.com/company/jobbol/about/;Vendas e Suporte;sales OR account OR customer success manager OR client success OR developer relations OR technical writer;jobbol;1;;https://www.linkedin.com/jobs/view/4453344762/;https://www.linkedin.com/jobs/view/4453344762/;On-site;Consultor, Vendas / Comercial;12/08/2026;Joinville;Santa Catarina;SC;Região Sul;Brasil;América do Sul
522;Jobbol;Vendedor Externo;João Pessoa, PB;12/08 00:00;https://www.linkedin.com/jobs/view/4452644080/;https://media.licdn.com/dms/image/v2/D4D0BAQEUwreILeGS7Q/company-logo_100_100/B4DZ5wJQzAG4AM-/0/1779997937122/jobbol_empregos_logo?e=1788393600&v=beta&t=kSwFpzpZbuLCbui5TOqEhTRhFC_E4zJYw11S-JBA-DM;-;https://www.linkedin.com/company/jobbol/about/;-;sales OR account OR customer success manager OR client success OR developer relations OR technical writer;jobbol;1;;https://www.linkedin.com/jobs/view/4452644080/;https://www.linkedin.com/jobs/view/4452644080/;On-site;Vendas / Comercial;12/08/2026;João Pessoa;Paraíba;PB;Região Nordeste;Brasil;América do Sul
523;Jobbol;Consultor de Vendas;Lucas do Rio Verde, MT;11/08 23:00;https://www.linkedin.com/jobs/view/4453030423/;https://media.licdn.com/dms/image/v2/D4D0BAQEUwreILeGS7Q/company-logo_100_100/B4DZ5wJQzAG4AM-/0/1779997937122/jobbol_empregos_logo?e=1788393600&v=beta&t=kSwFpzpZbuLCbui5TOqEhTRhFC_E4zJYw11S-JBA-DM;Advanced > Specialist;https://www.linkedin.com/company/jobbol/about/;Vendas e Suporte;sales OR account OR customer success manager OR client success OR developer relations OR technical writer;jobbol;1;;https://www.linkedin.com/jobs/view/4453030423/;https://www.linkedin.com/jobs/view/4453030423/;On-site;Consultor, Vendas / Comercial;12/08/2026;Lucas do Rio Verde;Mato Grosso;MT;Região Centro-Oeste;Brasil;América do Sul
524;Jobbol;Consultor Comercial;Macaé, RJ;12/08 11:00;https://www.linkedin.com/jobs/view/4453140100/;https://media.licdn.com/dms/image/v2/D4D0BAQEUwreILeGS7Q/company-logo_100_100/B4DZ5wJQzAG4AM-/0/1779997937122/jobbol_empregos_logo?e=1788393600&v=beta&t=kSwFpzpZbuLCbui5TOqEhTRhFC_E4zJYw11S-JBA-DM;Advanced > Specialist;https://www.linkedin.com/company/jobbol/about/;Vendas e Suporte;sales OR account OR customer success manager OR client success OR developer relations OR technical writer;jobbol;1;;https://www.linkedin.com/jobs/view/4453140100/;https://www.linkedin.com/jobs/view/4453140100/;On-site;Consultor, Vendas / Comercial;12/08/2026;Macaé;Rio de Janeiro;RJ;Região Sudeste;Brasil;América do Sul
525;Jobbol;Consultor de Vendas;Maceió, AL;12/08 18:00;https://www.linkedin.com/jobs/view/4453354989/;https://media.licdn.com/dms/image/v2/D4D0BAQEUwreILeGS7Q/company-logo_100_100/B4DZ5wJQzAG4AM-/0/1779997937122/jobbol_empregos_logo?e=1788393600&v=beta&t=kSwFpzpZbuLCbui5TOqEhTRhFC_E4zJYw11S-JBA-DM;Advanced > Specialist;https://www.linkedin.com/company/jobbol/about/;Vendas e Suporte;sales OR account OR customer success manager OR client success OR developer relations OR technical writer;jobbol;1;;https://www.linkedin.com/jobs/view/4453354989/;https://www.linkedin.com/jobs/view/4453354989/;On-site;Consultor, Vendas / Comercial;12/08/2026;Maceió;Alagoas;AL;Região Nordeste;Brasil;América do Sul
526;Jobbol;Analista Comercial;Manaus, AM;11/08 23:00;https://www.linkedin.com/jobs/view/4453042380/;https://media.licdn.com/dms/image/v2/D4D0BAQEUwreILeGS7Q/company-logo_100_100/B4DZ5wJQzAG4AM-/0/1779997937122/jobbol_empregos_logo?e=1788393600&v=beta&t=kSwFpzpZbuLCbui5TOqEhTRhFC_E4zJYw11S-JBA-DM;Advanced > Specialist;https://www.linkedin.com/company/jobbol/about/;Vendas e Suporte;sales OR account OR customer success manager OR client success OR developer relations OR technical writer;jobbol;1;;https://www.linkedin.com/jobs/view/4453042380/;https://www.linkedin.com/jobs/view/4453042380/;On-site;Associate, Vendas / Comercial;12/08/2026;;Amazonas;AM;Região Norte;Brasil;América do Sul
527;Jobbol;Consultor Comercial;Manaus, AM;11/08 23:00;https://www.linkedin.com/jobs/view/4453026502/;https://media.licdn.com/dms/image/v2/D4D0BAQEUwreILeGS7Q/company-logo_100_100/B4DZ5wJQzAG4AM-/0/1779997937122/jobbol_empregos_logo?e=1788393600&v=beta&t=kSwFpzpZbuLCbui5TOqEhTRhFC_E4zJYw11S-JBA-DM;Advanced > Specialist;https://www.linkedin.com/company/jobbol/about/;Vendas e Suporte;sales OR account OR customer success manager OR client success OR developer relations OR technical writer;jobbol;1;;https://www.linkedin.com/jobs/view/4453026502/;https://www.linkedin.com/jobs/view/4453026502/;Remote;Consultor, Vendas / Comercial;12/08/2026;;Amazonas;AM;Região Norte;Brasil;América do Sul
528;Jobbol;Consultor de Vendas;Manaus, AM;11/08 23:00;https://www.linkedin.com/jobs/view/4453039384/;https://media.licdn.com/dms/image/v2/D4D0BAQEUwreILeGS7Q/company-logo_100_100/B4DZ5wJQzAG4AM-/0/1779997937122/jobbol_empregos_logo?e=1788393600&v=beta&t=kSwFpzpZbuLCbui5TOqEhTRhFC_E4zJYw11S-JBA-DM;Advanced > Specialist;https://www.linkedin.com/company/jobbol/about/;Vendas e Suporte;sales OR account OR customer success manager OR client success OR developer relations OR technical writer;jobbol;1;;https://www.linkedin.com/jobs/view/4453039384/;https://www.linkedin.com/jobs/view/4453039384/;On-site;Consultor, Vendas / Comercial;12/08/2026;;Amazonas;AM;Região Norte;Brasil;América do Sul
529;Jobbol;Consultor de Vendas;Manaus, AM;12/08 17:00;https://www.linkedin.com/jobs/view/4453362390/;https://media.licdn.com/dms/image/v2/D4D0BAQEUwreILeGS7Q/company-logo_100_100/B4DZ5wJQzAG4AM-/0/1779997937122/jobbol_empregos_logo?e=1788393600&v=beta&t=kSwFpzpZbuLCbui5TOqEhTRhFC_E4zJYw11S-JBA-DM;Advanced > Specialist;https://www.linkedin.com/company/jobbol/about/;Vendas e Suporte;sales OR account OR customer success manager OR client success OR developer relations OR technical writer;jobbol;1;;https://www.linkedin.com/jobs/view/4453362390/;https://www.linkedin.com/jobs/view/4453362390/;On-site;Consultor, Vendas / Comercial;12/08/2026;;Amazonas;AM;Região Norte;Brasil;América do Sul
530;Jobbol;Consultor de Vendas;Manaus, AM;12/08 00:00;https://www.linkedin.com/jobs/view/4452626527/;https://media.licdn.com/dms/image/v2/D4D0BAQEUwreILeGS7Q/company-logo_100_100/B4DZ5wJQzAG4AM-/0/1779997937122/jobbol_empregos_logo?e=1788393600&v=beta&t=kSwFpzpZbuLCbui5TOqEhTRhFC_E4zJYw11S-JBA-DM;Advanced > Specialist;https://www.linkedin.com/company/jobbol/about/;Vendas e Suporte;sales OR account OR customer success manager OR client success OR developer relations OR technical writer;jobbol;1;;https://www.linkedin.com/jobs/view/4452626527/;https://www.linkedin.com/jobs/view/4452626527/;On-site;Consultor, Vendas / Comercial;12/08/2026;;Amazonas;AM;Região Norte;Brasil;América do Sul
531;Jobbol;Vendedor;Mossoró, RN;11/08 23:00;https://www.linkedin.com/jobs/view/4453040376/;https://media.licdn.com/dms/image/v2/D4D0BAQEUwreILeGS7Q/company-logo_100_100/B4DZ5wJQzAG4AM-/0/1779997937122/jobbol_empregos_logo?e=1788393600&v=beta&t=kSwFpzpZbuLCbui5TOqEhTRhFC_E4zJYw11S-JBA-DM;-;https://www.linkedin.com/company/jobbol/about/;-;sales OR account OR customer success manager OR client success OR developer relations OR technical writer;jobbol;1;;https://www.linkedin.com/jobs/view/4453040376/;https://www.linkedin.com/jobs/view/4453040376/;On-site;Vendas / Comercial;12/08/2026;Mossoró;Rio Grande do Norte;RN;Região Nordeste;Brasil;América do Sul
532;Jobbol;Consultor de Vendas;Pato Branco, PR;11/08 23:00;https://www.linkedin.com/jobs/view/4453038420/;https://media.licdn.com/dms/image/v2/D4D0BAQEUwreILeGS7Q/company-logo_100_100/B4DZ5wJQzAG4AM-/0/1779997937122/jobbol_empregos_logo?e=1788393600&v=beta&t=kSwFpzpZbuLCbui5TOqEhTRhFC_E4zJYw11S-JBA-DM;Advanced > Specialist;https://www.linkedin.com/company/jobbol/about/;Vendas e Suporte;sales OR account OR customer success manager OR client success OR developer relations OR technical writer;jobbol;1;;https://www.linkedin.com/jobs/view/4453038420/;https://www.linkedin.com/jobs/view/4453038420/;On-site;Consultor, Vendas / Comercial;12/08/2026;Pato Branco;Paraná;PR;Região Sul;Brasil;América do Sul
533;Jobbol;Consultor Comercial;Recife, PE;11/08 23:00;https://www.linkedin.com/jobs/view/4453031454/;https://media.licdn.com/dms/image/v2/D4D0BAQEUwreILeGS7Q/company-logo_100_100/B4DZ5wJQzAG4AM-/0/1779997937122/jobbol_empregos_logo?e=1788393600&v=beta&t=kSwFpzpZbuLCbui5TOqEhTRhFC_E4zJYw11S-JBA-DM;Advanced > Specialist;https://www.linkedin.com/company/jobbol/about/;Vendas e Suporte;sales OR account OR customer success manager OR client success OR developer relations OR technical writer;jobbol;1;;https://www.linkedin.com/jobs/view/4453031454/;https://www.linkedin.com/jobs/view/4453031454/;Remote;Consultor, Vendas / Comercial;12/08/2026;Recife;Pernambuco;PE;Região Nordeste;Brasil;América do Sul
534;Jobbol;Consultor de Vendas Interna;Recife, PE;12/08 17:00;https://www.linkedin.com/jobs/view/4453345707/;https://media.licdn.com/dms/image/v2/D4D0BAQEUwreILeGS7Q/company-logo_100_100/B4DZ5wJQzAG4AM-/0/1779997937122/jobbol_empregos_logo?e=1788393600&v=beta&t=kSwFpzpZbuLCbui5TOqEhTRhFC_E4zJYw11S-JBA-DM;Advanced > Specialist;https://www.linkedin.com/company/jobbol/about/;Vendas e Suporte;sales OR account OR customer success manager OR client success OR developer relations OR technical writer;jobbol;1;;https://www.linkedin.com/jobs/view/4453345707/;https://www.linkedin.com/jobs/view/4453345707/;On-site;Intern, Consultor, Vendas / Comercial;12/08/2026;Recife;Pernambuco;PE;Região Nordeste;Brasil;América do Sul
535;Jobbol;Especialista em Relacionamento com Clientes;Rio de Janeiro, RJ;12/08 11:00;https://www.linkedin.com/jobs/view/4453127197/;https://media.licdn.com/dms/image/v2/D4D0BAQEUwreILeGS7Q/company-logo_100_100/B4DZ5wJQzAG4AM-/0/1779997937122/jobbol_empregos_logo?e=1788393600&v=beta&t=kSwFpzpZbuLCbui5TOqEhTRhFC_E4zJYw11S-JBA-DM;Advanced > Specialist;https://www.linkedin.com/company/jobbol/about/;-;sales OR account OR customer success manager OR client success OR developer relations OR technical writer;jobbol;1;;https://www.linkedin.com/jobs/view/4453127197/;https://www.linkedin.com/jobs/view/4453127197/;On-site;Specialist;12/08/2026;Rio de Janeiro;Rio de Janeiro;RJ;Região Sudeste;Brasil;América do Sul
536;Jobbol;Assistente de Vendas;Sorocaba, SP;12/08 17:00;https://www.linkedin.com/jobs/view/4453344753/;https://media.licdn.com/dms/image/v2/D4D0BAQEUwreILeGS7Q/company-logo_100_100/B4DZ5wJQzAG4AM-/0/1779997937122/jobbol_empregos_logo?e=1788393600&v=beta&t=kSwFpzpZbuLCbui5TOqEhTRhFC_E4zJYw11S-JBA-DM;-;https://www.linkedin.com/company/jobbol/about/;Vendas e Suporte;sales OR account OR customer success manager OR client success OR developer relations OR technical writer;jobbol;1;;https://www.linkedin.com/jobs/view/4453344753/;https://www.linkedin.com/jobs/view/4453344753/;On-site;Associate, Vendas / Comercial;12/08/2026;Sorocaba;São Paulo;SP;Região Sudeste;Brasil;América do Sul
537;Jobbol;Supervisor Comercial;São José, SC;12/08 18:00;https://www.linkedin.com/jobs/view/4453124280/;https://media.licdn.com/dms/image/v2/D4D0BAQEUwreILeGS7Q/company-logo_100_100/B4DZ5wJQzAG4AM-/0/1779997937122/jobbol_empregos_logo?e=1788393600&v=beta&t=kSwFpzpZbuLCbui5TOqEhTRhFC_E4zJYw11S-JBA-DM;Middle > Manager;https://www.linkedin.com/company/jobbol/about/;Vendas e Suporte;sales OR account OR customer success manager OR client success OR developer relations OR technical writer;jobbol;1;;https://www.linkedin.com/jobs/view/4453124280/;https://www.linkedin.com/jobs/view/4453124280/;On-site;Mid, Liderança/Gerência, Vendas / Comercial;12/08/2026;;Santa Catarina;SC;Região Sul;Brasil;América do Sul
538;Jobbol;Assistente de Vendas;São Leopoldo, RS;12/08 17:00;https://www.linkedin.com/jobs/view/4453355527/;https://media.licdn.com/dms/image/v2/D4D0BAQEUwreILeGS7Q/company-logo_100_100/B4DZ5wJQzAG4AM-/0/1779997937122/jobbol_empregos_logo?e=1788393600&v=beta&t=kSwFpzpZbuLCbui5TOqEhTRhFC_E4zJYw11S-JBA-DM;-;https://www.linkedin.com/company/jobbol/about/;Vendas e Suporte;sales OR account OR customer success manager OR client success OR developer relations OR technical writer;jobbol;1;;https://www.linkedin.com/jobs/view/4453355527/;https://www.linkedin.com/jobs/view/4453355527/;On-site;Associate, Vendas / Comercial;12/08/2026;;Rio Grande do Sul;RS;Região Sul;Brasil;América do Sul
539;Jobbol;Auxiliar de Pré Vendas;São Paulo, SP;11/08 23:00;https://www.linkedin.com/jobs/view/4453026480/;https://media.licdn.com/dms/image/v2/D4D0BAQEUwreILeGS7Q/company-logo_100_100/B4DZ5wJQzAG4AM-/0/1779997937122/jobbol_empregos_logo?e=1788393600&v=beta&t=kSwFpzpZbuLCbui5TOqEhTRhFC_E4zJYw11S-JBA-DM;-;https://www.linkedin.com/company/jobbol/about/;Vendas e Suporte;sales OR account OR customer success manager OR client success OR developer relations OR technical writer;jobbol;1;;https://www.linkedin.com/jobs/view/4453026480/;https://www.linkedin.com/jobs/view/4453026480/;On-site;Associate, Vendas / Comercial;12/08/2026;São Paulo;São Paulo;SP;Região Sudeste;Brasil;América do Sul
540;Jobbol;Consultor Comercial;São Paulo, SP;11/08 23:00;https://www.linkedin.com/jobs/view/4453038423/;https://media.licdn.com/dms/image/v2/D4D0BAQEUwreILeGS7Q/company-logo_100_100/B4DZ5wJQzAG4AM-/0/1779997937122/jobbol_empregos_logo?e=1788393600&v=beta&t=kSwFpzpZbuLCbui5TOqEhTRhFC_E4zJYw11S-JBA-DM;Advanced > Specialist;https://www.linkedin.com/company/jobbol/about/;Vendas e Suporte;sales OR account OR customer success manager OR client success OR developer relations OR technical writer;jobbol;1;;https://www.linkedin.com/jobs/view/4453038423/;https://www.linkedin.com/jobs/view/4453038423/;Remote;Consultor, Vendas / Comercial;12/08/2026;São Paulo;São Paulo;SP;Região Sudeste;Brasil;América do Sul
541;Jobbol;Consultor de Vendas;São Paulo, SP;12/08 19:00;https://www.linkedin.com/jobs/view/4453376078/;https://media.licdn.com/dms/image/v2/D4D0BAQEUwreILeGS7Q/company-logo_100_100/B4DZ5wJQzAG4AM-/0/1779997937122/jobbol_empregos_logo?e=1788393600&v=beta&t=kSwFpzpZbuLCbui5TOqEhTRhFC_E4zJYw11S-JBA-DM;Advanced > Specialist;https://www.linkedin.com/company/jobbol/about/;Vendas e Suporte;sales OR account OR customer success manager OR client success OR developer relations OR technical writer;jobbol;1;;https://www.linkedin.com/jobs/view/4453376078/;https://www.linkedin.com/jobs/view/4453376078/;On-site;Consultor, Vendas / Comercial;12/08/2026;São Paulo;São Paulo;SP;Região Sudeste;Brasil;América do Sul
542;Jobbol;Inside Sales;São Paulo, SP;12/08 05:00;https://www.linkedin.com/jobs/view/4453038439/;https://media.licdn.com/dms/image/v2/D4D0BAQEUwreILeGS7Q/company-logo_100_100/B4DZ5wJQzAG4AM-/0/1779997937122/jobbol_empregos_logo?e=1788393600&v=beta&t=kSwFpzpZbuLCbui5TOqEhTRhFC_E4zJYw11S-JBA-DM;-;https://www.linkedin.com/company/jobbol/about/;Vendas e Suporte;sales OR account OR customer success manager OR client success OR developer relations OR technical writer;jobbol;1;;https://www.linkedin.com/jobs/view/4453038439/;https://www.linkedin.com/jobs/view/4453038439/;On-site;Vendas / Comercial;12/08/2026;São Paulo;São Paulo;SP;Região Sudeste;Brasil;América do Sul
543;Jobbol;Representante Comercial;São Paulo, SP;11/08 23:00;https://www.linkedin.com/jobs/view/4453039379/;https://media.licdn.com/dms/image/v2/D4D0BAQEUwreILeGS7Q/company-logo_100_100/B4DZ5wJQzAG4AM-/0/1779997937122/jobbol_empregos_logo?e=1788393600&v=beta&t=kSwFpzpZbuLCbui5TOqEhTRhFC_E4zJYw11S-JBA-DM;-;https://www.linkedin.com/company/jobbol/about/;Vendas e Suporte;sales OR account OR customer success manager OR client success OR developer relations OR technical writer;jobbol;1;;https://www.linkedin.com/jobs/view/4453039379/;https://www.linkedin.com/jobs/view/4453039379/;On-site;Vendas / Comercial;12/08/2026;São Paulo;São Paulo;SP;Região Sudeste;Brasil;América do Sul
544;Jobbol;Vendedor Projetista;São Paulo, SP;12/08 19:00;https://www.linkedin.com/jobs/view/4453367307/;https://media.licdn.com/dms/image/v2/D4D0BAQEUwreILeGS7Q/company-logo_100_100/B4DZ5wJQzAG4AM-/0/1779997937122/jobbol_empregos_logo?e=1788393600&v=beta&t=kSwFpzpZbuLCbui5TOqEhTRhFC_E4zJYw11S-JBA-DM;-;https://www.linkedin.com/company/jobbol/about/;Software e Serviços de TI;sales OR account OR customer success manager OR client success OR developer relations OR technical writer;jobbol;1;;https://www.linkedin.com/jobs/view/4453367307/;https://www.linkedin.com/jobs/view/4453367307/;On-site;Vendas / Comercial;12/08/2026;São Paulo;São Paulo;SP;Região Sudeste;Brasil;América do Sul
545;Jobbol;Vendedor Interno;Taquari, RS;11/08 23:00;https://www.linkedin.com/jobs/view/4453033453/;https://media.licdn.com/dms/image/v2/D4D0BAQEUwreILeGS7Q/company-logo_100_100/B4DZ5wJQzAG4AM-/0/1779997937122/jobbol_empregos_logo?e=1788393600&v=beta&t=kSwFpzpZbuLCbui5TOqEhTRhFC_E4zJYw11S-JBA-DM;-;https://www.linkedin.com/company/jobbol/about/;-;sales OR account OR customer success manager OR client success OR developer relations OR technical writer;jobbol;1;;https://www.linkedin.com/jobs/view/4453033453/;https://www.linkedin.com/jobs/view/4453033453/;On-site;Intern, Vendas / Comercial;12/08/2026;Taquari;Rio Grande do Sul;RS;Região Sul;Brasil;América do Sul
546;Jobbol;Analista de Vendas Internas;Valinhos, SP;12/08 11:00;https://www.linkedin.com/jobs/view/4453128190/;https://media.licdn.com/dms/image/v2/D4D0BAQEUwreILeGS7Q/company-logo_100_100/B4DZ5wJQzAG4AM-/0/1779997937122/jobbol_empregos_logo?e=1788393600&v=beta&t=kSwFpzpZbuLCbui5TOqEhTRhFC_E4zJYw11S-JBA-DM;Advanced > Specialist;https://www.linkedin.com/company/jobbol/about/;Vendas e Suporte;sales OR account OR customer success manager OR client success OR developer relations OR technical writer;jobbol;1;;https://www.linkedin.com/jobs/view/4453128190/;https://www.linkedin.com/jobs/view/4453128190/;On-site;Intern, Associate, Vendas / Comercial;12/08/2026;;São Paulo;SP;Região Sudeste;Brasil;América do Sul
547;Jobbol;Vendedor Externo;Vitória, ES;11/08 23:00;https://www.linkedin.com/jobs/view/4453029458/;https://media.licdn.com/dms/image/v2/D4D0BAQEUwreILeGS7Q/company-logo_100_100/B4DZ5wJQzAG4AM-/0/1779997937122/jobbol_empregos_logo?e=1788393600&v=beta&t=kSwFpzpZbuLCbui5TOqEhTRhFC_E4zJYw11S-JBA-DM;-;https://www.linkedin.com/company/jobbol/about/;-;sales OR account OR customer success manager OR client success OR developer relations OR technical writer;jobbol;1;;https://www.linkedin.com/jobs/view/4453029458/;https://www.linkedin.com/jobs/view/4453029458/;On-site;Vendas / Comercial;12/08/2026;Vitoria-Gasteiz;Euskadi;PV;;España;
548;Jobgether;Affiliate Manager - Poker;Brasil;12/08 00:00;https://www.linkedin.com/jobs/view/4453032628/;https://media.licdn.com/dms/image/v2/D4E0BAQHdx4NngvFyPA/company-logo_100_100/B4EZ5GHh6CHEAU-/0/1779292839822/jobgether_logo?e=1788393600&v=beta&t=tUDyJAbKs43kbeMZyrkehcRxuZUUBKahx0CFI8E-UC0;Middle > Manager;https://www.linkedin.com/company/jobgether/about/;-;sales OR account OR customer success manager OR client success OR developer relations OR technical writer;jobgether;1;;https://www.linkedin.com/jobs/view/4453032628/;https://www.linkedin.com/jobs/view/4453032628/;Remote;Liderança/Gerência;12/08/2026;;;;;Brasil;América do Sul
549;Jobgether;Business Development Representative;Brasil;12/08 05:00;https://www.linkedin.com/jobs/view/4452363744/;https://media.licdn.com/dms/image/v2/D4E0BAQHdx4NngvFyPA/company-logo_100_100/B4EZ5GHh6CHEAU-/0/1779292839822/jobgether_logo?e=1788393600&v=beta&t=tUDyJAbKs43kbeMZyrkehcRxuZUUBKahx0CFI8E-UC0;-;https://www.linkedin.com/company/jobgether/about/;Software e Serviços de TI;sales OR account OR customer success manager OR client success OR developer relations OR technical writer;jobgether;1;;https://www.linkedin.com/jobs/view/4452363744/;https://www.linkedin.com/jobs/view/4452363744/;Remote;Vendas / Comercial;12/08/2026;;;;;Brasil;América do Sul
550;Jobgether;Customer Solution Architect — Arango AI Product Suite;Brasil;12/08 06:00;https://www.linkedin.com/jobs/view/4452378284/;https://media.licdn.com/dms/image/v2/D4E0BAQHdx4NngvFyPA/company-logo_100_100/B4EZ5GHh6CHEAU-/0/1779292839822/jobgether_logo?e=1788393600&v=beta&t=tUDyJAbKs43kbeMZyrkehcRxuZUUBKahx0CFI8E-UC0;Architecture > Solutions Architect;https://www.linkedin.com/company/jobgether/about/;Inteligência Artificial;sales OR account OR customer success manager OR client success OR developer relations OR technical writer;jobgether;1;;https://www.linkedin.com/jobs/view/4452378284/;https://www.linkedin.com/jobs/view/4452378284/;Remote;Inteligência Artificial;12/08/2026;;;;;Brasil;América do Sul
551;Jobgether;Sales Development Representative (SDR);Brasil;12/08 06:00;https://www.linkedin.com/jobs/view/4452376629/;https://media.licdn.com/dms/image/v2/D4E0BAQHdx4NngvFyPA/company-logo_100_100/B4EZ5GHh6CHEAU-/0/1779292839822/jobgether_logo?e=1788393600&v=beta&t=tUDyJAbKs43kbeMZyrkehcRxuZUUBKahx0CFI8E-UC0;-;https://www.linkedin.com/company/jobgether/about/;Software e Serviços de TI;sales OR account OR customer success manager OR client success OR developer relations OR technical writer;jobgether;1;;https://www.linkedin.com/jobs/view/4452376629/;https://www.linkedin.com/jobs/view/4452376629/;Remote;Vendas / Comercial;12/08/2026;;;;;Brasil;América do Sul
552;Jobgether;Senior SEO Manager & Account Manager (with AIO Expertise);Brasil;12/08 06:00;https://www.linkedin.com/jobs/view/4452370770/;https://media.licdn.com/dms/image/v2/D4E0BAQHdx4NngvFyPA/company-logo_100_100/B4EZ5GHh6CHEAU-/0/1779292839822/jobgether_logo?e=1788393600&v=beta&t=tUDyJAbKs43kbeMZyrkehcRxuZUUBKahx0CFI8E-UC0;Specific > Sales > Account;https://www.linkedin.com/company/jobgether/about/;Inteligência Artificial;sales OR account OR customer success manager OR client success OR developer relations OR technical writer;jobgether;1;;https://www.linkedin.com/jobs/view/4452370770/;https://www.linkedin.com/jobs/view/4452370770/;Remote;Specialist, Senior, Liderança/Gerência, Executivo de Contas;12/08/2026;;;;;Brasil;América do Sul
553;Johnson & Johnson Innovative Medicine;Representante de vendas - Goiânia ou Brasilia;Brasília, DF;12/08 12:00;https://www.linkedin.com/jobs/view/4442171603/;https://media.licdn.com/dms/image/v2/D4E0BAQE-4STpXFyWJg/company-logo_100_100/company-logo_100_100/0/1694698700031?e=1788393600&v=beta&t=1xdGTwJxIPtgTLgmIC0HDKVvK0M-Cx-tX0jrbT_BiU8;-;https://www.linkedin.com/company/johnson-johnson-innovative-medicine/about/;Software e Serviços de TI;sales OR account OR customer success manager OR client success OR developer relations OR technical writer;johnson & johnson innovative medicine;1;;https://www.linkedin.com/jobs/view/4442171603/;https://www.linkedin.com/jobs/view/4442171603/;Remote;Vendas / Comercial;12/08/2026;;Distrito Federal;DF;Região Centro-Oeste;Brasil;América do Sul
554;Johnson & Johnson Innovative Medicine;Representante de vendas - Goiânia ou Brasilia;Goiânia, GO;12/08 11:00;https://www.linkedin.com/jobs/view/4442185157/;https://media.licdn.com/dms/image/v2/D4E0BAQE-4STpXFyWJg/company-logo_100_100/company-logo_100_100/0/1694698700031?e=1788393600&v=beta&t=1xdGTwJxIPtgTLgmIC0HDKVvK0M-Cx-tX0jrbT_BiU8;-;https://www.linkedin.com/company/johnson-johnson-innovative-medicine/about/;Software e Serviços de TI;sales OR account OR customer success manager OR client success OR developer relations OR technical writer;johnson & johnson innovative medicine;1;;https://www.linkedin.com/jobs/view/4442185157/;https://www.linkedin.com/jobs/view/4442185157/;Remote;Vendas / Comercial;12/08/2026;Goiânia;Goiás;GO;Região Centro-Oeste;Brasil;América do Sul
555;Juntapel;Consultor Comercial;Canoas, RS;12/08 15:00;https://www.linkedin.com/jobs/view/4441043204/;https://media.licdn.com/dms/image/v2/D4D0BAQGAqBjfm2Ie0Q/company-logo_100_100/company-logo_100_100/0/1698969489575?e=1788393600&v=beta&t=v_EJiBkPSbihcIk7uLwFf6FwF70bm5AD_CBrvk3pvHM;Advanced > Specialist;https://www.linkedin.com/company/juntapel/about/;Vendas e Suporte;sales OR account OR customer success manager OR client success OR developer relations OR technical writer;juntapel;1;;https://www.linkedin.com/jobs/view/4441043204/;https://www.linkedin.com/jobs/view/4441043204/;On-site;Consultor, Vendas / Comercial;12/08/2026;Canoas;Rio Grande do Sul;RS;Região Sul;Brasil;América do Sul
556;KATO Consultoria & Treinamento;Consultora Comercial;Vitória, ES;12/08 00:00;https://www.linkedin.com/jobs/view/4452306721/;https://media.licdn.com/dms/image/v2/D4D0BAQHMCn_EjuDajA/company-logo_100_100/company-logo_100_100/0/1715980329901/katoconsultoriaoficial_logo?e=1788393600&v=beta&t=dtfEoukIZhAVUAULG47t02ef5wub4V51PkPA1Y6IRhU;Advanced > Specialist;https://www.linkedin.com/company/kato-consultoria-treinamento/about/;Consultoria e Assessoria;sales OR account OR customer success manager OR client success OR developer relations OR technical writer;kato consultoria & treinamento;1;;https://www.linkedin.com/jobs/view/4452306721/;https://www.linkedin.com/jobs/view/4452306721/;On-site;Consultor, Vendas / Comercial;12/08/2026;Vitoria-Gasteiz;Euskadi;PV;;España;
557;KNNIdiomas;📣 VAGA ABERTA | CONSULTORA COMERCIAL;Pomerode, SC;12/08 11:00;https://www.linkedin.com/jobs/view/4450133933/;missing logo;Advanced > Specialist;https://www.linkedin.com/company/knnidiomas/about/;Vendas e Suporte;sales OR account OR customer success manager OR client success OR developer relations OR technical writer;knnidiomas;1;;https://www.linkedin.com/jobs/view/4450133933/;https://www.linkedin.com/jobs/view/4450133933/;On-site;Consultor, Vendas / Comercial;12/08/2026;Pomerode;Santa Catarina;SC;Região Sul;Brasil;América do Sul
558;KYOJIN INFORMÁTICA;Vendedor / atendente Informáticca;Itajaí, SC;12/08 00:00;https://www.linkedin.com/jobs/view/4452314702/;missing logo;-;https://www.linkedin.com/company/kyojin-inform-tica/about/;Software e Serviços de TI;sales OR account OR customer success manager OR client success OR developer relations OR technical writer;kyojin informática;1;;https://www.linkedin.com/jobs/view/4452314702/;https://www.linkedin.com/jobs/view/4452314702/;On-site;Vendas / Comercial;12/08/2026;Itajaí;Santa Catarina;SC;Região Sul;Brasil;América do Sul
559;Karden Educação;Customer Sucess;Barueri, SP;12/08 13:00;https://www.linkedin.com/jobs/view/4450164220/;https://media.licdn.com/dms/image/v2/C4D0BAQHVW9XcOjOnIw/company-logo_100_100/company-logo_100_100/0/1668693934812?e=1788393600&v=beta&t=6JInnosf5BKcTuFyZmUp1glHkFW6oVT_S5YW7Ddl6DM;-;https://www.linkedin.com/company/karden-educa-o/about/;Educação;sales OR account OR customer success manager OR client success OR developer relations OR technical writer;karden educação;1;;https://www.linkedin.com/jobs/view/4450164220/;https://www.linkedin.com/jobs/view/4450164220/;On-site;-;12/08/2026;Barueri;São Paulo;SP;Região Sudeste;Brasil;América do Sul
560;Keeta;Keeta-API Product Operations;Grande São Paulo (SP) ;12/08 06:00;https://www.linkedin.com/jobs/view/4452371763/;https://media.licdn.com/dms/image/v2/D560BAQGWaYdrJi-wXg/company-logo_100_100/B56ZlN.bSKHMAQ-/0/1757949834996/keetaglobal_logo?e=1788393600&v=beta&t=J5I376x4PXviVHkQsKw9WEy9nmMn08IbFQ7X5qsuMYU;-;https://www.linkedin.com/company/keeta/about/;Software e Serviços de TI;sales OR account OR customer success manager OR client success OR developer relations OR technical writer;keeta;1;;https://www.linkedin.com/jobs/view/4452371763/;https://www.linkedin.com/jobs/view/4452371763/;On-site;-;12/08/2026;;São Paulo;SP;Região Sudeste;Brasil;América do Sul
561;Klabin;Executiva (o) de Vendas Júnior (Contas Diversas Nível Nacional) - São Paulo;São Paulo, SP;12/08 17:00;https://www.linkedin.com/jobs/view/4453366309/;https://media.licdn.com/dms/image/v2/D4D0BAQHnQh33Rfisjw/company-logo_100_100/B4DZZN7gxcHwAQ-/0/1745064169141/klabin_logo?e=1788393600&v=beta&t=nfD7f7gXuAUFTOWRdD-PWV7hsuFAvumzHr5bnXAT0Os;-;https://www.linkedin.com/company/klabin/about/;Software e Serviços de TI;sales OR account OR customer success manager OR client success OR developer relations OR technical writer;klabin;1;;https://www.linkedin.com/jobs/view/4453366309/;https://www.linkedin.com/jobs/view/4453366309/;Not informed;Junior, Vendas / Comercial;12/08/2026;São Paulo;São Paulo;SP;Região Sudeste;Brasil;América do Sul
562;Knewin;Pessoa Analista de Customer Success Pleno;Brasil;12/08 20:00;https://www.linkedin.com/jobs/view/4450193565/;https://media.licdn.com/dms/image/v2/D4D0BAQG34P0l_r5XPA/company-logo_100_100/company-logo_100_100/0/1721250499384/knewinoficial_logo?e=1788393600&v=beta&t=mUL0HZTM1pFEX7XJiVGkZJFvQ1mWquYEZH9UZn52PbA;Specific > Customer Success Manager;https://www.linkedin.com/company/knewin/about/;-;sales OR account OR customer success manager OR client success OR developer relations OR technical writer;knewin;1;;https://www.linkedin.com/jobs/view/4450193565/;https://www.linkedin.com/jobs/view/4450193565/;Remote;PCD / Afirmativa, Mid, Associate;12/08/2026;;;;;Brasil;América do Sul
563;Koin;Sales Executive Specialist - Antifraude;SP;12/08 12:00;https://www.linkedin.com/jobs/view/4450158079/;https://media.licdn.com/dms/image/v2/D4D0BAQGRVrW3G_TMaA/company-logo_100_100/company-logo_100_100/0/1734693767589?e=1788393600&v=beta&t=R7a9j0iSf1mty8JTeL0cMJKEZ1yeMMDuBCsZGaQ7s4o;Advanced > Specialist;https://www.linkedin.com/company/koin/about/;Software e Serviços de TI;sales OR account OR customer success manager OR client success OR developer relations OR technical writer;koin;1;;https://www.linkedin.com/jobs/view/4450158079/;https://www.linkedin.com/jobs/view/4450158079/;Hybrid;Specialist, Vendas / Comercial;12/08/2026;;São Paulo;SP;Região Sudeste;Brasil;América do Sul
564;Koin;Sr Sales Manager - Antifraud;SP;12/08 12:00;https://www.linkedin.com/jobs/view/4450153318/;https://media.licdn.com/dms/image/v2/D4D0BAQGRVrW3G_TMaA/company-logo_100_100/company-logo_100_100/0/1734693767589?e=1788393600&v=beta&t=R7a9j0iSf1mty8JTeL0cMJKEZ1yeMMDuBCsZGaQ7s4o;Middle > Manager;https://www.linkedin.com/company/koin/about/;Software e Serviços de TI;sales OR account OR customer success manager OR client success OR developer relations OR technical writer;koin;1;;https://www.linkedin.com/jobs/view/4450153318/;https://www.linkedin.com/jobs/view/4450153318/;Hybrid;Senior, Liderança/Gerência, Vendas / Comercial;12/08/2026;;São Paulo;SP;Região Sudeste;Brasil;América do Sul
565;Konecranes;Executivo de Contas Jr.;Cotia, SP;12/08 11:00;https://www.linkedin.com/jobs/view/4431936831/;https://media.licdn.com/dms/image/v2/D4E0BAQHI2kRuCN_zXA/company-logo_100_100/B4EZ.iiTldHkAI-/0/1785138330283/konecranes_logo?e=1788393600&v=beta&t=GJqckuew1M-dbQwXzGpqgUjDieECYTmAprwr7DUXlyA;-;https://www.linkedin.com/company/konecranes/about/;Software e Serviços de TI;sales OR account OR customer success manager OR client success OR developer relations OR technical writer;konecranes;1;;https://www.linkedin.com/jobs/view/4431936831/;https://www.linkedin.com/jobs/view/4431936831/;On-site;Junior, Executivo de Contas;12/08/2026;Cotia;São Paulo;SP;Região Sudeste;Brasil;América do Sul
566;Konecranes;Executivo de Contas PL.;Cotia, SP;12/08 12:00;https://www.linkedin.com/jobs/view/4431528541/;https://media.licdn.com/dms/image/v2/D4E0BAQHI2kRuCN_zXA/company-logo_100_100/B4EZ.iiTldHkAI-/0/1785138330283/konecranes_logo?e=1788393600&v=beta&t=GJqckuew1M-dbQwXzGpqgUjDieECYTmAprwr7DUXlyA;-;https://www.linkedin.com/company/konecranes/about/;Software e Serviços de TI;sales OR account OR customer success manager OR client success OR developer relations OR technical writer;konecranes;1;;https://www.linkedin.com/jobs/view/4431528541/;https://www.linkedin.com/jobs/view/4431528541/;On-site;Mid, Executivo de Contas;12/08/2026;Cotia;São Paulo;SP;Região Sudeste;Brasil;América do Sul
567;Konica Minolta Healthcare do Brasil;ASSISTENTE COMERCIAL;Nova Lima, MG;11/08 22:00;https://www.linkedin.com/jobs/view/4451980541/;https://media.licdn.com/dms/image/v2/D4E0BAQG52UMQhZgeGA/company-logo_100_100/company-logo_100_100/0/1712772429991/konica_minolta_healthcare_do_brasil_logo?e=1788393600&v=beta&t=JXfBkdyB-TxTjo3p_FdWavbxvPeNTqxMSEIeme2B3Fc;-;https://www.linkedin.com/company/konica-minolta-healthcare-do-brasil/about/;Saúde e Hospitais;sales OR account OR customer success manager OR client success OR developer relations OR technical writer;konica minolta healthcare do brasil;1;;https://www.linkedin.com/jobs/view/4451980541/;https://www.linkedin.com/jobs/view/4451980541/;On-site;Associate, Vendas / Comercial;12/08/2026;;Minas Gerais;MG;Região Sudeste;Brasil;América do Sul
568;Korn Ferry;Sales Director;São Paulo, SP;11/08 23:00;https://www.linkedin.com/jobs/view/4452321470/;https://media.licdn.com/dms/image/v2/D560BAQHruq7Wq8U5Mw/company-logo_100_100/B56ZUpzb1UGoAQ-/0/1740163104457/kornferry_logo?e=1788393600&v=beta&t=8gT0IxqfEHFAqnirjCon-5DPaBEYveMDiwOIj-JLzL0;Leadership > C-Level > Director;https://www.linkedin.com/company/korn-ferry/about/;Vendas e Suporte;sales OR account OR customer success manager OR client success OR developer relations OR technical writer;korn ferry;1;;https://www.linkedin.com/jobs/view/4452321470/;https://www.linkedin.com/jobs/view/4452321470/;On-site;Liderança/Gerência, Vendas / Comercial;12/08/2026;São Paulo;São Paulo;SP;Região Sudeste;Brasil;América do Sul
569;Kraft Heinz;Executivo de Vendas III;Nerópolis, GO;12/08 13:00;https://www.linkedin.com/jobs/view/4452711465/;https://media.licdn.com/dms/image/v2/D4E0BAQHvZJa5VpJ9MQ/company-logo_100_100/company-logo_100_100/0/1722866409756/the_kraft_heinz_company_logo?e=1788393600&v=beta&t=txDhEpTWtFfXlzoOmBqs-1089mnOqIq_ExXukgP0O3w;-;https://www.linkedin.com/company/kraft-heinz/about/;Software e Serviços de TI;sales OR account OR customer success manager OR client success OR developer relations OR technical writer;kraft heinz;1;;https://www.linkedin.com/jobs/view/4452711465/;https://www.linkedin.com/jobs/view/4452711465/;Not informed;Vendas / Comercial;12/08/2026;Nerópolis;Goiás;GO;Região Centro-Oeste;Brasil;América do Sul
570;L'Oréal;Executivo(a) de Contas Sênior - L'Oréal Produtos Profissionais (Fortaleza - CE);Fortaleza, CE;12/08 13:00;https://www.linkedin.com/jobs/view/4452711519/;https://media.licdn.com/dms/image/v2/D4E0BAQFEB_g-FWxSrQ/company-logo_100_100/company-logo_100_100/0/1688397792617/loral_logo?e=1788393600&v=beta&t=Nej4npWaRVERUFPTbtnqUGHw259r0nFSW7Vvuij0J3Q;-;https://www.linkedin.com/company/l-or-al/about/;Software e Serviços de TI;sales OR account OR customer success manager OR client success OR developer relations OR technical writer;l'oréal;1;;https://www.linkedin.com/jobs/view/4452711519/;https://www.linkedin.com/jobs/view/4452711519/;Not informed;Senior;12/08/2026;Fortaleza;Ceará;CE;Região Nordeste;Brasil;América do Sul
571;L'Oréal;Executivo(a) de Contas - L'Oréal Grande Público (São Paulo - SP);SP;12/08 13:00;https://www.linkedin.com/jobs/view/4452721491/;https://media.licdn.com/dms/image/v2/D4E0BAQFEB_g-FWxSrQ/company-logo_100_100/company-logo_100_100/0/1688397792617/loral_logo?e=1788393600&v=beta&t=Nej4npWaRVERUFPTbtnqUGHw259r0nFSW7Vvuij0J3Q;-;https://www.linkedin.com/company/l-or-al/about/;Software e Serviços de TI;sales OR account OR customer success manager OR client success OR developer relations OR technical writer;l'oréal;1;;https://www.linkedin.com/jobs/view/4452721491/;https://www.linkedin.com/jobs/view/4452721491/;Not informed;-;12/08/2026;;São Paulo;SP;Região Sudeste;Brasil;América do Sul
572;LIV - Laboratório Inteligência de Vida;Coordenador(a) Comercial;Eusébio, CE;12/08 08:00;https://www.linkedin.com/jobs/view/4450149038/;https://media.licdn.com/dms/image/v2/C4D0BAQHKYZjB0zWOiQ/company-logo_100_100/company-logo_100_100/0/1631219685446/inteligenciadevida_logo?e=1788393600&v=beta&t=7Fpc9YBoi1ND_XvV8Yk7aei_241wExH0sBcT8X3Iqzg;Middle > Manager;https://www.linkedin.com/company/liv-laborat-rio-intelig-ncia-de-vida/about/;Hardware e Eletrônicos;sales OR account OR customer success manager OR client success OR developer relations OR technical writer;liv - laboratório inteligência de vida;1;;https://www.linkedin.com/jobs/view/4450149038/;https://www.linkedin.com/jobs/view/4450149038/;Hybrid;Mid, Liderança/Gerência, Vendas / Comercial;12/08/2026;;Ceará;CE;Região Nordeste;Brasil;América do Sul
573;Laguna;Consultor de vendas sênior;Balneário Camboriú, SC;12/08 11:00;https://www.linkedin.com/jobs/view/4450135783/;https://media.licdn.com/dms/image/v2/D4D0BAQHLAONKNN-9DA/company-logo_100_100/B4DZ1n5qwNKUAU-/0/1775564664230/lagunaind_logo?e=1788393600&v=beta&t=st2jzUE5w2NzR3Q8KRnX9HHkiyIva9a7ZqbUljXgsio;Advanced > Specialist;https://www.linkedin.com/company/laguna/about/;Vendas e Suporte;sales OR account OR customer success manager OR client success OR developer relations OR technical writer;laguna;1;;https://www.linkedin.com/jobs/view/4450135783/;https://www.linkedin.com/jobs/view/4450135783/;On-site;Senior, Consultor, Vendas / Comercial;12/08/2026;Balneário Camboriú;Santa Catarina;SC;Região Sul;Brasil;América do Sul
574;Lampert RH Digital;Consultor comercial;Caxias do Sul, RS;12/08 00:00;https://www.linkedin.com/jobs/view/4452309513/;https://media.licdn.com/dms/image/v2/C4D0BAQFpJgPAuTDPjw/company-logo_100_100/company-logo_100_100/0/1668646213087/lampert_rh_digital_logo?e=1788393600&v=beta&t=CdQ2OM_OGW-DC8ozy5OszD26Qwmwe4JCAUJ8d87fnvU;Advanced > Specialist;https://www.linkedin.com/company/lampert-rh-digital/about/;Recursos Humanos;sales OR account OR customer success manager OR client success OR developer relations OR technical writer;lampert rh digital;1;;https://www.linkedin.com/jobs/view/4452309513/;https://www.linkedin.com/jobs/view/4452309513/;On-site;Consultor, Vendas / Comercial;12/08/2026;Caxias do Sul;Rio Grande do Sul;RS;Região Sul;Brasil;América do Sul
575;Laquila Marketing;Vendedor (CLOSER) | Laquila Marketing | Presencial;Curitiba, PR;12/08 17:00;https://www.linkedin.com/jobs/view/4449857107/;https://media.licdn.com/dms/image/v2/D4E0BAQExN0_LP0y2iQ/company-logo_100_100/B4EZdVtm_iHgAU-/0/1749489709682/laquila_marketing_logo?e=1788393600&v=beta&t=pE0lTM8QkNr8hvtlFYqxnsfBf_rLJg3WeJRVFmZqlMw;-;https://www.linkedin.com/company/laquila-marketing/about/;Marketing e Publicidade Marketing;sales OR account OR customer success manager OR client success OR developer relations OR technical writer;laquila marketing;1;;https://www.linkedin.com/jobs/view/4449857107/;https://www.linkedin.com/jobs/view/4449857107/;On-site;Marketing/Mídia, Vendas / Comercial;12/08/2026;;Paraná;PR;Região Sul;Brasil;América do Sul
576;Leetis;Executivo comercial;São Paulo, SP;12/08 21:00;https://www.linkedin.com/jobs/view/4450199487/;https://media.licdn.com/dms/image/v2/D4D0BAQEBEPS9PEQWog/company-logo_100_100/company-logo_100_100/0/1720572426318/leetis_logo?e=1788393600&v=beta&t=r5qlCn47iYZK47xKdkD7JW-XeKqKx0QCxh5ljcdpc5Y;-;https://www.linkedin.com/company/leetis/about/;Software e Serviços de TI;sales OR account OR customer success manager OR client success OR developer relations OR technical writer;leetis;1;;https://www.linkedin.com/jobs/view/4450199487/;https://www.linkedin.com/jobs/view/4450199487/;On-site;Vendas / Comercial;12/08/2026;São Paulo;São Paulo;SP;Região Sudeste;Brasil;América do Sul
577;Lenovo;Consultor de Vendas Internas Jr.;Indaiatuba, SP;12/08 15:00;https://www.linkedin.com/jobs/view/4434365944/;https://media.licdn.com/dms/image/v2/C560BAQHwodgzuPCrOA/company-logo_100_100/company-logo_100_100/0/1659011656349/lenovo_logo?e=1788393600&v=beta&t=T9IL_dyI806EW0cEzsWQQyHlBbJHjoMZK9edqtl7whE;Advanced > Specialist;https://www.linkedin.com/company/lenovo/about/;Vendas e Suporte;sales OR account OR customer success manager OR client success OR developer relations OR technical writer;lenovo;1;;https://www.linkedin.com/jobs/view/4434365944/;https://www.linkedin.com/jobs/view/4434365944/;Not informed;Junior, Intern, Consultor, Vendas / Comercial;12/08/2026;Indaiatuba;São Paulo;SP;Região Sudeste;Brasil;América do Sul
578;Leo Madeiras;Atendente de Vendas - São Paulo/SP;São Paulo, SP;12/08 08:00;https://www.linkedin.com/jobs/view/4450140095/;https://media.licdn.com/dms/image/v2/D4E0BAQHLGCxWncvITg/company-logo_100_100/company-logo_100_100/0/1738591702921/leo_madeiras_logo?e=1788393600&v=beta&t=mO0EMehlMR0o_uAO9Nu7D-JNS3ZITIg7O3JVxBQaSso;-;https://www.linkedin.com/company/leo-madeiras/about/;Vendas e Suporte;sales OR account OR customer success manager OR client success OR developer relations OR technical writer;leo madeiras;1;;https://www.linkedin.com/jobs/view/4450140095/;https://www.linkedin.com/jobs/view/4450140095/;On-site;Vendas / Comercial;12/08/2026;São Paulo;São Paulo;SP;Região Sudeste;Brasil;América do Sul
579;Leroy Merlin;Gerente Comercial;Grande Curitiba (PR);12/08 19:00;https://www.linkedin.com/jobs/view/4450191540/;https://media.licdn.com/dms/image/v2/D4D0BAQEWDbY13kn7qw/company-logo_100_100/company-logo_100_100/0/1685006143140/leroy_merlin_logo?e=1788393600&v=beta&t=qCLP4HRDQWlKskcH-NjNTyMWoKL_8jxYvIaCMP5eSRM;Middle > Manager;https://www.linkedin.com/company/leroy-merlin/about/;Vendas e Suporte;sales OR account OR customer success manager OR client success OR developer relations OR technical writer;leroy merlin;1;;https://www.linkedin.com/jobs/view/4450191540/;https://www.linkedin.com/jobs/view/4450191540/;On-site;Mid, Liderança/Gerência, Vendas / Comercial;12/08/2026;;Paraná;PR;Região Sul;Brasil;América do Sul
580;Liddera Inteligência em Negócios;Gerente comercial;Ji-Paraná, RO;12/08 10:00;https://www.linkedin.com/jobs/view/4450143524/;https://media.licdn.com/dms/image/v2/D4D0BAQE711s4b_Igog/company-logo_100_100/B4DZfSO.C8GUAU-/0/1751578829483/liddera_contabilidade_oficial_logo?e=1788393600&v=beta&t=j1vTlRT10stNTcTN_FdKARyc1br7vRGtxpn32IOznQk;Middle > Manager;https://www.linkedin.com/company/liddera-intelig-ncia-em-neg-cios/about/;Hardware e Eletrônicos;sales OR account OR customer success manager OR client success OR developer relations OR technical writer;liddera inteligência em negócios;1;;https://www.linkedin.com/jobs/view/4450143524/;https://www.linkedin.com/jobs/view/4450143524/;On-site;Mid, Liderança/Gerência, Vendas / Comercial;12/08/2026;Ji-Paraná;Rondônia;RO;Região Norte;Brasil;América do Sul
581;Lidere Consórcios;Vendedor;Cáceres, MT;12/08 12:00;https://www.linkedin.com/jobs/view/4450151424/;missing logo;-;https://www.linkedin.com/company/lidere-cons-rcios/about/;-;sales OR account OR customer success manager OR client success OR developer relations OR technical writer;lidere consórcios;1;;https://www.linkedin.com/jobs/view/4450151424/;https://www.linkedin.com/jobs/view/4450151424/;On-site;Vendas / Comercial;12/08/2026;Cáceres;Mato Grosso;MT;Região Centro-Oeste;Brasil;América do Sul
582;Limetais Torneira e Acessórios Hidráulicos;Representante comercial de vendas;Grande Campinas (SP);12/08 12:00;https://www.linkedin.com/jobs/view/4441554551/;https://media.licdn.com/dms/image/v2/D4D0BAQEvlgYLE5F-sA/company-logo_100_100/company-logo_100_100/0/1728672997881?e=1788393600&v=beta&t=utmlIjrWf9YQCjQ1ICdMGQhPh-MsbID5lEpzSTp6XVY;-;https://www.linkedin.com/company/limetais-torneira-e-acess-rios-hidr-ulicos/about/;Vendas e Suporte;sales OR account OR customer success manager OR client success OR developer relations OR technical writer;limetais torneira e acessórios hidráulicos;1;;https://www.linkedin.com/jobs/view/4441554551/;https://www.linkedin.com/jobs/view/4441554551/;On-site;Vendas / Comercial;12/08/2026;;São Paulo;SP;Região Sudeste;Brasil;América do Sul
583;Linear Sistemas;Consultor Comercial;Belo Horizonte, MG;12/08 10:00;https://www.linkedin.com/jobs/view/4448048920/;https://media.licdn.com/dms/image/v2/C4D0BAQGUjSuO6pLWGw/company-logo_100_100/company-logo_100_100/0/1631813465348/linear_sistemas_logo?e=1788393600&v=beta&t=UgDdUKL5G-EAo8q5uEdtS7Yo7t1CeUevnjmvs4qujkg;Advanced > Specialist;https://www.linkedin.com/company/linear-sistemas/about/;Software e Serviços de TI;sales OR account OR customer success manager OR client success OR developer relations OR technical writer;linear sistemas;1;;https://www.linkedin.com/jobs/view/4448048920/;https://www.linkedin.com/jobs/view/4448048920/;On-site;Consultor, Vendas / Comercial;12/08/2026;;Minas Gerais;MG;Região Sudeste;Brasil;América do Sul
584;Link Monitoramento;Vaga VENDEDOR B2B;Cascavel, PR;12/08 09:00;https://www.linkedin.com/jobs/view/4450129374/;https://media.licdn.com/dms/image/v2/D4D0BAQFaG6hnduV56w/company-logo_100_100/company-logo_100_100/0/1734231857719/linkmonitoramento_logo?e=1788393600&v=beta&t=kkg15u_q6litI7XcGgi-GGq77o-BT54W2HOCQ_QKLig;-;https://www.linkedin.com/company/link-monitoramento/about/;Software e Serviços de TI;sales OR account OR customer success manager OR client success OR developer relations OR technical writer;link monitoramento;1;;https://www.linkedin.com/jobs/view/4450129374/;https://www.linkedin.com/jobs/view/4450129374/;On-site;Vendas / Comercial;12/08/2026;;Paraná;PR;Região Sul;Brasil;América do Sul
585;Lira Solutions LTDA;Salesperson for American Tech Company;Florianópolis, SC;12/08 13:00;https://www.linkedin.com/jobs/view/4450169128/;https://media.licdn.com/dms/image/v2/D4D0BAQEqXCdHkCj70A/company-logo_100_100/company-logo_100_100/0/1711135009295/liravc_logo?e=1788393600&v=beta&t=ijNEeV-cozzpzJ1JMPcqiyrkUMJokxFeb8ItqkE1iFw;Advanced > Information Technology;https://www.linkedin.com/company/lira-solutions-ltda/about/;Software e Serviços de TI;sales OR account OR customer success manager OR client success OR developer relations OR technical writer;lira solutions ltda;1;;https://www.linkedin.com/jobs/view/4450169128/;https://www.linkedin.com/jobs/view/4450169128/;On-site;TI/Tech, Vendas / Comercial;12/08/2026;;Santa Catarina;SC;Região Sul;Brasil;América do Sul
586;Lobe Consultoria;Analista de Sucesso do Cliente Pleno;Goiânia, GO;12/08 08:00;https://www.linkedin.com/jobs/view/4450140103/;https://media.licdn.com/dms/image/v2/D4D0BAQGBstgfX9FBrg/company-logo_100_100/B4DZUjgb.oHIAQ-/0/1740057464387/lobe_consultoria_logo?e=1788393600&v=beta&t=KFaDTWoVfsSrurogC4l5VhsweWarkwhjcAbxve24MDM;Advanced > Specialist;https://www.linkedin.com/company/lobe-consultoria/about/;Consultoria e Assessoria;sales OR account OR customer success manager OR client success OR developer relations OR technical writer;lobe consultoria;1;;https://www.linkedin.com/jobs/view/4450140103/;https://www.linkedin.com/jobs/view/4450140103/;On-site;Mid, Associate;12/08/2026;Goiânia;Goiás;GO;Região Centro-Oeste;Brasil;América do Sul
587;LocalStack;Technical Account Manager;Brasil;12/08 11:00;https://www.linkedin.com/jobs/view/4453134173/;https://media.licdn.com/dms/image/v2/D4E0BAQF4A282EbzRLg/company-logo_100_100/B4EZ48EUB8IcAI-/0/1779124224358/localstack_cloud_logo?e=1788393600&v=beta&t=meCNWQy2YfzzPh9DULaTKFo0gQdnTVM2gWXyXNiRuo8;Specific > Sales > Account;https://www.linkedin.com/company/localstack/about/;Software e Serviços de TI;sales OR account OR customer success manager OR client success OR developer relations OR technical writer;localstack;1;;https://www.linkedin.com/jobs/view/4453134173/;https://www.linkedin.com/jobs/view/4453134173/;Remote;Liderança/Gerência, TI/Tech, Executivo de Contas;12/08/2026;;;;;Brasil;América do Sul
588;Localiza&Co;EXECUTIVO DE VENDAS PESADOS - EXTERNO I RIBEIRÃO PRETO/SP;Ribeirão Preto, SP;12/08 08:00;https://www.linkedin.com/jobs/view/4450143055/;https://media.licdn.com/dms/image/v2/D4D0BAQFsXG1Wtlpm7g/company-logo_100_100/company-logo_100_100/0/1715979136145/localizaco_logo?e=1788393600&v=beta&t=FcdhMKyOlJrB1lk-U9PgiN38V-coMGuzVOWrH2R9RUE;-;https://www.linkedin.com/company/localiza-co/about/;Software e Serviços de TI;sales OR account OR customer success manager OR client success OR developer relations OR technical writer;localiza&co;1;;https://www.linkedin.com/jobs/view/4450143055/;https://www.linkedin.com/jobs/view/4450143055/;On-site;Vendas / Comercial;12/08/2026;Ribeirão Preto;São Paulo;SP;Região Sudeste;Brasil;América do Sul
589;Lumin Energia Solar;Consultor comercial;Londrina, PR;12/08 09:00;https://www.linkedin.com/jobs/view/4450143322/;https://media.licdn.com/dms/image/v2/C4D0BAQGFkzxR-74OZg/company-logo_100_100/company-logo_100_100/0/1630560266428?e=1788393600&v=beta&t=MmsrwkzXiZgaoMrYtNR0NORss6xwV9QcMBEzkv4rqyk;Advanced > Specialist;https://www.linkedin.com/company/lumin-energia-solar/about/;Energia e Combustíveis;sales OR account OR customer success manager OR client success OR developer relations OR technical writer;lumin energia solar;1;;https://www.linkedin.com/jobs/view/4450143322/;https://www.linkedin.com/jobs/view/4450143322/;On-site;Consultor, Vendas / Comercial;12/08/2026;Londrina;Paraná;PR;Região Sul;Brasil;América do Sul
590;Lumin Energia Solar;Vendedor;Londrina, PR;12/08 08:00;https://www.linkedin.com/jobs/view/4450148289/;https://media.licdn.com/dms/image/v2/C4D0BAQGFkzxR-74OZg/company-logo_100_100/company-logo_100_100/0/1630560266428?e=1788393600&v=beta&t=MmsrwkzXiZgaoMrYtNR0NORss6xwV9QcMBEzkv4rqyk;-;https://www.linkedin.com/company/lumin-energia-solar/about/;Energia e Combustíveis;sales OR account OR customer success manager OR client success OR developer relations OR technical writer;lumin energia solar;1;;https://www.linkedin.com/jobs/view/4450148289/;https://www.linkedin.com/jobs/view/4450148289/;On-site;Vendas / Comercial;12/08/2026;Londrina;Paraná;PR;Região Sul;Brasil;América do Sul
591;Luuna Sleep Brasil;Supervisor de Customer Success;São Paulo, SP;12/08 14:00;https://www.linkedin.com/jobs/view/4452724617/;https://media.licdn.com/dms/image/v2/D4D0BAQFGfd3c0serZw/company-logo_100_100/B4DZkGR9ljIYAQ-/0/1756746996505/luuna_sleep_brasil_logo?e=1788393600&v=beta&t=xHKtv9WnyMe0E5DzPG3dwzgPBAzwP-SIcDlxsg-fzDU;Specific > Customer Success Manager;https://www.linkedin.com/company/luuna-sleep-brasil/about/;-;sales OR account OR customer success manager OR client success OR developer relations OR technical writer;luuna sleep brasil;1;;https://www.linkedin.com/jobs/view/4452724617/;https://www.linkedin.com/jobs/view/4452724617/;Not informed;Mid, Liderança/Gerência;12/08/2026;São Paulo;São Paulo;SP;Região Sudeste;Brasil;América do Sul
592;MAKE PACK;Consultor de vendas Interno;Anápolis, GO;12/08 15:00;https://www.linkedin.com/jobs/view/4450160535/;https://media.licdn.com/dms/image/v2/D4D0BAQGdVaC6fHC1TA/company-logo_100_100/company-logo_100_100/0/1728933649925/make_pack_logo?e=1788393600&v=beta&t=iWDKzZEBYgWboGfhLZqY2dIJuekP1pmRGkLLvgjHkNc;Advanced > Specialist;https://www.linkedin.com/company/make-pack/about/;Vendas e Suporte;sales OR account OR customer success manager OR client success OR developer relations OR technical writer;make pack;1;;https://www.linkedin.com/jobs/view/4450160535/;https://www.linkedin.com/jobs/view/4450160535/;On-site;Intern, Consultor, Vendas / Comercial;12/08/2026;Anápolis;Goiás;GO;Região Centro-Oeste;Brasil;América do Sul
593;MAKE PACK;Consultor de vendas;Brasília, DF;12/08 15:00;https://www.linkedin.com/jobs/view/4450161893/;https://media.licdn.com/dms/image/v2/D4D0BAQGdVaC6fHC1TA/company-logo_100_100/company-logo_100_100/0/1728933649925/make_pack_logo?e=1788393600&v=beta&t=iWDKzZEBYgWboGfhLZqY2dIJuekP1pmRGkLLvgjHkNc;Advanced > Specialist;https://www.linkedin.com/company/make-pack/about/;Vendas e Suporte;sales OR account OR customer success manager OR client success OR developer relations OR technical writer;make pack;1;;https://www.linkedin.com/jobs/view/4450161893/;https://www.linkedin.com/jobs/view/4450161893/;Remote;Consultor, Vendas / Comercial;12/08/2026;;Distrito Federal;DF;Região Centro-Oeste;Brasil;América do Sul
594;MAKE PLANT;Consultor de vendas internas;Anápolis, GO;12/08 14:00;https://www.linkedin.com/jobs/view/4450166487/;https://media.licdn.com/dms/image/v2/D4D0BAQHL5qqO--44uA/company-logo_100_100/company-logo_100_100/0/1728933870719/make_plant_adubos_logo?e=1788393600&v=beta&t=fRRR5zGK0G3NXgA9VgnH63NMmesDpFCe6R_gmuCnxCQ;Advanced > Specialist;https://www.linkedin.com/company/make-plant/about/;Vendas e Suporte;sales OR account OR customer success manager OR client success OR developer relations OR technical writer;make plant;1;;https://www.linkedin.com/jobs/view/4450166487/;https://www.linkedin.com/jobs/view/4450166487/;On-site;Intern, Consultor, Vendas / Comercial;12/08/2026;Anápolis;Goiás;GO;Região Centro-Oeste;Brasil;América do Sul
595;MANN+HUMMEL;Gerente de Vendas OEM - Passenger Cars;Indaiatuba, SP;12/08 14:00;https://www.linkedin.com/jobs/view/4453164097/;https://media.licdn.com/dms/image/v2/C560BAQEpbIow0W2vOw/company-logo_100_100/company-logo_100_100/0/1631374271088?e=1788393600&v=beta&t=tetg7lKEDxY82rIM2Dqb_efRfv4_Y7B8bxYHz2RMkn0;Middle > Manager;https://www.linkedin.com/company/mann-hummel/about/;Vendas e Suporte;sales OR account OR customer success manager OR client success OR developer relations OR technical writer;mann+hummel;1;;https://www.linkedin.com/jobs/view/4453164097/;https://www.linkedin.com/jobs/view/4453164097/;On-site;Mid, Liderança/Gerência, Vendas / Comercial;12/08/2026;Indaiatuba;São Paulo;SP;Região Sudeste;Brasil;América do Sul
596;MAPData;Assistente de Vendas - Inside Sales;Recife, PE;11/08 22:00;https://www.linkedin.com/jobs/view/4451987047/;https://media.licdn.com/dms/image/v2/D4D0BAQExMnO3inzcZA/company-logo_100_100/B4DZxCatwdJkAQ-/0/1770640825733/mapdata_tecnologia_inform_tica_e_com_rcio_ltda_logo?e=1788393600&v=beta&t=kT_7wk-DL9-PEpGwamXSYy8_oujkoUssRywgOBvbmFE;-;https://www.linkedin.com/company/mapdata/about/;Dados e Analytics;sales OR account OR customer success manager OR client success OR developer relations OR technical writer;mapdata;1;;https://www.linkedin.com/jobs/view/4451987047/;https://www.linkedin.com/jobs/view/4451987047/;On-site;Associate, Vendas / Comercial;12/08/2026;Recife;Pernambuco;PE;Região Nordeste;Brasil;América do Sul
597;MField;Executivo Comercial;São Paulo, SP;12/08 16:00;https://www.linkedin.com/jobs/view/4453327894/;https://media.licdn.com/dms/image/v2/D4E0BAQEa8UNJNsfMKQ/company-logo_100_100/company-logo_100_100/0/1728048850485/mfield_logo?e=1788393600&v=beta&t=RIy-CG_wDH-gW3XI4u0BiE_x4wMKLRtcpB7x_ClGBJ0;-;https://www.linkedin.com/company/mfield/about/;Software e Serviços de TI;sales OR account OR customer success manager OR client success OR developer relations OR technical writer;mfield;1;;https://www.linkedin.com/jobs/view/4453327894/;https://www.linkedin.com/jobs/view/4453327894/;Hybrid;Vendas / Comercial;12/08/2026;São Paulo;São Paulo;SP;Região Sudeste;Brasil;América do Sul
598;MIRANDEX REFERÊNCIA EM VIDROS;Vendedor - Unidade ManausAM;Brasil;12/08 00:00;https://www.linkedin.com/jobs/view/4452319742/;https://media.licdn.com/dms/image/v2/D4D0BAQHUfPPgmgvZSQ/company-logo_100_100/company-logo_100_100/0/1724936456454/mirandex_referncia_em_vidros_logo?e=1788393600&v=beta&t=yjXPvsTb2YeF1Y19Xc2T_qB5SulIqQEl004RxU43uPo;-;https://www.linkedin.com/company/mirandex-refer-ncia-em-vidros/about/;-;sales OR account OR customer success manager OR client success OR developer relations OR technical writer;mirandex referência em vidros;1;;https://www.linkedin.com/jobs/view/4452319742/;https://www.linkedin.com/jobs/view/4452319742/;On-site;Vendas / Comercial;12/08/2026;;;;;Brasil;América do Sul
599;MOV Soluções e Desenvolvimento Empresarial Ltda;Assistente Comercial;Balneário Camboriú, SC;12/08 01:00;https://www.linkedin.com/jobs/view/4453052147/;https://media.licdn.com/dms/image/v2/D4D0BAQFSt9BYFs0cMg/company-logo_100_100/company-logo_100_100/0/1708339006462/mov_desenvolvimento_empresarial_logo?e=1788393600&v=beta&t=W0Og5RQXTAt8fObjwCyTAOmmkum7eCTWxXrc9IV7zI4;-;https://www.linkedin.com/company/mov-solu-es-e-desenvolvimento-empresarial-ltda/about/;Software e Serviços de TI;sales OR account OR customer success manager OR client success OR developer relations OR technical writer;mov soluções e desenvolvimento empresarial ltda;1;;https://www.linkedin.com/jobs/view/4453052147/;https://www.linkedin.com/jobs/view/4453052147/;On-site;Associate, Vendas / Comercial;12/08/2026;Balneário Camboriú;Santa Catarina;SC;Região Sul;Brasil;América do Sul
600;MOV Soluções e Desenvolvimento Empresarial Ltda;Consultor(a) Comercial – Iluminação e Design;Balneário Camboriú, SC;12/08 19:00;https://www.linkedin.com/jobs/view/4450191448/;https://media.licdn.com/dms/image/v2/D4D0BAQFSt9BYFs0cMg/company-logo_100_100/company-logo_100_100/0/1708339006462/mov_desenvolvimento_empresarial_logo?e=1788393600&v=beta&t=W0Og5RQXTAt8fObjwCyTAOmmkum7eCTWxXrc9IV7zI4;Advanced > Specialist;https://www.linkedin.com/company/mov-solu-es-e-desenvolvimento-empresarial-ltda/about/;Software e Serviços de TI;sales OR account OR customer success manager OR client success OR developer relations OR technical writer;mov soluções e desenvolvimento empresarial ltda;1;;https://www.linkedin.com/jobs/view/4450191448/;https://www.linkedin.com/jobs/view/4450191448/;On-site;Consultor, Vendas / Comercial;12/08/2026;Balneário Camboriú;Santa Catarina;SC;Região Sul;Brasil;América do Sul
601;MP LUB Distribuidora;Vendedor(a) Externo(a) B2B | Petrolina e Região - PE;Petrolina, PE;12/08 16:00;https://www.linkedin.com/jobs/view/4450175468/;https://media.licdn.com/dms/image/v2/D4D0BAQFF14ZjRL9Ljw/company-logo_100_100/B4DZoIp_wWJAAQ-/0/1761081818580/mplub_distribuidora_logo?e=1788393600&v=beta&t=PM82uFq8GGekrD7DOpSYDaA8U95EJ8RpOt-sN1LhGbU;-;https://www.linkedin.com/company/mp-lub-distribuidora/about/;Cuidado Animal;sales OR account OR customer success manager OR client success OR developer relations OR technical writer;mp lub distribuidora;1;;https://www.linkedin.com/jobs/view/4450175468/;https://www.linkedin.com/jobs/view/4450175468/;On-site;Vendas / Comercial;12/08/2026;Petrolina;Pernambuco;PE;Região Nordeste;Brasil;América do Sul
602;MacPonta Corretora de Seguros;Analista Comercial- MacPonta Corretora de Seguros- Ponta Grossa;Ponta Grossa, PR;12/08 08:00;https://www.linkedin.com/jobs/view/4450147052/;https://media.licdn.com/dms/image/v2/C4D0BAQHerkKfEOLM3A/company-logo_100_100/company-logo_100_100/0/1630569700198/macpontacorretora_logo?e=1788393600&v=beta&t=Vd2AQlXUCkwwu3qAkevVoegWbR7tLh4JHCKZIoPYh4g;Advanced > Specialist;https://www.linkedin.com/company/macponta-corretora-de-seguros/about/;Seguros e Previdência;sales OR account OR customer success manager OR client success OR developer relations OR technical writer;macponta corretora de seguros;1;;https://www.linkedin.com/jobs/view/4450147052/;https://www.linkedin.com/jobs/view/4450147052/;On-site;Associate, Vendas / Comercial;12/08/2026;Ponta Grossa;Paraná;PR;Região Sul;Brasil;América do Sul
603;Madalozzo Seguros;Analista Comercial;Curitiba, PR;12/08 13:00;https://www.linkedin.com/jobs/view/4453136801/;https://media.licdn.com/dms/image/v2/D4D0BAQHdoVOA9BBPtA/company-logo_100_100/company-logo_100_100/0/1736448928683/madalozzo_corretora_de_seguros_logo?e=1788393600&v=beta&t=DmDTxaUqH4ZEbmpAROn1Nph0gW0Oh17_KWgLBPybWJc;Advanced > Specialist;https://www.linkedin.com/company/madalozzo-seguros/about/;Seguros e Previdência;sales OR account OR customer success manager OR client success OR developer relations OR technical writer;madalozzo seguros;1;;https://www.linkedin.com/jobs/view/4453136801/;https://www.linkedin.com/jobs/view/4453136801/;On-site;Associate, Vendas / Comercial;12/08/2026;;Paraná;PR;Região Sul;Brasil;América do Sul
604;Madalozzo Seguros;Consultor de vendas;Curitiba, PR;12/08 12:00;https://www.linkedin.com/jobs/view/4442364891/;https://media.licdn.com/dms/image/v2/D4D0BAQHdoVOA9BBPtA/company-logo_100_100/company-logo_100_100/0/1736448928683/madalozzo_corretora_de_seguros_logo?e=1788393600&v=beta&t=DmDTxaUqH4ZEbmpAROn1Nph0gW0Oh17_KWgLBPybWJc;Advanced > Specialist;https://www.linkedin.com/company/madalozzo-seguros/about/;Seguros e Previdência;sales OR account OR customer success manager OR client success OR developer relations OR technical writer;madalozzo seguros;1;;https://www.linkedin.com/jobs/view/4442364891/;https://www.linkedin.com/jobs/view/4442364891/;On-site;Consultor, Vendas / Comercial;12/08/2026;;Paraná;PR;Região Sul;Brasil;América do Sul
605;Maker Robotics;Consultor de Vendas Júnior em Criciúma;Criciúma, SC;12/08 17:00;https://www.linkedin.com/jobs/view/4450169962/;https://media.licdn.com/dms/image/v2/C4D0BAQF9tXBweaUM3w/company-logo_100_100/company-logo_100_100/0/1668709709279/maker_robotics_logo?e=1788393600&v=beta&t=eKC8XD5E8OqKv4hV49DqDbFaOc5hIS12n8r_bO0iKmE;Advanced > Specialist;https://www.linkedin.com/company/maker-robotics/about/;Software e Serviços de TI;sales OR account OR customer success manager OR client success OR developer relations OR technical writer;maker robotics;1;;https://www.linkedin.com/jobs/view/4450169962/;https://www.linkedin.com/jobs/view/4450169962/;On-site;Junior, Consultor, Vendas / Comercial;12/08/2026;Criciúma;Santa Catarina;SC;Região Sul;Brasil;América do Sul
606;Mamba Digital;Assistente de Sucesso do Cliente - Customer Success | Mamba Digital;Santos, SP;12/08 15:00;https://www.linkedin.com/jobs/view/4453323448/;https://media.licdn.com/dms/image/v2/C4D0BAQEE9TdeNCUDhw/company-logo_100_100/company-logo_100_100/0/1668022072141/mambadigital_logo?e=1788393600&v=beta&t=hcN2bdU-xwq45JYmx0w7kF4T6M2IR4Y4nu7CTCaUm4g;Specific > Customer Success Manager;https://www.linkedin.com/company/mamba-digital/about/;Software e Serviços de TI;sales OR account OR customer success manager OR client success OR developer relations OR technical writer;mamba digital;1;;https://www.linkedin.com/jobs/view/4453323448/;https://www.linkedin.com/jobs/view/4453323448/;On-site;Associate, TI/Tech;12/08/2026;;São Paulo;SP;Região Sudeste;Brasil;América do Sul
607;ManpowerGroup Talent Solutions;Sales Manager;SP;12/08 17:00;https://www.linkedin.com/jobs/view/4452754098/;https://media.licdn.com/dms/image/v2/D560BAQF1vWAoWxR__A/company-logo_100_100/company-logo_100_100/0/1719857931459/manpower_business_solutions_logo?e=1788393600&v=beta&t=ILo1rUuNzW8T3ffM1MmQxlHy1fzTRSG14yBlR8S-si8;Middle > Manager;https://www.linkedin.com/company/manpowergroup-talent-solutions/about/;Software e Serviços de TI;sales OR account OR customer success manager OR client success OR developer relations OR technical writer;manpowergroup talent solutions;1;;https://www.linkedin.com/jobs/view/4452754098/;https://www.linkedin.com/jobs/view/4452754098/;Hybrid;Liderança/Gerência, Vendas / Comercial;12/08/2026;;São Paulo;SP;Região Sudeste;Brasil;América do Sul
608;Mantis Venture Capital;Partner Development Manager, Brazil;São Paulo, SP;12/08 16:00;https://www.linkedin.com/jobs/view/4453320878/;https://media.licdn.com/dms/image/v2/D560BAQECt53DNyITJQ/company-logo_100_100/company-logo_100_100/0/1680723334971/mantis_venture_capital_logo?e=1788393600&v=beta&t=y_NyIkkbh2R7a10hp_vzYDuenvyE2i8tlXviDCI6LLs;Middle > Manager;https://www.linkedin.com/company/mantis-venture-capital/about/;Software e Serviços de TI;sales OR account OR customer success manager OR client success OR developer relations OR technical writer;mantis venture capital;1;;https://www.linkedin.com/jobs/view/4453320878/;https://www.linkedin.com/jobs/view/4453320878/;Hybrid;Liderança/Gerência;12/08/2026;São Paulo;São Paulo;SP;Região Sudeste;Brasil;América do Sul
609;Mariza Foods;Vendedor Especialista em Canais de Venda;Belém, PA;12/08 00:00;https://www.linkedin.com/jobs/view/4452320639/;missing logo;Advanced > Specialist;https://www.linkedin.com/company/mariza-foods/about/;Alimentos e Bebidas;sales OR account OR customer success manager OR client success OR developer relations OR technical writer;mariza foods;1;;https://www.linkedin.com/jobs/view/4452320639/;https://www.linkedin.com/jobs/view/4452320639/;On-site;Specialist, Vendas / Comercial;12/08/2026;Belém;Pará;PA;Região Norte;Brasil;América do Sul
610;Mariza Foods;Representante comercial;Campo Grande, MS;12/08 00:00;https://www.linkedin.com/jobs/view/4452313802/;missing logo;-;https://www.linkedin.com/company/mariza-foods/about/;Alimentos e Bebidas;sales OR account OR customer success manager OR client success OR developer relations OR technical writer;mariza foods;1;;https://www.linkedin.com/jobs/view/4452313802/;https://www.linkedin.com/jobs/view/4452313802/;On-site;Vendas / Comercial;12/08/2026;Campo Grande;Mato Grosso do Sul;MS;Região Centro-Oeste;Brasil;América do Sul
611;Mariza Foods;Representante comercial;Cuiabá, MT;12/08 00:00;https://www.linkedin.com/jobs/view/4452327490/;missing logo;-;https://www.linkedin.com/company/mariza-foods/about/;Alimentos e Bebidas;sales OR account OR customer success manager OR client success OR developer relations OR technical writer;mariza foods;1;;https://www.linkedin.com/jobs/view/4452327490/;https://www.linkedin.com/jobs/view/4452327490/;On-site;Vendas / Comercial;12/08/2026;Cuiabá;Mato Grosso;MT;Região Centro-Oeste;Brasil;América do Sul
612;Mariza Foods;Supervisor comercial;Marabá, PA;12/08 00:00;https://www.linkedin.com/jobs/view/4452310777/;missing logo;Middle > Manager;https://www.linkedin.com/company/mariza-foods/about/;Alimentos e Bebidas;sales OR account OR customer success manager OR client success OR developer relations OR technical writer;mariza foods;1;;https://www.linkedin.com/jobs/view/4452310777/;https://www.linkedin.com/jobs/view/4452310777/;On-site;Mid, Liderança/Gerência, Vendas / Comercial;12/08/2026;Marabá;Pará;PA;Região Norte;Brasil;América do Sul
613;Mariza Foods;Supervisor comercial;Recife, PE;12/08 00:00;https://www.linkedin.com/jobs/view/4452333024/;missing logo;Middle > Manager;https://www.linkedin.com/company/mariza-foods/about/;Alimentos e Bebidas;sales OR account OR customer success manager OR client success OR developer relations OR technical writer;mariza foods;1;;https://www.linkedin.com/jobs/view/4452333024/;https://www.linkedin.com/jobs/view/4452333024/;On-site;Mid, Liderança/Gerência, Vendas / Comercial;12/08/2026;Recife;Pernambuco;PE;Região Nordeste;Brasil;América do Sul
614;Marlex;Vendedor;Campo Grande, MS;12/08 10:00;https://www.linkedin.com/jobs/view/4450129648/;https://media.licdn.com/dms/image/v2/C4D0BAQEGra7mNEPesA/company-logo_100_100/company-logo_100_100/0/1630551589213/marlexgroup_logo?e=1788393600&v=beta&t=zqDTcf6aHtZJtJazF-wpQat9Gd9zm79NDCqU7fU5lBk;-;https://www.linkedin.com/company/marlex/about/;-;sales OR account OR customer success manager OR client success OR developer relations OR technical writer;marlex;1;;https://www.linkedin.com/jobs/view/4450129648/;https://www.linkedin.com/jobs/view/4450129648/;On-site;Vendas / Comercial;12/08/2026;Campo Grande;Mato Grosso do Sul;MS;Região Centro-Oeste;Brasil;América do Sul
615;Match Sales;Executivo de Vendas | Result Place;Fortaleza, CE;12/08 17:00;https://www.linkedin.com/jobs/view/4453348586/;https://media.licdn.com/dms/image/v2/D4D0BAQHQyc54VPa0MQ/company-logo_100_100/B4DZxDpYOOG4AQ-/0/1770661449564/match_sales_logo?e=1788393600&v=beta&t=pZw735-rrSyFxWNjhNcIZMspTZTxL0GMYDUWJ1fivMQ;-;https://www.linkedin.com/company/match-sales/about/;Software e Serviços de TI;sales OR account OR customer success manager OR client success OR developer relations OR technical writer;match sales;1;;https://www.linkedin.com/jobs/view/4453348586/;https://www.linkedin.com/jobs/view/4453348586/;On-site;Vendas / Comercial;12/08/2026;Fortaleza;Ceará;CE;Região Nordeste;Brasil;América do Sul
616;Matriz RH;Consultor Comercial Externo;Ribeirão Preto, SP;11/08 22:00;https://www.linkedin.com/jobs/view/4453012901/;https://media.licdn.com/dms/image/v2/D4D0BAQH_pa-E-qXBvg/company-logo_100_100/company-logo_100_100/0/1693400023885/matrizrh_logo?e=1788393600&v=beta&t=42MwSQv4-TkOZSIPjMBLZNatiks_qvVO_BshZTUo0Cc;Advanced > Specialist;https://www.linkedin.com/company/matriz-rh/about/;Recursos Humanos;sales OR account OR customer success manager OR client success OR developer relations OR technical writer;matriz rh;1;;https://www.linkedin.com/jobs/view/4453012901/;https://www.linkedin.com/jobs/view/4453012901/;On-site;Consultor, Vendas / Comercial;12/08/2026;Ribeirão Preto;São Paulo;SP;Região Sudeste;Brasil;América do Sul
617;Maxispuma Colchões;Gerente Comercial;Céu Azul, PR;12/08 11:00;https://www.linkedin.com/jobs/view/4449825864/;https://media.licdn.com/dms/image/v2/D4D0BAQFnlbxr1x6QCA/company-logo_100_100/company-logo_100_100/0/1721757091991?e=1788393600&v=beta&t=A7eIlV1n4W1pGRjvwzzANTJxu8ycRKJyvzwUq8f5YLs;Middle > Manager;https://www.linkedin.com/company/maxispuma-colch-es/about/;Vendas e Suporte;sales OR account OR customer success manager OR client success OR developer relations OR technical writer;maxispuma colchões;1;;https://www.linkedin.com/jobs/view/4449825864/;https://www.linkedin.com/jobs/view/4449825864/;On-site;Mid, Liderança/Gerência, Vendas / Comercial;12/08/2026;Céu Azul;Paraná;PR;Região Sul;Brasil;América do Sul
618;Mega Maquinas de Costura;VENDEDOR(A) DE MÁQUINAS DE COSTURA INDUSTRIAL — CURITIBA/PR;Brasil;12/08 00:00;https://www.linkedin.com/jobs/view/4452322522/;https://media.licdn.com/dms/image/v2/C4D0BAQHQD7x4PhWAlQ/company-logo_100_100/company-logo_100_100/0/1631330899581?e=1788393600&v=beta&t=wBNt2haUd8NmZ5Fc0UmoI-OyhKhRzyfE0ehVTCPWnh8;-;https://www.linkedin.com/company/mega-maquinas-de-costura/about/;Manufatura e Produção;sales OR account OR customer success manager OR client success OR developer relations OR technical writer;mega maquinas de costura;1;;https://www.linkedin.com/jobs/view/4452322522/;https://www.linkedin.com/jobs/view/4452322522/;On-site;Engenharia Geral, Vendas / Comercial;12/08/2026;;;;;Brasil;América do Sul
619;Megaço;Representante Comercial Externo;Itajaí, SC;12/08 00:00;https://www.linkedin.com/jobs/view/4452320531/;https://media.licdn.com/dms/image/v2/D4D0BAQFctPj_l7Qqxw/company-logo_100_100/B4DZ5RJ8ZfKAAI-/0/1779478021950/megacoitajai_logo?e=1788393600&v=beta&t=maa6WKgAreOl1lQkGHK2pIqGaCPr4_4ZuxG1Q55_6MI;-;https://www.linkedin.com/company/mega-o/about/;Vendas e Suporte;sales OR account OR customer success manager OR client success OR developer relations OR technical writer;megaço;1;;https://www.linkedin.com/jobs/view/4452320531/;https://www.linkedin.com/jobs/view/4452320531/;On-site;Vendas / Comercial;12/08/2026;Itajaí;Santa Catarina;SC;Região Sul;Brasil;América do Sul
620;Mello Optical;Assistente comercial interno;Grande Porto Alegre (RS);12/08 00:00;https://www.linkedin.com/jobs/view/4452324811/;https://media.licdn.com/dms/image/v2/C4D0BAQFi9akWspDuEw/company-logo_100_100/company-logo_100_100/0/1633031171877/mello_optical_logo?e=1788393600&v=beta&t=aVcWhFT0lGhtGNnHG3NeHwZtWZ6EC99hTxtbGnWv1Ys;-;https://www.linkedin.com/company/mello-optical/about/;Software e Serviços de TI;sales OR account OR customer success manager OR client success OR developer relations OR technical writer;mello optical;1;;https://www.linkedin.com/jobs/view/4452324811/;https://www.linkedin.com/jobs/view/4452324811/;On-site;Intern, Associate, Vendas / Comercial;12/08/2026;;Rio Grande do Sul;RS;Região Sul;Brasil;América do Sul
621;Mellon Finance e EN Engenharia & Negócios;Vendedor;Belo Horizonte, MG;12/08 20:00;https://www.linkedin.com/jobs/view/4444112199/;missing logo;-;https://www.linkedin.com/company/mellon-finance-e-en-engenharia-neg-cios/about/;Serviços Financeiros;sales OR account OR customer success manager OR client success OR developer relations OR technical writer;mellon finance e en engenharia & negócios;1;;https://www.linkedin.com/jobs/view/4444112199/;https://www.linkedin.com/jobs/view/4444112199/;Hybrid;Vendas / Comercial;12/08/2026;;Minas Gerais;MG;Região Sudeste;Brasil;América do Sul
622;Meta Assessoria Empresarial;Assistente comercial;Grande Porto Alegre (RS);12/08 00:00;https://www.linkedin.com/jobs/view/4452306702/;https://media.licdn.com/dms/image/v2/C4D0BAQE6d9ERVzHk4w/company-logo_100_100/company-logo_100_100/0/1678992662547/meta_assessoria_logo?e=1788393600&v=beta&t=2O5Ug0NCxUIMn2O5BANi8MbjYK9M4y9FOihMTdnmJjE;-;https://www.linkedin.com/company/meta-assessoria-empresarial/about/;Consultoria e Assessoria;sales OR account OR customer success manager OR client success OR developer relations OR technical writer;meta assessoria empresarial;1;;https://www.linkedin.com/jobs/view/4452306702/;https://www.linkedin.com/jobs/view/4452306702/;On-site;Associate, Vendas / Comercial;12/08/2026;;Rio Grande do Sul;RS;Região Sul;Brasil;América do Sul
623;Metadados;Banco de talentos;Caxias do Sul, RS;12/08 07:00;https://www.linkedin.com/jobs/view/4453073889/;https://media.licdn.com/dms/image/v2/D4D0BAQFxhPuihaKZBw/company-logo_100_100/B4DZ3U9EyUJYAI-/0/1777394273861/metadadosrh_logo?e=1788393600&v=beta&t=MA8kllqVZl45dpPzwjhyYncKOGKBs8nc2bCMZ7T7BY0;People;https://www.linkedin.com/company/metadados/about/;Dados e Analytics;sales OR account OR customer success manager OR client success OR developer relations OR technical writer;metadados;1;;https://www.linkedin.com/jobs/view/4453073889/;https://www.linkedin.com/jobs/view/4453073889/;Remote;Banco de Talentos;12/08/2026;Caxias do Sul;Rio Grande do Sul;RS;Região Sul;Brasil;América do Sul
624;Metadados;SDR - Sales development representative;Caxias do Sul, RS;12/08 07:00;https://www.linkedin.com/jobs/view/4453095721/;https://media.licdn.com/dms/image/v2/D4D0BAQFxhPuihaKZBw/company-logo_100_100/B4DZ3U9EyUJYAI-/0/1777394273861/metadadosrh_logo?e=1788393600&v=beta&t=MA8kllqVZl45dpPzwjhyYncKOGKBs8nc2bCMZ7T7BY0;-;https://www.linkedin.com/company/metadados/about/;Dados e Analytics;sales OR account OR customer success manager OR client success OR developer relations OR technical writer;metadados;1;;https://www.linkedin.com/jobs/view/4453095721/;https://www.linkedin.com/jobs/view/4453095721/;Remote;Vendas / Comercial;12/08/2026;Caxias do Sul;Rio Grande do Sul;RS;Região Sul;Brasil;América do Sul
625;Metra Industrial;Vendedor;Araguaína, TO;12/08 00:00;https://www.linkedin.com/jobs/view/4452306897/;https://media.licdn.com/dms/image/v2/C4D0BAQF-k-IrW2W3VA/company-logo_100_100/company-logo_100_100/0/1672851398893/metra_industrial_titano_logo?e=1788393600&v=beta&t=3HgaULwtn_d4HNx8s0LMNX_h6rhEEb4VLoPx3E5dQ7Q;-;https://www.linkedin.com/company/metra-industrial/about/;Manufatura e Produção;sales OR account OR customer success manager OR client success OR developer relations OR technical writer;metra industrial;1;;https://www.linkedin.com/jobs/view/4452306897/;https://www.linkedin.com/jobs/view/4452306897/;On-site;Vendas / Comercial;12/08/2026;Araguaína;Tocantins;TO;Região Norte;Brasil;América do Sul
626;Metra Industrial;Vendedor;Barra do Garças, MT;12/08 00:00;https://www.linkedin.com/jobs/view/4452324687/;https://media.licdn.com/dms/image/v2/C4D0BAQF-k-IrW2W3VA/company-logo_100_100/company-logo_100_100/0/1672851398893/metra_industrial_titano_logo?e=1788393600&v=beta&t=3HgaULwtn_d4HNx8s0LMNX_h6rhEEb4VLoPx3E5dQ7Q;-;https://www.linkedin.com/company/metra-industrial/about/;Manufatura e Produção;sales OR account OR customer success manager OR client success OR developer relations OR technical writer;metra industrial;1;;https://www.linkedin.com/jobs/view/4452324687/;https://www.linkedin.com/jobs/view/4452324687/;On-site;Vendas / Comercial;12/08/2026;Barra do Garças;Mato Grosso;MT;Região Centro-Oeste;Brasil;América do Sul
627;Metra Industrial;Vendedor;Brasil;12/08 00:00;https://www.linkedin.com/jobs/view/4452322757/;https://media.licdn.com/dms/image/v2/C4D0BAQF-k-IrW2W3VA/company-logo_100_100/company-logo_100_100/0/1672851398893/metra_industrial_titano_logo?e=1788393600&v=beta&t=3HgaULwtn_d4HNx8s0LMNX_h6rhEEb4VLoPx3E5dQ7Q;-;https://www.linkedin.com/company/metra-industrial/about/;Manufatura e Produção;sales OR account OR customer success manager OR client success OR developer relations OR technical writer;metra industrial;1;;https://www.linkedin.com/jobs/view/4452322757/;https://www.linkedin.com/jobs/view/4452322757/;On-site;Vendas / Comercial;12/08/2026;;;;;Brasil;América do Sul
628;Metra Industrial;Vendedor;Campo Novo do Parecis, MT;12/08 00:00;https://www.linkedin.com/jobs/view/4452327504/;https://media.licdn.com/dms/image/v2/C4D0BAQF-k-IrW2W3VA/company-logo_100_100/company-logo_100_100/0/1672851398893/metra_industrial_titano_logo?e=1788393600&v=beta&t=3HgaULwtn_d4HNx8s0LMNX_h6rhEEb4VLoPx3E5dQ7Q;-;https://www.linkedin.com/company/metra-industrial/about/;Manufatura e Produção;sales OR account OR customer success manager OR client success OR developer relations OR technical writer;metra industrial;1;;https://www.linkedin.com/jobs/view/4452327504/;https://www.linkedin.com/jobs/view/4452327504/;On-site;Vendas / Comercial;12/08/2026;;Mato Grosso;MT;Região Centro-Oeste;Brasil;América do Sul
629;Metra Industrial;Vendedor;Cáceres, MT;12/08 00:00;https://www.linkedin.com/jobs/view/4452312792/;https://media.licdn.com/dms/image/v2/C4D0BAQF-k-IrW2W3VA/company-logo_100_100/company-logo_100_100/0/1672851398893/metra_industrial_titano_logo?e=1788393600&v=beta&t=3HgaULwtn_d4HNx8s0LMNX_h6rhEEb4VLoPx3E5dQ7Q;-;https://www.linkedin.com/company/metra-industrial/about/;Manufatura e Produção;sales OR account OR customer success manager OR client success OR developer relations OR technical writer;metra industrial;1;;https://www.linkedin.com/jobs/view/4452312792/;https://www.linkedin.com/jobs/view/4452312792/;On-site;Vendas / Comercial;12/08/2026;Cáceres;Mato Grosso;MT;Região Centro-Oeste;Brasil;América do Sul
630;Metra Industrial;Vendedor;Goiânia, GO;12/08 00:00;https://www.linkedin.com/jobs/view/4452308625/;https://media.licdn.com/dms/image/v2/C4D0BAQF-k-IrW2W3VA/company-logo_100_100/company-logo_100_100/0/1672851398893/metra_industrial_titano_logo?e=1788393600&v=beta&t=3HgaULwtn_d4HNx8s0LMNX_h6rhEEb4VLoPx3E5dQ7Q;-;https://www.linkedin.com/company/metra-industrial/about/;Manufatura e Produção;sales OR account OR customer success manager OR client success OR developer relations OR technical writer;metra industrial;1;;https://www.linkedin.com/jobs/view/4452308625/;https://www.linkedin.com/jobs/view/4452308625/;On-site;Vendas / Comercial;12/08/2026;Goiânia;Goiás;GO;Região Centro-Oeste;Brasil;América do Sul
631;Metra Industrial;Vendedor;Petrolina, PE;12/08 00:00;https://www.linkedin.com/jobs/view/4452322869/;https://media.licdn.com/dms/image/v2/C4D0BAQF-k-IrW2W3VA/company-logo_100_100/company-logo_100_100/0/1672851398893/metra_industrial_titano_logo?e=1788393600&v=beta&t=3HgaULwtn_d4HNx8s0LMNX_h6rhEEb4VLoPx3E5dQ7Q;-;https://www.linkedin.com/company/metra-industrial/about/;Manufatura e Produção;sales OR account OR customer success manager OR client success OR developer relations OR technical writer;metra industrial;1;;https://www.linkedin.com/jobs/view/4452322869/;https://www.linkedin.com/jobs/view/4452322869/;On-site;Vendas / Comercial;12/08/2026;Petrolina;Pernambuco;PE;Região Nordeste;Brasil;América do Sul
632;Microlins Natal Zona Sul;Consultor de Vendas Educacional;Natal, RN;12/08 12:00;https://www.linkedin.com/jobs/view/4453125509/;missing logo;Advanced > Specialist;https://www.linkedin.com/company/microlins-natal-zona-sul/about/;Vendas e Suporte;sales OR account OR customer success manager OR client success OR developer relations OR technical writer;microlins natal zona sul;1;;https://www.linkedin.com/jobs/view/4453125509/;https://www.linkedin.com/jobs/view/4453125509/;Not informed;Consultor, Educação, Vendas / Comercial;12/08/2026;Natal;Rio Grande do Norte;RN;Região Nordeste;Brasil;América do Sul
633;Minas Verde  John Deere;Gestor de Contas Seminovos - Três Corações - Vaga também para PcD;Três Corações, MG;12/08 08:00;https://www.linkedin.com/jobs/view/4450137085/;https://media.licdn.com/dms/image/v2/D4D0BAQEsP84Y0MG5gg/company-logo_100_100/B4DZenE2VmG8AQ-/0/1750854756299/minasverde_johndeere_logo?e=1788393600&v=beta&t=RiZ6wx_qpbCxc-6z7KIRHXq09ahgLjx-SmvjcE6MKWo;-;https://www.linkedin.com/company/minas-verde-john-deere/about/;-;sales OR account OR customer success manager OR client success OR developer relations OR technical writer;minas verde  john deere;1;;https://www.linkedin.com/jobs/view/4450137085/;https://www.linkedin.com/jobs/view/4450137085/;On-site;PCD / Afirmativa, Liderança/Gerência;12/08/2026;Três Corações;Minas Gerais;MG;Região Sudeste;Brasil;América do Sul
634;Mindbe;Supervisão de Vendas Externas;Grande São Paulo (SP) ;12/08 00:00;https://www.linkedin.com/jobs/view/4452319622/;https://media.licdn.com/dms/image/v2/D4D0BAQH12sTUUhFXKg/company-logo_100_100/company-logo_100_100/0/1725382842569/mindbe_logo?e=1788393600&v=beta&t=-OeKWzcbhW0D1pPj_2f4HDyg68w_jLvbKyZevcJvfPc;-;https://www.linkedin.com/company/mindbe/about/;Vendas e Suporte;sales OR account OR customer success manager OR client success OR developer relations OR technical writer;mindbe;1;;https://www.linkedin.com/jobs/view/4452319622/;https://www.linkedin.com/jobs/view/4452319622/;On-site;Vendas / Comercial;12/08/2026;;São Paulo;SP;Região Sudeste;Brasil;América do Sul
635;Mobile Peugeot e Citroen;SDR Qualificadora (o);Goiânia, GO;12/08 14:00;https://www.linkedin.com/jobs/view/4450175077/;missing logo;-;https://www.linkedin.com/company/mobile-peugeot-e-citroen/about/;Software e Serviços de TI;sales OR account OR customer success manager OR client success OR developer relations OR technical writer;mobile peugeot e citroen;1;;https://www.linkedin.com/jobs/view/4450175077/;https://www.linkedin.com/jobs/view/4450175077/;On-site;Vendas / Comercial;12/08/2026;Goiânia;Goiás;GO;Região Centro-Oeste;Brasil;América do Sul
636;Monetali;SDR Jr.;Pinhais, PR;12/08 13:00;https://www.linkedin.com/jobs/view/4450172335/;https://media.licdn.com/dms/image/v2/D4D0BAQGgv1WBhhwj8A/company-logo_100_100/B4DZ1P16MnI4AQ-/0/1775161025737/monetali_logo?e=1788393600&v=beta&t=ZeVL57N10fk5sL_OnuczLNv2BOKQMKpru88gFhC06HQ;-;https://www.linkedin.com/company/monetali/about/;-;sales OR account OR customer success manager OR client success OR developer relations OR technical writer;monetali;1;;https://www.linkedin.com/jobs/view/4450172335/;https://www.linkedin.com/jobs/view/4450172335/;On-site;Junior, Vendas / Comercial;12/08/2026;Pinhais;Paraná;PR;Região Sul;Brasil;América do Sul
637;MongoDB;Pre-Sales Solutions Architect;São Paulo, SP;12/08 12:00;https://www.linkedin.com/jobs/view/4443525794/;https://media.licdn.com/dms/image/v2/C4D0BAQFKe8PwqzyHyA/company-logo_100_100/company-logo_100_100/0/1635171226992/mongodbinc_logo?e=1788393600&v=beta&t=7mThXi8uczrtffqI38-eEQ-7-thqGfACVLfycCRMSxM;Architecture > Solutions Architect;https://www.linkedin.com/company/mongodb/about/;Governo e Social;sales OR account OR customer success manager OR client success OR developer relations OR technical writer;mongodb;1;;https://www.linkedin.com/jobs/view/4443525794/;https://www.linkedin.com/jobs/view/4443525794/;Not informed;Vendas / Comercial;12/08/2026;São Paulo;São Paulo;SP;Região Sudeste;Brasil;América do Sul
638;MongoDB;Senior Solutions Architect (Pre-Sales);São Paulo, SP;12/08 15:00;https://www.linkedin.com/jobs/view/4443534502/;https://media.licdn.com/dms/image/v2/C4D0BAQFKe8PwqzyHyA/company-logo_100_100/company-logo_100_100/0/1635171226992/mongodbinc_logo?e=1788393600&v=beta&t=7mThXi8uczrtffqI38-eEQ-7-thqGfACVLfycCRMSxM;Architecture > Solutions Architect;https://www.linkedin.com/company/mongodb/about/;Governo e Social;sales OR account OR customer success manager OR client success OR developer relations OR technical writer;mongodb;1;;https://www.linkedin.com/jobs/view/4443534502/;https://www.linkedin.com/jobs/view/4443534502/;Not informed;Senior, Vendas / Comercial;12/08/2026;São Paulo;São Paulo;SP;Região Sudeste;Brasil;América do Sul
639;Mouragro;Consultor de vendas;Leopoldina, MG;12/08 00:00;https://www.linkedin.com/jobs/view/4452322837/;https://media.licdn.com/dms/image/v2/C560BAQHSVfLERqUziw/company-logo_100_100/company-logo_100_100/0/1630630445822/mouragro_comercio_de_produtos_agropecuarios_logo?e=1788393600&v=beta&t=MQ6yb_RU_Qbvajtj7hXDKvgbIpwff5A_TjIpENRcmas;Advanced > Specialist;https://www.linkedin.com/company/mouragro/about/;Agro;sales OR account OR customer success manager OR client success OR developer relations OR technical writer;mouragro;1;;https://www.linkedin.com/jobs/view/4452322837/;https://www.linkedin.com/jobs/view/4452322837/;On-site;Consultor, Vendas / Comercial;12/08/2026;Leopoldina;Minas Gerais;MG;Região Sudeste;Brasil;América do Sul
640;Mouragro;Promotor Técnico de Vendas;Leopoldina, MG;12/08 00:00;https://www.linkedin.com/jobs/view/4452327691/;https://media.licdn.com/dms/image/v2/C560BAQHSVfLERqUziw/company-logo_100_100/company-logo_100_100/0/1630630445822/mouragro_comercio_de_produtos_agropecuarios_logo?e=1788393600&v=beta&t=MQ6yb_RU_Qbvajtj7hXDKvgbIpwff5A_TjIpENRcmas;-;https://www.linkedin.com/company/mouragro/about/;Agro;sales OR account OR customer success manager OR client success OR developer relations OR technical writer;mouragro;1;;https://www.linkedin.com/jobs/view/4452327691/;https://www.linkedin.com/jobs/view/4452327691/;On-site;Vendas / Comercial;12/08/2026;Leopoldina;Minas Gerais;MG;Região Sudeste;Brasil;América do Sul
641;Mouragro;Promotor Técnico de Vendas;Leopoldina, MG;12/08 00:00;https://www.linkedin.com/jobs/view/4452304775/;https://media.licdn.com/dms/image/v2/C560BAQHSVfLERqUziw/company-logo_100_100/company-logo_100_100/0/1630630445822/mouragro_comercio_de_produtos_agropecuarios_logo?e=1788393600&v=beta&t=MQ6yb_RU_Qbvajtj7hXDKvgbIpwff5A_TjIpENRcmas;-;https://www.linkedin.com/company/mouragro/about/;Agro;sales OR account OR customer success manager OR client success OR developer relations OR technical writer;mouragro;1;;https://www.linkedin.com/jobs/view/4452304775/;https://www.linkedin.com/jobs/view/4452304775/;On-site;Vendas / Comercial;12/08/2026;Leopoldina;Minas Gerais;MG;Região Sudeste;Brasil;América do Sul
642;MoveStock;Customer Success Pleno;Caxias do Sul, RS;12/08 14:00;https://www.linkedin.com/jobs/view/4450173348/;https://media.licdn.com/dms/image/v2/D4D0BAQGEKPI9-4RqNA/company-logo_100_100/B4DZagJ2rKGwAQ-/0/1746443660378/movestock_logo?e=1788393600&v=beta&t=-vRrXUjOECfOW3hqftNGQonID36xlpoz81YAtI98PgI;Specific > Customer Success Manager;https://www.linkedin.com/company/movestock/about/;-;sales OR account OR customer success manager OR client success OR developer relations OR technical writer;movestock;1;;https://www.linkedin.com/jobs/view/4450173348/;https://www.linkedin.com/jobs/view/4450173348/;On-site;Mid;12/08/2026;Caxias do Sul;Rio Grande do Sul;RS;Região Sul;Brasil;América do Sul
643;Mundo Voa;Coordenador(a) de Negócios B2B;Novo Hamburgo, RS;12/08 18:00;https://www.linkedin.com/jobs/view/4453362985/;https://media.licdn.com/dms/image/v2/D4D0BAQHz6jix8TsdcA/company-logo_100_100/B4DZ2r093fJQAQ-/0/1776704282698/mundovoa0_logo?e=1788393600&v=beta&t=Bgq79Doz6dt9U50DONG3DJ92z-iWc9_e4aWOY7VDpSQ;Middle > Manager;https://www.linkedin.com/company/mundo-voa/about/;-;sales OR account OR customer success manager OR client success OR developer relations OR technical writer;mundo voa;1;;https://www.linkedin.com/jobs/view/4453362985/;https://www.linkedin.com/jobs/view/4453362985/;On-site;Mid, Liderança/Gerência;12/08/2026;;Rio Grande do Sul;RS;Região Sul;Brasil;América do Sul
644;My Corp;CONSULTOR DE FIDELIZAÇÃO DE CLIENTES;Foz do Iguaçu, PR;12/08 00:00;https://www.linkedin.com/jobs/view/4452328352/;https://media.licdn.com/dms/image/v2/C4E0BAQHQYbOHbVIJfw/company-logo_100_100/company-logo_100_100/0/1631344012544?e=1788393600&v=beta&t=3YLpNrxFyma7SQSMPMt8Z96UD66YtymJmvIxLr9vEbQ;Advanced > Specialist;https://www.linkedin.com/company/my-corp/about/;-;sales OR account OR customer success manager OR client success OR developer relations OR technical writer;my corp;1;;https://www.linkedin.com/jobs/view/4452328352/;https://www.linkedin.com/jobs/view/4452328352/;On-site;Consultor;12/08/2026;Foz do Iguaçu;Paraná;PR;Região Sul;Brasil;América do Sul
645;My Corp;Gerente de Vendas MICE – São Paulo;Grande São Paulo (SP) ;12/08 00:00;https://www.linkedin.com/jobs/view/4452304854/;https://media.licdn.com/dms/image/v2/C4E0BAQHQYbOHbVIJfw/company-logo_100_100/company-logo_100_100/0/1631344012544?e=1788393600&v=beta&t=3YLpNrxFyma7SQSMPMt8Z96UD66YtymJmvIxLr9vEbQ;Middle > Manager;https://www.linkedin.com/company/my-corp/about/;Vendas e Suporte;sales OR account OR customer success manager OR client success OR developer relations OR technical writer;my corp;1;;https://www.linkedin.com/jobs/view/4452304854/;https://www.linkedin.com/jobs/view/4452304854/;On-site;Mid, Liderança/Gerência, Vendas / Comercial;12/08/2026;;São Paulo;SP;Região Sudeste;Brasil;América do Sul
646;My Corp;Gerente de Vendas Tour Operator;Grande São Paulo (SP) ;12/08 00:00;https://www.linkedin.com/jobs/view/4452315458/;https://media.licdn.com/dms/image/v2/C4E0BAQHQYbOHbVIJfw/company-logo_100_100/company-logo_100_100/0/1631344012544?e=1788393600&v=beta&t=3YLpNrxFyma7SQSMPMt8Z96UD66YtymJmvIxLr9vEbQ;Middle > Manager;https://www.linkedin.com/company/my-corp/about/;Vendas e Suporte;sales OR account OR customer success manager OR client success OR developer relations OR technical writer;my corp;1;;https://www.linkedin.com/jobs/view/4452315458/;https://www.linkedin.com/jobs/view/4452315458/;On-site;Mid, Liderança/Gerência, Vendas / Comercial;12/08/2026;;São Paulo;SP;Região Sudeste;Brasil;América do Sul
647;N26 Soluções em RH;Coordenador Comercial - Segmento Outdoor (Camping e Lazer);Criciúma, SC;12/08 17:00;https://www.linkedin.com/jobs/view/4450185212/;https://media.licdn.com/dms/image/v2/D560BAQEv3FU_bUm4Qg/company-logo_100_100/B56Z_e_UCsGQAI-/0/1786152567215/n26_solues_em_rh_logo?e=1788393600&v=beta&t=ruYhXFaYS8QeYNlMuFyBY5qqbnZZdASsoDrSFqrnSiw;Middle > Manager;https://www.linkedin.com/company/n26-solu-es-em-rh/about/;Recursos Humanos;sales OR account OR customer success manager OR client success OR developer relations OR technical writer;n26 soluções em rh;1;;https://www.linkedin.com/jobs/view/4450185212/;https://www.linkedin.com/jobs/view/4450185212/;On-site;Mid, Liderança/Gerência, Vendas / Comercial;12/08/2026;Criciúma;Santa Catarina;SC;Região Sul;Brasil;América do Sul
648;NTI Brasil;Assistente de Vendas - Inside Sales;Belém, PA;12/08 10:00;https://www.linkedin.com/jobs/view/4453112572/;https://media.licdn.com/dms/image/v2/D4D0BAQE-sskn5bIkig/company-logo_100_100/B4DZ_NApOiGwAI-/0/1785850926500/nti_brasil_logo?e=1788393600&v=beta&t=PK4RxYdr7npS7imi9TbkQPdX3UKFSqowhB-HhxOTd88;-;https://www.linkedin.com/company/nti-brasil/about/;Software e Serviços de TI;sales OR account OR customer success manager OR client success OR developer relations OR technical writer;nti brasil;1;;https://www.linkedin.com/jobs/view/4453112572/;https://www.linkedin.com/jobs/view/4453112572/;On-site;Associate, Vendas / Comercial;12/08/2026;Belém;Pará;PA;Região Norte;Brasil;América do Sul
649;NTI Brasil;Assistente de vendas internas;Recife, PE;12/08 10:00;https://www.linkedin.com/jobs/view/4453105620/;https://media.licdn.com/dms/image/v2/D4D0BAQE-sskn5bIkig/company-logo_100_100/B4DZ_NApOiGwAI-/0/1785850926500/nti_brasil_logo?e=1788393600&v=beta&t=PK4RxYdr7npS7imi9TbkQPdX3UKFSqowhB-HhxOTd88;-;https://www.linkedin.com/company/nti-brasil/about/;Software e Serviços de TI;sales OR account OR customer success manager OR client success OR developer relations OR technical writer;nti brasil;1;;https://www.linkedin.com/jobs/view/4453105620/;https://www.linkedin.com/jobs/view/4453105620/;On-site;Intern, Associate, Vendas / Comercial;12/08/2026;Recife;Pernambuco;PE;Região Nordeste;Brasil;América do Sul
650;Nacional GO;Analista Comercial (Experiência na Área);Florianópolis, SC;12/08 15:00;https://www.linkedin.com/jobs/view/4450178059/;https://media.licdn.com/dms/image/v2/D4D0BAQHpHttn5b4T_g/company-logo_100_100/company-logo_100_100/0/1713967403225/nacional_go_logo?e=1788393600&v=beta&t=wedEinymfqIONwxDzYLXJKZJTnNAMDEfUQA71kjFzQM;Advanced > Specialist;https://www.linkedin.com/company/nacional-go/about/;Vendas e Suporte;sales OR account OR customer success manager OR client success OR developer relations OR technical writer;nacional go;1;;https://www.linkedin.com/jobs/view/4450178059/;https://www.linkedin.com/jobs/view/4450178059/;On-site;Associate, Vendas / Comercial;12/08/2026;;Santa Catarina;SC;Região Sul;Brasil;América do Sul
651;Nacional Soluções em Seguros;Consultor de Renovação e Sucesso do cliente;Belo Horizonte, MG;12/08 20:00;https://www.linkedin.com/jobs/view/4450193765/;missing logo;Advanced > Specialist;https://www.linkedin.com/company/nacional-solu-es-em-seguros/about/;Seguros e Previdência;sales OR account OR customer success manager OR client success OR developer relations OR technical writer;nacional soluções em seguros;1;;https://www.linkedin.com/jobs/view/4450193765/;https://www.linkedin.com/jobs/view/4450193765/;On-site;Consultor;12/08/2026;;Minas Gerais;MG;Região Sudeste;Brasil;América do Sul
652;Neogen Corporation;Strategic Account Executive;Indaiatuba, SP;12/08 17:00;https://www.linkedin.com/jobs/view/4452750485/;https://media.licdn.com/dms/image/v2/D560BAQGkgyBrXtp-xw/company-logo_100_100/company-logo_100_100/0/1691517381431/neogen_corporation_logo?e=1788393600&v=beta&t=bOGNERDnKQIPtBVu3JOKXqPpKVylEcC4STQzb--WMe0;Specific > Sales > Account;https://www.linkedin.com/company/neogen-corporation/about/;Software e Serviços de TI;sales OR account OR customer success manager OR client success OR developer relations OR technical writer;neogen corporation;1;;https://www.linkedin.com/jobs/view/4452750485/;https://www.linkedin.com/jobs/view/4452750485/;Not informed;Vendas / Comercial, Executivo de Contas;12/08/2026;Indaiatuba;São Paulo;SP;Região Sudeste;Brasil;América do Sul
653;Nestlé;Execução de Vendas SR | VN06 | Rio de Janeiro - RJ;Grande Rio de Janeiro (RJ);12/08 20:00;https://www.linkedin.com/jobs/view/4453606068/;https://media.licdn.com/dms/image/v2/C4E0BAQGaL-YyJ8xd7Q/company-logo_100_100/company-logo_100_100/0/1630615758178/nestle_s_a__logo?e=1788393600&v=beta&t=Sogf6oh8hujsT4vpw3Vx9o4rXGdwREOKk28nlOU0kGM;-;https://www.linkedin.com/company/nestl/about/;Alimentos e Bebidas;sales OR account OR customer success manager OR client success OR developer relations OR technical writer;nestlé;1;;https://www.linkedin.com/jobs/view/4453606068/;https://www.linkedin.com/jobs/view/4453606068/;Not informed;Senior, Vendas / Comercial;12/08/2026;;Rio de Janeiro;RJ;Região Sudeste;Brasil;América do Sul
654;Nexor Investimentos;SDR;São José dos Campos, SP;12/08 11:00;https://www.linkedin.com/jobs/view/4449855116/;https://media.licdn.com/dms/image/v2/D560BAQFgXFK-DYPnCg/company-logo_100_100/B56Z.VCZT.HUAI-/0/1784911861275/liqualog_logo?e=1788393600&v=beta&t=Sh0CAGSj4yQV2MrmSx1xwnT_tKcxEdqbl40t64E_viU;-;https://www.linkedin.com/company/nexor-investimentos/about/;Serviços Financeiros;sales OR account OR customer success manager OR client success OR developer relations OR technical writer;nexor investimentos;1;;https://www.linkedin.com/jobs/view/4449855116/;https://www.linkedin.com/jobs/view/4449855116/;On-site;Vendas / Comercial;12/08/2026;São José dos Campos;São Paulo;SP;Região Sudeste;Brasil;América do Sul
655;Nutricon;Vendedor interno;Araçoiaba da Serra, SP;12/08 10:00;https://www.linkedin.com/jobs/view/4449869975/;https://media.licdn.com/dms/image/v2/D4D0BAQGv0ByrPW8BVA/company-logo_100_100/B4DZfBSmBpH4AQ-/0/1751294566888/nutriconpet_logo?e=1788393600&v=beta&t=Szu_4SrVgP73LIoaVGCj2BC2QPL_1ZH1kD_6Xtwwy_A;-;https://www.linkedin.com/company/nutricon/about/;-;sales OR account OR customer success manager OR client success OR developer relations OR technical writer;nutricon;1;;https://www.linkedin.com/jobs/view/4449869975/;https://www.linkedin.com/jobs/view/4449869975/;On-site;Intern, Vendas / Comercial;12/08/2026;Araçoiaba da Serra;São Paulo;SP;Região Sudeste;Brasil;América do Sul
656;Nutrien Soluções Agrícolas;Representante Técnico de Vendas (Bom Repouso/MG);Pouso Alegre, MG;12/08 20:00;https://www.linkedin.com/jobs/view/4453390387/;https://media.licdn.com/dms/image/v2/D4D0BAQHR_zRjmi2CzQ/company-logo_100_100/company-logo_100_100/0/1722623828664/nutrienbr_logo?e=1788393600&v=beta&t=Z1XblCIZmmVaaigUCXsxE6wwYdViv3dzM97IMTNZu24;-;https://www.linkedin.com/company/nutrien-solu-es-agr-colas/about/;Vendas e Suporte;sales OR account OR customer success manager OR client success OR developer relations OR technical writer;nutrien soluções agrícolas;1;;https://www.linkedin.com/jobs/view/4453390387/;https://www.linkedin.com/jobs/view/4453390387/;Not informed;Vendas / Comercial;12/08/2026;Pouso Alegre;Minas Gerais;MG;Região Sudeste;Brasil;América do Sul
657;Nuvemshop;Account Executive Point of Sale;São Paulo, SP;12/08 10:00;https://www.linkedin.com/jobs/view/4425915064/;https://media.licdn.com/dms/image/v2/D4D0BAQGMQzcM00zSJQ/company-logo_100_100/B4DZuT2JkcKoAU-/0/1767712005289/nuvemshop_logo?e=1788393600&v=beta&t=mzJtNblOfySuVHmQrDOnMmuw5SsDVgqXKjRpgG5MNzg;Specific > Sales > Account;https://www.linkedin.com/company/nuvemshop/about/;Software e Serviços de TI;sales OR account OR customer success manager OR client success OR developer relations OR technical writer;nuvemshop;1;;https://www.linkedin.com/jobs/view/4425915064/;https://www.linkedin.com/jobs/view/4425915064/;Hybrid;Vendas / Comercial, Executivo de Contas;12/08/2026;São Paulo;São Paulo;SP;Região Sudeste;Brasil;América do Sul
658;Núclea;Especialista de Negócios | Parcerias com ERPs e Duplicata Escritural;São Paulo, SP;12/08 16:00;https://www.linkedin.com/jobs/view/4450162906/;https://media.licdn.com/dms/image/v2/D4D0BAQGHxXrxenyCJQ/company-logo_100_100/company-logo_100_100/0/1714996638663/nucleabr_logo?e=1788393600&v=beta&t=jUi22DL4uUvZAqo8yV4XNgExWl3Tm0Kvyq2JI-HzdAk;Advanced > Specialist;https://www.linkedin.com/company/n-clea/about/;Software e Serviços de TI;sales OR account OR customer success manager OR client success OR developer relations OR technical writer;núclea;1;;https://www.linkedin.com/jobs/view/4450162906/;https://www.linkedin.com/jobs/view/4450162906/;Hybrid;Specialist;12/08/2026;São Paulo;São Paulo;SP;Região Sudeste;Brasil;América do Sul
659;OYH Brasil;Vendas internas - Inside Sales;Curitiba, PR;12/08 11:00;https://www.linkedin.com/jobs/view/4450148725/;https://media.licdn.com/dms/image/v2/D4D0BAQEPW3dq6S_K6A/company-logo_100_100/B4DZ7QYtMrI4AI-/0/1781612598382/oyh_brasil_logo?e=1788393600&v=beta&t=-LG8ssBBxHobRiYw9qVm6x1qyrlpozGu2VdYTPj0t1s;-;https://www.linkedin.com/company/oyh-brasil/about/;Vendas e Suporte;sales OR account OR customer success manager OR client success OR developer relations OR technical writer;oyh brasil;1;;https://www.linkedin.com/jobs/view/4450148725/;https://www.linkedin.com/jobs/view/4450148725/;On-site;Intern, Vendas / Comercial;12/08/2026;;Paraná;PR;Região Sul;Brasil;América do Sul
660;Odontoart Planos Odontológicos;Consultor de Vendas Externo;Fortaleza, CE;12/08 00:00;https://www.linkedin.com/jobs/view/4452326706/;https://media.licdn.com/dms/image/v2/D4D0BAQGK8pq9teVtsw/company-logo_100_100/company-logo_100_100/0/1698842393303/odontoart_planos_odontolgicos_logo?e=1788393600&v=beta&t=IYZylnCHSNIbWQvZ5w2ZEVUqzHe7FQ-c7K5mTbIXbKM;Advanced > Specialist;https://www.linkedin.com/company/odontoart-planos-odontol-gicos/about/;Vendas e Suporte;sales OR account OR customer success manager OR client success OR developer relations OR technical writer;odontoart planos odontológicos;1;;https://www.linkedin.com/jobs/view/4452326706/;https://www.linkedin.com/jobs/view/4452326706/;On-site;Consultor, Vendas / Comercial;12/08/2026;Fortaleza;Ceará;CE;Região Nordeste;Brasil;América do Sul
661;Oghma Capital;Especialista em parcerias;Americana, SP;12/08 10:00;https://www.linkedin.com/jobs/view/4450146587/;https://media.licdn.com/dms/image/v2/D4D0BAQHQ67cTlvTx6Q/company-logo_100_100/B4DZ8FXoGSK8AI-/0/1782501507730/oghma_capital_logo?e=1788393600&v=beta&t=8AUjZU607m2KDgvsSzTaC6R0tU2nXyinEy1L96tXkKM;Advanced > Specialist;https://www.linkedin.com/company/oghma-capital/about/;Software e Serviços de TI;sales OR account OR customer success manager OR client success OR developer relations OR technical writer;oghma capital;1;;https://www.linkedin.com/jobs/view/4450146587/;https://www.linkedin.com/jobs/view/4450146587/;On-site;Specialist;12/08/2026;Americana;São Paulo;SP;Região Sudeste;Brasil;América do Sul
662;One Innovation Vendas;Executivo de vendas;SP;12/08 15:00;https://www.linkedin.com/jobs/view/4449892240/;https://media.licdn.com/dms/image/v2/D4D0BAQF82e5ADB3qQQ/company-logo_100_100/B4DZ89Xqh6GwAI-/0/1783441041929?e=1788393600&v=beta&t=HVIpJ223OuCGz9QV4680LI_pknyMCW9A-hyqfo_2GmU;-;https://www.linkedin.com/company/one-innovation-vendas/about/;Software e Serviços de TI;sales OR account OR customer success manager OR client success OR developer relations OR technical writer;one innovation vendas;1;;https://www.linkedin.com/jobs/view/4449892240/;https://www.linkedin.com/jobs/view/4449892240/;On-site;Vendas / Comercial;12/08/2026;;São Paulo;SP;Região Sudeste;Brasil;América do Sul
663;Onfly;Coordenador Comercial;Grande Belo Horizonte (MG);12/08 05:00;https://www.linkedin.com/jobs/view/4453086112/;https://media.licdn.com/dms/image/v2/C4D0BAQFHAF7AZsRvrw/company-logo_100_100/company-logo_100_100/0/1669900066411/onfly_logo?e=1788393600&v=beta&t=wW4O5yLqgpXAnWVM0YF4IsoTjYC9Pg0dPsAT7Q66Zq4;Middle > Manager;https://www.linkedin.com/company/onfly/about/;Vendas e Suporte;sales OR account OR customer success manager OR client success OR developer relations OR technical writer;onfly;1;;https://www.linkedin.com/jobs/view/4453086112/;https://www.linkedin.com/jobs/view/4453086112/;Not informed;Mid, Liderança/Gerência, Vendas / Comercial;12/08/2026;;Minas Gerais;MG;Região Sudeste;Brasil;América do Sul
664;Onfly;Team Leader;Grande Belo Horizonte (MG);12/08 05:00;https://www.linkedin.com/jobs/view/4453074189/;https://media.licdn.com/dms/image/v2/C4D0BAQFHAF7AZsRvrw/company-logo_100_100/company-logo_100_100/0/1669900066411/onfly_logo?e=1788393600&v=beta&t=wW4O5yLqgpXAnWVM0YF4IsoTjYC9Pg0dPsAT7Q66Zq4;Leadership > Middle Management > Leader > Team Leader;https://www.linkedin.com/company/onfly/about/;-;sales OR account OR customer success manager OR client success OR developer relations OR technical writer;onfly;1;;https://www.linkedin.com/jobs/view/4453074189/;https://www.linkedin.com/jobs/view/4453074189/;Not informed;Mid, Liderança/Gerência;12/08/2026;;Minas Gerais;MG;Região Sudeste;Brasil;América do Sul
665;Onfly;BDR Outbound (Onhappy) | Hibrido - SP;São Paulo, SP;12/08 20:00;https://www.linkedin.com/jobs/view/4450182733/;https://media.licdn.com/dms/image/v2/C4D0BAQFHAF7AZsRvrw/company-logo_100_100/company-logo_100_100/0/1669900066411/onfly_logo?e=1788393600&v=beta&t=wW4O5yLqgpXAnWVM0YF4IsoTjYC9Pg0dPsAT7Q66Zq4;-;https://www.linkedin.com/company/onfly/about/;-;sales OR account OR customer success manager OR client success OR developer relations OR technical writer;onfly;1;;https://www.linkedin.com/jobs/view/4450182733/;https://www.linkedin.com/jobs/view/4450182733/;Hybrid;Vendas / Comercial;12/08/2026;São Paulo;São Paulo;SP;Região Sudeste;Brasil;América do Sul
666;Onzze;Analista comercial;Grande Belo Horizonte (MG);12/08 11:00;https://www.linkedin.com/jobs/view/4452704390/;https://media.licdn.com/dms/image/v2/C4D0BAQGHBWzZPQ5KdA/company-logo_100_100/company-logo_100_100/0/1636417779827/onzze_rh_logo?e=1788393600&v=beta&t=5g8zYDc_gVWBEpqxY6fJ9LgRNoMyxp9cyfSNaqW4etg;Advanced > Specialist;https://www.linkedin.com/company/onzze/about/;Vendas e Suporte;sales OR account OR customer success manager OR client success OR developer relations OR technical writer;onzze;1;;https://www.linkedin.com/jobs/view/4452704390/;https://www.linkedin.com/jobs/view/4452704390/;On-site;Associate, Vendas / Comercial;12/08/2026;;Minas Gerais;MG;Região Sudeste;Brasil;América do Sul
667;Orange Business;Business Sales Specialist Integration Services & Equipment Resell;São Paulo, SP;12/08 09:00;https://www.linkedin.com/jobs/view/4442243196/;https://media.licdn.com/dms/image/v2/C4E0BAQHkuI2zyi1F8Q/company-logo_100_100/company-logo_100_100/0/1676538388568/orange_business_services_logo?e=1788393600&v=beta&t=_EqZiQfyGTVOnfY5Yq3uihd5uyFGTvHU8VfIkoW3luE;Advanced > Specialist;https://www.linkedin.com/company/orange-business/about/;Software e Serviços de TI;sales OR account OR customer success manager OR client success OR developer relations OR technical writer;orange business;1;;https://www.linkedin.com/jobs/view/4442243196/;https://www.linkedin.com/jobs/view/4442243196/;Hybrid;Specialist, Vendas / Comercial;12/08/2026;São Paulo;São Paulo;SP;Região Sudeste;Brasil;América do Sul
668;Ott;Business Development Manager - LATAM;São Paulo, SP;12/08 13:00;https://www.linkedin.com/jobs/view/4435176508/;https://media.licdn.com/dms/image/v2/D4E0BAQGYHlWrafJCSg/company-logo_100_100/B4EZ3Ta3OiHMAQ-/0/1777368528519?e=1788393600&v=beta&t=PxwT_GvWg814HLKQJOCALGnEMwfM5SLXeu9IHBWumK0;Middle > Manager;https://www.linkedin.com/company/ott/about/;-;sales OR account OR customer success manager OR client success OR developer relations OR technical writer;ott;1;;https://www.linkedin.com/jobs/view/4435176508/;https://www.linkedin.com/jobs/view/4435176508/;Remote;Liderança/Gerência, Vendas / Comercial;12/08/2026;São Paulo;São Paulo;SP;Região Sudeste;Brasil;América do Sul
669;PANATLÂNTICA TUBOS S.A.;Vendedor Área Comercial -Filial de Campo Limpo Paulista-SP;Campo Limpo Paulista, SP;12/08 20:00;https://www.linkedin.com/jobs/view/4450182857/;https://media.licdn.com/dms/image/v2/D4D0BAQHaRd1np5UL7A/company-logo_100_100/B4DZ6yhvYlKIAI-/0/1781111650259/panatlantica_tubos_s_a__logo?e=1788393600&v=beta&t=cvzqi2uVuxGk_TUftPqK5sAHLnDL66JewZ3F3EsW3Zw;-;https://www.linkedin.com/company/panatl-ntica-tubos-s-a/about/;Software e Serviços de TI;sales OR account OR customer success manager OR client success OR developer relations OR technical writer;panatlântica tubos s.a.;1;;https://www.linkedin.com/jobs/view/4450182857/;https://www.linkedin.com/jobs/view/4450182857/;On-site;Vendas / Comercial;12/08/2026;Campo Limpo Paulista;São Paulo;SP;Região Sudeste;Brasil;América do Sul
670;PBE Axell;Latin America Business Development and Sales Manager;SP;12/08 11:00;https://www.linkedin.com/jobs/view/4453134161/;https://media.licdn.com/dms/image/v2/D4E0BAQFkhHR2gD6qlQ/company-logo_100_100/company-logo_100_100/0/1728375192002/pbeaxell_logo?e=1788393600&v=beta&t=pjPy_0Mxf9vdojtjd3mwdk8dAxdVhQAMk-VoAlxvOAs;Middle > Manager;https://www.linkedin.com/company/pbe-axell/about/;Software e Serviços de TI;sales OR account OR customer success manager OR client success OR developer relations OR technical writer;pbe axell;1;;https://www.linkedin.com/jobs/view/4453134161/;https://www.linkedin.com/jobs/view/4453134161/;Remote;Liderança/Gerência, Vendas / Comercial;12/08/2026;;São Paulo;SP;Região Sudeste;Brasil;América do Sul
671;PG Recursos Humanos;Consultor de Vendas - Batel;Brasil;12/08 00:00;https://www.linkedin.com/jobs/view/4452313896/;https://media.licdn.com/dms/image/v2/C4E0BAQEdk5aW0OtSpg/company-logo_100_100/company-logo_100_100/0/1655867342478?e=1788393600&v=beta&t=8g7e-tczqbR1yBuK4IQbsNV1WTJhbxnARahEYYxVIR4;Advanced > Specialist;https://www.linkedin.com/company/pg-recursos-humanos/about/;Recursos Humanos;sales OR account OR customer success manager OR client success OR developer relations OR technical writer;pg recursos humanos;1;;https://www.linkedin.com/jobs/view/4452313896/;https://www.linkedin.com/jobs/view/4452313896/;On-site;Consultor, Vendas / Comercial;12/08/2026;;;;;Brasil;América do Sul
672;PG Recursos Humanos;Desenvolvedor;Curitiba, PR;12/08 05:00;https://www.linkedin.com/jobs/view/4453088087/;https://media.licdn.com/dms/image/v2/C4E0BAQEdk5aW0OtSpg/company-logo_100_100/company-logo_100_100/0/1655867342478?e=1788393600&v=beta&t=8g7e-tczqbR1yBuK4IQbsNV1WTJhbxnARahEYYxVIR4;-;https://www.linkedin.com/company/pg-recursos-humanos/about/;Recursos Humanos;sales OR account OR customer success manager OR client success OR developer relations OR technical writer;pg recursos humanos;1;;https://www.linkedin.com/jobs/view/4453088087/;https://www.linkedin.com/jobs/view/4453088087/;Not informed;-;12/08/2026;;Paraná;PR;Região Sul;Brasil;América do Sul
673;PG Recursos Humanos;Auxiliar Comercial;Grande Ribeirão Preto;12/08 00:00;https://www.linkedin.com/jobs/view/4452304790/;https://media.licdn.com/dms/image/v2/C4E0BAQEdk5aW0OtSpg/company-logo_100_100/company-logo_100_100/0/1655867342478?e=1788393600&v=beta&t=8g7e-tczqbR1yBuK4IQbsNV1WTJhbxnARahEYYxVIR4;-;https://www.linkedin.com/company/pg-recursos-humanos/about/;Recursos Humanos;sales OR account OR customer success manager OR client success OR developer relations OR technical writer;pg recursos humanos;1;;https://www.linkedin.com/jobs/view/4452304790/;https://www.linkedin.com/jobs/view/4452304790/;On-site;Associate, Vendas / Comercial;12/08/2026;;São Paulo;SP;Região Sudeste;Brasil;América do Sul
674;PG Recursos Humanos;Consultor de Vendas Jr;Grande São Paulo (SP) ;12/08 00:00;https://www.linkedin.com/jobs/view/4452321924/;https://media.licdn.com/dms/image/v2/C4E0BAQEdk5aW0OtSpg/company-logo_100_100/company-logo_100_100/0/1655867342478?e=1788393600&v=beta&t=8g7e-tczqbR1yBuK4IQbsNV1WTJhbxnARahEYYxVIR4;Advanced > Specialist;https://www.linkedin.com/company/pg-recursos-humanos/about/;Recursos Humanos;sales OR account OR customer success manager OR client success OR developer relations OR technical writer;pg recursos humanos;1;;https://www.linkedin.com/jobs/view/4452321924/;https://www.linkedin.com/jobs/view/4452321924/;On-site;Junior, Consultor, Vendas / Comercial;12/08/2026;;São Paulo;SP;Região Sudeste;Brasil;América do Sul
675;PS Publicidade;Assistente Comercial;São Paulo, SP;12/08 15:00;https://www.linkedin.com/jobs/view/4450176186/;https://media.licdn.com/dms/image/v2/D4D0BAQGEL4uj2pATuw/company-logo_100_100/B4DZ2_5t2bI8AQ-/0/1777041071940/pspublicidadelegal_logo?e=1788393600&v=beta&t=UDzea9W00mWVSFVc5CiDT0BQ-fhaj1IynRK7gUZOc-w;-;https://www.linkedin.com/company/ps-publicidade/about/;Marketing e Publicidade Marketing;sales OR account OR customer success manager OR client success OR developer relations OR technical writer;ps publicidade;1;;https://www.linkedin.com/jobs/view/4450176186/;https://www.linkedin.com/jobs/view/4450176186/;On-site;Associate, Vendas / Comercial;12/08/2026;São Paulo;São Paulo;SP;Região Sudeste;Brasil;América do Sul
676;PagBank;Executivo de Vendas Pl. | Amparo - SP;Amparo, SP;12/08 07:00;https://www.linkedin.com/jobs/view/4415666327/;https://media.licdn.com/dms/image/v2/D4D0BAQFNHYkM6Qxejw/company-logo_100_100/B4DZyexaT9I8AY-/0/1772190279667/pagbank_logo?e=1788393600&v=beta&t=M4jpZ2_pOfIfG94XTSrVz3EFaFUoeen5joU1a2y4EXw;-;https://www.linkedin.com/company/pagbank/about/;Serviços Financeiros;sales OR account OR customer success manager OR client success OR developer relations OR technical writer;pagbank;1;;https://www.linkedin.com/jobs/view/4415666327/;https://www.linkedin.com/jobs/view/4415666327/;On-site;Mid, Vendas / Comercial;12/08/2026;Amparo;São Paulo;SP;Região Sudeste;Brasil;América do Sul
677;PagBank;Executivo de Vendas Jr. | Brasília - DF;Brasília, DF;12/08 07:00;https://www.linkedin.com/jobs/view/4091382643/;https://media.licdn.com/dms/image/v2/D4D0BAQFNHYkM6Qxejw/company-logo_100_100/B4DZyexaT9I8AY-/0/1772190279667/pagbank_logo?e=1788393600&v=beta&t=M4jpZ2_pOfIfG94XTSrVz3EFaFUoeen5joU1a2y4EXw;-;https://www.linkedin.com/company/pagbank/about/;Serviços Financeiros;sales OR account OR customer success manager OR client success OR developer relations OR technical writer;pagbank;1;;https://www.linkedin.com/jobs/view/4091382643/;https://www.linkedin.com/jobs/view/4091382643/;On-site;Junior, Vendas / Comercial;12/08/2026;;Distrito Federal;DF;Região Centro-Oeste;Brasil;América do Sul
678;PagBank;Supervisor de Vendas | Chapecó - SC;Chapecó, SC;12/08 07:00;https://www.linkedin.com/jobs/view/4393820189/;https://media.licdn.com/dms/image/v2/D4D0BAQFNHYkM6Qxejw/company-logo_100_100/B4DZyexaT9I8AY-/0/1772190279667/pagbank_logo?e=1788393600&v=beta&t=M4jpZ2_pOfIfG94XTSrVz3EFaFUoeen5joU1a2y4EXw;Middle > Manager;https://www.linkedin.com/company/pagbank/about/;Serviços Financeiros;sales OR account OR customer success manager OR client success OR developer relations OR technical writer;pagbank;1;;https://www.linkedin.com/jobs/view/4393820189/;https://www.linkedin.com/jobs/view/4393820189/;On-site;Mid, Liderança/Gerência, Vendas / Comercial;12/08/2026;Chapecó;Santa Catarina;SC;Região Sul;Brasil;América do Sul
679;PagBank;Executivo de Vendas Pl. | Cuiabá - MT;Cuiabá, MT;12/08 07:00;https://www.linkedin.com/jobs/view/4442680834/;https://media.licdn.com/dms/image/v2/D4D0BAQFNHYkM6Qxejw/company-logo_100_100/B4DZyexaT9I8AY-/0/1772190279667/pagbank_logo?e=1788393600&v=beta&t=M4jpZ2_pOfIfG94XTSrVz3EFaFUoeen5joU1a2y4EXw;-;https://www.linkedin.com/company/pagbank/about/;Serviços Financeiros;sales OR account OR customer success manager OR client success OR developer relations OR technical writer;pagbank;1;;https://www.linkedin.com/jobs/view/4442680834/;https://www.linkedin.com/jobs/view/4442680834/;On-site;Mid, Vendas / Comercial;12/08/2026;Cuiabá;Mato Grosso;MT;Região Centro-Oeste;Brasil;América do Sul
680;PagBank;Executivo de Vendas Pl. | Francisco Beltrão - PR;Francisco Beltrão, PR;12/08 07:00;https://www.linkedin.com/jobs/view/4434387637/;https://media.licdn.com/dms/image/v2/D4D0BAQFNHYkM6Qxejw/company-logo_100_100/B4DZyexaT9I8AY-/0/1772190279667/pagbank_logo?e=1788393600&v=beta&t=M4jpZ2_pOfIfG94XTSrVz3EFaFUoeen5joU1a2y4EXw;-;https://www.linkedin.com/company/pagbank/about/;Serviços Financeiros;sales OR account OR customer success manager OR client success OR developer relations OR technical writer;pagbank;1;;https://www.linkedin.com/jobs/view/4434387637/;https://www.linkedin.com/jobs/view/4434387637/;On-site;Mid, Vendas / Comercial;12/08/2026;Francisco Beltrão;Paraná;PR;Região Sul;Brasil;América do Sul
681;PagBank;Executivo de Vendas Pl. | Goiânia - GO;Goiânia, GO;12/08 07:00;https://www.linkedin.com/jobs/view/4442678964/;https://media.licdn.com/dms/image/v2/D4D0BAQFNHYkM6Qxejw/company-logo_100_100/B4DZyexaT9I8AY-/0/1772190279667/pagbank_logo?e=1788393600&v=beta&t=M4jpZ2_pOfIfG94XTSrVz3EFaFUoeen5joU1a2y4EXw;-;https://www.linkedin.com/company/pagbank/about/;Serviços Financeiros;sales OR account OR customer success manager OR client success OR developer relations OR technical writer;pagbank;1;;https://www.linkedin.com/jobs/view/4442678964/;https://www.linkedin.com/jobs/view/4442678964/;On-site;Mid, Vendas / Comercial;12/08/2026;Goiânia;Goiás;GO;Região Centro-Oeste;Brasil;América do Sul
682;PagBank;Executivo de Vendas Pl. | Goiânia - GO;Goiânia, GO;12/08 07:00;https://www.linkedin.com/jobs/view/4374626733/;https://media.licdn.com/dms/image/v2/D4D0BAQFNHYkM6Qxejw/company-logo_100_100/B4DZyexaT9I8AY-/0/1772190279667/pagbank_logo?e=1788393600&v=beta&t=M4jpZ2_pOfIfG94XTSrVz3EFaFUoeen5joU1a2y4EXw;-;https://www.linkedin.com/company/pagbank/about/;Serviços Financeiros;sales OR account OR customer success manager OR client success OR developer relations OR technical writer;pagbank;1;;https://www.linkedin.com/jobs/view/4374626733/;https://www.linkedin.com/jobs/view/4374626733/;On-site;Mid, Vendas / Comercial;12/08/2026;Goiânia;Goiás;GO;Região Centro-Oeste;Brasil;América do Sul
683;PagBank;Executivo de Vendas Jr. | Londrina - PR;Londrina, PR;12/08 07:00;https://www.linkedin.com/jobs/view/4434389588/;https://media.licdn.com/dms/image/v2/D4D0BAQFNHYkM6Qxejw/company-logo_100_100/B4DZyexaT9I8AY-/0/1772190279667/pagbank_logo?e=1788393600&v=beta&t=M4jpZ2_pOfIfG94XTSrVz3EFaFUoeen5joU1a2y4EXw;-;https://www.linkedin.com/company/pagbank/about/;Serviços Financeiros;sales OR account OR customer success manager OR client success OR developer relations OR technical writer;pagbank;1;;https://www.linkedin.com/jobs/view/4434389588/;https://www.linkedin.com/jobs/view/4434389588/;On-site;Junior, Vendas / Comercial;12/08/2026;Londrina;Paraná;PR;Região Sul;Brasil;América do Sul
684;PagBank;Executivo de Vendas Pl. | Maracaju - MS;Maracaju, MS;12/08 07:00;https://www.linkedin.com/jobs/view/4406206124/;https://media.licdn.com/dms/image/v2/D4D0BAQFNHYkM6Qxejw/company-logo_100_100/B4DZyexaT9I8AY-/0/1772190279667/pagbank_logo?e=1788393600&v=beta&t=M4jpZ2_pOfIfG94XTSrVz3EFaFUoeen5joU1a2y4EXw;-;https://www.linkedin.com/company/pagbank/about/;Serviços Financeiros;sales OR account OR customer success manager OR client success OR developer relations OR technical writer;pagbank;1;;https://www.linkedin.com/jobs/view/4406206124/;https://www.linkedin.com/jobs/view/4406206124/;On-site;Mid, Vendas / Comercial;12/08/2026;Maracaju;Mato Grosso do Sul;MS;Região Centro-Oeste;Brasil;América do Sul
685;PagBank;Executivo de Vendas Jr. | Navegantes - RS;Navegantes, SC;12/08 07:00;https://www.linkedin.com/jobs/view/4434396446/;https://media.licdn.com/dms/image/v2/D4D0BAQFNHYkM6Qxejw/company-logo_100_100/B4DZyexaT9I8AY-/0/1772190279667/pagbank_logo?e=1788393600&v=beta&t=M4jpZ2_pOfIfG94XTSrVz3EFaFUoeen5joU1a2y4EXw;-;https://www.linkedin.com/company/pagbank/about/;Serviços Financeiros;sales OR account OR customer success manager OR client success OR developer relations OR technical writer;pagbank;1;;https://www.linkedin.com/jobs/view/4434396446/;https://www.linkedin.com/jobs/view/4434396446/;On-site;Junior, Vendas / Comercial;12/08/2026;Navegantes;Santa Catarina;SC;Região Sul;Brasil;América do Sul
686;PagBank;Executivo de Vendas Pl. | Presidente Prudente - SP;Presidente Prudente, SP;12/08 07:00;https://www.linkedin.com/jobs/view/4442685654/;https://media.licdn.com/dms/image/v2/D4D0BAQFNHYkM6Qxejw/company-logo_100_100/B4DZyexaT9I8AY-/0/1772190279667/pagbank_logo?e=1788393600&v=beta&t=M4jpZ2_pOfIfG94XTSrVz3EFaFUoeen5joU1a2y4EXw;Leadership > C-Level > Executive > CEO;https://www.linkedin.com/company/pagbank/about/;Serviços Financeiros;sales OR account OR customer success manager OR client success OR developer relations OR technical writer;pagbank;1;;https://www.linkedin.com/jobs/view/4442685654/;https://www.linkedin.com/jobs/view/4442685654/;On-site;Mid, Vendas / Comercial;12/08/2026;Presidente Prudente;São Paulo;SP;Região Sudeste;Brasil;América do Sul
687;PagBank;Supervisor de Vendas | Sinop - MT;Sinop, MT;11/08 23:00;https://www.linkedin.com/jobs/view/4452317216/;https://media.licdn.com/dms/image/v2/D4D0BAQFNHYkM6Qxejw/company-logo_100_100/B4DZyexaT9I8AY-/0/1772190279667/pagbank_logo?e=1788393600&v=beta&t=M4jpZ2_pOfIfG94XTSrVz3EFaFUoeen5joU1a2y4EXw;Middle > Manager;https://www.linkedin.com/company/pagbank/about/;Serviços Financeiros;sales OR account OR customer success manager OR client success OR developer relations OR technical writer;pagbank;1;;https://www.linkedin.com/jobs/view/4452317216/;https://www.linkedin.com/jobs/view/4452317216/;On-site;Mid, Liderança/Gerência, Vendas / Comercial;12/08/2026;Sinop;Mato Grosso;MT;Região Centro-Oeste;Brasil;América do Sul
688;PagBank;Executivo de Vendas Pl. | Tatuí - SP;Tatuí, SP;12/08 07:00;https://www.linkedin.com/jobs/view/4434196508/;https://media.licdn.com/dms/image/v2/D4D0BAQFNHYkM6Qxejw/company-logo_100_100/B4DZyexaT9I8AY-/0/1772190279667/pagbank_logo?e=1788393600&v=beta&t=M4jpZ2_pOfIfG94XTSrVz3EFaFUoeen5joU1a2y4EXw;-;https://www.linkedin.com/company/pagbank/about/;Serviços Financeiros;sales OR account OR customer success manager OR client success OR developer relations OR technical writer;pagbank;1;;https://www.linkedin.com/jobs/view/4434196508/;https://www.linkedin.com/jobs/view/4434196508/;On-site;Mid, Vendas / Comercial;12/08/2026;Tatuí;São Paulo;SP;Região Sudeste;Brasil;América do Sul
689;Palo Alto Networks;Transformation Success Engineer;São Paulo, SP;12/08 13:00;https://www.linkedin.com/jobs/view/4441011295/;https://media.licdn.com/dms/image/v2/C560BAQFZg72Sfni4SA/company-logo_100_100/company-logo_100_100/0/1657225156841/palo_alto_networks_logo?e=1788393600&v=beta&t=aN-B19WPaWH-Kl6JxgbPo-g9jBFAekTFsNDPerh8xIM;Advanced > Information Technology;https://www.linkedin.com/company/palo-alto-networks/about/;Software e Serviços de TI;sales OR account OR customer success manager OR client success OR developer relations OR technical writer;palo alto networks;1;;https://www.linkedin.com/jobs/view/4441011295/;https://www.linkedin.com/jobs/view/4441011295/;Remote;Engenharia Geral;12/08/2026;São Paulo;São Paulo;SP;Região Sudeste;Brasil;América do Sul
690;Partner LLC;AUXILIAR DE VENDAS;Brasil;12/08 00:00;https://www.linkedin.com/jobs/view/4452337059/;missing logo;-;https://www.linkedin.com/company/partner-llc/about/;Vendas e Suporte;sales OR account OR customer success manager OR client success OR developer relations OR technical writer;partner llc;1;;https://www.linkedin.com/jobs/view/4452337059/;https://www.linkedin.com/jobs/view/4452337059/;On-site;Associate, Vendas / Comercial;12/08/2026;;;;;Brasil;América do Sul
691;PayJoy;Key Account Manager;Curitiba, PR;12/08 18:00;https://www.linkedin.com/jobs/view/4453384030/;https://media.licdn.com/dms/image/v2/C560BAQGXW5QY4gLf7Q/company-logo_100_100/company-logo_100_100/0/1652383497862/payjoy_logo?e=1788393600&v=beta&t=uVGbWsedJ-Mdiezojs7iwjUDki1m1AgqZHOIEcTF9RE;Specific > Sales > Account;https://www.linkedin.com/company/payjoy/about/;-;sales OR account OR customer success manager OR client success OR developer relations OR technical writer;payjoy;1;;https://www.linkedin.com/jobs/view/4453384030/;https://www.linkedin.com/jobs/view/4453384030/;Hybrid;Liderança/Gerência, Executivo de Contas;12/08/2026;;Paraná;PR;Região Sul;Brasil;América do Sul
692;PayJoy;Key Account Manager;Florianópolis, SC;12/08 18:00;https://www.linkedin.com/jobs/view/4453365910/;https://media.licdn.com/dms/image/v2/C560BAQGXW5QY4gLf7Q/company-logo_100_100/company-logo_100_100/0/1652383497862/payjoy_logo?e=1788393600&v=beta&t=uVGbWsedJ-Mdiezojs7iwjUDki1m1AgqZHOIEcTF9RE;Specific > Sales > Account;https://www.linkedin.com/company/payjoy/about/;-;sales OR account OR customer success manager OR client success OR developer relations OR technical writer;payjoy;1;;https://www.linkedin.com/jobs/view/4453365910/;https://www.linkedin.com/jobs/view/4453365910/;Hybrid;Liderança/Gerência, Executivo de Contas;12/08/2026;;Santa Catarina;SC;Região Sul;Brasil;América do Sul
693;PayJoy;Key Account Manager;Porto Alegre, RS;12/08 18:00;https://www.linkedin.com/jobs/view/4453370330/;https://media.licdn.com/dms/image/v2/C560BAQGXW5QY4gLf7Q/company-logo_100_100/company-logo_100_100/0/1652383497862/payjoy_logo?e=1788393600&v=beta&t=uVGbWsedJ-Mdiezojs7iwjUDki1m1AgqZHOIEcTF9RE;Specific > Sales > Account;https://www.linkedin.com/company/payjoy/about/;-;sales OR account OR customer success manager OR client success OR developer relations OR technical writer;payjoy;1;;https://www.linkedin.com/jobs/view/4453370330/;https://www.linkedin.com/jobs/view/4453370330/;Hybrid;Liderança/Gerência, Executivo de Contas;12/08/2026;Porto Alegre;Rio Grande do Sul;RS;Região Sul;Brasil;América do Sul
694;People Human Resources;Executivo(a) de Vendas – Compostos e Resinas Tingidas (Masterbatches);Porto Alegre, RS;12/08 16:00;https://www.linkedin.com/jobs/view/4450185026/;https://media.licdn.com/dms/image/v2/D560BAQEEfK8a469Qxw/company-logo_100_100/company-logo_100_100/0/1695324032698/people_human_resources_logo?e=1788393600&v=beta&t=TlPY4ImcxPEw1nlKSV33QPNurIoLSsHoj7AbB-qcblk;-;https://www.linkedin.com/company/people-human-resources/about/;Software e Serviços de TI;sales OR account OR customer success manager OR client success OR developer relations OR technical writer;people human resources;1;;https://www.linkedin.com/jobs/view/4450185026/;https://www.linkedin.com/jobs/view/4450185026/;Hybrid;Vendas / Comercial;12/08/2026;Porto Alegre;Rio Grande do Sul;RS;Região Sul;Brasil;América do Sul
695;PepsiCo;Gerente Nacional de Estratégia e Desenvolvimento;São Paulo, SP;12/08 10:00;https://www.linkedin.com/jobs/view/4443737768/;https://media.licdn.com/dms/image/v2/D4E0BAQH6OpZgQIX1lQ/company-logo_100_100/B4EZoqk4DAKYAQ-/0/1761650901484/pepsico_logo?e=1788393600&v=beta&t=h5uqCtSnc50u9GjRcR62Jpbi0GnE4AQVOJUmO9T59bc;Middle > Manager;https://www.linkedin.com/company/pepsico/about/;Software e Serviços de TI;sales OR account OR customer success manager OR client success OR developer relations OR technical writer;pepsico;1;;https://www.linkedin.com/jobs/view/4443737768/;https://www.linkedin.com/jobs/view/4443737768/;On-site;Mid, Liderança/Gerência;12/08/2026;São Paulo;São Paulo;SP;Região Sudeste;Brasil;América do Sul
696;PepsiCo;Gerente de Contas Nacionais - Recreation & Travel;São Paulo, SP;12/08 10:00;https://www.linkedin.com/jobs/view/4441000986/;https://media.licdn.com/dms/image/v2/D4E0BAQH6OpZgQIX1lQ/company-logo_100_100/B4EZoqk4DAKYAQ-/0/1761650901484/pepsico_logo?e=1788393600&v=beta&t=h5uqCtSnc50u9GjRcR62Jpbi0GnE4AQVOJUmO9T59bc;Middle > Manager;https://www.linkedin.com/company/pepsico/about/;Software e Serviços de TI;sales OR account OR customer success manager OR client success OR developer relations OR technical writer;pepsico;1;;https://www.linkedin.com/jobs/view/4441000986/;https://www.linkedin.com/jobs/view/4441000986/;On-site;Mid, Liderança/Gerência;12/08/2026;São Paulo;São Paulo;SP;Região Sudeste;Brasil;América do Sul
697;Pertencer Desenvolvimento Humano e Organizacional;Analista Comercial Indústria;Caxias do Sul, RS;12/08 00:00;https://www.linkedin.com/jobs/view/4452326671/;https://media.licdn.com/dms/image/v2/C4D0BAQF8vA7yRBRy7g/company-logo_100_100/company-logo_100_100/0/1630454978615/pertencer_solu_es_em_gest_o_com_pessoas_logo?e=1788393600&v=beta&t=HQe-YygHiuAzO1097g6R9a6ZsI0qBK-gjUJy3KYA14M;Advanced > Specialist;https://www.linkedin.com/company/pertencer-desenvolvimento-humano-e-organizacional/about/;Manufatura e Produção;sales OR account OR customer success manager OR client success OR developer relations OR technical writer;pertencer desenvolvimento humano e organizacional;1;;https://www.linkedin.com/jobs/view/4452326671/;https://www.linkedin.com/jobs/view/4452326671/;On-site;Associate, Vendas / Comercial;12/08/2026;Caxias do Sul;Rio Grande do Sul;RS;Região Sul;Brasil;América do Sul
698;Pertencer Desenvolvimento Humano e Organizacional;Vendedor Técnico hidráulica e pneumática;Caxias do Sul, RS;12/08 00:00;https://www.linkedin.com/jobs/view/4452301553/;https://media.licdn.com/dms/image/v2/C4D0BAQF8vA7yRBRy7g/company-logo_100_100/company-logo_100_100/0/1630454978615/pertencer_solu_es_em_gest_o_com_pessoas_logo?e=1788393600&v=beta&t=HQe-YygHiuAzO1097g6R9a6ZsI0qBK-gjUJy3KYA14M;-;https://www.linkedin.com/company/pertencer-desenvolvimento-humano-e-organizacional/about/;Software e Serviços de TI;sales OR account OR customer success manager OR client success OR developer relations OR technical writer;pertencer desenvolvimento humano e organizacional;1;;https://www.linkedin.com/jobs/view/4452301553/;https://www.linkedin.com/jobs/view/4452301553/;On-site;Vendas / Comercial;12/08/2026;Caxias do Sul;Rio Grande do Sul;RS;Região Sul;Brasil;América do Sul
699;Petlove;Vendedor Interno (Inside Sales);Grande Porto Alegre (RS);12/08 00:00;https://www.linkedin.com/jobs/view/4452331232/;https://media.licdn.com/dms/image/v2/C4D0BAQE-wzElwpXqaQ/company-logo_100_100/company-logo_100_100/0/1654087809455/petlovebr_logo?e=1788393600&v=beta&t=tei76LjqGcgb2QJdhgG8wQPBfKJw6f46SOM5XHoMZRQ;-;https://www.linkedin.com/company/petlove/about/;Cuidado Animal;sales OR account OR customer success manager OR client success OR developer relations OR technical writer;petlove;1;;https://www.linkedin.com/jobs/view/4452331232/;https://www.linkedin.com/jobs/view/4452331232/;On-site;Intern, Vendas / Comercial;12/08/2026;;Rio Grande do Sul;RS;Região Sul;Brasil;América do Sul
700;Philip Morris International;ANALISTA DE TRADE EXECUCAO;Campinas, SP;11/08 23:00;https://www.linkedin.com/jobs/view/4453032509/;https://media.licdn.com/dms/image/v2/C4D0BAQFmmr_toGxPSA/company-logo_100_100/company-logo_100_100/0/1630484521644/insidepmi_logo?e=1788393600&v=beta&t=g8uM_SSZgNIhOtqD1hPls7yNcR19RjMs1H6mKW4OArM;Advanced > Specialist;https://www.linkedin.com/company/philip-morris-international/about/;Software e Serviços de TI;sales OR account OR customer success manager OR client success OR developer relations OR technical writer;philip morris international;1;;https://www.linkedin.com/jobs/view/4453032509/;https://www.linkedin.com/jobs/view/4453032509/;Not informed;Associate;12/08/2026;;São Paulo;SP;Região Sudeste;Brasil;América do Sul
701;Philip Morris International;EXECUTIVO DE CANAL;Campinas, SP;11/08 23:00;https://www.linkedin.com/jobs/view/4453029519/;https://media.licdn.com/dms/image/v2/C4D0BAQFmmr_toGxPSA/company-logo_100_100/company-logo_100_100/0/1630484521644/insidepmi_logo?e=1788393600&v=beta&t=g8uM_SSZgNIhOtqD1hPls7yNcR19RjMs1H6mKW4OArM;-;https://www.linkedin.com/company/philip-morris-international/about/;Software e Serviços de TI;sales OR account OR customer success manager OR client success OR developer relations OR technical writer;philip morris international;1;;https://www.linkedin.com/jobs/view/4453029519/;https://www.linkedin.com/jobs/view/4453029519/;Not informed;-;12/08/2026;;São Paulo;SP;Região Sudeste;Brasil;América do Sul
702;Philip Morris International;ANALISTA DE TRADE EXECUCAO;Grande Campinas (SP);11/08 23:00;https://www.linkedin.com/jobs/view/4453030504/;https://media.licdn.com/dms/image/v2/C4D0BAQFmmr_toGxPSA/company-logo_100_100/company-logo_100_100/0/1630484521644/insidepmi_logo?e=1788393600&v=beta&t=g8uM_SSZgNIhOtqD1hPls7yNcR19RjMs1H6mKW4OArM;Advanced > Specialist;https://www.linkedin.com/company/philip-morris-international/about/;Software e Serviços de TI;sales OR account OR customer success manager OR client success OR developer relations OR technical writer;philip morris international;1;;https://www.linkedin.com/jobs/view/4453030504/;https://www.linkedin.com/jobs/view/4453030504/;Not informed;Associate;12/08/2026;;São Paulo;SP;Região Sudeste;Brasil;América do Sul
703;Philip Morris International;REPRESENTANTE DE VENDAS II;Grande Recife (PE);11/08 23:00;https://www.linkedin.com/jobs/view/4453033522/;https://media.licdn.com/dms/image/v2/C4D0BAQFmmr_toGxPSA/company-logo_100_100/company-logo_100_100/0/1630484521644/insidepmi_logo?e=1788393600&v=beta&t=g8uM_SSZgNIhOtqD1hPls7yNcR19RjMs1H6mKW4OArM;-;https://www.linkedin.com/company/philip-morris-international/about/;Software e Serviços de TI;sales OR account OR customer success manager OR client success OR developer relations OR technical writer;philip morris international;1;;https://www.linkedin.com/jobs/view/4453033522/;https://www.linkedin.com/jobs/view/4453033522/;Not informed;Vendas / Comercial;12/08/2026;;Pernambuco;PE;Região Nordeste;Brasil;América do Sul
704;Philozon | O melhor do ozônio💙;Vendedor interno;Balneário Camboriú, SC;12/08 14:00;https://www.linkedin.com/jobs/view/4450161671/;https://media.licdn.com/dms/image/v2/D4D0BAQFzulnNP_M8xA/company-logo_100_100/company-logo_100_100/0/1700579018705/philozon_logo?e=1788393600&v=beta&t=r67jL5M89ZeKC6DAfjLZXHgKkwLbv2tJsyrBihIFPDg;-;https://www.linkedin.com/company/philozon-o-melhor-do-oz-nio/about/;-;sales OR account OR customer success manager OR client success OR developer relations OR technical writer;philozon | o melhor do ozônio💙;1;;https://www.linkedin.com/jobs/view/4450161671/;https://www.linkedin.com/jobs/view/4450161671/;On-site;Intern, Vendas / Comercial;12/08/2026;Balneário Camboriú;Santa Catarina;SC;Região Sul;Brasil;América do Sul
705;Pillar;Founding SDR - Brazil;SP;12/08 05:00;https://www.linkedin.com/jobs/view/4453078373/;https://media.licdn.com/dms/image/v2/D4D0BAQHoK50TbGj4Uw/company-logo_100_100/B4DZlWrbm1JYAU-/0/1758095850287/wearepillar_logo?e=1788393600&v=beta&t=TOZcaETJuaXcUyUw05DZXtK4Q9A5sOvGmAJ-uXlZAtY;-;https://www.linkedin.com/company/pillar/about/;-;sales OR account OR customer success manager OR client success OR developer relations OR technical writer;pillar;1;;https://www.linkedin.com/jobs/view/4453078373/;https://www.linkedin.com/jobs/view/4453078373/;On-site;Vendas / Comercial;12/08/2026;;São Paulo;SP;Região Sudeste;Brasil;América do Sul
706;PneuBras;Consultor/Consultora de Vendas Internas F.25;Salvador, BA;11/08 22:00;https://www.linkedin.com/jobs/view/4453035145/;https://media.licdn.com/dms/image/v2/C4E0BAQHFiyvEa2B-0A/company-logo_100_100/company-logo_100_100/0/1631324898917?e=1788393600&v=beta&t=Gl-9KEPKRtJjnqfjPTu35qKakB2NvFis2i_uQsAka5g;Advanced > Specialist;https://www.linkedin.com/company/pneubras/about/;Vendas e Suporte;sales OR account OR customer success manager OR client success OR developer relations OR technical writer;pneubras;1;;https://www.linkedin.com/jobs/view/4453035145/;https://www.linkedin.com/jobs/view/4453035145/;On-site;Intern, Consultor, Vendas / Comercial;12/08/2026;;Bahia;BA;Região Nordeste;Brasil;América do Sul
707;PolyNDT Pte Ltd, A member of CTI Group;Technical Sales Manager for NDT/UTM;Campos Sales, CE;12/08 01:00;https://www.linkedin.com/jobs/view/4452345448/;https://media.licdn.com/dms/image/v2/D560BAQHXFSGHvNszng/company-logo_100_100/company-logo_100_100/0/1725282558821/polyndt_pte_ltd_logo?e=1788393600&v=beta&t=AWI9zIJR3ndWJ1gY5CijB-5inkk75ZGhzO7er1ElCFQ;Middle > Manager;https://www.linkedin.com/company/polyndt-pte-ltd-a-member-of-cti-group/about/;Software e Serviços de TI;sales OR account OR customer success manager OR client success OR developer relations OR technical writer;polyndt pte ltd, a member of cti group;1;;https://www.linkedin.com/jobs/view/4452345448/;https://www.linkedin.com/jobs/view/4452345448/;Not informed;Liderança/Gerência, TI/Tech, Vendas / Comercial;12/08/2026;Campos Sales;Ceará;CE;Região Nordeste;Brasil;América do Sul
708;Portal da Acústica;Vendas;Jacareí, SP;12/08 09:00;https://www.linkedin.com/jobs/view/4450136458/;https://media.licdn.com/dms/image/v2/D4D0BAQGhMluDYyTzOA/company-logo_100_100/company-logo_100_100/0/1661458371249/portal_da_acstica_logo?e=1788393600&v=beta&t=T8Kn-80onbFO-b__XGou75P5iengprx_l_slm4NRE9o;-;https://www.linkedin.com/company/portal-da-ac-stica/about/;Software e Serviços de TI;sales OR account OR customer success manager OR client success OR developer relations OR technical writer;portal da acústica;1;;https://www.linkedin.com/jobs/view/4450136458/;https://www.linkedin.com/jobs/view/4450136458/;On-site;Vendas / Comercial;12/08/2026;Jacareí;São Paulo;SP;Região Sudeste;Brasil;América do Sul
709;Porto;Consultor(a) de Vendas (Hunter) São José do Rio Preto;São José do Rio Preto, SP;12/08 10:00;https://www.linkedin.com/jobs/view/4443584596/;https://media.licdn.com/dms/image/v2/C4D0BAQHdvjiq_3u9SQ/company-logo_100_100/company-logo_100_100/0/1651181402504?e=1788393600&v=beta&t=YxLSWGYChc9SI17R6EWhIZdSNAMxzW6jh247Iik35WA;Advanced > Specialist;https://www.linkedin.com/company/porto/about/;Vendas e Suporte;sales OR account OR customer success manager OR client success OR developer relations OR technical writer;porto;1;;https://www.linkedin.com/jobs/view/4443584596/;https://www.linkedin.com/jobs/view/4443584596/;Not informed;Consultor, Vendas / Comercial;12/08/2026;São José do Rio Preto;São Paulo;SP;Região Sudeste;Brasil;América do Sul
710;Positive Company;Analista de exportação;Fortaleza, CE;12/08 10:00;https://www.linkedin.com/jobs/view/4450135528/;https://media.licdn.com/dms/image/v2/C4D0BAQE3xdZqlfa57Q/company-logo_100_100/company-logo_100_100/0/1654980157565/positivebrands_logo?e=1788393600&v=beta&t=74XaeIoZjj2KK9h8RAWElJQ5wq7l8CU7PJx4TY-_w5Y;Advanced > Specialist;https://www.linkedin.com/company/positive-company/about/;Software e Serviços de TI;sales OR account OR customer success manager OR client success OR developer relations OR technical writer;positive company;1;;https://www.linkedin.com/jobs/view/4450135528/;https://www.linkedin.com/jobs/view/4450135528/;On-site;Associate;12/08/2026;Fortaleza;Ceará;CE;Região Nordeste;Brasil;América do Sul
711;Power Geradores Florianópolis;Consultor técnico;Santo Amaro da Imperatriz, SC;12/08 13:00;https://www.linkedin.com/jobs/view/4448027437/;https://media.licdn.com/dms/image/v2/D4D0BAQH82QKMdS6EdA/company-logo_100_100/company-logo_100_100/0/1713203884137/power_geradores_florian_polis_logo?e=1788393600&v=beta&t=oXeuXmQFPPDkRmGtcpMUe7Ie3rjx2IZKcxy3NSqMT3Q;Advanced > Specialist;https://www.linkedin.com/company/power-geradores-florian-polis/about/;-;sales OR account OR customer success manager OR client success OR developer relations OR technical writer;power geradores florianópolis;1;;https://www.linkedin.com/jobs/view/4448027437/;https://www.linkedin.com/jobs/view/4448027437/;On-site;Consultor;12/08/2026;Santo Amaro da Imperatriz;Santa Catarina;SC;Região Sul;Brasil;América do Sul
712;Preferred Travel Group;Manager, Hospitality Sales | Brazil;Grande São Paulo (SP) ;12/08 19:00;https://www.linkedin.com/jobs/view/4450185464/;https://media.licdn.com/dms/image/v2/C4E0BAQF7ewTcFPx6fQ/company-logo_100_100/company-logo_100_100/0/1670609486749/preferred_travel_group_logo?e=1788393600&v=beta&t=3N7CK17f6AkQtQk4EYmValmUdbxTvTSzR8vss5dP_54;Middle > Manager;https://www.linkedin.com/company/preferred-travel-group/about/;Saúde e Hospitais;sales OR account OR customer success manager OR client success OR developer relations OR technical writer;preferred travel group;1;;https://www.linkedin.com/jobs/view/4450185464/;https://www.linkedin.com/jobs/view/4450185464/;Not informed;Liderança/Gerência, Vendas / Comercial;12/08/2026;;São Paulo;SP;Região Sudeste;Brasil;América do Sul
713;Premia Educational Group;Account Executive Senior (vendas para Educação Básica);São Paulo, SP;12/08 19:00;https://www.linkedin.com/jobs/view/4450275381/;https://media.licdn.com/dms/image/v2/D4D0BAQG_or-TDFoxYw/company-logo_100_100/B4DZvYXep8JwAQ-/0/1768861592589/premia_educational_group_logo?e=1788393600&v=beta&t=VGWo_tMQUdk6IC0Q8I6Dyc6SQeUymsVgZUZBtC-cSGE;Specific > Sales > Account;https://www.linkedin.com/company/premia-educational-group/about/;Educação;sales OR account OR customer success manager OR client success OR developer relations OR technical writer;premia educational group;1;;https://www.linkedin.com/jobs/view/4450275381/;https://www.linkedin.com/jobs/view/4450275381/;Hybrid;Senior, Vendas / Comercial, Executivo de Contas;12/08/2026;São Paulo;São Paulo;SP;Região Sudeste;Brasil;América do Sul
714;Preâmbulo Tech;SDR (CRIA.AI);Florianópolis, SC;12/08 17:00;https://www.linkedin.com/jobs/view/4450185141/;https://media.licdn.com/dms/image/v2/D560BAQEom2j2IsdCiA/company-logo_100_100/B56Z5fxGE0GgAI-/0/1779723166230/preambulotech_logo?e=1788393600&v=beta&t=O766SMW7nrNSVtRy492xde_bDsLNEWWx2c_76_HzG6U;-;https://www.linkedin.com/company/pre-mbulo-tech/about/;Software e Serviços de TI;sales OR account OR customer success manager OR client success OR developer relations OR technical writer;preâmbulo tech;1;;https://www.linkedin.com/jobs/view/4450185141/;https://www.linkedin.com/jobs/view/4450185141/;Remote;Inteligência Artificial, Vendas / Comercial;12/08/2026;;Santa Catarina;SC;Região Sul;Brasil;América do Sul
715;ProPainel | Mídia OOH;Executivo de vendas;Belo Horizonte, MG;12/08 19:00;https://www.linkedin.com/jobs/view/4450192389/;https://media.licdn.com/dms/image/v2/D4D0BAQEMCe3yIsXt7w/company-logo_100_100/B4DZ_2pOx7HQAI-/0/1786549431646?e=1788393600&v=beta&t=A87peUmDX02er_-aiLtw9qRLd3wtT0VwIasHOksiGYY;-;https://www.linkedin.com/company/propainel-m-dia-ooh/about/;Mídia e Entretenimento;sales OR account OR customer success manager OR client success OR developer relations OR technical writer;propainel | mídia ooh;1;;https://www.linkedin.com/jobs/view/4450192389/;https://www.linkedin.com/jobs/view/4450192389/;On-site;Vendas / Comercial;12/08/2026;;Minas Gerais;MG;Região Sudeste;Brasil;América do Sul
716;Procter & Gamble;Banco de Talentos: Gerente Regional de Vendas Jr | Belém - PA;Belém, PA;12/08 18:00;https://www.linkedin.com/jobs/view/4399574917/;https://media.licdn.com/dms/image/v2/D560BAQEI1MYhkkqixQ/company-logo_100_100/B56ZcYR97xGsAM-/0/1748459053801/procter_and_gamble_logo?e=1788393600&v=beta&t=86b3M2QEc06gDWE3G1BxZ23fgkHB2K_NwvApuhTzFSc;People;https://www.linkedin.com/company/procter-gamble/about/;Serviços Financeiros;sales OR account OR customer success manager OR client success OR developer relations OR technical writer;procter & gamble;1;;https://www.linkedin.com/jobs/view/4399574917/;https://www.linkedin.com/jobs/view/4399574917/;Not informed;Banco de Talentos, Mid, Junior, Liderança/Gerência, Vendas / Comercial;12/08/2026;Belém;Pará;PA;Região Norte;Brasil;América do Sul
717;Procter & Gamble;Banco de Talentos: Gerente Regional de Vendas Jr | São Luis - MA;São Luis, MA;12/08 00:00;https://www.linkedin.com/jobs/view/4399092158/;https://media.licdn.com/dms/image/v2/D560BAQEI1MYhkkqixQ/company-logo_100_100/B56ZcYR97xGsAM-/0/1748459053801/procter_and_gamble_logo?e=1788393600&v=beta&t=86b3M2QEc06gDWE3G1BxZ23fgkHB2K_NwvApuhTzFSc;People;https://www.linkedin.com/company/procter-gamble/about/;Serviços Financeiros;sales OR account OR customer success manager OR client success OR developer relations OR technical writer;procter & gamble;1;;https://www.linkedin.com/jobs/view/4399092158/;https://www.linkedin.com/jobs/view/4399092158/;Not informed;Banco de Talentos, Mid, Junior, Liderança/Gerência, Vendas / Comercial;12/08/2026;São Luís;Maranhão;MA;Região Nordeste;Brasil;América do Sul
718;Projesan Water & Co.;CONSULTOR(A) TÉCNICO DE APLICAÇÃO;São Paulo, SP;12/08 14:00;https://www.linkedin.com/jobs/view/4453162138/;https://media.licdn.com/dms/image/v2/D4D0BAQHbh07IY4xxzQ/company-logo_100_100/company-logo_100_100/0/1721738654025/projesan_logo?e=1788393600&v=beta&t=ZIclxiuDG9e2uNELroJ_4h1fDCgaRUmexW7UsnVWJF4;Advanced > Specialist;https://www.linkedin.com/company/projesan-water-co/about/;-;sales OR account OR customer success manager OR client success OR developer relations OR technical writer;projesan water & co.;1;;https://www.linkedin.com/jobs/view/4453162138/;https://www.linkedin.com/jobs/view/4453162138/;On-site;Consultor;12/08/2026;São Paulo;São Paulo;SP;Região Sudeste;Brasil;América do Sul
719;Proposta Consultoria em Recursos Humanos;Vendedor Técnico;Novo Hamburgo, RS;12/08 10:00;https://www.linkedin.com/jobs/view/4450142487/;https://media.licdn.com/dms/image/v2/D4D0BAQG0bsXugwDEFA/company-logo_100_100/B4DZ89yxrnHQAI-/0/1783448148961/proposta_rh_logo?e=1788393600&v=beta&t=MLTjeAcEoMqmYKodApaBMS8BH1db-lBFu-ql0Fa7mbY;-;https://www.linkedin.com/company/proposta-consultoria-em-recursos-humanos/about/;Consultoria e Assessoria;sales OR account OR customer success manager OR client success OR developer relations OR technical writer;proposta consultoria em recursos humanos;1;;https://www.linkedin.com/jobs/view/4450142487/;https://www.linkedin.com/jobs/view/4450142487/;On-site;Vendas / Comercial;12/08/2026;;Rio Grande do Sul;RS;Região Sul;Brasil;América do Sul
720;Publicações Online;Inside Sales Pleno;Florianópolis, SC;12/08 16:00;https://www.linkedin.com/jobs/view/4450162961/;https://media.licdn.com/dms/image/v2/D4E0BAQEY5YpVxmLh7g/company-logo_100_100/company-logo_100_100/0/1723649499856/publicacoesonline_logo?e=1788393600&v=beta&t=gsa70_OfgbM_ofalH8ixhT6z0307khq4YBGBHVM4rLk;-;https://www.linkedin.com/company/publica-es-online/about/;Vendas e Suporte;sales OR account OR customer success manager OR client success OR developer relations OR technical writer;publicações online;1;;https://www.linkedin.com/jobs/view/4450162961/;https://www.linkedin.com/jobs/view/4450162961/;On-site;Mid, Vendas / Comercial;12/08/2026;;Santa Catarina;SC;Região Sul;Brasil;América do Sul
721;Quick Soft Tecnologia;Consultor Comercial Pleno;Blumenau, SC;12/08 00:00;https://www.linkedin.com/jobs/view/4452322651/;https://media.licdn.com/dms/image/v2/D4D0BAQH7lBZaQ1x8uw/company-logo_100_100/company-logo_100_100/0/1730578117765/quicksoft_tecnologia_logo?e=1788393600&v=beta&t=t9duAC5zxGHZl06IaADD2k__BcEHO18qtmrEtkHDP_A;Advanced > Specialist;https://www.linkedin.com/company/quick-soft-tecnologia/about/;Vendas e Suporte;sales OR account OR customer success manager OR client success OR developer relations OR technical writer;quick soft tecnologia;1;;https://www.linkedin.com/jobs/view/4452322651/;https://www.linkedin.com/jobs/view/4452322651/;On-site;Mid, Consultor, Vendas / Comercial;12/08/2026;Blumenau;Santa Catarina;SC;Região Sul;Brasil;América do Sul
722;R. Damásio;Vendedor(a) Atacadista Interno;Teresina, PI;12/08 14:00;https://www.linkedin.com/jobs/view/4450160448/;https://media.licdn.com/dms/image/v2/C4D0BAQFkAagFvVuVEw/company-logo_100_100/company-logo_100_100/0/1668016107010/rdamasio_logo?e=1788393600&v=beta&t=PI-qa6ZFGcpEo12bPt8k6qRBu_O7zqyFsopIYS38v2Y;-;https://www.linkedin.com/company/r-dam-sio/about/;-;sales OR account OR customer success manager OR client success OR developer relations OR technical writer;r. damásio;1;;https://www.linkedin.com/jobs/view/4450160448/;https://www.linkedin.com/jobs/view/4450160448/;On-site;Intern, Vendas / Comercial;12/08/2026;;Piauí;PI;Região Nordeste;Brasil;América do Sul
723;RD Station;Analista de Customer Success Pleno - Parceiros (Remoto);Brasil;12/08 12:00;https://www.linkedin.com/jobs/view/4452714051/;https://media.licdn.com/dms/image/v2/D4D0BAQFuFR3WmHXFHQ/company-logo_100_100/B4DZd7RgByGsAQ-/0/1750119875130/rd_station_logo?e=1788393600&v=beta&t=9jIKKRiKtPYMH0sVZv8Laytl3rE2qrtvYO35AvzA5Gg;Specific > Customer Success Manager;https://www.linkedin.com/company/rd-station/about/;Software e Serviços de TI;sales OR account OR customer success manager OR client success OR developer relations OR technical writer;rd station;1;;https://www.linkedin.com/jobs/view/4452714051/;https://www.linkedin.com/jobs/view/4452714051/;Remote;Mid, Associate;12/08/2026;;;;;Brasil;América do Sul
724;RD Station;Analista de Implementação Júnior - Customer Success | RD Station (Remoto);Florianópolis, SC;12/08 11:00;https://www.linkedin.com/jobs/view/4452399794/;https://media.licdn.com/dms/image/v2/D4D0BAQFuFR3WmHXFHQ/company-logo_100_100/B4DZd7RgByGsAQ-/0/1750119875130/rd_station_logo?e=1788393600&v=beta&t=9jIKKRiKtPYMH0sVZv8Laytl3rE2qrtvYO35AvzA5Gg;Specific > Customer Success Manager;https://www.linkedin.com/company/rd-station/about/;Software e Serviços de TI;sales OR account OR customer success manager OR client success OR developer relations OR technical writer;rd station;1;;https://www.linkedin.com/jobs/view/4452399794/;https://www.linkedin.com/jobs/view/4452399794/;Remote;Junior, Associate, Implementação;12/08/2026;;Santa Catarina;SC;Região Sul;Brasil;América do Sul
725;RD Station;Analista de Pré-Vendas BDR - SMB | RD Station;Florianópolis, SC;12/08 15:00;https://www.linkedin.com/jobs/view/4452718971/;https://media.licdn.com/dms/image/v2/D4D0BAQFuFR3WmHXFHQ/company-logo_100_100/B4DZd7RgByGsAQ-/0/1750119875130/rd_station_logo?e=1788393600&v=beta&t=9jIKKRiKtPYMH0sVZv8Laytl3rE2qrtvYO35AvzA5Gg;Advanced > Specialist;https://www.linkedin.com/company/rd-station/about/;Software e Serviços de TI;sales OR account OR customer success manager OR client success OR developer relations OR technical writer;rd station;1;;https://www.linkedin.com/jobs/view/4452718971/;https://www.linkedin.com/jobs/view/4452718971/;Hybrid;Associate, Vendas / Comercial;12/08/2026;;Santa Catarina;SC;Região Sul;Brasil;América do Sul
726;RD Station;Analista de Customer Success Pleno - Parceiros (Remoto);São Paulo, SP;12/08 12:00;https://www.linkedin.com/jobs/view/4452389998/;https://media.licdn.com/dms/image/v2/D4D0BAQFuFR3WmHXFHQ/company-logo_100_100/B4DZd7RgByGsAQ-/0/1750119875130/rd_station_logo?e=1788393600&v=beta&t=9jIKKRiKtPYMH0sVZv8Laytl3rE2qrtvYO35AvzA5Gg;Specific > Customer Success Manager;https://www.linkedin.com/company/rd-station/about/;Software e Serviços de TI;sales OR account OR customer success manager OR client success OR developer relations OR technical writer;rd station;1;;https://www.linkedin.com/jobs/view/4452389998/;https://www.linkedin.com/jobs/view/4452389998/;Remote;Mid, Associate;12/08/2026;São Paulo;São Paulo;SP;Região Sudeste;Brasil;América do Sul
727;REALIZE CONSULTORIA E INVESTIMENTOS;Assistente de vendas;São José dos Pinhais, PR;12/08 16:00;https://www.linkedin.com/jobs/view/4450157950/;https://media.licdn.com/dms/image/v2/D4D0BAQGcXl-KKUi47Q/company-logo_100_100/B4DZjnyyODH4AQ-/0/1756235507357?e=1788393600&v=beta&t=3g76ftnwYXalrquRanFupdT900XD1GOqhD2uZM99WF8;-;https://www.linkedin.com/company/realize-consultoria-e-investimentos/about/;Consultoria e Assessoria;sales OR account OR customer success manager OR client success OR developer relations OR technical writer;realize consultoria e investimentos;1;;https://www.linkedin.com/jobs/view/4450157950/;https://www.linkedin.com/jobs/view/4450157950/;On-site;Associate, Vendas / Comercial;12/08/2026;São José dos Pinhais;Paraná;PR;Região Sul;Brasil;América do Sul
728;RED Soluções Digitais;Consultor de Vendas Internas;São Paulo, SP;12/08 18:00;https://www.linkedin.com/jobs/view/4453363867/;https://media.licdn.com/dms/image/v2/C510BAQG9d0YwX1UYRw/company-logo_100_100/company-logo_100_100/0/1631335298449?e=1788393600&v=beta&t=rF6DZTgqacrWeHNDlcc88XG5A2leejP0XuFKiVHXw-U;Advanced > Specialist;https://www.linkedin.com/company/red-solu-es-digitais/about/;Software e Serviços de TI;sales OR account OR customer success manager OR client success OR developer relations OR technical writer;red soluções digitais;1;;https://www.linkedin.com/jobs/view/4453363867/;https://www.linkedin.com/jobs/view/4453363867/;On-site;Intern, Consultor, Vendas / Comercial;12/08/2026;São Paulo;São Paulo;SP;Região Sudeste;Brasil;América do Sul
729;REF+;Executivo(a) de Atendimento Sênior;São Paulo, SP;12/08 16:00;https://www.linkedin.com/jobs/view/4453342379/;https://media.licdn.com/dms/image/v2/D4D0BAQG3CG_ncpcNUw/company-logo_100_100/B4DZUqAEr5G8AQ-/0/1740166417594/refmais_logo?e=1788393600&v=beta&t=lnWyk2FPdMLGR0TfW3dE39yhTlUTRb2mfc_mMW9RVns;-;https://www.linkedin.com/company/ref/about/;Software e Serviços de TI;sales OR account OR customer success manager OR client success OR developer relations OR technical writer;ref+;1;;https://www.linkedin.com/jobs/view/4453342379/;https://www.linkedin.com/jobs/view/4453342379/;On-site;Senior;12/08/2026;São Paulo;São Paulo;SP;Região Sudeste;Brasil;América do Sul
730;RHBH;Consultor Técnico de Vendas;Brasil;11/08 22:00;https://www.linkedin.com/jobs/view/4451962996/;https://media.licdn.com/dms/image/v2/D4D0BAQFkQjqV5BQM2Q/company-logo_100_100/company-logo_100_100/0/1703193322709/rhbh_logo?e=1788393600&v=beta&t=aQiq98Sr4mEBEY3RDUqmzLf-kphZIrKyOToxRMdmkOk;Advanced > Specialist;https://www.linkedin.com/company/rhbh/about/;Recursos Humanos;sales OR account OR customer success manager OR client success OR developer relations OR technical writer;rhbh;1;;https://www.linkedin.com/jobs/view/4451962996/;https://www.linkedin.com/jobs/view/4451962996/;On-site;Consultor, Vendas / Comercial;12/08/2026;;;;;Brasil;América do Sul
731;RHF Talentos - São Paulo II;Executivo de Contas;São Paulo, SP;12/08 18:00;https://www.linkedin.com/jobs/view/4453367399/;https://media.licdn.com/dms/image/v2/D4D0BAQGNXU4YTaEIHQ/company-logo_100_100/B4DZweip0SJYAQ-/0/1770038927432/rhftalentosspii_logo?e=1788393600&v=beta&t=uZt3lG0Zr0pAH9uouUUHjcpH9w-qsRK0j6IDAN4r6o8;-;https://www.linkedin.com/company/rhf-talentos-s-o-paulo-ii/about/;Recursos Humanos;sales OR account OR customer success manager OR client success OR developer relations OR technical writer;rhf talentos - são paulo ii;1;;https://www.linkedin.com/jobs/view/4453367399/;https://www.linkedin.com/jobs/view/4453367399/;On-site;Executivo de Contas;12/08/2026;São Paulo;São Paulo;SP;Região Sudeste;Brasil;América do Sul
732;RHF Unidade Regional Sul SZ;Assistente comercial;Brasil;12/08 00:00;https://www.linkedin.com/jobs/view/4452325789/;https://media.licdn.com/dms/image/v2/D4D0BAQE2q00kwUYsBw/company-logo_100_100/B4DZ8d6vmuHQAM-/0/1782913366959/rhfregionalsul_sz_logo?e=1788393600&v=beta&t=jZ2FzVRly_EhtkqAXU8m_av9HoaAstOQ5e8XgAFpSLQ;-;https://www.linkedin.com/company/rhf-unidade-regional-sul-sz/about/;Recursos Humanos;sales OR account OR customer success manager OR client success OR developer relations OR technical writer;rhf unidade regional sul sz;1;;https://www.linkedin.com/jobs/view/4452325789/;https://www.linkedin.com/jobs/view/4452325789/;On-site;Associate, Vendas / Comercial;12/08/2026;;;;;Brasil;América do Sul
733;RODRIGUES ASSESSORIA;Atendente Comercial - Recife - Oportunidade Atual;Recife, PE;12/08 17:00;https://www.linkedin.com/jobs/view/4450194029/;https://media.licdn.com/dms/image/v2/D4D0BAQGe_BhJd-N24Q/company-logo_100_100/company-logo_100_100/0/1738173303521/rodriguesassessoria_logo?e=1788393600&v=beta&t=6Hj2DPSbQBIVq8yUEJNwNWo3PEkhZU3JRDgqob-2UyI;-;https://www.linkedin.com/company/rodrigues-assessoria/about/;Consultoria e Assessoria;sales OR account OR customer success manager OR client success OR developer relations OR technical writer;rodrigues assessoria;1;;https://www.linkedin.com/jobs/view/4450194029/;https://www.linkedin.com/jobs/view/4450194029/;On-site;Vendas / Comercial;12/08/2026;Recife;Pernambuco;PE;Região Nordeste;Brasil;América do Sul
734;ROIT;FARMER INSIDE SALES;São Paulo, SP;12/08 17:00;https://www.linkedin.com/jobs/view/4450183216/;https://media.licdn.com/dms/image/v2/D4D0BAQHABAi9dSXWtQ/company-logo_100_100/B4DZ9Dm23yJsAM-/0/1783545687784/roit_ai_logo?e=1788393600&v=beta&t=cUoKWpLbHRjdp2mPNdV59GpzQq05goeS5qLc6lnX9M0;-;https://www.linkedin.com/company/roit/about/;Software e Serviços de TI;sales OR account OR customer success manager OR client success OR developer relations OR technical writer;roit;1;;https://www.linkedin.com/jobs/view/4450183216/;https://www.linkedin.com/jobs/view/4450183216/;On-site;Vendas / Comercial;12/08/2026;São Paulo;São Paulo;SP;Região Sudeste;Brasil;América do Sul
735;RastreAche Rastreamento Veicular;Consultor de vendas;Marabá, PA;12/08 16:00;https://www.linkedin.com/jobs/view/4450169812/;https://media.licdn.com/dms/image/v2/D4D0BAQGOrCNV4CnvAQ/company-logo_100_100/B4DZqCwDCIJcAQ-/0/1763130225613/rastre_ache_logo?e=1788393600&v=beta&t=h6L7k5XPOr9k5gieQ_mIKQwHWSajdNsf3vCeUTPU1ZQ;Advanced > Specialist;https://www.linkedin.com/company/rastreache-rastreamento-veicular/about/;Vendas e Suporte;sales OR account OR customer success manager OR client success OR developer relations OR technical writer;rastreache rastreamento veicular;1;;https://www.linkedin.com/jobs/view/4450169812/;https://www.linkedin.com/jobs/view/4450169812/;On-site;Consultor, Vendas / Comercial;12/08/2026;Marabá;Pará;PA;Região Norte;Brasil;América do Sul
736;Raumak Packaging;Analista de Administração de Vendas Jr;Joinville, SC;12/08 14:00;https://www.linkedin.com/jobs/view/4450162467/;https://media.licdn.com/dms/image/v2/D4D0BAQEzSpIqb8I2Dg/company-logo_100_100/B4DZkL.PAhGQAQ-/0/1756842488220/raumakpackaging_logo?e=1788393600&v=beta&t=yBx41JOX7F-TvqqJ_0OBXhx3HHnLx3de5PpDAoxsEoU;Advanced > Specialist;https://www.linkedin.com/company/raumak-packaging/about/;Vendas e Suporte;sales OR account OR customer success manager OR client success OR developer relations OR technical writer;raumak packaging;1;;https://www.linkedin.com/jobs/view/4450162467/;https://www.linkedin.com/jobs/view/4450162467/;On-site;Junior, Associate, Vendas / Comercial;12/08/2026;Joinville;Santa Catarina;SC;Região Sul;Brasil;América do Sul
737;Reachr Soluções Inovadoras em RH;Executivo de contas;São Paulo, SP;12/08 18:00;https://www.linkedin.com/jobs/view/4453376052/;https://media.licdn.com/dms/image/v2/C4D0BAQFAFvpk_gxqCQ/company-logo_100_100/company-logo_100_100/0/1630560157871/reachr_recrutamento_logo?e=1788393600&v=beta&t=11xFBXbolcjWv650njY0XGsZ8dC5znjEv5I47q5OEQk;-;https://www.linkedin.com/company/reachr-solu-es-inovadoras-em-rh/about/;Recursos Humanos;sales OR account OR customer success manager OR client success OR developer relations OR technical writer;reachr soluções inovadoras em rh;1;;https://www.linkedin.com/jobs/view/4453376052/;https://www.linkedin.com/jobs/view/4453376052/;On-site;Executivo de Contas;12/08/2026;São Paulo;São Paulo;SP;Região Sudeste;Brasil;América do Sul
738;Red Balloon;Assessora comercial;São Paulo, SP;12/08 13:00;https://www.linkedin.com/jobs/view/4450152715/;https://media.licdn.com/dms/image/v2/D4D0BAQER3HVkGCeQCA/company-logo_100_100/company-logo_100_100/0/1696248838297?e=1788393600&v=beta&t=pPV25rKyWgRpLrXG39QPBaRLpREOYF4sIwhlV3V1tkc;-;https://www.linkedin.com/company/red-balloon/about/;Vendas e Suporte;sales OR account OR customer success manager OR client success OR developer relations OR technical writer;red balloon;1;;https://www.linkedin.com/jobs/view/4450152715/;https://www.linkedin.com/jobs/view/4450152715/;On-site;Vendas / Comercial;12/08/2026;São Paulo;São Paulo;SP;Região Sudeste;Brasil;América do Sul
739;Red Bull;Mosqueteiro/a Sênior (Consultor/a On Premise);Grande Curitiba (PR);12/08 17:00;https://www.linkedin.com/jobs/view/4453356539/;https://media.licdn.com/dms/image/v2/D4D0BAQFdoIhv055bEw/company-logo_100_100/company-logo_100_100/0/1715940378252/red_bull_logo?e=1788393600&v=beta&t=CNqkdjGS0qXxfKC3kavwmc1ZOdxHVnIkHGo1VUT_Ls8;-;https://www.linkedin.com/company/red-bull/about/;-;sales OR account OR customer success manager OR client success OR developer relations OR technical writer;red bull;1;;https://www.linkedin.com/jobs/view/4453356539/;https://www.linkedin.com/jobs/view/4453356539/;On-site;Senior, Consultor;12/08/2026;;Paraná;PR;Região Sul;Brasil;América do Sul
740;Rede JS Peças;Consultor de Vendas;São Luís, MA;12/08 20:00;https://www.linkedin.com/jobs/view/4450183700/;https://media.licdn.com/dms/image/v2/D4D0BAQFmAE0eDcUWgA/company-logo_100_100/company-logo_100_100/0/1735320205187/redejspecas_logo?e=1788393600&v=beta&t=hB743s1L2TQgCbYJ3un_k6eJis_e5Tw1VggLE9vDlxM;Advanced > Specialist;https://www.linkedin.com/company/rede-js-pe-as/about/;Vendas e Suporte;sales OR account OR customer success manager OR client success OR developer relations OR technical writer;rede js peças;1;;https://www.linkedin.com/jobs/view/4450183700/;https://www.linkedin.com/jobs/view/4450183700/;On-site;Consultor, Vendas / Comercial;12/08/2026;São Luís;Maranhão;MA;Região Nordeste;Brasil;América do Sul
741;RedeFlex Comércio e Serviço de Telefonia Ltda;Consultor(a) de Vendas;Barra do Bugres, MT;11/08 22:00;https://www.linkedin.com/jobs/view/4451976820/;https://media.licdn.com/dms/image/v2/D560BAQGK_0EO-DGHPw/company-logo_100_100/B56Z.u.C6OK0AI-/0/1785346928927/redeflex_logo?e=1788393600&v=beta&t=8qt1NvTpSVIO3sh7uCG2aO7Y7nzeDOmiFPg0bpyWNCE;Advanced > Specialist;https://www.linkedin.com/company/redeflex-com-rcio-e-servi-o-de-telefonia-ltda/about/;Telecomunicações;sales OR account OR customer success manager OR client success OR developer relations OR technical writer;redeflex comércio e serviço de telefonia ltda;1;;https://www.linkedin.com/jobs/view/4451976820/;https://www.linkedin.com/jobs/view/4451976820/;On-site;Consultor, Vendas / Comercial;12/08/2026;Barra do Bugres;Mato Grosso;MT;Região Centro-Oeste;Brasil;América do Sul
742;Rennova;Consultor de Relacionamento Educacional - Ribeirão Preto/SP;Ribeirão Preto, SP;12/08 20:00;https://www.linkedin.com/jobs/view/4450187639/;https://media.licdn.com/dms/image/v2/C4D0BAQEeqp2O8w0CmA/company-logo_100_100/company-logo_100_100/0/1663536898066/rennovaoficial_logo?e=1788393600&v=beta&t=E9fAyx7M_u6XbIaU6lnk357q6QAyrgiOlbSRK9RAGFc;Advanced > Specialist;https://www.linkedin.com/company/rennova/about/;-;sales OR account OR customer success manager OR client success OR developer relations OR technical writer;rennova;1;;https://www.linkedin.com/jobs/view/4450187639/;https://www.linkedin.com/jobs/view/4450187639/;On-site;Consultor, Educação;12/08/2026;Ribeirão Preto;São Paulo;SP;Região Sudeste;Brasil;América do Sul
743;Resinar Materiais Compostos;Consultor de vendas;Diadema, SP;12/08 15:00;https://www.linkedin.com/jobs/view/4450162731/;https://media.licdn.com/dms/image/v2/C4D0BAQGDIz-7mcaVWQ/company-logo_100_100/company-logo_100_100/0/1661796119025?e=1788393600&v=beta&t=nALNyIE5ubpp0a7997A8AJmQZh9K_AWWvGUdiZfbj38;Advanced > Specialist;https://www.linkedin.com/company/resinar-materiais-compostos/about/;Vendas e Suporte;sales OR account OR customer success manager OR client success OR developer relations OR technical writer;resinar materiais compostos;1;;https://www.linkedin.com/jobs/view/4450162731/;https://www.linkedin.com/jobs/view/4450162731/;On-site;Consultor, Vendas / Comercial;12/08/2026;Diadema;São Paulo;SP;Região Sudeste;Brasil;América do Sul
744;Resolutto;Consultor de Comercial;Brasil;12/08 00:00;https://www.linkedin.com/jobs/view/4452329071/;https://media.licdn.com/dms/image/v2/C4D0BAQFB2rQRgR5Paw/company-logo_100_100/company-logo_100_100/0/1632345077796/6it_solutions_logo?e=1788393600&v=beta&t=pR8gN1cTgX-nQApoITM2WCw9TVhbH2s9IzGsS4NOWG8;Advanced > Specialist;https://www.linkedin.com/company/resolutto/about/;Vendas e Suporte;sales OR account OR customer success manager OR client success OR developer relations OR technical writer;resolutto;1;;https://www.linkedin.com/jobs/view/4452329071/;https://www.linkedin.com/jobs/view/4452329071/;On-site;Consultor, Vendas / Comercial;12/08/2026;;;;;Brasil;América do Sul
745;Revise Group;Supervisor Araguaína / TO;Araguaína, TO;12/08 10:00;https://www.linkedin.com/jobs/view/4452382626/;https://media.licdn.com/dms/image/v2/D4D0BAQHuyST1r_y5IQ/company-logo_100_100/B4DZ.FwEdFI4AM-/0/1784655398960/gruporevise_logo?e=1788393600&v=beta&t=IpSLEDYwT4oq4tZLvbdb8jgbTUoaJHplf97wLiM1eG4;Middle > Manager;https://www.linkedin.com/company/revise-group/about/;-;sales OR account OR customer success manager OR client success OR developer relations OR technical writer;revise group;1;;https://www.linkedin.com/jobs/view/4452382626/;https://www.linkedin.com/jobs/view/4452382626/;Remote;Mid, Liderança/Gerência;12/08/2026;Araguaína;Tocantins;TO;Região Norte;Brasil;América do Sul
746;Revise Group;Vendedor Interno Varimax;Campinas, SP;12/08 10:00;https://www.linkedin.com/jobs/view/4451423481/;https://media.licdn.com/dms/image/v2/D4D0BAQHuyST1r_y5IQ/company-logo_100_100/B4DZ.FwEdFI4AM-/0/1784655398960/gruporevise_logo?e=1788393600&v=beta&t=IpSLEDYwT4oq4tZLvbdb8jgbTUoaJHplf97wLiM1eG4;-;https://www.linkedin.com/company/revise-group/about/;-;sales OR account OR customer success manager OR client success OR developer relations OR technical writer;revise group;1;;https://www.linkedin.com/jobs/view/4451423481/;https://www.linkedin.com/jobs/view/4451423481/;Not informed;Intern, Vendas / Comercial;12/08/2026;;São Paulo;SP;Região Sudeste;Brasil;América do Sul
747;Revise Group;Representante Comercial São José do Rio Preto / SP;São José do Rio Preto, SP;12/08 10:00;https://www.linkedin.com/jobs/view/4452383606/;https://media.licdn.com/dms/image/v2/D4D0BAQHuyST1r_y5IQ/company-logo_100_100/B4DZ.FwEdFI4AM-/0/1784655398960/gruporevise_logo?e=1788393600&v=beta&t=IpSLEDYwT4oq4tZLvbdb8jgbTUoaJHplf97wLiM1eG4;-;https://www.linkedin.com/company/revise-group/about/;Vendas e Suporte;sales OR account OR customer success manager OR client success OR developer relations OR technical writer;revise group;1;;https://www.linkedin.com/jobs/view/4452383606/;https://www.linkedin.com/jobs/view/4452383606/;Not informed;Vendas / Comercial;12/08/2026;São José do Rio Preto;São Paulo;SP;Região Sudeste;Brasil;América do Sul
748;Rika Distribuidora;Supervisor de Vendas;Curitiba, PR;12/08 15:00;https://www.linkedin.com/jobs/view/4452737116/;missing logo;Middle > Manager;https://www.linkedin.com/company/rika-distribuidora/about/;Vendas e Suporte;sales OR account OR customer success manager OR client success OR developer relations OR technical writer;rika distribuidora;1;;https://www.linkedin.com/jobs/view/4452737116/;https://www.linkedin.com/jobs/view/4452737116/;On-site;Mid, Liderança/Gerência, Vendas / Comercial;12/08/2026;;Paraná;PR;Região Sul;Brasil;América do Sul
749;Rischioto;GERENTE DE GRANDES CONTAS;Pedreira, SP;12/08 14:00;https://www.linkedin.com/jobs/view/4453150199/;https://media.licdn.com/dms/image/v2/D4D0BAQGTjqqrSwq2XQ/company-logo_100_100/company-logo_100_100/0/1689624159592/rischioto_logo?e=1788393600&v=beta&t=SUY6VkoBjJbA3SY9NjGfVuXFp8s-pDSsPT9r4_qGyCo;Middle > Manager;https://www.linkedin.com/company/rischioto/about/;-;sales OR account OR customer success manager OR client success OR developer relations OR technical writer;rischioto;1;;https://www.linkedin.com/jobs/view/4453150199/;https://www.linkedin.com/jobs/view/4453150199/;On-site;Mid, Liderança/Gerência;12/08/2026;Pedreira;São Paulo;SP;Região Sudeste;Brasil;América do Sul
750;Robert Half;Business Development Representative (BDR);Barueri, SP;12/08 19:00;https://www.linkedin.com/jobs/view/4450186590/;https://media.licdn.com/dms/image/v2/D560BAQFP6-a3z7Fm8Q/company-logo_100_100/company-logo_100_100/0/1696341221977/robert_half_international_logo?e=1788393600&v=beta&t=uUyXof6G2SSKTyVfSOgScppZ4HqP-z2uhnDXBDFLxvE;-;https://www.linkedin.com/company/robert-half/about/;Recursos Humanos;sales OR account OR customer success manager OR client success OR developer relations OR technical writer;robert half;1;;https://www.linkedin.com/jobs/view/4450186590/;https://www.linkedin.com/jobs/view/4450186590/;Not informed;Vendas / Comercial;12/08/2026;Barueri;São Paulo;SP;Região Sudeste;Brasil;América do Sul
751;Robert Half;Consultor(a) Comercial;Belo Horizonte, MG;12/08 10:00;https://www.linkedin.com/jobs/view/4450142687/;https://media.licdn.com/dms/image/v2/D560BAQFP6-a3z7Fm8Q/company-logo_100_100/company-logo_100_100/0/1696341221977/robert_half_international_logo?e=1788393600&v=beta&t=uUyXof6G2SSKTyVfSOgScppZ4HqP-z2uhnDXBDFLxvE;Advanced > Specialist;https://www.linkedin.com/company/robert-half/about/;Recursos Humanos;sales OR account OR customer success manager OR client success OR developer relations OR technical writer;robert half;1;;https://www.linkedin.com/jobs/view/4450142687/;https://www.linkedin.com/jobs/view/4450142687/;Hybrid;Consultor, Vendas / Comercial;12/08/2026;;Minas Gerais;MG;Região Sudeste;Brasil;América do Sul
752;Robert Half;Gerente Regional de Vendas (Sudeste);Brasil;12/08 19:00;https://www.linkedin.com/jobs/view/4450194444/;https://media.licdn.com/dms/image/v2/D560BAQFP6-a3z7Fm8Q/company-logo_100_100/company-logo_100_100/0/1696341221977/robert_half_international_logo?e=1788393600&v=beta&t=uUyXof6G2SSKTyVfSOgScppZ4HqP-z2uhnDXBDFLxvE;Middle > Manager;https://www.linkedin.com/company/robert-half/about/;Recursos Humanos;sales OR account OR customer success manager OR client success OR developer relations OR technical writer;robert half;1;;https://www.linkedin.com/jobs/view/4450194444/;https://www.linkedin.com/jobs/view/4450194444/;Not informed;Mid, Liderança/Gerência, Vendas / Comercial;12/08/2026;;;;;Brasil;América do Sul
753;Robert Half;Consultor(a) Comercial;Campinas, SP;12/08 10:00;https://www.linkedin.com/jobs/view/4450148674/;https://media.licdn.com/dms/image/v2/D560BAQFP6-a3z7Fm8Q/company-logo_100_100/company-logo_100_100/0/1696341221977/robert_half_international_logo?e=1788393600&v=beta&t=uUyXof6G2SSKTyVfSOgScppZ4HqP-z2uhnDXBDFLxvE;Advanced > Specialist;https://www.linkedin.com/company/robert-half/about/;Recursos Humanos;sales OR account OR customer success manager OR client success OR developer relations OR technical writer;robert half;1;;https://www.linkedin.com/jobs/view/4450148674/;https://www.linkedin.com/jobs/view/4450148674/;Hybrid;Consultor, Vendas / Comercial;12/08/2026;;São Paulo;SP;Região Sudeste;Brasil;América do Sul
754;Robert Half;Consultor(a) Comercial;Rio de Janeiro, RJ;12/08 10:00;https://www.linkedin.com/jobs/view/4450138743/;https://media.licdn.com/dms/image/v2/D560BAQFP6-a3z7Fm8Q/company-logo_100_100/company-logo_100_100/0/1696341221977/robert_half_international_logo?e=1788393600&v=beta&t=uUyXof6G2SSKTyVfSOgScppZ4HqP-z2uhnDXBDFLxvE;Advanced > Specialist;https://www.linkedin.com/company/robert-half/about/;Recursos Humanos;sales OR account OR customer success manager OR client success OR developer relations OR technical writer;robert half;1;;https://www.linkedin.com/jobs/view/4450138743/;https://www.linkedin.com/jobs/view/4450138743/;Hybrid;Consultor, Vendas / Comercial;12/08/2026;Rio de Janeiro;Rio de Janeiro;RJ;Região Sudeste;Brasil;América do Sul
755;Robert Half;Consultor(a) Comercial;São Bernardo do Campo, SP;12/08 10:00;https://www.linkedin.com/jobs/view/4452700673/;https://media.licdn.com/dms/image/v2/D560BAQFP6-a3z7Fm8Q/company-logo_100_100/company-logo_100_100/0/1696341221977/robert_half_international_logo?e=1788393600&v=beta&t=uUyXof6G2SSKTyVfSOgScppZ4HqP-z2uhnDXBDFLxvE;Advanced > Specialist;https://www.linkedin.com/company/robert-half/about/;Recursos Humanos;sales OR account OR customer success manager OR client success OR developer relations OR technical writer;robert half;1;;https://www.linkedin.com/jobs/view/4452700673/;https://www.linkedin.com/jobs/view/4452700673/;Hybrid;Consultor, Vendas / Comercial;12/08/2026;São Bernardo do Campo;São Paulo;SP;Região Sudeste;Brasil;América do Sul
756;Robert Half;Consultor(a) Comercial;São Paulo, SP;12/08 10:00;https://www.linkedin.com/jobs/view/4450149647/;https://media.licdn.com/dms/image/v2/D560BAQFP6-a3z7Fm8Q/company-logo_100_100/company-logo_100_100/0/1696341221977/robert_half_international_logo?e=1788393600&v=beta&t=uUyXof6G2SSKTyVfSOgScppZ4HqP-z2uhnDXBDFLxvE;Advanced > Specialist;https://www.linkedin.com/company/robert-half/about/;Recursos Humanos;sales OR account OR customer success manager OR client success OR developer relations OR technical writer;robert half;1;;https://www.linkedin.com/jobs/view/4450149647/;https://www.linkedin.com/jobs/view/4450149647/;Hybrid;Consultor, Vendas / Comercial;12/08/2026;São Paulo;São Paulo;SP;Região Sudeste;Brasil;América do Sul
757;Robert Half;Gerente de Negócios;São Paulo, SP;12/08 19:00;https://www.linkedin.com/jobs/view/4450192495/;https://media.licdn.com/dms/image/v2/D560BAQFP6-a3z7Fm8Q/company-logo_100_100/company-logo_100_100/0/1696341221977/robert_half_international_logo?e=1788393600&v=beta&t=uUyXof6G2SSKTyVfSOgScppZ4HqP-z2uhnDXBDFLxvE;Middle > Manager;https://www.linkedin.com/company/robert-half/about/;Recursos Humanos;sales OR account OR customer success manager OR client success OR developer relations OR technical writer;robert half;1;;https://www.linkedin.com/jobs/view/4450192495/;https://www.linkedin.com/jobs/view/4450192495/;Not informed;Mid, Gerente de Negócios, Liderança/Gerência;12/08/2026;São Paulo;São Paulo;SP;Região Sudeste;Brasil;América do Sul
758;Rockfeller Ponta Grossa;Representante de desenvolvimento de negócios;Ponta Grossa, PR;12/08 11:00;https://www.linkedin.com/jobs/view/4450141771/;https://media.licdn.com/dms/image/v2/D4D0BAQHkAWMhtcpX0A/company-logo_100_100/B4DZpLnxrBH4AU-/0/1762205310356/rockfeller_ponta_grossa_logo?e=1788393600&v=beta&t=hw0rfRnj3S0qASY8SitGlL9tnIUiOUK4Iku76ZsbG6M;-;https://www.linkedin.com/company/rockfeller-ponta-grossa/about/;Software e Serviços de TI;sales OR account OR customer success manager OR client success OR developer relations OR technical writer;rockfeller ponta grossa;1;;https://www.linkedin.com/jobs/view/4450141771/;https://www.linkedin.com/jobs/view/4450141771/;On-site;Vendas / Comercial;12/08/2026;Ponta Grossa;Paraná;PR;Região Sul;Brasil;América do Sul
759;Rockwell Automation;Principal - Mining, Process;Jundiaí, SP;12/08 10:00;https://www.linkedin.com/jobs/view/4421237981/;https://media.licdn.com/dms/image/v2/C560BAQFRXUKwML_TTQ/company-logo_100_100/company-logo_100_100/0/1655148418582/rockwell_automation_logo?e=1788393600&v=beta&t=B_m1Uc8ggHOlJN0I4G4Vdc4ZNrUjIuVuaPyalPauSVQ;Advanced > Process & Automation;https://www.linkedin.com/company/rockwell-automation/about/;Mineração e Extração;sales OR account OR customer success manager OR client success OR developer relations OR technical writer;rockwell automation;1;;https://www.linkedin.com/jobs/view/4421237981/;https://www.linkedin.com/jobs/view/4421237981/;Remote;-;12/08/2026;Jundiaí;São Paulo;SP;Região Sudeste;Brasil;América do Sul
760;Rockwell Automation;Principal - Mining, Process;São Paulo, SP;12/08 10:00;https://www.linkedin.com/jobs/view/4421260007/;https://media.licdn.com/dms/image/v2/C560BAQFRXUKwML_TTQ/company-logo_100_100/company-logo_100_100/0/1655148418582/rockwell_automation_logo?e=1788393600&v=beta&t=B_m1Uc8ggHOlJN0I4G4Vdc4ZNrUjIuVuaPyalPauSVQ;Advanced > Process & Automation;https://www.linkedin.com/company/rockwell-automation/about/;Mineração e Extração;sales OR account OR customer success manager OR client success OR developer relations OR technical writer;rockwell automation;1;;https://www.linkedin.com/jobs/view/4421260007/;https://www.linkedin.com/jobs/view/4421260007/;Remote;-;12/08/2026;São Paulo;São Paulo;SP;Região Sudeste;Brasil;América do Sul
761;Rofe Distribuidora;Vendedor Interno;São Luís, MA;12/08 20:00;https://www.linkedin.com/jobs/view/4450182752/;https://media.licdn.com/dms/image/v2/C4D0BAQF3hKA-vw6KKg/company-logo_100_100/company-logo_100_100/0/1670335594397/rofe_distribuidora_logo?e=1788393600&v=beta&t=ON8g-dd4Z3uGaI89_47IL9rEK-JZThTMVCVC7QnUGrM;-;https://www.linkedin.com/company/rofe-distribuidora/about/;-;sales OR account OR customer success manager OR client success OR developer relations OR technical writer;rofe distribuidora;1;;https://www.linkedin.com/jobs/view/4450182752/;https://www.linkedin.com/jobs/view/4450182752/;On-site;Intern, Vendas / Comercial;12/08/2026;São Luís;Maranhão;MA;Região Nordeste;Brasil;América do Sul
762;Rossi Soluções;VENDEDOR - PISTÃO;Brasília, DF;11/08 22:00;https://www.linkedin.com/jobs/view/4451988029/;https://media.licdn.com/dms/image/v2/D4D0BAQF1HPsDl6UlCA/company-logo_100_100/company-logo_100_100/0/1681500398180/rossi_solues_logo?e=1788393600&v=beta&t=JHE-OMZDi1H74A7ieSkJgqXEHXX2ljd2J6Y037NhZa8;-;https://www.linkedin.com/company/rossi-solu-es/about/;-;sales OR account OR customer success manager OR client success OR developer relations OR technical writer;rossi soluções;1;;https://www.linkedin.com/jobs/view/4451988029/;https://www.linkedin.com/jobs/view/4451988029/;On-site;Vendas / Comercial;12/08/2026;;Distrito Federal;DF;Região Centro-Oeste;Brasil;América do Sul
763;SAP Americas;Senior Solution Advisor;São Paulo, SP;12/08 21:00;https://www.linkedin.com/jobs/view/4453602450/;https://media.licdn.com/dms/image/v2/D560BAQHVBsMgnQjrQA/company-logo_100_100/company-logo_100_100/0/1719257207743?e=1788393600&v=beta&t=g4X2IMWqioC00p0Rt4tlUX-TByGIU1Hz8V2D-0jrK4Y;-;https://www.linkedin.com/company/sap-americas/about/;Software e Serviços de TI;sales OR account OR customer success manager OR client success OR developer relations OR technical writer;sap americas;1;;https://www.linkedin.com/jobs/view/4453602450/;https://www.linkedin.com/jobs/view/4453602450/;Hybrid;Senior;12/08/2026;São Paulo;São Paulo;SP;Região Sudeste;Brasil;América do Sul
764;SEIDOR;377 - Analista de CEE PL;São Paulo, SP;11/08 22:00;https://www.linkedin.com/jobs/view/4453007942/;https://media.licdn.com/dms/image/v2/D4E0BAQGzP_yKTdMF4g/company-logo_100_100/B4EZYzV0g.HMAQ-/0/1744618080696/seidor_logo?e=1788393600&v=beta&t=vIvXQHMapTzK56-Vxw5Vi9ooqyfX7Me_7BwYRE0CfJ4;Advanced > Specialist;https://www.linkedin.com/company/seidor/about/;-;sales OR account OR customer success manager OR client success OR developer relations OR technical writer;seidor;1;;https://www.linkedin.com/jobs/view/4453007942/;https://www.linkedin.com/jobs/view/4453007942/;Hybrid;Mid, Associate;12/08/2026;São Paulo;São Paulo;SP;Região Sudeste;Brasil;América do Sul
765;SICK Sensor Intelligence;ESPECIALISTA DE APLICAÇÕES - REGIONAL SÃO PAULO 🎯;São Paulo, SP;12/08 16:00;https://www.linkedin.com/jobs/view/4453325862/;https://media.licdn.com/dms/image/v2/D4D0BAQHlyaWZSUHtHw/company-logo_100_100/B4DZbIdQDYGUAQ-/0/1747119833701/sicksensorintelligence_logo?e=1788393600&v=beta&t=b5SV3-_78ac0y-Jrmdi_CBIYNstNjPsUFI8TguXOXdM;Advanced > Specialist;https://www.linkedin.com/company/sick-sensor-intelligence/about/;Hardware e Eletrônicos;sales OR account OR customer success manager OR client success OR developer relations OR technical writer;sick sensor intelligence;1;;https://www.linkedin.com/jobs/view/4453325862/;https://www.linkedin.com/jobs/view/4453325862/;Remote;Specialist, TI/Tech;12/08/2026;São Paulo;São Paulo;SP;Região Sudeste;Brasil;América do Sul
766;SINFT;SDR;Santo André, SP;12/08 10:00;https://www.linkedin.com/jobs/view/4450133706/;https://media.licdn.com/dms/image/v2/C4E0BAQHDf2E6qNM_AQ/company-logo_100_100/company-logo_100_100/0/1645536791213/sinft_logo?e=1788393600&v=beta&t=3-ONgfMNJzgtNQsORod5Qvzy14bLylBTxBSd7_rBcPk;-;https://www.linkedin.com/company/sinft/about/;-;sales OR account OR customer success manager OR client success OR developer relations OR technical writer;sinft;1;;https://www.linkedin.com/jobs/view/4450133706/;https://www.linkedin.com/jobs/view/4450133706/;On-site;Vendas / Comercial;12/08/2026;Santo André;São Paulo;SP;Região Sudeste;Brasil;América do Sul
767;SOCIIS RH;Coordenador ComercialMarketing;Grande Belo Horizonte (MG);12/08 00:00;https://www.linkedin.com/jobs/view/4452309802/;https://media.licdn.com/dms/image/v2/C4D0BAQEAOEASO1DZEg/company-logo_100_100/company-logo_100_100/0/1650375517219/sociis_rh_logo?e=1788393600&v=beta&t=bZVoE5-dEFV6hwYgE0V8EhDubNTbAwY8FzPjZJlkoh4;Middle > Manager;https://www.linkedin.com/company/sociis-rh/about/;Marketing e Publicidade Marketing;sales OR account OR customer success manager OR client success OR developer relations OR technical writer;sociis rh;1;;https://www.linkedin.com/jobs/view/4452309802/;https://www.linkedin.com/jobs/view/4452309802/;On-site;Mid, Liderança/Gerência, Marketing/Mídia, Vendas / Comercial;12/08/2026;;Minas Gerais;MG;Região Sudeste;Brasil;América do Sul
768;SOMA;Executivo de Vendas;São Bernardo do Campo, SP;12/08 00:00;https://www.linkedin.com/jobs/view/4452330088/;missing logo;-;https://www.linkedin.com/company/soma/about/;Software e Serviços de TI;sales OR account OR customer success manager OR client success OR developer relations OR technical writer;soma;1;;https://www.linkedin.com/jobs/view/4452330088/;https://www.linkedin.com/jobs/view/4452330088/;On-site;Vendas / Comercial;12/08/2026;São Bernardo do Campo;São Paulo;SP;Região Sudeste;Brasil;América do Sul
769;SUTHUB;Client Manager de Tecnologia;SP;12/08 13:00;https://www.linkedin.com/jobs/view/4452464467/;https://media.licdn.com/dms/image/v2/D4D0BAQERciiG7UQ67A/company-logo_100_100/B4DZ6PGJ_uJUAM-/0/1780517216458/suthub_logo?e=1788393600&v=beta&t=i9zu3gU2CLUDN7Lh2AkAvCw8wHjrqNaUW4_vu9rbVk0;Middle > Manager;https://www.linkedin.com/company/suthub/about/;-;sales OR account OR customer success manager OR client success OR developer relations OR technical writer;suthub;1;;https://www.linkedin.com/jobs/view/4452464467/;https://www.linkedin.com/jobs/view/4452464467/;Remote;Liderança/Gerência, TI/Tech;12/08/2026;;São Paulo;SP;Região Sudeste;Brasil;América do Sul
770;Salesforce;Business Development Representative – Data Foundation (Spanish speaking);São Paulo, SP;12/08 10:00;https://www.linkedin.com/jobs/view/4453120791/;https://media.licdn.com/dms/image/v2/D560BAQFuQMSI3zgmRw/company-logo_100_100/B56Z3aploQGoAQ-/0/1777489828808/salesforce_logo?e=1788393600&v=beta&t=kfDgajlwrHCQTuBOxFlcqPIJ_sGtVXHVyW3uxnAi_wg;Data & Ai > Data Engineering;https://www.linkedin.com/company/salesforce/about/;Dados e Analytics;sales OR account OR customer success manager OR client success OR developer relations OR technical writer;salesforce;1;;https://www.linkedin.com/jobs/view/4453120791/;https://www.linkedin.com/jobs/view/4453120791/;On-site;Dados/Analytics, Vendas / Comercial;12/08/2026;São Paulo;São Paulo;SP;Região Sudeste;Brasil;América do Sul
771;Salesforce;Cloud Account Executive;São Paulo, SP;12/08 16:00;https://www.linkedin.com/jobs/view/4453330907/;https://media.licdn.com/dms/image/v2/D560BAQFuQMSI3zgmRw/company-logo_100_100/B56Z3aploQGoAQ-/0/1777489828808/salesforce_logo?e=1788393600&v=beta&t=kfDgajlwrHCQTuBOxFlcqPIJ_sGtVXHVyW3uxnAi_wg;Specific > Sales > Account;https://www.linkedin.com/company/salesforce/about/;Software e Serviços de TI;sales OR account OR customer success manager OR client success OR developer relations OR technical writer;salesforce;1;;https://www.linkedin.com/jobs/view/4453330907/;https://www.linkedin.com/jobs/view/4453330907/;Hybrid;Vendas / Comercial, Executivo de Contas;12/08/2026;São Paulo;São Paulo;SP;Região Sudeste;Brasil;América do Sul
772;Salesforce;GRB Account Executive;São Paulo, SP;12/08 04:00;https://www.linkedin.com/jobs/view/4453069864/;https://media.licdn.com/dms/image/v2/D560BAQFuQMSI3zgmRw/company-logo_100_100/B56Z3aploQGoAQ-/0/1777489828808/salesforce_logo?e=1788393600&v=beta&t=kfDgajlwrHCQTuBOxFlcqPIJ_sGtVXHVyW3uxnAi_wg;Specific > Sales > Account;https://www.linkedin.com/company/salesforce/about/;Software e Serviços de TI;sales OR account OR customer success manager OR client success OR developer relations OR technical writer;salesforce;1;;https://www.linkedin.com/jobs/view/4453069864/;https://www.linkedin.com/jobs/view/4453069864/;On-site;Vendas / Comercial, Executivo de Contas;12/08/2026;São Paulo;São Paulo;SP;Região Sudeste;Brasil;América do Sul
773;Salesforce;Sales Development Representative;São Paulo, SP;12/08 07:00;https://www.linkedin.com/jobs/view/4414695469/;https://media.licdn.com/dms/image/v2/D560BAQFuQMSI3zgmRw/company-logo_100_100/B56Z3aploQGoAQ-/0/1777489828808/salesforce_logo?e=1788393600&v=beta&t=kfDgajlwrHCQTuBOxFlcqPIJ_sGtVXHVyW3uxnAi_wg;-;https://www.linkedin.com/company/salesforce/about/;Software e Serviços de TI;sales OR account OR customer success manager OR client success OR developer relations OR technical writer;salesforce;1;;https://www.linkedin.com/jobs/view/4414695469/;https://www.linkedin.com/jobs/view/4414695469/;On-site;Vendas / Comercial;12/08/2026;São Paulo;São Paulo;SP;Região Sudeste;Brasil;América do Sul
774;Salesjobs;Consultor de Vendas Internas;Grande Curitiba (PR);12/08 19:00;https://www.linkedin.com/jobs/view/4453381372/;https://media.licdn.com/dms/image/v2/C4D0BAQEbBVR6rUBDZg/company-logo_100_100/company-logo_100_100/0/1637780324775/salesjobs_io_logo?e=1788393600&v=beta&t=FVw6X4lJtWfG0nE0CKKV2UqFsTg5bW-s-Odg9K0_zSY;Advanced > Specialist;https://www.linkedin.com/company/salesjobs/about/;Vendas e Suporte;sales OR account OR customer success manager OR client success OR developer relations OR technical writer;salesjobs;1;;https://www.linkedin.com/jobs/view/4453381372/;https://www.linkedin.com/jobs/view/4453381372/;On-site;Intern, Consultor, Vendas / Comercial;12/08/2026;;Paraná;PR;Região Sul;Brasil;América do Sul
775;Salesjobs;Consultor de Vendas Internas;Grande Curitiba (PR);12/08 19:00;https://www.linkedin.com/jobs/view/4453369523/;https://media.licdn.com/dms/image/v2/C4D0BAQEbBVR6rUBDZg/company-logo_100_100/company-logo_100_100/0/1637780324775/salesjobs_io_logo?e=1788393600&v=beta&t=FVw6X4lJtWfG0nE0CKKV2UqFsTg5bW-s-Odg9K0_zSY;Advanced > Specialist;https://www.linkedin.com/company/salesjobs/about/;Vendas e Suporte;sales OR account OR customer success manager OR client success OR developer relations OR technical writer;salesjobs;1;;https://www.linkedin.com/jobs/view/4453369523/;https://www.linkedin.com/jobs/view/4453369523/;On-site;Intern, Consultor, Vendas / Comercial;12/08/2026;;Paraná;PR;Região Sul;Brasil;América do Sul
776;Sanear Soluções Fiscais;Representante de desenvolvimento de vendas;Ribeirão Preto, SP;12/08 15:00;https://www.linkedin.com/jobs/view/4449863893/;missing logo;-;https://www.linkedin.com/company/sanear-solu-es-fiscais/about/;Software e Serviços de TI;sales OR account OR customer success manager OR client success OR developer relations OR technical writer;sanear soluções fiscais;1;;https://www.linkedin.com/jobs/view/4449863893/;https://www.linkedin.com/jobs/view/4449863893/;On-site;Vendas / Comercial;12/08/2026;Ribeirão Preto;São Paulo;SP;Região Sudeste;Brasil;América do Sul
777;Santa Rosa;Assistente de Vendas;Cambé, PR;12/08 10:00;https://www.linkedin.com/jobs/view/4450144690/;https://media.licdn.com/dms/image/v2/C4D0BAQHYWysMh6vmvw/company-logo_100_100/company-logo_100_100/0/1630579850891/broker_santa_rosa_logo?e=1788393600&v=beta&t=g4m_VRKBpPPAwt7XXNhN9Sj97O-KKmmTUByQAnQDxSM;-;https://www.linkedin.com/company/santa-rosa/about/;Vendas e Suporte;sales OR account OR customer success manager OR client success OR developer relations OR technical writer;santa rosa;1;;https://www.linkedin.com/jobs/view/4450144690/;https://www.linkedin.com/jobs/view/4450144690/;On-site;Associate, Vendas / Comercial;12/08/2026;Cambé;Paraná;PR;Região Sul;Brasil;América do Sul
778;Santander Brasil;Espec Clientes Select High;Grande Rio de Janeiro (RJ);12/08 21:00;https://www.linkedin.com/jobs/view/4453361488/;https://media.licdn.com/dms/image/v2/D4D0BAQGO_CAKXyEH2g/company-logo_100_100/B4DZfGdXQHHMAQ-/0/1751381276407/grupo_santander_brasil_logo?e=1788393600&v=beta&t=JLrME_pYAda-8Jfuz0JTyAVyNInvNKfvpTS7MjH55ac;-;https://www.linkedin.com/company/santander-brasil/about/;-;sales OR account OR customer success manager OR client success OR developer relations OR technical writer;santander brasil;1;;https://www.linkedin.com/jobs/view/4453361488/;https://www.linkedin.com/jobs/view/4453361488/;Not informed;Specialist;12/08/2026;;Rio de Janeiro;RJ;Região Sudeste;Brasil;América do Sul
779;Santander Brasil;Espec Clientes B1 I;São Paulo, SP;12/08 09:00;https://www.linkedin.com/jobs/view/4431174126/;https://media.licdn.com/dms/image/v2/D4D0BAQGO_CAKXyEH2g/company-logo_100_100/B4DZfGdXQHHMAQ-/0/1751381276407/grupo_santander_brasil_logo?e=1788393600&v=beta&t=JLrME_pYAda-8Jfuz0JTyAVyNInvNKfvpTS7MjH55ac;-;https://www.linkedin.com/company/santander-brasil/about/;-;sales OR account OR customer success manager OR client success OR developer relations OR technical writer;santander brasil;1;;https://www.linkedin.com/jobs/view/4431174126/;https://www.linkedin.com/jobs/view/4431174126/;Not informed;Specialist;12/08/2026;São Paulo;São Paulo;SP;Região Sudeste;Brasil;América do Sul
780;Schindler Group;Consultor (a) Técnico (a) Comercial de Novas Instalações;Brasília, DF;12/08 15:00;https://www.linkedin.com/jobs/view/4450173598/;https://media.licdn.com/dms/image/v2/D4D0BAQFEpQOv_X4uLQ/company-logo_100_100/B4DZlhNK6NIgAQ-/0/1758272467847/schindler_group_logo?e=1788393600&v=beta&t=H94VqohB5TPnN5-vZpPYxLEMyiiynli_LQHhlAKW5So;Advanced > Specialist;https://www.linkedin.com/company/schindler-group/about/;Vendas e Suporte;sales OR account OR customer success manager OR client success OR developer relations OR technical writer;schindler group;1;;https://www.linkedin.com/jobs/view/4450173598/;https://www.linkedin.com/jobs/view/4450173598/;Not informed;Consultor, Vendas / Comercial;12/08/2026;;Distrito Federal;DF;Região Centro-Oeste;Brasil;América do Sul
781;Schneider Electric;Client Management Assistant;São Paulo, SP;12/08 20:00;https://www.linkedin.com/jobs/view/4453394252/;https://media.licdn.com/dms/image/v2/C4E0BAQGNfeTPCu6Z-w/company-logo_100_100/company-logo_100_100/0/1631312208065?e=1788393600&v=beta&t=C5JLe5NUiONZ1KraxHG2UJrSYZTwuXL5Dx26OowYMXU;Middle > Manager;https://www.linkedin.com/company/schneider-electric/about/;-;sales OR account OR customer success manager OR client success OR developer relations OR technical writer;schneider electric;1;;https://www.linkedin.com/jobs/view/4453394252/;https://www.linkedin.com/jobs/view/4453394252/;Hybrid;Associate;12/08/2026;São Paulo;São Paulo;SP;Região Sudeste;Brasil;América do Sul
782;Seequent;Account Manager;Belo Horizonte, MG;12/08 19:00;https://www.linkedin.com/jobs/view/4405192912/;https://media.licdn.com/dms/image/v2/D560BAQENv3hwNC5ADQ/company-logo_100_100/company-logo_100_100/0/1716343109436/seequent_logo?e=1788393600&v=beta&t=mYVZyIBxsiQqyqWLNa4gFnt3sIlJXJ30nfYnu1YBG_0;Specific > Sales > Account;https://www.linkedin.com/company/seequent/about/;-;sales OR account OR customer success manager OR client success OR developer relations OR technical writer;seequent;1;;https://www.linkedin.com/jobs/view/4405192912/;https://www.linkedin.com/jobs/view/4405192912/;Not informed;Liderança/Gerência, Executivo de Contas;12/08/2026;;Minas Gerais;MG;Região Sudeste;Brasil;América do Sul
783;Seequent;Account Success Manager;Belo Horizonte, MG;12/08 19:00;https://www.linkedin.com/jobs/view/4430289438/;https://media.licdn.com/dms/image/v2/D560BAQENv3hwNC5ADQ/company-logo_100_100/company-logo_100_100/0/1716343109436/seequent_logo?e=1788393600&v=beta&t=mYVZyIBxsiQqyqWLNa4gFnt3sIlJXJ30nfYnu1YBG_0;Specific > Sales > Account;https://www.linkedin.com/company/seequent/about/;-;sales OR account OR customer success manager OR client success OR developer relations OR technical writer;seequent;1;;https://www.linkedin.com/jobs/view/4430289438/;https://www.linkedin.com/jobs/view/4430289438/;Not informed;Liderança/Gerência;12/08/2026;;Minas Gerais;MG;Região Sudeste;Brasil;América do Sul
784;Segala's Alimentos;Assessor de Vendas Internas;Gaspar, SC;12/08 00:00;https://www.linkedin.com/jobs/view/4452327954/;https://media.licdn.com/dms/image/v2/D4D0BAQHU5W-1riDSzg/company-logo_100_100/company-logo_100_100/0/1724184152541/segalas_logo?e=1788393600&v=beta&t=ZPgoWQcEE4CuhvUojffw66HMcQhGWnP9h6e2wJ8Wr8c;-;https://www.linkedin.com/company/segala-s-alimentos/about/;Alimentos e Bebidas;sales OR account OR customer success manager OR client success OR developer relations OR technical writer;segala's alimentos;1;;https://www.linkedin.com/jobs/view/4452327954/;https://www.linkedin.com/jobs/view/4452327954/;On-site;Intern, Vendas / Comercial;12/08/2026;Gaspar;Santa Catarina;SC;Região Sul;Brasil;América do Sul
785;Selsul Recursos Humanos;Vendedor;Canoas, RS;12/08 00:00;https://www.linkedin.com/jobs/view/4452324489/;https://media.licdn.com/dms/image/v2/D4D0BAQHxY6Vpqrykbw/company-logo_100_100/B4DZjTNs.vH0Ac-/0/1755890242408/selsul_recursos_humanos_logo?e=1788393600&v=beta&t=EqpFFp-IPuCrU_6ln9jU0Sr-LgnaLl_JfsETxTCVs4A;-;https://www.linkedin.com/company/selsul-recursos-humanos/about/;Recursos Humanos;sales OR account OR customer success manager OR client success OR developer relations OR technical writer;selsul recursos humanos;1;;https://www.linkedin.com/jobs/view/4452324489/;https://www.linkedin.com/jobs/view/4452324489/;On-site;Vendas / Comercial;12/08/2026;Canoas;Rio Grande do Sul;RS;Região Sul;Brasil;América do Sul
786;Serasa Experian;Especialista de Sucesso do Cliente I;São Paulo, SP;12/08 11:00;https://www.linkedin.com/jobs/view/4453136134/;https://media.licdn.com/dms/image/v2/D4D0BAQGW4EB1A1aUYQ/company-logo_100_100/B4DZyL2uQ_IUAY-/0/1771872904949/serasaexperian_logo?e=1788393600&v=beta&t=PH9UU6fP-QyayoTAEE9sBc1ksY1KDEgnPclHzMlrLJk;Advanced > Specialist;https://www.linkedin.com/company/serasa-experian/about/;-;sales OR account OR customer success manager OR client success OR developer relations OR technical writer;serasa experian;1;;https://www.linkedin.com/jobs/view/4453136134/;https://www.linkedin.com/jobs/view/4453136134/;Hybrid;Specialist;12/08/2026;São Paulo;São Paulo;SP;Região Sudeste;Brasil;América do Sul
787;Serasa Experian;Executivo Comercial Pleno;São Paulo, SP;12/08 06:00;https://www.linkedin.com/jobs/view/4434746879/;https://media.licdn.com/dms/image/v2/D4D0BAQGW4EB1A1aUYQ/company-logo_100_100/B4DZyL2uQ_IUAY-/0/1771872904949/serasaexperian_logo?e=1788393600&v=beta&t=PH9UU6fP-QyayoTAEE9sBc1ksY1KDEgnPclHzMlrLJk;-;https://www.linkedin.com/company/serasa-experian/about/;Software e Serviços de TI;sales OR account OR customer success manager OR client success OR developer relations OR technical writer;serasa experian;1;;https://www.linkedin.com/jobs/view/4434746879/;https://www.linkedin.com/jobs/view/4434746879/;Hybrid;Mid, Vendas / Comercial;12/08/2026;São Paulo;São Paulo;SP;Região Sudeste;Brasil;América do Sul
788;Serasa Experian;Executivo comercial - Grandes bancos / Future Opportunities;São Paulo, SP;12/08 06:00;https://www.linkedin.com/jobs/view/4435371530/;https://media.licdn.com/dms/image/v2/D4D0BAQGW4EB1A1aUYQ/company-logo_100_100/B4DZyL2uQ_IUAY-/0/1771872904949/serasaexperian_logo?e=1788393600&v=beta&t=PH9UU6fP-QyayoTAEE9sBc1ksY1KDEgnPclHzMlrLJk;-;https://www.linkedin.com/company/serasa-experian/about/;Serviços Financeiros;sales OR account OR customer success manager OR client success OR developer relations OR technical writer;serasa experian;1;;https://www.linkedin.com/jobs/view/4435371530/;https://www.linkedin.com/jobs/view/4435371530/;Hybrid;Vendas / Comercial;12/08/2026;São Paulo;São Paulo;SP;Região Sudeste;Brasil;América do Sul
789;Serasa Experian;Executivo comercial - Industria, Agro, Utilities e Setor Público / Future Opportunities;São Paulo, SP;12/08 06:00;https://www.linkedin.com/jobs/view/4435379364/;https://media.licdn.com/dms/image/v2/D4D0BAQGW4EB1A1aUYQ/company-logo_100_100/B4DZyL2uQ_IUAY-/0/1771872904949/serasaexperian_logo?e=1788393600&v=beta&t=PH9UU6fP-QyayoTAEE9sBc1ksY1KDEgnPclHzMlrLJk;-;https://www.linkedin.com/company/serasa-experian/about/;Agro;sales OR account OR customer success manager OR client success OR developer relations OR technical writer;serasa experian;1;;https://www.linkedin.com/jobs/view/4435379364/;https://www.linkedin.com/jobs/view/4435379364/;Hybrid;Vendas / Comercial;12/08/2026;São Paulo;São Paulo;SP;Região Sudeste;Brasil;América do Sul
790;Serasa Experian;Executivo comercial - Multimercados / Future Opportunities;São Paulo, SP;12/08 06:00;https://www.linkedin.com/jobs/view/4435379365/;https://media.licdn.com/dms/image/v2/D4D0BAQGW4EB1A1aUYQ/company-logo_100_100/B4DZyL2uQ_IUAY-/0/1771872904949/serasaexperian_logo?e=1788393600&v=beta&t=PH9UU6fP-QyayoTAEE9sBc1ksY1KDEgnPclHzMlrLJk;-;https://www.linkedin.com/company/serasa-experian/about/;Software e Serviços de TI;sales OR account OR customer success manager OR client success OR developer relations OR technical writer;serasa experian;1;;https://www.linkedin.com/jobs/view/4435379365/;https://www.linkedin.com/jobs/view/4435379365/;Hybrid;Vendas / Comercial;12/08/2026;São Paulo;São Paulo;SP;Região Sudeste;Brasil;América do Sul
791;Serasa Experian;Executivo comercial / Varejo e Atacado - Future Opportunities;São Paulo, SP;12/08 06:00;https://www.linkedin.com/jobs/view/4435367586/;https://media.licdn.com/dms/image/v2/D4D0BAQGW4EB1A1aUYQ/company-logo_100_100/B4DZyL2uQ_IUAY-/0/1771872904949/serasaexperian_logo?e=1788393600&v=beta&t=PH9UU6fP-QyayoTAEE9sBc1ksY1KDEgnPclHzMlrLJk;-;https://www.linkedin.com/company/serasa-experian/about/;Software e Serviços de TI;sales OR account OR customer success manager OR client success OR developer relations OR technical writer;serasa experian;1;;https://www.linkedin.com/jobs/view/4435367586/;https://www.linkedin.com/jobs/view/4435367586/;Hybrid;Varejo, Vendas / Comercial;12/08/2026;São Paulo;São Paulo;SP;Região Sudeste;Brasil;América do Sul
792;Serasa Experian;Executivo comercial Healthcare Markets / Future Opportunities;São Paulo, SP;12/08 06:00;https://www.linkedin.com/jobs/view/4435374465/;https://media.licdn.com/dms/image/v2/D4D0BAQGW4EB1A1aUYQ/company-logo_100_100/B4DZyL2uQ_IUAY-/0/1771872904949/serasaexperian_logo?e=1788393600&v=beta&t=PH9UU6fP-QyayoTAEE9sBc1ksY1KDEgnPclHzMlrLJk;-;https://www.linkedin.com/company/serasa-experian/about/;Saúde e Hospitais;sales OR account OR customer success manager OR client success OR developer relations OR technical writer;serasa experian;1;;https://www.linkedin.com/jobs/view/4435374465/;https://www.linkedin.com/jobs/view/4435374465/;Hybrid;Saúde/Pesquisa, Vendas / Comercial;12/08/2026;São Paulo;São Paulo;SP;Região Sudeste;Brasil;América do Sul
793;Serasa Experian;Executivo(a) Comercial Sênior - Bancos Privados (Grandes Contas);São Paulo, SP;12/08 06:00;https://www.linkedin.com/jobs/view/4435380378/;https://media.licdn.com/dms/image/v2/D4D0BAQGW4EB1A1aUYQ/company-logo_100_100/B4DZyL2uQ_IUAY-/0/1771872904949/serasaexperian_logo?e=1788393600&v=beta&t=PH9UU6fP-QyayoTAEE9sBc1ksY1KDEgnPclHzMlrLJk;-;https://www.linkedin.com/company/serasa-experian/about/;Serviços Financeiros;sales OR account OR customer success manager OR client success OR developer relations OR technical writer;serasa experian;1;;https://www.linkedin.com/jobs/view/4435380378/;https://www.linkedin.com/jobs/view/4435380378/;Hybrid;Senior, Vendas / Comercial;12/08/2026;São Paulo;São Paulo;SP;Região Sudeste;Brasil;América do Sul
794;Serrana Distribuidora inc.;Promotor Técnico de Vendas (Grandes Animais);Teresina, PI;12/08 11:00;https://www.linkedin.com/jobs/view/4450150681/;https://media.licdn.com/dms/image/v2/C4D0BAQE3c-xA3uDBAA/company-logo_100_100/company-logo_100_100/0/1630527894218?e=1788393600&v=beta&t=uw4Zgfg0xG0A_fMSXU3gI9z0Ay15hEVbTbWxz5ZfkLA;-;https://www.linkedin.com/company/serrana-distribuidora-inc/about/;Cuidado Animal;sales OR account OR customer success manager OR client success OR developer relations OR technical writer;serrana distribuidora inc.;1;;https://www.linkedin.com/jobs/view/4450150681/;https://www.linkedin.com/jobs/view/4450150681/;On-site;Vendas / Comercial;12/08/2026;;Piauí;PI;Região Nordeste;Brasil;América do Sul
795;ServerDo.in;Analista de Sucesso do cliente Junior;São José, SC;12/08 17:00;https://www.linkedin.com/jobs/view/4450193082/;https://media.licdn.com/dms/image/v2/C4D0BAQGTTNESQ6PIsA/company-logo_100_100/company-logo_100_100/0/1641490291101/serverdo_in_logo?e=1788393600&v=beta&t=t4rv4ThITiPE0BnomrPE3tEKI91w3Vs6oJZwo7WHpME;Advanced > Specialist;https://www.linkedin.com/company/serverdo-in/about/;-;sales OR account OR customer success manager OR client success OR developer relations OR technical writer;serverdo.in;1;;https://www.linkedin.com/jobs/view/4450193082/;https://www.linkedin.com/jobs/view/4450193082/;On-site;Junior, Associate;12/08/2026;;Santa Catarina;SC;Região Sul;Brasil;América do Sul
796;ServiceNow;Brazil State & Local Government Advisory Solution Consultant;Brasília, DF;12/08 16:00;https://www.linkedin.com/jobs/view/4452752288/;https://media.licdn.com/dms/image/v2/D560BAQG-sNe0_VNRnQ/company-logo_100_100/B56Zak7lUsGgAQ-/0/1746523805288/servicenow_logo?e=1788393600&v=beta&t=0wRaVE14Tk8hYUPJEXuhhRggjlpcTUGRxx3g3rSiiJc;Advanced > Specialist;https://www.linkedin.com/company/servicenow/about/;Governo e Social;sales OR account OR customer success manager OR client success OR developer relations OR technical writer;servicenow;1;;https://www.linkedin.com/jobs/view/4452752288/;https://www.linkedin.com/jobs/view/4452752288/;On-site;Consultor;12/08/2026;;Distrito Federal;DF;Região Centro-Oeste;Brasil;América do Sul
797;ServiceNow;Enterprise Account Exec - Cybersecurity (Armis/Veza);Brasília, DF;12/08 16:00;https://www.linkedin.com/jobs/view/4452739400/;https://media.licdn.com/dms/image/v2/D560BAQG-sNe0_VNRnQ/company-logo_100_100/B56Zak7lUsGgAQ-/0/1746523805288/servicenow_logo?e=1788393600&v=beta&t=0wRaVE14Tk8hYUPJEXuhhRggjlpcTUGRxx3g3rSiiJc;Cybersecurity;https://www.linkedin.com/company/servicenow/about/;Cibersegurança;sales OR account OR customer success manager OR client success OR developer relations OR technical writer;servicenow;1;;https://www.linkedin.com/jobs/view/4452739400/;https://www.linkedin.com/jobs/view/4452739400/;On-site;Cybersecurity;12/08/2026;;Distrito Federal;DF;Região Centro-Oeste;Brasil;América do Sul
798;Servicekleen Brasil;Analista de retenção;Itapevi, SP;12/08 12:00;https://www.linkedin.com/jobs/view/4441038418/;https://media.licdn.com/dms/image/v2/D4D0BAQEPhJJ5Ab6NuA/company-logo_100_100/company-logo_100_100/0/1692889152792/servicekleenbr_logo?e=1788393600&v=beta&t=gi6e7BK2G4B-PL9NIpQW43NZSYzxg6_WZywbySRCaE0;Advanced > Specialist;https://www.linkedin.com/company/servicekleen-brasil/about/;-;sales OR account OR customer success manager OR client success OR developer relations OR technical writer;servicekleen brasil;1;;https://www.linkedin.com/jobs/view/4441038418/;https://www.linkedin.com/jobs/view/4441038418/;On-site;Associate;12/08/2026;Itapevi;São Paulo;SP;Região Sudeste;Brasil;América do Sul
799;Shopee;Analista Comercial de Marketplace Sênior - Categoria Supermercado;São Paulo, SP;12/08 10:00;https://www.linkedin.com/jobs/view/4442672795/;https://media.licdn.com/dms/image/v2/C560BAQE0iX_dgdH7nA/company-logo_100_100/company-logo_100_100/0/1672279162763/shopee_logo?e=1788393600&v=beta&t=KiYTDbKlMpWRcLkH5nn_sbsG3TYpjVK-BaJzSMJFj3Q;Advanced > Specialist;https://www.linkedin.com/company/shopee/about/;Vendas e Suporte;sales OR account OR customer success manager OR client success OR developer relations OR technical writer;shopee;1;;https://www.linkedin.com/jobs/view/4442672795/;https://www.linkedin.com/jobs/view/4442672795/;Not informed;Senior, Associate, Vendas / Comercial;12/08/2026;São Paulo;São Paulo;SP;Região Sudeste;Brasil;América do Sul
800;Shopee;Especialista de Monetização para Agências;São Paulo, SP;12/08 16:00;https://www.linkedin.com/jobs/view/4452740291/;https://media.licdn.com/dms/image/v2/C560BAQE0iX_dgdH7nA/company-logo_100_100/company-logo_100_100/0/1672279162763/shopee_logo?e=1788393600&v=beta&t=KiYTDbKlMpWRcLkH5nn_sbsG3TYpjVK-BaJzSMJFj3Q;Advanced > Specialist;https://www.linkedin.com/company/shopee/about/;Marketing e Publicidade Marketing;sales OR account OR customer success manager OR client success OR developer relations OR technical writer;shopee;1;;https://www.linkedin.com/jobs/view/4452740291/;https://www.linkedin.com/jobs/view/4452740291/;Not informed;Specialist;12/08/2026;São Paulo;São Paulo;SP;Região Sudeste;Brasil;América do Sul
801;Shopp Medical;Consultor (a) de Vendas;Cascavel, PR;12/08 10:00;https://www.linkedin.com/jobs/view/4450132715/;https://media.licdn.com/dms/image/v2/D4D0BAQE9FWFHLh0mow/company-logo_100_100/B4DZcwjjVFGcAU-/0/1748866316099/shopp_medical_logo?e=1788393600&v=beta&t=ypBjS1GUvLCcRUIO8a7rwjKLWeSigsa2nMgDWcMJKBY;Advanced > Specialist;https://www.linkedin.com/company/shopp-medical/about/;Vendas e Suporte;sales OR account OR customer success manager OR client success OR developer relations OR technical writer;shopp medical;1;;https://www.linkedin.com/jobs/view/4450132715/;https://www.linkedin.com/jobs/view/4450132715/;On-site;Consultor, Vendas / Comercial;12/08/2026;;Paraná;PR;Região Sul;Brasil;América do Sul
802;Shufti;Sales Account Executive;Brasil;12/08 03:00;https://www.linkedin.com/jobs/view/4452363246/;https://media.licdn.com/dms/image/v2/D4D0BAQFarChNnHB5Wg/company-logo_100_100/B4DZ.y2Xe6IsAI-/0/1785412024504/shufti_pro_logo?e=1788393600&v=beta&t=RoF6foKgTK684RXAbNdRcQkRiTRO0ccubu69UVn0ERQ;Specific > Sales > Account;https://www.linkedin.com/company/shufti/about/;Software e Serviços de TI;sales OR account OR customer success manager OR client success OR developer relations OR technical writer;shufti;1;;https://www.linkedin.com/jobs/view/4452363246/;https://www.linkedin.com/jobs/view/4452363246/;Remote;Vendas / Comercial, Executivo de Contas;12/08/2026;;;;;Brasil;América do Sul
803;Sicoob;Agente Comercial - Adquirência;Grande Porto Alegre (RS);12/08 17:00;https://www.linkedin.com/jobs/view/4453345820/;https://media.licdn.com/dms/image/v2/D4D0BAQHRRhXp9DXkyg/company-logo_100_100/B4DZY7Hj4RGkAQ-/0/1744748560238/sicooboficial_logo?e=1788393600&v=beta&t=0QWHaK_i-HKP7KTWsQtsIttA2dRLlQin-PRWrZLuXNE;-;https://www.linkedin.com/company/sicoob/about/;Vendas e Suporte;sales OR account OR customer success manager OR client success OR developer relations OR technical writer;sicoob;1;;https://www.linkedin.com/jobs/view/4453345820/;https://www.linkedin.com/jobs/view/4453345820/;On-site;Vendas / Comercial;12/08/2026;;Rio Grande do Sul;RS;Região Sul;Brasil;América do Sul
804;Sicoob Crediauc;Gerente de Relacionamento PF;Concórdia, SC;12/08 17:00;https://www.linkedin.com/jobs/view/4453344862/;https://media.licdn.com/dms/image/v2/C4D0BAQH_1DURi_xKRA/company-logo_100_100/company-logo_100_100/0/1630569598443?e=1788393600&v=beta&t=WPzeLCit60TrzdVugkp9DQJMnDzVMohYZXMNKiVeLHI;Middle > Manager;https://www.linkedin.com/company/sicoob-crediauc/about/;-;sales OR account OR customer success manager OR client success OR developer relations OR technical writer;sicoob crediauc;1;;https://www.linkedin.com/jobs/view/4453344862/;https://www.linkedin.com/jobs/view/4453344862/;On-site;Mid, Liderança/Gerência;12/08/2026;Concórdia;Santa Catarina;SC;Região Sul;Brasil;América do Sul
805;Sicoob Unique Br;Gerente de Relacionamento PJ;Sinop, MT;12/08 17:00;https://www.linkedin.com/jobs/view/4453358626/;https://media.licdn.com/dms/image/v2/C4E0BAQFp_G7TFnHxPg/company-logo_100_100/company-logo_100_100/0/1646419964846/sicoobuniquebr_logo?e=1788393600&v=beta&t=uIsdK25TMi1OvcQyTAigwl194JBbZSIbmGD-66wOcG4;Middle > Manager;https://www.linkedin.com/company/sicoob-unique-br/about/;-;sales OR account OR customer success manager OR client success OR developer relations OR technical writer;sicoob unique br;1;;https://www.linkedin.com/jobs/view/4453358626/;https://www.linkedin.com/jobs/view/4453358626/;On-site;Freelance/PJ, Mid, Liderança/Gerência;12/08/2026;Sinop;Mato Grosso;MT;Região Centro-Oeste;Brasil;América do Sul
806;Sicredi;0731 - Gerente de Negócios PJ | Indaiatuba - Morada do Sol;Indaiatuba, SP;12/08 09:00;https://www.linkedin.com/jobs/view/4453119545/;https://media.licdn.com/dms/image/v2/C4E0BAQGnL3LzxJa-xg/company-logo_100_100/company-logo_100_100/0/1630600609502/sicredi_logo?e=1788393600&v=beta&t=9lWgydAUxXMTdTbpBR9WzkYSR6vqqvTxi9IepJlYM7k;Middle > Manager;https://www.linkedin.com/company/sicredi/about/;-;sales OR account OR customer success manager OR client success OR developer relations OR technical writer;sicredi;1;;https://www.linkedin.com/jobs/view/4453119545/;https://www.linkedin.com/jobs/view/4453119545/;Not informed;Freelance/PJ, Mid, Gerente de Negócios, Liderança/Gerência;12/08/2026;Indaiatuba;São Paulo;SP;Região Sudeste;Brasil;América do Sul
807;Sicredi;0911- Gerente de Negócios Pessoa Física - Sicredi Tocantinópolis/TO;Tocantinópolis, TO;12/08 17:00;https://www.linkedin.com/jobs/view/4453348891/;https://media.licdn.com/dms/image/v2/C4E0BAQGnL3LzxJa-xg/company-logo_100_100/company-logo_100_100/0/1630600609502/sicredi_logo?e=1788393600&v=beta&t=9lWgydAUxXMTdTbpBR9WzkYSR6vqqvTxi9IepJlYM7k;Middle > Manager;https://www.linkedin.com/company/sicredi/about/;Software e Serviços de TI;sales OR account OR customer success manager OR client success OR developer relations OR technical writer;sicredi;1;;https://www.linkedin.com/jobs/view/4453348891/;https://www.linkedin.com/jobs/view/4453348891/;On-site;PCD / Afirmativa, Mid, Gerente de Negócios, Liderança/Gerência;12/08/2026;Tocantinópolis;Tocantins;TO;Região Norte;Brasil;América do Sul
808;Siemens Healthineers;Innovation & Strategic Partnerships Specialist;Grande São Paulo (SP) ;12/08 17:00;https://www.linkedin.com/jobs/view/4450170999/;https://media.licdn.com/dms/image/v2/C4D0BAQE5hmEcQGYmLg/company-logo_100_100/company-logo_100_100/0/1635709402063/siemens_healthineers_logo?e=1788393600&v=beta&t=sJIvEdUfH4bUXW_YdZttpMwyiUWh_pbFpVkGAejwK_M;Inovação > Ai Innovation;https://www.linkedin.com/company/siemens-healthineers/about/;Saúde e Hospitais;sales OR account OR customer success manager OR client success OR developer relations OR technical writer;siemens healthineers;1;;https://www.linkedin.com/jobs/view/4450170999/;https://www.linkedin.com/jobs/view/4450170999/;Not informed;Specialist, Inovação/P&D;12/08/2026;;São Paulo;SP;Região Sudeste;Brasil;América do Sul
809;Signode;Vendedor Técnico;Cabreúva, SP;12/08 11:00;https://www.linkedin.com/jobs/view/4443550745/;https://media.licdn.com/dms/image/v2/D4D0BAQH-RXin2VPcFQ/company-logo_100_100/B4DZybXxihG8AQ-/0/1772133227033/signode_logo?e=1788393600&v=beta&t=zd3F2WdlVqDiSI53bVKnieZoOvHAbknjD8vZFV25Wjo;-;https://www.linkedin.com/company/signode/about/;-;sales OR account OR customer success manager OR client success OR developer relations OR technical writer;signode;1;;https://www.linkedin.com/jobs/view/4443550745/;https://www.linkedin.com/jobs/view/4443550745/;Hybrid;Vendas / Comercial;12/08/2026;Cabreúva;São Paulo;SP;Região Sudeste;Brasil;América do Sul
810;Sistema Fiep;Assistente de Relacionamento com Cliente - RP 20226;Toledo, PR;12/08 06:00;https://www.linkedin.com/jobs/view/4452363758/;https://media.licdn.com/dms/image/v2/D4D0BAQELb2bjTQhZdg/company-logo_100_100/company-logo_100_100/0/1723136680776/sistemafiep_logo?e=1788393600&v=beta&t=RhcKGMX9v2lMdQjqpTGLHK6A_SBEar_Iy4aYncacs54;-;https://www.linkedin.com/company/sistema-fiep/about/;-;sales OR account OR customer success manager OR client success OR developer relations OR technical writer;sistema fiep;1;;https://www.linkedin.com/jobs/view/4452363758/;https://www.linkedin.com/jobs/view/4452363758/;On-site;Associate;12/08/2026;Toledo;Paraná;PR;Região Sul;Brasil;América do Sul
811;Sistema Fiep;Assistente de relacionamento com o cliente (PCD);Toledo, PR;12/08 14:00;https://www.linkedin.com/jobs/view/4450153782/;https://media.licdn.com/dms/image/v2/D4D0BAQELb2bjTQhZdg/company-logo_100_100/company-logo_100_100/0/1723136680776/sistemafiep_logo?e=1788393600&v=beta&t=RhcKGMX9v2lMdQjqpTGLHK6A_SBEar_Iy4aYncacs54;-;https://www.linkedin.com/company/sistema-fiep/about/;-;sales OR account OR customer success manager OR client success OR developer relations OR technical writer;sistema fiep;1;;https://www.linkedin.com/jobs/view/4450153782/;https://www.linkedin.com/jobs/view/4450153782/;On-site;PCD / Afirmativa, Associate;12/08/2026;Toledo;Paraná;PR;Região Sul;Brasil;América do Sul
812;Skydropx LATAM;Key Account Manager Pleno;Curitiba, PR;12/08 15:00;https://www.linkedin.com/jobs/view/4452750009/;https://media.licdn.com/dms/image/v2/D4D0BAQEFfyjXoVpm0w/company-logo_100_100/B4DZiZ2nwhGsAQ-/0/1754927889909/skydropxlatam_logo?e=1788393600&v=beta&t=wfLh2mEjnNv9NmN9GCY_Jr6QepALz4951iVMHGAp8C4;Specific > Sales > Account;https://www.linkedin.com/company/skydropx-latam/about/;-;sales OR account OR customer success manager OR client success OR developer relations OR technical writer;skydropx latam;1;;https://www.linkedin.com/jobs/view/4452750009/;https://www.linkedin.com/jobs/view/4452750009/;Hybrid;Mid, Liderança/Gerência, Executivo de Contas;12/08/2026;;Paraná;PR;Região Sul;Brasil;América do Sul
813;Skydropx LATAM;Supervisor(a) de Customer Success (SaaS);Curitiba, PR;12/08 16:00;https://www.linkedin.com/jobs/view/4452741206/;https://media.licdn.com/dms/image/v2/D4D0BAQEFfyjXoVpm0w/company-logo_100_100/B4DZiZ2nwhGsAQ-/0/1754927889909/skydropxlatam_logo?e=1788393600&v=beta&t=wfLh2mEjnNv9NmN9GCY_Jr6QepALz4951iVMHGAp8C4;Specific > Customer Success Manager;https://www.linkedin.com/company/skydropx-latam/about/;-;sales OR account OR customer success manager OR client success OR developer relations OR technical writer;skydropx latam;1;;https://www.linkedin.com/jobs/view/4452741206/;https://www.linkedin.com/jobs/view/4452741206/;Hybrid;Mid, Liderança/Gerência;12/08/2026;;Paraná;PR;Região Sul;Brasil;América do Sul
814;Smart Soluções;CONSULTOR DE VENDAS  B2B EXTERNO;Caucaia, CE;12/08 11:00;https://www.linkedin.com/jobs/view/4453124288/;https://media.licdn.com/dms/image/v2/D4D0BAQE6DIFnmNj71A/company-logo_100_100/company-logo_100_100/0/1724441856794/smart_solues_logo?e=1788393600&v=beta&t=MuAYNaxlbvLP3lF9oB2uxeXFZiTacauVKO4iEJ-Rrvw;Advanced > Specialist;https://www.linkedin.com/company/smart-solu-es/about/;Vendas e Suporte;sales OR account OR customer success manager OR client success OR developer relations OR technical writer;smart soluções;1;;https://www.linkedin.com/jobs/view/4453124288/;https://www.linkedin.com/jobs/view/4453124288/;On-site;Consultor, Vendas / Comercial;12/08/2026;Caucaia;Ceará;CE;Região Nordeste;Brasil;América do Sul
815;Snowflake;Account Executive, Latin America;São Paulo, SP;12/08 07:00;https://www.linkedin.com/jobs/view/4435349352/;https://media.licdn.com/dms/image/v2/D560BAQF3mYS3WqCB3g/company-logo_100_100/company-logo_100_100/0/1688575708630/snowflake_computing_logo?e=1788393600&v=beta&t=X55uNNbh98phUk7V7U1BTnUB-ia_09JazJHzLAoksko;Specific > Sales > Account;https://www.linkedin.com/company/snowflake/about/;Software e Serviços de TI;sales OR account OR customer success manager OR client success OR developer relations OR technical writer;snowflake;1;;https://www.linkedin.com/jobs/view/4435349352/;https://www.linkedin.com/jobs/view/4435349352/;Not informed;Vendas / Comercial, Executivo de Contas;12/08/2026;São Paulo;São Paulo;SP;Região Sudeste;Brasil;América do Sul
816;Soccol Barbieri;Coordenador Comercial;Passo Fundo, RS;12/08 14:00;https://www.linkedin.com/jobs/view/4450156606/;https://media.licdn.com/dms/image/v2/C4D0BAQHEy9qdTz1TZQ/company-logo_100_100/company-logo_100_100/0/1638210607835/soccolbarbieri_logo?e=1788393600&v=beta&t=fyO5a0n22MK3ucAQOV6bQ0fZ6CS12h615KxxWnEjH34;Middle > Manager;https://www.linkedin.com/company/soccol-barbieri/about/;Vendas e Suporte;sales OR account OR customer success manager OR client success OR developer relations OR technical writer;soccol barbieri;1;;https://www.linkedin.com/jobs/view/4450156606/;https://www.linkedin.com/jobs/view/4450156606/;On-site;Mid, Liderança/Gerência, Vendas / Comercial;12/08/2026;Passo Fundo;Rio Grande do Sul;RS;Região Sul;Brasil;América do Sul
817;Soft & Cia Tecnologia;Vendedor Interno;Sorocaba, SP;12/08 14:00;https://www.linkedin.com/jobs/view/4450164590/;https://media.licdn.com/dms/image/v2/D4D0BAQEgmo-BpRTOhg/company-logo_100_100/company-logo_100_100/0/1699387597961/softcia_logo?e=1788393600&v=beta&t=mdcwjQhTzRAW3rIxVIKmVxUTIuvore1aOqbaX6WU1rc;-;https://www.linkedin.com/company/soft-cia-tecnologia/about/;-;sales OR account OR customer success manager OR client success OR developer relations OR technical writer;soft & cia tecnologia;1;;https://www.linkedin.com/jobs/view/4450164590/;https://www.linkedin.com/jobs/view/4450164590/;On-site;Intern, Vendas / Comercial;12/08/2026;Sorocaba;São Paulo;SP;Região Sudeste;Brasil;América do Sul
818;Software.com.br;Analista Comercial Bilingue (Espanhol);São Paulo, SP;12/08 08:00;https://www.linkedin.com/jobs/view/4450140104/;https://media.licdn.com/dms/image/v2/D4E0BAQEO9R4kLgRXHg/company-logo_100_100/company-logo_100_100/0/1690470139379/software_tecnologia_logo?e=1788393600&v=beta&t=qDyfNeWMtx7vaM7aIo726vRDt-EEhFeuXWAl266O-n0;Advanced > Specialist;https://www.linkedin.com/company/software-com-br/about/;Software e Serviços de TI;sales OR account OR customer success manager OR client success OR developer relations OR technical writer;software.com.br;1;;https://www.linkedin.com/jobs/view/4450140104/;https://www.linkedin.com/jobs/view/4450140104/;On-site;Associate, Vendas / Comercial;12/08/2026;São Paulo;São Paulo;SP;Região Sudeste;Brasil;América do Sul
819;Sofá Novo de Novo;Consultor de vendas;Curitiba, PR;12/08 09:00;https://www.linkedin.com/jobs/view/4450149391/;https://media.licdn.com/dms/image/v2/C560BAQGzStCta50fNQ/company-logo_100_100/company-logo_100_100/0/1630647544688?e=1788393600&v=beta&t=vHPuoRE0QZnQRhHLpRQXQR3YgKV8vjmICVJFnQpXleU;Advanced > Specialist;https://www.linkedin.com/company/sof-novo-de-novo/about/;Vendas e Suporte;sales OR account OR customer success manager OR client success OR developer relations OR technical writer;sofá novo de novo;1;;https://www.linkedin.com/jobs/view/4450149391/;https://www.linkedin.com/jobs/view/4450149391/;On-site;Consultor, Vendas / Comercial;12/08/2026;;Paraná;PR;Região Sul;Brasil;América do Sul
820;Solar Life Energy;Consultor de vendas JR;Cabo de Santo Agostinho, PE;12/08 20:00;https://www.linkedin.com/jobs/view/4453398285/;https://media.licdn.com/dms/image/v2/C4E0BAQHy9v2JttLodg/company-logo_100_100/company-logo_100_100/0/1631791778477?e=1788393600&v=beta&t=iWVgxaHzgnJaVWkPY80eGOPPn4jq_QpVJCfb272jYX8;Advanced > Specialist;https://www.linkedin.com/company/solar-life-energy/about/;Energia e Combustíveis;sales OR account OR customer success manager OR client success OR developer relations OR technical writer;solar life energy;1;;https://www.linkedin.com/jobs/view/4453398285/;https://www.linkedin.com/jobs/view/4453398285/;On-site;Junior, Consultor, Vendas / Comercial;12/08/2026;Cabo de Santo Agostinho;Pernambuco;PE;Região Nordeste;Brasil;América do Sul
821;Solar Vale - Energia e Sustentabilidade ®;Vendedor Interno;Blumenau, SC;12/08 10:00;https://www.linkedin.com/jobs/view/4450136652/;https://media.licdn.com/dms/image/v2/D4D0BAQGn2FFoj3Hstw/company-logo_100_100/B4DZ5ByX2.IUAI-/0/1779220184793/solarvaleenergia_logo?e=1788393600&v=beta&t=CtOx-ZkUKDJRUM4gvt0ytQ0PvXD3wAxcFtMWTa-B7Ew;-;https://www.linkedin.com/company/solar-vale-energia-e-sustentabilidade/about/;Energia e Combustíveis;sales OR account OR customer success manager OR client success OR developer relations OR technical writer;solar vale - energia e sustentabilidade ®;1;;https://www.linkedin.com/jobs/view/4450136652/;https://www.linkedin.com/jobs/view/4450136652/;On-site;Intern, Vendas / Comercial;12/08/2026;Blumenau;Santa Catarina;SC;Região Sul;Brasil;América do Sul
822;Solublink Distribuidora;Consultor de vendas;Blumenau, SC;12/08 14:00;https://www.linkedin.com/jobs/view/4450170473/;https://media.licdn.com/dms/image/v2/C4D0BAQGZZcfoYM2oYQ/company-logo_100_100/company-logo_100_100/0/1658262355183/solublink_distribuidora_logo?e=1788393600&v=beta&t=hKRQHXk3-NghT2u5_n-a74hMsEX1RoWsPZSt4a8i6E4;Advanced > Specialist;https://www.linkedin.com/company/solublink-distribuidora/about/;Vendas e Suporte;sales OR account OR customer success manager OR client success OR developer relations OR technical writer;solublink distribuidora;1;;https://www.linkedin.com/jobs/view/4450170473/;https://www.linkedin.com/jobs/view/4450170473/;On-site;Consultor, Vendas / Comercial;12/08/2026;Blumenau;Santa Catarina;SC;Região Sul;Brasil;América do Sul
823;Solutions RH;CONSULTOR(A) DE RELACIONAMENTO COM PACIENTES - PRÉ-VENDAS;São Paulo, SP;11/08 22:00;https://www.linkedin.com/jobs/view/4453018933/;https://media.licdn.com/dms/image/v2/D4D0BAQGxSVy7wcRSsg/company-logo_100_100/B4DZp0QiHxJIAQ-/0/1762887083089?e=1788393600&v=beta&t=eqxpgEQaCEUHC_YDQX92gwL31uHtq7ii9vqFryU8Gdk;Advanced > Specialist;https://www.linkedin.com/company/solutions-rh/about/;Recursos Humanos;sales OR account OR customer success manager OR client success OR developer relations OR technical writer;solutions rh;1;;https://www.linkedin.com/jobs/view/4453018933/;https://www.linkedin.com/jobs/view/4453018933/;On-site;Consultor, Vendas / Comercial;12/08/2026;São Paulo;São Paulo;SP;Região Sudeste;Brasil;América do Sul
824;Soluções Sophia;SDR | BDR | PRÉ VENDAS;São José dos Campos, SP;11/08 22:00;https://www.linkedin.com/jobs/view/4451975862/;https://media.licdn.com/dms/image/v2/D4D0BAQERq_aPjOe87g/company-logo_100_100/B4DZy.EPXGKYAQ-/0/1772715309163/solucoessophia_logo?e=1788393600&v=beta&t=v0y9JRcHrrLdhdZV1is4UnNevA_JtHol5uo5rBZaE-o;-;https://www.linkedin.com/company/solu-es-sophia/about/;Vendas e Suporte;sales OR account OR customer success manager OR client success OR developer relations OR technical writer;soluções sophia;1;;https://www.linkedin.com/jobs/view/4451975862/;https://www.linkedin.com/jobs/view/4451975862/;On-site;Vendas / Comercial;12/08/2026;São José dos Campos;São Paulo;SP;Região Sudeste;Brasil;América do Sul
825;Soma - Gestão Contábil Inteligente;Analista Comercial- BDR;Goiânia, GO;12/08 00:00;https://www.linkedin.com/jobs/view/4452304850/;https://media.licdn.com/dms/image/v2/D4E0BAQHRN4hzCvNXxw/company-logo_100_100/B4EZcX4GaBG4Ak-/0/1748452272300/soma_consultoriacontabil_logo?e=1788393600&v=beta&t=h2eG-u1Ha8iYx1_EVibBLMgacwWwCVBu3fRyJWXqygk;Advanced > Specialist;https://www.linkedin.com/company/soma-gest-o-cont-bil-inteligente/about/;Hardware e Eletrônicos;sales OR account OR customer success manager OR client success OR developer relations OR technical writer;soma - gestão contábil inteligente;1;;https://www.linkedin.com/jobs/view/4452304850/;https://www.linkedin.com/jobs/view/4452304850/;On-site;Associate, Vendas / Comercial;12/08/2026;Goiânia;Goiás;GO;Região Centro-Oeste;Brasil;América do Sul
826;Soma Solution;Consultor de vendas;Maringá, PR;12/08 00:00;https://www.linkedin.com/jobs/view/4452335070/;https://media.licdn.com/dms/image/v2/C560BAQH6TbASTVPGOQ/company-logo_100_100/company-logo_100_100/0/1636054255489/soma_sul_equipamentos_ltda_logo?e=1788393600&v=beta&t=_J2NQ81lU4ZJaGZivVNcDLfHxES9cfVOfml06shEeTo;Advanced > Specialist;https://www.linkedin.com/company/soma-solution/about/;Software e Serviços de TI;sales OR account OR customer success manager OR client success OR developer relations OR technical writer;soma solution;1;;https://www.linkedin.com/jobs/view/4452335070/;https://www.linkedin.com/jobs/view/4452335070/;On-site;Consultor, Vendas / Comercial;12/08/2026;Maringá;Paraná;PR;Região Sul;Brasil;América do Sul
827;Soma Solution;Consultor de vendas;São Leopoldo, RS;12/08 00:00;https://www.linkedin.com/jobs/view/4452326992/;https://media.licdn.com/dms/image/v2/C560BAQH6TbASTVPGOQ/company-logo_100_100/company-logo_100_100/0/1636054255489/soma_sul_equipamentos_ltda_logo?e=1788393600&v=beta&t=_J2NQ81lU4ZJaGZivVNcDLfHxES9cfVOfml06shEeTo;Advanced > Specialist;https://www.linkedin.com/company/soma-solution/about/;Software e Serviços de TI;sales OR account OR customer success manager OR client success OR developer relations OR technical writer;soma solution;1;;https://www.linkedin.com/jobs/view/4452326992/;https://www.linkedin.com/jobs/view/4452326992/;On-site;Consultor, Vendas / Comercial;12/08/2026;;Rio Grande do Sul;RS;Região Sul;Brasil;América do Sul
828;Spiltag;VENDEDOR(A) INTERNO - SPILPACK;Campinas, SP;12/08 21:00;https://www.linkedin.com/jobs/view/4453395870/;https://media.licdn.com/dms/image/v2/D4D0BAQFV5oG4AwISXw/company-logo_100_100/company-logo_100_100/0/1705321053080/spiltag_logo?e=1788393600&v=beta&t=99MjcuspHByNJ8WYfi-IEhQ5SL-LV6CluRqBtKpbGyo;-;https://www.linkedin.com/company/spiltag/about/;-;sales OR account OR customer success manager OR client success OR developer relations OR technical writer;spiltag;1;;https://www.linkedin.com/jobs/view/4453395870/;https://www.linkedin.com/jobs/view/4453395870/;Not informed;Intern, Vendas / Comercial;12/08/2026;;São Paulo;SP;Região Sudeste;Brasil;América do Sul
829;Spotx;Executivo(a) Comercial;Vitória, ES;11/08 22:00;https://www.linkedin.com/jobs/view/4451975856/;https://media.licdn.com/dms/image/v2/D4D0BAQFPhPRVFRn5-Q/company-logo_100_100/B4DZu8ymSnIEAQ-/0/1768398939910/spotx_log_logo?e=1788393600&v=beta&t=ylUO1CTn646sC1u2axNwbh8-6aJrAM3gy5_Uap1dEWc;-;https://www.linkedin.com/company/spotx/about/;Software e Serviços de TI;sales OR account OR customer success manager OR client success OR developer relations OR technical writer;spotx;1;;https://www.linkedin.com/jobs/view/4451975856/;https://www.linkedin.com/jobs/view/4451975856/;On-site;Vendas / Comercial;12/08/2026;Vitoria-Gasteiz;Euskadi;PV;;España;
830;Starvision China Import Export;Representante de desenvolvimento de vendas;Porto Alegre, RS;12/08 08:00;https://www.linkedin.com/jobs/view/4433719374/;https://media.licdn.com/dms/image/v2/C4E0BAQHxTpXfJrU4rw/company-logo_100_100/company-logo_100_100/0/1631364362729/starvision_import_export_logo?e=1788393600&v=beta&t=Uf3w37ibSlaYNgdCfQXkcoxCAsgJXrdgjhb_T_NSUio;-;https://www.linkedin.com/company/starvision-china-import-export/about/;Software e Serviços de TI;sales OR account OR customer success manager OR client success OR developer relations OR technical writer;starvision china import export;1;;https://www.linkedin.com/jobs/view/4433719374/;https://www.linkedin.com/jobs/view/4433719374/;On-site;Vendas / Comercial;12/08/2026;Porto Alegre;Rio Grande do Sul;RS;Região Sul;Brasil;América do Sul
831;Stefanini Brasil;Executivo Negócios Digitais;Belo Horizonte, MG;12/08 12:00;https://www.linkedin.com/jobs/view/4443913946/;https://media.licdn.com/dms/image/v2/D4D0BAQFOPyOhO4wTTg/company-logo_100_100/company-logo_100_100/0/1719784126380/stefanini_brasil_logo?e=1788393600&v=beta&t=LA0sD1BGzeKRNnWc-LbCYbdlOoOsYW-2V60_l8NMwUY;-;https://www.linkedin.com/company/stefanini-brasil/about/;Software e Serviços de TI;sales OR account OR customer success manager OR client success OR developer relations OR technical writer;stefanini brasil;1;;https://www.linkedin.com/jobs/view/4443913946/;https://www.linkedin.com/jobs/view/4443913946/;On-site;-;12/08/2026;;Minas Gerais;MG;Região Sudeste;Brasil;América do Sul
832;Stellantis South America;Consultor de Vendas / Curitiba - B2B (Stellantis Locadora);Curitiba, PR;12/08 17:00;https://www.linkedin.com/jobs/view/4453349739/;https://media.licdn.com/dms/image/v2/D4D0BAQFZ1BSyUCLUOw/company-logo_100_100/B4DZ.KHnjwKsAI-/0/1784728680913/stellantislatam_logo?e=1788393600&v=beta&t=9Pu-TboJUrNolzIcg8KBvymulr3amn7h2NF5OxbiNDs;Advanced > Specialist;https://www.linkedin.com/company/stellantis-south-america/about/;Software e Serviços de TI;sales OR account OR customer success manager OR client success OR developer relations OR technical writer;stellantis south america;1;;https://www.linkedin.com/jobs/view/4453349739/;https://www.linkedin.com/jobs/view/4453349739/;On-site;Consultor, Vendas / Comercial;12/08/2026;;Paraná;PR;Região Sul;Brasil;América do Sul
833;Stellantis South America;Consultor de Vendas  - B2B (Stellantis Locadora);Salvador, BA;12/08 17:00;https://www.linkedin.com/jobs/view/4453352686/;https://media.licdn.com/dms/image/v2/D4D0BAQFZ1BSyUCLUOw/company-logo_100_100/B4DZ.KHnjwKsAI-/0/1784728680913/stellantislatam_logo?e=1788393600&v=beta&t=9Pu-TboJUrNolzIcg8KBvymulr3amn7h2NF5OxbiNDs;Advanced > Specialist;https://www.linkedin.com/company/stellantis-south-america/about/;Software e Serviços de TI;sales OR account OR customer success manager OR client success OR developer relations OR technical writer;stellantis south america;1;;https://www.linkedin.com/jobs/view/4453352686/;https://www.linkedin.com/jobs/view/4453352686/;On-site;Consultor, Vendas / Comercial;12/08/2026;;Bahia;BA;Região Nordeste;Brasil;América do Sul
834;Stone;Executivo(a) Comercial Externo | Belo  Horizonte/MG;Belo Horizonte, MG;12/08 14:00;https://www.linkedin.com/jobs/view/4453161320/;https://media.licdn.com/dms/image/v2/D4D0BAQEZQ73DBLnfwg/company-logo_100_100/B4DZ4tXA2qHAAM-/0/1778877468290/stone_co_logo?e=1788393600&v=beta&t=T3sjKc1wLHZRkA_--nSkU_FrERz_3kaYo6Qzbb77b14;-;https://www.linkedin.com/company/stone/about/;Software e Serviços de TI;sales OR account OR customer success manager OR client success OR developer relations OR technical writer;stone;1;;https://www.linkedin.com/jobs/view/4453161320/;https://www.linkedin.com/jobs/view/4453161320/;On-site;Vendas / Comercial;12/08/2026;;Minas Gerais;MG;Região Sudeste;Brasil;América do Sul
835;Stone;Executivo(a) Comercial Externo |  Benevides/PA;Benevides, PA;12/08 07:00;https://www.linkedin.com/jobs/view/4430988793/;https://media.licdn.com/dms/image/v2/D4D0BAQEZQ73DBLnfwg/company-logo_100_100/B4DZ4tXA2qHAAM-/0/1778877468290/stone_co_logo?e=1788393600&v=beta&t=T3sjKc1wLHZRkA_--nSkU_FrERz_3kaYo6Qzbb77b14;-;https://www.linkedin.com/company/stone/about/;Software e Serviços de TI;sales OR account OR customer success manager OR client success OR developer relations OR technical writer;stone;1;;https://www.linkedin.com/jobs/view/4430988793/;https://www.linkedin.com/jobs/view/4430988793/;On-site;Vendas / Comercial;12/08/2026;Benevides;Pará;PA;Região Norte;Brasil;América do Sul
836;Stone;Agente Stone - Consultor (a) Comercial Externo |  Betim/MG;Betim, MG;12/08 20:00;https://www.linkedin.com/jobs/view/4453600096/;https://media.licdn.com/dms/image/v2/D4D0BAQEZQ73DBLnfwg/company-logo_100_100/B4DZ4tXA2qHAAM-/0/1778877468290/stone_co_logo?e=1788393600&v=beta&t=T3sjKc1wLHZRkA_--nSkU_FrERz_3kaYo6Qzbb77b14;Advanced > Specialist;https://www.linkedin.com/company/stone/about/;Software e Serviços de TI;sales OR account OR customer success manager OR client success OR developer relations OR technical writer;stone;1;;https://www.linkedin.com/jobs/view/4453600096/;https://www.linkedin.com/jobs/view/4453600096/;On-site;Consultor, Vendas / Comercial;12/08/2026;;Minas Gerais;MG;Região Sudeste;Brasil;América do Sul
837;Stone;Executivo(a) Comercial Hunter para Grandes Contas | Chapecó/SC;Chapecó, SC;12/08 08:00;https://www.linkedin.com/jobs/view/4435355052/;https://media.licdn.com/dms/image/v2/D4D0BAQEZQ73DBLnfwg/company-logo_100_100/B4DZ4tXA2qHAAM-/0/1778877468290/stone_co_logo?e=1788393600&v=beta&t=T3sjKc1wLHZRkA_--nSkU_FrERz_3kaYo6Qzbb77b14;-;https://www.linkedin.com/company/stone/about/;Software e Serviços de TI;sales OR account OR customer success manager OR client success OR developer relations OR technical writer;stone;1;;https://www.linkedin.com/jobs/view/4435355052/;https://www.linkedin.com/jobs/view/4435355052/;On-site;Vendas / Comercial;12/08/2026;Chapecó;Santa Catarina;SC;Região Sul;Brasil;América do Sul
838;Stone;Agente Stone - Consultor(a) Comercial Externo | Domingos Martins/ES;Domingos Martins, ES;12/08 20:00;https://www.linkedin.com/jobs/view/4453396312/;https://media.licdn.com/dms/image/v2/D4D0BAQEZQ73DBLnfwg/company-logo_100_100/B4DZ4tXA2qHAAM-/0/1778877468290/stone_co_logo?e=1788393600&v=beta&t=T3sjKc1wLHZRkA_--nSkU_FrERz_3kaYo6Qzbb77b14;Advanced > Specialist;https://www.linkedin.com/company/stone/about/;Software e Serviços de TI;sales OR account OR customer success manager OR client success OR developer relations OR technical writer;stone;1;;https://www.linkedin.com/jobs/view/4453396312/;https://www.linkedin.com/jobs/view/4453396312/;On-site;Consultor, Vendas / Comercial;12/08/2026;Domingos Martins;Espírito Santo;ES;Região Sudeste;Brasil;América do Sul
839;Stone;Executivo(a) Comercial Hunter para Grandes Contas | Duque de Caxias/RJ;Duque de Caxias, RJ;12/08 14:00;https://www.linkedin.com/jobs/view/4453167259/;https://media.licdn.com/dms/image/v2/D4D0BAQEZQ73DBLnfwg/company-logo_100_100/B4DZ4tXA2qHAAM-/0/1778877468290/stone_co_logo?e=1788393600&v=beta&t=T3sjKc1wLHZRkA_--nSkU_FrERz_3kaYo6Qzbb77b14;-;https://www.linkedin.com/company/stone/about/;Software e Serviços de TI;sales OR account OR customer success manager OR client success OR developer relations OR technical writer;stone;1;;https://www.linkedin.com/jobs/view/4453167259/;https://www.linkedin.com/jobs/view/4453167259/;On-site;Vendas / Comercial;12/08/2026;Duque de Caxias;Rio de Janeiro;RJ;Região Sudeste;Brasil;América do Sul
840;Stone;Executivo(a) Comercial Externo |  Goiânia/GO;Goiânia, GO;12/08 20:00;https://www.linkedin.com/jobs/view/4453605070/;https://media.licdn.com/dms/image/v2/D4D0BAQEZQ73DBLnfwg/company-logo_100_100/B4DZ4tXA2qHAAM-/0/1778877468290/stone_co_logo?e=1788393600&v=beta&t=T3sjKc1wLHZRkA_--nSkU_FrERz_3kaYo6Qzbb77b14;-;https://www.linkedin.com/company/stone/about/;Software e Serviços de TI;sales OR account OR customer success manager OR client success OR developer relations OR technical writer;stone;1;;https://www.linkedin.com/jobs/view/4453605070/;https://www.linkedin.com/jobs/view/4453605070/;On-site;Vendas / Comercial;12/08/2026;Goiânia;Goiás;GO;Região Centro-Oeste;Brasil;América do Sul
841;Stone;Executivo(a) Comercial Hunter para Grandes Contas | Joinville/SC;Joinville, SC;12/08 07:00;https://www.linkedin.com/jobs/view/4435357024/;https://media.licdn.com/dms/image/v2/D4D0BAQEZQ73DBLnfwg/company-logo_100_100/B4DZ4tXA2qHAAM-/0/1778877468290/stone_co_logo?e=1788393600&v=beta&t=T3sjKc1wLHZRkA_--nSkU_FrERz_3kaYo6Qzbb77b14;-;https://www.linkedin.com/company/stone/about/;Software e Serviços de TI;sales OR account OR customer success manager OR client success OR developer relations OR technical writer;stone;1;;https://www.linkedin.com/jobs/view/4435357024/;https://www.linkedin.com/jobs/view/4435357024/;On-site;Vendas / Comercial;12/08/2026;Joinville;Santa Catarina;SC;Região Sul;Brasil;América do Sul
842;Stone;Executivo(a) Comercial Hunter para Grandes Contas | Juiz de Fora/MG;Juiz de Fora, MG;12/08 20:00;https://www.linkedin.com/jobs/view/4453603215/;https://media.licdn.com/dms/image/v2/D4D0BAQEZQ73DBLnfwg/company-logo_100_100/B4DZ4tXA2qHAAM-/0/1778877468290/stone_co_logo?e=1788393600&v=beta&t=T3sjKc1wLHZRkA_--nSkU_FrERz_3kaYo6Qzbb77b14;-;https://www.linkedin.com/company/stone/about/;Software e Serviços de TI;sales OR account OR customer success manager OR client success OR developer relations OR technical writer;stone;1;;https://www.linkedin.com/jobs/view/4453603215/;https://www.linkedin.com/jobs/view/4453603215/;Not informed;Vendas / Comercial;12/08/2026;Juiz de Fora;Minas Gerais;MG;Região Sudeste;Brasil;América do Sul
843;Stone;Agente Stone - Consultor(a) Comercial Externo |  Limeira/SP;Limeira, SP;12/08 07:00;https://www.linkedin.com/jobs/view/4443585515/;https://media.licdn.com/dms/image/v2/D4D0BAQEZQ73DBLnfwg/company-logo_100_100/B4DZ4tXA2qHAAM-/0/1778877468290/stone_co_logo?e=1788393600&v=beta&t=T3sjKc1wLHZRkA_--nSkU_FrERz_3kaYo6Qzbb77b14;Advanced > Specialist;https://www.linkedin.com/company/stone/about/;Vendas e Suporte;sales OR account OR customer success manager OR client success OR developer relations OR technical writer;stone;1;;https://www.linkedin.com/jobs/view/4443585515/;https://www.linkedin.com/jobs/view/4443585515/;On-site;Consultor, Vendas / Comercial;12/08/2026;;São Paulo;SP;Região Sudeste;Brasil;América do Sul
844;Stone;Agente Stone - Consultor (a) Comercial Externo | Porto Velho/RO;Porto Velho, RO;12/08 20:00;https://www.linkedin.com/jobs/view/4453385904/;https://media.licdn.com/dms/image/v2/D4D0BAQEZQ73DBLnfwg/company-logo_100_100/B4DZ4tXA2qHAAM-/0/1778877468290/stone_co_logo?e=1788393600&v=beta&t=T3sjKc1wLHZRkA_--nSkU_FrERz_3kaYo6Qzbb77b14;Advanced > Specialist;https://www.linkedin.com/company/stone/about/;Vendas e Suporte;sales OR account OR customer success manager OR client success OR developer relations OR technical writer;stone;1;;https://www.linkedin.com/jobs/view/4453385904/;https://www.linkedin.com/jobs/view/4453385904/;On-site;Consultor, Vendas / Comercial;12/08/2026;Porto Velho;Rondônia;RO;Região Norte;Brasil;América do Sul
845;Stone;Consultor(a) Comercial Externo | Ribeirão Preto/SP;Ribeirão Preto, SP;12/08 14:00;https://www.linkedin.com/jobs/view/4453157362/;https://media.licdn.com/dms/image/v2/D4D0BAQEZQ73DBLnfwg/company-logo_100_100/B4DZ4tXA2qHAAM-/0/1778877468290/stone_co_logo?e=1788393600&v=beta&t=T3sjKc1wLHZRkA_--nSkU_FrERz_3kaYo6Qzbb77b14;Advanced > Specialist;https://www.linkedin.com/company/stone/about/;Vendas e Suporte;sales OR account OR customer success manager OR client success OR developer relations OR technical writer;stone;1;;https://www.linkedin.com/jobs/view/4453157362/;https://www.linkedin.com/jobs/view/4453157362/;On-site;Consultor, Vendas / Comercial;12/08/2026;Ribeirão Preto;São Paulo;SP;Região Sudeste;Brasil;América do Sul
846;Stone;Agente Stone - Executivo(a) de Contas Externo | Senador  Canedo/GO;Senador Canedo, GO;12/08 20:00;https://www.linkedin.com/jobs/view/4453388820/;https://media.licdn.com/dms/image/v2/D4D0BAQEZQ73DBLnfwg/company-logo_100_100/B4DZ4tXA2qHAAM-/0/1778877468290/stone_co_logo?e=1788393600&v=beta&t=T3sjKc1wLHZRkA_--nSkU_FrERz_3kaYo6Qzbb77b14;-;https://www.linkedin.com/company/stone/about/;Software e Serviços de TI;sales OR account OR customer success manager OR client success OR developer relations OR technical writer;stone;1;;https://www.linkedin.com/jobs/view/4453388820/;https://www.linkedin.com/jobs/view/4453388820/;On-site;-;12/08/2026;Senador Canedo;Goiás;GO;Região Centro-Oeste;Brasil;América do Sul
847;Stone;Agente Stone - Consultor(a) Comercial Externo |  Serra/ES;Serra, ES;12/08 20:00;https://www.linkedin.com/jobs/view/4453395341/;https://media.licdn.com/dms/image/v2/D4D0BAQEZQ73DBLnfwg/company-logo_100_100/B4DZ4tXA2qHAAM-/0/1778877468290/stone_co_logo?e=1788393600&v=beta&t=T3sjKc1wLHZRkA_--nSkU_FrERz_3kaYo6Qzbb77b14;Advanced > Specialist;https://www.linkedin.com/company/stone/about/;Vendas e Suporte;sales OR account OR customer success manager OR client success OR developer relations OR technical writer;stone;1;;https://www.linkedin.com/jobs/view/4453395341/;https://www.linkedin.com/jobs/view/4453395341/;On-site;Consultor, Vendas / Comercial;12/08/2026;;Comunitat Valenciana;VC;el Camp de Túria;España;
848;Stone;Agente Stone - Consultor (a) Comercial Externo |  Barueri/SP;São Paulo, SP;12/08 07:00;https://www.linkedin.com/jobs/view/4443586472/;https://media.licdn.com/dms/image/v2/D4D0BAQEZQ73DBLnfwg/company-logo_100_100/B4DZ4tXA2qHAAM-/0/1778877468290/stone_co_logo?e=1788393600&v=beta&t=T3sjKc1wLHZRkA_--nSkU_FrERz_3kaYo6Qzbb77b14;Advanced > Specialist;https://www.linkedin.com/company/stone/about/;Vendas e Suporte;sales OR account OR customer success manager OR client success OR developer relations OR technical writer;stone;1;;https://www.linkedin.com/jobs/view/4443586472/;https://www.linkedin.com/jobs/view/4443586472/;On-site;Consultor, Vendas / Comercial;12/08/2026;São Paulo;São Paulo;SP;Região Sudeste;Brasil;América do Sul
849;Stone;Executivo(a) Comercial Externo |  Uberaba/MG;Uberaba, MG;12/08 20:00;https://www.linkedin.com/jobs/view/4453395334/;https://media.licdn.com/dms/image/v2/D4D0BAQEZQ73DBLnfwg/company-logo_100_100/B4DZ4tXA2qHAAM-/0/1778877468290/stone_co_logo?e=1788393600&v=beta&t=T3sjKc1wLHZRkA_--nSkU_FrERz_3kaYo6Qzbb77b14;-;https://www.linkedin.com/company/stone/about/;Software e Serviços de TI;sales OR account OR customer success manager OR client success OR developer relations OR technical writer;stone;1;;https://www.linkedin.com/jobs/view/4453395334/;https://www.linkedin.com/jobs/view/4453395334/;On-site;Vendas / Comercial;12/08/2026;Uberaba;Minas Gerais;MG;Região Sudeste;Brasil;América do Sul
850;Stone;Agente Stone - Consultor(a) Comercial Externo |  Varginha/MG;Varginha, MG;12/08 20:00;https://www.linkedin.com/jobs/view/4453605080/;https://media.licdn.com/dms/image/v2/D4D0BAQEZQ73DBLnfwg/company-logo_100_100/B4DZ4tXA2qHAAM-/0/1778877468290/stone_co_logo?e=1788393600&v=beta&t=T3sjKc1wLHZRkA_--nSkU_FrERz_3kaYo6Qzbb77b14;Advanced > Specialist;https://www.linkedin.com/company/stone/about/;Vendas e Suporte;sales OR account OR customer success manager OR client success OR developer relations OR technical writer;stone;1;;https://www.linkedin.com/jobs/view/4453605080/;https://www.linkedin.com/jobs/view/4453605080/;On-site;Consultor, Vendas / Comercial;12/08/2026;Varginha;Minas Gerais;MG;Região Sudeste;Brasil;América do Sul
851;Stone;Agente Stone - Consultor(a) Comercial Externo | Vila Velha/ES;Vila Velha, ES;12/08 20:00;https://www.linkedin.com/jobs/view/4453394249/;https://media.licdn.com/dms/image/v2/D4D0BAQEZQ73DBLnfwg/company-logo_100_100/B4DZ4tXA2qHAAM-/0/1778877468290/stone_co_logo?e=1788393600&v=beta&t=T3sjKc1wLHZRkA_--nSkU_FrERz_3kaYo6Qzbb77b14;Advanced > Specialist;https://www.linkedin.com/company/stone/about/;Vendas e Suporte;sales OR account OR customer success manager OR client success OR developer relations OR technical writer;stone;1;;https://www.linkedin.com/jobs/view/4453394249/;https://www.linkedin.com/jobs/view/4453394249/;On-site;Consultor, Vendas / Comercial;12/08/2026;Vila Velha;Espírito Santo;ES;Região Sudeste;Brasil;América do Sul
852;Suave Fragrance;Assistente comercial;Aparecida de Goiânia, GO;12/08 13:00;https://www.linkedin.com/jobs/view/4450162402/;https://media.licdn.com/dms/image/v2/D4D0BAQGgWE-zsEjSsQ/company-logo_100_100/company-logo_100_100/0/1663170328039/suave_fragrance_logo?e=1788393600&v=beta&t=TN17r3pBnAZc06razIGB3QwVURWtroUASXB_TBXde0Y;-;https://www.linkedin.com/company/suave-fragrance/about/;Vendas e Suporte;sales OR account OR customer success manager OR client success OR developer relations OR technical writer;suave fragrance;1;;https://www.linkedin.com/jobs/view/4450162402/;https://www.linkedin.com/jobs/view/4450162402/;On-site;Associate, Vendas / Comercial;12/08/2026;Aparecida de Goiânia;Goiás;GO;Região Centro-Oeste;Brasil;América do Sul
853;Sul Corte Ferramentas;Assistente de vendas;Brasil;12/08 00:00;https://www.linkedin.com/jobs/view/4452322548/;https://media.licdn.com/dms/image/v2/C4D0BAQEgGUF7XjDaKQ/company-logo_100_100/company-logo_100_100/0/1638537977460/sul_corte_importadora_de_ferramentas_ltda__logo?e=1788393600&v=beta&t=aetH9yiQJfpYaT9G-McZEOW-THgUBgkjmlrJJN_MQoo;-;https://www.linkedin.com/company/sul-corte-ferramentas/about/;Vendas e Suporte;sales OR account OR customer success manager OR client success OR developer relations OR technical writer;sul corte ferramentas;1;;https://www.linkedin.com/jobs/view/4452322548/;https://www.linkedin.com/jobs/view/4452322548/;On-site;Associate, Vendas / Comercial;12/08/2026;;;;;Brasil;América do Sul
854;Super;VIP Account Manager - Recife (Pernambuco);SP;12/08 12:00;https://www.linkedin.com/jobs/view/4442684055/;https://media.licdn.com/dms/image/v2/D4D0BAQFsAykudGzqUQ/company-logo_100_100/B4DZs4IeYRJAAQ-/0/1766173305220?e=1788393600&v=beta&t=zgyN-n1hq4eZ_mtQA49OvXJCmNNvf437SdIdcJhfeZs;Specific > Sales > Account;https://www.linkedin.com/company/super/about/;-;sales OR account OR customer success manager OR client success OR developer relations OR technical writer;super;1;;https://www.linkedin.com/jobs/view/4442684055/;https://www.linkedin.com/jobs/view/4442684055/;Hybrid;Liderança/Gerência, Executivo de Contas;12/08/2026;;São Paulo;SP;Região Sudeste;Brasil;América do Sul
855;Super;VIP Account Manager -Curitiba (Paraná);SP;12/08 12:00;https://www.linkedin.com/jobs/view/4442684049/;https://media.licdn.com/dms/image/v2/D4D0BAQFsAykudGzqUQ/company-logo_100_100/B4DZs4IeYRJAAQ-/0/1766173305220?e=1788393600&v=beta&t=zgyN-n1hq4eZ_mtQA49OvXJCmNNvf437SdIdcJhfeZs;Specific > Sales > Account;https://www.linkedin.com/company/super/about/;Software e Serviços de TI;sales OR account OR customer success manager OR client success OR developer relations OR technical writer;super;1;;https://www.linkedin.com/jobs/view/4442684049/;https://www.linkedin.com/jobs/view/4442684049/;Hybrid;Liderança/Gerência, Executivo de Contas;12/08/2026;;São Paulo;SP;Região Sudeste;Brasil;América do Sul
856;Superbid Exchange;OPERADOR COMERCIAL EXTERNO PARANÁ - LEVES E PESADOS;Curitiba, PR;12/08 08:00;https://www.linkedin.com/jobs/view/4453091916/;https://media.licdn.com/dms/image/v2/D4D0BAQE2WKSSssgJWQ/company-logo_100_100/B4DZhbfDJFGQAU-/0/1753881524164/superbid_logo?e=1788393600&v=beta&t=rYdtf8F2ASZHT493p6B67ZO2iA6-8iL8qKtdSYBJLrs;-;https://www.linkedin.com/company/superbid-exchange/about/;Vendas e Suporte;sales OR account OR customer success manager OR client success OR developer relations OR technical writer;superbid exchange;1;;https://www.linkedin.com/jobs/view/4453091916/;https://www.linkedin.com/jobs/view/4453091916/;On-site;Vendas / Comercial;12/08/2026;;Paraná;PR;Região Sul;Brasil;América do Sul
857;Suplen Medical;Representante Comercial – Linha Coronária;Brasil;11/08 22:00;https://www.linkedin.com/jobs/view/4451972880/;https://media.licdn.com/dms/image/v2/C4D0BAQFzsRIGxMPV9Q/company-logo_100_100/company-logo_100_100/0/1630534497740/supera_produtos_hospitalares_logo?e=1788393600&v=beta&t=lH6wPbXyi96JnHojJCivzDkQXket7DWIHatm-lusx-c;-;https://www.linkedin.com/company/suplen-medical/about/;Vendas e Suporte;sales OR account OR customer success manager OR client success OR developer relations OR technical writer;suplen medical;1;;https://www.linkedin.com/jobs/view/4451972880/;https://www.linkedin.com/jobs/view/4451972880/;On-site;Vendas / Comercial;12/08/2026;;;;;Brasil;América do Sul
858;Suplen Medical;Representante Comercial – Linha Vascular;Brasil;11/08 22:00;https://www.linkedin.com/jobs/view/4451977704/;https://media.licdn.com/dms/image/v2/C4D0BAQFzsRIGxMPV9Q/company-logo_100_100/company-logo_100_100/0/1630534497740/supera_produtos_hospitalares_logo?e=1788393600&v=beta&t=lH6wPbXyi96JnHojJCivzDkQXket7DWIHatm-lusx-c;-;https://www.linkedin.com/company/suplen-medical/about/;Vendas e Suporte;sales OR account OR customer success manager OR client success OR developer relations OR technical writer;suplen medical;1;;https://www.linkedin.com/jobs/view/4451977704/;https://www.linkedin.com/jobs/view/4451977704/;On-site;Vendas / Comercial;12/08/2026;;;;;Brasil;América do Sul
859;SupplyTech;Auxiliar de Vendas Internas;Grande São Paulo (SP) ;12/08 00:00;https://www.linkedin.com/jobs/view/4452312899/;https://media.licdn.com/dms/image/v2/D4E0BAQEdsCLKVg2jbA/company-logo_100_100/B4EZjoFVFHGcAQ-/0/1756240368346/supplytechsp_logo?e=1788393600&v=beta&t=kpUBgjx8-H_COd6s7yIIBoY4c_Pe5HfQl4trfH4U1CQ;-;https://www.linkedin.com/company/supplytech/about/;Software e Serviços de TI;sales OR account OR customer success manager OR client success OR developer relations OR technical writer;supplytech;1;;https://www.linkedin.com/jobs/view/4452312899/;https://www.linkedin.com/jobs/view/4452312899/;On-site;Intern, Associate, Vendas / Comercial;12/08/2026;;São Paulo;SP;Região Sudeste;Brasil;América do Sul
860;SupplyTech;Vendedor;Grande São Paulo (SP) ;12/08 00:00;https://www.linkedin.com/jobs/view/4452319658/;https://media.licdn.com/dms/image/v2/D4E0BAQEdsCLKVg2jbA/company-logo_100_100/B4EZjoFVFHGcAQ-/0/1756240368346/supplytechsp_logo?e=1788393600&v=beta&t=kpUBgjx8-H_COd6s7yIIBoY4c_Pe5HfQl4trfH4U1CQ;-;https://www.linkedin.com/company/supplytech/about/;Software e Serviços de TI;sales OR account OR customer success manager OR client success OR developer relations OR technical writer;supplytech;1;;https://www.linkedin.com/jobs/view/4452319658/;https://www.linkedin.com/jobs/view/4452319658/;On-site;Vendas / Comercial;12/08/2026;;São Paulo;SP;Região Sudeste;Brasil;América do Sul
861;SupplyTech;Vendedor Interno;Grande São Paulo (SP) ;12/08 00:00;https://www.linkedin.com/jobs/view/4452304907/;https://media.licdn.com/dms/image/v2/D4E0BAQEdsCLKVg2jbA/company-logo_100_100/B4EZjoFVFHGcAQ-/0/1756240368346/supplytechsp_logo?e=1788393600&v=beta&t=kpUBgjx8-H_COd6s7yIIBoY4c_Pe5HfQl4trfH4U1CQ;-;https://www.linkedin.com/company/supplytech/about/;Software e Serviços de TI;sales OR account OR customer success manager OR client success OR developer relations OR technical writer;supplytech;1;;https://www.linkedin.com/jobs/view/4452304907/;https://www.linkedin.com/jobs/view/4452304907/;On-site;Intern, Vendas / Comercial;12/08/2026;;São Paulo;SP;Região Sudeste;Brasil;América do Sul
862;Suzano;GERENTE DE CONTAS;Rio Grande do Sul, Brasil;12/08 11:00;https://www.linkedin.com/jobs/view/4452397830/;https://media.licdn.com/dms/image/v2/D4D0BAQElJUhFgxnLbA/company-logo_100_100/company-logo_100_100/0/1705929541728/suzano_logo?e=1788393600&v=beta&t=EcHFTbp6KQnRhpfqDnEbqhJ2_pwPpM9si5K7oR_n-P0;Middle > Manager;https://www.linkedin.com/company/suzano/about/;-;sales OR account OR customer success manager OR client success OR developer relations OR technical writer;suzano;1;;https://www.linkedin.com/jobs/view/4452397830/;https://www.linkedin.com/jobs/view/4452397830/;Not informed;Mid, Liderança/Gerência;12/08/2026;;Rio Grande do Sul;RS;Região Sul;Brasil;América do Sul
863;Suzano;VENDEDOR(A) INTERNO MICROPULVERIZADO;São Paulo, SP;12/08 11:00;https://www.linkedin.com/jobs/view/4452706334/;https://media.licdn.com/dms/image/v2/D4D0BAQElJUhFgxnLbA/company-logo_100_100/company-logo_100_100/0/1705929541728/suzano_logo?e=1788393600&v=beta&t=EcHFTbp6KQnRhpfqDnEbqhJ2_pwPpM9si5K7oR_n-P0;-;https://www.linkedin.com/company/suzano/about/;-;sales OR account OR customer success manager OR client success OR developer relations OR technical writer;suzano;1;;https://www.linkedin.com/jobs/view/4452706334/;https://www.linkedin.com/jobs/view/4452706334/;Not informed;Intern, Vendas / Comercial;12/08/2026;São Paulo;São Paulo;SP;Região Sudeste;Brasil;América do Sul
864;Systêxtil;Executivo de Vendas ERP — Segmento Têxtil e Moda;Grande São Paulo (SP) ;12/08 12:00;https://www.linkedin.com/jobs/view/4437297106/;https://media.licdn.com/dms/image/v2/D4D0BAQHOF--F0KDBog/company-logo_100_100/B4DZ8oKHEhJ8AQ-/0/1783085167296?e=1788393600&v=beta&t=lwc7kvmbsbJsisVk7w7RTKJV9jXB-q3fmG7HU6di9BE;-;https://www.linkedin.com/company/syst-xtil/about/;Moda e Beleza;sales OR account OR customer success manager OR client success OR developer relations OR technical writer;systêxtil;1;;https://www.linkedin.com/jobs/view/4437297106/;https://www.linkedin.com/jobs/view/4437297106/;Remote;ERP/EPM, Vendas / Comercial;12/08/2026;;São Paulo;SP;Região Sudeste;Brasil;América do Sul
865;TCHÊ Produtos Agrícolas;CONSULTOR DE VENDAS - Vaga aberta em LuziâniaGO;Luziânia, GO;12/08 00:00;https://www.linkedin.com/jobs/view/4452350005/;https://media.licdn.com/dms/image/v2/C560BAQGxyxj6xk24IQ/company-logo_100_100/company-logo_100_100/0/1631374801268?e=1788393600&v=beta&t=QvNz9I7jNi6wgpnai7iTLDQx_DPyiFT0vyLQV7jle1Q;Advanced > Specialist;https://www.linkedin.com/company/tch-produtos-agr-colas/about/;Vendas e Suporte;sales OR account OR customer success manager OR client success OR developer relations OR technical writer;tchê produtos agrícolas;1;;https://www.linkedin.com/jobs/view/4452350005/;https://www.linkedin.com/jobs/view/4452350005/;On-site;Consultor, Vendas / Comercial;12/08/2026;Luziânia;Goiás;GO;Região Centro-Oeste;Brasil;América do Sul
866;TECSENSOR;Vendas externas;Blumenau, SC;12/08 15:00;https://www.linkedin.com/jobs/view/4403216241/;https://media.licdn.com/dms/image/v2/C4D0BAQFkV5JQ8lRGJw/company-logo_100_100/company-logo_100_100/0/1630561399560/tecsensor_logo?e=1788393600&v=beta&t=qyXvir0nu8TPgyPqX4ha7nvwyrs9In2qPmLxupkzOZ8;-;https://www.linkedin.com/company/tecsensor/about/;Vendas e Suporte;sales OR account OR customer success manager OR client success OR developer relations OR technical writer;tecsensor;1;;https://www.linkedin.com/jobs/view/4403216241/;https://www.linkedin.com/jobs/view/4403216241/;On-site;Vendas / Comercial;12/08/2026;Blumenau;Santa Catarina;SC;Região Sul;Brasil;América do Sul
867;TEU RH;Assistente comercial;São Paulo, SP;12/08 19:00;https://www.linkedin.com/jobs/view/4450176849/;https://media.licdn.com/dms/image/v2/C4E0BAQGtrNX4kekBkw/company-logo_100_100/company-logo_100_100/0/1631373908901/teurh_logo?e=1788393600&v=beta&t=ffPmC0it08bU__0VUNNkBAp-evXXOH-lo3IlaKWE9Uw;-;https://www.linkedin.com/company/teu-rh/about/;Recursos Humanos;sales OR account OR customer success manager OR client success OR developer relations OR technical writer;teu rh;1;;https://www.linkedin.com/jobs/view/4450176849/;https://www.linkedin.com/jobs/view/4450176849/;On-site;Associate, Vendas / Comercial;12/08/2026;São Paulo;São Paulo;SP;Região Sudeste;Brasil;América do Sul
868;TIMAC Agro Brasil;CONSULTOR(A) TÉCNICO(A) COMERCIAL - BARRETOS/SP;Barretos, SP;12/08 20:00;https://www.linkedin.com/jobs/view/4450180878/;https://media.licdn.com/dms/image/v2/C4E0BAQG0b68RaHD60w/company-logo_100_100/company-logo_100_100/0/1630607985591/timac_agro_brasil_logo?e=1788393600&v=beta&t=M7CqsQKZp9jxXnoAXqbmnZ4GTqpXYkRDolJzylPBev4;Advanced > Specialist;https://www.linkedin.com/company/timac-agro-brasil/about/;Agro;sales OR account OR customer success manager OR client success OR developer relations OR technical writer;timac agro brasil;1;;https://www.linkedin.com/jobs/view/4450180878/;https://www.linkedin.com/jobs/view/4450180878/;On-site;Consultor, Vendas / Comercial;12/08/2026;Barretos;São Paulo;SP;Região Sudeste;Brasil;América do Sul
869;TIMAC Agro Brasil;CONSULTOR(A) TÉCNICO(A) COMERCIAL - SOORETAMA / ES;Sooretama, ES;12/08 20:00;https://www.linkedin.com/jobs/view/4450188617/;https://media.licdn.com/dms/image/v2/C4E0BAQG0b68RaHD60w/company-logo_100_100/company-logo_100_100/0/1630607985591/timac_agro_brasil_logo?e=1788393600&v=beta&t=M7CqsQKZp9jxXnoAXqbmnZ4GTqpXYkRDolJzylPBev4;Advanced > Specialist;https://www.linkedin.com/company/timac-agro-brasil/about/;Agro;sales OR account OR customer success manager OR client success OR developer relations OR technical writer;timac agro brasil;1;;https://www.linkedin.com/jobs/view/4450188617/;https://www.linkedin.com/jobs/view/4450188617/;On-site;Consultor, Vendas / Comercial;12/08/2026;Sooretama;Espírito Santo;ES;Região Sudeste;Brasil;América do Sul
870;TMSA - Tecnologia em Movimentação;Engenheiro de vendas;Mutuípe, BA;12/08 00:00;https://www.linkedin.com/jobs/view/4452315966/;https://media.licdn.com/dms/image/v2/D4D0BAQGKLH9bi5eguw/company-logo_100_100/B4DZshy1lVJEAQ-/0/1765798533887/tmsa___tecnologia_em_movimenta_o_s_a_logo?e=1788393600&v=beta&t=LZlOzKMvk1tBueaCOOMK0CKSd8HVZ_8o8HqnhYKeiE0;-;https://www.linkedin.com/company/tmsa-tecnologia-em-movimenta-o/about/;Vendas e Suporte;sales OR account OR customer success manager OR client success OR developer relations OR technical writer;tmsa - tecnologia em movimentação;1;;https://www.linkedin.com/jobs/view/4452315966/;https://www.linkedin.com/jobs/view/4452315966/;On-site;Vendas / Comercial;12/08/2026;Mutuípe;Bahia;BA;Região Nordeste;Brasil;América do Sul
871;TMSA - Tecnologia em Movimentação;Vendedor Técnico - Mato GrossoMT;Sinop, MT;12/08 00:00;https://www.linkedin.com/jobs/view/4452320579/;https://media.licdn.com/dms/image/v2/D4D0BAQGKLH9bi5eguw/company-logo_100_100/B4DZshy1lVJEAQ-/0/1765798533887/tmsa___tecnologia_em_movimenta_o_s_a_logo?e=1788393600&v=beta&t=LZlOzKMvk1tBueaCOOMK0CKSd8HVZ_8o8HqnhYKeiE0;-;https://www.linkedin.com/company/tmsa-tecnologia-em-movimenta-o/about/;-;sales OR account OR customer success manager OR client success OR developer relations OR technical writer;tmsa - tecnologia em movimentação;1;;https://www.linkedin.com/jobs/view/4452320579/;https://www.linkedin.com/jobs/view/4452320579/;On-site;Vendas / Comercial;12/08/2026;Sinop;Mato Grosso;MT;Região Centro-Oeste;Brasil;América do Sul
872;TORRECID BRASIL;ASSISTÊNCIA TÉCNICA COMERCIAL;Içara, SC;12/08 11:00;https://www.linkedin.com/jobs/view/4450134985/;https://media.licdn.com/dms/image/v2/D4D0BAQHq44mZlbteaQ/company-logo_100_100/company-logo_100_100/0/1707317574357?e=1788393600&v=beta&t=Y1shgSnAvfo34z1FPD5eSqf7XsWD2CHAbRgIJB6eQws;-;https://www.linkedin.com/company/torrecid-brasil/about/;Vendas e Suporte;sales OR account OR customer success manager OR client success OR developer relations OR technical writer;torrecid brasil;1;;https://www.linkedin.com/jobs/view/4450134985/;https://www.linkedin.com/jobs/view/4450134985/;On-site;Vendas / Comercial;12/08/2026;Içara;Santa Catarina;SC;Região Sul;Brasil;América do Sul
873;TORRECID USA;TORRECID, S.A. ASSISTÊNCIA TÉCNICA COMERCIAL Enviar;Içara, SC;12/08 19:00;https://www.linkedin.com/jobs/view/4453379521/;https://media.licdn.com/dms/image/v2/D4D0BAQEqNYWEZ2cimQ/company-logo_100_100/company-logo_100_100/0/1723554618764/torrecid_usa_logo?e=1788393600&v=beta&t=VPet2ayTSVXUs0RDd7vZ7EzzgqPWv7Vr8d5Isf32o4k;-;https://www.linkedin.com/company/torrecid-usa/about/;Vendas e Suporte;sales OR account OR customer success manager OR client success OR developer relations OR technical writer;torrecid usa;1;;https://www.linkedin.com/jobs/view/4453379521/;https://www.linkedin.com/jobs/view/4453379521/;Not informed;Vendas / Comercial;12/08/2026;Içara;Santa Catarina;SC;Região Sul;Brasil;América do Sul
874;Taboola;Associate Account Manager, Growth - Brazil;São Paulo, SP;12/08 08:00;https://www.linkedin.com/jobs/view/4453115000/;https://media.licdn.com/dms/image/v2/D4D0BAQEMBOO5ZQaKBg/company-logo_100_100/B4DZ.oUpTPI4AM-/0/1785235413073/taboola_logo?e=1788393600&v=beta&t=qAlpKmjWX_s5Ece_6eBj4cXmM9JU1JoGu33LGYN4U4s;Specific > Sales > Account;https://www.linkedin.com/company/taboola/about/;-;sales OR account OR customer success manager OR client success OR developer relations OR technical writer;taboola;1;;https://www.linkedin.com/jobs/view/4453115000/;https://www.linkedin.com/jobs/view/4453115000/;Hybrid;Associate, Liderança/Gerência, Executivo de Contas;12/08/2026;São Paulo;São Paulo;SP;Região Sudeste;Brasil;América do Sul
875;Talent Hunter;Gestor de ferramentas de CRM;Juiz de Fora, MG;12/08 00:00;https://www.linkedin.com/jobs/view/4452324595/;https://media.licdn.com/dms/image/v2/D4D0BAQHRxrCm478OJw/company-logo_100_100/company-logo_100_100/0/1733764540212/talent_hunt_take_a_chance_logo?e=1788393600&v=beta&t=KMdL18JWir2pqJcZRQs6vQm1_4VjOd2Viufd8h4_2IU;-;https://www.linkedin.com/company/talent-hunter/about/;-;sales OR account OR customer success manager OR client success OR developer relations OR technical writer;talent hunter;1;;https://www.linkedin.com/jobs/view/4452324595/;https://www.linkedin.com/jobs/view/4452324595/;On-site;Liderança/Gerência, Salesforce/CRM;12/08/2026;Juiz de Fora;Minas Gerais;MG;Região Sudeste;Brasil;América do Sul
876;Tasty Media;Representante de desenvolvimento de vendas;Porto Alegre, RS;12/08 20:00;https://www.linkedin.com/jobs/view/4450193576/;https://media.licdn.com/dms/image/v2/D4D0BAQFwDVJwZK7QMg/company-logo_100_100/company-logo_100_100/0/1701355623472/media_tasty_logo?e=1788393600&v=beta&t=ZOFgLx6w77ppYNQ2Q0KU7sWILbFBi3FArJ0M92xmqJ0;-;https://www.linkedin.com/company/tasty-media/about/;Mídia e Entretenimento;sales OR account OR customer success manager OR client success OR developer relations OR technical writer;tasty media;1;;https://www.linkedin.com/jobs/view/4450193576/;https://www.linkedin.com/jobs/view/4450193576/;Hybrid;Vendas / Comercial;12/08/2026;Porto Alegre;Rio Grande do Sul;RS;Região Sul;Brasil;América do Sul
877;Tecnofire;Assistente de vendas;Ipatinga, MG;12/08 20:00;https://www.linkedin.com/jobs/view/4450193618/;https://media.licdn.com/dms/image/v2/C4D0BAQHp-eazcrdoOg/company-logo_100_100/company-logo_100_100/0/1630580970024?e=1788393600&v=beta&t=bVU938ntlJLjtaGVFzSsnoFfd_qJO7C0Sp_h-rqYI9Q;-;https://www.linkedin.com/company/tecnofire/about/;Vendas e Suporte;sales OR account OR customer success manager OR client success OR developer relations OR technical writer;tecnofire;1;;https://www.linkedin.com/jobs/view/4450193618/;https://www.linkedin.com/jobs/view/4450193618/;On-site;Associate, Vendas / Comercial;12/08/2026;Ipatinga;Minas Gerais;MG;Região Sudeste;Brasil;América do Sul
878;Tecnogera;Consultor Comercial Externo de Geradores III Aparecida de Goiania GO;Aparecida de Goiânia, GO;12/08 00:00;https://www.linkedin.com/jobs/view/4452313937/;https://media.licdn.com/dms/image/v2/D4D0BAQGl5vVffcSCoQ/company-logo_100_100/company-logo_100_100/0/1714750460738/tecnogera_energia_e_equipamentos_logo?e=1788393600&v=beta&t=JhW6GVQRQIUXHvkEl_xKlNbU8qc0pW-thcea_iN4nOE;Advanced > Specialist;https://www.linkedin.com/company/tecnogera/about/;Vendas e Suporte;sales OR account OR customer success manager OR client success OR developer relations OR technical writer;tecnogera;1;;https://www.linkedin.com/jobs/view/4452313937/;https://www.linkedin.com/jobs/view/4452313937/;On-site;Consultor, Vendas / Comercial;12/08/2026;Aparecida de Goiânia;Goiás;GO;Região Centro-Oeste;Brasil;América do Sul
879;Tecnogera;Consultor Comercial Externo de Plataforma Elevatória II Blumenau SC;Blumenau, SC;12/08 00:00;https://www.linkedin.com/jobs/view/4452301814/;https://media.licdn.com/dms/image/v2/D4D0BAQGl5vVffcSCoQ/company-logo_100_100/company-logo_100_100/0/1714750460738/tecnogera_energia_e_equipamentos_logo?e=1788393600&v=beta&t=JhW6GVQRQIUXHvkEl_xKlNbU8qc0pW-thcea_iN4nOE;Advanced > Specialist;https://www.linkedin.com/company/tecnogera/about/;Vendas e Suporte;sales OR account OR customer success manager OR client success OR developer relations OR technical writer;tecnogera;1;;https://www.linkedin.com/jobs/view/4452301814/;https://www.linkedin.com/jobs/view/4452301814/;On-site;Consultor, Vendas / Comercial;12/08/2026;Blumenau;Santa Catarina;SC;Região Sul;Brasil;América do Sul
880;Tecnogera;Consultor Comercial Externo de Geradores Duque de Caxias RJ;Duque de Caxias, RJ;12/08 00:00;https://www.linkedin.com/jobs/view/4452324929/;https://media.licdn.com/dms/image/v2/D4D0BAQGl5vVffcSCoQ/company-logo_100_100/company-logo_100_100/0/1714750460738/tecnogera_energia_e_equipamentos_logo?e=1788393600&v=beta&t=JhW6GVQRQIUXHvkEl_xKlNbU8qc0pW-thcea_iN4nOE;Advanced > Specialist;https://www.linkedin.com/company/tecnogera/about/;Vendas e Suporte;sales OR account OR customer success manager OR client success OR developer relations OR technical writer;tecnogera;1;;https://www.linkedin.com/jobs/view/4452324929/;https://www.linkedin.com/jobs/view/4452324929/;On-site;Consultor, Vendas / Comercial;12/08/2026;Duque de Caxias;Rio de Janeiro;RJ;Região Sudeste;Brasil;América do Sul
881;Tecnogera;Consultor Comercial Externo de Geradores II Serra ES;Serra, ES;12/08 00:00;https://www.linkedin.com/jobs/view/4452301689/;https://media.licdn.com/dms/image/v2/D4D0BAQGl5vVffcSCoQ/company-logo_100_100/company-logo_100_100/0/1714750460738/tecnogera_energia_e_equipamentos_logo?e=1788393600&v=beta&t=JhW6GVQRQIUXHvkEl_xKlNbU8qc0pW-thcea_iN4nOE;Advanced > Specialist;https://www.linkedin.com/company/tecnogera/about/;Vendas e Suporte;sales OR account OR customer success manager OR client success OR developer relations OR technical writer;tecnogera;1;;https://www.linkedin.com/jobs/view/4452301689/;https://www.linkedin.com/jobs/view/4452301689/;On-site;Consultor, Vendas / Comercial;12/08/2026;;Comunitat Valenciana;VC;el Camp de Túria;España;
882;Tecnogera;Consultor Comercial Interno de Geradores III São Bernardo do Campo SP;São Bernardo do Campo, SP;12/08 00:00;https://www.linkedin.com/jobs/view/4452333019/;https://media.licdn.com/dms/image/v2/D4D0BAQGl5vVffcSCoQ/company-logo_100_100/company-logo_100_100/0/1714750460738/tecnogera_energia_e_equipamentos_logo?e=1788393600&v=beta&t=JhW6GVQRQIUXHvkEl_xKlNbU8qc0pW-thcea_iN4nOE;Advanced > Specialist;https://www.linkedin.com/company/tecnogera/about/;Vendas e Suporte;sales OR account OR customer success manager OR client success OR developer relations OR technical writer;tecnogera;1;;https://www.linkedin.com/jobs/view/4452333019/;https://www.linkedin.com/jobs/view/4452333019/;On-site;Intern, Consultor, Vendas / Comercial;12/08/2026;São Bernardo do Campo;São Paulo;SP;Região Sudeste;Brasil;América do Sul
883;Tecnogera;Consultor Comercial Interno de Plataforma Elevatória São Bernardo do Campo SP;São Bernardo do Campo, SP;12/08 00:00;https://www.linkedin.com/jobs/view/4452347046/;https://media.licdn.com/dms/image/v2/D4D0BAQGl5vVffcSCoQ/company-logo_100_100/company-logo_100_100/0/1714750460738/tecnogera_energia_e_equipamentos_logo?e=1788393600&v=beta&t=JhW6GVQRQIUXHvkEl_xKlNbU8qc0pW-thcea_iN4nOE;Advanced > Specialist;https://www.linkedin.com/company/tecnogera/about/;Vendas e Suporte;sales OR account OR customer success manager OR client success OR developer relations OR technical writer;tecnogera;1;;https://www.linkedin.com/jobs/view/4452347046/;https://www.linkedin.com/jobs/view/4452347046/;On-site;Intern, Consultor, Vendas / Comercial;12/08/2026;São Bernardo do Campo;São Paulo;SP;Região Sudeste;Brasil;América do Sul
884;Teddy Open Finance;Inside Sales;São Bernardo do Campo, SP;12/08 14:00;https://www.linkedin.com/jobs/view/4453152391/;https://media.licdn.com/dms/image/v2/D4E0BAQGAAHkzOnZ_ow/company-logo_100_100/B4EZ83W.H8JUAI-/0/1783340196601/teddyopenfinance_logo?e=1788393600&v=beta&t=dSn3NQhWQg4EBibu4hCyyrYlqPNpxHENwedPr23YAdo;-;https://www.linkedin.com/company/teddy-open-finance/about/;Serviços Financeiros;sales OR account OR customer success manager OR client success OR developer relations OR technical writer;teddy open finance;1;;https://www.linkedin.com/jobs/view/4453152391/;https://www.linkedin.com/jobs/view/4453152391/;On-site;Vendas / Comercial;12/08/2026;São Bernardo do Campo;São Paulo;SP;Região Sudeste;Brasil;América do Sul
885;Telequipe;Executivo de vendas;São Paulo, SP;12/08 20:00;https://www.linkedin.com/jobs/view/4450193578/;https://media.licdn.com/dms/image/v2/D4D0BAQEpkZr1NJw0Sw/company-logo_100_100/B4DZwmAZcuKMAQ-/0/1770164165051?e=1788393600&v=beta&t=6NylIJHCZVaEeWCiaaR7x8ZS9LVGsvA_6lWyJs7rArM;-;https://www.linkedin.com/company/telequipe/about/;Software e Serviços de TI;sales OR account OR customer success manager OR client success OR developer relations OR technical writer;telequipe;1;;https://www.linkedin.com/jobs/view/4450193578/;https://www.linkedin.com/jobs/view/4450193578/;On-site;Vendas / Comercial;12/08/2026;São Paulo;São Paulo;SP;Região Sudeste;Brasil;América do Sul
886;Temu;Business Development Manager;Brasil;12/08 10:00;https://www.linkedin.com/jobs/view/4452384695/;https://media.licdn.com/dms/image/v2/C560BAQEk8uzNrITzWw/company-logo_100_100/company-logo_100_100/0/1677601998460/temuapp_logo?e=1788393600&v=beta&t=iTHA248KeWDMLXa7M_f7pcxwpnDeRUlKIvZo9CU7UAo;Middle > Manager;https://www.linkedin.com/company/temu/about/;-;sales OR account OR customer success manager OR client success OR developer relations OR technical writer;temu;1;;https://www.linkedin.com/jobs/view/4452384695/;https://www.linkedin.com/jobs/view/4452384695/;Remote;Liderança/Gerência, Vendas / Comercial;12/08/2026;;;;;Brasil;América do Sul
887;TerraPay;Director of Business Development;SP;12/08 09:00;https://www.linkedin.com/jobs/view/4452385506/;https://media.licdn.com/dms/image/v2/C4E0BAQGkAPgwqhoRbg/company-logo_100_100/company-logo_100_100/0/1630641960081?e=1788393600&v=beta&t=rqWr29JE95vaD1Kq0dEWQh8GEVrLKQgaQAZSQRDyXwM;Leadership > C-Level > Director;https://www.linkedin.com/company/terrapay/about/;-;sales OR account OR customer success manager OR client success OR developer relations OR technical writer;terrapay;1;;https://www.linkedin.com/jobs/view/4452385506/;https://www.linkedin.com/jobs/view/4452385506/;On-site;Liderança/Gerência, Vendas / Comercial;12/08/2026;;São Paulo;SP;Região Sudeste;Brasil;América do Sul
888;Terracotta Investimentos;Assessor de investimentos;Ribeirão Preto, SP;12/08 00:00;https://www.linkedin.com/jobs/view/4452334467/;https://media.licdn.com/dms/image/v2/C4D0BAQFzbCbUmi7zuA/company-logo_100_100/company-logo_100_100/0/1631748945452/terracotta_investimentos_logo?e=1788393600&v=beta&t=Vy71Y0nECi-iLkYd3xNlB7b44qJ-wyEDcFmf-BcPYBQ;-;https://www.linkedin.com/company/terracotta-investimentos/about/;Serviços Financeiros;sales OR account OR customer success manager OR client success OR developer relations OR technical writer;terracotta investimentos;1;;https://www.linkedin.com/jobs/view/4452334467/;https://www.linkedin.com/jobs/view/4452334467/;On-site;-;12/08/2026;Ribeirão Preto;São Paulo;SP;Região Sudeste;Brasil;América do Sul
889;Tex 3 Digital;Consultor(a) de Vendas Internas – Londrina/PR;Londrina, PR;12/08 09:00;https://www.linkedin.com/jobs/view/4450134504/;https://media.licdn.com/dms/image/v2/D4D0BAQHgL1E-KHRCVw/company-logo_100_100/B4DZiooTqdHwAg-/0/1755175796779/pipiolo_solues_corporativas_logo?e=1788393600&v=beta&t=bQhdlAvPO9VKhMErf-dfJC9rwaY01hmhPrSVanETxQo;Advanced > Specialist;https://www.linkedin.com/company/tex-3-digital/about/;Software e Serviços de TI;sales OR account OR customer success manager OR client success OR developer relations OR technical writer;tex 3 digital;1;;https://www.linkedin.com/jobs/view/4450134504/;https://www.linkedin.com/jobs/view/4450134504/;On-site;Intern, Consultor, Vendas / Comercial;12/08/2026;Londrina;Paraná;PR;Região Sul;Brasil;América do Sul
890;Tex 3 Digital;Vendedor Interno;Londrina, PR;12/08 17:00;https://www.linkedin.com/jobs/view/4450176592/;https://media.licdn.com/dms/image/v2/D4D0BAQHgL1E-KHRCVw/company-logo_100_100/B4DZiooTqdHwAg-/0/1755175796779/pipiolo_solues_corporativas_logo?e=1788393600&v=beta&t=bQhdlAvPO9VKhMErf-dfJC9rwaY01hmhPrSVanETxQo;-;https://www.linkedin.com/company/tex-3-digital/about/;Software e Serviços de TI;sales OR account OR customer success manager OR client success OR developer relations OR technical writer;tex 3 digital;1;;https://www.linkedin.com/jobs/view/4450176592/;https://www.linkedin.com/jobs/view/4450176592/;On-site;Intern, Vendas / Comercial;12/08/2026;Londrina;Paraná;PR;Região Sul;Brasil;América do Sul
891;Texiglass;Vendas;Vinhedo, SP;12/08 12:00;https://www.linkedin.com/jobs/view/4449865931/;https://media.licdn.com/dms/image/v2/D4D0BAQHwcfbipeGmpA/company-logo_100_100/B4DZ9sdlHaJ8AI-/0/1784231121587/texiglass_logo?e=1788393600&v=beta&t=aQMFLQgp1mwa5OM7H17YtlSx88LHzFlNkFvDqgbgVF0;-;https://www.linkedin.com/company/texiglass/about/;Vendas e Suporte;sales OR account OR customer success manager OR client success OR developer relations OR technical writer;texiglass;1;;https://www.linkedin.com/jobs/view/4449865931/;https://www.linkedin.com/jobs/view/4449865931/;On-site;Vendas / Comercial;12/08/2026;;São Paulo;SP;Região Sudeste;Brasil;América do Sul
892;The HEINEKEN Company;Gerente Vendas Key Account - Belo Horizonte (Vaga Afirmativa para Mulheres);Belo Horizonte, MG;11/08 22:00;https://www.linkedin.com/jobs/view/4451996038/;https://media.licdn.com/dms/image/v2/D4E0BAQFGMcUwOz0TTQ/company-logo_100_100/B4EZaMIR_CGYAQ-/0/1746107703763/heineken_logo?e=1788393600&v=beta&t=NibsvcaS1SSYX-Xc1-aWNs3FsOs8t9rOwHi2K7LBSM8;Specific > Sales > Account;https://www.linkedin.com/company/the-heineken-company/about/;Software e Serviços de TI;sales OR account OR customer success manager OR client success OR developer relations OR technical writer;the heineken company;1;;https://www.linkedin.com/jobs/view/4451996038/;https://www.linkedin.com/jobs/view/4451996038/;Not informed;PCD / Afirmativa, Mid, Liderança/Gerência, Vendas / Comercial;12/08/2026;;Minas Gerais;MG;Região Sudeste;Brasil;América do Sul
893;The HEINEKEN Company;Pessoa Executiva Vendas Execução - Cachoeirinha/ RS;Cachoeirinha, RS;12/08 09:00;https://www.linkedin.com/jobs/view/4440001111/;https://media.licdn.com/dms/image/v2/D4E0BAQFGMcUwOz0TTQ/company-logo_100_100/B4EZaMIR_CGYAQ-/0/1746107703763/heineken_logo?e=1788393600&v=beta&t=NibsvcaS1SSYX-Xc1-aWNs3FsOs8t9rOwHi2K7LBSM8;-;https://www.linkedin.com/company/the-heineken-company/about/;Software e Serviços de TI;sales OR account OR customer success manager OR client success OR developer relations OR technical writer;the heineken company;1;;https://www.linkedin.com/jobs/view/4440001111/;https://www.linkedin.com/jobs/view/4440001111/;Not informed;PCD / Afirmativa, Vendas / Comercial;12/08/2026;Cachoeirinha;Rio Grande do Sul;RS;Região Sul;Brasil;América do Sul
894;The HEINEKEN Company;Pessoa Executiva Regional Vendas SR - Porto Alegre / Grande Porto Alegre;Porto Alegre, RS;11/08 22:00;https://www.linkedin.com/jobs/view/4451976951/;https://media.licdn.com/dms/image/v2/D4E0BAQFGMcUwOz0TTQ/company-logo_100_100/B4EZaMIR_CGYAQ-/0/1746107703763/heineken_logo?e=1788393600&v=beta&t=NibsvcaS1SSYX-Xc1-aWNs3FsOs8t9rOwHi2K7LBSM8;-;https://www.linkedin.com/company/the-heineken-company/about/;Software e Serviços de TI;sales OR account OR customer success manager OR client success OR developer relations OR technical writer;the heineken company;1;;https://www.linkedin.com/jobs/view/4451976951/;https://www.linkedin.com/jobs/view/4451976951/;Not informed;PCD / Afirmativa, Senior, Vendas / Comercial;12/08/2026;Porto Alegre;Rio Grande do Sul;RS;Região Sul;Brasil;América do Sul
895;The HEINEKEN Company;Pessoa Vendedora Externa - Porto Alegre/RS;Porto Alegre, RS;11/08 22:00;https://www.linkedin.com/jobs/view/4451993047/;https://media.licdn.com/dms/image/v2/D4E0BAQFGMcUwOz0TTQ/company-logo_100_100/B4EZaMIR_CGYAQ-/0/1746107703763/heineken_logo?e=1788393600&v=beta&t=NibsvcaS1SSYX-Xc1-aWNs3FsOs8t9rOwHi2K7LBSM8;-;https://www.linkedin.com/company/the-heineken-company/about/;-;sales OR account OR customer success manager OR client success OR developer relations OR technical writer;the heineken company;1;;https://www.linkedin.com/jobs/view/4451993047/;https://www.linkedin.com/jobs/view/4451993047/;Not informed;PCD / Afirmativa, Vendas / Comercial;12/08/2026;Porto Alegre;Rio Grande do Sul;RS;Região Sul;Brasil;América do Sul
896;Tholz - Wellness Evolution;Analista comercial;Barueri, SP;12/08 14:00;https://www.linkedin.com/jobs/view/4450172037/;https://media.licdn.com/dms/image/v2/D4D0BAQEqtawL0VjcaQ/company-logo_100_100/company-logo_100_100/0/1733139006889/tholz_logo?e=1788393600&v=beta&t=zGa1rVEDp-dbRm_duaZTaOzSK31LTuGKwx-LJ305Y8g;Advanced > Specialist;https://www.linkedin.com/company/tholz-wellness-evolution/about/;Software e Serviços de TI;sales OR account OR customer success manager OR client success OR developer relations OR technical writer;tholz - wellness evolution;1;;https://www.linkedin.com/jobs/view/4450172037/;https://www.linkedin.com/jobs/view/4450172037/;On-site;Associate, Vendas / Comercial;12/08/2026;Barueri;São Paulo;SP;Região Sudeste;Brasil;América do Sul
897;Tirolez;Executivo(a) de Contas - Belo Horizonte/MG;Belo Horizonte, MG;12/08 14:00;https://www.linkedin.com/jobs/view/4450160453/;https://media.licdn.com/dms/image/v2/D4D0BAQGdTereCqh3RA/company-logo_100_100/B4DZa7fnTrG8AU-/0/1746902349793?e=1788393600&v=beta&t=_IVXcs1IN1gWmQt3WSsqfadqMI6SjukykHNPfHomKKo;-;https://www.linkedin.com/company/tirolez/about/;Software e Serviços de TI;sales OR account OR customer success manager OR client success OR developer relations OR technical writer;tirolez;1;;https://www.linkedin.com/jobs/view/4450160453/;https://www.linkedin.com/jobs/view/4450160453/;Hybrid;-;12/08/2026;;Minas Gerais;MG;Região Sudeste;Brasil;América do Sul
898;Tirolez;Executivo(a) de Contas - Rio de Janeiro/RJ;Rio de Janeiro, RJ;12/08 14:00;https://www.linkedin.com/jobs/view/4450151876/;https://media.licdn.com/dms/image/v2/D4D0BAQGdTereCqh3RA/company-logo_100_100/B4DZa7fnTrG8AU-/0/1746902349793?e=1788393600&v=beta&t=_IVXcs1IN1gWmQt3WSsqfadqMI6SjukykHNPfHomKKo;-;https://www.linkedin.com/company/tirolez/about/;Software e Serviços de TI;sales OR account OR customer success manager OR client success OR developer relations OR technical writer;tirolez;1;;https://www.linkedin.com/jobs/view/4450151876/;https://www.linkedin.com/jobs/view/4450151876/;Hybrid;-;12/08/2026;Rio de Janeiro;Rio de Janeiro;RJ;Região Sudeste;Brasil;América do Sul
899;Toli Distribuidora;Vendedor Externo;Joinville, SC;12/08 00:00;https://www.linkedin.com/jobs/view/4452309606/;https://media.licdn.com/dms/image/v2/D4D0BAQGQOhpc3CvR0Q/company-logo_100_100/company-logo_100_100/0/1696853281730/toli_distribuidora_logo?e=1788393600&v=beta&t=3v38ftfw9XiUXs76M8J_DyOEpxFMEZ1PTTKLMysoZ9w;-;https://www.linkedin.com/company/toli-distribuidora/about/;-;sales OR account OR customer success manager OR client success OR developer relations OR technical writer;toli distribuidora;1;;https://www.linkedin.com/jobs/view/4452309606/;https://www.linkedin.com/jobs/view/4452309606/;On-site;Vendas / Comercial;12/08/2026;Joinville;Santa Catarina;SC;Região Sul;Brasil;América do Sul
900;Tracker CarSat - Rastreamento Veicular;Consultor de vendas;Salvador, BA;12/08 13:00;https://www.linkedin.com/jobs/view/4448054787/;https://media.licdn.com/dms/image/v2/D4D0BAQFT0S8iWXc-PQ/company-logo_100_100/B4DZvW9PO4G0AQ-/0/1768837937084/tracker_carsat_logo?e=1788393600&v=beta&t=1MbiYMvt-KNI5cb4NWccFGYmRIM5G3YrcJMVmyRj-cM;Advanced > Specialist;https://www.linkedin.com/company/tracker-carsat-rastreamento-veicular/about/;Vendas e Suporte;sales OR account OR customer success manager OR client success OR developer relations OR technical writer;tracker carsat - rastreamento veicular;1;;https://www.linkedin.com/jobs/view/4448054787/;https://www.linkedin.com/jobs/view/4448054787/;On-site;Consultor, Vendas / Comercial;12/08/2026;;Bahia;BA;Região Nordeste;Brasil;América do Sul
901;Transmagna;Vendedor de Veiculos Pesados;Joinville, SC;11/08 23:00;https://www.linkedin.com/jobs/view/4452316509/;https://media.licdn.com/dms/image/v2/D560BAQF6zpD_H9Qv3A/company-logo_100_100/company-logo_100_100/0/1695142249040/transmagna_logo?e=1788393600&v=beta&t=bW2fUBWhUw-xFce3uO6YJjZN0aoovSgIfv9jlvMfI1k;-;https://www.linkedin.com/company/transmagna/about/;-;sales OR account OR customer success manager OR client success OR developer relations OR technical writer;transmagna;1;;https://www.linkedin.com/jobs/view/4452316509/;https://www.linkedin.com/jobs/view/4452316509/;On-site;Vendas / Comercial;12/08/2026;Joinville;Santa Catarina;SC;Região Sul;Brasil;América do Sul
902;Transtac Transportes;Analista Comercial;Tubarão, SC;12/08 00:00;https://www.linkedin.com/jobs/view/4452315970/;https://media.licdn.com/dms/image/v2/D4D0BAQEJoZM62lw6KQ/company-logo_100_100/B4DZyU6UnCJEAU-/0/1772024843550/transtactransportes_logo?e=1788393600&v=beta&t=fqYcJd7NCFWhiSGuYZOkBd7rlCixQFAicUg2dmuXqhY;Advanced > Specialist;https://www.linkedin.com/company/transtac-transportes/about/;Transporte e Mobilidade;sales OR account OR customer success manager OR client success OR developer relations OR technical writer;transtac transportes;1;;https://www.linkedin.com/jobs/view/4452315970/;https://www.linkedin.com/jobs/view/4452315970/;On-site;Associate, Vendas / Comercial;12/08/2026;Tubarão;Santa Catarina;SC;Região Sul;Brasil;América do Sul
903;TrendAI;Regional Account Manager;Brasil;12/08 12:00;https://www.linkedin.com/jobs/view/4453139281/;https://media.licdn.com/dms/image/v2/D560BAQGBEkE1GB-wAw/company-logo_100_100/B56Z21xgrNGsAQ-/0/1776871148628/trendai_security_logo?e=1788393600&v=beta&t=KN8-cql2AVeSgVt4ZJHNGETfeGI0ZOBSf46bshukeu8;Specific > Sales > Account;https://www.linkedin.com/company/trendai/about/;-;sales OR account OR customer success manager OR client success OR developer relations OR technical writer;trendai;1;;https://www.linkedin.com/jobs/view/4453139281/;https://www.linkedin.com/jobs/view/4453139281/;Remote;Liderança/Gerência, Executivo de Contas;12/08/2026;;;;;Brasil;América do Sul
904;Tribeca Venture Partners;Sr Sales Executive;Sales, SP;12/08 15:00;https://www.linkedin.com/jobs/view/4450176066/;https://media.licdn.com/dms/image/v2/C4E0BAQEuBPeAdNzErQ/company-logo_100_100/company-logo_100_100/0/1662080132932/tribecavp_logo?e=1788393600&v=beta&t=QXrLQaAhv78lDX8lCeCM_nxGdHwpmQXT7Kenp_VslIU;-;https://www.linkedin.com/company/tribeca-venture-partners/about/;Software e Serviços de TI;sales OR account OR customer success manager OR client success OR developer relations OR technical writer;tribeca venture partners;1;;https://www.linkedin.com/jobs/view/4450176066/;https://www.linkedin.com/jobs/view/4450176066/;Not informed;Senior, Vendas / Comercial;12/08/2026;Sales;São Paulo;SP;Região Sudeste;Brasil;América do Sul
905;Tunni Vagas;COORDENADOR DE VENDAS;Paranavaí, PR;12/08 20:00;https://www.linkedin.com/jobs/view/4453394102/;https://media.licdn.com/dms/image/v2/D4D0BAQHabIDNxtT7OA/company-logo_100_100/B4DZ9oAcx5JQAI-/0/1784156376406/tunni_logo?e=1788393600&v=beta&t=amEGvStYD0klJqwSumcD8rfo8xi6f0tZaT9YKQX0WEc;Middle > Manager;https://www.linkedin.com/company/tunni-vagas/about/;Energia e Combustíveis;sales OR account OR customer success manager OR client success OR developer relations OR technical writer;tunni vagas;1;;https://www.linkedin.com/jobs/view/4453394102/;https://www.linkedin.com/jobs/view/4453394102/;Not informed;Mid, Liderança/Gerência, Vendas / Comercial;12/08/2026;Paranavaí;Paraná;PR;Região Sul;Brasil;América do Sul
906;Tunni Vagas;PROMOTOR DE RECORRÊNCIA;Paranavaí, PR;12/08 20:00;https://www.linkedin.com/jobs/view/4453383780/;https://media.licdn.com/dms/image/v2/D4D0BAQHabIDNxtT7OA/company-logo_100_100/B4DZ9oAcx5JQAI-/0/1784156376406/tunni_logo?e=1788393600&v=beta&t=amEGvStYD0klJqwSumcD8rfo8xi6f0tZaT9YKQX0WEc;-;https://www.linkedin.com/company/tunni-vagas/about/;Energia e Combustíveis;sales OR account OR customer success manager OR client success OR developer relations OR technical writer;tunni vagas;1;;https://www.linkedin.com/jobs/view/4453383780/;https://www.linkedin.com/jobs/view/4453383780/;Not informed;-;12/08/2026;Paranavaí;Paraná;PR;Região Sul;Brasil;América do Sul
907;UNICRED;3000 - Gerente de Relacionamento PJ | Agência Laguna;Laguna, SC;12/08 20:00;https://www.linkedin.com/jobs/view/4450192578/;https://media.licdn.com/dms/image/v2/D4D0BAQFhFL-XpGtMqA/company-logo_100_100/B4DZnFGvd1GsAQ-/0/1759948503556?e=1788393600&v=beta&t=jar0-uri3jenQJGRq5HKbRG-KWhC2Slh-GqduyA2YCI;Middle > Manager;https://www.linkedin.com/company/unicred/about/;Marketing e Publicidade Marketing;sales OR account OR customer success manager OR client success OR developer relations OR technical writer;unicred;1;;https://www.linkedin.com/jobs/view/4450192578/;https://www.linkedin.com/jobs/view/4450192578/;On-site;Freelance/PJ, Mid, Liderança/Gerência;12/08/2026;Laguna;Santa Catarina;SC;Região Sul;Brasil;América do Sul
908;Ultragaz;Consultor(a) Comercial Pré Vendas - Condomínios;Paulínia, SP;12/08 12:00;https://www.linkedin.com/jobs/view/4453125483/;https://media.licdn.com/dms/image/v2/C4D0BAQGSPrcPb2IlRA/company-logo_100_100/company-logo_100_100/0/1630529116798/ultragaz_logo?e=1788393600&v=beta&t=dbMtjDyqXlqLkAkyGItDYCGgUDxWPIFr6O1SaCJOYAA;Advanced > Specialist;https://www.linkedin.com/company/ultragaz/about/;Vendas e Suporte;sales OR account OR customer success manager OR client success OR developer relations OR technical writer;ultragaz;1;;https://www.linkedin.com/jobs/view/4453125483/;https://www.linkedin.com/jobs/view/4453125483/;On-site;Consultor, Vendas / Comercial;12/08/2026;Paulínia;São Paulo;SP;Região Sudeste;Brasil;América do Sul
909;Unifique;Consultor(a) de Relacionamento com Cliente I - Itapema;Itapema, SC;12/08 08:00;https://www.linkedin.com/jobs/view/4450137104/;https://media.licdn.com/dms/image/v2/D4D0BAQHdn_nk6s5OJw/company-logo_100_100/B4DZt.8hJOK0AQ-/0/1767361352915/unifiqueoficial_logo?e=1788393600&v=beta&t=x2E044fZTjeK1PCt9Df5F-xABgWMKIfBKfhj6kLtBbw;Advanced > Specialist;https://www.linkedin.com/company/unifique/about/;Software e Serviços de TI;sales OR account OR customer success manager OR client success OR developer relations OR technical writer;unifique;1;;https://www.linkedin.com/jobs/view/4450137104/;https://www.linkedin.com/jobs/view/4450137104/;On-site;Consultor;12/08/2026;Itapema;Santa Catarina;SC;Região Sul;Brasil;América do Sul
910;Unifique;Líder de Vendas PAP | Rio do Sul;Rio do Sul, SC;12/08 20:00;https://www.linkedin.com/jobs/view/4450184657/;https://media.licdn.com/dms/image/v2/D4D0BAQHdn_nk6s5OJw/company-logo_100_100/B4DZt.8hJOK0AQ-/0/1767361352915/unifiqueoficial_logo?e=1788393600&v=beta&t=x2E044fZTjeK1PCt9Df5F-xABgWMKIfBKfhj6kLtBbw;-;https://www.linkedin.com/company/unifique/about/;Vendas e Suporte;sales OR account OR customer success manager OR client success OR developer relations OR technical writer;unifique;1;;https://www.linkedin.com/jobs/view/4450184657/;https://www.linkedin.com/jobs/view/4450184657/;On-site;Mid, Liderança/Gerência, Coach, Vendas / Comercial;12/08/2026;Rio do Sul;Santa Catarina;SC;Região Sul;Brasil;América do Sul
911;Unifique;Assistente Comercial | Timbó;Timbó, SC;12/08 08:00;https://www.linkedin.com/jobs/view/4450136105/;https://media.licdn.com/dms/image/v2/D4D0BAQHdn_nk6s5OJw/company-logo_100_100/B4DZt.8hJOK0AQ-/0/1767361352915/unifiqueoficial_logo?e=1788393600&v=beta&t=x2E044fZTjeK1PCt9Df5F-xABgWMKIfBKfhj6kLtBbw;-;https://www.linkedin.com/company/unifique/about/;Software e Serviços de TI;sales OR account OR customer success manager OR client success OR developer relations OR technical writer;unifique;1;;https://www.linkedin.com/jobs/view/4450136105/;https://www.linkedin.com/jobs/view/4450136105/;On-site;Associate, Vendas / Comercial;12/08/2026;Timbó;Santa Catarina;SC;Região Sul;Brasil;América do Sul
912;Unifique;Consultor(a) de Relacionamento com Cliente I - União da Vitória - PR;União da Vitória, PR;12/08 08:00;https://www.linkedin.com/jobs/view/4450147058/;https://media.licdn.com/dms/image/v2/D4D0BAQHdn_nk6s5OJw/company-logo_100_100/B4DZt.8hJOK0AQ-/0/1767361352915/unifiqueoficial_logo?e=1788393600&v=beta&t=x2E044fZTjeK1PCt9Df5F-xABgWMKIfBKfhj6kLtBbw;Advanced > Specialist;https://www.linkedin.com/company/unifique/about/;Software e Serviços de TI;sales OR account OR customer success manager OR client success OR developer relations OR technical writer;unifique;1;;https://www.linkedin.com/jobs/view/4450147058/;https://www.linkedin.com/jobs/view/4450147058/;On-site;Consultor;12/08/2026;União da Vitória;Paraná;PR;Região Sul;Brasil;América do Sul
913;Uniftec;Consultor Comercial Externo;Caxias do Sul, RS;12/08 10:00;https://www.linkedin.com/jobs/view/4450131741/;https://media.licdn.com/dms/image/v2/D4D0BAQFt6W3y4KBJuw/company-logo_100_100/B4DZ2MR97QKIAQ-/0/1776175014151/uniftec_logo?e=1788393600&v=beta&t=iMH5OZ9kDC7o1wNyUCUWgYgvlB7ri9g4FhxtN6vmI_Q;Advanced > Specialist;https://www.linkedin.com/company/uniftec/about/;Vendas e Suporte;sales OR account OR customer success manager OR client success OR developer relations OR technical writer;uniftec;1;;https://www.linkedin.com/jobs/view/4450131741/;https://www.linkedin.com/jobs/view/4450131741/;On-site;Consultor, Vendas / Comercial;12/08/2026;Caxias do Sul;Rio Grande do Sul;RS;Região Sul;Brasil;América do Sul
914;Unique Oficial;Assistente de Retenção;Grande Belo Horizonte (MG);12/08 00:00;https://www.linkedin.com/jobs/view/4452332079/;https://media.licdn.com/dms/image/v2/D4D0BAQGGfOnrrocZVA/company-logo_100_100/B4DZ.LnwNeGwAI-/0/1784753882241/uniquecoop_logo?e=1788393600&v=beta&t=L_xsWkQXQqtU287MV2RgYIEclSwsolR1th3IU6tielU;-;https://www.linkedin.com/company/unique-oficial/about/;-;sales OR account OR customer success manager OR client success OR developer relations OR technical writer;unique oficial;1;;https://www.linkedin.com/jobs/view/4452332079/;https://www.linkedin.com/jobs/view/4452332079/;On-site;Associate;12/08/2026;;Minas Gerais;MG;Região Sudeste;Brasil;América do Sul
915;Up Brasil;Especialista de Parcerias Estratégicas;São Paulo, SP;12/08 18:00;https://www.linkedin.com/jobs/view/4453374202/;https://media.licdn.com/dms/image/v2/D4D0BAQFrPT_I1aFCYA/company-logo_100_100/B4DZ5BnkTqK0AI-/0/1779217352140/up_brasil_logo?e=1788393600&v=beta&t=tpU0AsjS-iYH9NG_RBSdE2OE8y2vD9k8ydg0HRHm3Gk;Advanced > Specialist;https://www.linkedin.com/company/up-brasil/about/;-;sales OR account OR customer success manager OR client success OR developer relations OR technical writer;up brasil;1;;https://www.linkedin.com/jobs/view/4453374202/;https://www.linkedin.com/jobs/view/4453374202/;Hybrid;Specialist;12/08/2026;São Paulo;São Paulo;SP;Região Sudeste;Brasil;América do Sul
916;VITTACRED;Consultor de vendas;Aracruz, ES;12/08 14:00;https://www.linkedin.com/jobs/view/4403750125/;https://media.licdn.com/dms/image/v2/D4D0BAQE9waTaV4sGAw/company-logo_100_100/B4DZ2_oH7yJAAQ-/0/1777036460220?e=1788393600&v=beta&t=q3fwcjk7fYyq5bWWR_XUxRQLzzFFmPmKX5brbBLD0eA;Advanced > Specialist;https://www.linkedin.com/company/vittacred/about/;Software e Serviços de TI;sales OR account OR customer success manager OR client success OR developer relations OR technical writer;vittacred;1;;https://www.linkedin.com/jobs/view/4403750125/;https://www.linkedin.com/jobs/view/4403750125/;On-site;Consultor, Vendas / Comercial;12/08/2026;Aracruz;Espírito Santo;ES;Região Sudeste;Brasil;América do Sul
917;Value Projetos e Consultoria;SDR;Goiânia, GO;12/08 12:00;https://www.linkedin.com/jobs/view/4445889915/;https://media.licdn.com/dms/image/v2/C4D0BAQHXUYhTasVXSg/company-logo_100_100/company-logo_100_100/0/1668433965748/value_projetos_e_consultoria_logo?e=1788393600&v=beta&t=ly4wCgTvaqpSNXZfDgYgvxDabPTx28NCX5Q8UqHWmSY;-;https://www.linkedin.com/company/value-projetos-e-consultoria/about/;Consultoria e Assessoria;sales OR account OR customer success manager OR client success OR developer relations OR technical writer;value projetos e consultoria;1;;https://www.linkedin.com/jobs/view/4445889915/;https://www.linkedin.com/jobs/view/4445889915/;On-site;Vendas / Comercial;12/08/2026;Goiânia;Goiás;GO;Região Centro-Oeste;Brasil;América do Sul
918;Versotech;BDR / SDR - Sales / Business Development Representative - Pré Vendedor (a);Porto Alegre, RS;11/08 23:00;https://www.linkedin.com/jobs/view/4453041157/;https://media.licdn.com/dms/image/v2/D4D0BAQEopQLFJyhnyg/company-logo_100_100/company-logo_100_100/0/1666305980319/versotechoficial_logo?e=1788393600&v=beta&t=yTh4K2HW5_l6ImOtS90aJats1KW4qnJS5AHrKbO3XtU;-;https://www.linkedin.com/company/versotech/about/;Software e Serviços de TI;sales OR account OR customer success manager OR client success OR developer relations OR technical writer;versotech;1;;https://www.linkedin.com/jobs/view/4453041157/;https://www.linkedin.com/jobs/view/4453041157/;On-site;Vendas / Comercial;12/08/2026;Porto Alegre;Rio Grande do Sul;RS;Região Sul;Brasil;América do Sul
919;Viaer Aero Trading;Auxiliar Comercial;Londrina, PR;12/08 17:00;https://www.linkedin.com/jobs/view/4450157673/;https://media.licdn.com/dms/image/v2/D4D0BAQEKAV_UidPfgg/company-logo_100_100/B4DZ5sKxBaIUAQ-/0/1779931222359/viaerbrasil_logo?e=1788393600&v=beta&t=mki2ioRQBQgUtyGF4YGMy4mEj7Tui3UQVKeWF6K4dFE;-;https://www.linkedin.com/company/viaer-aero-trading/about/;Vendas e Suporte;sales OR account OR customer success manager OR client success OR developer relations OR technical writer;viaer aero trading;1;;https://www.linkedin.com/jobs/view/4450157673/;https://www.linkedin.com/jobs/view/4450157673/;On-site;Associate, Vendas / Comercial;12/08/2026;Londrina;Paraná;PR;Região Sul;Brasil;América do Sul
920;Viamar Grupo;Sdr - Sales Development Representative;São Paulo, SP;12/08 17:00;https://www.linkedin.com/jobs/view/4453353702/;https://media.licdn.com/dms/image/v2/D4D0BAQG3NgezM_zK3Q/company-logo_100_100/B4DZ7QuKBEIIAI-/0/1781618221347/viamargrupo_logo?e=1788393600&v=beta&t=VM_Uw7iI8HYfewEYym9AqgTtEIsK5bwnrOn479onisM;-;https://www.linkedin.com/company/viamar-grupo/about/;Software e Serviços de TI;sales OR account OR customer success manager OR client success OR developer relations OR technical writer;viamar grupo;1;;https://www.linkedin.com/jobs/view/4453353702/;https://www.linkedin.com/jobs/view/4453353702/;Not informed;Vendas / Comercial;12/08/2026;São Paulo;São Paulo;SP;Região Sudeste;Brasil;América do Sul
921;Viapiana Assessoria Empresarial;Vendedor Interno - Alumínios;Brasil;12/08 00:00;https://www.linkedin.com/jobs/view/4452305730/;missing logo;-;https://www.linkedin.com/company/viapiana-assessoria-empresarial/about/;Consultoria e Assessoria;sales OR account OR customer success manager OR client success OR developer relations OR technical writer;viapiana assessoria empresarial;1;;https://www.linkedin.com/jobs/view/4452305730/;https://www.linkedin.com/jobs/view/4452305730/;On-site;Intern, Vendas / Comercial;12/08/2026;;;;;Brasil;América do Sul
922;Viapiana Assessoria Empresarial;Prospector Comercial;Medianeira, PR;12/08 00:00;https://www.linkedin.com/jobs/view/4452318778/;missing logo;-;https://www.linkedin.com/company/viapiana-assessoria-empresarial/about/;Consultoria e Assessoria;sales OR account OR customer success manager OR client success OR developer relations OR technical writer;viapiana assessoria empresarial;1;;https://www.linkedin.com/jobs/view/4452318778/;https://www.linkedin.com/jobs/view/4452318778/;On-site;Vendas / Comercial;12/08/2026;Medianeira;Paraná;PR;Região Sul;Brasil;América do Sul
923;Villela Brasil Bank;Prospector;Porto Alegre, RS;12/08 12:00;https://www.linkedin.com/jobs/view/4450158099/;https://media.licdn.com/dms/image/v2/D4D0BAQG3bYx3f-v1jg/company-logo_100_100/company-logo_100_100/0/1735222218821/grupovillela_logo?e=1788393600&v=beta&t=aFeUG_CO8F72uUrREZr790sM4vcCVDMQGyBxoL4PvnY;-;https://www.linkedin.com/company/villela-brasil-bank/about/;Serviços Financeiros;sales OR account OR customer success manager OR client success OR developer relations OR technical writer;villela brasil bank;1;;https://www.linkedin.com/jobs/view/4450158099/;https://www.linkedin.com/jobs/view/4450158099/;On-site;-;12/08/2026;Porto Alegre;Rio Grande do Sul;RS;Região Sul;Brasil;América do Sul
924;Vinícola Mioranza;Analista de vendas;Flores da Cunha, RS;12/08 13:00;https://www.linkedin.com/jobs/view/4450157458/;https://media.licdn.com/dms/image/v2/D4D0BAQFxIgQFZWKBWA/company-logo_100_100/company-logo_100_100/0/1730492303495/vinicolamioranza_logo?e=1788393600&v=beta&t=z-Fj79vid8zgv_TD04sncSuFfoYJodgpZVDFSFk2Rag;Advanced > Specialist;https://www.linkedin.com/company/vin-cola-mioranza/about/;Vendas e Suporte;sales OR account OR customer success manager OR client success OR developer relations OR technical writer;vinícola mioranza;1;;https://www.linkedin.com/jobs/view/4450157458/;https://www.linkedin.com/jobs/view/4450157458/;On-site;Associate, Vendas / Comercial;12/08/2026;Flores da Cunha;Rio Grande do Sul;RS;Região Sul;Brasil;América do Sul
925;VirteX Telecom;VENDEDOR(A) EXTERNO(A) - FLORIANO (PI);Floriano, PI;11/08 22:00;https://www.linkedin.com/jobs/view/4451982359/;https://media.licdn.com/dms/image/v2/D4D0BAQESnFzhGqjkmg/company-logo_100_100/B4DZlzJkaJJUAQ-/0/1758573513019/virtextelecom_logo?e=1788393600&v=beta&t=pfxy-3vQvXPlOcFsnHBZirOtZKaOoIMXknA7US8eamg;-;https://www.linkedin.com/company/virtex-telecom/about/;Telecomunicações;sales OR account OR customer success manager OR client success OR developer relations OR technical writer;virtex telecom;1;;https://www.linkedin.com/jobs/view/4451982359/;https://www.linkedin.com/jobs/view/4451982359/;On-site;Vendas / Comercial;12/08/2026;Floriano;Piauí;PI;Região Nordeste;Brasil;América do Sul
926;Viti Parafusos;Televendas;Curitiba, PR;12/08 09:00;https://www.linkedin.com/jobs/view/4450136328/;https://media.licdn.com/dms/image/v2/D4D0BAQFiw0fYuIsTNw/company-logo_100_100/B4DZ_N86L_IoAM-/0/1785866724471/viti_parafusos_logo?e=1788393600&v=beta&t=6MJ--EOfqOZRYKMzQYvxjOBX-aIFt-l6D9mDzNwDH4c;-;https://www.linkedin.com/company/viti-parafusos/about/;Software e Serviços de TI;sales OR account OR customer success manager OR client success OR developer relations OR technical writer;viti parafusos;1;;https://www.linkedin.com/jobs/view/4450136328/;https://www.linkedin.com/jobs/view/4450136328/;On-site;Vendas / Comercial;12/08/2026;;Paraná;PR;Região Sul;Brasil;América do Sul
927;Viveo;Consultor Interno de Vendas I | Viveo - Mafra | Ribeirão Preto;Ribeirão Preto, SP;12/08 20:00;https://www.linkedin.com/jobs/view/4450197528/;https://media.licdn.com/dms/image/v2/C4D0BAQF7ti0nEPYEOQ/company-logo_100_100/company-logo_100_100/0/1630556268763/viveosaude_logo?e=1788393600&v=beta&t=T_JsWsxCr7YkMliyq6a8rDekAnSmHrlyl_3Kmu_kSXE;Advanced > Specialist;https://www.linkedin.com/company/viveo/about/;Vendas e Suporte;sales OR account OR customer success manager OR client success OR developer relations OR technical writer;viveo;1;;https://www.linkedin.com/jobs/view/4450197528/;https://www.linkedin.com/jobs/view/4450197528/;On-site;Intern, Consultor, Vendas / Comercial;12/08/2026;Ribeirão Preto;São Paulo;SP;Região Sudeste;Brasil;América do Sul
928;Viveo;Gestor(a) de Negócios I | Cremer | São Paulo;São Paulo, SP;12/08 20:00;https://www.linkedin.com/jobs/view/4450185691/;https://media.licdn.com/dms/image/v2/C4D0BAQF7ti0nEPYEOQ/company-logo_100_100/company-logo_100_100/0/1630556268763/viveosaude_logo?e=1788393600&v=beta&t=T_JsWsxCr7YkMliyq6a8rDekAnSmHrlyl_3Kmu_kSXE;-;https://www.linkedin.com/company/viveo/about/;-;sales OR account OR customer success manager OR client success OR developer relations OR technical writer;viveo;1;;https://www.linkedin.com/jobs/view/4450185691/;https://www.linkedin.com/jobs/view/4450185691/;On-site;Liderança/Gerência;12/08/2026;São Paulo;São Paulo;SP;Região Sudeste;Brasil;América do Sul
929;Vogaflex;Vendedor interno;Blumenau, SC;12/08 12:00;https://www.linkedin.com/jobs/view/4452721353/;https://media.licdn.com/dms/image/v2/D4D0BAQG6GnJiwyzeGQ/company-logo_100_100/company-logo_100_100/0/1737553780024/vogaflex_logo?e=1788393600&v=beta&t=5zEM2d9icZy3gBNrYOD8KyyyeoTnFnYO_4c133ZN0ms;-;https://www.linkedin.com/company/vogaflex/about/;-;sales OR account OR customer success manager OR client success OR developer relations OR technical writer;vogaflex;1;;https://www.linkedin.com/jobs/view/4452721353/;https://www.linkedin.com/jobs/view/4452721353/;On-site;Intern, Vendas / Comercial;12/08/2026;Blumenau;Santa Catarina;SC;Região Sul;Brasil;América do Sul
930;Voke;Analista de Customer Success Júnior - Suporte CS | São Paulo e Belo Horizonte;São Paulo, SP;12/08 08:00;https://www.linkedin.com/jobs/view/4450146042/;https://media.licdn.com/dms/image/v2/D4D0BAQFfytfYOdSskQ/company-logo_100_100/B4DZdGD6DGH4AU-/0/1749227119374/voke_tech_logo?e=1788393600&v=beta&t=Tpg4RiWoXVd76_5Tqz2-36Xcfzq11icM2PHXSAgQoyI;Specific > Customer Success Manager;https://www.linkedin.com/company/voke/about/;Vendas e Suporte;sales OR account OR customer success manager OR client success OR developer relations OR technical writer;voke;1;;https://www.linkedin.com/jobs/view/4450146042/;https://www.linkedin.com/jobs/view/4450146042/;Hybrid;Junior, Associate;12/08/2026;São Paulo;São Paulo;SP;Região Sudeste;Brasil;América do Sul
931;Volparts;Promotor de vendas;Ponta Grossa, PR;12/08 09:00;https://www.linkedin.com/jobs/view/4450134508/;https://media.licdn.com/dms/image/v2/C4D0BAQEwR7hgUHkk7A/company-logo_100_100/company-logo_100_100/0/1668111783408/centralpecasevolparts_logo?e=1788393600&v=beta&t=8B-nSbifyCU-n0hwOqHr_Baw3_v3gqQaTobal9ih1jI;-;https://www.linkedin.com/company/volparts/about/;Vendas e Suporte;sales OR account OR customer success manager OR client success OR developer relations OR technical writer;volparts;1;;https://www.linkedin.com/jobs/view/4450134508/;https://www.linkedin.com/jobs/view/4450134508/;On-site;Vendas / Comercial;12/08/2026;Ponta Grossa;Paraná;PR;Região Sul;Brasil;América do Sul
932;Votorantim Cimentos;Vendedora/Vendedor - Atendimento á Construtores de Pequeno Porte (Afirmativa para Pessoas com Deficiência);Grande Porto Alegre (RS);12/08 18:00;https://www.linkedin.com/jobs/view/4453373400/;https://media.licdn.com/dms/image/v2/D4D0BAQGWOyYRqbJArw/company-logo_100_100/B4DZwdumMMIYAQ-/0/1770025281428/vcimentosoficial_logo?e=1788393600&v=beta&t=TmyLtiu4GKRoDL9tojI1GtAwY_cBMVN1QENyQA67FTQ;-;https://www.linkedin.com/company/votorantim-cimentos/about/;Software e Serviços de TI;sales OR account OR customer success manager OR client success OR developer relations OR technical writer;votorantim cimentos;1;;https://www.linkedin.com/jobs/view/4453373400/;https://www.linkedin.com/jobs/view/4453373400/;Hybrid;PCD / Afirmativa, Vendas / Comercial;12/08/2026;;Rio Grande do Sul;RS;Região Sul;Brasil;América do Sul
933;WSA Automação Industrial LTDA;Consultor Técnico Externo;São José do Rio Preto, SP;12/08 15:00;https://www.linkedin.com/jobs/view/4450164618/;https://media.licdn.com/dms/image/v2/D4D0BAQHF5AXdvBC90w/company-logo_100_100/B4DZvrJ6rXI0AU-/0/1769176804525/wsa_automao_industrial_ltda_logo?e=1788393600&v=beta&t=MO8UGhbu5PJBZPlbPu3dhAbI526TNXkyIGFaoDhZzdI;Advanced > Specialist;https://www.linkedin.com/company/wsa-automa-o-industrial-ltda/about/;Manufatura e Produção;sales OR account OR customer success manager OR client success OR developer relations OR technical writer;wsa automação industrial ltda;1;;https://www.linkedin.com/jobs/view/4450164618/;https://www.linkedin.com/jobs/view/4450164618/;On-site;Consultor;12/08/2026;São José do Rio Preto;São Paulo;SP;Região Sudeste;Brasil;América do Sul
934;WSi - Import & Export Solutions;Analista de Relacionamento Comercial - CS Farmer;Itajaí, SC;12/08 10:00;https://www.linkedin.com/jobs/view/4450136601/;https://media.licdn.com/dms/image/v2/D4D0BAQFMCpLoXJiB0Q/company-logo_100_100/B4DZYQNPnYHIAQ-/0/1744028629860/wsicomex_logo?e=1788393600&v=beta&t=NBLuz2AbN_KSlmNldaWTdusGr450CTLAlA82Fim4DNo;Advanced > Specialist;https://www.linkedin.com/company/wsi-import-export-solutions/about/;Software e Serviços de TI;sales OR account OR customer success manager OR client success OR developer relations OR technical writer;wsi - import & export solutions;1;;https://www.linkedin.com/jobs/view/4450136601/;https://www.linkedin.com/jobs/view/4450136601/;On-site;Associate, Vendas / Comercial;12/08/2026;Itajaí;Santa Catarina;SC;Região Sul;Brasil;América do Sul
935;Webmotors;Executivo de Vendas Externas - Cascavel;Cascavel, PR;12/08 10:00;https://www.linkedin.com/jobs/view/4453122204/;https://media.licdn.com/dms/image/v2/C4D0BAQFEWh279xE2-Q/company-logo_100_100/company-logo_100_100/0/1656471692679/webmotors_logo?e=1788393600&v=beta&t=zY23Dhz-x1IzzUAnAxbiSyOslYuoHpvS1BTYzqtPjYw;-;https://www.linkedin.com/company/webmotors/about/;Software e Serviços de TI;sales OR account OR customer success manager OR client success OR developer relations OR technical writer;webmotors;1;;https://www.linkedin.com/jobs/view/4453122204/;https://www.linkedin.com/jobs/view/4453122204/;Hybrid;Vendas / Comercial;12/08/2026;;Paraná;PR;Região Sul;Brasil;América do Sul
936;Webmotors;Executivo de Vendas Externas - Maringá;Maringá, PR;12/08 10:00;https://www.linkedin.com/jobs/view/4453111696/;https://media.licdn.com/dms/image/v2/C4D0BAQFEWh279xE2-Q/company-logo_100_100/company-logo_100_100/0/1656471692679/webmotors_logo?e=1788393600&v=beta&t=zY23Dhz-x1IzzUAnAxbiSyOslYuoHpvS1BTYzqtPjYw;-;https://www.linkedin.com/company/webmotors/about/;Software e Serviços de TI;sales OR account OR customer success manager OR client success OR developer relations OR technical writer;webmotors;1;;https://www.linkedin.com/jobs/view/4453111696/;https://www.linkedin.com/jobs/view/4453111696/;Hybrid;Vendas / Comercial;12/08/2026;Maringá;Paraná;PR;Região Sul;Brasil;América do Sul
937;Webmotors;Executivo de Vendas Externas - Piracicaba;Piracicaba, SP;12/08 10:00;https://www.linkedin.com/jobs/view/4443506098/;https://media.licdn.com/dms/image/v2/C4D0BAQFEWh279xE2-Q/company-logo_100_100/company-logo_100_100/0/1656471692679/webmotors_logo?e=1788393600&v=beta&t=zY23Dhz-x1IzzUAnAxbiSyOslYuoHpvS1BTYzqtPjYw;-;https://www.linkedin.com/company/webmotors/about/;Software e Serviços de TI;sales OR account OR customer success manager OR client success OR developer relations OR technical writer;webmotors;1;;https://www.linkedin.com/jobs/view/4443506098/;https://www.linkedin.com/jobs/view/4443506098/;Hybrid;Vendas / Comercial;12/08/2026;Piracicaba;São Paulo;SP;Região Sudeste;Brasil;América do Sul
938;Welucci;BDR (Business Development Representative);São Paulo, SP;12/08 10:00;https://www.linkedin.com/jobs/view/4450141712/;https://media.licdn.com/dms/image/v2/D4D0BAQGVAOe4GoJzww/company-logo_100_100/B4DZ8A0FgaHgAI-/0/1782425082233/we_lucci_logo?e=1788393600&v=beta&t=tllK5yBlfaRscT2j8MST0W5N4-hCs0ESy8XZCjASqmA;-;https://www.linkedin.com/company/welucci/about/;Software e Serviços de TI;sales OR account OR customer success manager OR client success OR developer relations OR technical writer;welucci;1;;https://www.linkedin.com/jobs/view/4450141712/;https://www.linkedin.com/jobs/view/4450141712/;On-site;Vendas / Comercial;12/08/2026;São Paulo;São Paulo;SP;Região Sudeste;Brasil;América do Sul
939;Win Carreira;Consultor de vendas;Caxias do Sul, RS;12/08 00:00;https://www.linkedin.com/jobs/view/4452331104/;https://media.licdn.com/dms/image/v2/D4D0BAQGDbT14W9M35Q/company-logo_100_100/company-logo_100_100/0/1728738361504/win_carreira_logo?e=1788393600&v=beta&t=C5ojZjjwEIQXzlS1bbvY9fPcnPgD4XNuLBO82ggx6DY;Advanced > Specialist;https://www.linkedin.com/company/win-carreira/about/;Vendas e Suporte;sales OR account OR customer success manager OR client success OR developer relations OR technical writer;win carreira;1;;https://www.linkedin.com/jobs/view/4452331104/;https://www.linkedin.com/jobs/view/4452331104/;On-site;Consultor, Vendas / Comercial;12/08/2026;Caxias do Sul;Rio Grande do Sul;RS;Região Sul;Brasil;América do Sul
940;Win Carreira;Consultor de vendas;Farroupilha, RS;12/08 00:00;https://www.linkedin.com/jobs/view/4452322859/;https://media.licdn.com/dms/image/v2/D4D0BAQGDbT14W9M35Q/company-logo_100_100/company-logo_100_100/0/1728738361504/win_carreira_logo?e=1788393600&v=beta&t=C5ojZjjwEIQXzlS1bbvY9fPcnPgD4XNuLBO82ggx6DY;Advanced > Specialist;https://www.linkedin.com/company/win-carreira/about/;Vendas e Suporte;sales OR account OR customer success manager OR client success OR developer relations OR technical writer;win carreira;1;;https://www.linkedin.com/jobs/view/4452322859/;https://www.linkedin.com/jobs/view/4452322859/;On-site;Consultor, Vendas / Comercial;12/08/2026;Farroupilha;Rio Grande do Sul;RS;Região Sul;Brasil;América do Sul
941;Win Carreira;CONSULTOR COMERCIAL DE EXPORTAÇÃO;Marau, RS;12/08 00:00;https://www.linkedin.com/jobs/view/4452314909/;https://media.licdn.com/dms/image/v2/D4D0BAQGDbT14W9M35Q/company-logo_100_100/company-logo_100_100/0/1728738361504/win_carreira_logo?e=1788393600&v=beta&t=C5ojZjjwEIQXzlS1bbvY9fPcnPgD4XNuLBO82ggx6DY;Advanced > Specialist;https://www.linkedin.com/company/win-carreira/about/;Vendas e Suporte;sales OR account OR customer success manager OR client success OR developer relations OR technical writer;win carreira;1;;https://www.linkedin.com/jobs/view/4452314909/;https://www.linkedin.com/jobs/view/4452314909/;On-site;Consultor, Vendas / Comercial;12/08/2026;Marau;Rio Grande do Sul;RS;Região Sul;Brasil;América do Sul
942;Win Carreira;Coordenador comercial;Marau, RS;12/08 00:00;https://www.linkedin.com/jobs/view/4452316842/;https://media.licdn.com/dms/image/v2/D4D0BAQGDbT14W9M35Q/company-logo_100_100/company-logo_100_100/0/1728738361504/win_carreira_logo?e=1788393600&v=beta&t=C5ojZjjwEIQXzlS1bbvY9fPcnPgD4XNuLBO82ggx6DY;Middle > Manager;https://www.linkedin.com/company/win-carreira/about/;Vendas e Suporte;sales OR account OR customer success manager OR client success OR developer relations OR technical writer;win carreira;1;;https://www.linkedin.com/jobs/view/4452316842/;https://www.linkedin.com/jobs/view/4452316842/;On-site;Mid, Liderança/Gerência, Vendas / Comercial;12/08/2026;Marau;Rio Grande do Sul;RS;Região Sul;Brasil;América do Sul
943;Win Carreira;7592 CONSULTOR(A) DE PÓSVENDA;Passo Fundo, RS;12/08 00:00;https://www.linkedin.com/jobs/view/4452313520/;https://media.licdn.com/dms/image/v2/D4D0BAQGDbT14W9M35Q/company-logo_100_100/company-logo_100_100/0/1728738361504/win_carreira_logo?e=1788393600&v=beta&t=C5ojZjjwEIQXzlS1bbvY9fPcnPgD4XNuLBO82ggx6DY;Advanced > Specialist;https://www.linkedin.com/company/win-carreira/about/;-;sales OR account OR customer success manager OR client success OR developer relations OR technical writer;win carreira;1;;https://www.linkedin.com/jobs/view/4452313520/;https://www.linkedin.com/jobs/view/4452313520/;On-site;Consultor;12/08/2026;Passo Fundo;Rio Grande do Sul;RS;Região Sul;Brasil;América do Sul
944;Win Carreira;ASSESSOR COMERCIAL Ramo Agro;Passo Fundo, RS;12/08 00:00;https://www.linkedin.com/jobs/view/4452314797/;https://media.licdn.com/dms/image/v2/D4D0BAQGDbT14W9M35Q/company-logo_100_100/company-logo_100_100/0/1728738361504/win_carreira_logo?e=1788393600&v=beta&t=C5ojZjjwEIQXzlS1bbvY9fPcnPgD4XNuLBO82ggx6DY;-;https://www.linkedin.com/company/win-carreira/about/;Agro;sales OR account OR customer success manager OR client success OR developer relations OR technical writer;win carreira;1;;https://www.linkedin.com/jobs/view/4452314797/;https://www.linkedin.com/jobs/view/4452314797/;On-site;Vendas / Comercial;12/08/2026;Passo Fundo;Rio Grande do Sul;RS;Região Sul;Brasil;América do Sul
945;Win Carreira;ATENDENTE COMERCIAL VENDAS INTERNAS;Passo Fundo, RS;12/08 00:00;https://www.linkedin.com/jobs/view/4452331074/;https://media.licdn.com/dms/image/v2/D4D0BAQGDbT14W9M35Q/company-logo_100_100/company-logo_100_100/0/1728738361504/win_carreira_logo?e=1788393600&v=beta&t=C5ojZjjwEIQXzlS1bbvY9fPcnPgD4XNuLBO82ggx6DY;-;https://www.linkedin.com/company/win-carreira/about/;Vendas e Suporte;sales OR account OR customer success manager OR client success OR developer relations OR technical writer;win carreira;1;;https://www.linkedin.com/jobs/view/4452331074/;https://www.linkedin.com/jobs/view/4452331074/;On-site;Intern, Vendas / Comercial;12/08/2026;Passo Fundo;Rio Grande do Sul;RS;Região Sul;Brasil;América do Sul
946;Win Carreira;Assistente comercial;Passo Fundo, RS;12/08 00:00;https://www.linkedin.com/jobs/view/4452324675/;https://media.licdn.com/dms/image/v2/D4D0BAQGDbT14W9M35Q/company-logo_100_100/company-logo_100_100/0/1728738361504/win_carreira_logo?e=1788393600&v=beta&t=C5ojZjjwEIQXzlS1bbvY9fPcnPgD4XNuLBO82ggx6DY;-;https://www.linkedin.com/company/win-carreira/about/;Vendas e Suporte;sales OR account OR customer success manager OR client success OR developer relations OR technical writer;win carreira;1;;https://www.linkedin.com/jobs/view/4452324675/;https://www.linkedin.com/jobs/view/4452324675/;On-site;Associate, Vendas / Comercial;12/08/2026;Passo Fundo;Rio Grande do Sul;RS;Região Sul;Brasil;América do Sul
947;Win Carreira;CONSULTOR DE VENDAS Móveis Planejados;Passo Fundo, RS;12/08 00:00;https://www.linkedin.com/jobs/view/4452311937/;https://media.licdn.com/dms/image/v2/D4D0BAQGDbT14W9M35Q/company-logo_100_100/company-logo_100_100/0/1728738361504/win_carreira_logo?e=1788393600&v=beta&t=C5ojZjjwEIQXzlS1bbvY9fPcnPgD4XNuLBO82ggx6DY;Advanced > Specialist;https://www.linkedin.com/company/win-carreira/about/;Vendas e Suporte;sales OR account OR customer success manager OR client success OR developer relations OR technical writer;win carreira;1;;https://www.linkedin.com/jobs/view/4452311937/;https://www.linkedin.com/jobs/view/4452311937/;On-site;Consultor, Vendas / Comercial;12/08/2026;Passo Fundo;Rio Grande do Sul;RS;Região Sul;Brasil;América do Sul
948;Win Carreira;CONSULTORA DE VENDAS;Passo Fundo, RS;12/08 00:00;https://www.linkedin.com/jobs/view/4452332110/;https://media.licdn.com/dms/image/v2/D4D0BAQGDbT14W9M35Q/company-logo_100_100/company-logo_100_100/0/1728738361504/win_carreira_logo?e=1788393600&v=beta&t=C5ojZjjwEIQXzlS1bbvY9fPcnPgD4XNuLBO82ggx6DY;Advanced > Specialist;https://www.linkedin.com/company/win-carreira/about/;Vendas e Suporte;sales OR account OR customer success manager OR client success OR developer relations OR technical writer;win carreira;1;;https://www.linkedin.com/jobs/view/4452332110/;https://www.linkedin.com/jobs/view/4452332110/;On-site;Consultor, Vendas / Comercial;12/08/2026;Passo Fundo;Rio Grande do Sul;RS;Região Sul;Brasil;América do Sul
949;Win Carreira;Consultor de vendas;Passo Fundo, RS;12/08 00:00;https://www.linkedin.com/jobs/view/4452310900/;https://media.licdn.com/dms/image/v2/D4D0BAQGDbT14W9M35Q/company-logo_100_100/company-logo_100_100/0/1728738361504/win_carreira_logo?e=1788393600&v=beta&t=C5ojZjjwEIQXzlS1bbvY9fPcnPgD4XNuLBO82ggx6DY;Advanced > Specialist;https://www.linkedin.com/company/win-carreira/about/;Vendas e Suporte;sales OR account OR customer success manager OR client success OR developer relations OR technical writer;win carreira;1;;https://www.linkedin.com/jobs/view/4452310900/;https://www.linkedin.com/jobs/view/4452310900/;On-site;Consultor, Vendas / Comercial;12/08/2026;Passo Fundo;Rio Grande do Sul;RS;Região Sul;Brasil;América do Sul
950;Win Carreira;Consultor de vendas;Passo Fundo, RS;12/08 00:00;https://www.linkedin.com/jobs/view/4452343080/;https://media.licdn.com/dms/image/v2/D4D0BAQGDbT14W9M35Q/company-logo_100_100/company-logo_100_100/0/1728738361504/win_carreira_logo?e=1788393600&v=beta&t=C5ojZjjwEIQXzlS1bbvY9fPcnPgD4XNuLBO82ggx6DY;Advanced > Specialist;https://www.linkedin.com/company/win-carreira/about/;Vendas e Suporte;sales OR account OR customer success manager OR client success OR developer relations OR technical writer;win carreira;1;;https://www.linkedin.com/jobs/view/4452343080/;https://www.linkedin.com/jobs/view/4452343080/;On-site;Consultor, Vendas / Comercial;12/08/2026;Passo Fundo;Rio Grande do Sul;RS;Região Sul;Brasil;América do Sul
951;Win Carreira;Gerente comercial;Passo Fundo, RS;12/08 00:00;https://www.linkedin.com/jobs/view/4452314577/;https://media.licdn.com/dms/image/v2/D4D0BAQGDbT14W9M35Q/company-logo_100_100/company-logo_100_100/0/1728738361504/win_carreira_logo?e=1788393600&v=beta&t=C5ojZjjwEIQXzlS1bbvY9fPcnPgD4XNuLBO82ggx6DY;Middle > Manager;https://www.linkedin.com/company/win-carreira/about/;Vendas e Suporte;sales OR account OR customer success manager OR client success OR developer relations OR technical writer;win carreira;1;;https://www.linkedin.com/jobs/view/4452314577/;https://www.linkedin.com/jobs/view/4452314577/;On-site;Mid, Liderança/Gerência, Vendas / Comercial;12/08/2026;Passo Fundo;Rio Grande do Sul;RS;Região Sul;Brasil;América do Sul
952;Win Carreira;VENDEDORA EXTERNOA – AGRO;Passo Fundo, RS;12/08 00:00;https://www.linkedin.com/jobs/view/4452328140/;https://media.licdn.com/dms/image/v2/D4D0BAQGDbT14W9M35Q/company-logo_100_100/company-logo_100_100/0/1728738361504/win_carreira_logo?e=1788393600&v=beta&t=C5ojZjjwEIQXzlS1bbvY9fPcnPgD4XNuLBO82ggx6DY;-;https://www.linkedin.com/company/win-carreira/about/;Agro;sales OR account OR customer success manager OR client success OR developer relations OR technical writer;win carreira;1;;https://www.linkedin.com/jobs/view/4452328140/;https://www.linkedin.com/jobs/view/4452328140/;On-site;Vendas / Comercial;12/08/2026;Passo Fundo;Rio Grande do Sul;RS;Região Sul;Brasil;América do Sul
953;Win Carreira;VENDEDORA EXTERNOA – BB;Passo Fundo, RS;12/08 00:00;https://www.linkedin.com/jobs/view/4452315637/;https://media.licdn.com/dms/image/v2/D4D0BAQGDbT14W9M35Q/company-logo_100_100/company-logo_100_100/0/1728738361504/win_carreira_logo?e=1788393600&v=beta&t=C5ojZjjwEIQXzlS1bbvY9fPcnPgD4XNuLBO82ggx6DY;-;https://www.linkedin.com/company/win-carreira/about/;-;sales OR account OR customer success manager OR client success OR developer relations OR technical writer;win carreira;1;;https://www.linkedin.com/jobs/view/4452315637/;https://www.linkedin.com/jobs/view/4452315637/;On-site;Vendas / Comercial;12/08/2026;Passo Fundo;Rio Grande do Sul;RS;Região Sul;Brasil;América do Sul
954;Windel Sistemas Ltda;Consultor Comercial;Sapezal, MT;12/08 20:00;https://www.linkedin.com/jobs/view/4450182855/;https://media.licdn.com/dms/image/v2/C4D0BAQHiN5O9mcB9wQ/company-logo_100_100/company-logo_100_100/0/1671472928933?e=1788393600&v=beta&t=w7KJSb9wkuCJ-aUeFO-aa29-fMpuH5HHwdN6o7aBg20;Advanced > Specialist;https://www.linkedin.com/company/windel-sistemas-ltda/about/;Software e Serviços de TI;sales OR account OR customer success manager OR client success OR developer relations OR technical writer;windel sistemas ltda;1;;https://www.linkedin.com/jobs/view/4450182855/;https://www.linkedin.com/jobs/view/4450182855/;Hybrid;Consultor, Vendas / Comercial;12/08/2026;Sapezal;Mato Grosso;MT;Região Centro-Oeste;Brasil;América do Sul
955;Windel Sistemas Ltda;Consultor Comercial;Teresina, PI;12/08 20:00;https://www.linkedin.com/jobs/view/4450195675/;https://media.licdn.com/dms/image/v2/C4D0BAQHiN5O9mcB9wQ/company-logo_100_100/company-logo_100_100/0/1671472928933?e=1788393600&v=beta&t=w7KJSb9wkuCJ-aUeFO-aa29-fMpuH5HHwdN6o7aBg20;Advanced > Specialist;https://www.linkedin.com/company/windel-sistemas-ltda/about/;Software e Serviços de TI;sales OR account OR customer success manager OR client success OR developer relations OR technical writer;windel sistemas ltda;1;;https://www.linkedin.com/jobs/view/4450195675/;https://www.linkedin.com/jobs/view/4450195675/;Hybrid;Consultor, Vendas / Comercial;12/08/2026;;Piauí;PI;Região Nordeste;Brasil;América do Sul
956;Wiz;Enterprise Account Executive, Brazil;Brasil;12/08 12:00;https://www.linkedin.com/jobs/view/4431533324/;https://media.licdn.com/dms/image/v2/D4E0BAQFOGx_ymF4Z5A/company-logo_100_100/B4EZ9B2tmlHwAI-/0/1783516289657/wizsecurity_logo?e=1788393600&v=beta&t=-ASD03HuP5QCLYhgrsUAIS-16hEqA2GR2zXtC3O78As;Specific > Sales > Account;https://www.linkedin.com/company/wiz/about/;Software e Serviços de TI;sales OR account OR customer success manager OR client success OR developer relations OR technical writer;wiz;1;;https://www.linkedin.com/jobs/view/4431533324/;https://www.linkedin.com/jobs/view/4431533324/;Remote;Vendas / Comercial, Executivo de Contas;12/08/2026;;;;;Brasil;América do Sul
957;Wizard by Pearson;CONSULTOR COMERCIAL- BACACHERI;Brasil;12/08 00:00;https://www.linkedin.com/jobs/view/4452328155/;https://media.licdn.com/dms/image/v2/D4D0BAQGsskB_ojrQ5Q/company-logo_100_100/B4DZd47gpZGYAY-/0/1750080557556/wizard_logo?e=1788393600&v=beta&t=B6wW0EMpj3aAXoJq2rpIfLrNKM2evoW0d5XSB5og3DE;Advanced > Specialist;https://www.linkedin.com/company/wizard-by-pearson/about/;Vendas e Suporte;sales OR account OR customer success manager OR client success OR developer relations OR technical writer;wizard by pearson;1;;https://www.linkedin.com/jobs/view/4452328155/;https://www.linkedin.com/jobs/view/4452328155/;On-site;Consultor, Vendas / Comercial;12/08/2026;;;;;Brasil;América do Sul
958;Wizard by Pearson;Assessora Comercial;Cachoeirinha, RS;12/08 00:00;https://www.linkedin.com/jobs/view/4452315983/;https://media.licdn.com/dms/image/v2/D4D0BAQGsskB_ojrQ5Q/company-logo_100_100/B4DZd47gpZGYAY-/0/1750080557556/wizard_logo?e=1788393600&v=beta&t=B6wW0EMpj3aAXoJq2rpIfLrNKM2evoW0d5XSB5og3DE;-;https://www.linkedin.com/company/wizard-by-pearson/about/;Vendas e Suporte;sales OR account OR customer success manager OR client success OR developer relations OR technical writer;wizard by pearson;1;;https://www.linkedin.com/jobs/view/4452315983/;https://www.linkedin.com/jobs/view/4452315983/;On-site;Vendas / Comercial;12/08/2026;Cachoeirinha;Rio Grande do Sul;RS;Região Sul;Brasil;América do Sul
959;Wizard by Pearson;Consultor de vendas;Recife, PE;12/08 15:00;https://www.linkedin.com/jobs/view/4450155842/;https://media.licdn.com/dms/image/v2/D4D0BAQGsskB_ojrQ5Q/company-logo_100_100/B4DZd47gpZGYAY-/0/1750080557556/wizard_logo?e=1788393600&v=beta&t=B6wW0EMpj3aAXoJq2rpIfLrNKM2evoW0d5XSB5og3DE;Advanced > Specialist;https://www.linkedin.com/company/wizard-by-pearson/about/;Vendas e Suporte;sales OR account OR customer success manager OR client success OR developer relations OR technical writer;wizard by pearson;1;;https://www.linkedin.com/jobs/view/4450155842/;https://www.linkedin.com/jobs/view/4450155842/;On-site;Consultor, Vendas / Comercial;12/08/2026;Recife;Pernambuco;PE;Região Nordeste;Brasil;América do Sul
960;Wizard by Pearson;Vendedor Interno;Vila Velha, ES;11/08 23:00;https://www.linkedin.com/jobs/view/4452312482/;https://media.licdn.com/dms/image/v2/D4D0BAQGsskB_ojrQ5Q/company-logo_100_100/B4DZd47gpZGYAY-/0/1750080557556/wizard_logo?e=1788393600&v=beta&t=B6wW0EMpj3aAXoJq2rpIfLrNKM2evoW0d5XSB5og3DE;-;https://www.linkedin.com/company/wizard-by-pearson/about/;-;sales OR account OR customer success manager OR client success OR developer relations OR technical writer;wizard by pearson;1;;https://www.linkedin.com/jobs/view/4452312482/;https://www.linkedin.com/jobs/view/4452312482/;On-site;Intern, Vendas / Comercial;12/08/2026;Vila Velha;Espírito Santo;ES;Região Sudeste;Brasil;América do Sul
961;Wizard by Pearson;Consultor Comercial - Master;Vitória, ES;12/08 00:00;https://www.linkedin.com/jobs/view/4452312770/;https://media.licdn.com/dms/image/v2/D4D0BAQGsskB_ojrQ5Q/company-logo_100_100/B4DZd47gpZGYAY-/0/1750080557556/wizard_logo?e=1788393600&v=beta&t=B6wW0EMpj3aAXoJq2rpIfLrNKM2evoW0d5XSB5og3DE;Advanced > Specialist;https://www.linkedin.com/company/wizard-by-pearson/about/;Vendas e Suporte;sales OR account OR customer success manager OR client success OR developer relations OR technical writer;wizard by pearson;1;;https://www.linkedin.com/jobs/view/4452312770/;https://www.linkedin.com/jobs/view/4452312770/;On-site;Consultor, Vendas / Comercial;12/08/2026;Vitoria-Gasteiz;Euskadi;PV;;España;
962;WorkBetterNow;Business Development Executive -Remote;Brasil;12/08 13:00;https://www.linkedin.com/jobs/view/4450636161/;https://media.licdn.com/dms/image/v2/D560BAQGvB2yqzWYnOg/company-logo_100_100/company-logo_100_100/0/1696359606370/work_better_now_logo?e=1788393600&v=beta&t=vkeZ7OHSn6w69xPRF-f-5MQqEIGqzoMlPb8OkraTx4Y;-;https://www.linkedin.com/company/workbetternow/about/;Software e Serviços de TI;sales OR account OR customer success manager OR client success OR developer relations OR technical writer;workbetternow;1;;https://www.linkedin.com/jobs/view/4450636161/;https://www.linkedin.com/jobs/view/4450636161/;Remote;Vendas / Comercial;12/08/2026;;;;;Brasil;América do Sul
963;WorkBetterNow;Sales Specialist - Remote;Brasil;12/08 13:00;https://www.linkedin.com/jobs/view/4446132069/;https://media.licdn.com/dms/image/v2/D560BAQGvB2yqzWYnOg/company-logo_100_100/company-logo_100_100/0/1696359606370/work_better_now_logo?e=1788393600&v=beta&t=vkeZ7OHSn6w69xPRF-f-5MQqEIGqzoMlPb8OkraTx4Y;Advanced > Specialist;https://www.linkedin.com/company/workbetternow/about/;Vendas e Suporte;sales OR account OR customer success manager OR client success OR developer relations OR technical writer;workbetternow;1;;https://www.linkedin.com/jobs/view/4446132069/;https://www.linkedin.com/jobs/view/4446132069/;Remote;Specialist, Vendas / Comercial;12/08/2026;;;;;Brasil;América do Sul
964;X Cont;Vendedor;Natal, RN;12/08 09:00;https://www.linkedin.com/jobs/view/4442870104/;https://media.licdn.com/dms/image/v2/D4E0BAQG62JWzK0q7QQ/company-logo_100_100/company-logo_100_100/0/1694702487786?e=1788393600&v=beta&t=bTayEJ_IDX80RRBJ78Kgl1okntWhNHSBkw2axlaG7do;-;https://www.linkedin.com/company/x-cont/about/;-;sales OR account OR customer success manager OR client success OR developer relations OR technical writer;x cont;1;;https://www.linkedin.com/jobs/view/4442870104/;https://www.linkedin.com/jobs/view/4442870104/;On-site;Vendas / Comercial;12/08/2026;Natal;Rio Grande do Norte;RN;Região Nordeste;Brasil;América do Sul
965;XP Inc.;Wealth Services | Relationship Management – Gestoras de Patrimônio;São Paulo, SP;12/08 07:00;https://www.linkedin.com/jobs/view/4430288308/;https://media.licdn.com/dms/image/v2/D4E0BAQGNGiz9pu4KZw/company-logo_100_100/company-logo_100_100/0/1735922822407/xpinc_logo?e=1788393600&v=beta&t=kM2VOCHQn6lTPhzhrf5o4JrhcU1JoO8b9dQFGkV4XqU;Middle > Manager;https://www.linkedin.com/company/xp-inc/about/;Software e Serviços de TI;sales OR account OR customer success manager OR client success OR developer relations OR technical writer;xp inc.;1;;https://www.linkedin.com/jobs/view/4430288308/;https://www.linkedin.com/jobs/view/4430288308/;Not informed;Liderança/Gerência;12/08/2026;São Paulo;São Paulo;SP;Região Sudeste;Brasil;América do Sul
966;Yara Brasil;Especialista de Desenvolvimento de Mercado - Vilhena/RO;Rondonópolis, MT;12/08 11:00;https://www.linkedin.com/jobs/view/4452388828/;https://media.licdn.com/dms/image/v2/D4D0BAQH8mxfO8FufSw/company-logo_100_100/B4DZ8GaECrIIAI-/0/1782518923798?e=1788393600&v=beta&t=hZQc7IgErDYnGyAciz4djjHG-8e3rpJTw00RZgxPbcM;Advanced > Specialist;https://www.linkedin.com/company/yara-brasil/about/;Software e Serviços de TI;sales OR account OR customer success manager OR client success OR developer relations OR technical writer;yara brasil;1;;https://www.linkedin.com/jobs/view/4452388828/;https://www.linkedin.com/jobs/view/4452388828/;Hybrid;Specialist;12/08/2026;Rondonópolis;Mato Grosso;MT;Região Centro-Oeste;Brasil;América do Sul
967;Your Home Brasil;Executivo comercial;SP;12/08 10:00;https://www.linkedin.com/jobs/view/4450136579/;https://media.licdn.com/dms/image/v2/D4D0BAQE9yxnbFrPq5w/company-logo_100_100/company-logo_100_100/0/1705634525512?e=1788393600&v=beta&t=ZtB4b2TzscsyuayFhkhCybHcsBHhAE1bicy1WPVeLMg;-;https://www.linkedin.com/company/your-home-brasil/about/;Software e Serviços de TI;sales OR account OR customer success manager OR client success OR developer relations OR technical writer;your home brasil;1;;https://www.linkedin.com/jobs/view/4450136579/;https://www.linkedin.com/jobs/view/4450136579/;Hybrid;Vendas / Comercial;12/08/2026;;São Paulo;SP;Região Sudeste;Brasil;América do Sul
968;Yázigi;Consultor comercial;Caçapava, SP;12/08 17:00;https://www.linkedin.com/jobs/view/4450188147/;https://media.licdn.com/dms/image/v2/D4D0BAQEuyG3AnsejdA/company-logo_100_100/company-logo_100_100/0/1732221913733/yazigi_oficial_logo?e=1788393600&v=beta&t=pjHsPQ_1ehHF8GJa3cwolwe4m8AUwX1BZaEa1Wwbweo;Advanced > Specialist;https://www.linkedin.com/company/y-zigi/about/;Vendas e Suporte;sales OR account OR customer success manager OR client success OR developer relations OR technical writer;yázigi;1;;https://www.linkedin.com/jobs/view/4450188147/;https://www.linkedin.com/jobs/view/4450188147/;On-site;Consultor, Vendas / Comercial;12/08/2026;Caçapava;São Paulo;SP;Região Sudeste;Brasil;América do Sul
969;Zambon;Gerente de Contas - Canal Distribuição| São Paulo/SP;SP;12/08 11:00;https://www.linkedin.com/jobs/view/4452705305/;https://media.licdn.com/dms/image/v2/D4D0BAQEbXZkOeto_MQ/company-logo_100_100/B4DZp3tPBIJIAQ-/0/1762944938507/zambon_logo?e=1788393600&v=beta&t=NHaXRDW0TZeJr3DhoSC8wUZEDN6na8mlI66kjcTi2QE;Middle > Manager;https://www.linkedin.com/company/zambon/about/;-;sales OR account OR customer success manager OR client success OR developer relations OR technical writer;zambon;1;;https://www.linkedin.com/jobs/view/4452705305/;https://www.linkedin.com/jobs/view/4452705305/;On-site;Mid, Liderança/Gerência;12/08/2026;;São Paulo;SP;Região Sudeste;Brasil;América do Sul
970;Zattar Seguros;Especialista em Consórcio;Joinville, SC;12/08 05:00;https://www.linkedin.com/jobs/view/4453073200/;https://media.licdn.com/dms/image/v2/C4D0BAQGVjl88Ep_v4A/company-logo_100_100/company-logo_100_100/0/1657112445893/zattarseguros_logo?e=1788393600&v=beta&t=XtIXebS-FhSIxBBr8ZhLmWJF4fYOdU24jdYAU-WzQvk;Advanced > Specialist;https://www.linkedin.com/company/zattar-seguros/about/;Seguros e Previdência;sales OR account OR customer success manager OR client success OR developer relations OR technical writer;zattar seguros;1;;https://www.linkedin.com/jobs/view/4453073200/;https://www.linkedin.com/jobs/view/4453073200/;Not informed;Specialist;12/08/2026;Joinville;Santa Catarina;SC;Região Sul;Brasil;América do Sul
971;Zattar Seguros;Especialista em Consórcios;Joinville, SC;12/08 14:00;https://www.linkedin.com/jobs/view/4450175071/;https://media.licdn.com/dms/image/v2/C4D0BAQGVjl88Ep_v4A/company-logo_100_100/company-logo_100_100/0/1657112445893/zattarseguros_logo?e=1788393600&v=beta&t=XtIXebS-FhSIxBBr8ZhLmWJF4fYOdU24jdYAU-WzQvk;Advanced > Specialist;https://www.linkedin.com/company/zattar-seguros/about/;Seguros e Previdência;sales OR account OR customer success manager OR client success OR developer relations OR technical writer;zattar seguros;1;;https://www.linkedin.com/jobs/view/4450175071/;https://www.linkedin.com/jobs/view/4450175071/;On-site;Specialist;12/08/2026;Joinville;Santa Catarina;SC;Região Sul;Brasil;América do Sul
972;Zeus do Brasil;Executivo de Vendas;Blumenau, SC;12/08 00:00;https://www.linkedin.com/jobs/view/4452314670/;https://media.licdn.com/dms/image/v2/D4D0BAQHndImxbrYx1A/company-logo_100_100/company-logo_100_100/0/1727902262846/zeusdobrasil_logo?e=1788393600&v=beta&t=QstuMjpFUv-GnlID2_j4V73vD40jII6L38aeH1QPbSY;-;https://www.linkedin.com/company/zeus-do-brasil/about/;Software e Serviços de TI;sales OR account OR customer success manager OR client success OR developer relations OR technical writer;zeus do brasil;1;;https://www.linkedin.com/jobs/view/4452314670/;https://www.linkedin.com/jobs/view/4452314670/;On-site;Vendas / Comercial;12/08/2026;Blumenau;Santa Catarina;SC;Região Sul;Brasil;América do Sul
973;Zimba Empreendimentos;Gerente Comercial (Mercado Imobiliário);São Paulo, SP;12/08 10:00;https://www.linkedin.com/jobs/view/4446673954/;https://media.licdn.com/dms/image/v2/C4E0BAQFg642u5VEy5A/company-logo_100_100/company-logo_100_100/0/1631333338237?e=1788393600&v=beta&t=mXA32_u6a1XXuqPav-ra92baBWjbPQ4fv9aAxsL2UhA;Middle > Manager;https://www.linkedin.com/company/zimba-empreendimentos/about/;Vendas e Suporte;sales OR account OR customer success manager OR client success OR developer relations OR technical writer;zimba empreendimentos;1;;https://www.linkedin.com/jobs/view/4446673954/;https://www.linkedin.com/jobs/view/4446673954/;On-site;Mid, Liderança/Gerência, Vendas / Comercial;12/08/2026;São Paulo;São Paulo;SP;Região Sudeste;Brasil;América do Sul
974;Zoofertil - Agropecuária;CONSULTOR DE VENDAS EXTERNAS - ITIQUIRA;Itiquira, MT;12/08 00:00;https://www.linkedin.com/jobs/view/4452305622/;https://media.licdn.com/dms/image/v2/D4D0BAQF5pF1MW88HBw/company-logo_100_100/B4DZp_US5mGsAU-/0/1763072619021?e=1788393600&v=beta&t=UmVorm93vvwh2TSHSZEB6Td6GFD3J3Ktn72mc0byO5o;Advanced > Specialist;https://www.linkedin.com/company/zoofertil-agropecu-ria/about/;Agro;sales OR account OR customer success manager OR client success OR developer relations OR technical writer;zoofertil - agropecuária;1;;https://www.linkedin.com/jobs/view/4452305622/;https://www.linkedin.com/jobs/view/4452305622/;On-site;Consultor, Vendas / Comercial;12/08/2026;Itiquira;Mato Grosso;MT;Região Centro-Oeste;Brasil;América do Sul
975;Zoofertil - Agropecuária;CONSULTOR DE VENDAS EXTERNAS - JUÍNA;Juína, MT;12/08 00:00;https://www.linkedin.com/jobs/view/4452316790/;https://media.licdn.com/dms/image/v2/D4D0BAQF5pF1MW88HBw/company-logo_100_100/B4DZp_US5mGsAU-/0/1763072619021?e=1788393600&v=beta&t=UmVorm93vvwh2TSHSZEB6Td6GFD3J3Ktn72mc0byO5o;Advanced > Specialist;https://www.linkedin.com/company/zoofertil-agropecu-ria/about/;Agro;sales OR account OR customer success manager OR client success OR developer relations OR technical writer;zoofertil - agropecuária;1;;https://www.linkedin.com/jobs/view/4452316790/;https://www.linkedin.com/jobs/view/4452316790/;On-site;Consultor, Vendas / Comercial;12/08/2026;Juína;Mato Grosso;MT;Região Centro-Oeste;Brasil;América do Sul
976;Zoofertil - Agropecuária;CONSULTOR DE VENDAS EXTERNAS - POXORÉU;Poxoréu, MT;12/08 00:00;https://www.linkedin.com/jobs/view/4452316824/;https://media.licdn.com/dms/image/v2/D4D0BAQF5pF1MW88HBw/company-logo_100_100/B4DZp_US5mGsAU-/0/1763072619021?e=1788393600&v=beta&t=UmVorm93vvwh2TSHSZEB6Td6GFD3J3Ktn72mc0byO5o;Advanced > Specialist;https://www.linkedin.com/company/zoofertil-agropecu-ria/about/;Agro;sales OR account OR customer success manager OR client success OR developer relations OR technical writer;zoofertil - agropecuária;1;;https://www.linkedin.com/jobs/view/4452316824/;https://www.linkedin.com/jobs/view/4452316824/;On-site;Consultor, Vendas / Comercial;12/08/2026;Poxoréu;Mato Grosso;MT;Região Centro-Oeste;Brasil;América do Sul
977;Zoofertil - Agropecuária;CONSULTOR DE VENDAS EXTERNAS - RIBEIRÃO CASCALHEIRA;Ribeirão Cascalheira, MT;12/08 00:00;https://www.linkedin.com/jobs/view/4452308701/;https://media.licdn.com/dms/image/v2/D4D0BAQF5pF1MW88HBw/company-logo_100_100/B4DZp_US5mGsAU-/0/1763072619021?e=1788393600&v=beta&t=UmVorm93vvwh2TSHSZEB6Td6GFD3J3Ktn72mc0byO5o;Advanced > Specialist;https://www.linkedin.com/company/zoofertil-agropecu-ria/about/;Agro;sales OR account OR customer success manager OR client success OR developer relations OR technical writer;zoofertil - agropecuária;1;;https://www.linkedin.com/jobs/view/4452308701/;https://www.linkedin.com/jobs/view/4452308701/;On-site;Consultor, Vendas / Comercial;12/08/2026;Ribeirão Cascalheira;Mato Grosso;MT;Região Centro-Oeste;Brasil;América do Sul
978;Zoofertil - Agropecuária;CONSULTOR DE VENDAS EXTERNAS - RONDONÓPOLIS;Rondonópolis, MT;12/08 00:00;https://www.linkedin.com/jobs/view/4452314987/;https://media.licdn.com/dms/image/v2/D4D0BAQF5pF1MW88HBw/company-logo_100_100/B4DZp_US5mGsAU-/0/1763072619021?e=1788393600&v=beta&t=UmVorm93vvwh2TSHSZEB6Td6GFD3J3Ktn72mc0byO5o;Advanced > Specialist;https://www.linkedin.com/company/zoofertil-agropecu-ria/about/;Agro;sales OR account OR customer success manager OR client success OR developer relations OR technical writer;zoofertil - agropecuária;1;;https://www.linkedin.com/jobs/view/4452314987/;https://www.linkedin.com/jobs/view/4452314987/;On-site;Consultor, Vendas / Comercial;12/08/2026;Rondonópolis;Mato Grosso;MT;Região Centro-Oeste;Brasil;América do Sul
979;Zoofertil - Agropecuária;CONSULTOR DE VENDAS EXTERNAS - VILA RICA;Vila Rica, RS;12/08 00:00;https://www.linkedin.com/jobs/view/4452339057/;https://media.licdn.com/dms/image/v2/D4D0BAQF5pF1MW88HBw/company-logo_100_100/B4DZp_US5mGsAU-/0/1763072619021?e=1788393600&v=beta&t=UmVorm93vvwh2TSHSZEB6Td6GFD3J3Ktn72mc0byO5o;Advanced > Specialist;https://www.linkedin.com/company/zoofertil-agropecu-ria/about/;Agro;sales OR account OR customer success manager OR client success OR developer relations OR technical writer;zoofertil - agropecuária;1;;https://www.linkedin.com/jobs/view/4452339057/;https://www.linkedin.com/jobs/view/4452339057/;On-site;Consultor, Vendas / Comercial;12/08/2026;;Rio Grande do Sul;RS;Região Sul;Brasil;América do Sul
980;Zoomlion Brasil;Representante Comercial Externo;Amazonas, Brasil;12/08 14:00;https://www.linkedin.com/jobs/view/4453148442/;https://media.licdn.com/dms/image/v2/C4D0BAQF35mNsxUfwSQ/company-logo_100_100/company-logo_100_100/0/1630509850294?e=1788393600&v=beta&t=IeA-Yn7Ovsi96kDLrm5p5bGdfjNaVRQzeSP2S0f1g-s;-;https://www.linkedin.com/company/zoomlion-brasil/about/;Vendas e Suporte;sales OR account OR customer success manager OR client success OR developer relations OR technical writer;zoomlion brasil;1;;https://www.linkedin.com/jobs/view/4453148442/;https://www.linkedin.com/jobs/view/4453148442/;On-site;Vendas / Comercial;12/08/2026;;Pará;PA;Região Norte;Brasil;América do Sul
981;allu.;Supervisor de Farmer | SP;SP;12/08 12:00;https://www.linkedin.com/jobs/view/4450145979/;https://media.licdn.com/dms/image/v2/D4D0BAQFQ0S__uHFICg/company-logo_100_100/B4DZcw8ZWuGcAY-/0/1748872828814/alluoficial_logo?e=1788393600&v=beta&t=ukA9Y2wjKzpzut90Z6FKbkW0JzSJ9DpGNw-vNjg3xY0;Middle > Manager;https://www.linkedin.com/company/allu/about/;-;sales OR account OR customer success manager OR client success OR developer relations OR technical writer;allu.;1;;https://www.linkedin.com/jobs/view/4450145979/;https://www.linkedin.com/jobs/view/4450145979/;On-site;Mid, Liderança/Gerência;12/08/2026;;São Paulo;SP;Região Sudeste;Brasil;América do Sul
982;confidencial;Televendas;Grande Curitiba (PR);12/08 10:00;https://www.linkedin.com/jobs/view/4450133733/;https://media.licdn.com/dms/image/v2/C4D0BAQHKcWo_SgPoOA/company-logo_100_100/company-logo_100_100/0/1677858469206?e=1788393600&v=beta&t=0aB9bPj9bBcdii7244Yl5lwMIhFWc2L5p-iEpzHE8Ok;-;https://www.linkedin.com/company/confidencial/about/;Vendas e Suporte;sales OR account OR customer success manager OR client success OR developer relations OR technical writer;confidencial;1;;https://www.linkedin.com/jobs/view/4450133733/;https://www.linkedin.com/jobs/view/4450133733/;On-site;Vendas / Comercial;12/08/2026;;Paraná;PR;Região Sul;Brasil;América do Sul
983;dsm-firmenich;Account Manager (Campo Grande - MS);Campo Grande, MS;12/08 14:00;https://www.linkedin.com/jobs/view/4450161665/;https://media.licdn.com/dms/image/v2/D4D0BAQGAoXGtUK1GgA/company-logo_100_100/B4DZ8chfoAGwAI-/0/1782889970461/dsm_firmenich_logo?e=1788393600&v=beta&t=JLxom9_ZYwICUED4rLr42GqsA50-6ZwoX9f6-w3wW5o;Specific > Sales > Account;https://www.linkedin.com/company/dsm-firmenich/about/;-;sales OR account OR customer success manager OR client success OR developer relations OR technical writer;dsm-firmenich;1;;https://www.linkedin.com/jobs/view/4450161665/;https://www.linkedin.com/jobs/view/4450161665/;Not informed;Liderança/Gerência, Executivo de Contas;12/08/2026;Campo Grande;Mato Grosso do Sul;MS;Região Centro-Oeste;Brasil;América do Sul
984;dsm-firmenich;Senior Account Manager - Supplements and Pharma;Grande São Paulo (SP) ;12/08 02:00;https://www.linkedin.com/jobs/view/4453050412/;https://media.licdn.com/dms/image/v2/D4D0BAQGAoXGtUK1GgA/company-logo_100_100/B4DZ8chfoAGwAI-/0/1782889970461/dsm_firmenich_logo?e=1788393600&v=beta&t=JLxom9_ZYwICUED4rLr42GqsA50-6ZwoX9f6-w3wW5o;Specific > Sales > Account;https://www.linkedin.com/company/dsm-firmenich/about/;Farmacêutica;sales OR account OR customer success manager OR client success OR developer relations OR technical writer;dsm-firmenich;1;;https://www.linkedin.com/jobs/view/4453050412/;https://www.linkedin.com/jobs/view/4453050412/;Not informed;Senior, Liderança/Gerência, Executivo de Contas;12/08/2026;;São Paulo;SP;Região Sudeste;Brasil;América do Sul
985;fonio.ai;Account Executive Brazil;Campinas, SP;12/08 08:00;https://www.linkedin.com/jobs/view/4425602479/;https://media.licdn.com/dms/image/v2/D4D0BAQGHasHx80VPiQ/company-logo_100_100/company-logo_100_100/0/1726735966579/fonio_ai_logo?e=1788393600&v=beta&t=Wy26BQjUZBILFJdNyaSQSlhSAZ-TGbeTZrtjIAQueEI;Specific > Sales > Account;https://www.linkedin.com/company/fonio-ai/about/;Software e Serviços de TI;sales OR account OR customer success manager OR client success OR developer relations OR technical writer;fonio.ai;1;;https://www.linkedin.com/jobs/view/4425602479/;https://www.linkedin.com/jobs/view/4425602479/;On-site;Vendas / Comercial, Executivo de Contas;12/08/2026;;São Paulo;SP;Região Sudeste;Brasil;América do Sul
986;goFLUENT;Account Manager - Public Sector;Guarulhos, SP;12/08 11:00;https://www.linkedin.com/jobs/view/4440224729/;https://media.licdn.com/dms/image/v2/D560BAQEk-ny2ZT8DwQ/company-logo_100_100/company-logo_100_100/0/1687407248099/gofluent_logo?e=1788393600&v=beta&t=H5fGieXV6GObfeyCQqWS4S0UiWt3CL0Pp8fYeQNDBxY;Specific > Sales > Account;https://www.linkedin.com/company/gofluent/about/;-;sales OR account OR customer success manager OR client success OR developer relations OR technical writer;gofluent;1;;https://www.linkedin.com/jobs/view/4440224729/;https://www.linkedin.com/jobs/view/4440224729/;On-site;Liderança/Gerência, Executivo de Contas;12/08/2026;Guarulhos;São Paulo;SP;Região Sudeste;Brasil;América do Sul
987;help! - a sua loja de crédito;Consultor(a) de Vendas  - Curitiba - Hauer (PR);Curitiba, PR;12/08 07:00;https://www.linkedin.com/jobs/view/4450128527/;https://media.licdn.com/dms/image/v2/D4D0BAQE4EuyfnelSJA/company-logo_100_100/company-logo_100_100/0/1733494948291/help_a_sua_loja_de_crdito_logo?e=1788393600&v=beta&t=GgaDBb-gXO5OLrzixPwe7wG355w7v-ZZ_QvJct2qUuU;Advanced > Specialist;https://www.linkedin.com/company/help-a-sua-loja-de-cr-dito/about/;Software e Serviços de TI;sales OR account OR customer success manager OR client success OR developer relations OR technical writer;help! - a sua loja de crédito;1;;https://www.linkedin.com/jobs/view/4450128527/;https://www.linkedin.com/jobs/view/4450128527/;On-site;Consultor, Vendas / Comercial;12/08/2026;;Paraná;PR;Região Sul;Brasil;América do Sul
988;iGot Up Scooters Elétricas;Vendedor;Cachoeirinha, RS;12/08 15:00;https://www.linkedin.com/jobs/view/4450159766/;missing logo;-;https://www.linkedin.com/company/igot-up-scooters-el-tricas/about/;-;sales OR account OR customer success manager OR client success OR developer relations OR technical writer;igot up scooters elétricas;1;;https://www.linkedin.com/jobs/view/4450159766/;https://www.linkedin.com/jobs/view/4450159766/;On-site;Vendas / Comercial;12/08/2026;Cachoeirinha;Rio Grande do Sul;RS;Região Sul;Brasil;América do Sul
989;iVoei;Vendedor;São Paulo, SP;12/08 21:00;https://www.linkedin.com/jobs/view/4450403247/;https://media.licdn.com/dms/image/v2/C4D0BAQFsfXoMlED2CA/company-logo_100_100/company-logo_100_100/0/1668010516585/ivoei_logo?e=1788393600&v=beta&t=s0Jb8VwUVZcRtzJlVnfqBnoH1MmtO9jm6PsLCXZm1BY;-;https://www.linkedin.com/company/ivoei/about/;-;sales OR account OR customer success manager OR client success OR developer relations OR technical writer;ivoei;1;;https://www.linkedin.com/jobs/view/4450403247/;https://www.linkedin.com/jobs/view/4450403247/;On-site;Vendas / Comercial;12/08/2026;São Paulo;São Paulo;SP;Região Sudeste;Brasil;América do Sul
990;n8n;Technical Account Manager (Remote Europe);Montenegro, RS;12/08 11:00;https://www.linkedin.com/jobs/view/4453128240/;https://media.licdn.com/dms/image/v2/D4E0BAQH--FgKVJA8yg/company-logo_100_100/B4EZxlxTeBI0AQ-/0/1771233949987/n8n_logo?e=1788393600&v=beta&t=4jEwRwZtrPAIMVWKao5MJkrYaR8zBGV0mNACxd9Vmbg;Specific > Sales > Account;https://www.linkedin.com/company/n8n/about/;Software e Serviços de TI;sales OR account OR customer success manager OR client success OR developer relations OR technical writer;n8n;1;;https://www.linkedin.com/jobs/view/4453128240/;https://www.linkedin.com/jobs/view/4453128240/;Remote;Liderança/Gerência, TI/Tech, Executivo de Contas;12/08/2026;Montenegro;Rio Grande do Sul;RS;Região Sul;Brasil;América do Sul
991;nstech;Executivo de Vendas B2B | Gerenciamento de Risco e Logística;SP;12/08 17:00;https://www.linkedin.com/jobs/view/4450174999/;https://media.licdn.com/dms/image/v2/D4D0BAQFh1FnjVanFDw/company-logo_100_100/company-logo_100_100/0/1685727222379/nstechlog_logo?e=1788393600&v=beta&t=bBQprqaV7VuasN8n_aiSw8-G67a6UM-iYdnnM2kmJNM;-;https://www.linkedin.com/company/nstech/about/;Logística e Supply Chain;sales OR account OR customer success manager OR client success OR developer relations OR technical writer;nstech;1;;https://www.linkedin.com/jobs/view/4450174999/;https://www.linkedin.com/jobs/view/4450174999/;On-site;Logística/Supply, Vendas / Comercial;12/08/2026;;São Paulo;SP;Região Sudeste;Brasil;América do Sul
992;respond.io;Business Development Representative (LATAM - Spanish & Portuguese Speaker);Brasil;12/08 04:00;https://www.linkedin.com/jobs/view/4452362465/;https://media.licdn.com/dms/image/v2/D560BAQF-1NqsSIbOzQ/company-logo_100_100/B56Z73m19zGUAI-/0/1782270615645/respondio_logo?e=1788393600&v=beta&t=Pfy9Tdo4ze5SowdCsRV-8DNbvbuORYG0Eq6Stm5r6XI;-;https://www.linkedin.com/company/respond-io/about/;Software e Serviços de TI;sales OR account OR customer success manager OR client success OR developer relations OR technical writer;respond.io;1;;https://www.linkedin.com/jobs/view/4452362465/;https://www.linkedin.com/jobs/view/4452362465/;Remote;Vendas / Comercial;12/08/2026;;;;;Brasil;América do Sul
993;ultima milla;Key Account Manager Pleno;Curitiba, PR;12/08 20:00;https://www.linkedin.com/jobs/view/4450405045/;https://media.licdn.com/dms/image/v2/C4E0BAQGnnmDSKp63QQ/company-logo_100_100/company-logo_100_100/0/1630579412966/skydrop_express_sapi_de_cv_logo?e=1788393600&v=beta&t=hPxCSXbBxecbqg-hAgZ3NnhCBz0jtHpwAGnjC6Gp1Rk;Specific > Sales > Account;https://www.linkedin.com/company/ultima-milla/about/;Software e Serviços de TI;sales OR account OR customer success manager OR client success OR developer relations OR technical writer;ultima milla;1;;https://www.linkedin.com/jobs/view/4450405045/;https://www.linkedin.com/jobs/view/4450405045/;Not informed;Mid, Liderança/Gerência, Executivo de Contas;12/08/2026;;Paraná;PR;Região Sul;Brasil;América do Sul
994;ultima milla;Supervisor(a) de Customer Success (SaaS);Curitiba, PR;12/08 20:00;https://www.linkedin.com/jobs/view/4450199314/;https://media.licdn.com/dms/image/v2/C4E0BAQGnnmDSKp63QQ/company-logo_100_100/company-logo_100_100/0/1630579412966/skydrop_express_sapi_de_cv_logo?e=1788393600&v=beta&t=hPxCSXbBxecbqg-hAgZ3NnhCBz0jtHpwAGnjC6Gp1Rk;Specific > Customer Success Manager;https://www.linkedin.com/company/ultima-milla/about/;Software e Serviços de TI;sales OR account OR customer success manager OR client success OR developer relations OR technical writer;ultima milla;1;;https://www.linkedin.com/jobs/view/4450199314/;https://www.linkedin.com/jobs/view/4450199314/;Not informed;Mid, Liderança/Gerência;12/08/2026;;Paraná;PR;Região Sul;Brasil;América do Sul
995;ÁLAMO ENGENHARIA SA;Consultor comercial;Grande Rio de Janeiro (RJ);12/08 00:00;https://www.linkedin.com/jobs/view/4452312854/;https://media.licdn.com/dms/image/v2/D4D0BAQHFP3mA3Ewx5g/company-logo_100_100/company-logo_100_100/0/1683738120111/alamo_engenharia_sa_logo?e=1788393600&v=beta&t=T8Gjfm_X3jtKl6RaVnHjouaKW5qqhq2c_teyjd1oVDA;Advanced > Specialist;https://www.linkedin.com/company/lamo-engenharia-sa/about/;Vendas e Suporte;sales OR account OR customer success manager OR client success OR developer relations OR technical writer;álamo engenharia sa;1;;https://www.linkedin.com/jobs/view/4452312854/;https://www.linkedin.com/jobs/view/4452312854/;On-site;Consultor, Vendas / Comercial;12/08/2026;;Rio de Janeiro;RJ;Região Sudeste;Brasil;América do Sul
996;Ágape Gestão de Pessoas;Auxiliar Comercial;Brasil;12/08 00:00;https://www.linkedin.com/jobs/view/4452316980/;missing logo;-;https://www.linkedin.com/company/gape-gest-o-de-pessoas/about/;Vendas e Suporte;sales OR account OR customer success manager OR client success OR developer relations OR technical writer;ágape gestão de pessoas;1;;https://www.linkedin.com/jobs/view/4452316980/;https://www.linkedin.com/jobs/view/4452316980/;On-site;Associate, Vendas / Comercial;12/08/2026;;;;;Brasil;América do Sul
997;Ágape Gestão de Pessoas;Vendedor Interno;Brasil;12/08 00:00;https://www.linkedin.com/jobs/view/4452316714/;missing logo;-;https://www.linkedin.com/company/gape-gest-o-de-pessoas/about/;-;sales OR account OR customer success manager OR client success OR developer relations OR technical writer;ágape gestão de pessoas;1;;https://www.linkedin.com/jobs/view/4452316714/;https://www.linkedin.com/jobs/view/4452316714/;On-site;Intern, Vendas / Comercial;12/08/2026;;;;;Brasil;América do Sul
998;Ômer Soluções Empresariais;Consultor comercial externo;Joinville, SC;12/08 14:00;https://www.linkedin.com/jobs/view/4450164430/;https://media.licdn.com/dms/image/v2/D4D0BAQHMyR0WJkOmYg/company-logo_100_100/B4DZoM2SDNGsAQ-/0/1761152148118/omersolucoes_logo?e=1788393600&v=beta&t=U6VB1VZx4UyT_sFb4iLOij8v1bUZpGH0ILc3kqPCbbA;Advanced > Specialist;https://www.linkedin.com/company/mer-solu-es-empresariais/about/;Vendas e Suporte;sales OR account OR customer success manager OR client success OR developer relations OR technical writer;ômer soluções empresariais;1;;https://www.linkedin.com/jobs/view/4450164430/;https://www.linkedin.com/jobs/view/4450164430/;Hybrid;Consultor, Vendas / Comercial;12/08/2026;Joinville;Santa Catarina;SC;Região Sul;Brasil;América do Sul
