Id;Company;Job Title;Location;Published Date;Job Link;Logo;Category;Company Life URL;Industry;Query Parameters;Company_Match;Score;Platform;Job Link_Match;Destination URL;Work Mode;Tags;Capture Date;City;State;UF;Region;Country;Continent
1;3CON Consultoria e Sistemas;Desenvolvedor full stack .Net/ Angular;Brasil;16/06 11:00;https://www.linkedin.com/jobs/view/4428049011/;https://media.licdn.com/dms/image/v2/D4D0BAQF0uro7F5DFQA/company-logo_100_100/company-logo_100_100/0/1687465005321/trescon_logo?e=1782950400&v=beta&t=fxaJkWIKsS6PJrCKV89zmV0cT56jKDGww2yxV13mKXo;-;https://www.linkedin.com/company/3con-consultoria-e-sistemas/about/;Consultoria e Assessoria;frontend OR javascript OR typescript OR html OR css OR react OR angular OR vue OR next.js OR wordpress OR (full AND stack);3con consultoria e sistemas;1;;https://www.linkedin.com/jobs/view/4428049011/;https://www.linkedin.com/jobs/view/4428049011/;Remote;Full Stack;16/06/2026;;;;;Brasil;América do Sul
2;4DF Connect;Tech Lead - PHP / Angular / React - Híbrido;São Paulo (SP);10/06 20:00;https://www.linkedin.com/jobs/view/4427048630/;https://media.licdn.com/dms/image/v2/D4E0BAQHgznwIT2t3IA/company-logo_100_100/B4EZgUICjYGcAU-/0/1752684309117/4dfconnect_logo?e=1782950400&v=beta&t=MkpnYmQp028-LHFpnQ8g8b59GHKuN6ceBEmKeUegZLQ;Middle > Manager;https://www.linkedin.com/company/4df-connect/about/;Software e Serviços de TI;frontend OR javascript OR typescript OR html OR css OR react OR angular OR vue OR next.js OR wordpress OR (full AND stack);4df connect;1.0;Geekhunter;https://www.linkedin.com/jobs/view/4427048630/;https://www.linkedin.com/jobs/view/4427048630/;Hybrid;Mid, Liderança/Gerência, TI/Tech;16/06/2026;São Paulo;São Paulo;SP;Região Sudeste;Brasil;América do Sul
3;:upd8;Desenvolvedor(a) Full Stack – PHP/Laravel + React;São Paulo (SP);10/06 20:00;https://www.linkedin.com/jobs/view/4423171136/;https://media.licdn.com/dms/image/v2/D4D0BAQGD37Sw-vUFrA/company-logo_100_100/company-logo_100_100/0/1722372974009/upd8_logo?e=1782950400&v=beta&t=yf0FaRFb25nv49T9ui9YVkLDyZsdIYLsrTUOjo458Fw;-;https://www.linkedin.com/company/upd8/about/;-;frontend OR javascript OR typescript OR html OR css OR react OR angular OR vue OR next.js OR wordpress OR (full AND stack);:upd8;1.0;LinkedIn (Easy Apply);https://www.linkedin.com/jobs/view/4423171136/;https://www.linkedin.com/jobs/view/4423171136/;Remote;Full Stack;16/06/2026;São Paulo;São Paulo;SP;Região Sudeste;Brasil;América do Sul
4;:upd8;Desenvolvedor(a) Fullstack Sênior (C# / Angular);São Paulo (SP);10/06 20:00;https://www.linkedin.com/jobs/view/4423170149/;https://media.licdn.com/dms/image/v2/D4D0BAQGD37Sw-vUFrA/company-logo_100_100/company-logo_100_100/0/1722372974009/upd8_logo?e=1782950400&v=beta&t=yf0FaRFb25nv49T9ui9YVkLDyZsdIYLsrTUOjo458Fw;-;https://www.linkedin.com/company/upd8/about/;-;frontend OR javascript OR typescript OR html OR css OR react OR angular OR vue OR next.js OR wordpress OR (full AND stack);:upd8;1.0;LinkedIn (Easy Apply);https://www.linkedin.com/jobs/view/4423170149/;https://www.linkedin.com/jobs/view/4423170149/;Remote;Senior, Full Stack;16/06/2026;São Paulo;São Paulo;SP;Região Sudeste;Brasil;América do Sul
5;ABR Telecom;Desenvolvedor Full Stack Sênior;Brasília (DF);12/06 20:00;https://www.linkedin.com/jobs/view/4427677168/;https://media.licdn.com/dms/image/v2/D4D0BAQGmZ59Q0nkYQg/company-logo_100_100/B4DZpu.GtLG8AQ-/0/1762798365935/abr_telecom_logo?e=1782950400&v=beta&t=ls9B5VkABfNhLLrpghrxPk2qnfTpGrCIvusVpEHoD3g;-;https://www.linkedin.com/company/abr-telecom/about/;Telecomunicações;frontend OR javascript OR typescript OR html OR css OR react OR angular OR vue OR next.js OR wordpress OR (full AND stack);abr telecom;1;;https://www.linkedin.com/jobs/view/4427677168/;https://www.linkedin.com/jobs/view/4427677168/;Hybrid;Senior, Full Stack;16/06/2026;;Distrito Federal;DF;Região Centro-Oeste;Brasil;América do Sul
6;AVSystemGEO;Desenvolvedor(a) Full Stack Java / Angular - MG;Grande Belo Horizonte (MG);14/06 20:00;https://www.linkedin.com/jobs/view/4425711540/;https://media.licdn.com/dms/image/v2/C4D0BAQH_KEY6ZB_E6Q/company-logo_100_100/company-logo_100_100/0/1631354524871?e=1782950400&v=beta&t=5IJhV-536NWFc735pqPB9av6-OnedpW3q3DuXjmsH-A;-;https://www.linkedin.com/company/avsystemgeo/about/;-;frontend OR javascript OR typescript OR html OR css OR react OR angular OR vue OR next.js OR wordpress OR (full AND stack);avsystemgeo;1;;https://www.linkedin.com/jobs/view/4425711540/;https://www.linkedin.com/jobs/view/4425711540/;On-site;Full Stack;16/06/2026;;Minas Gerais;MG;Região Sudeste;Brasil;América do Sul
7;Addvisor Group;Desenvolvedor Full Stack Sênior .NET / Angular | Delphi;Barueri (SP);15/06 22:00;https://www.linkedin.com/jobs/view/4427781658/;https://media.licdn.com/dms/image/v2/C560BAQERrO4FKqw5Mg/company-logo_100_100/company-logo_100_100/0/1631314677308?e=1782950400&v=beta&t=t1zsIXy8gyn15FFDpzAlrcoX4VPZQt7jX0X10LR5GeA;-;https://www.linkedin.com/company/addvisor-group/about/;-;frontend OR javascript OR typescript OR html OR css OR react OR angular OR vue OR next.js OR wordpress OR (full AND stack);addvisor group;1.0;Quickin;https://www.linkedin.com/jobs/view/4427781658/;https://www.linkedin.com/jobs/view/4427781658/;Remote;Senior, Full Stack;16/06/2026;Barueri;São Paulo;SP;Região Sudeste;Brasil;América do Sul
8;Addvisor Group;Full Stack Lead Developer / Senior Software Engineer;Campinas (SP);15/06 22:00;https://www.linkedin.com/jobs/view/4427781659/;https://media.licdn.com/dms/image/v2/C560BAQERrO4FKqw5Mg/company-logo_100_100/company-logo_100_100/0/1631314677308?e=1782950400&v=beta&t=t1zsIXy8gyn15FFDpzAlrcoX4VPZQt7jX0X10LR5GeA;Middle > Manager;https://www.linkedin.com/company/addvisor-group/about/;Software e Serviços de TI;frontend OR javascript OR typescript OR html OR css OR react OR angular OR vue OR next.js OR wordpress OR (full AND stack);addvisor group;1.0;Quickin;https://www.linkedin.com/jobs/view/4427781659/;https://www.linkedin.com/jobs/view/4427781659/;On-site;Senior, Mid, Liderança/Gerência, TI/Tech, Full Stack, Engenharia Geral;16/06/2026;Campinas;São Paulo;SP;Região Sudeste;Brasil;América do Sul
9;Alignerr;Frontend TypeScript Engineer (AI Training);São Paulo (SP);15/06 20:00;https://www.linkedin.com/jobs/view/4428844810/;https://media.licdn.com/dms/image/v2/D560BAQHD7jKpwp33DA/company-logo_100_100/B56ZsP32kCG4AQ-/0/1765497858824/alignerr_logo?e=1782950400&v=beta&t=LEYAuSoMXSczNn40yu-zUPvUzgtOdr5LoZQkKlUvgIw;Advanced > Information Technology;https://www.linkedin.com/company/alignerr/about/;-;frontend OR javascript OR typescript OR html OR css OR react OR angular OR vue OR next.js OR wordpress OR (full AND stack);alignerr;1.0;www.alignerr.com;https://www.linkedin.com/jobs/view/4428844810/;https://www.linkedin.com/jobs/view/4428844810/;Remote;Inteligência Artificial, Frontend, Engenharia Geral;16/06/2026;São Paulo;São Paulo;SP;Região Sudeste;Brasil;América do Sul
10;Associated Nerd Global;Desenvolvedor Full Stack Júnior;São Paulo (SP);11/06 20:00;https://www.linkedin.com/jobs/view/4426185143/;https://media.licdn.com/dms/image/v2/D4D0BAQHRCAkUlkgvCw/company-logo_100_100/B4DZx7nVfXJkAQ-/0/1771600435577/associated_nerd_logo?e=1782950400&v=beta&t=mRga_-V9igREhGwY_G1_2P4oDfXOCTKKqnk7A4_PcKA;-;https://www.linkedin.com/company/associated-nerd-global/about/;-;frontend OR javascript OR typescript OR html OR css OR react OR angular OR vue OR next.js OR wordpress OR (full AND stack);associated nerd global;1;;https://www.linkedin.com/jobs/view/4426185143/;https://www.linkedin.com/jobs/view/4426185143/;On-site;Junior, Full Stack;16/06/2026;São Paulo;São Paulo;SP;Região Sudeste;Brasil;América do Sul
11;Atlântico;Pessoa Desenvolvedora Full Stack - Sênior (Remoto);Brasil;12/06 20:00;https://www.linkedin.com/jobs/view/4427232973/;https://media.licdn.com/dms/image/v2/D4D0BAQE-u4yfpq85ig/company-logo_100_100/company-logo_100_100/0/1686749919835?e=1782950400&v=beta&t=DZCRTNH8QxHMT64QIHfpG90Z1G50FSVuUanm5-nJujU;-;https://www.linkedin.com/company/atl-ntico/about/;Software e Serviços de TI;frontend OR javascript OR typescript OR html OR css OR react OR angular OR vue OR next.js OR wordpress OR (full AND stack);atlântico;1;;https://www.linkedin.com/jobs/view/4427232973/;https://www.linkedin.com/jobs/view/4427232973/;Remote;PCD / Afirmativa, Senior, Full Stack;16/06/2026;;;;;Brasil;América do Sul
12;Aurum Software;Pessoa Desenvolvedora Frontend Sr | Remoto;Brasil;13/06 20:00;https://www.linkedin.com/jobs/view/4425384312/;https://media.licdn.com/dms/image/v2/C4D0BAQG4ahmF_yhYCg/company-logo_100_100/company-logo_100_100/0/1631349913790?e=1782950400&v=beta&t=oiY_C1NH_CVZ-LYycO_cu7MFc2-zs718rIQBIZw3hgo;-;https://www.linkedin.com/company/aurum-software/about/;Software e Serviços de TI;frontend OR javascript OR typescript OR html OR css OR react OR angular OR vue OR next.js OR wordpress OR (full AND stack);aurum software;1.0;Gupy;https://www.linkedin.com/jobs/view/4425384312/;https://www.linkedin.com/jobs/view/4425384312/;Remote;PCD / Afirmativa, Senior, Frontend;16/06/2026;;;;;Brasil;América do Sul
13;Avanade;Desenvolvedor(a) Full Stack Sênior (.NET + React) | English Required;São Paulo (SP);10/06 20:00;https://www.linkedin.com/jobs/view/4427046998/;https://media.licdn.com/dms/image/v2/D4D0BAQH9oEH9vWAthw/company-logo_100_100/B4DZf0WkqfH8AY-/0/1752151247860/avanade_logo?e=1782950400&v=beta&t=QHeElhavlNKgZg5FEnKPkeB3zuVZI421UWadNaIvCIA;-;https://www.linkedin.com/company/avanade/about/;-;frontend OR javascript OR typescript OR html OR css OR react OR angular OR vue OR next.js OR wordpress OR (full AND stack);avanade;3.0;www.avanade.com;https://www.linkedin.com/jobs/view/4427046998/;https://www.linkedin.com/jobs/view/4427046998/;On-site;Senior, Full Stack;16/06/2026;São Paulo;São Paulo;SP;Região Sudeste;Brasil;América do Sul
14;Avanade;Desenvolvimento Fullstack NODE JS / Agêntico;São Paulo (SP);14/06 20:00;https://www.linkedin.com/jobs/view/4418601432/;https://media.licdn.com/dms/image/v2/D4D0BAQH9oEH9vWAthw/company-logo_100_100/B4DZf0WkqfH8AY-/0/1752151247860/avanade_logo?e=1782950400&v=beta&t=QHeElhavlNKgZg5FEnKPkeB3zuVZI421UWadNaIvCIA;-;https://www.linkedin.com/company/avanade/about/;Software e Serviços de TI;frontend OR javascript OR typescript OR html OR css OR react OR angular OR vue OR next.js OR wordpress OR (full AND stack);avanade;3.0;www.avanade.com;https://www.linkedin.com/jobs/view/4418601432/;https://www.linkedin.com/jobs/view/4418601432/;On-site;Full Stack;16/06/2026;São Paulo;São Paulo;SP;Região Sudeste;Brasil;América do Sul
15;BIP Brasil;Pessoa Desenvolvedora - Fullstack Java + Angular;Brasil;16/06 19:00;https://www.linkedin.com/jobs/view/4426887400/;https://media.licdn.com/dms/image/v2/D4D0BAQGE5iaedEP2bQ/company-logo_100_100/company-logo_100_100/0/1689009879405/bipbrasil_logo?e=1782950400&v=beta&t=w52LfuLj1flK82Av8ndQaKeqx8fo86yqaYmj1Ad5E-g;-;https://www.linkedin.com/company/bip-brasil/about/;-;frontend OR javascript OR typescript OR html OR css OR react OR angular OR vue OR next.js OR wordpress OR (full AND stack);bip brasil;1.0;LinkedIn (Easy Apply);https://www.linkedin.com/jobs/view/4426887400/;https://www.linkedin.com/jobs/view/4426887400/;Remote;PCD / Afirmativa, Full Stack;16/06/2026;;;;;Brasil;América do Sul
16;BRQ Digital Solutions;FullStack .NET/React - PL;Grande Rio de Janeiro (RJ);11/06 20:00;https://www.linkedin.com/jobs/view/4405468052/;https://media.licdn.com/dms/image/v2/D4D0BAQHsHMIGkFifsw/company-logo_100_100/B4DZwerWdfIoAQ-/0/1770041207049/brq_logo?e=1782950400&v=beta&t=dA2mTecaComfsORuCsISif7MkeceFN9Y9UptwQMOGV0;-;https://www.linkedin.com/company/brq-digital-solutions/about/;Software e Serviços de TI;frontend OR javascript OR typescript OR html OR css OR react OR angular OR vue OR next.js OR wordpress OR (full AND stack);brq digital solutions;1.0;LinkedIn (Easy Apply);https://www.linkedin.com/jobs/view/4405468052/;https://www.linkedin.com/jobs/view/4405468052/;Hybrid;Mid, Full Stack;16/06/2026;;Rio de Janeiro;RJ;Região Sudeste;Brasil;América do Sul
17;BRQ Digital Solutions;Desenvolvedor React - Sênior;São Paulo (SP);16/06 07:00;https://www.linkedin.com/jobs/view/4419104858/;https://media.licdn.com/dms/image/v2/D4D0BAQHsHMIGkFifsw/company-logo_100_100/B4DZwerWdfIoAQ-/0/1770041207049/brq_logo?e=1782950400&v=beta&t=dA2mTecaComfsORuCsISif7MkeceFN9Y9UptwQMOGV0;-;https://www.linkedin.com/company/brq-digital-solutions/about/;Software e Serviços de TI;frontend OR javascript OR typescript OR html OR css OR react OR angular OR vue OR next.js OR wordpress OR (full AND stack);brq digital solutions;1.0;LinkedIn (Easy Apply);https://www.linkedin.com/jobs/view/4419104858/;https://www.linkedin.com/jobs/view/4419104858/;Hybrid;Senior;16/06/2026;São Paulo;São Paulo;SP;Região Sudeste;Brasil;América do Sul
18;BTG Pactual;Software Engineer Full Stack .NET + React - Portal Special;Rio de Janeiro (RJ);16/06 17:00;https://www.linkedin.com/jobs/view/4429587512/;https://media.licdn.com/dms/image/v2/C4E0BAQE0wyub1rswiA/company-logo_100_100/company-logo_100_100/0/1654720569889/btgpactual_logo?e=1782950400&v=beta&t=sR2qfNTlGEyxWT2AWnRgvYXPY20nDEmC00ilCTx0em0;Advanced > Information Technology;https://www.linkedin.com/company/btg-pactual/about/;Software e Serviços de TI;frontend OR javascript OR typescript OR html OR css OR react OR angular OR vue OR next.js OR wordpress OR (full AND stack);btg pactual;4.0;carreiras.btgpactual.com;https://www.linkedin.com/jobs/view/4429587512/;https://www.linkedin.com/jobs/view/4429587512/;On-site;TI/Tech, Full Stack, Engenharia Geral;16/06/2026;Rio de Janeiro;Rio de Janeiro;RJ;Região Sudeste;Brasil;América do Sul
19;BTG Pactual;Engenheiro(a) de Software Frontend Pleno a Sênior (React) | IT BTG Empresas;São Paulo (SP);10/06 20:00;https://www.linkedin.com/jobs/view/4416934583/;https://media.licdn.com/dms/image/v2/C4E0BAQE0wyub1rswiA/company-logo_100_100/company-logo_100_100/0/1654720569889/btgpactual_logo?e=1782950400&v=beta&t=sR2qfNTlGEyxWT2AWnRgvYXPY20nDEmC00ilCTx0em0;-;https://www.linkedin.com/company/btg-pactual/about/;Software e Serviços de TI;frontend OR javascript OR typescript OR html OR css OR react OR angular OR vue OR next.js OR wordpress OR (full AND stack);btg pactual;4.0;carreiras.btgpactual.com;https://www.linkedin.com/jobs/view/4416934583/;https://www.linkedin.com/jobs/view/4416934583/;Hybrid;Senior, Mid, TI/Tech, Frontend;16/06/2026;São Paulo;São Paulo;SP;Região Sudeste;Brasil;América do Sul
20;BTG Pactual;Engenheiro(a) de Software Fullstack Pleno/Sênior (Angular) | Digital Equities;São Paulo (SP);10/06 20:00;https://www.linkedin.com/jobs/view/4427063842/;https://media.licdn.com/dms/image/v2/C4E0BAQE0wyub1rswiA/company-logo_100_100/company-logo_100_100/0/1654720569889/btgpactual_logo?e=1782950400&v=beta&t=sR2qfNTlGEyxWT2AWnRgvYXPY20nDEmC00ilCTx0em0;-;https://www.linkedin.com/company/btg-pactual/about/;Software e Serviços de TI;frontend OR javascript OR typescript OR html OR css OR react OR angular OR vue OR next.js OR wordpress OR (full AND stack);btg pactual;4.0;carreiras.btgpactual.com;https://www.linkedin.com/jobs/view/4427063842/;https://www.linkedin.com/jobs/view/4427063842/;Remote;Senior, Mid, TI/Tech, Full Stack;16/06/2026;São Paulo;São Paulo;SP;Região Sudeste;Brasil;América do Sul
21;BairesDev;Angular Developer - Remote Work;América Latina;16/06 13:00;https://www.linkedin.com/jobs/view/4428062479/;https://media.licdn.com/dms/image/v2/D4E0BAQGNvQASzrdL_w/company-logo_100_100/company-logo_100_100/0/1687874736484/bairesdev_logo?e=1782950400&v=beta&t=mwOeFBWaJPHGpposBEw1gM2BkJhKVKCgiJYrcge4Nms;Advanced > Information Technology;https://www.linkedin.com/company/bairesdev/about/;-;frontend OR javascript OR typescript OR html OR css OR react OR angular OR vue OR next.js OR wordpress OR (full AND stack);bairesdev;2.0;applicants.bairesdev.com;https://www.linkedin.com/jobs/view/4428062479/;https://www.linkedin.com/jobs/view/4428062479/;Remote;-;16/06/2026;;;;;;América Latina
22;BairesDev;Angular Engineer - Remote Work;América Latina;16/06 13:00;https://www.linkedin.com/jobs/view/4428055566/;https://media.licdn.com/dms/image/v2/D4E0BAQGNvQASzrdL_w/company-logo_100_100/company-logo_100_100/0/1687874736484/bairesdev_logo?e=1782950400&v=beta&t=mwOeFBWaJPHGpposBEw1gM2BkJhKVKCgiJYrcge4Nms;Advanced > Information Technology;https://www.linkedin.com/company/bairesdev/about/;-;frontend OR javascript OR typescript OR html OR css OR react OR angular OR vue OR next.js OR wordpress OR (full AND stack);bairesdev;2.0;applicants.bairesdev.com;https://www.linkedin.com/jobs/view/4428055566/;https://www.linkedin.com/jobs/view/4428055566/;Remote;Engenharia Geral;16/06/2026;;;;;;América Latina
23;BairesDev;Angular Engineer - Remote Work | REF#295047;América Latina;16/06 19:00;https://www.linkedin.com/jobs/view/4429735248/;https://media.licdn.com/dms/image/v2/D4E0BAQGNvQASzrdL_w/company-logo_100_100/company-logo_100_100/0/1687874736484/bairesdev_logo?e=1782950400&v=beta&t=mwOeFBWaJPHGpposBEw1gM2BkJhKVKCgiJYrcge4Nms;Advanced > Information Technology;https://www.linkedin.com/company/bairesdev/about/;-;frontend OR javascript OR typescript OR html OR css OR react OR angular OR vue OR next.js OR wordpress OR (full AND stack);bairesdev;2.0;applicants.bairesdev.com;https://www.linkedin.com/jobs/view/4429735248/;https://www.linkedin.com/jobs/view/4429735248/;Remote;Engenharia Geral;16/06/2026;;;;;;América Latina
24;BairesDev;Desarrollador Front-End (Angular) - Trabajo Remoto;América Latina;16/06 16:00;https://www.linkedin.com/jobs/view/4428085486/;https://media.licdn.com/dms/image/v2/D4E0BAQGNvQASzrdL_w/company-logo_100_100/company-logo_100_100/0/1687874736484/bairesdev_logo?e=1782950400&v=beta&t=mwOeFBWaJPHGpposBEw1gM2BkJhKVKCgiJYrcge4Nms;-;https://www.linkedin.com/company/bairesdev/about/;-;frontend OR javascript OR typescript OR html OR css OR react OR angular OR vue OR next.js OR wordpress OR (full AND stack);bairesdev;2.0;applicants.bairesdev.com;https://www.linkedin.com/jobs/view/4428085486/;https://www.linkedin.com/jobs/view/4428085486/;Remote;Frontend;16/06/2026;;;;;;América Latina
25;BairesDev;Desarrollador React Frontend - Trabajo Remoto;América Latina;16/06 10:00;https://www.linkedin.com/jobs/view/4429524043/;https://media.licdn.com/dms/image/v2/D4E0BAQGNvQASzrdL_w/company-logo_100_100/company-logo_100_100/0/1687874736484/bairesdev_logo?e=1782950400&v=beta&t=mwOeFBWaJPHGpposBEw1gM2BkJhKVKCgiJYrcge4Nms;-;https://www.linkedin.com/company/bairesdev/about/;-;frontend OR javascript OR typescript OR html OR css OR react OR angular OR vue OR next.js OR wordpress OR (full AND stack);bairesdev;2.0;applicants.bairesdev.com;https://www.linkedin.com/jobs/view/4429524043/;https://www.linkedin.com/jobs/view/4429524043/;Remote;Frontend;16/06/2026;;;;;;América Latina
26;BairesDev;Desarrollador React Frontend - Trabajo Remoto;América Latina;16/06 10:00;https://www.linkedin.com/jobs/view/4429506960/;https://media.licdn.com/dms/image/v2/D4E0BAQGNvQASzrdL_w/company-logo_100_100/company-logo_100_100/0/1687874736484/bairesdev_logo?e=1782950400&v=beta&t=mwOeFBWaJPHGpposBEw1gM2BkJhKVKCgiJYrcge4Nms;-;https://www.linkedin.com/company/bairesdev/about/;-;frontend OR javascript OR typescript OR html OR css OR react OR angular OR vue OR next.js OR wordpress OR (full AND stack);bairesdev;2.0;applicants.bairesdev.com;https://www.linkedin.com/jobs/view/4429506960/;https://www.linkedin.com/jobs/view/4429506960/;Remote;Frontend;16/06/2026;;;;;;América Latina
27;BairesDev;Frontend Developer (Angular) - Remote Work | REF#290655;América Latina;16/06 20:00;https://www.linkedin.com/jobs/view/4423228416/;https://media.licdn.com/dms/image/v2/D4E0BAQGNvQASzrdL_w/company-logo_100_100/company-logo_100_100/0/1687874736484/bairesdev_logo?e=1782950400&v=beta&t=mwOeFBWaJPHGpposBEw1gM2BkJhKVKCgiJYrcge4Nms;Advanced > Information Technology;https://www.linkedin.com/company/bairesdev/about/;-;frontend OR javascript OR typescript OR html OR css OR react OR angular OR vue OR next.js OR wordpress OR (full AND stack);bairesdev;2.0;applicants.bairesdev.com;https://www.linkedin.com/jobs/view/4423228416/;https://www.linkedin.com/jobs/view/4423228416/;Remote;Frontend;16/06/2026;;;;;;América Latina
28;BairesDev;Frontend Developer (React) - Remote Work | REF#290578;América Latina;15/06 20:00;https://www.linkedin.com/jobs/view/4420452855/;https://media.licdn.com/dms/image/v2/D4E0BAQGNvQASzrdL_w/company-logo_100_100/company-logo_100_100/0/1687874736484/bairesdev_logo?e=1782950400&v=beta&t=mwOeFBWaJPHGpposBEw1gM2BkJhKVKCgiJYrcge4Nms;Advanced > Information Technology;https://www.linkedin.com/company/bairesdev/about/;-;frontend OR javascript OR typescript OR html OR css OR react OR angular OR vue OR next.js OR wordpress OR (full AND stack);bairesdev;2.0;applicants.bairesdev.com;https://www.linkedin.com/jobs/view/4420452855/;https://www.linkedin.com/jobs/view/4420452855/;Remote;Frontend;16/06/2026;;;;;;América Latina
29;BairesDev;Frontend Developer (Vue) - Remote Work | REF#290710;América Latina;09/06 20:00;https://www.linkedin.com/jobs/view/4420457732/;https://media.licdn.com/dms/image/v2/D4E0BAQGNvQASzrdL_w/company-logo_100_100/company-logo_100_100/0/1687874736484/bairesdev_logo?e=1782950400&v=beta&t=mwOeFBWaJPHGpposBEw1gM2BkJhKVKCgiJYrcge4Nms;Advanced > Information Technology;https://www.linkedin.com/company/bairesdev/about/;-;frontend OR javascript OR typescript OR html OR css OR react OR angular OR vue OR next.js OR wordpress OR (full AND stack);bairesdev;2.0;applicants.bairesdev.com;https://www.linkedin.com/jobs/view/4420457732/;https://www.linkedin.com/jobs/view/4420457732/;Remote;Frontend;16/06/2026;;;;;;América Latina
30;BairesDev;Frontend Engineer (Data Viz) - Remote Work | REF#295598;América Latina;16/06 19:00;https://www.linkedin.com/jobs/view/4429723498/;https://media.licdn.com/dms/image/v2/D4E0BAQGNvQASzrdL_w/company-logo_100_100/company-logo_100_100/0/1687874736484/bairesdev_logo?e=1782950400&v=beta&t=mwOeFBWaJPHGpposBEw1gM2BkJhKVKCgiJYrcge4Nms;Advanced > Information Technology;https://www.linkedin.com/company/bairesdev/about/;Dados e Analytics;frontend OR javascript OR typescript OR html OR css OR react OR angular OR vue OR next.js OR wordpress OR (full AND stack);bairesdev;2.0;applicants.bairesdev.com;https://www.linkedin.com/jobs/view/4429723498/;https://www.linkedin.com/jobs/view/4429723498/;Remote;Frontend, Dados/Analytics, Engenharia Geral;16/06/2026;;;;;;América Latina
31;BairesDev;Frontend Engineer (Next.js) - Remote Work | REF#290631;América Latina;16/06 20:00;https://www.linkedin.com/jobs/view/4420456762/;https://media.licdn.com/dms/image/v2/D4E0BAQGNvQASzrdL_w/company-logo_100_100/company-logo_100_100/0/1687874736484/bairesdev_logo?e=1782950400&v=beta&t=mwOeFBWaJPHGpposBEw1gM2BkJhKVKCgiJYrcge4Nms;Advanced > Information Technology;https://www.linkedin.com/company/bairesdev/about/;-;frontend OR javascript OR typescript OR html OR css OR react OR angular OR vue OR next.js OR wordpress OR (full AND stack);bairesdev;2.0;applicants.bairesdev.com;https://www.linkedin.com/jobs/view/4420456762/;https://www.linkedin.com/jobs/view/4420456762/;Remote;Frontend, Engenharia Geral;16/06/2026;;;;;;América Latina
32;BairesDev;Frontend Engineer (Svelte) - Remote Work | REF#295595;América Latina;16/06 19:00;https://www.linkedin.com/jobs/view/4429739090/;https://media.licdn.com/dms/image/v2/D4E0BAQGNvQASzrdL_w/company-logo_100_100/company-logo_100_100/0/1687874736484/bairesdev_logo?e=1782950400&v=beta&t=mwOeFBWaJPHGpposBEw1gM2BkJhKVKCgiJYrcge4Nms;Advanced > Information Technology;https://www.linkedin.com/company/bairesdev/about/;-;frontend OR javascript OR typescript OR html OR css OR react OR angular OR vue OR next.js OR wordpress OR (full AND stack);bairesdev;2.0;applicants.bairesdev.com;https://www.linkedin.com/jobs/view/4429739090/;https://www.linkedin.com/jobs/view/4429739090/;Remote;Frontend, Engenharia Geral;16/06/2026;;;;;;América Latina
33;BairesDev;Frontend Engineer - Remote Work;América Latina;16/06 16:00;https://www.linkedin.com/jobs/view/4428089430/;https://media.licdn.com/dms/image/v2/D4E0BAQGNvQASzrdL_w/company-logo_100_100/company-logo_100_100/0/1687874736484/bairesdev_logo?e=1782950400&v=beta&t=mwOeFBWaJPHGpposBEw1gM2BkJhKVKCgiJYrcge4Nms;Advanced > Information Technology;https://www.linkedin.com/company/bairesdev/about/;-;frontend OR javascript OR typescript OR html OR css OR react OR angular OR vue OR next.js OR wordpress OR (full AND stack);bairesdev;2.0;applicants.bairesdev.com;https://www.linkedin.com/jobs/view/4428089430/;https://www.linkedin.com/jobs/view/4428089430/;Remote;Frontend, Engenharia Geral;16/06/2026;;;;;;América Latina
34;BairesDev;Full Stack .NET Developer - Remote Work | REF#295608;América Latina;16/06 19:00;https://www.linkedin.com/jobs/view/4429735329/;https://media.licdn.com/dms/image/v2/D4E0BAQGNvQASzrdL_w/company-logo_100_100/company-logo_100_100/0/1687874736484/bairesdev_logo?e=1782950400&v=beta&t=mwOeFBWaJPHGpposBEw1gM2BkJhKVKCgiJYrcge4Nms;Advanced > Information Technology;https://www.linkedin.com/company/bairesdev/about/;-;frontend OR javascript OR typescript OR html OR css OR react OR angular OR vue OR next.js OR wordpress OR (full AND stack);bairesdev;2.0;applicants.bairesdev.com;https://www.linkedin.com/jobs/view/4429735329/;https://www.linkedin.com/jobs/view/4429735329/;Remote;Full Stack;16/06/2026;;;;;;América Latina
35;BairesDev;Full Stack Developer (Go) - Remote Work | REF#294704;América Latina;15/06 20:00;https://www.linkedin.com/jobs/view/4426552509/;https://media.licdn.com/dms/image/v2/D4E0BAQGNvQASzrdL_w/company-logo_100_100/company-logo_100_100/0/1687874736484/bairesdev_logo?e=1782950400&v=beta&t=mwOeFBWaJPHGpposBEw1gM2BkJhKVKCgiJYrcge4Nms;Advanced > Information Technology;https://www.linkedin.com/company/bairesdev/about/;-;frontend OR javascript OR typescript OR html OR css OR react OR angular OR vue OR next.js OR wordpress OR (full AND stack);bairesdev;2.0;applicants.bairesdev.com;https://www.linkedin.com/jobs/view/4426552509/;https://www.linkedin.com/jobs/view/4426552509/;Remote;Full Stack;16/06/2026;;;;;;América Latina
36;BairesDev;Full Stack Developer (Rails) - Remote Work | REF#294700;América Latina;15/06 20:00;https://www.linkedin.com/jobs/view/4426554441/;https://media.licdn.com/dms/image/v2/D4E0BAQGNvQASzrdL_w/company-logo_100_100/company-logo_100_100/0/1687874736484/bairesdev_logo?e=1782950400&v=beta&t=mwOeFBWaJPHGpposBEw1gM2BkJhKVKCgiJYrcge4Nms;Advanced > Information Technology;https://www.linkedin.com/company/bairesdev/about/;-;frontend OR javascript OR typescript OR html OR css OR react OR angular OR vue OR next.js OR wordpress OR (full AND stack);bairesdev;2.0;applicants.bairesdev.com;https://www.linkedin.com/jobs/view/4426554441/;https://www.linkedin.com/jobs/view/4426554441/;Remote;Full Stack;16/06/2026;;;;;;América Latina
37;BairesDev;Full Stack Developer - Remote Work | REF#295603;América Latina;16/06 19:00;https://www.linkedin.com/jobs/view/4429735312/;https://media.licdn.com/dms/image/v2/D4E0BAQGNvQASzrdL_w/company-logo_100_100/company-logo_100_100/0/1687874736484/bairesdev_logo?e=1782950400&v=beta&t=mwOeFBWaJPHGpposBEw1gM2BkJhKVKCgiJYrcge4Nms;Advanced > Information Technology;https://www.linkedin.com/company/bairesdev/about/;-;frontend OR javascript OR typescript OR html OR css OR react OR angular OR vue OR next.js OR wordpress OR (full AND stack);bairesdev;2.0;applicants.bairesdev.com;https://www.linkedin.com/jobs/view/4429735312/;https://www.linkedin.com/jobs/view/4429735312/;Remote;Full Stack;16/06/2026;;;;;;América Latina
38;BairesDev;Full Stack Engineer (.NET) - Remote Work | REF#295609;América Latina;16/06 19:00;https://www.linkedin.com/jobs/view/4429732317/;https://media.licdn.com/dms/image/v2/D4E0BAQGNvQASzrdL_w/company-logo_100_100/company-logo_100_100/0/1687874736484/bairesdev_logo?e=1782950400&v=beta&t=mwOeFBWaJPHGpposBEw1gM2BkJhKVKCgiJYrcge4Nms;Advanced > Information Technology;https://www.linkedin.com/company/bairesdev/about/;-;frontend OR javascript OR typescript OR html OR css OR react OR angular OR vue OR next.js OR wordpress OR (full AND stack);bairesdev;2.0;applicants.bairesdev.com;https://www.linkedin.com/jobs/view/4429732317/;https://www.linkedin.com/jobs/view/4429732317/;Remote;Full Stack, Engenharia Geral;16/06/2026;;;;;;América Latina
39;BairesDev;Full Stack Engineer (AI) - Remote Work | REF#294711;América Latina;15/06 20:00;https://www.linkedin.com/jobs/view/4426572172/;https://media.licdn.com/dms/image/v2/D4E0BAQGNvQASzrdL_w/company-logo_100_100/company-logo_100_100/0/1687874736484/bairesdev_logo?e=1782950400&v=beta&t=mwOeFBWaJPHGpposBEw1gM2BkJhKVKCgiJYrcge4Nms;Advanced > Information Technology;https://www.linkedin.com/company/bairesdev/about/;-;frontend OR javascript OR typescript OR html OR css OR react OR angular OR vue OR next.js OR wordpress OR (full AND stack);bairesdev;2.0;applicants.bairesdev.com;https://www.linkedin.com/jobs/view/4426572172/;https://www.linkedin.com/jobs/view/4426572172/;Remote;Inteligência Artificial, Full Stack, Engenharia Geral;16/06/2026;;;;;;América Latina
40;BairesDev;Full Stack Engineer (Go/React) - Remote Work | REF#294705;América Latina;15/06 20:00;https://www.linkedin.com/jobs/view/4426559464/;https://media.licdn.com/dms/image/v2/D4E0BAQGNvQASzrdL_w/company-logo_100_100/company-logo_100_100/0/1687874736484/bairesdev_logo?e=1782950400&v=beta&t=mwOeFBWaJPHGpposBEw1gM2BkJhKVKCgiJYrcge4Nms;Advanced > Information Technology;https://www.linkedin.com/company/bairesdev/about/;-;frontend OR javascript OR typescript OR html OR css OR react OR angular OR vue OR next.js OR wordpress OR (full AND stack);bairesdev;2.0;applicants.bairesdev.com;https://www.linkedin.com/jobs/view/4426559464/;https://www.linkedin.com/jobs/view/4426559464/;Remote;Full Stack, Engenharia Geral;16/06/2026;;;;;;América Latina
41;BairesDev;Full Stack Engineer (Java) - Remote Work | REF#294697;América Latina;15/06 20:00;https://www.linkedin.com/jobs/view/4426567394/;https://media.licdn.com/dms/image/v2/D4E0BAQGNvQASzrdL_w/company-logo_100_100/company-logo_100_100/0/1687874736484/bairesdev_logo?e=1782950400&v=beta&t=mwOeFBWaJPHGpposBEw1gM2BkJhKVKCgiJYrcge4Nms;Advanced > Information Technology;https://www.linkedin.com/company/bairesdev/about/;-;frontend OR javascript OR typescript OR html OR css OR react OR angular OR vue OR next.js OR wordpress OR (full AND stack);bairesdev;2.0;applicants.bairesdev.com;https://www.linkedin.com/jobs/view/4426567394/;https://www.linkedin.com/jobs/view/4426567394/;Remote;Full Stack, Engenharia Geral;16/06/2026;;;;;;América Latina
42;BairesDev;Full Stack Engineer (Laravel) - Remote Work | REF#294707;América Latina;15/06 20:00;https://www.linkedin.com/jobs/view/4426570355/;https://media.licdn.com/dms/image/v2/D4E0BAQGNvQASzrdL_w/company-logo_100_100/company-logo_100_100/0/1687874736484/bairesdev_logo?e=1782950400&v=beta&t=mwOeFBWaJPHGpposBEw1gM2BkJhKVKCgiJYrcge4Nms;Advanced > Information Technology;https://www.linkedin.com/company/bairesdev/about/;-;frontend OR javascript OR typescript OR html OR css OR react OR angular OR vue OR next.js OR wordpress OR (full AND stack);bairesdev;2.0;applicants.bairesdev.com;https://www.linkedin.com/jobs/view/4426570355/;https://www.linkedin.com/jobs/view/4426570355/;Remote;Full Stack, Engenharia Geral;16/06/2026;;;;;;América Latina
43;BairesDev;Full Stack Engineer (Python) - Remote Work | REF#295612;América Latina;16/06 19:00;https://www.linkedin.com/jobs/view/4429726417/;https://media.licdn.com/dms/image/v2/D4E0BAQGNvQASzrdL_w/company-logo_100_100/company-logo_100_100/0/1687874736484/bairesdev_logo?e=1782950400&v=beta&t=mwOeFBWaJPHGpposBEw1gM2BkJhKVKCgiJYrcge4Nms;Advanced > Information Technology;https://www.linkedin.com/company/bairesdev/about/;-;frontend OR javascript OR typescript OR html OR css OR react OR angular OR vue OR next.js OR wordpress OR (full AND stack);bairesdev;2.0;applicants.bairesdev.com;https://www.linkedin.com/jobs/view/4429726417/;https://www.linkedin.com/jobs/view/4429726417/;Remote;Full Stack, Engenharia Geral;16/06/2026;;;;;;América Latina
44;BairesDev;Full Stack Engineer (Ruby on Rails) - Remote Work | REF#294701;América Latina;15/06 20:00;https://www.linkedin.com/jobs/view/4426562435/;https://media.licdn.com/dms/image/v2/D4E0BAQGNvQASzrdL_w/company-logo_100_100/company-logo_100_100/0/1687874736484/bairesdev_logo?e=1782950400&v=beta&t=mwOeFBWaJPHGpposBEw1gM2BkJhKVKCgiJYrcge4Nms;Advanced > Information Technology;https://www.linkedin.com/company/bairesdev/about/;-;frontend OR javascript OR typescript OR html OR css OR react OR angular OR vue OR next.js OR wordpress OR (full AND stack);bairesdev;2.0;applicants.bairesdev.com;https://www.linkedin.com/jobs/view/4426562435/;https://www.linkedin.com/jobs/view/4426562435/;Remote;Full Stack, Engenharia Geral;16/06/2026;;;;;;América Latina
45;BairesDev;Full Stack Engineer - Remote Work | REF#295604;América Latina;16/06 19:00;https://www.linkedin.com/jobs/view/4429724484/;https://media.licdn.com/dms/image/v2/D4E0BAQGNvQASzrdL_w/company-logo_100_100/company-logo_100_100/0/1687874736484/bairesdev_logo?e=1782950400&v=beta&t=mwOeFBWaJPHGpposBEw1gM2BkJhKVKCgiJYrcge4Nms;Advanced > Information Technology;https://www.linkedin.com/company/bairesdev/about/;-;frontend OR javascript OR typescript OR html OR css OR react OR angular OR vue OR next.js OR wordpress OR (full AND stack);bairesdev;2.0;applicants.bairesdev.com;https://www.linkedin.com/jobs/view/4429724484/;https://www.linkedin.com/jobs/view/4429724484/;Remote;Full Stack, Engenharia Geral;16/06/2026;;;;;;América Latina
46;BairesDev;Full Stack Java Developer - Remote Work | REF#294696;América Latina;15/06 20:00;https://www.linkedin.com/jobs/view/4426570376/;https://media.licdn.com/dms/image/v2/D4E0BAQGNvQASzrdL_w/company-logo_100_100/company-logo_100_100/0/1687874736484/bairesdev_logo?e=1782950400&v=beta&t=mwOeFBWaJPHGpposBEw1gM2BkJhKVKCgiJYrcge4Nms;Advanced > Information Technology;https://www.linkedin.com/company/bairesdev/about/;-;frontend OR javascript OR typescript OR html OR css OR react OR angular OR vue OR next.js OR wordpress OR (full AND stack);bairesdev;2.0;applicants.bairesdev.com;https://www.linkedin.com/jobs/view/4426570376/;https://www.linkedin.com/jobs/view/4426570376/;Remote;Full Stack;16/06/2026;;;;;;América Latina
47;BairesDev;Full Stack JavaScript Developer - Remote Work | REF#295605;América Latina;16/06 19:00;https://www.linkedin.com/jobs/view/4429739093/;https://media.licdn.com/dms/image/v2/D4E0BAQGNvQASzrdL_w/company-logo_100_100/company-logo_100_100/0/1687874736484/bairesdev_logo?e=1782950400&v=beta&t=mwOeFBWaJPHGpposBEw1gM2BkJhKVKCgiJYrcge4Nms;Advanced > Information Technology;https://www.linkedin.com/company/bairesdev/about/;-;frontend OR javascript OR typescript OR html OR css OR react OR angular OR vue OR next.js OR wordpress OR (full AND stack);bairesdev;2.0;applicants.bairesdev.com;https://www.linkedin.com/jobs/view/4429739093/;https://www.linkedin.com/jobs/view/4429739093/;Remote;Full Stack;16/06/2026;;;;;;América Latina
48;BairesDev;Full Stack Next.js Developer - Remote Work | REF#295403;América Latina;16/06 19:00;https://www.linkedin.com/jobs/view/4429725470/;https://media.licdn.com/dms/image/v2/D4E0BAQGNvQASzrdL_w/company-logo_100_100/company-logo_100_100/0/1687874736484/bairesdev_logo?e=1782950400&v=beta&t=mwOeFBWaJPHGpposBEw1gM2BkJhKVKCgiJYrcge4Nms;Advanced > Information Technology;https://www.linkedin.com/company/bairesdev/about/;-;frontend OR javascript OR typescript OR html OR css OR react OR angular OR vue OR next.js OR wordpress OR (full AND stack);bairesdev;2.0;applicants.bairesdev.com;https://www.linkedin.com/jobs/view/4429725470/;https://www.linkedin.com/jobs/view/4429725470/;Remote;Full Stack;16/06/2026;;;;;;América Latina
49;BairesDev;Full Stack Python Developer - Remote Work | REF#295611;América Latina;16/06 19:00;https://www.linkedin.com/jobs/view/4429733325/;https://media.licdn.com/dms/image/v2/D4E0BAQGNvQASzrdL_w/company-logo_100_100/company-logo_100_100/0/1687874736484/bairesdev_logo?e=1782950400&v=beta&t=mwOeFBWaJPHGpposBEw1gM2BkJhKVKCgiJYrcge4Nms;Advanced > Information Technology;https://www.linkedin.com/company/bairesdev/about/;-;frontend OR javascript OR typescript OR html OR css OR react OR angular OR vue OR next.js OR wordpress OR (full AND stack);bairesdev;2.0;applicants.bairesdev.com;https://www.linkedin.com/jobs/view/4429733325/;https://www.linkedin.com/jobs/view/4429733325/;Remote;Full Stack;16/06/2026;;;;;;América Latina
50;BairesDev;Full-Stack Developer (Django + React) - Remote Work | REF#295260;América Latina;16/06 19:00;https://www.linkedin.com/jobs/view/4429736260/;https://media.licdn.com/dms/image/v2/D4E0BAQGNvQASzrdL_w/company-logo_100_100/company-logo_100_100/0/1687874736484/bairesdev_logo?e=1782950400&v=beta&t=mwOeFBWaJPHGpposBEw1gM2BkJhKVKCgiJYrcge4Nms;Advanced > Information Technology;https://www.linkedin.com/company/bairesdev/about/;-;frontend OR javascript OR typescript OR html OR css OR react OR angular OR vue OR next.js OR wordpress OR (full AND stack);bairesdev;2.0;applicants.bairesdev.com;https://www.linkedin.com/jobs/view/4429736260/;https://www.linkedin.com/jobs/view/4429736260/;Remote;Full Stack;16/06/2026;;;;;;América Latina
51;BairesDev;Full-Stack Developer (Python + React) - Remote Work | REF#295231;América Latina;16/06 19:00;https://www.linkedin.com/jobs/view/4429735277/;https://media.licdn.com/dms/image/v2/D4E0BAQGNvQASzrdL_w/company-logo_100_100/company-logo_100_100/0/1687874736484/bairesdev_logo?e=1782950400&v=beta&t=mwOeFBWaJPHGpposBEw1gM2BkJhKVKCgiJYrcge4Nms;Advanced > Information Technology;https://www.linkedin.com/company/bairesdev/about/;-;frontend OR javascript OR typescript OR html OR css OR react OR angular OR vue OR next.js OR wordpress OR (full AND stack);bairesdev;2.0;applicants.bairesdev.com;https://www.linkedin.com/jobs/view/4429735277/;https://www.linkedin.com/jobs/view/4429735277/;Remote;Full Stack;16/06/2026;;;;;;América Latina
52;BairesDev;Full-Stack Developer (Python + TypeScript) - Remote Work | REF#295232;América Latina;16/06 19:00;https://www.linkedin.com/jobs/view/4429723453/;https://media.licdn.com/dms/image/v2/D4E0BAQGNvQASzrdL_w/company-logo_100_100/company-logo_100_100/0/1687874736484/bairesdev_logo?e=1782950400&v=beta&t=mwOeFBWaJPHGpposBEw1gM2BkJhKVKCgiJYrcge4Nms;Advanced > Information Technology;https://www.linkedin.com/company/bairesdev/about/;-;frontend OR javascript OR typescript OR html OR css OR react OR angular OR vue OR next.js OR wordpress OR (full AND stack);bairesdev;2.0;applicants.bairesdev.com;https://www.linkedin.com/jobs/view/4429723453/;https://www.linkedin.com/jobs/view/4429723453/;Remote;Full Stack;16/06/2026;;;;;;América Latina
53;BairesDev;Full-Stack Developer (React + Python) - Remote Work | REF#295254;América Latina;16/06 19:00;https://www.linkedin.com/jobs/view/4429740059/;https://media.licdn.com/dms/image/v2/D4E0BAQGNvQASzrdL_w/company-logo_100_100/company-logo_100_100/0/1687874736484/bairesdev_logo?e=1782950400&v=beta&t=mwOeFBWaJPHGpposBEw1gM2BkJhKVKCgiJYrcge4Nms;Advanced > Information Technology;https://www.linkedin.com/company/bairesdev/about/;-;frontend OR javascript OR typescript OR html OR css OR react OR angular OR vue OR next.js OR wordpress OR (full AND stack);bairesdev;2.0;applicants.bairesdev.com;https://www.linkedin.com/jobs/view/4429740059/;https://www.linkedin.com/jobs/view/4429740059/;Remote;Full Stack;16/06/2026;;;;;;América Latina
54;BairesDev;Full-Stack Ruby + TypeScript Developer - Remote Work;América Latina;16/06 16:00;https://www.linkedin.com/jobs/view/4428077609/;https://media.licdn.com/dms/image/v2/D4E0BAQGNvQASzrdL_w/company-logo_100_100/company-logo_100_100/0/1687874736484/bairesdev_logo?e=1782950400&v=beta&t=mwOeFBWaJPHGpposBEw1gM2BkJhKVKCgiJYrcge4Nms;Advanced > Information Technology;https://www.linkedin.com/company/bairesdev/about/;-;frontend OR javascript OR typescript OR html OR css OR react OR angular OR vue OR next.js OR wordpress OR (full AND stack);bairesdev;2.0;applicants.bairesdev.com;https://www.linkedin.com/jobs/view/4428077609/;https://www.linkedin.com/jobs/view/4428077609/;Remote;Full Stack;16/06/2026;;;;;;América Latina
55;BairesDev;Full-stack Angular Developer - Remote Work;América Latina;16/06 13:00;https://www.linkedin.com/jobs/view/4428064657/;https://media.licdn.com/dms/image/v2/D4E0BAQGNvQASzrdL_w/company-logo_100_100/company-logo_100_100/0/1687874736484/bairesdev_logo?e=1782950400&v=beta&t=mwOeFBWaJPHGpposBEw1gM2BkJhKVKCgiJYrcge4Nms;Advanced > Information Technology;https://www.linkedin.com/company/bairesdev/about/;-;frontend OR javascript OR typescript OR html OR css OR react OR angular OR vue OR next.js OR wordpress OR (full AND stack);bairesdev;2.0;applicants.bairesdev.com;https://www.linkedin.com/jobs/view/4428064657/;https://www.linkedin.com/jobs/view/4428064657/;Remote;Full Stack;16/06/2026;;;;;;América Latina
56;BairesDev;Golang Full Stack Developer - Remote Work | REF#294706;América Latina;15/06 20:00;https://www.linkedin.com/jobs/view/4426564381/;https://media.licdn.com/dms/image/v2/D4E0BAQGNvQASzrdL_w/company-logo_100_100/company-logo_100_100/0/1687874736484/bairesdev_logo?e=1782950400&v=beta&t=mwOeFBWaJPHGpposBEw1gM2BkJhKVKCgiJYrcge4Nms;Advanced > Information Technology;https://www.linkedin.com/company/bairesdev/about/;-;frontend OR javascript OR typescript OR html OR css OR react OR angular OR vue OR next.js OR wordpress OR (full AND stack);bairesdev;2.0;applicants.bairesdev.com;https://www.linkedin.com/jobs/view/4426564381/;https://www.linkedin.com/jobs/view/4426564381/;Remote;Full Stack;16/06/2026;;;;;;América Latina
57;BairesDev;Ingeniero React - Trabajo Remoto;América Latina;16/06 10:00;https://www.linkedin.com/jobs/view/4429501858/;https://media.licdn.com/dms/image/v2/D4E0BAQGNvQASzrdL_w/company-logo_100_100/company-logo_100_100/0/1687874736484/bairesdev_logo?e=1782950400&v=beta&t=mwOeFBWaJPHGpposBEw1gM2BkJhKVKCgiJYrcge4Nms;-;https://www.linkedin.com/company/bairesdev/about/;-;frontend OR javascript OR typescript OR html OR css OR react OR angular OR vue OR next.js OR wordpress OR (full AND stack);bairesdev;2.0;applicants.bairesdev.com;https://www.linkedin.com/jobs/view/4429501858/;https://www.linkedin.com/jobs/view/4429501858/;Remote;-;16/06/2026;;;;;;América Latina
58;BairesDev;Ingeniero React Native - Trabajo Remoto;América Latina;16/06 11:00;https://www.linkedin.com/jobs/view/4429536118/;https://media.licdn.com/dms/image/v2/D4E0BAQGNvQASzrdL_w/company-logo_100_100/company-logo_100_100/0/1687874736484/bairesdev_logo?e=1782950400&v=beta&t=mwOeFBWaJPHGpposBEw1gM2BkJhKVKCgiJYrcge4Nms;-;https://www.linkedin.com/company/bairesdev/about/;Software e Serviços de TI;frontend OR javascript OR typescript OR html OR css OR react OR angular OR vue OR next.js OR wordpress OR (full AND stack);bairesdev;2.0;applicants.bairesdev.com;https://www.linkedin.com/jobs/view/4429536118/;https://www.linkedin.com/jobs/view/4429536118/;Remote;-;16/06/2026;;;;;;América Latina
59;BairesDev;Java Full Stack Developer - Remote Work | REF#294698;América Latina;15/06 20:00;https://www.linkedin.com/jobs/view/4426565389/;https://media.licdn.com/dms/image/v2/D4E0BAQGNvQASzrdL_w/company-logo_100_100/company-logo_100_100/0/1687874736484/bairesdev_logo?e=1782950400&v=beta&t=mwOeFBWaJPHGpposBEw1gM2BkJhKVKCgiJYrcge4Nms;Advanced > Information Technology;https://www.linkedin.com/company/bairesdev/about/;-;frontend OR javascript OR typescript OR html OR css OR react OR angular OR vue OR next.js OR wordpress OR (full AND stack);bairesdev;2.0;applicants.bairesdev.com;https://www.linkedin.com/jobs/view/4426565389/;https://www.linkedin.com/jobs/view/4426565389/;Remote;Full Stack;16/06/2026;;;;;;América Latina
60;BairesDev;JavaScript Engineer (Visualization) - Remote Work | REF#295599;América Latina;16/06 19:00;https://www.linkedin.com/jobs/view/4429724488/;https://media.licdn.com/dms/image/v2/D4E0BAQGNvQASzrdL_w/company-logo_100_100/company-logo_100_100/0/1687874736484/bairesdev_logo?e=1782950400&v=beta&t=mwOeFBWaJPHGpposBEw1gM2BkJhKVKCgiJYrcge4Nms;Advanced > Information Technology;https://www.linkedin.com/company/bairesdev/about/;Software e Serviços de TI;frontend OR javascript OR typescript OR html OR css OR react OR angular OR vue OR next.js OR wordpress OR (full AND stack);bairesdev;2.0;applicants.bairesdev.com;https://www.linkedin.com/jobs/view/4429724488/;https://www.linkedin.com/jobs/view/4429724488/;Remote;Engenharia Geral;16/06/2026;;;;;;América Latina
61;BairesDev;Junior JavaScript Developer - Remote Work;América Latina;15/06 20:00;https://www.linkedin.com/jobs/view/4427490575/;https://media.licdn.com/dms/image/v2/D4E0BAQGNvQASzrdL_w/company-logo_100_100/company-logo_100_100/0/1687874736484/bairesdev_logo?e=1782950400&v=beta&t=mwOeFBWaJPHGpposBEw1gM2BkJhKVKCgiJYrcge4Nms;Advanced > Information Technology;https://www.linkedin.com/company/bairesdev/about/;-;frontend OR javascript OR typescript OR html OR css OR react OR angular OR vue OR next.js OR wordpress OR (full AND stack);bairesdev;2.0;applicants.bairesdev.com;https://www.linkedin.com/jobs/view/4427490575/;https://www.linkedin.com/jobs/view/4427490575/;Remote;Junior;16/06/2026;;;;;;América Latina
62;BairesDev;Junior WordPress Developer - Remote Work;América Latina;15/06 20:00;https://www.linkedin.com/jobs/view/4427492623/;https://media.licdn.com/dms/image/v2/D4E0BAQGNvQASzrdL_w/company-logo_100_100/company-logo_100_100/0/1687874736484/bairesdev_logo?e=1782950400&v=beta&t=mwOeFBWaJPHGpposBEw1gM2BkJhKVKCgiJYrcge4Nms;Advanced > Information Technology;https://www.linkedin.com/company/bairesdev/about/;-;frontend OR javascript OR typescript OR html OR css OR react OR angular OR vue OR next.js OR wordpress OR (full AND stack);bairesdev;2.0;applicants.bairesdev.com;https://www.linkedin.com/jobs/view/4427492623/;https://www.linkedin.com/jobs/view/4427492623/;Remote;Junior;16/06/2026;;;;;;América Latina
63;BairesDev;Mobile Engineer (React Native) -Remote Work | REF#294724;América Latina;15/06 20:00;https://www.linkedin.com/jobs/view/4426545521/;https://media.licdn.com/dms/image/v2/D4E0BAQGNvQASzrdL_w/company-logo_100_100/company-logo_100_100/0/1687874736484/bairesdev_logo?e=1782950400&v=beta&t=mwOeFBWaJPHGpposBEw1gM2BkJhKVKCgiJYrcge4Nms;Advanced > Information Technology;https://www.linkedin.com/company/bairesdev/about/;Software e Serviços de TI;frontend OR javascript OR typescript OR html OR css OR react OR angular OR vue OR next.js OR wordpress OR (full AND stack);bairesdev;2.0;applicants.bairesdev.com;https://www.linkedin.com/jobs/view/4426545521/;https://www.linkedin.com/jobs/view/4426545521/;Remote;Engenharia Geral;16/06/2026;;;;;;América Latina
64;BairesDev;PHP Full Stack Developer - Remote Work | REF#294708;América Latina;15/06 20:00;https://www.linkedin.com/jobs/view/4426554446/;https://media.licdn.com/dms/image/v2/D4E0BAQGNvQASzrdL_w/company-logo_100_100/company-logo_100_100/0/1687874736484/bairesdev_logo?e=1782950400&v=beta&t=mwOeFBWaJPHGpposBEw1gM2BkJhKVKCgiJYrcge4Nms;Advanced > Information Technology;https://www.linkedin.com/company/bairesdev/about/;-;frontend OR javascript OR typescript OR html OR css OR react OR angular OR vue OR next.js OR wordpress OR (full AND stack);bairesdev;2.0;applicants.bairesdev.com;https://www.linkedin.com/jobs/view/4426554446/;https://www.linkedin.com/jobs/view/4426554446/;Remote;Full Stack;16/06/2026;;;;;;América Latina
65;BairesDev;React Engineer - Remote Work | REF#295033;América Latina;16/06 19:00;https://www.linkedin.com/jobs/view/4429728312/;https://media.licdn.com/dms/image/v2/D4E0BAQGNvQASzrdL_w/company-logo_100_100/company-logo_100_100/0/1687874736484/bairesdev_logo?e=1782950400&v=beta&t=mwOeFBWaJPHGpposBEw1gM2BkJhKVKCgiJYrcge4Nms;Advanced > Information Technology;https://www.linkedin.com/company/bairesdev/about/;-;frontend OR javascript OR typescript OR html OR css OR react OR angular OR vue OR next.js OR wordpress OR (full AND stack);bairesdev;2.0;applicants.bairesdev.com;https://www.linkedin.com/jobs/view/4429728312/;https://www.linkedin.com/jobs/view/4429728312/;Remote;Engenharia Geral;16/06/2026;;;;;;América Latina
66;BairesDev;React Native Developer - Remote Work;América Latina;16/06 10:00;https://www.linkedin.com/jobs/view/4429525067/;https://media.licdn.com/dms/image/v2/D4E0BAQGNvQASzrdL_w/company-logo_100_100/company-logo_100_100/0/1687874736484/bairesdev_logo?e=1782950400&v=beta&t=mwOeFBWaJPHGpposBEw1gM2BkJhKVKCgiJYrcge4Nms;Advanced > Information Technology;https://www.linkedin.com/company/bairesdev/about/;Software e Serviços de TI;frontend OR javascript OR typescript OR html OR css OR react OR angular OR vue OR next.js OR wordpress OR (full AND stack);bairesdev;2.0;applicants.bairesdev.com;https://www.linkedin.com/jobs/view/4429525067/;https://www.linkedin.com/jobs/view/4429525067/;Remote;-;16/06/2026;;;;;;América Latina
67;BairesDev;React Native Developer - Trabajo Remoto;América Latina;16/06 10:00;https://www.linkedin.com/jobs/view/4429521620/;https://media.licdn.com/dms/image/v2/D4E0BAQGNvQASzrdL_w/company-logo_100_100/company-logo_100_100/0/1687874736484/bairesdev_logo?e=1782950400&v=beta&t=mwOeFBWaJPHGpposBEw1gM2BkJhKVKCgiJYrcge4Nms;Advanced > Information Technology;https://www.linkedin.com/company/bairesdev/about/;Software e Serviços de TI;frontend OR javascript OR typescript OR html OR css OR react OR angular OR vue OR next.js OR wordpress OR (full AND stack);bairesdev;2.0;applicants.bairesdev.com;https://www.linkedin.com/jobs/view/4429521620/;https://www.linkedin.com/jobs/view/4429521620/;Remote;-;16/06/2026;;;;;;América Latina
68;BairesDev;React/Next.js Developer - Remote Work | REF#295401;América Latina;16/06 19:00;https://www.linkedin.com/jobs/view/4429720598/;https://media.licdn.com/dms/image/v2/D4E0BAQGNvQASzrdL_w/company-logo_100_100/company-logo_100_100/0/1687874736484/bairesdev_logo?e=1782950400&v=beta&t=mwOeFBWaJPHGpposBEw1gM2BkJhKVKCgiJYrcge4Nms;Advanced > Information Technology;https://www.linkedin.com/company/bairesdev/about/;-;frontend OR javascript OR typescript OR html OR css OR react OR angular OR vue OR next.js OR wordpress OR (full AND stack);bairesdev;2.0;applicants.bairesdev.com;https://www.linkedin.com/jobs/view/4429720598/;https://www.linkedin.com/jobs/view/4429720598/;Remote;-;16/06/2026;;;;;;América Latina
69;BairesDev;Semi Senior React Native Developer - Remote Work;América Latina;15/06 20:00;https://www.linkedin.com/jobs/view/4427751242/;https://media.licdn.com/dms/image/v2/D4E0BAQGNvQASzrdL_w/company-logo_100_100/company-logo_100_100/0/1687874736484/bairesdev_logo?e=1782950400&v=beta&t=mwOeFBWaJPHGpposBEw1gM2BkJhKVKCgiJYrcge4Nms;Advanced > Information Technology;https://www.linkedin.com/company/bairesdev/about/;Software e Serviços de TI;frontend OR javascript OR typescript OR html OR css OR react OR angular OR vue OR next.js OR wordpress OR (full AND stack);bairesdev;2.0;applicants.bairesdev.com;https://www.linkedin.com/jobs/view/4427751242/;https://www.linkedin.com/jobs/view/4427751242/;Remote;Senior;16/06/2026;;;;;;América Latina
70;BairesDev;Senior Front-End Developer (React) - Remote Work;América Latina;16/06 12:00;https://www.linkedin.com/jobs/view/4428045478/;https://media.licdn.com/dms/image/v2/D4E0BAQGNvQASzrdL_w/company-logo_100_100/company-logo_100_100/0/1687874736484/bairesdev_logo?e=1782950400&v=beta&t=mwOeFBWaJPHGpposBEw1gM2BkJhKVKCgiJYrcge4Nms;Advanced > Information Technology;https://www.linkedin.com/company/bairesdev/about/;-;frontend OR javascript OR typescript OR html OR css OR react OR angular OR vue OR next.js OR wordpress OR (full AND stack);bairesdev;2.0;applicants.bairesdev.com;https://www.linkedin.com/jobs/view/4428045478/;https://www.linkedin.com/jobs/view/4428045478/;Remote;Senior, Frontend;16/06/2026;;;;;;América Latina
71;BairesDev;Senior Full Stack .NET Engineer - Remote Work | REF#295610;América Latina;16/06 19:00;https://www.linkedin.com/jobs/view/4429730332/;https://media.licdn.com/dms/image/v2/D4E0BAQGNvQASzrdL_w/company-logo_100_100/company-logo_100_100/0/1687874736484/bairesdev_logo?e=1782950400&v=beta&t=mwOeFBWaJPHGpposBEw1gM2BkJhKVKCgiJYrcge4Nms;Advanced > Information Technology;https://www.linkedin.com/company/bairesdev/about/;-;frontend OR javascript OR typescript OR html OR css OR react OR angular OR vue OR next.js OR wordpress OR (full AND stack);bairesdev;2.0;applicants.bairesdev.com;https://www.linkedin.com/jobs/view/4429730332/;https://www.linkedin.com/jobs/view/4429730332/;Remote;Senior, Full Stack, Engenharia Geral;16/06/2026;;;;;;América Latina
72;BairesDev;Senior Full Stack Engineer (Rails) - Remote Work | REF#294703;América Latina;15/06 20:00;https://www.linkedin.com/jobs/view/4426570351/;https://media.licdn.com/dms/image/v2/D4E0BAQGNvQASzrdL_w/company-logo_100_100/company-logo_100_100/0/1687874736484/bairesdev_logo?e=1782950400&v=beta&t=mwOeFBWaJPHGpposBEw1gM2BkJhKVKCgiJYrcge4Nms;Advanced > Information Technology;https://www.linkedin.com/company/bairesdev/about/;-;frontend OR javascript OR typescript OR html OR css OR react OR angular OR vue OR next.js OR wordpress OR (full AND stack);bairesdev;2.0;applicants.bairesdev.com;https://www.linkedin.com/jobs/view/4426570351/;https://www.linkedin.com/jobs/view/4426570351/;Remote;Senior, Full Stack, Engenharia Geral;16/06/2026;;;;;;América Latina
73;BairesDev;Senior Full Stack Engineer - Remote Work | REF#295607;América Latina;16/06 19:00;https://www.linkedin.com/jobs/view/4429724489/;https://media.licdn.com/dms/image/v2/D4E0BAQGNvQASzrdL_w/company-logo_100_100/company-logo_100_100/0/1687874736484/bairesdev_logo?e=1782950400&v=beta&t=mwOeFBWaJPHGpposBEw1gM2BkJhKVKCgiJYrcge4Nms;Advanced > Information Technology;https://www.linkedin.com/company/bairesdev/about/;-;frontend OR javascript OR typescript OR html OR css OR react OR angular OR vue OR next.js OR wordpress OR (full AND stack);bairesdev;2.0;applicants.bairesdev.com;https://www.linkedin.com/jobs/view/4429724489/;https://www.linkedin.com/jobs/view/4429724489/;Remote;Senior, Full Stack, Engenharia Geral;16/06/2026;;;;;;América Latina
74;BairesDev;Senior React Developer - Remote Work;América Latina;15/06 20:00;https://www.linkedin.com/jobs/view/4427758834/;https://media.licdn.com/dms/image/v2/D4E0BAQGNvQASzrdL_w/company-logo_100_100/company-logo_100_100/0/1687874736484/bairesdev_logo?e=1782950400&v=beta&t=mwOeFBWaJPHGpposBEw1gM2BkJhKVKCgiJYrcge4Nms;Advanced > Information Technology;https://www.linkedin.com/company/bairesdev/about/;-;frontend OR javascript OR typescript OR html OR css OR react OR angular OR vue OR next.js OR wordpress OR (full AND stack);bairesdev;2.0;applicants.bairesdev.com;https://www.linkedin.com/jobs/view/4427758834/;https://www.linkedin.com/jobs/view/4427758834/;Remote;Senior;16/06/2026;;;;;;América Latina
75;BairesDev;Senior React Engineer - Remote Work | REF#294223;América Latina;15/06 20:00;https://www.linkedin.com/jobs/view/4426570339/;https://media.licdn.com/dms/image/v2/D4E0BAQGNvQASzrdL_w/company-logo_100_100/company-logo_100_100/0/1687874736484/bairesdev_logo?e=1782950400&v=beta&t=mwOeFBWaJPHGpposBEw1gM2BkJhKVKCgiJYrcge4Nms;Advanced > Information Technology;https://www.linkedin.com/company/bairesdev/about/;-;frontend OR javascript OR typescript OR html OR css OR react OR angular OR vue OR next.js OR wordpress OR (full AND stack);bairesdev;2.0;applicants.bairesdev.com;https://www.linkedin.com/jobs/view/4426570339/;https://www.linkedin.com/jobs/view/4426570339/;Remote;Senior, Engenharia Geral;16/06/2026;;;;;;América Latina
76;BairesDev;Senior Software Engineer (Java/React) - Remote Work | REF#294699;América Latina;15/06 20:00;https://www.linkedin.com/jobs/view/4426553504/;https://media.licdn.com/dms/image/v2/D4E0BAQGNvQASzrdL_w/company-logo_100_100/company-logo_100_100/0/1687874736484/bairesdev_logo?e=1782950400&v=beta&t=mwOeFBWaJPHGpposBEw1gM2BkJhKVKCgiJYrcge4Nms;Advanced > Information Technology;https://www.linkedin.com/company/bairesdev/about/;Software e Serviços de TI;frontend OR javascript OR typescript OR html OR css OR react OR angular OR vue OR next.js OR wordpress OR (full AND stack);bairesdev;2.0;applicants.bairesdev.com;https://www.linkedin.com/jobs/view/4426553504/;https://www.linkedin.com/jobs/view/4426553504/;Remote;Senior, TI/Tech, Engenharia Geral;16/06/2026;;;;;;América Latina
77;BairesDev;Software Engineer (Next.js) - Remote Work | REF#295183;América Latina;16/06 19:00;https://www.linkedin.com/jobs/view/4429724459/;https://media.licdn.com/dms/image/v2/D4E0BAQGNvQASzrdL_w/company-logo_100_100/company-logo_100_100/0/1687874736484/bairesdev_logo?e=1782950400&v=beta&t=mwOeFBWaJPHGpposBEw1gM2BkJhKVKCgiJYrcge4Nms;Advanced > Information Technology;https://www.linkedin.com/company/bairesdev/about/;Software e Serviços de TI;frontend OR javascript OR typescript OR html OR css OR react OR angular OR vue OR next.js OR wordpress OR (full AND stack);bairesdev;2.0;applicants.bairesdev.com;https://www.linkedin.com/jobs/view/4429724459/;https://www.linkedin.com/jobs/view/4429724459/;Remote;TI/Tech, Engenharia Geral;16/06/2026;;;;;;América Latina
78;BairesDev;Software Engineer (Python/React) | REF#295441;América Latina;16/06 19:00;https://www.linkedin.com/jobs/view/4429733292/;https://media.licdn.com/dms/image/v2/D4E0BAQGNvQASzrdL_w/company-logo_100_100/company-logo_100_100/0/1687874736484/bairesdev_logo?e=1782950400&v=beta&t=mwOeFBWaJPHGpposBEw1gM2BkJhKVKCgiJYrcge4Nms;Advanced > Information Technology;https://www.linkedin.com/company/bairesdev/about/;Software e Serviços de TI;frontend OR javascript OR typescript OR html OR css OR react OR angular OR vue OR next.js OR wordpress OR (full AND stack);bairesdev;2.0;applicants.bairesdev.com;https://www.linkedin.com/jobs/view/4429733292/;https://www.linkedin.com/jobs/view/4429733292/;Remote;TI/Tech, Engenharia Geral;16/06/2026;;;;;;América Latina
79;BairesDev;Software Engineer (React Native) - Remote Work | REF#295186;América Latina;16/06 19:00;https://www.linkedin.com/jobs/view/4429740037/;https://media.licdn.com/dms/image/v2/D4E0BAQGNvQASzrdL_w/company-logo_100_100/company-logo_100_100/0/1687874736484/bairesdev_logo?e=1782950400&v=beta&t=mwOeFBWaJPHGpposBEw1gM2BkJhKVKCgiJYrcge4Nms;Advanced > Information Technology;https://www.linkedin.com/company/bairesdev/about/;Software e Serviços de TI;frontend OR javascript OR typescript OR html OR css OR react OR angular OR vue OR next.js OR wordpress OR (full AND stack);bairesdev;2.0;applicants.bairesdev.com;https://www.linkedin.com/jobs/view/4429740037/;https://www.linkedin.com/jobs/view/4429740037/;Remote;TI/Tech, Engenharia Geral;16/06/2026;;;;;;América Latina
80;BairesDev;UI Engineer (React) - Remote Work | REF#290601;América Latina;15/06 20:00;https://www.linkedin.com/jobs/view/4420459726/;https://media.licdn.com/dms/image/v2/D4E0BAQGNvQASzrdL_w/company-logo_100_100/company-logo_100_100/0/1687874736484/bairesdev_logo?e=1782950400&v=beta&t=mwOeFBWaJPHGpposBEw1gM2BkJhKVKCgiJYrcge4Nms;Advanced > Information Technology;https://www.linkedin.com/company/bairesdev/about/;-;frontend OR javascript OR typescript OR html OR css OR react OR angular OR vue OR next.js OR wordpress OR (full AND stack);bairesdev;2.0;applicants.bairesdev.com;https://www.linkedin.com/jobs/view/4420459726/;https://www.linkedin.com/jobs/view/4420459726/;Remote;Engenharia Geral;16/06/2026;;;;;;América Latina
81;BairesDev;Vue Developer - EN | REF#290688;América Latina;09/06 20:00;https://www.linkedin.com/jobs/view/4420462583/;https://media.licdn.com/dms/image/v2/D4E0BAQGNvQASzrdL_w/company-logo_100_100/company-logo_100_100/0/1687874736484/bairesdev_logo?e=1782950400&v=beta&t=mwOeFBWaJPHGpposBEw1gM2BkJhKVKCgiJYrcge4Nms;Advanced > Information Technology;https://www.linkedin.com/company/bairesdev/about/;-;frontend OR javascript OR typescript OR html OR css OR react OR angular OR vue OR next.js OR wordpress OR (full AND stack);bairesdev;2.0;applicants.bairesdev.com;https://www.linkedin.com/jobs/view/4420462583/;https://www.linkedin.com/jobs/view/4420462583/;Remote;-;16/06/2026;;;;;;América Latina
82;BairesDev;Vue Engineer - Remote Work | REF#290732;América Latina;09/06 20:00;https://www.linkedin.com/jobs/view/4420451853/;https://media.licdn.com/dms/image/v2/D4E0BAQGNvQASzrdL_w/company-logo_100_100/company-logo_100_100/0/1687874736484/bairesdev_logo?e=1782950400&v=beta&t=mwOeFBWaJPHGpposBEw1gM2BkJhKVKCgiJYrcge4Nms;Advanced > Information Technology;https://www.linkedin.com/company/bairesdev/about/;-;frontend OR javascript OR typescript OR html OR css OR react OR angular OR vue OR next.js OR wordpress OR (full AND stack);bairesdev;2.0;applicants.bairesdev.com;https://www.linkedin.com/jobs/view/4420451853/;https://www.linkedin.com/jobs/view/4420451853/;Remote;Engenharia Geral;16/06/2026;;;;;;América Latina
83;BairesDev;Vue.js Engineer - Remote Work | REF#295039;América Latina;16/06 19:00;https://www.linkedin.com/jobs/view/4429737185/;https://media.licdn.com/dms/image/v2/D4E0BAQGNvQASzrdL_w/company-logo_100_100/company-logo_100_100/0/1687874736484/bairesdev_logo?e=1782950400&v=beta&t=mwOeFBWaJPHGpposBEw1gM2BkJhKVKCgiJYrcge4Nms;Advanced > Information Technology;https://www.linkedin.com/company/bairesdev/about/;-;frontend OR javascript OR typescript OR html OR css OR react OR angular OR vue OR next.js OR wordpress OR (full AND stack);bairesdev;2.0;applicants.bairesdev.com;https://www.linkedin.com/jobs/view/4429737185/;https://www.linkedin.com/jobs/view/4429737185/;Remote;Engenharia Geral;16/06/2026;;;;;;América Latina
84;BairesDev;Wordpress Developer - Remote Work | REF#295043;América Latina;16/06 19:00;https://www.linkedin.com/jobs/view/4429727316/;https://media.licdn.com/dms/image/v2/D4E0BAQGNvQASzrdL_w/company-logo_100_100/company-logo_100_100/0/1687874736484/bairesdev_logo?e=1782950400&v=beta&t=mwOeFBWaJPHGpposBEw1gM2BkJhKVKCgiJYrcge4Nms;Advanced > Information Technology;https://www.linkedin.com/company/bairesdev/about/;-;frontend OR javascript OR typescript OR html OR css OR react OR angular OR vue OR next.js OR wordpress OR (full AND stack);bairesdev;2.0;applicants.bairesdev.com;https://www.linkedin.com/jobs/view/4429727316/;https://www.linkedin.com/jobs/view/4429727316/;Remote;-;16/06/2026;;;;;;América Latina
85;BairesDev;Desenvolvedor Frontend - Vue.js  - Trabalho Remoto;Brasil;16/06 16:00;https://www.linkedin.com/jobs/view/4428075589/;https://media.licdn.com/dms/image/v2/D4E0BAQGNvQASzrdL_w/company-logo_100_100/company-logo_100_100/0/1687874736484/bairesdev_logo?e=1782950400&v=beta&t=mwOeFBWaJPHGpposBEw1gM2BkJhKVKCgiJYrcge4Nms;-;https://www.linkedin.com/company/bairesdev/about/;-;frontend OR javascript OR typescript OR html OR css OR react OR angular OR vue OR next.js OR wordpress OR (full AND stack);bairesdev;2.0;applicants.bairesdev.com;https://www.linkedin.com/jobs/view/4428075589/;https://www.linkedin.com/jobs/view/4428075589/;Remote;Frontend;16/06/2026;;;;;Brasil;América do Sul
86;BairesDev;Desenvolvedor React Frontend - Trabalho Remoto;Brasil;16/06 10:00;https://www.linkedin.com/jobs/view/4429512781/;https://media.licdn.com/dms/image/v2/D4E0BAQGNvQASzrdL_w/company-logo_100_100/company-logo_100_100/0/1687874736484/bairesdev_logo?e=1782950400&v=beta&t=mwOeFBWaJPHGpposBEw1gM2BkJhKVKCgiJYrcge4Nms;-;https://www.linkedin.com/company/bairesdev/about/;-;frontend OR javascript OR typescript OR html OR css OR react OR angular OR vue OR next.js OR wordpress OR (full AND stack);bairesdev;2.0;applicants.bairesdev.com;https://www.linkedin.com/jobs/view/4429512781/;https://www.linkedin.com/jobs/view/4429512781/;Remote;Frontend;16/06/2026;;;;;Brasil;América do Sul
87;BairesDev;Desenvolvedor React Junior - Trabalho Remoto;Brasil;16/06 15:00;https://www.linkedin.com/jobs/view/4428082295/;https://media.licdn.com/dms/image/v2/D4E0BAQGNvQASzrdL_w/company-logo_100_100/company-logo_100_100/0/1687874736484/bairesdev_logo?e=1782950400&v=beta&t=mwOeFBWaJPHGpposBEw1gM2BkJhKVKCgiJYrcge4Nms;-;https://www.linkedin.com/company/bairesdev/about/;-;frontend OR javascript OR typescript OR html OR css OR react OR angular OR vue OR next.js OR wordpress OR (full AND stack);bairesdev;2.0;applicants.bairesdev.com;https://www.linkedin.com/jobs/view/4428082295/;https://www.linkedin.com/jobs/view/4428082295/;Remote;Junior;16/06/2026;;;;;Brasil;América do Sul
88;BairesDev;Engenheiro de Software Angular - Trabalho Remoto;Brasil;16/06 13:00;https://www.linkedin.com/jobs/view/4428054519/;https://media.licdn.com/dms/image/v2/D4E0BAQGNvQASzrdL_w/company-logo_100_100/company-logo_100_100/0/1687874736484/bairesdev_logo?e=1782950400&v=beta&t=mwOeFBWaJPHGpposBEw1gM2BkJhKVKCgiJYrcge4Nms;-;https://www.linkedin.com/company/bairesdev/about/;Software e Serviços de TI;frontend OR javascript OR typescript OR html OR css OR react OR angular OR vue OR next.js OR wordpress OR (full AND stack);bairesdev;2.0;applicants.bairesdev.com;https://www.linkedin.com/jobs/view/4428054519/;https://www.linkedin.com/jobs/view/4428054519/;Remote;TI/Tech;16/06/2026;;;;;Brasil;América do Sul
89;BairesDev;Frontend Developer (Angular) - Remote Work | REF#295404;Brasil;16/06 19:00;https://www.linkedin.com/jobs/view/4429727363/;https://media.licdn.com/dms/image/v2/D4E0BAQGNvQASzrdL_w/company-logo_100_100/company-logo_100_100/0/1687874736484/bairesdev_logo?e=1782950400&v=beta&t=mwOeFBWaJPHGpposBEw1gM2BkJhKVKCgiJYrcge4Nms;Advanced > Information Technology;https://www.linkedin.com/company/bairesdev/about/;-;frontend OR javascript OR typescript OR html OR css OR react OR angular OR vue OR next.js OR wordpress OR (full AND stack);bairesdev;2.0;applicants.bairesdev.com;https://www.linkedin.com/jobs/view/4429727363/;https://www.linkedin.com/jobs/view/4429727363/;Remote;Frontend;16/06/2026;;;;;Brasil;América do Sul
90;BairesDev;Frontend Developer (React) - Remote Work | REF#290571;Brasil;09/06 20:00;https://www.linkedin.com/jobs/view/4420450935/;https://media.licdn.com/dms/image/v2/D4E0BAQGNvQASzrdL_w/company-logo_100_100/company-logo_100_100/0/1687874736484/bairesdev_logo?e=1782950400&v=beta&t=mwOeFBWaJPHGpposBEw1gM2BkJhKVKCgiJYrcge4Nms;Advanced > Information Technology;https://www.linkedin.com/company/bairesdev/about/;-;frontend OR javascript OR typescript OR html OR css OR react OR angular OR vue OR next.js OR wordpress OR (full AND stack);bairesdev;2.0;applicants.bairesdev.com;https://www.linkedin.com/jobs/view/4420450935/;https://www.linkedin.com/jobs/view/4420450935/;Remote;Frontend;16/06/2026;;;;;Brasil;América do Sul
91;BairesDev;Frontend Developer (Vue) - Remote Work | REF#290701;Brasil;09/06 20:00;https://www.linkedin.com/jobs/view/4420450954/;https://media.licdn.com/dms/image/v2/D4E0BAQGNvQASzrdL_w/company-logo_100_100/company-logo_100_100/0/1687874736484/bairesdev_logo?e=1782950400&v=beta&t=mwOeFBWaJPHGpposBEw1gM2BkJhKVKCgiJYrcge4Nms;Advanced > Information Technology;https://www.linkedin.com/company/bairesdev/about/;-;frontend OR javascript OR typescript OR html OR css OR react OR angular OR vue OR next.js OR wordpress OR (full AND stack);bairesdev;2.0;applicants.bairesdev.com;https://www.linkedin.com/jobs/view/4420450954/;https://www.linkedin.com/jobs/view/4420450954/;Remote;Frontend;16/06/2026;;;;;Brasil;América do Sul
92;BairesDev;Javascript Developer - Remote Work;Brasil;15/06 20:00;https://www.linkedin.com/jobs/view/4427743165/;https://media.licdn.com/dms/image/v2/D4E0BAQGNvQASzrdL_w/company-logo_100_100/company-logo_100_100/0/1687874736484/bairesdev_logo?e=1782950400&v=beta&t=mwOeFBWaJPHGpposBEw1gM2BkJhKVKCgiJYrcge4Nms;Advanced > Information Technology;https://www.linkedin.com/company/bairesdev/about/;-;frontend OR javascript OR typescript OR html OR css OR react OR angular OR vue OR next.js OR wordpress OR (full AND stack);bairesdev;2.0;applicants.bairesdev.com;https://www.linkedin.com/jobs/view/4427743165/;https://www.linkedin.com/jobs/view/4427743165/;Remote;-;16/06/2026;;;;;Brasil;América do Sul
93;BairesDev;React Frontend Developer - Remote Work;Brasil;16/06 10:00;https://www.linkedin.com/jobs/view/4429504807/;https://media.licdn.com/dms/image/v2/D4E0BAQGNvQASzrdL_w/company-logo_100_100/company-logo_100_100/0/1687874736484/bairesdev_logo?e=1782950400&v=beta&t=mwOeFBWaJPHGpposBEw1gM2BkJhKVKCgiJYrcge4Nms;Advanced > Information Technology;https://www.linkedin.com/company/bairesdev/about/;-;frontend OR javascript OR typescript OR html OR css OR react OR angular OR vue OR next.js OR wordpress OR (full AND stack);bairesdev;2.0;applicants.bairesdev.com;https://www.linkedin.com/jobs/view/4429504807/;https://www.linkedin.com/jobs/view/4429504807/;Remote;Frontend;16/06/2026;;;;;Brasil;América do Sul
94;BairesDev;Semi Senior React Native Developer - Remote Work;Brasil;15/06 20:00;https://www.linkedin.com/jobs/view/4427758137/;https://media.licdn.com/dms/image/v2/D4E0BAQGNvQASzrdL_w/company-logo_100_100/company-logo_100_100/0/1687874736484/bairesdev_logo?e=1782950400&v=beta&t=mwOeFBWaJPHGpposBEw1gM2BkJhKVKCgiJYrcge4Nms;Advanced > Information Technology;https://www.linkedin.com/company/bairesdev/about/;Software e Serviços de TI;frontend OR javascript OR typescript OR html OR css OR react OR angular OR vue OR next.js OR wordpress OR (full AND stack);bairesdev;2.0;applicants.bairesdev.com;https://www.linkedin.com/jobs/view/4427758137/;https://www.linkedin.com/jobs/view/4427758137/;Remote;Senior;16/06/2026;;;;;Brasil;América do Sul
95;BairesDev;Software Engineer (Python/React) | REF#290926;Brasil;09/06 20:00;https://www.linkedin.com/jobs/view/4420461642/;https://media.licdn.com/dms/image/v2/D4E0BAQGNvQASzrdL_w/company-logo_100_100/company-logo_100_100/0/1687874736484/bairesdev_logo?e=1782950400&v=beta&t=mwOeFBWaJPHGpposBEw1gM2BkJhKVKCgiJYrcge4Nms;Advanced > Information Technology;https://www.linkedin.com/company/bairesdev/about/;Software e Serviços de TI;frontend OR javascript OR typescript OR html OR css OR react OR angular OR vue OR next.js OR wordpress OR (full AND stack);bairesdev;2.0;applicants.bairesdev.com;https://www.linkedin.com/jobs/view/4420461642/;https://www.linkedin.com/jobs/view/4420461642/;Remote;TI/Tech, Engenharia Geral;16/06/2026;;;;;Brasil;América do Sul
96;BairesDev;UI Engineer (Angular) - Remote Work | REF#290667;Brasil;09/06 20:00;https://www.linkedin.com/jobs/view/4420451857/;https://media.licdn.com/dms/image/v2/D4E0BAQGNvQASzrdL_w/company-logo_100_100/company-logo_100_100/0/1687874736484/bairesdev_logo?e=1782950400&v=beta&t=mwOeFBWaJPHGpposBEw1gM2BkJhKVKCgiJYrcge4Nms;Advanced > Information Technology;https://www.linkedin.com/company/bairesdev/about/;-;frontend OR javascript OR typescript OR html OR css OR react OR angular OR vue OR next.js OR wordpress OR (full AND stack);bairesdev;2.0;applicants.bairesdev.com;https://www.linkedin.com/jobs/view/4420451857/;https://www.linkedin.com/jobs/view/4420451857/;Remote;Engenharia Geral;16/06/2026;;;;;Brasil;América do Sul
97;BairesDev;Vue Developer - EN | REF#290679;Brasil;16/06 20:00;https://www.linkedin.com/jobs/view/4423220500/;https://media.licdn.com/dms/image/v2/D4E0BAQGNvQASzrdL_w/company-logo_100_100/company-logo_100_100/0/1687874736484/bairesdev_logo?e=1782950400&v=beta&t=mwOeFBWaJPHGpposBEw1gM2BkJhKVKCgiJYrcge4Nms;Advanced > Information Technology;https://www.linkedin.com/company/bairesdev/about/;-;frontend OR javascript OR typescript OR html OR css OR react OR angular OR vue OR next.js OR wordpress OR (full AND stack);bairesdev;2.0;applicants.bairesdev.com;https://www.linkedin.com/jobs/view/4423220500/;https://www.linkedin.com/jobs/view/4423220500/;Remote;-;16/06/2026;;;;;Brasil;América do Sul
98;BairesDev;Vue Engineer - Remote Work | REF#294250;Brasil;15/06 20:00;https://www.linkedin.com/jobs/view/4426552457/;https://media.licdn.com/dms/image/v2/D4E0BAQGNvQASzrdL_w/company-logo_100_100/company-logo_100_100/0/1687874736484/bairesdev_logo?e=1782950400&v=beta&t=mwOeFBWaJPHGpposBEw1gM2BkJhKVKCgiJYrcge4Nms;Advanced > Information Technology;https://www.linkedin.com/company/bairesdev/about/;-;frontend OR javascript OR typescript OR html OR css OR react OR angular OR vue OR next.js OR wordpress OR (full AND stack);bairesdev;2.0;applicants.bairesdev.com;https://www.linkedin.com/jobs/view/4426552457/;https://www.linkedin.com/jobs/view/4426552457/;Remote;Engenharia Geral;16/06/2026;;;;;Brasil;América do Sul
99;BairesDev;Desenvolvedor React Frontend - Trabalho Remoto;Brasília (DF);16/06 10:00;https://www.linkedin.com/jobs/view/4429500963/;https://media.licdn.com/dms/image/v2/D4E0BAQGNvQASzrdL_w/company-logo_100_100/company-logo_100_100/0/1687874736484/bairesdev_logo?e=1782950400&v=beta&t=mwOeFBWaJPHGpposBEw1gM2BkJhKVKCgiJYrcge4Nms;-;https://www.linkedin.com/company/bairesdev/about/;-;frontend OR javascript OR typescript OR html OR css OR react OR angular OR vue OR next.js OR wordpress OR (full AND stack);bairesdev;2.0;applicants.bairesdev.com;https://www.linkedin.com/jobs/view/4429500963/;https://www.linkedin.com/jobs/view/4429500963/;Remote;Frontend;16/06/2026;;Distrito Federal;DF;Região Centro-Oeste;Brasil;América do Sul
100;BairesDev;Engenheiro React Native - Trabalho Remoto;Brasília (DF);16/06 10:00;https://www.linkedin.com/jobs/view/4429532171/;https://media.licdn.com/dms/image/v2/D4E0BAQGNvQASzrdL_w/company-logo_100_100/company-logo_100_100/0/1687874736484/bairesdev_logo?e=1782950400&v=beta&t=mwOeFBWaJPHGpposBEw1gM2BkJhKVKCgiJYrcge4Nms;-;https://www.linkedin.com/company/bairesdev/about/;Software e Serviços de TI;frontend OR javascript OR typescript OR html OR css OR react OR angular OR vue OR next.js OR wordpress OR (full AND stack);bairesdev;2.0;applicants.bairesdev.com;https://www.linkedin.com/jobs/view/4429532171/;https://www.linkedin.com/jobs/view/4429532171/;Remote;-;16/06/2026;;Distrito Federal;DF;Região Centro-Oeste;Brasil;América do Sul
101;BairesDev;Desenvolvedor React Frontend - Trabalho Remoto;Campinas (SP);16/06 10:00;https://www.linkedin.com/jobs/view/4429505834/;https://media.licdn.com/dms/image/v2/D4E0BAQGNvQASzrdL_w/company-logo_100_100/company-logo_100_100/0/1687874736484/bairesdev_logo?e=1782950400&v=beta&t=mwOeFBWaJPHGpposBEw1gM2BkJhKVKCgiJYrcge4Nms;-;https://www.linkedin.com/company/bairesdev/about/;-;frontend OR javascript OR typescript OR html OR css OR react OR angular OR vue OR next.js OR wordpress OR (full AND stack);bairesdev;2.0;applicants.bairesdev.com;https://www.linkedin.com/jobs/view/4429505834/;https://www.linkedin.com/jobs/view/4429505834/;Remote;Frontend;16/06/2026;Campinas;São Paulo;SP;Região Sudeste;Brasil;América do Sul
102;BairesDev;Full-Stack Ruby + TypeScript Developer - Remote Work;Cuiabá (MT);16/06 16:00;https://www.linkedin.com/jobs/view/4428075616/;https://media.licdn.com/dms/image/v2/D4E0BAQGNvQASzrdL_w/company-logo_100_100/company-logo_100_100/0/1687874736484/bairesdev_logo?e=1782950400&v=beta&t=mwOeFBWaJPHGpposBEw1gM2BkJhKVKCgiJYrcge4Nms;Advanced > Information Technology;https://www.linkedin.com/company/bairesdev/about/;-;frontend OR javascript OR typescript OR html OR css OR react OR angular OR vue OR next.js OR wordpress OR (full AND stack);bairesdev;2.0;applicants.bairesdev.com;https://www.linkedin.com/jobs/view/4428075616/;https://www.linkedin.com/jobs/view/4428075616/;Remote;Full Stack;16/06/2026;Cuiabá;Mato Grosso;MT;Região Centro-Oeste;Brasil;América do Sul
103;BairesDev;Frontend Developer - Vue.js - Remote Work;Curitiba (PR);16/06 16:00;https://www.linkedin.com/jobs/view/4428072564/;https://media.licdn.com/dms/image/v2/D4E0BAQGNvQASzrdL_w/company-logo_100_100/company-logo_100_100/0/1687874736484/bairesdev_logo?e=1782950400&v=beta&t=mwOeFBWaJPHGpposBEw1gM2BkJhKVKCgiJYrcge4Nms;Advanced > Information Technology;https://www.linkedin.com/company/bairesdev/about/;-;frontend OR javascript OR typescript OR html OR css OR react OR angular OR vue OR next.js OR wordpress OR (full AND stack);bairesdev;2.0;applicants.bairesdev.com;https://www.linkedin.com/jobs/view/4428072564/;https://www.linkedin.com/jobs/view/4428072564/;Remote;Frontend;16/06/2026;Curitiba;Paraná;PR;Região Sul;Brasil;América do Sul
104;BairesDev;Desenvolvedor React Frontend - Trabalho Remoto;Florianópolis (SC);16/06 10:00;https://www.linkedin.com/jobs/view/4429508803/;https://media.licdn.com/dms/image/v2/D4E0BAQGNvQASzrdL_w/company-logo_100_100/company-logo_100_100/0/1687874736484/bairesdev_logo?e=1782950400&v=beta&t=mwOeFBWaJPHGpposBEw1gM2BkJhKVKCgiJYrcge4Nms;-;https://www.linkedin.com/company/bairesdev/about/;-;frontend OR javascript OR typescript OR html OR css OR react OR angular OR vue OR next.js OR wordpress OR (full AND stack);bairesdev;2.0;applicants.bairesdev.com;https://www.linkedin.com/jobs/view/4429508803/;https://www.linkedin.com/jobs/view/4429508803/;Remote;Frontend;16/06/2026;Florianópolis;Santa Catarina;SC;Região Sul;Brasil;América do Sul
105;BairesDev;React Native Tech Lead - Trabalho Remoto;Florianópolis (SC);15/06 20:00;https://www.linkedin.com/jobs/view/4427745351/;https://media.licdn.com/dms/image/v2/D4E0BAQGNvQASzrdL_w/company-logo_100_100/company-logo_100_100/0/1687874736484/bairesdev_logo?e=1782950400&v=beta&t=mwOeFBWaJPHGpposBEw1gM2BkJhKVKCgiJYrcge4Nms;Middle > Manager;https://www.linkedin.com/company/bairesdev/about/;Software e Serviços de TI;frontend OR javascript OR typescript OR html OR css OR react OR angular OR vue OR next.js OR wordpress OR (full AND stack);bairesdev;2.0;applicants.bairesdev.com;https://www.linkedin.com/jobs/view/4427745351/;https://www.linkedin.com/jobs/view/4427745351/;Remote;Mid, Liderança/Gerência, TI/Tech;16/06/2026;Florianópolis;Santa Catarina;SC;Região Sul;Brasil;América do Sul
106;BairesDev;Desenvolvedor React Native - Trabalho Remoto;Fortaleza (CE);16/06 10:00;https://www.linkedin.com/jobs/view/4429507996/;https://media.licdn.com/dms/image/v2/D4E0BAQGNvQASzrdL_w/company-logo_100_100/company-logo_100_100/0/1687874736484/bairesdev_logo?e=1782950400&v=beta&t=mwOeFBWaJPHGpposBEw1gM2BkJhKVKCgiJYrcge4Nms;-;https://www.linkedin.com/company/bairesdev/about/;Software e Serviços de TI;frontend OR javascript OR typescript OR html OR css OR react OR angular OR vue OR next.js OR wordpress OR (full AND stack);bairesdev;2.0;applicants.bairesdev.com;https://www.linkedin.com/jobs/view/4429507996/;https://www.linkedin.com/jobs/view/4429507996/;Remote;-;16/06/2026;Fortaleza;Ceará;CE;Região Nordeste;Brasil;América do Sul
107;BairesDev;React Native Tech Lead - Trabalho Remoto;Fortaleza (CE);15/06 20:00;https://www.linkedin.com/jobs/view/4427750283/;https://media.licdn.com/dms/image/v2/D4E0BAQGNvQASzrdL_w/company-logo_100_100/company-logo_100_100/0/1687874736484/bairesdev_logo?e=1782950400&v=beta&t=mwOeFBWaJPHGpposBEw1gM2BkJhKVKCgiJYrcge4Nms;Middle > Manager;https://www.linkedin.com/company/bairesdev/about/;Software e Serviços de TI;frontend OR javascript OR typescript OR html OR css OR react OR angular OR vue OR next.js OR wordpress OR (full AND stack);bairesdev;2.0;applicants.bairesdev.com;https://www.linkedin.com/jobs/view/4427750283/;https://www.linkedin.com/jobs/view/4427750283/;Remote;Mid, Liderança/Gerência, TI/Tech;16/06/2026;Fortaleza;Ceará;CE;Região Nordeste;Brasil;América do Sul
108;BairesDev;Frontend Developer (Vue) - Remote Work | REF#290716;Grande Rio de Janeiro (RJ);09/06 20:00;https://www.linkedin.com/jobs/view/4420461634/;https://media.licdn.com/dms/image/v2/D4E0BAQGNvQASzrdL_w/company-logo_100_100/company-logo_100_100/0/1687874736484/bairesdev_logo?e=1782950400&v=beta&t=mwOeFBWaJPHGpposBEw1gM2BkJhKVKCgiJYrcge4Nms;Advanced > Information Technology;https://www.linkedin.com/company/bairesdev/about/;-;frontend OR javascript OR typescript OR html OR css OR react OR angular OR vue OR next.js OR wordpress OR (full AND stack);bairesdev;2.0;applicants.bairesdev.com;https://www.linkedin.com/jobs/view/4420461634/;https://www.linkedin.com/jobs/view/4420461634/;Remote;Frontend;16/06/2026;;Rio de Janeiro;RJ;Região Sudeste;Brasil;América do Sul
109;BairesDev;Fullstack Node + Nest + React Tech Lead - Remote Work;Grande Rio de Janeiro (RJ);16/06 16:00;https://www.linkedin.com/jobs/view/4428069656/;https://media.licdn.com/dms/image/v2/D4E0BAQGNvQASzrdL_w/company-logo_100_100/company-logo_100_100/0/1687874736484/bairesdev_logo?e=1782950400&v=beta&t=mwOeFBWaJPHGpposBEw1gM2BkJhKVKCgiJYrcge4Nms;Middle > Manager;https://www.linkedin.com/company/bairesdev/about/;Software e Serviços de TI;frontend OR javascript OR typescript OR html OR css OR react OR angular OR vue OR next.js OR wordpress OR (full AND stack);bairesdev;2.0;applicants.bairesdev.com;https://www.linkedin.com/jobs/view/4428069656/;https://www.linkedin.com/jobs/view/4428069656/;Remote;Mid, Liderança/Gerência, TI/Tech, Full Stack;16/06/2026;;Rio de Janeiro;RJ;Região Sudeste;Brasil;América do Sul
110;BairesDev;React/Next.js Developer - Remote Work | REF#290622;Grande Rio de Janeiro (RJ);16/06 20:00;https://www.linkedin.com/jobs/view/4420454847/;https://media.licdn.com/dms/image/v2/D4E0BAQGNvQASzrdL_w/company-logo_100_100/company-logo_100_100/0/1687874736484/bairesdev_logo?e=1782950400&v=beta&t=mwOeFBWaJPHGpposBEw1gM2BkJhKVKCgiJYrcge4Nms;Advanced > Information Technology;https://www.linkedin.com/company/bairesdev/about/;-;frontend OR javascript OR typescript OR html OR css OR react OR angular OR vue OR next.js OR wordpress OR (full AND stack);bairesdev;2.0;applicants.bairesdev.com;https://www.linkedin.com/jobs/view/4420454847/;https://www.linkedin.com/jobs/view/4420454847/;Remote;-;16/06/2026;;Rio de Janeiro;RJ;Região Sudeste;Brasil;América do Sul
111;BairesDev;Senior React Engineer - Remote Work | REF#295388;Grande Rio de Janeiro (RJ);16/06 19:00;https://www.linkedin.com/jobs/view/4429721528/;https://media.licdn.com/dms/image/v2/D4E0BAQGNvQASzrdL_w/company-logo_100_100/company-logo_100_100/0/1687874736484/bairesdev_logo?e=1782950400&v=beta&t=mwOeFBWaJPHGpposBEw1gM2BkJhKVKCgiJYrcge4Nms;Advanced > Information Technology;https://www.linkedin.com/company/bairesdev/about/;-;frontend OR javascript OR typescript OR html OR css OR react OR angular OR vue OR next.js OR wordpress OR (full AND stack);bairesdev;2.0;applicants.bairesdev.com;https://www.linkedin.com/jobs/view/4429721528/;https://www.linkedin.com/jobs/view/4429721528/;Remote;Senior, Engenharia Geral;16/06/2026;;Rio de Janeiro;RJ;Região Sudeste;Brasil;América do Sul
112;BairesDev;Software Engineer (Python/React) | REF#290929;Grande Rio de Janeiro (RJ);09/06 20:00;https://www.linkedin.com/jobs/view/4423226414/;https://media.licdn.com/dms/image/v2/D4E0BAQGNvQASzrdL_w/company-logo_100_100/company-logo_100_100/0/1687874736484/bairesdev_logo?e=1782950400&v=beta&t=mwOeFBWaJPHGpposBEw1gM2BkJhKVKCgiJYrcge4Nms;Advanced > Information Technology;https://www.linkedin.com/company/bairesdev/about/;Software e Serviços de TI;frontend OR javascript OR typescript OR html OR css OR react OR angular OR vue OR next.js OR wordpress OR (full AND stack);bairesdev;2.0;applicants.bairesdev.com;https://www.linkedin.com/jobs/view/4423226414/;https://www.linkedin.com/jobs/view/4423226414/;Remote;TI/Tech, Engenharia Geral;16/06/2026;;Rio de Janeiro;RJ;Região Sudeste;Brasil;América do Sul
113;BairesDev;Software Engineer (React Native) - Remote Work | REF#295188;Grande Rio de Janeiro (RJ);16/06 19:00;https://www.linkedin.com/jobs/view/4429737211/;https://media.licdn.com/dms/image/v2/D4E0BAQGNvQASzrdL_w/company-logo_100_100/company-logo_100_100/0/1687874736484/bairesdev_logo?e=1782950400&v=beta&t=mwOeFBWaJPHGpposBEw1gM2BkJhKVKCgiJYrcge4Nms;Advanced > Information Technology;https://www.linkedin.com/company/bairesdev/about/;Software e Serviços de TI;frontend OR javascript OR typescript OR html OR css OR react OR angular OR vue OR next.js OR wordpress OR (full AND stack);bairesdev;2.0;applicants.bairesdev.com;https://www.linkedin.com/jobs/view/4429737211/;https://www.linkedin.com/jobs/view/4429737211/;Remote;TI/Tech, Engenharia Geral;16/06/2026;;Rio de Janeiro;RJ;Região Sudeste;Brasil;América do Sul
114;BairesDev;Vue Developer - EN | REF#290693;Grande Rio de Janeiro (RJ);15/06 20:00;https://www.linkedin.com/jobs/view/4420452868/;https://media.licdn.com/dms/image/v2/D4E0BAQGNvQASzrdL_w/company-logo_100_100/company-logo_100_100/0/1687874736484/bairesdev_logo?e=1782950400&v=beta&t=mwOeFBWaJPHGpposBEw1gM2BkJhKVKCgiJYrcge4Nms;Advanced > Information Technology;https://www.linkedin.com/company/bairesdev/about/;-;frontend OR javascript OR typescript OR html OR css OR react OR angular OR vue OR next.js OR wordpress OR (full AND stack);bairesdev;2.0;applicants.bairesdev.com;https://www.linkedin.com/jobs/view/4420452868/;https://www.linkedin.com/jobs/view/4420452868/;Remote;-;16/06/2026;;Rio de Janeiro;RJ;Região Sudeste;Brasil;América do Sul
115;BairesDev;Vue Engineer - Remote Work | REF#290737;Grande Rio de Janeiro (RJ);09/06 20:00;https://www.linkedin.com/jobs/view/4420451855/;https://media.licdn.com/dms/image/v2/D4E0BAQGNvQASzrdL_w/company-logo_100_100/company-logo_100_100/0/1687874736484/bairesdev_logo?e=1782950400&v=beta&t=mwOeFBWaJPHGpposBEw1gM2BkJhKVKCgiJYrcge4Nms;Advanced > Information Technology;https://www.linkedin.com/company/bairesdev/about/;-;frontend OR javascript OR typescript OR html OR css OR react OR angular OR vue OR next.js OR wordpress OR (full AND stack);bairesdev;2.0;applicants.bairesdev.com;https://www.linkedin.com/jobs/view/4420451855/;https://www.linkedin.com/jobs/view/4420451855/;Remote;Engenharia Geral;16/06/2026;;Rio de Janeiro;RJ;Região Sudeste;Brasil;América do Sul
116;BairesDev;Junior React Frontend Engineer - Remote Work;Guarulhos (SP);15/06 20:00;https://www.linkedin.com/jobs/view/4427707322/;https://media.licdn.com/dms/image/v2/D4E0BAQGNvQASzrdL_w/company-logo_100_100/company-logo_100_100/0/1687874736484/bairesdev_logo?e=1782950400&v=beta&t=mwOeFBWaJPHGpposBEw1gM2BkJhKVKCgiJYrcge4Nms;Advanced > Information Technology;https://www.linkedin.com/company/bairesdev/about/;-;frontend OR javascript OR typescript OR html OR css OR react OR angular OR vue OR next.js OR wordpress OR (full AND stack);bairesdev;2.0;applicants.bairesdev.com;https://www.linkedin.com/jobs/view/4427707322/;https://www.linkedin.com/jobs/view/4427707322/;Remote;Junior, Frontend, Engenharia Geral;16/06/2026;Guarulhos;São Paulo;SP;Região Sudeste;Brasil;América do Sul
117;BairesDev;Frontend Developer (React) - Remote Work | REF#290579;Minas Gerais, Brasil;09/06 20:00;https://www.linkedin.com/jobs/view/4420471016/;https://media.licdn.com/dms/image/v2/D4E0BAQGNvQASzrdL_w/company-logo_100_100/company-logo_100_100/0/1687874736484/bairesdev_logo?e=1782950400&v=beta&t=mwOeFBWaJPHGpposBEw1gM2BkJhKVKCgiJYrcge4Nms;Advanced > Information Technology;https://www.linkedin.com/company/bairesdev/about/;-;frontend OR javascript OR typescript OR html OR css OR react OR angular OR vue OR next.js OR wordpress OR (full AND stack);bairesdev;2.0;applicants.bairesdev.com;https://www.linkedin.com/jobs/view/4420471016/;https://www.linkedin.com/jobs/view/4420471016/;Remote;Frontend;16/06/2026;;Minas Gerais;MG;Região Sudeste;Brasil;América do Sul
118;BairesDev;Frontend Developer (Vue) - Remote Work | REF#290713;Minas Gerais, Brasil;09/06 20:00;https://www.linkedin.com/jobs/view/4420450940/;https://media.licdn.com/dms/image/v2/D4E0BAQGNvQASzrdL_w/company-logo_100_100/company-logo_100_100/0/1687874736484/bairesdev_logo?e=1782950400&v=beta&t=mwOeFBWaJPHGpposBEw1gM2BkJhKVKCgiJYrcge4Nms;Advanced > Information Technology;https://www.linkedin.com/company/bairesdev/about/;-;frontend OR javascript OR typescript OR html OR css OR react OR angular OR vue OR next.js OR wordpress OR (full AND stack);bairesdev;2.0;applicants.bairesdev.com;https://www.linkedin.com/jobs/view/4420450940/;https://www.linkedin.com/jobs/view/4420450940/;Remote;Frontend;16/06/2026;;Minas Gerais;MG;Região Sudeste;Brasil;América do Sul
119;BairesDev;Full-stack Angular Developer - Remote Work;Minas Gerais, Brasil;16/06 13:00;https://www.linkedin.com/jobs/view/4428059749/;https://media.licdn.com/dms/image/v2/D4E0BAQGNvQASzrdL_w/company-logo_100_100/company-logo_100_100/0/1687874736484/bairesdev_logo?e=1782950400&v=beta&t=mwOeFBWaJPHGpposBEw1gM2BkJhKVKCgiJYrcge4Nms;Advanced > Information Technology;https://www.linkedin.com/company/bairesdev/about/;-;frontend OR javascript OR typescript OR html OR css OR react OR angular OR vue OR next.js OR wordpress OR (full AND stack);bairesdev;2.0;applicants.bairesdev.com;https://www.linkedin.com/jobs/view/4428059749/;https://www.linkedin.com/jobs/view/4428059749/;Remote;Full Stack;16/06/2026;;Minas Gerais;MG;Região Sudeste;Brasil;América do Sul
120;BairesDev;Next.js Engineer - Remote Work | REF#295396;Minas Gerais, Brasil;16/06 19:00;https://www.linkedin.com/jobs/view/4429719651/;https://media.licdn.com/dms/image/v2/D4E0BAQGNvQASzrdL_w/company-logo_100_100/company-logo_100_100/0/1687874736484/bairesdev_logo?e=1782950400&v=beta&t=mwOeFBWaJPHGpposBEw1gM2BkJhKVKCgiJYrcge4Nms;Advanced > Information Technology;https://www.linkedin.com/company/bairesdev/about/;-;frontend OR javascript OR typescript OR html OR css OR react OR angular OR vue OR next.js OR wordpress OR (full AND stack);bairesdev;2.0;applicants.bairesdev.com;https://www.linkedin.com/jobs/view/4429719651/;https://www.linkedin.com/jobs/view/4429719651/;Remote;Engenharia Geral;16/06/2026;;Minas Gerais;MG;Região Sudeste;Brasil;América do Sul
121;BairesDev;React/Next.js Developer - Remote Work | REF#290620;Minas Gerais, Brasil;09/06 20:00;https://www.linkedin.com/jobs/view/4420467257/;https://media.licdn.com/dms/image/v2/D4E0BAQGNvQASzrdL_w/company-logo_100_100/company-logo_100_100/0/1687874736484/bairesdev_logo?e=1782950400&v=beta&t=mwOeFBWaJPHGpposBEw1gM2BkJhKVKCgiJYrcge4Nms;Advanced > Information Technology;https://www.linkedin.com/company/bairesdev/about/;-;frontend OR javascript OR typescript OR html OR css OR react OR angular OR vue OR next.js OR wordpress OR (full AND stack);bairesdev;2.0;applicants.bairesdev.com;https://www.linkedin.com/jobs/view/4420467257/;https://www.linkedin.com/jobs/view/4420467257/;Remote;-;16/06/2026;;Minas Gerais;MG;Região Sudeste;Brasil;América do Sul
122;BairesDev;Senior React Engineer - Remote Work | REF#290594;Minas Gerais, Brasil;09/06 20:00;https://www.linkedin.com/jobs/view/4420463611/;https://media.licdn.com/dms/image/v2/D4E0BAQGNvQASzrdL_w/company-logo_100_100/company-logo_100_100/0/1687874736484/bairesdev_logo?e=1782950400&v=beta&t=mwOeFBWaJPHGpposBEw1gM2BkJhKVKCgiJYrcge4Nms;Advanced > Information Technology;https://www.linkedin.com/company/bairesdev/about/;-;frontend OR javascript OR typescript OR html OR css OR react OR angular OR vue OR next.js OR wordpress OR (full AND stack);bairesdev;2.0;applicants.bairesdev.com;https://www.linkedin.com/jobs/view/4420463611/;https://www.linkedin.com/jobs/view/4420463611/;Remote;Senior, Engenharia Geral;16/06/2026;;Minas Gerais;MG;Região Sudeste;Brasil;América do Sul
123;BairesDev;Software Engineer (Python/React) | REF#290928;Minas Gerais, Brasil;16/06 20:00;https://www.linkedin.com/jobs/view/4420459738/;https://media.licdn.com/dms/image/v2/D4E0BAQGNvQASzrdL_w/company-logo_100_100/company-logo_100_100/0/1687874736484/bairesdev_logo?e=1782950400&v=beta&t=mwOeFBWaJPHGpposBEw1gM2BkJhKVKCgiJYrcge4Nms;Advanced > Information Technology;https://www.linkedin.com/company/bairesdev/about/;Software e Serviços de TI;frontend OR javascript OR typescript OR html OR css OR react OR angular OR vue OR next.js OR wordpress OR (full AND stack);bairesdev;2.0;applicants.bairesdev.com;https://www.linkedin.com/jobs/view/4420459738/;https://www.linkedin.com/jobs/view/4420459738/;Remote;TI/Tech, Engenharia Geral;16/06/2026;;Minas Gerais;MG;Região Sudeste;Brasil;América do Sul
124;BairesDev;UI Engineer (React) - Remote Work | REF#290604;Minas Gerais, Brasil;09/06 20:00;https://www.linkedin.com/jobs/view/4420458780/;https://media.licdn.com/dms/image/v2/D4E0BAQGNvQASzrdL_w/company-logo_100_100/company-logo_100_100/0/1687874736484/bairesdev_logo?e=1782950400&v=beta&t=mwOeFBWaJPHGpposBEw1gM2BkJhKVKCgiJYrcge4Nms;Advanced > Information Technology;https://www.linkedin.com/company/bairesdev/about/;-;frontend OR javascript OR typescript OR html OR css OR react OR angular OR vue OR next.js OR wordpress OR (full AND stack);bairesdev;2.0;applicants.bairesdev.com;https://www.linkedin.com/jobs/view/4420458780/;https://www.linkedin.com/jobs/view/4420458780/;Remote;Engenharia Geral;16/06/2026;;Minas Gerais;MG;Região Sudeste;Brasil;América do Sul
125;BairesDev;Vue Engineer - Remote Work | REF#290734;Minas Gerais, Brasil;15/06 20:00;https://www.linkedin.com/jobs/view/4423240257/;https://media.licdn.com/dms/image/v2/D4E0BAQGNvQASzrdL_w/company-logo_100_100/company-logo_100_100/0/1687874736484/bairesdev_logo?e=1782950400&v=beta&t=mwOeFBWaJPHGpposBEw1gM2BkJhKVKCgiJYrcge4Nms;Advanced > Information Technology;https://www.linkedin.com/company/bairesdev/about/;-;frontend OR javascript OR typescript OR html OR css OR react OR angular OR vue OR next.js OR wordpress OR (full AND stack);bairesdev;2.0;applicants.bairesdev.com;https://www.linkedin.com/jobs/view/4423240257/;https://www.linkedin.com/jobs/view/4423240257/;Remote;Engenharia Geral;16/06/2026;;Minas Gerais;MG;Região Sudeste;Brasil;América do Sul
126;BairesDev;Staff Software Engineer (Full Stack) - Remote Work | REF#290081;Montenegro (RS);16/06 20:00;https://www.linkedin.com/jobs/view/4420469147/;https://media.licdn.com/dms/image/v2/D4E0BAQGNvQASzrdL_w/company-logo_100_100/company-logo_100_100/0/1687874736484/bairesdev_logo?e=1782950400&v=beta&t=mwOeFBWaJPHGpposBEw1gM2BkJhKVKCgiJYrcge4Nms;Advanced > Information Technology;https://www.linkedin.com/company/bairesdev/about/;Software e Serviços de TI;frontend OR javascript OR typescript OR html OR css OR react OR angular OR vue OR next.js OR wordpress OR (full AND stack);bairesdev;2.0;applicants.bairesdev.com;https://www.linkedin.com/jobs/view/4420469147/;https://www.linkedin.com/jobs/view/4420469147/;Remote;TI/Tech, Full Stack, Engenharia Geral;16/06/2026;Montenegro;Rio Grande do Sul;RS;Região Sul;Brasil;América do Sul
127;BairesDev;Desenvolvedor Frontend - Trabalho Remoto;Natal (RN);16/06 16:00;https://www.linkedin.com/jobs/view/4428068594/;https://media.licdn.com/dms/image/v2/D4E0BAQGNvQASzrdL_w/company-logo_100_100/company-logo_100_100/0/1687874736484/bairesdev_logo?e=1782950400&v=beta&t=mwOeFBWaJPHGpposBEw1gM2BkJhKVKCgiJYrcge4Nms;-;https://www.linkedin.com/company/bairesdev/about/;-;frontend OR javascript OR typescript OR html OR css OR react OR angular OR vue OR next.js OR wordpress OR (full AND stack);bairesdev;2.0;applicants.bairesdev.com;https://www.linkedin.com/jobs/view/4428068594/;https://www.linkedin.com/jobs/view/4428068594/;Remote;Frontend;16/06/2026;Natal;Rio Grande do Norte;RN;Região Nordeste;Brasil;América do Sul
128;BairesDev;React Frontend Developer - Remote Work;Natal (RN);16/06 10:00;https://www.linkedin.com/jobs/view/4429520581/;https://media.licdn.com/dms/image/v2/D4E0BAQGNvQASzrdL_w/company-logo_100_100/company-logo_100_100/0/1687874736484/bairesdev_logo?e=1782950400&v=beta&t=mwOeFBWaJPHGpposBEw1gM2BkJhKVKCgiJYrcge4Nms;Advanced > Information Technology;https://www.linkedin.com/company/bairesdev/about/;-;frontend OR javascript OR typescript OR html OR css OR react OR angular OR vue OR next.js OR wordpress OR (full AND stack);bairesdev;2.0;applicants.bairesdev.com;https://www.linkedin.com/jobs/view/4429520581/;https://www.linkedin.com/jobs/view/4429520581/;Remote;Frontend;16/06/2026;Natal;Rio Grande do Norte;RN;Região Nordeste;Brasil;América do Sul
129;BairesDev;Desenvolvedor Front-End (Angular) - Trabalho Remoto;RJ;16/06 16:00;https://www.linkedin.com/jobs/view/4428069591/;https://media.licdn.com/dms/image/v2/D4E0BAQGNvQASzrdL_w/company-logo_100_100/company-logo_100_100/0/1687874736484/bairesdev_logo?e=1782950400&v=beta&t=mwOeFBWaJPHGpposBEw1gM2BkJhKVKCgiJYrcge4Nms;-;https://www.linkedin.com/company/bairesdev/about/;-;frontend OR javascript OR typescript OR html OR css OR react OR angular OR vue OR next.js OR wordpress OR (full AND stack);bairesdev;2.0;applicants.bairesdev.com;https://www.linkedin.com/jobs/view/4428069591/;https://www.linkedin.com/jobs/view/4428069591/;Remote;Frontend;16/06/2026;;Rio de Janeiro;RJ;Região Sudeste;Brasil;América do Sul
130;BairesDev;React Frontend Developer - Remote Work;RJ;16/06 10:00;https://www.linkedin.com/jobs/view/4429299947/;https://media.licdn.com/dms/image/v2/D4E0BAQGNvQASzrdL_w/company-logo_100_100/company-logo_100_100/0/1687874736484/bairesdev_logo?e=1782950400&v=beta&t=mwOeFBWaJPHGpposBEw1gM2BkJhKVKCgiJYrcge4Nms;Advanced > Information Technology;https://www.linkedin.com/company/bairesdev/about/;-;frontend OR javascript OR typescript OR html OR css OR react OR angular OR vue OR next.js OR wordpress OR (full AND stack);bairesdev;2.0;applicants.bairesdev.com;https://www.linkedin.com/jobs/view/4429299947/;https://www.linkedin.com/jobs/view/4429299947/;Remote;Frontend;16/06/2026;;Rio de Janeiro;RJ;Região Sudeste;Brasil;América do Sul
131;BairesDev;React Native Tech Lead - Trabalho Remoto;RJ;15/06 20:00;https://www.linkedin.com/jobs/view/4427737863/;https://media.licdn.com/dms/image/v2/D4E0BAQGNvQASzrdL_w/company-logo_100_100/company-logo_100_100/0/1687874736484/bairesdev_logo?e=1782950400&v=beta&t=mwOeFBWaJPHGpposBEw1gM2BkJhKVKCgiJYrcge4Nms;Middle > Manager;https://www.linkedin.com/company/bairesdev/about/;Software e Serviços de TI;frontend OR javascript OR typescript OR html OR css OR react OR angular OR vue OR next.js OR wordpress OR (full AND stack);bairesdev;2.0;applicants.bairesdev.com;https://www.linkedin.com/jobs/view/4427737863/;https://www.linkedin.com/jobs/view/4427737863/;Remote;Mid, Liderança/Gerência, TI/Tech;16/06/2026;;Rio de Janeiro;RJ;Região Sudeste;Brasil;América do Sul
132;BairesDev;Semi Senior React Native Developer - Remote Work;RJ;15/06 20:00;https://www.linkedin.com/jobs/view/4427748304/;https://media.licdn.com/dms/image/v2/D4E0BAQGNvQASzrdL_w/company-logo_100_100/company-logo_100_100/0/1687874736484/bairesdev_logo?e=1782950400&v=beta&t=mwOeFBWaJPHGpposBEw1gM2BkJhKVKCgiJYrcge4Nms;Advanced > Information Technology;https://www.linkedin.com/company/bairesdev/about/;Software e Serviços de TI;frontend OR javascript OR typescript OR html OR css OR react OR angular OR vue OR next.js OR wordpress OR (full AND stack);bairesdev;2.0;applicants.bairesdev.com;https://www.linkedin.com/jobs/view/4427748304/;https://www.linkedin.com/jobs/view/4427748304/;Remote;Senior;16/06/2026;;Rio de Janeiro;RJ;Região Sudeste;Brasil;América do Sul
133;BairesDev;Desenvolvedor Front-End (Angular) - Trabalho Remoto;SP;16/06 16:00;https://www.linkedin.com/jobs/view/4428068574/;https://media.licdn.com/dms/image/v2/D4E0BAQGNvQASzrdL_w/company-logo_100_100/company-logo_100_100/0/1687874736484/bairesdev_logo?e=1782950400&v=beta&t=mwOeFBWaJPHGpposBEw1gM2BkJhKVKCgiJYrcge4Nms;-;https://www.linkedin.com/company/bairesdev/about/;-;frontend OR javascript OR typescript OR html OR css OR react OR angular OR vue OR next.js OR wordpress OR (full AND stack);bairesdev;2.0;applicants.bairesdev.com;https://www.linkedin.com/jobs/view/4428068574/;https://www.linkedin.com/jobs/view/4428068574/;Remote;Frontend;16/06/2026;;São Paulo;SP;Região Sudeste;Brasil;América do Sul
134;BairesDev;Desenvolvedor React Junior - Trabalho Remoto;SP;16/06 15:00;https://www.linkedin.com/jobs/view/4428070325/;https://media.licdn.com/dms/image/v2/D4E0BAQGNvQASzrdL_w/company-logo_100_100/company-logo_100_100/0/1687874736484/bairesdev_logo?e=1782950400&v=beta&t=mwOeFBWaJPHGpposBEw1gM2BkJhKVKCgiJYrcge4Nms;-;https://www.linkedin.com/company/bairesdev/about/;-;frontend OR javascript OR typescript OR html OR css OR react OR angular OR vue OR next.js OR wordpress OR (full AND stack);bairesdev;2.0;applicants.bairesdev.com;https://www.linkedin.com/jobs/view/4428070325/;https://www.linkedin.com/jobs/view/4428070325/;Remote;Junior;16/06/2026;;São Paulo;SP;Região Sudeste;Brasil;América do Sul
135;BairesDev;Semi Senior React Native Developer - Remote Work;SP;15/06 20:00;https://www.linkedin.com/jobs/view/4427736857/;https://media.licdn.com/dms/image/v2/D4E0BAQGNvQASzrdL_w/company-logo_100_100/company-logo_100_100/0/1687874736484/bairesdev_logo?e=1782950400&v=beta&t=mwOeFBWaJPHGpposBEw1gM2BkJhKVKCgiJYrcge4Nms;Advanced > Information Technology;https://www.linkedin.com/company/bairesdev/about/;Software e Serviços de TI;frontend OR javascript OR typescript OR html OR css OR react OR angular OR vue OR next.js OR wordpress OR (full AND stack);bairesdev;2.0;applicants.bairesdev.com;https://www.linkedin.com/jobs/view/4427736857/;https://www.linkedin.com/jobs/view/4427736857/;Remote;Senior;16/06/2026;;São Paulo;SP;Região Sudeste;Brasil;América do Sul
136;BairesDev;React Native Tech Lead - Trabalho Remoto;Salvador (BA);15/06 20:00;https://www.linkedin.com/jobs/view/4427759129/;https://media.licdn.com/dms/image/v2/D4E0BAQGNvQASzrdL_w/company-logo_100_100/company-logo_100_100/0/1687874736484/bairesdev_logo?e=1782950400&v=beta&t=mwOeFBWaJPHGpposBEw1gM2BkJhKVKCgiJYrcge4Nms;Middle > Manager;https://www.linkedin.com/company/bairesdev/about/;Software e Serviços de TI;frontend OR javascript OR typescript OR html OR css OR react OR angular OR vue OR next.js OR wordpress OR (full AND stack);bairesdev;2.0;applicants.bairesdev.com;https://www.linkedin.com/jobs/view/4427759129/;https://www.linkedin.com/jobs/view/4427759129/;Remote;Mid, Liderança/Gerência, TI/Tech;16/06/2026;Salvador;Bahia;BA;Região Nordeste;Brasil;América do Sul
137;BairesDev;Desenvolvedor React Junior - Trabalho Remoto;São Paulo (SP);16/06 15:00;https://www.linkedin.com/jobs/view/4428071316/;https://media.licdn.com/dms/image/v2/D4E0BAQGNvQASzrdL_w/company-logo_100_100/company-logo_100_100/0/1687874736484/bairesdev_logo?e=1782950400&v=beta&t=mwOeFBWaJPHGpposBEw1gM2BkJhKVKCgiJYrcge4Nms;-;https://www.linkedin.com/company/bairesdev/about/;-;frontend OR javascript OR typescript OR html OR css OR react OR angular OR vue OR next.js OR wordpress OR (full AND stack);bairesdev;2.0;applicants.bairesdev.com;https://www.linkedin.com/jobs/view/4428071316/;https://www.linkedin.com/jobs/view/4428071316/;Remote;Junior;16/06/2026;São Paulo;São Paulo;SP;Região Sudeste;Brasil;América do Sul
138;BairesDev;Frontend Developer (Angular) - Remote Work | REF#290663;São Paulo (SP);09/06 20:00;https://www.linkedin.com/jobs/view/4420470160/;https://media.licdn.com/dms/image/v2/D4E0BAQGNvQASzrdL_w/company-logo_100_100/company-logo_100_100/0/1687874736484/bairesdev_logo?e=1782950400&v=beta&t=mwOeFBWaJPHGpposBEw1gM2BkJhKVKCgiJYrcge4Nms;Advanced > Information Technology;https://www.linkedin.com/company/bairesdev/about/;-;frontend OR javascript OR typescript OR html OR css OR react OR angular OR vue OR next.js OR wordpress OR (full AND stack);bairesdev;2.0;applicants.bairesdev.com;https://www.linkedin.com/jobs/view/4420470160/;https://www.linkedin.com/jobs/view/4420470160/;Remote;Frontend;16/06/2026;São Paulo;São Paulo;SP;Região Sudeste;Brasil;América do Sul
139;BairesDev;Frontend Developer (React) - Remote Work | REF#290583;São Paulo (SP);09/06 20:00;https://www.linkedin.com/jobs/view/4420467258/;https://media.licdn.com/dms/image/v2/D4E0BAQGNvQASzrdL_w/company-logo_100_100/company-logo_100_100/0/1687874736484/bairesdev_logo?e=1782950400&v=beta&t=mwOeFBWaJPHGpposBEw1gM2BkJhKVKCgiJYrcge4Nms;Advanced > Information Technology;https://www.linkedin.com/company/bairesdev/about/;-;frontend OR javascript OR typescript OR html OR css OR react OR angular OR vue OR next.js OR wordpress OR (full AND stack);bairesdev;2.0;applicants.bairesdev.com;https://www.linkedin.com/jobs/view/4420467258/;https://www.linkedin.com/jobs/view/4420467258/;Remote;Frontend;16/06/2026;São Paulo;São Paulo;SP;Região Sudeste;Brasil;América do Sul
140;BairesDev;Frontend Developer (Vue) - Remote Work | REF#290718;São Paulo (SP);09/06 20:00;https://www.linkedin.com/jobs/view/4423226411/;https://media.licdn.com/dms/image/v2/D4E0BAQGNvQASzrdL_w/company-logo_100_100/company-logo_100_100/0/1687874736484/bairesdev_logo?e=1782950400&v=beta&t=mwOeFBWaJPHGpposBEw1gM2BkJhKVKCgiJYrcge4Nms;Advanced > Information Technology;https://www.linkedin.com/company/bairesdev/about/;-;frontend OR javascript OR typescript OR html OR css OR react OR angular OR vue OR next.js OR wordpress OR (full AND stack);bairesdev;2.0;applicants.bairesdev.com;https://www.linkedin.com/jobs/view/4423226411/;https://www.linkedin.com/jobs/view/4423226411/;Remote;Frontend;16/06/2026;São Paulo;São Paulo;SP;Região Sudeste;Brasil;América do Sul
141;BairesDev;Python Full Stack Developer | REF#294603;São Paulo (SP);15/06 20:00;https://www.linkedin.com/jobs/view/4426546519/;https://media.licdn.com/dms/image/v2/D4E0BAQGNvQASzrdL_w/company-logo_100_100/company-logo_100_100/0/1687874736484/bairesdev_logo?e=1782950400&v=beta&t=mwOeFBWaJPHGpposBEw1gM2BkJhKVKCgiJYrcge4Nms;Advanced > Information Technology;https://www.linkedin.com/company/bairesdev/about/;-;frontend OR javascript OR typescript OR html OR css OR react OR angular OR vue OR next.js OR wordpress OR (full AND stack);bairesdev;2.0;applicants.bairesdev.com;https://www.linkedin.com/jobs/view/4426546519/;https://www.linkedin.com/jobs/view/4426546519/;Remote;Full Stack;16/06/2026;São Paulo;São Paulo;SP;Região Sudeste;Brasil;América do Sul
142;BairesDev;React Native Tech Lead - Trabalho Remoto;São Paulo (SP);15/06 20:00;https://www.linkedin.com/jobs/view/4427753251/;https://media.licdn.com/dms/image/v2/D4E0BAQGNvQASzrdL_w/company-logo_100_100/company-logo_100_100/0/1687874736484/bairesdev_logo?e=1782950400&v=beta&t=mwOeFBWaJPHGpposBEw1gM2BkJhKVKCgiJYrcge4Nms;Middle > Manager;https://www.linkedin.com/company/bairesdev/about/;Software e Serviços de TI;frontend OR javascript OR typescript OR html OR css OR react OR angular OR vue OR next.js OR wordpress OR (full AND stack);bairesdev;2.0;applicants.bairesdev.com;https://www.linkedin.com/jobs/view/4427753251/;https://www.linkedin.com/jobs/view/4427753251/;Remote;Mid, Liderança/Gerência, TI/Tech;16/06/2026;São Paulo;São Paulo;SP;Região Sudeste;Brasil;América do Sul
143;BairesDev;React/Next.js Developer - Remote Work | REF#290624;São Paulo (SP);09/06 20:00;https://www.linkedin.com/jobs/view/4423230410/;https://media.licdn.com/dms/image/v2/D4E0BAQGNvQASzrdL_w/company-logo_100_100/company-logo_100_100/0/1687874736484/bairesdev_logo?e=1782950400&v=beta&t=mwOeFBWaJPHGpposBEw1gM2BkJhKVKCgiJYrcge4Nms;Advanced > Information Technology;https://www.linkedin.com/company/bairesdev/about/;-;frontend OR javascript OR typescript OR html OR css OR react OR angular OR vue OR next.js OR wordpress OR (full AND stack);bairesdev;2.0;applicants.bairesdev.com;https://www.linkedin.com/jobs/view/4423230410/;https://www.linkedin.com/jobs/view/4423230410/;Remote;-;16/06/2026;São Paulo;São Paulo;SP;Região Sudeste;Brasil;América do Sul
144;BairesDev;Senior React Engineer - Remote Work | REF#295389;São Paulo (SP);15/06 20:00;https://www.linkedin.com/jobs/view/4429731352/;https://media.licdn.com/dms/image/v2/D4E0BAQGNvQASzrdL_w/company-logo_100_100/company-logo_100_100/0/1687874736484/bairesdev_logo?e=1782950400&v=beta&t=mwOeFBWaJPHGpposBEw1gM2BkJhKVKCgiJYrcge4Nms;Advanced > Information Technology;https://www.linkedin.com/company/bairesdev/about/;-;frontend OR javascript OR typescript OR html OR css OR react OR angular OR vue OR next.js OR wordpress OR (full AND stack);bairesdev;2.0;applicants.bairesdev.com;https://www.linkedin.com/jobs/view/4429731352/;https://www.linkedin.com/jobs/view/4429731352/;Remote;Senior, Engenharia Geral;16/06/2026;São Paulo;São Paulo;SP;Região Sudeste;Brasil;América do Sul
145;BairesDev;Software Engineer (Python/React) | REF#290930;São Paulo (SP);15/06 20:00;https://www.linkedin.com/jobs/view/4420448964/;https://media.licdn.com/dms/image/v2/D4E0BAQGNvQASzrdL_w/company-logo_100_100/company-logo_100_100/0/1687874736484/bairesdev_logo?e=1782950400&v=beta&t=mwOeFBWaJPHGpposBEw1gM2BkJhKVKCgiJYrcge4Nms;Advanced > Information Technology;https://www.linkedin.com/company/bairesdev/about/;Software e Serviços de TI;frontend OR javascript OR typescript OR html OR css OR react OR angular OR vue OR next.js OR wordpress OR (full AND stack);bairesdev;2.0;applicants.bairesdev.com;https://www.linkedin.com/jobs/view/4420448964/;https://www.linkedin.com/jobs/view/4420448964/;Remote;TI/Tech, Engenharia Geral;16/06/2026;São Paulo;São Paulo;SP;Região Sudeste;Brasil;América do Sul
146;BairesDev;UI Engineer (React) - Remote Work | REF#295392;São Paulo (SP);16/06 19:00;https://www.linkedin.com/jobs/view/4429725462/;https://media.licdn.com/dms/image/v2/D4E0BAQGNvQASzrdL_w/company-logo_100_100/company-logo_100_100/0/1687874736484/bairesdev_logo?e=1782950400&v=beta&t=mwOeFBWaJPHGpposBEw1gM2BkJhKVKCgiJYrcge4Nms;Advanced > Information Technology;https://www.linkedin.com/company/bairesdev/about/;-;frontend OR javascript OR typescript OR html OR css OR react OR angular OR vue OR next.js OR wordpress OR (full AND stack);bairesdev;2.0;applicants.bairesdev.com;https://www.linkedin.com/jobs/view/4429725462/;https://www.linkedin.com/jobs/view/4429725462/;Remote;Engenharia Geral;16/06/2026;São Paulo;São Paulo;SP;Região Sudeste;Brasil;América do Sul
147;BairesDev;Vue Developer - EN | REF#290695;São Paulo (SP);09/06 20:00;https://www.linkedin.com/jobs/view/4420458784/;https://media.licdn.com/dms/image/v2/D4E0BAQGNvQASzrdL_w/company-logo_100_100/company-logo_100_100/0/1687874736484/bairesdev_logo?e=1782950400&v=beta&t=mwOeFBWaJPHGpposBEw1gM2BkJhKVKCgiJYrcge4Nms;Advanced > Information Technology;https://www.linkedin.com/company/bairesdev/about/;-;frontend OR javascript OR typescript OR html OR css OR react OR angular OR vue OR next.js OR wordpress OR (full AND stack);bairesdev;2.0;applicants.bairesdev.com;https://www.linkedin.com/jobs/view/4420458784/;https://www.linkedin.com/jobs/view/4420458784/;Remote;-;16/06/2026;São Paulo;São Paulo;SP;Região Sudeste;Brasil;América do Sul
148;BairesDev;Vue Engineer - Remote Work | REF#290739;São Paulo (SP);09/06 20:00;https://www.linkedin.com/jobs/view/4420450948/;https://media.licdn.com/dms/image/v2/D4E0BAQGNvQASzrdL_w/company-logo_100_100/company-logo_100_100/0/1687874736484/bairesdev_logo?e=1782950400&v=beta&t=mwOeFBWaJPHGpposBEw1gM2BkJhKVKCgiJYrcge4Nms;Advanced > Information Technology;https://www.linkedin.com/company/bairesdev/about/;-;frontend OR javascript OR typescript OR html OR css OR react OR angular OR vue OR next.js OR wordpress OR (full AND stack);bairesdev;2.0;applicants.bairesdev.com;https://www.linkedin.com/jobs/view/4420450948/;https://www.linkedin.com/jobs/view/4420450948/;Remote;Engenharia Geral;16/06/2026;São Paulo;São Paulo;SP;Região Sudeste;Brasil;América do Sul
149;BaladAPP;Desenvolvedor Full Stack;Goiânia (GO);11/06 20:00;https://www.linkedin.com/jobs/view/4427568097/;https://media.licdn.com/dms/image/v2/D4D0BAQF3PX8qBLXYGw/company-logo_100_100/B4DZqXE443H0AU-/0/1763471233103/baladapp_logo?e=1782950400&v=beta&t=W1jo5N8ZUu3h36RdfFYS3DpLaCFqchhvFAOhitE2nl4;-;https://www.linkedin.com/company/baladapp/about/;-;frontend OR javascript OR typescript OR html OR css OR react OR angular OR vue OR next.js OR wordpress OR (full AND stack);baladapp;1;;https://www.linkedin.com/jobs/view/4427568097/;https://www.linkedin.com/jobs/view/4427568097/;Hybrid;Full Stack;16/06/2026;Goiânia;Goiás;GO;Região Centro-Oeste;Brasil;América do Sul
150;Banco Bradesco;Pessoa Desenvolvedora Fullstack SR (Java + Angular);Curitiba (PR);11/06 20:00;https://www.linkedin.com/jobs/view/4427567818/;https://media.licdn.com/dms/image/v2/C4E0BAQEXB9xussWsHQ/company-logo_100_100/company-logo_100_100/0/1680038081185/bradesco_logo?e=1782950400&v=beta&t=vhPSL18Pg52679EK4BC9NiBoHsdAF50epilF6SZrTik;-;https://www.linkedin.com/company/banco-bradesco/about/;Serviços Financeiros;frontend OR javascript OR typescript OR html OR css OR react OR angular OR vue OR next.js OR wordpress OR (full AND stack);banco bradesco;4.0;bradesco.csod.com;https://www.linkedin.com/jobs/view/4427567818/;https://www.linkedin.com/jobs/view/4427567818/;On-site;PCD / Afirmativa, Senior, Full Stack;16/06/2026;Curitiba;Paraná;PR;Região Sul;Brasil;América do Sul
151;Base2 Tecnologia;Dev. Frontend React (Junior);Belo Horizonte (MG);12/06 20:00;https://www.linkedin.com/jobs/view/4426693411/;https://media.licdn.com/dms/image/v2/D4E0BAQFiMMAYF210Lw/company-logo_100_100/B4EZhmD8HzHEAU-/0/1754058966038/base2_tecnologia_logo?e=1782950400&v=beta&t=yM6YI3qH0K4sJJe9Q-YvwnEmh1FyHeshx2coGSzWnhM;-;https://www.linkedin.com/company/base2-tecnologia/about/;-;frontend OR javascript OR typescript OR html OR css OR react OR angular OR vue OR next.js OR wordpress OR (full AND stack);base2 tecnologia;1;;https://www.linkedin.com/jobs/view/4426693411/;https://www.linkedin.com/jobs/view/4426693411/;Hybrid;Junior, Frontend;16/06/2026;Belo Horizonte;Minas Gerais;MG;Região Sudeste;Brasil;América do Sul
152;Block Labs;Senior Frontend Engineer;Montenegro (RS);12/06 20:00;https://www.linkedin.com/jobs/view/4407621227/;https://media.licdn.com/dms/image/v2/D4D0BAQF0huK6mI8ZuA/company-logo_100_100/company-logo_100_100/0/1726738900394/block_labs_web3_logo?e=1782950400&v=beta&t=wc3_2LA-sITHVMQrNrhieLs_vDDw41NbPzdNByoxYTs;Advanced > Information Technology;https://www.linkedin.com/company/block-labs/about/;-;frontend OR javascript OR typescript OR html OR css OR react OR angular OR vue OR next.js OR wordpress OR (full AND stack);block labs;1.0;jobs.ashbyhq.com;https://www.linkedin.com/jobs/view/4407621227/;https://www.linkedin.com/jobs/view/4407621227/;Remote;Senior, Frontend, Engenharia Geral;16/06/2026;Montenegro;Rio Grande do Sul;RS;Região Sul;Brasil;América do Sul
153;Bravi;DESENVOLVEDOR(A) FULLSTACK .NET CORE + VUE.JS;Florianópolis (SC);15/06 20:00;https://www.linkedin.com/jobs/view/4429124808/;https://media.licdn.com/dms/image/v2/D4D0BAQFHu-vX8N8ZUg/company-logo_100_100/company-logo_100_100/0/1731351913783/bravidoes_logo?e=1782950400&v=beta&t=yqabA9m5DhbcytwpOOqNVHQ9HLwAGMnAYneXREYVP8A;-;https://www.linkedin.com/company/bravi/about/;-;frontend OR javascript OR typescript OR html OR css OR react OR angular OR vue OR next.js OR wordpress OR (full AND stack);bravi;1;;https://www.linkedin.com/jobs/view/4429124808/;https://www.linkedin.com/jobs/view/4429124808/;Remote;Full Stack;16/06/2026;Florianópolis;Santa Catarina;SC;Região Sul;Brasil;América do Sul
154;Brex;Senior Software Engineer, Full Stack;São Paulo (SP);12/06 20:00;https://www.linkedin.com/jobs/view/4389953163/;https://media.licdn.com/dms/image/v2/D560BAQGkXlB9L9KNDA/company-logo_100_100/company-logo_100_100/0/1719255861438/brexhq_logo?e=1782950400&v=beta&t=pVN082Ld7KfFWW2aLCxxCbIPBxMj1bkfK9yRidu2VfM;Advanced > Information Technology;https://www.linkedin.com/company/brex/about/;Software e Serviços de TI;frontend OR javascript OR typescript OR html OR css OR react OR angular OR vue OR next.js OR wordpress OR (full AND stack);brex;1.0;;https://www.linkedin.com/jobs/view/4389953163/;https://www.linkedin.com/jobs/view/4389953163/;Hybrid;Senior, TI/Tech, Full Stack, Engenharia Geral;16/06/2026;São Paulo;São Paulo;SP;Região Sudeste;Brasil;América do Sul
155;Brex;Software Engineer II, Frontend;São Paulo (SP);12/06 20:00;https://www.linkedin.com/jobs/view/4368391850/;https://media.licdn.com/dms/image/v2/D560BAQGkXlB9L9KNDA/company-logo_100_100/company-logo_100_100/0/1719255861438/brexhq_logo?e=1782950400&v=beta&t=pVN082Ld7KfFWW2aLCxxCbIPBxMj1bkfK9yRidu2VfM;Advanced > Information Technology;https://www.linkedin.com/company/brex/about/;Software e Serviços de TI;frontend OR javascript OR typescript OR html OR css OR react OR angular OR vue OR next.js OR wordpress OR (full AND stack);brex;1.0;;https://www.linkedin.com/jobs/view/4368391850/;https://www.linkedin.com/jobs/view/4368391850/;Hybrid;TI/Tech, Frontend, Engenharia Geral;16/06/2026;São Paulo;São Paulo;SP;Região Sudeste;Brasil;América do Sul
156;BruntWork;Digital Content Marketing & SEO Specialist (WordPress/Hootsuite/Tailwind);América Latina;11/06 20:00;https://www.linkedin.com/jobs/view/4423623405/;https://media.licdn.com/dms/image/v2/D560BAQEcCL_eiKAREA/company-logo_100_100/company-logo_100_100/0/1721186064757/bruntworkcareers_logo?e=1782950400&v=beta&t=tOtXfdkDqFlrO41FFV4Z0yr8wzyzkvAj8zBij8u6khE;Advanced > Specialist;https://www.linkedin.com/company/bruntwork/about/;Marketing e Publicidade Marketing;frontend OR javascript OR typescript OR html OR css OR react OR angular OR vue OR next.js OR wordpress OR (full AND stack);bruntwork;1.0;apply.bruntworkcareers.co;https://www.linkedin.com/jobs/view/4423623405/;https://www.linkedin.com/jobs/view/4423623405/;Remote;Specialist, TI/Tech, Marketing/Mídia;16/06/2026;;;;;;América Latina
157;BuscarVagas - Empregos Brasil;Desenvolvedor Frontend Reactjs Pleno – Novo Hamburgo – RS;Novo Hamburgo (RS);16/06 05:00;https://www.linkedin.com/jobs/view/4426479392/;https://media.licdn.com/dms/image/v2/D4D0BAQGegAuLcKhWMg/img-crop_100/B4DZrc3ndQIgAM-/0/1764642161116?e=1782950400&v=beta&t=0-6nWQlgsxpYXq0nnHR4Mkhpsbs2taovCAmIedRjCYk;-;https://www.linkedin.com/company/buscarvagas-empregos-brasil/about/;Energia e Combustíveis;frontend OR javascript OR typescript OR html OR css OR react OR angular OR vue OR next.js OR wordpress OR (full AND stack);buscarvagas - empregos brasil;2.0;Vagas.com;https://www.linkedin.com/jobs/view/4426479392/;https://www.linkedin.com/jobs/view/4426479392/;On-site;Mid, Frontend;16/06/2026;Novo Hamburgo;Rio Grande do Sul;RS;Região Sul;Brasil;América do Sul
158;BuscarVagas - Empregos Brasil;Desenvolvedor Frontend – Porto Alegre – RS;Porto Alegre (RS);16/06 05:00;https://www.linkedin.com/jobs/view/4426496246/;https://media.licdn.com/dms/image/v2/D4D0BAQGegAuLcKhWMg/img-crop_100/B4DZrc3ndQIgAM-/0/1764642161116?e=1782950400&v=beta&t=0-6nWQlgsxpYXq0nnHR4Mkhpsbs2taovCAmIedRjCYk;-;https://www.linkedin.com/company/buscarvagas-empregos-brasil/about/;Energia e Combustíveis;frontend OR javascript OR typescript OR html OR css OR react OR angular OR vue OR next.js OR wordpress OR (full AND stack);buscarvagas - empregos brasil;2.0;Vagas.com;https://www.linkedin.com/jobs/view/4426496246/;https://www.linkedin.com/jobs/view/4426496246/;On-site;Frontend;16/06/2026;Porto Alegre;Rio Grande do Sul;RS;Região Sul;Brasil;América do Sul
159;BuscarVagas - Empregos Brasil;Desenvolvedor Mobile Flutter ou React Native | Trabalho Remoto | Contrato PJ – Porto Alegre – RS;Porto Alegre (RS);14/06 20:00;https://www.linkedin.com/jobs/view/4425715852/;https://media.licdn.com/dms/image/v2/D4D0BAQGegAuLcKhWMg/img-crop_100/B4DZrc3ndQIgAM-/0/1764642161116?e=1782950400&v=beta&t=0-6nWQlgsxpYXq0nnHR4Mkhpsbs2taovCAmIedRjCYk;-;https://www.linkedin.com/company/buscarvagas-empregos-brasil/about/;Energia e Combustíveis;frontend OR javascript OR typescript OR html OR css OR react OR angular OR vue OR next.js OR wordpress OR (full AND stack);buscarvagas - empregos brasil;2.0;Vagas.com;https://www.linkedin.com/jobs/view/4425715852/;https://www.linkedin.com/jobs/view/4425715852/;Remote;Freelance/PJ;16/06/2026;Porto Alegre;Rio Grande do Sul;RS;Região Sul;Brasil;América do Sul
160;CAMPING L'AIR MARIN;Desenvolvedor (a) Full Stack Sênior;Brasil;10/06 20:00;https://www.linkedin.com/jobs/view/4426580524/;missing logo;-;https://www.linkedin.com/company/camping-l-air-marin/about/;-;frontend OR javascript OR typescript OR html OR css OR react OR angular OR vue OR next.js OR wordpress OR (full AND stack);camping l'air marin;1.0;Solidês;https://www.linkedin.com/jobs/view/4426580524/;https://www.linkedin.com/jobs/view/4426580524/;On-site;Senior, Full Stack;16/06/2026;;;;;Brasil;América do Sul
161;CBYK Consultoria;Desenvolvedor full stack Sênior;Brasil;16/06 18:00;https://www.linkedin.com/jobs/view/4426876296/;https://media.licdn.com/dms/image/v2/D4D0BAQHuAyGPuST92Q/company-logo_100_100/B4DZuj3ciVGkAQ-/0/1767980780792?e=1782950400&v=beta&t=27n7KoILOPU_mHuwxwclPjMgVe-vkm8Lln3n29mq8Oc;-;https://www.linkedin.com/company/cbyk-consultoria/about/;Consultoria e Assessoria;frontend OR javascript OR typescript OR html OR css OR react OR angular OR vue OR next.js OR wordpress OR (full AND stack);cbyk consultoria;1.0;Geekhunter;https://www.linkedin.com/jobs/view/4426876296/;https://www.linkedin.com/jobs/view/4426876296/;Remote;Senior, Full Stack;16/06/2026;;;;;Brasil;América do Sul
162;CESAR;Senior DevOps & Full Stack Software Engineer (GCP);Brasil;15/06 20:00;https://www.linkedin.com/jobs/view/4423058322/;https://media.licdn.com/dms/image/v2/C4D0BAQEuUnVFeTxb3g/company-logo_100_100/company-logo_100_100/0/1656948837236/cesar_logo?e=1782950400&v=beta&t=73kxq9Re3CvK1nXNfCUNBg6a5NmMArOJyvShnF_asNg;Advanced > Information Technology;https://www.linkedin.com/company/cesar/about/;Software e Serviços de TI;frontend OR javascript OR typescript OR html OR css OR react OR angular OR vue OR next.js OR wordpress OR (full AND stack);cesar;1.0;;https://www.linkedin.com/jobs/view/4423058322/;https://www.linkedin.com/jobs/view/4423058322/;Remote;Senior, Cloud (AWS/GCP/Azure), DevOps, TI/Tech, Full Stack, Engenharia Geral;16/06/2026;;;;;Brasil;América do Sul
163;CI&T;-  Senior AI FullStack Developer ( Python/React) , Brazil;Brasil;15/06 20:00;https://www.linkedin.com/jobs/view/4429109164/;https://media.licdn.com/dms/image/v2/D560BAQFOg3ALDaK1TA/company-logo_100_100/B56Z50JQRqHAAQ-/0/1780065044119/ciandt_logo?e=1782950400&v=beta&t=Vrp4cE2cFTRQyoflIQNoZ1b_QVIeV-QNhueYJ96co0s;Advanced > Information Technology;https://www.linkedin.com/company/ci-t/about/;Inteligência Artificial;frontend OR javascript OR typescript OR html OR css OR react OR angular OR vue OR next.js OR wordpress OR (full AND stack);ci&t;4.0;LinkedIn (Easy Apply);https://www.linkedin.com/jobs/view/4429109164/;https://www.linkedin.com/jobs/view/4429109164/;Remote;Inteligência Artificial, Senior, Full Stack;16/06/2026;;;;;Brasil;América do Sul
164;CI&T;Arquiteto de Software (Java e Angular), Brazil;Brasil;11/06 20:00;https://www.linkedin.com/jobs/view/4408260628/;https://media.licdn.com/dms/image/v2/D560BAQFOg3ALDaK1TA/company-logo_100_100/B56Z50JQRqHAAQ-/0/1780065044119/ciandt_logo?e=1782950400&v=beta&t=Vrp4cE2cFTRQyoflIQNoZ1b_QVIeV-QNhueYJ96co0s;Architecture;https://www.linkedin.com/company/ci-t/about/;Software e Serviços de TI;frontend OR javascript OR typescript OR html OR css OR react OR angular OR vue OR next.js OR wordpress OR (full AND stack);ci&t;4.0;LinkedIn (Easy Apply);https://www.linkedin.com/jobs/view/4408260628/;https://www.linkedin.com/jobs/view/4408260628/;Remote;TI/Tech;16/06/2026;;;;;Brasil;América do Sul
165;CI&T;Desenvolvedor Fullstack Pleno (Java e Angular);Brasil;15/06 20:00;https://www.linkedin.com/jobs/view/4428847822/;https://media.licdn.com/dms/image/v2/D560BAQFOg3ALDaK1TA/company-logo_100_100/B56Z50JQRqHAAQ-/0/1780065044119/ciandt_logo?e=1782950400&v=beta&t=Vrp4cE2cFTRQyoflIQNoZ1b_QVIeV-QNhueYJ96co0s;-;https://www.linkedin.com/company/ci-t/about/;-;frontend OR javascript OR typescript OR html OR css OR react OR angular OR vue OR next.js OR wordpress OR (full AND stack);ci&t;4.0;LinkedIn (Easy Apply);https://www.linkedin.com/jobs/view/4428847822/;https://www.linkedin.com/jobs/view/4428847822/;Remote;Mid, Full Stack;16/06/2026;;;;;Brasil;América do Sul
166;CI&T;Desenvolvedor Fullstack Pleno (Java e Angular);Brasil;15/06 20:00;https://www.linkedin.com/jobs/view/4428839953/;https://media.licdn.com/dms/image/v2/D560BAQFOg3ALDaK1TA/company-logo_100_100/B56Z50JQRqHAAQ-/0/1780065044119/ciandt_logo?e=1782950400&v=beta&t=Vrp4cE2cFTRQyoflIQNoZ1b_QVIeV-QNhueYJ96co0s;-;https://www.linkedin.com/company/ci-t/about/;-;frontend OR javascript OR typescript OR html OR css OR react OR angular OR vue OR next.js OR wordpress OR (full AND stack);ci&t;4.0;LinkedIn (Easy Apply);https://www.linkedin.com/jobs/view/4428839953/;https://www.linkedin.com/jobs/view/4428839953/;Remote;Mid, Full Stack;16/06/2026;;;;;Brasil;América do Sul
167;CI&T;Desenvolvedor Fullstack Sênior (Java e Angular);Brasil;15/06 20:00;https://www.linkedin.com/jobs/view/4428856704/;https://media.licdn.com/dms/image/v2/D560BAQFOg3ALDaK1TA/company-logo_100_100/B56Z50JQRqHAAQ-/0/1780065044119/ciandt_logo?e=1782950400&v=beta&t=Vrp4cE2cFTRQyoflIQNoZ1b_QVIeV-QNhueYJ96co0s;-;https://www.linkedin.com/company/ci-t/about/;-;frontend OR javascript OR typescript OR html OR css OR react OR angular OR vue OR next.js OR wordpress OR (full AND stack);ci&t;4.0;LinkedIn (Easy Apply);https://www.linkedin.com/jobs/view/4428856704/;https://www.linkedin.com/jobs/view/4428856704/;Remote;Senior, Full Stack;16/06/2026;;;;;Brasil;América do Sul
168;CI&T;Desenvolvedor Fullstack Sênior (Java e Angular);Brasil;11/06 20:00;https://www.linkedin.com/jobs/view/4427534894/;https://media.licdn.com/dms/image/v2/D560BAQFOg3ALDaK1TA/company-logo_100_100/B56Z50JQRqHAAQ-/0/1780065044119/ciandt_logo?e=1782950400&v=beta&t=Vrp4cE2cFTRQyoflIQNoZ1b_QVIeV-QNhueYJ96co0s;-;https://www.linkedin.com/company/ci-t/about/;-;frontend OR javascript OR typescript OR html OR css OR react OR angular OR vue OR next.js OR wordpress OR (full AND stack);ci&t;4.0;LinkedIn (Easy Apply);https://www.linkedin.com/jobs/view/4427534894/;https://www.linkedin.com/jobs/view/4427534894/;Remote;Senior, Full Stack;16/06/2026;;;;;Brasil;América do Sul
169;CI&T;Mid Level/Senior Developer Fullstack (.Net e Angular/AWS), Brasil (Exclusiva para Mulheres);Brasil;11/06 20:00;https://www.linkedin.com/jobs/view/4427648414/;https://media.licdn.com/dms/image/v2/D560BAQFOg3ALDaK1TA/company-logo_100_100/B56Z50JQRqHAAQ-/0/1780065044119/ciandt_logo?e=1782950400&v=beta&t=Vrp4cE2cFTRQyoflIQNoZ1b_QVIeV-QNhueYJ96co0s;Advanced > Information Technology;https://www.linkedin.com/company/ci-t/about/;-;frontend OR javascript OR typescript OR html OR css OR react OR angular OR vue OR next.js OR wordpress OR (full AND stack);ci&t;4.0;LinkedIn (Easy Apply);https://www.linkedin.com/jobs/view/4427648414/;https://www.linkedin.com/jobs/view/4427648414/;Remote;Senior, Mid, Cloud (AWS/GCP/Azure), Full Stack;16/06/2026;;;;;Brasil;América do Sul
170;CI&T;Mid Level/Senior Developer Fullstack (.Net e Angular/AWS), Brasil (Exclusiva para Pessoa com Deficiência);Brasil;11/06 20:00;https://www.linkedin.com/jobs/view/4427633588/;https://media.licdn.com/dms/image/v2/D560BAQFOg3ALDaK1TA/company-logo_100_100/B56Z50JQRqHAAQ-/0/1780065044119/ciandt_logo?e=1782950400&v=beta&t=Vrp4cE2cFTRQyoflIQNoZ1b_QVIeV-QNhueYJ96co0s;Advanced > Information Technology;https://www.linkedin.com/company/ci-t/about/;-;frontend OR javascript OR typescript OR html OR css OR react OR angular OR vue OR next.js OR wordpress OR (full AND stack);ci&t;4.0;LinkedIn (Easy Apply);https://www.linkedin.com/jobs/view/4427633588/;https://www.linkedin.com/jobs/view/4427633588/;Remote;PCD / Afirmativa, Senior, Mid, Cloud (AWS/GCP/Azure), Full Stack;16/06/2026;;;;;Brasil;América do Sul
171;CI&T;Mid-Level Developer Fullstack (Java + Angular / Hibrido Osasco), Brazil;Brasil;10/06 20:00;https://www.linkedin.com/jobs/view/4427109144/;https://media.licdn.com/dms/image/v2/D560BAQFOg3ALDaK1TA/company-logo_100_100/B56Z50JQRqHAAQ-/0/1780065044119/ciandt_logo?e=1782950400&v=beta&t=Vrp4cE2cFTRQyoflIQNoZ1b_QVIeV-QNhueYJ96co0s;Advanced > Information Technology;https://www.linkedin.com/company/ci-t/about/;-;frontend OR javascript OR typescript OR html OR css OR react OR angular OR vue OR next.js OR wordpress OR (full AND stack);ci&t;4.0;LinkedIn (Easy Apply);https://www.linkedin.com/jobs/view/4427109144/;https://www.linkedin.com/jobs/view/4427109144/;Remote;Mid, Full Stack;16/06/2026;;;;;Brasil;América do Sul
172;CI&T;Mid-Level Developer Fullstack (Java + Angular), Brazil;Brasil;10/06 20:00;https://www.linkedin.com/jobs/view/4427096373/;https://media.licdn.com/dms/image/v2/D560BAQFOg3ALDaK1TA/company-logo_100_100/B56Z50JQRqHAAQ-/0/1780065044119/ciandt_logo?e=1782950400&v=beta&t=Vrp4cE2cFTRQyoflIQNoZ1b_QVIeV-QNhueYJ96co0s;Advanced > Information Technology;https://www.linkedin.com/company/ci-t/about/;-;frontend OR javascript OR typescript OR html OR css OR react OR angular OR vue OR next.js OR wordpress OR (full AND stack);ci&t;4.0;LinkedIn (Easy Apply);https://www.linkedin.com/jobs/view/4427096373/;https://www.linkedin.com/jobs/view/4427096373/;Remote;Mid, Full Stack;16/06/2026;;;;;Brasil;América do Sul
173;CI&T;Mid-Level Fullstack Developer (Java + Angular), Brazil;Brasil;16/06 16:00;https://www.linkedin.com/jobs/view/4429581222/;https://media.licdn.com/dms/image/v2/D560BAQFOg3ALDaK1TA/company-logo_100_100/B56Z50JQRqHAAQ-/0/1780065044119/ciandt_logo?e=1782950400&v=beta&t=Vrp4cE2cFTRQyoflIQNoZ1b_QVIeV-QNhueYJ96co0s;Advanced > Information Technology;https://www.linkedin.com/company/ci-t/about/;-;frontend OR javascript OR typescript OR html OR css OR react OR angular OR vue OR next.js OR wordpress OR (full AND stack);ci&t;4.0;LinkedIn (Easy Apply);https://www.linkedin.com/jobs/view/4429581222/;https://www.linkedin.com/jobs/view/4429581222/;Remote;Mid, Full Stack;16/06/2026;;;;;Brasil;América do Sul
174;CI&T;SR Developer Fullstack (React/Node), Brazil;Brasil;15/06 20:00;https://www.linkedin.com/jobs/view/4428883992/;https://media.licdn.com/dms/image/v2/D560BAQFOg3ALDaK1TA/company-logo_100_100/B56Z50JQRqHAAQ-/0/1780065044119/ciandt_logo?e=1782950400&v=beta&t=Vrp4cE2cFTRQyoflIQNoZ1b_QVIeV-QNhueYJ96co0s;Advanced > Information Technology;https://www.linkedin.com/company/ci-t/about/;-;frontend OR javascript OR typescript OR html OR css OR react OR angular OR vue OR next.js OR wordpress OR (full AND stack);ci&t;4.0;LinkedIn (Easy Apply);https://www.linkedin.com/jobs/view/4428883992/;https://www.linkedin.com/jobs/view/4428883992/;Remote;Senior, Full Stack;16/06/2026;;;;;Brasil;América do Sul
175;CI&T;Senior FullStack Developer (Java + React), Brazil;Brasil;11/06 20:00;https://www.linkedin.com/jobs/view/4427574660/;https://media.licdn.com/dms/image/v2/D560BAQFOg3ALDaK1TA/company-logo_100_100/B56Z50JQRqHAAQ-/0/1780065044119/ciandt_logo?e=1782950400&v=beta&t=Vrp4cE2cFTRQyoflIQNoZ1b_QVIeV-QNhueYJ96co0s;Advanced > Information Technology;https://www.linkedin.com/company/ci-t/about/;-;frontend OR javascript OR typescript OR html OR css OR react OR angular OR vue OR next.js OR wordpress OR (full AND stack);ci&t;4.0;LinkedIn (Easy Apply);https://www.linkedin.com/jobs/view/4427574660/;https://www.linkedin.com/jobs/view/4427574660/;Remote;Senior, Full Stack;16/06/2026;;;;;Brasil;América do Sul
176;CI&T;Sr. Fullstack Developer (React / Java / Node);Brasil;10/06 20:00;https://www.linkedin.com/jobs/view/4427032990/;https://media.licdn.com/dms/image/v2/D560BAQFOg3ALDaK1TA/company-logo_100_100/B56Z50JQRqHAAQ-/0/1780065044119/ciandt_logo?e=1782950400&v=beta&t=Vrp4cE2cFTRQyoflIQNoZ1b_QVIeV-QNhueYJ96co0s;Advanced > Information Technology;https://www.linkedin.com/company/ci-t/about/;-;frontend OR javascript OR typescript OR html OR css OR react OR angular OR vue OR next.js OR wordpress OR (full AND stack);ci&t;4.0;LinkedIn (Easy Apply);https://www.linkedin.com/jobs/view/4427032990/;https://www.linkedin.com/jobs/view/4427032990/;Remote;Senior, Full Stack;16/06/2026;;;;;Brasil;América do Sul
177;CI&T;Sênior Fullstack ( Java-Angular) Developer , Vaga afirmativa para PcD, Brazil;Brasil;12/06 20:00;https://www.linkedin.com/jobs/view/4418022095/;https://media.licdn.com/dms/image/v2/D560BAQFOg3ALDaK1TA/company-logo_100_100/B56Z50JQRqHAAQ-/0/1780065044119/ciandt_logo?e=1782950400&v=beta&t=Vrp4cE2cFTRQyoflIQNoZ1b_QVIeV-QNhueYJ96co0s;Advanced > Information Technology;https://www.linkedin.com/company/ci-t/about/;Software e Serviços de TI;frontend OR javascript OR typescript OR html OR css OR react OR angular OR vue OR next.js OR wordpress OR (full AND stack);ci&t;4.0;LinkedIn (Easy Apply);https://www.linkedin.com/jobs/view/4418022095/;https://www.linkedin.com/jobs/view/4418022095/;Remote;PCD / Afirmativa, Senior, Full Stack;16/06/2026;;;;;Brasil;América do Sul
178;CI&T;Sênior Fullstack ( Java-Angular) Developer , Vaga exclusiva para Pessoas com Deficiencia, Brazil;Brasil;10/06 20:00;https://www.linkedin.com/jobs/view/4427091303/;https://media.licdn.com/dms/image/v2/D560BAQFOg3ALDaK1TA/company-logo_100_100/B56Z50JQRqHAAQ-/0/1780065044119/ciandt_logo?e=1782950400&v=beta&t=Vrp4cE2cFTRQyoflIQNoZ1b_QVIeV-QNhueYJ96co0s;Advanced > Information Technology;https://www.linkedin.com/company/ci-t/about/;-;frontend OR javascript OR typescript OR html OR css OR react OR angular OR vue OR next.js OR wordpress OR (full AND stack);ci&t;4.0;LinkedIn (Easy Apply);https://www.linkedin.com/jobs/view/4427091303/;https://www.linkedin.com/jobs/view/4427091303/;Remote;PCD / Afirmativa, Senior, Full Stack;16/06/2026;;;;;Brasil;América do Sul
179;CI&T;Fullstack Developer (React/Angular & Java/Node), Campinas, Brazil (Hybrid);Campinas (SP);15/06 20:00;https://www.linkedin.com/jobs/view/4428869761/;https://media.licdn.com/dms/image/v2/D560BAQFOg3ALDaK1TA/company-logo_100_100/B56Z50JQRqHAAQ-/0/1780065044119/ciandt_logo?e=1782950400&v=beta&t=Vrp4cE2cFTRQyoflIQNoZ1b_QVIeV-QNhueYJ96co0s;Advanced > Information Technology;https://www.linkedin.com/company/ci-t/about/;-;frontend OR javascript OR typescript OR html OR css OR react OR angular OR vue OR next.js OR wordpress OR (full AND stack);ci&t;4.0;LinkedIn (Easy Apply);https://www.linkedin.com/jobs/view/4428869761/;https://www.linkedin.com/jobs/view/4428869761/;Hybrid;Full Stack;16/06/2026;Campinas;São Paulo;SP;Região Sudeste;Brasil;América do Sul
180;Candidata ai;Desenvolvedor(a) Full Stack .NET / React;Brasil;11/06 20:00;https://www.linkedin.com/jobs/view/4427115992/;https://media.licdn.com/dms/image/v2/D4D0BAQE2fH2l2wNlMQ/company-logo_100_100/company-logo_100_100/0/1734989821316/candidata_ai_logo?e=1782950400&v=beta&t=1t9h3M9C40LozpJ1rGjH6zSj8SATbMO8E3_NlPavU0g;-;https://www.linkedin.com/company/candidata-ai/about/;Dados e Analytics;frontend OR javascript OR typescript OR html OR css OR react OR angular OR vue OR next.js OR wordpress OR (full AND stack);candidata ai;1.0;www.linkedin.com;https://www.linkedin.com/jobs/view/4427115992/;https://www.linkedin.com/jobs/view/4427115992/;Remote;Full Stack;16/06/2026;;;;;Brasil;América do Sul
181;Canonical;Web Frontend Engineer - JS, CSS, React, Flutter;América Latina;15/06 20:00;https://www.linkedin.com/jobs/view/4286647448/;https://media.licdn.com/dms/image/v2/C560BAQEbIYAkAURcYw/company-logo_100_100/company-logo_100_100/0/1650566107463/canonical_logo?e=1782950400&v=beta&t=SHCa5QpvX3Gxc4C3c8NvAOUBcLKaSesAU68xHEHHTtI;Advanced > Information Technology;https://www.linkedin.com/company/canonical/about/;-;frontend OR javascript OR typescript OR html OR css OR react OR angular OR vue OR next.js OR wordpress OR (full AND stack);canonical;3.0;Greenhouse;https://www.linkedin.com/jobs/view/4286647448/;https://www.linkedin.com/jobs/view/4286647448/;Remote;Frontend, Engenharia Geral;16/06/2026;;;;;;América Latina
182;Capco;Senior Full Stack Developer - COM INGLÊS - Remoto;São Paulo (SP);11/06 20:00;https://www.linkedin.com/jobs/view/4376838027/;https://media.licdn.com/dms/image/v2/D4E0BAQFVit2NSNt1Fg/company-logo_100_100/B4EZ6yBRRFKoAM-/0/1781103138079/capco_logo?e=1782950400&v=beta&t=IHoHNm8hIwfWhAFPS3JOIJGIs9_4zKkVGpucuBHAJ0M;Advanced > Information Technology;https://www.linkedin.com/company/capco/about/;-;frontend OR javascript OR typescript OR html OR css OR react OR angular OR vue OR next.js OR wordpress OR (full AND stack);capco;1.0;Greenhouse;https://www.linkedin.com/jobs/view/4376838027/;https://www.linkedin.com/jobs/view/4376838027/;Hybrid;Senior, Full Stack;16/06/2026;São Paulo;São Paulo;SP;Região Sudeste;Brasil;América do Sul
183;Certisign;Desenvolvedor(a) Full Stack Pleno;São Paulo (SP);11/06 20:00;https://www.linkedin.com/jobs/view/4423650024/;https://media.licdn.com/dms/image/v2/D4D0BAQFymXyCGQTpRA/company-logo_100_100/company-logo_100_100/0/1725886698974/certisign_logo?e=1782950400&v=beta&t=mJj_kRoFA3jr6BwotqXP95H8WxU3HrmTGBM5vfKdQyU;-;https://www.linkedin.com/company/certisign/about/;Software e Serviços de TI;frontend OR javascript OR typescript OR html OR css OR react OR angular OR vue OR next.js OR wordpress OR (full AND stack);certisign;1.0;Gupy;https://www.linkedin.com/jobs/view/4423650024/;https://www.linkedin.com/jobs/view/4423650024/;Hybrid;Mid, Full Stack;16/06/2026;São Paulo;São Paulo;SP;Região Sudeste;Brasil;América do Sul
184;Clickativo;Desenvolvedor(a) Full Stack Pleno I (Presencial - CLT);Vila Velha (ES);16/06 15:00;https://www.linkedin.com/jobs/view/4426848439/;https://media.licdn.com/dms/image/v2/D4E0BAQGMDFGxAi8-Tg/company-logo_100_100/B4EZqc4t3JIUAQ-/0/1763568705652?e=1782950400&v=beta&t=pYhmQ_hzpf0XmY_y2q8KRO-1YrtlpZ4C5V-loLmSTaw;-;https://www.linkedin.com/company/clickativo/about/;Software e Serviços de TI;frontend OR javascript OR typescript OR html OR css OR react OR angular OR vue OR next.js OR wordpress OR (full AND stack);clickativo;1;;https://www.linkedin.com/jobs/view/4426848439/;https://www.linkedin.com/jobs/view/4426848439/;On-site;CLT/Efetivo, Mid, Full Stack;16/06/2026;Vila Velha;Espírito Santo;ES;Região Sudeste;Brasil;América do Sul
185;Code Group;Desenvolvedor(a) Full Stack .NET | React / Next.js;Grande São Paulo (SP) ;12/06 20:00;https://www.linkedin.com/jobs/view/4424890875/;https://media.licdn.com/dms/image/v2/C4E0BAQG5vstBVawMrg/company-logo_100_100/company-logo_100_100/0/1630621866889?e=1782950400&v=beta&t=DlAp8O0mV9a1wzBm5YJEANueMCQfzYw0w92u0QBeI88;-;https://www.linkedin.com/company/code-group/about/;-;frontend OR javascript OR typescript OR html OR css OR react OR angular OR vue OR next.js OR wordpress OR (full AND stack);code group;1.0;LinkedIn (Easy Apply);https://www.linkedin.com/jobs/view/4424890875/;https://www.linkedin.com/jobs/view/4424890875/;On-site;Full Stack;16/06/2026;;São Paulo;SP;Região Sudeste;Brasil;América do Sul
186;Compass UOL;React Native Desenvolvedor Mobile | Senior (Remote);Brasil;16/06 07:00;https://www.linkedin.com/jobs/view/4419123569/;https://media.licdn.com/dms/image/v2/D4D0BAQGS2dYkE6pQUA/company-logo_100_100/B4DZ2b.l4WIkAY-/0/1776438370262/compass_uol_logo?e=1782950400&v=beta&t=cz2O9zQZOuV8wPPY-3ozCLA4KGwtLkz8qbM0wicmucY;-;https://www.linkedin.com/company/compass-uol/about/;Software e Serviços de TI;frontend OR javascript OR typescript OR html OR css OR react OR angular OR vue OR next.js OR wordpress OR (full AND stack);compass uol;4.0;Gupy;https://www.linkedin.com/jobs/view/4419123569/;https://www.linkedin.com/jobs/view/4419123569/;Remote;Senior;16/06/2026;;;;;Brasil;América do Sul
187;Compass UOL;React Native Desenvolvedor Mobile | Sênior (Remote);Brasil;15/06 20:00;https://www.linkedin.com/jobs/view/4429127988/;https://media.licdn.com/dms/image/v2/D4D0BAQGS2dYkE6pQUA/company-logo_100_100/B4DZ2b.l4WIkAY-/0/1776438370262/compass_uol_logo?e=1782950400&v=beta&t=cz2O9zQZOuV8wPPY-3ozCLA4KGwtLkz8qbM0wicmucY;-;https://www.linkedin.com/company/compass-uol/about/;Software e Serviços de TI;frontend OR javascript OR typescript OR html OR css OR react OR angular OR vue OR next.js OR wordpress OR (full AND stack);compass uol;4.0;Gupy;https://www.linkedin.com/jobs/view/4429127988/;https://www.linkedin.com/jobs/view/4429127988/;Remote;Senior;16/06/2026;;;;;Brasil;América do Sul
188;Confidencial;Estagiário de T.I - Full Stack;Grande São Paulo (SP) ;12/06 20:00;https://www.linkedin.com/jobs/view/4427927192/;https://media.licdn.com/dms/image/v2/D4D0BAQGfyvxtRxsXsQ/company-logo_100_100/B4DZYGfOEcGwAQ-/0/1743865571761/novolaboratorio_logo?e=1782950400&v=beta&t=DK1V-KPWJl_E_VFMhIWcGMi7663yAUiDwm4RDDhVIYc;-;Sem URL;-;frontend OR javascript OR typescript OR html OR css OR react OR angular OR vue OR next.js OR wordpress OR (full AND stack);confidencial;2.0;LinkedIn (Easy Apply);https://www.linkedin.com/jobs/view/4427927192/;https://www.linkedin.com/jobs/view/4427927192/;On-site;Intern, Full Stack;16/06/2026;;São Paulo;SP;Região Sudeste;Brasil;América do Sul
189;Conquest One;Staff Full Stack Software Engineer – Marketing Automation & Data Pipelines;Brasil;16/06 19:00;https://www.linkedin.com/jobs/view/4429708639/;https://media.licdn.com/dms/image/v2/C4D0BAQFMtIIFjHfesg/company-logo_100_100/company-logo_100_100/0/1673058147101?e=1782950400&v=beta&t=pKp_Oq5Amror9hq5icDZYVFKlyAd98qbz8b3fq8QRro;Data & Ai > Data Engineering;https://www.linkedin.com/company/conquest-one/about/;Dados e Analytics;frontend OR javascript OR typescript OR html OR css OR react OR angular OR vue OR next.js OR wordpress OR (full AND stack);conquest one;1.0;LinkedIn (Easy Apply);https://www.linkedin.com/jobs/view/4429708639/;https://www.linkedin.com/jobs/view/4429708639/;Remote;Banco de Talentos, TI/Tech, Full Stack, Dados/Analytics, Marketing/Mídia, Engenharia Geral;16/06/2026;;;;;Brasil;América do Sul
190;Contabilizei;[Tecnologia] Desenvolvedor(a) Full Stack Sênior (Vue, Java e Kotlin);Brasil;12/06 20:00;https://www.linkedin.com/jobs/view/4418012436/;https://media.licdn.com/dms/image/v2/C4D0BAQFIobDmaNDEGg/company-logo_100_100/company-logo_100_100/0/1660682467689/contabilizei_logo?e=1782950400&v=beta&t=2M5U2qu10j94OIbJiOtdIf4ne-hixda5qd31hO7xEWY;-;https://www.linkedin.com/company/contabilizei/about/;-;frontend OR javascript OR typescript OR html OR css OR react OR angular OR vue OR next.js OR wordpress OR (full AND stack);contabilizei;1.0;Inhire;https://www.linkedin.com/jobs/view/4418012436/;https://www.linkedin.com/jobs/view/4418012436/;Remote;Senior, TI/Tech, Full Stack;16/06/2026;;;;;Brasil;América do Sul
191;CookUnity;Senior Full Stack Engineer, Personalization;América Latina;16/06 13:00;https://www.linkedin.com/jobs/view/4385959112/;https://media.licdn.com/dms/image/v2/D4E0BAQEjrrJk-lOpjQ/company-logo_100_100/B4EZ16MEywHsAQ-/0/1775871479571?e=1782950400&v=beta&t=0Ug_MymztJGar8sAf6a_Qv6YIjEsqRTwkYYT_vTiYJg;Advanced > Information Technology;https://www.linkedin.com/company/cookunity/about/;Software e Serviços de TI;frontend OR javascript OR typescript OR html OR css OR react OR angular OR vue OR next.js OR wordpress OR (full AND stack);cookunity;1.0;;https://www.linkedin.com/jobs/view/4385959112/;https://www.linkedin.com/jobs/view/4385959112/;Remote;Senior, Full Stack, Engenharia Geral;16/06/2026;;;;;;América Latina
192;CookUnity;Staff Full Stack Engineer, Horizons;América Latina;11/06 20:00;https://www.linkedin.com/jobs/view/4385948558/;https://media.licdn.com/dms/image/v2/D4E0BAQEjrrJk-lOpjQ/company-logo_100_100/B4EZ16MEywHsAQ-/0/1775871479571?e=1782950400&v=beta&t=0Ug_MymztJGar8sAf6a_Qv6YIjEsqRTwkYYT_vTiYJg;Advanced > Information Technology;https://www.linkedin.com/company/cookunity/about/;Software e Serviços de TI;frontend OR javascript OR typescript OR html OR css OR react OR angular OR vue OR next.js OR wordpress OR (full AND stack);cookunity;1.0;;https://www.linkedin.com/jobs/view/4385948558/;https://www.linkedin.com/jobs/view/4385948558/;Remote;Full Stack, Engenharia Geral;16/06/2026;;;;;;América Latina
193;Crossing Hurdles;Full Stack Engineer | Remote;América Latina;12/06 20:00;https://www.linkedin.com/jobs/view/4426915987/;https://media.licdn.com/dms/image/v2/D560BAQEGLWHBZmzzcA/company-logo_100_100/B56ZYzlx2LHEAY-/0/1744622264274/crossinghurdles_logo?e=1782950400&v=beta&t=oy_KQQpXoGqzTeSrSwzyfnbJcBg8d5Ksz3Xx0-49KfY;Advanced > Information Technology;https://www.linkedin.com/company/crossing-hurdles/about/;-;frontend OR javascript OR typescript OR html OR css OR react OR angular OR vue OR next.js OR wordpress OR (full AND stack);crossing hurdles;3.0;LinkedIn (Easy Apply);https://www.linkedin.com/jobs/view/4426915987/;https://www.linkedin.com/jobs/view/4426915987/;Remote;Full Stack, Engenharia Geral;16/06/2026;;;;;;América Latina
194;Crossing Hurdles;Software Engineer (Node.js/React) | Remote;América Latina;12/06 20:00;https://www.linkedin.com/jobs/view/4426927807/;https://media.licdn.com/dms/image/v2/D560BAQEGLWHBZmzzcA/company-logo_100_100/B56ZYzlx2LHEAY-/0/1744622264274/crossinghurdles_logo?e=1782950400&v=beta&t=oy_KQQpXoGqzTeSrSwzyfnbJcBg8d5Ksz3Xx0-49KfY;Advanced > Information Technology;https://www.linkedin.com/company/crossing-hurdles/about/;Software e Serviços de TI;frontend OR javascript OR typescript OR html OR css OR react OR angular OR vue OR next.js OR wordpress OR (full AND stack);crossing hurdles;3.0;LinkedIn (Easy Apply);https://www.linkedin.com/jobs/view/4426927807/;https://www.linkedin.com/jobs/view/4426927807/;Remote;TI/Tech, Engenharia Geral;16/06/2026;;;;;;América Latina
195;DB;Dev React Sr - Segmento Varejista;Brasil;13/06 20:00;https://www.linkedin.com/jobs/view/4425391200/;https://media.licdn.com/dms/image/v2/C4D0BAQEapSU_88x73Q/company-logo_100_100/company-logo_100_100/0/1642519070298/dbserver_logo?e=1782950400&v=beta&t=56xl_UJCmCBUPqwXEZx2jwhS8RtUMNVrEhDqrCsU_fA;Advanced > Information Technology;https://www.linkedin.com/company/db/about/;-;frontend OR javascript OR typescript OR html OR css OR react OR angular OR vue OR next.js OR wordpress OR (full AND stack);db;1.0;Gupy;https://www.linkedin.com/jobs/view/4425391200/;https://www.linkedin.com/jobs/view/4425391200/;Remote;Senior;16/06/2026;;;;;Brasil;América do Sul
196;DBC Company;Desenvolvimento Full-Stack (React) Sênior;Brasil;16/06 11:00;https://www.linkedin.com/jobs/view/4417890904/;https://media.licdn.com/dms/image/v2/C4D0BAQFszK2MGQUCUA/company-logo_100_100/company-logo_100_100/0/1668687291660?e=1782950400&v=beta&t=XP0bTl_F5rZKH0qzJCZXL3_dhNklI0LrRRIKGJPJKNA;-;https://www.linkedin.com/company/dbc-company/about/;Software e Serviços de TI;frontend OR javascript OR typescript OR html OR css OR react OR angular OR vue OR next.js OR wordpress OR (full AND stack);dbc company;1.0;Vagas.com;https://www.linkedin.com/jobs/view/4417890904/;https://www.linkedin.com/jobs/view/4417890904/;Remote;Senior, Full Stack;16/06/2026;;;;;Brasil;América do Sul
197;DBC Company;Desenvolvimento Full-Stack (React) Sênior;Brasil;16/06 11:00;https://www.linkedin.com/jobs/view/4417885950/;https://media.licdn.com/dms/image/v2/C4D0BAQFszK2MGQUCUA/company-logo_100_100/company-logo_100_100/0/1668687291660?e=1782950400&v=beta&t=XP0bTl_F5rZKH0qzJCZXL3_dhNklI0LrRRIKGJPJKNA;-;https://www.linkedin.com/company/dbc-company/about/;Software e Serviços de TI;frontend OR javascript OR typescript OR html OR css OR react OR angular OR vue OR next.js OR wordpress OR (full AND stack);dbc company;1.0;Vagas.com;https://www.linkedin.com/jobs/view/4417885950/;https://www.linkedin.com/jobs/view/4417885950/;Remote;Senior, Full Stack;16/06/2026;;;;;Brasil;América do Sul
198;DCASH CAPITAL;DESENVOLVEDOR FULL STACK;Guaramirim (SC);12/06 20:00;https://www.linkedin.com/jobs/view/4427239379/;https://media.licdn.com/dms/image/v2/D4D0BAQGIS6jKQpKtQQ/company-logo_100_100/B4DZWQV90mGcAU-/0/1741883432701/dcashcapital_logo?e=1782950400&v=beta&t=f_p8D5im0SVyhRsIBwMvl0NEayCvsf209XRhoDkV2XM;-;https://www.linkedin.com/company/dcash-capital/about/;Software e Serviços de TI;frontend OR javascript OR typescript OR html OR css OR react OR angular OR vue OR next.js OR wordpress OR (full AND stack);dcash capital;1;;https://www.linkedin.com/jobs/view/4427239379/;https://www.linkedin.com/jobs/view/4427239379/;On-site;Full Stack;16/06/2026;Guaramirim;Santa Catarina;SC;Região Sul;Brasil;América do Sul
199;DS3 Digital;Desenvolvedor Angular;Brasil;11/06 20:00;https://www.linkedin.com/jobs/view/4427570589/;https://media.licdn.com/dms/image/v2/D4E0BAQEV_M0RDJciew/company-logo_100_100/B4EZ1JyLAoHUAQ-/0/1775059382763/ds3_digital_dynamic_software_servios_e_solues_ltda_logo?e=1782950400&v=beta&t=vOWWmMbctyi-VId_tioFFIMnW9jR5jj5pNTQmXzuGqc;-;https://www.linkedin.com/company/ds3-digital/about/;Software e Serviços de TI;frontend OR javascript OR typescript OR html OR css OR react OR angular OR vue OR next.js OR wordpress OR (full AND stack);ds3 digital;1;;https://www.linkedin.com/jobs/view/4427570589/;https://www.linkedin.com/jobs/view/4427570589/;Remote;-;16/06/2026;;;;;Brasil;América do Sul
200;DataAnnotation;Frontend Developer - AI Trainer;Brasil;11/06 20:00;https://www.linkedin.com/jobs/view/4408506930/;https://media.licdn.com/dms/image/v2/D560BAQF5Szmp2n9lHg/company-logo_100_100/B56Z1Jp7eZKkAQ-/0/1775057222082/dataannotationtech_logo?e=1782950400&v=beta&t=vv52esAibNvoY1EBc67xsz2A89H8H1KLrf3AyWvFJ9s;Advanced > Information Technology;https://www.linkedin.com/company/dataannotation/about/;Dados e Analytics;frontend OR javascript OR typescript OR html OR css OR react OR angular OR vue OR next.js OR wordpress OR (full AND stack);dataannotation;1.0;;https://www.linkedin.com/jobs/view/4408506930/;https://www.linkedin.com/jobs/view/4408506930/;Remote;Inteligência Artificial, Frontend;16/06/2026;;;;;Brasil;América do Sul
201;DataAnnotation;Full Stack Developer - AI Trainer;Brasil;12/06 20:00;https://www.linkedin.com/jobs/view/4408516254/;https://media.licdn.com/dms/image/v2/D560BAQF5Szmp2n9lHg/company-logo_100_100/B56Z1Jp7eZKkAQ-/0/1775057222082/dataannotationtech_logo?e=1782950400&v=beta&t=vv52esAibNvoY1EBc67xsz2A89H8H1KLrf3AyWvFJ9s;Advanced > Information Technology;https://www.linkedin.com/company/dataannotation/about/;Dados e Analytics;frontend OR javascript OR typescript OR html OR css OR react OR angular OR vue OR next.js OR wordpress OR (full AND stack);dataannotation;1.0;;https://www.linkedin.com/jobs/view/4408516254/;https://www.linkedin.com/jobs/view/4408516254/;Remote;Inteligência Artificial, Full Stack;16/06/2026;;;;;Brasil;América do Sul
202;Deal;Desenvolvedor Frontend Angular Sênior;Brasil;11/06 20:00;https://www.linkedin.com/jobs/view/4426648145/;https://media.licdn.com/dms/image/v2/D4D0BAQGhr-XGA1-ldQ/company-logo_100_100/company-logo_100_100/0/1709293857040/deal_logo?e=1782950400&v=beta&t=a689nT4yWYg5mg_v2Apbq1bbCo6C59fufte_xBX6xXM;-;https://www.linkedin.com/company/deal/about/;-;frontend OR javascript OR typescript OR html OR css OR react OR angular OR vue OR next.js OR wordpress OR (full AND stack);deal;1.0;Inhire;https://www.linkedin.com/jobs/view/4426648145/;https://www.linkedin.com/jobs/view/4426648145/;Remote;Senior, Frontend;16/06/2026;;;;;Brasil;América do Sul
203;Dev.Pro;Senior Software Engineer (Node.js, React.js) - OP02162;São Paulo (SP);11/06 20:00;https://www.linkedin.com/jobs/view/4427176904/;https://media.licdn.com/dms/image/v2/C4D0BAQFn2opu_8IJJQ/company-logo_100_100/company-logo_100_100/0/1651225884624/dev_pro_logo?e=1782950400&v=beta&t=i48_Qk7vFKzCZn8ytXnEQps7G66ohH2w7yTA99PP7EU;Advanced > Information Technology;https://www.linkedin.com/company/dev-pro/about/;Software e Serviços de TI;frontend OR javascript OR typescript OR html OR css OR react OR angular OR vue OR next.js OR wordpress OR (full AND stack);dev.pro;1.0;LinkedIn (Easy Apply);https://www.linkedin.com/jobs/view/4427176904/;https://www.linkedin.com/jobs/view/4427176904/;Remote;Senior, TI/Tech, Engenharia Geral;16/06/2026;São Paulo;São Paulo;SP;Região Sudeste;Brasil;América do Sul
204;Diagonal;Desenvolvedor Full-Stack Sênior (Foco em Nodejs) 🧡;São Paulo (SP);12/06 20:00;https://www.linkedin.com/jobs/view/4425318699/;https://media.licdn.com/dms/image/v2/D4D0BAQHAuktkpZqyFQ/company-logo_100_100/B4DZvCl._ZIAAQ-/0/1768496296434/diagonalsocial_logo?e=1782950400&v=beta&t=KyKEqo2HDaHJKRmzkyWdoUmVxKLP-GYLT69DLlMVKHA;-;https://www.linkedin.com/company/diagonal/about/;-;frontend OR javascript OR typescript OR html OR css OR react OR angular OR vue OR next.js OR wordpress OR (full AND stack);diagonal;1.0;Gupy;https://www.linkedin.com/jobs/view/4425318699/;https://www.linkedin.com/jobs/view/4425318699/;Remote;Senior, Full Stack;16/06/2026;São Paulo;São Paulo;SP;Região Sudeste;Brasil;América do Sul
205;EMPREGARE.com;Engenheiro Full Stack;Brasília (DF);12/06 20:00;https://www.linkedin.com/jobs/view/4428155256/;https://media.licdn.com/dms/image/v2/D4D0BAQHkp4q37XiHKg/company-logo_100_100/company-logo_100_100/0/1665808911711/empregare_com_logo?e=1782950400&v=beta&t=2tOyXeMBPAIoxQDFaKWtIpVm0luDtqBQE1n1qwbRi58;-;https://www.linkedin.com/company/empregare-com/about/;-;frontend OR javascript OR typescript OR html OR css OR react OR angular OR vue OR next.js OR wordpress OR (full AND stack);empregare.com;1;;https://www.linkedin.com/jobs/view/4428155256/;https://www.linkedin.com/jobs/view/4428155256/;Hybrid;Full Stack;16/06/2026;;Distrito Federal;DF;Região Centro-Oeste;Brasil;América do Sul
206;EPAM Systems;Lead Full-Stack Developer (.NET, Angular, AWS Cloud Native);Brasil;11/06 20:00;https://www.linkedin.com/jobs/view/4423127629/;https://media.licdn.com/dms/image/v2/D4D0BAQGd7yeYsBtfzw/company-logo_100_100/B4DZuc0QBQH4AQ-/0/1767862501956/epam_systems_logo?e=1782950400&v=beta&t=Iyok9ILDTsdLoWk2O9vb8HFMxFR-8_eoZntouiewxfg;Specific > Cloud;https://www.linkedin.com/company/epam-systems/about/;Software e Serviços de TI;frontend OR javascript OR typescript OR html OR css OR react OR angular OR vue OR next.js OR wordpress OR (full AND stack);epam systems;1.0;careers.epam.com;https://www.linkedin.com/jobs/view/4423127629/;https://www.linkedin.com/jobs/view/4423127629/;Remote;Mid, Liderança/Gerência, Cloud (AWS/GCP/Azure), Full Stack;16/06/2026;;;;;Brasil;América do Sul
207;EPAM Systems;Lead SDET (Software Development Engineer in Test) - JS/TypeScript/Playwright;Brasil;12/06 20:00;https://www.linkedin.com/jobs/view/4424885037/;https://media.licdn.com/dms/image/v2/D4D0BAQGd7yeYsBtfzw/company-logo_100_100/B4DZuc0QBQH4AQ-/0/1767862501956/epam_systems_logo?e=1782950400&v=beta&t=Iyok9ILDTsdLoWk2O9vb8HFMxFR-8_eoZntouiewxfg;Middle > Manager;https://www.linkedin.com/company/epam-systems/about/;Software e Serviços de TI;frontend OR javascript OR typescript OR html OR css OR react OR angular OR vue OR next.js OR wordpress OR (full AND stack);epam systems;1.0;careers.epam.com;https://www.linkedin.com/jobs/view/4424885037/;https://www.linkedin.com/jobs/view/4424885037/;Remote;Mid, Liderança/Gerência, TI/Tech, Engenharia Geral, Testes / QA;16/06/2026;;;;;Brasil;América do Sul
208;EPAM Systems;Lead SDET (Software Development Engineer in Test) - JS/TypeScript/Playwright;Brasil;10/06 20:00;https://www.linkedin.com/jobs/view/4423133998/;https://media.licdn.com/dms/image/v2/D4D0BAQGd7yeYsBtfzw/company-logo_100_100/B4DZuc0QBQH4AQ-/0/1767862501956/epam_systems_logo?e=1782950400&v=beta&t=Iyok9ILDTsdLoWk2O9vb8HFMxFR-8_eoZntouiewxfg;Middle > Manager;https://www.linkedin.com/company/epam-systems/about/;Software e Serviços de TI;frontend OR javascript OR typescript OR html OR css OR react OR angular OR vue OR next.js OR wordpress OR (full AND stack);epam systems;1.0;careers.epam.com;https://www.linkedin.com/jobs/view/4423133998/;https://www.linkedin.com/jobs/view/4423133998/;Remote;Mid, Liderança/Gerência, TI/Tech, Engenharia Geral, Testes / QA;16/06/2026;;;;;Brasil;América do Sul
209;EPAM Systems;Senior Full-Stack Developer (.NET, Angular, AWS Cloud Native);Brasil;10/06 20:00;https://www.linkedin.com/jobs/view/4423131548/;https://media.licdn.com/dms/image/v2/D4D0BAQGd7yeYsBtfzw/company-logo_100_100/B4DZuc0QBQH4AQ-/0/1767862501956/epam_systems_logo?e=1782950400&v=beta&t=Iyok9ILDTsdLoWk2O9vb8HFMxFR-8_eoZntouiewxfg;Specific > Cloud;https://www.linkedin.com/company/epam-systems/about/;Software e Serviços de TI;frontend OR javascript OR typescript OR html OR css OR react OR angular OR vue OR next.js OR wordpress OR (full AND stack);epam systems;1.0;careers.epam.com;https://www.linkedin.com/jobs/view/4423131548/;https://www.linkedin.com/jobs/view/4423131548/;Remote;Senior, Cloud (AWS/GCP/Azure), Full Stack;16/06/2026;;;;;Brasil;América do Sul
210;EPAM Systems;Senior SDET (Software Development Engineer in Test) - JS/TypeScript/Playwright;Brasil;12/06 20:00;https://www.linkedin.com/jobs/view/4424878202/;https://media.licdn.com/dms/image/v2/D4D0BAQGd7yeYsBtfzw/company-logo_100_100/B4DZuc0QBQH4AQ-/0/1767862501956/epam_systems_logo?e=1782950400&v=beta&t=Iyok9ILDTsdLoWk2O9vb8HFMxFR-8_eoZntouiewxfg;Advanced > Information Technology;https://www.linkedin.com/company/epam-systems/about/;Software e Serviços de TI;frontend OR javascript OR typescript OR html OR css OR react OR angular OR vue OR next.js OR wordpress OR (full AND stack);epam systems;1.0;careers.epam.com;https://www.linkedin.com/jobs/view/4424878202/;https://www.linkedin.com/jobs/view/4424878202/;Remote;Senior, TI/Tech, Engenharia Geral, Testes / QA;16/06/2026;;;;;Brasil;América do Sul
211;EPAM Systems;Senior SDET (Software Development Engineer in Test) - JS/TypeScript/Playwright;Brasil;10/06 20:00;https://www.linkedin.com/jobs/view/4423156002/;https://media.licdn.com/dms/image/v2/D4D0BAQGd7yeYsBtfzw/company-logo_100_100/B4DZuc0QBQH4AQ-/0/1767862501956/epam_systems_logo?e=1782950400&v=beta&t=Iyok9ILDTsdLoWk2O9vb8HFMxFR-8_eoZntouiewxfg;Advanced > Information Technology;https://www.linkedin.com/company/epam-systems/about/;Software e Serviços de TI;frontend OR javascript OR typescript OR html OR css OR react OR angular OR vue OR next.js OR wordpress OR (full AND stack);epam systems;1.0;careers.epam.com;https://www.linkedin.com/jobs/view/4423156002/;https://www.linkedin.com/jobs/view/4423156002/;Remote;Senior, TI/Tech, Engenharia Geral, Testes / QA;16/06/2026;;;;;Brasil;América do Sul
212;EcommIT Integrated Solutions;Desenvolvedor frontend React Sênior;SP;15/06 20:00;https://www.linkedin.com/jobs/view/4426434079/;https://media.licdn.com/dms/image/v2/C4D0BAQGxeDCGAjXetA/company-logo_100_100/company-logo_100_100/0/1663097823183/ecommit_integrated_solutions_logo?e=1782950400&v=beta&t=1BUgD5WNOE-hmoId8mGMpIQwh10EF9osOiQ74sTDB2A;-;https://www.linkedin.com/company/ecommit-integrated-solutions/about/;Software e Serviços de TI;frontend OR javascript OR typescript OR html OR css OR react OR angular OR vue OR next.js OR wordpress OR (full AND stack);ecommit integrated solutions;1.0;LinkedIn (Easy Apply);https://www.linkedin.com/jobs/view/4426434079/;https://www.linkedin.com/jobs/view/4426434079/;Hybrid;Senior, Frontend;16/06/2026;;São Paulo;SP;Região Sudeste;Brasil;América do Sul
213;Edelman Intelligence;Full Stack Developer;Brasília (DF);16/06 07:00;https://www.linkedin.com/jobs/view/4410067387/;https://media.licdn.com/dms/image/v2/D4E0BAQEAWWew1BBvVA/company-logo_100_100/B4EZ5FY9TbJMAI-/0/1779280631305/edelman_intel_logo?e=1782950400&v=beta&t=WXe_endg23Gz26A6WHHgU1U5sczi60PsuU35mKsyKSs;Advanced > Information Technology;https://www.linkedin.com/company/edelman-intelligence/about/;Hardware e Eletrônicos;frontend OR javascript OR typescript OR html OR css OR react OR angular OR vue OR next.js OR wordpress OR (full AND stack);edelman intelligence;1;;https://www.linkedin.com/jobs/view/4410067387/;https://www.linkedin.com/jobs/view/4410067387/;Remote;Full Stack;16/06/2026;;Distrito Federal;DF;Região Centro-Oeste;Brasil;América do Sul
214;Einstein Hospital Israelita;Desenvolvedor(a) Pl Mobile (Flutter + React Native);São Paulo (SP);15/06 20:00;https://www.linkedin.com/jobs/view/4426424357/;https://media.licdn.com/dms/image/v2/D4D0BAQHVHlWGcHUwXQ/company-logo_100_100/B4DZ6DDn5pJ4AM-/0/1780315225938/einstein_hospital_israelita_logo?e=1782950400&v=beta&t=TnSTFON4XjTnWw22sTKtRrs4cho2TYYanUf-KSiARHg;-;https://www.linkedin.com/company/einstein-hospital-israelita/about/;Saúde e Hospitais;frontend OR javascript OR typescript OR html OR css OR react OR angular OR vue OR next.js OR wordpress OR (full AND stack);einstein hospital israelita;1.0;SuccessFactors (SAP);https://www.linkedin.com/jobs/view/4426424357/;https://www.linkedin.com/jobs/view/4426424357/;Hybrid;Mid;16/06/2026;São Paulo;São Paulo;SP;Região Sudeste;Brasil;América do Sul
215;Einstein Hospital Israelita;Oportunidades de Carreira: Desenvolvedor(a) Pl Mobile (Flutter + React Native) - Faria Lima (1312980);São Paulo (SP);15/06 20:00;https://www.linkedin.com/jobs/view/4427764367/;https://media.licdn.com/dms/image/v2/D4D0BAQHVHlWGcHUwXQ/company-logo_100_100/B4DZ6DDn5pJ4AM-/0/1780315225938/einstein_hospital_israelita_logo?e=1782950400&v=beta&t=TnSTFON4XjTnWw22sTKtRrs4cho2TYYanUf-KSiARHg;-;https://www.linkedin.com/company/einstein-hospital-israelita/about/;Saúde e Hospitais;frontend OR javascript OR typescript OR html OR css OR react OR angular OR vue OR next.js OR wordpress OR (full AND stack);einstein hospital israelita;1.0;SuccessFactors (SAP);https://www.linkedin.com/jobs/view/4427764367/;https://www.linkedin.com/jobs/view/4427764367/;Hybrid;Mid;16/06/2026;São Paulo;São Paulo;SP;Região Sudeste;Brasil;América do Sul
216;Essentia Group - Enhanced Company;Desenvolvedor(a) Full Stack Pleno - Presencial;Palhoça (SC);16/06 14:00;https://www.linkedin.com/jobs/view/4426854436/;https://media.licdn.com/dms/image/v2/D4D0BAQGW21sIJa82eQ/company-logo_100_100/B4DZoRMITtGkAU-/0/1761224984488/grupoessentia_logo?e=1782950400&v=beta&t=g82B24grMiUsyflfbh_wV0QaUUg9OKR_EOl-iGqYyBM;-;https://www.linkedin.com/company/essentia-group-enhanced-company/about/;Software e Serviços de TI;frontend OR javascript OR typescript OR html OR css OR react OR angular OR vue OR next.js OR wordpress OR (full AND stack);essentia group - enhanced company;1.0;Gupy;https://www.linkedin.com/jobs/view/4426854436/;https://www.linkedin.com/jobs/view/4426854436/;On-site;Mid, Full Stack;16/06/2026;Palhoça;Santa Catarina;SC;Região Sul;Brasil;América do Sul
217;Essentia Group - Enhanced Company;Desenvolvedor(a) Full Stack SR - Presencial;Palhoça (SC);10/06 20:00;https://www.linkedin.com/jobs/view/4423181380/;https://media.licdn.com/dms/image/v2/D4D0BAQGW21sIJa82eQ/company-logo_100_100/B4DZoRMITtGkAU-/0/1761224984488/grupoessentia_logo?e=1782950400&v=beta&t=g82B24grMiUsyflfbh_wV0QaUUg9OKR_EOl-iGqYyBM;-;https://www.linkedin.com/company/essentia-group-enhanced-company/about/;Software e Serviços de TI;frontend OR javascript OR typescript OR html OR css OR react OR angular OR vue OR next.js OR wordpress OR (full AND stack);essentia group - enhanced company;1.0;Gupy;https://www.linkedin.com/jobs/view/4423181380/;https://www.linkedin.com/jobs/view/4423181380/;On-site;Senior, Full Stack;16/06/2026;Palhoça;Santa Catarina;SC;Região Sul;Brasil;América do Sul
218;Essentia Group - Enhanced Company;Desenvolvedor(a) Mobile – React Native (Presencial);Palhoça (SC);10/06 20:00;https://www.linkedin.com/jobs/view/4423183368/;https://media.licdn.com/dms/image/v2/D4D0BAQGW21sIJa82eQ/company-logo_100_100/B4DZoRMITtGkAU-/0/1761224984488/grupoessentia_logo?e=1782950400&v=beta&t=g82B24grMiUsyflfbh_wV0QaUUg9OKR_EOl-iGqYyBM;-;https://www.linkedin.com/company/essentia-group-enhanced-company/about/;Software e Serviços de TI;frontend OR javascript OR typescript OR html OR css OR react OR angular OR vue OR next.js OR wordpress OR (full AND stack);essentia group - enhanced company;1.0;Gupy;https://www.linkedin.com/jobs/view/4423183368/;https://www.linkedin.com/jobs/view/4423183368/;On-site;-;16/06/2026;Palhoça;Santa Catarina;SC;Região Sul;Brasil;América do Sul
219;Etho IT Solutions;Desenvolvedor Angular;Brasil;15/06 20:00;https://www.linkedin.com/jobs/view/4425777994/;https://media.licdn.com/dms/image/v2/D4D0BAQGfE13llW7vrQ/company-logo_100_100/company-logo_100_100/0/1685362381343?e=1782950400&v=beta&t=ip70AS7xuu955OYruWkyG-SL3QAlPPZqbfroALD5ckI;-;https://www.linkedin.com/company/etho-it-solutions/about/;Software e Serviços de TI;frontend OR javascript OR typescript OR html OR css OR react OR angular OR vue OR next.js OR wordpress OR (full AND stack);etho it solutions;1;;https://www.linkedin.com/jobs/view/4425777994/;https://www.linkedin.com/jobs/view/4425777994/;Remote;-;16/06/2026;;;;;Brasil;América do Sul
220;Evertec Brasil;Engenheiro de Software PL | Fullstack (Java e Angular);Grande São Paulo (SP) ;10/06 20:00;https://www.linkedin.com/jobs/view/4423134551/;https://media.licdn.com/dms/image/v2/D4D0BAQGG_PyIEk0O0w/company-logo_100_100/B4DZfW8646GkAU-/0/1751657983926/evertecbr_logo?e=1782950400&v=beta&t=GNwyCCYnNafOqi6Prf7SN18kNVmTsqVu_QpTmLxKeJw;-;https://www.linkedin.com/company/evertec-brasil/about/;Software e Serviços de TI;frontend OR javascript OR typescript OR html OR css OR react OR angular OR vue OR next.js OR wordpress OR (full AND stack);evertec brasil;1.0;Quickin;https://www.linkedin.com/jobs/view/4423134551/;https://www.linkedin.com/jobs/view/4423134551/;Hybrid;Mid, TI/Tech, Full Stack;16/06/2026;;São Paulo;SP;Região Sudeste;Brasil;América do Sul
221;Extractta;Líder Técnico (.NET / Angular) - Seguros de Vida (Híbrido SP);São Paulo (SP);16/06 08:00;https://www.linkedin.com/jobs/view/4429252356/;https://media.licdn.com/dms/image/v2/D4D0BAQHwFAOUomXy6w/company-logo_100_100/B4DZ6sozepIYAI-/0/1781012838716/extractta_logo?e=1782950400&v=beta&t=27tE2m5VPjxI6T2KmrevldMMDvatBTIt5gWOTg-fFIQ;-;https://www.linkedin.com/company/extractta/about/;Seguros e Previdência;frontend OR javascript OR typescript OR html OR css OR react OR angular OR vue OR next.js OR wordpress OR (full AND stack);extractta;1.0;Gupy;https://www.linkedin.com/jobs/view/4429252356/;https://www.linkedin.com/jobs/view/4429252356/;Hybrid;Mid, Liderança/Gerência, Coach;16/06/2026;São Paulo;São Paulo;SP;Região Sudeste;Brasil;América do Sul
222;Extreme Digital Solutions - EDS;Desenvolvedor III - Python/Javascript - Goiania;Goiânia (GO);15/06 20:00;https://www.linkedin.com/jobs/view/4429146047/;https://media.licdn.com/dms/image/v2/D4D0BAQGlkyJOKvz6WQ/company-logo_100_100/company-logo_100_100/0/1718300941618/extremedigitalsolutions_logo?e=1782950400&v=beta&t=vmcWwfByovkx816oxNLcG0Mg2HG2CvYYSLiEbI5QAaI;-;https://www.linkedin.com/company/extreme-digital-solutions-eds/about/;Software e Serviços de TI;frontend OR javascript OR typescript OR html OR css OR react OR angular OR vue OR next.js OR wordpress OR (full AND stack);extreme digital solutions - eds;1;;https://www.linkedin.com/jobs/view/4429146047/;https://www.linkedin.com/jobs/view/4429146047/;Hybrid;-;16/06/2026;Goiânia;Goiás;GO;Região Centro-Oeste;Brasil;América do Sul
223;F1RST Digital Services;IT Analyst III (Fullstack - React e Java);São Paulo (SP);10/06 20:00;https://www.linkedin.com/jobs/view/4416946022/;https://media.licdn.com/dms/image/v2/D4D0BAQER-V0vPNAbWg/company-logo_100_100/B4DZgepQ4XG8AQ-/0/1752860790963?e=1782950400&v=beta&t=A707N-xv1CxdMseitlwS4ngN8sm-7cw5l1fwjR-014I;Advanced > Specialist;https://www.linkedin.com/company/f1rst-digital-services/about/;Software e Serviços de TI;frontend OR javascript OR typescript OR html OR css OR react OR angular OR vue OR next.js OR wordpress OR (full AND stack);f1rst digital services;1.0;Workday;https://www.linkedin.com/jobs/view/4416946022/;https://www.linkedin.com/jobs/view/4416946022/;Hybrid;Full Stack;16/06/2026;São Paulo;São Paulo;SP;Região Sudeste;Brasil;América do Sul
224;FCamara;Banco de Talentos | Desenvolvedor Fullstack Sênior (Node/React);Brasil;11/06 20:00;https://www.linkedin.com/jobs/view/4306218131/;https://media.licdn.com/dms/image/v2/C4D0BAQEzMzmY-T_F1g/company-logo_100_100/company-logo_100_100/0/1670441718552/grupofcamara_logo?e=1782950400&v=beta&t=qZf7740OttYd-dpk4Psnnxe_k10YhwSW7J7zgN4Ap4o;People;https://www.linkedin.com/company/fcamara/about/;Serviços Financeiros;frontend OR javascript OR typescript OR html OR css OR react OR angular OR vue OR next.js OR wordpress OR (full AND stack);fcamara;1.0;Gupy;https://www.linkedin.com/jobs/view/4306218131/;https://www.linkedin.com/jobs/view/4306218131/;Remote;Banco de Talentos, Senior, Full Stack;16/06/2026;;;;;Brasil;América do Sul
225;FCamara;Desenvolvedor Fullstack .NET / React - Pleno;São Paulo (SP);13/06 20:00;https://www.linkedin.com/jobs/view/4418480111/;https://media.licdn.com/dms/image/v2/C4D0BAQEzMzmY-T_F1g/company-logo_100_100/company-logo_100_100/0/1670441718552/grupofcamara_logo?e=1782950400&v=beta&t=qZf7740OttYd-dpk4Psnnxe_k10YhwSW7J7zgN4Ap4o;-;https://www.linkedin.com/company/fcamara/about/;-;frontend OR javascript OR typescript OR html OR css OR react OR angular OR vue OR next.js OR wordpress OR (full AND stack);fcamara;1.0;Gupy;https://www.linkedin.com/jobs/view/4418480111/;https://www.linkedin.com/jobs/view/4418480111/;Hybrid;Mid, Full Stack;16/06/2026;São Paulo;São Paulo;SP;Região Sudeste;Brasil;América do Sul
226;FCamara;Desenvolvedor Fullstack .NET / React - Pleno;São Paulo (SP);13/06 20:00;https://www.linkedin.com/jobs/view/4418465623/;https://media.licdn.com/dms/image/v2/C4D0BAQEzMzmY-T_F1g/company-logo_100_100/company-logo_100_100/0/1670441718552/grupofcamara_logo?e=1782950400&v=beta&t=qZf7740OttYd-dpk4Psnnxe_k10YhwSW7J7zgN4Ap4o;-;https://www.linkedin.com/company/fcamara/about/;-;frontend OR javascript OR typescript OR html OR css OR react OR angular OR vue OR next.js OR wordpress OR (full AND stack);fcamara;1.0;Gupy;https://www.linkedin.com/jobs/view/4418465623/;https://www.linkedin.com/jobs/view/4418465623/;Hybrid;Mid, Full Stack;16/06/2026;São Paulo;São Paulo;SP;Região Sudeste;Brasil;América do Sul
227;FCamara;Pessoa Desenvolvedora FullStack .NET e Angular 2+ ou React - Pleno;São Paulo (SP);12/06 20:00;https://www.linkedin.com/jobs/view/4408706823/;https://media.licdn.com/dms/image/v2/C4D0BAQEzMzmY-T_F1g/company-logo_100_100/company-logo_100_100/0/1670441718552/grupofcamara_logo?e=1782950400&v=beta&t=qZf7740OttYd-dpk4Psnnxe_k10YhwSW7J7zgN4Ap4o;-;https://www.linkedin.com/company/fcamara/about/;-;frontend OR javascript OR typescript OR html OR css OR react OR angular OR vue OR next.js OR wordpress OR (full AND stack);fcamara;1.0;Gupy;https://www.linkedin.com/jobs/view/4408706823/;https://www.linkedin.com/jobs/view/4408706823/;Hybrid;PCD / Afirmativa, Mid, Full Stack;16/06/2026;São Paulo;São Paulo;SP;Região Sudeste;Brasil;América do Sul
228;FCamara;Pessoa Desenvolvedora FullStack .NET e Angular 2+ ou React - Pleno;São Paulo (SP);11/06 20:00;https://www.linkedin.com/jobs/view/4408725328/;https://media.licdn.com/dms/image/v2/C4D0BAQEzMzmY-T_F1g/company-logo_100_100/company-logo_100_100/0/1670441718552/grupofcamara_logo?e=1782950400&v=beta&t=qZf7740OttYd-dpk4Psnnxe_k10YhwSW7J7zgN4Ap4o;-;https://www.linkedin.com/company/fcamara/about/;-;frontend OR javascript OR typescript OR html OR css OR react OR angular OR vue OR next.js OR wordpress OR (full AND stack);fcamara;1.0;Gupy;https://www.linkedin.com/jobs/view/4408725328/;https://www.linkedin.com/jobs/view/4408725328/;Hybrid;PCD / Afirmativa, Mid, Full Stack;16/06/2026;São Paulo;São Paulo;SP;Região Sudeste;Brasil;América do Sul
229;FEI;Full Stack Pleno;São Bernardo do Campo (SP);15/06 20:00;https://www.linkedin.com/jobs/view/4428817855/;https://media.licdn.com/dms/image/v2/C4E0BAQE9FyK2CsdSNQ/company-logo_100_100/company-logo_100_100/0/1638996512676/fei_online_logo?e=1782950400&v=beta&t=CVz8OXoengaK4kXpX-SxvXC8AnpmSXghhr9I6_7xjqs;-;https://www.linkedin.com/company/fei/about/;-;frontend OR javascript OR typescript OR html OR css OR react OR angular OR vue OR next.js OR wordpress OR (full AND stack);fei;1;;https://www.linkedin.com/jobs/view/4428817855/;https://www.linkedin.com/jobs/view/4428817855/;On-site;Mid, Full Stack;16/06/2026;São Bernardo do Campo;São Paulo;SP;Região Sudeste;Brasil;América do Sul
230;FIAP;Professor(a) Graduação TDS (RJ) - Frontend Design Engineering;Brasil;12/06 20:00;https://www.linkedin.com/jobs/view/4417784598/;https://media.licdn.com/dms/image/v2/D4D0BAQGWrQt1XOEiPw/company-logo_100_100/B4DZbGkZaBGwAQ-/0/1747088152588/fiap_logo?e=1782950400&v=beta&t=iT4MMJkHLTOuMyY0MdRcZyi_Ayxlrtfq9Tdn6eaL3gE;Advanced > Information Technology;https://www.linkedin.com/company/fiap/about/;-;frontend OR javascript OR typescript OR html OR css OR react OR angular OR vue OR next.js OR wordpress OR (full AND stack);fiap;1.0;Inhire;https://www.linkedin.com/jobs/view/4417784598/;https://www.linkedin.com/jobs/view/4417784598/;Remote;Frontend, Engenharia Geral;16/06/2026;;;;;Brasil;América do Sul
231;FIAP;Professor(a) de Graduação -  FrontEnd Design (Porto Alegre);Grande Porto Alegre (RS);11/06 20:00;https://www.linkedin.com/jobs/view/4417438046/;https://media.licdn.com/dms/image/v2/D4D0BAQGWrQt1XOEiPw/company-logo_100_100/B4DZbGkZaBGwAQ-/0/1747088152588/fiap_logo?e=1782950400&v=beta&t=iT4MMJkHLTOuMyY0MdRcZyi_Ayxlrtfq9Tdn6eaL3gE;-;https://www.linkedin.com/company/fiap/about/;-;frontend OR javascript OR typescript OR html OR css OR react OR angular OR vue OR next.js OR wordpress OR (full AND stack);fiap;1.0;Inhire;https://www.linkedin.com/jobs/view/4417438046/;https://www.linkedin.com/jobs/view/4417438046/;On-site;Frontend;16/06/2026;;Rio Grande do Sul;RS;Região Sul;Brasil;América do Sul
232;FIAP;Professor(a) Graduação - FrontEnd Design (Rio de Janeiro);Rio de Janeiro (RJ);11/06 20:00;https://www.linkedin.com/jobs/view/4417417954/;https://media.licdn.com/dms/image/v2/D4D0BAQGWrQt1XOEiPw/company-logo_100_100/B4DZbGkZaBGwAQ-/0/1747088152588/fiap_logo?e=1782950400&v=beta&t=iT4MMJkHLTOuMyY0MdRcZyi_Ayxlrtfq9Tdn6eaL3gE;-;https://www.linkedin.com/company/fiap/about/;-;frontend OR javascript OR typescript OR html OR css OR react OR angular OR vue OR next.js OR wordpress OR (full AND stack);fiap;1.0;Inhire;https://www.linkedin.com/jobs/view/4417417954/;https://www.linkedin.com/jobs/view/4417417954/;On-site;Frontend;16/06/2026;Rio de Janeiro;Rio de Janeiro;RJ;Região Sudeste;Brasil;América do Sul
233;FIAP;Professor(a) de Graduação - FrontEnd Design;São Paulo (SP);11/06 20:00;https://www.linkedin.com/jobs/view/4417436194/;https://media.licdn.com/dms/image/v2/D4D0BAQGWrQt1XOEiPw/company-logo_100_100/B4DZbGkZaBGwAQ-/0/1747088152588/fiap_logo?e=1782950400&v=beta&t=iT4MMJkHLTOuMyY0MdRcZyi_Ayxlrtfq9Tdn6eaL3gE;-;https://www.linkedin.com/company/fiap/about/;-;frontend OR javascript OR typescript OR html OR css OR react OR angular OR vue OR next.js OR wordpress OR (full AND stack);fiap;1.0;Inhire;https://www.linkedin.com/jobs/view/4417436194/;https://www.linkedin.com/jobs/view/4417436194/;On-site;Frontend;16/06/2026;São Paulo;São Paulo;SP;Região Sudeste;Brasil;América do Sul
234;FKD Creators;Desenvolvedor(a) Full-stack + QA/Testes (TypeScript);Brasília (DF);15/06 20:00;https://www.linkedin.com/jobs/view/4426417569/;https://media.licdn.com/dms/image/v2/D4E0BAQH067F48NTcUA/company-logo_100_100/B4EZ4XskOAJMAM-/0/1778514019502/fkd_influencers_logo?e=1782950400&v=beta&t=j0FUSBLRq095DpsxvIlGPTfC14zZn_eTallieMefTuA;-;https://www.linkedin.com/company/fkd-creators/about/;-;frontend OR javascript OR typescript OR html OR css OR react OR angular OR vue OR next.js OR wordpress OR (full AND stack);fkd creators;1;;https://www.linkedin.com/jobs/view/4426417569/;https://www.linkedin.com/jobs/view/4426417569/;Hybrid;Full Stack, Testes / QA;16/06/2026;;Distrito Federal;DF;Região Centro-Oeste;Brasil;América do Sul
235;FOURSYS;Desenvolvedor Fullstack Ruby e React Sênior;Brasil;16/06 13:00;https://www.linkedin.com/jobs/view/4429555050/;https://media.licdn.com/dms/image/v2/D4D0BAQF6qlnhGHoVZw/company-logo_100_100/B4DZmb3QnoGsAQ-/0/1759256578947/foursys_logo?e=1782950400&v=beta&t=--uSxOthigZjMgpZIZElcDdyFwaAIXriaTRc9LcA1K4;-;https://www.linkedin.com/company/foursys/about/;-;frontend OR javascript OR typescript OR html OR css OR react OR angular OR vue OR next.js OR wordpress OR (full AND stack);foursys;1.0;LinkedIn (Easy Apply);https://www.linkedin.com/jobs/view/4429555050/;https://www.linkedin.com/jobs/view/4429555050/;Remote;Senior, Full Stack;16/06/2026;;;;;Brasil;América do Sul
236;FaberSoft Tecnologia;Desenvolvedor(a) Fullstack Jr (React / Node.js) – PJ | AI-First;São José dos Campos (SP);15/06 20:00;https://www.linkedin.com/jobs/view/4424864903/;https://media.licdn.com/dms/image/v2/D4D0BAQHoT9etKn5bcA/company-logo_100_100/company-logo_100_100/0/1685043931847/fabersoft_logo?e=1782950400&v=beta&t=Au-pEDqeuiXOgw8mvA7cvXkDHmwENrCTpCPZuvhceg4;-;https://www.linkedin.com/company/fabersoft-tecnologia/about/;Inteligência Artificial;frontend OR javascript OR typescript OR html OR css OR react OR angular OR vue OR next.js OR wordpress OR (full AND stack);fabersoft tecnologia;1.0;;https://www.linkedin.com/jobs/view/4424864903/;https://www.linkedin.com/jobs/view/4424864903/;Hybrid;Inteligência Artificial, Freelance/PJ, Junior, Full Stack;16/06/2026;São José dos Campos;São Paulo;SP;Região Sudeste;Brasil;América do Sul
237;Febracis - Escola de Negócios;Desenvolvedor CRM / Salesforce Full Stack (Pleno);Santana de Parnaíba (SP);16/06 13:00;https://www.linkedin.com/jobs/view/4426865146/;https://media.licdn.com/dms/image/v2/D4D0BAQG9t9AU6CTxww/company-logo_100_100/company-logo_100_100/0/1682432715230/febracis_coaching_logo?e=1782950400&v=beta&t=VdXoYgnjRTtojTgNFpH2G4r4JjDUBUqqAuBGCTvyvf0;-;https://www.linkedin.com/company/febracis-escola-de-neg-cios/about/;Educação;frontend OR javascript OR typescript OR html OR css OR react OR angular OR vue OR next.js OR wordpress OR (full AND stack);febracis - escola de negócios;1;;https://www.linkedin.com/jobs/view/4426865146/;https://www.linkedin.com/jobs/view/4426865146/;Hybrid;Mid, Salesforce/CRM, Full Stack, Vendas / Comercial;16/06/2026;Santana de Parnaíba;São Paulo;SP;Região Sudeste;Brasil;América do Sul
238;Fess'Kobbi;Desenvolvedor(a) Full Stack Tech Lead;São Paulo (SP);16/06 16:00;https://www.linkedin.com/jobs/view/4429578558/;https://media.licdn.com/dms/image/v2/C4E0BAQG6K-T_K24RBg/company-logo_100_100/company-logo_100_100/0/1668617819467/fesskobbi_logo?e=1782950400&v=beta&t=Q2rM3j_o7q6P4Ps-2SiiyMQOt6KTw2y-_KtdDZLPoBA;Middle > Manager;https://www.linkedin.com/company/fess-kobbi/about/;Software e Serviços de TI;frontend OR javascript OR typescript OR html OR css OR react OR angular OR vue OR next.js OR wordpress OR (full AND stack);fess'kobbi;1.0;LinkedIn (Easy Apply);https://www.linkedin.com/jobs/view/4429578558/;https://www.linkedin.com/jobs/view/4429578558/;Remote;Mid, Liderança/Gerência, TI/Tech, Full Stack;16/06/2026;São Paulo;São Paulo;SP;Região Sudeste;Brasil;América do Sul
239;GFT Brasil;Desenvolvimento Full Stack Sênior (.Net + React) - 133792;São Paulo (SP);10/06 20:00;https://www.linkedin.com/jobs/view/4427004833/;https://media.licdn.com/dms/image/v2/D4E0BAQHo8b2c2pSzMw/company-logo_100_100/B4EZmE9mMwIMAU-/0/1758872364214/gft_technologies_brasil_logo?e=1782950400&v=beta&t=X_XCR0Y_7RvnVrFvuYh1IT2pytJGt_1enD86q6cw5nc;-;https://www.linkedin.com/company/gft-brasil/about/;Software e Serviços de TI;frontend OR javascript OR typescript OR html OR css OR react OR angular OR vue OR next.js OR wordpress OR (full AND stack);gft brasil;3.0;jobs.gft.com;https://www.linkedin.com/jobs/view/4427004833/;https://www.linkedin.com/jobs/view/4427004833/;Hybrid;Senior, Full Stack;16/06/2026;São Paulo;São Paulo;SP;Região Sudeste;Brasil;América do Sul
240;GFT Brasil;Especialista Desenvolvimento Full Stack (.Net + React) - 133818;São Paulo (SP);10/06 20:00;https://www.linkedin.com/jobs/view/4427027076/;https://media.licdn.com/dms/image/v2/D4E0BAQHo8b2c2pSzMw/company-logo_100_100/B4EZmE9mMwIMAU-/0/1758872364214/gft_technologies_brasil_logo?e=1782950400&v=beta&t=X_XCR0Y_7RvnVrFvuYh1IT2pytJGt_1enD86q6cw5nc;Advanced > Specialist;https://www.linkedin.com/company/gft-brasil/about/;Software e Serviços de TI;frontend OR javascript OR typescript OR html OR css OR react OR angular OR vue OR next.js OR wordpress OR (full AND stack);gft brasil;3.0;jobs.gft.com;https://www.linkedin.com/jobs/view/4427027076/;https://www.linkedin.com/jobs/view/4427027076/;Hybrid;Specialist, Full Stack;16/06/2026;São Paulo;São Paulo;SP;Região Sudeste;Brasil;América do Sul
241;GOL Linhas Aéreas;Desenvolvedor(a) Full Stack Júnior / Pleno (Angular C# .NET SQL);São Paulo (SP);15/06 20:00;https://www.linkedin.com/jobs/view/4425760577/;https://media.licdn.com/dms/image/v2/D4D0BAQEwb_-PXunScQ/company-logo_100_100/B4DZv6TiQIHEAQ-/0/1769430984198/gol_logo?e=1782950400&v=beta&t=axlZyybiwy0DYgcbevg7gulpN7I5CjQpjCbIQ9d8MrM;-;https://www.linkedin.com/company/gol-linhas-a-reas/about/;-;frontend OR javascript OR typescript OR html OR css OR react OR angular OR vue OR next.js OR wordpress OR (full AND stack);gol linhas aéreas;1.0;Gupy;https://www.linkedin.com/jobs/view/4425760577/;https://www.linkedin.com/jobs/view/4425760577/;Hybrid;Mid, Junior, Full Stack;16/06/2026;São Paulo;São Paulo;SP;Região Sudeste;Brasil;América do Sul
242;GRUPO SBF;Staff Software Engineer - Frontend;Brasil;15/06 20:00;https://www.linkedin.com/jobs/view/4415674761/;https://media.licdn.com/dms/image/v2/D4D0BAQGXHGkf45_HzA/company-logo_100_100/B4DZgJApD7GkAU-/0/1752497820919/grupo_sbf_s_a__logo?e=1782950400&v=beta&t=xTpWOvhGHKDQFhSL8l5jmFpiXvJq4gLICLn2ZmCRKeg;Advanced > Information Technology;https://www.linkedin.com/company/grupo-sbf/about/;Software e Serviços de TI;frontend OR javascript OR typescript OR html OR css OR react OR angular OR vue OR next.js OR wordpress OR (full AND stack);grupo sbf;1;;https://www.linkedin.com/jobs/view/4415674761/;https://www.linkedin.com/jobs/view/4415674761/;Remote;TI/Tech, Frontend, Engenharia Geral;16/06/2026;;;;;Brasil;América do Sul
243;GX2 Tecnologia;| Fullstack Developer (Java + React/Angular) | Senior;Brasil;12/06 20:00;https://www.linkedin.com/jobs/view/4426986692/;https://media.licdn.com/dms/image/v2/D4D0BAQHH7cKhlr9hmQ/company-logo_100_100/company-logo_100_100/0/1735824597570/gx2tecnologia_logo?e=1782950400&v=beta&t=ocP3b1QpH8_ciE2JFwqKLiBDQWhjyojA505RTL1bMHg;Advanced > Information Technology;https://www.linkedin.com/company/gx2-tecnologia/about/;-;frontend OR javascript OR typescript OR html OR css OR react OR angular OR vue OR next.js OR wordpress OR (full AND stack);gx2 tecnologia;1.0;;https://www.linkedin.com/jobs/view/4426986692/;https://www.linkedin.com/jobs/view/4426986692/;Remote;Senior, Full Stack;16/06/2026;;;;;Brasil;América do Sul
244;Gauge;Desenvolvedor Full Stack Senior;Brasil;15/06 20:00;https://www.linkedin.com/jobs/view/4426465126/;https://media.licdn.com/dms/image/v2/D4D0BAQEmbGONnJt1_Q/company-logo_100_100/company-logo_100_100/0/1688479671403/gauge_logo?e=1782950400&v=beta&t=CwlBYwzfabopAxarz4VCRYwSqd8B4RNO2bliIKo9-V0;-;https://www.linkedin.com/company/gauge/about/;-;frontend OR javascript OR typescript OR html OR css OR react OR angular OR vue OR next.js OR wordpress OR (full AND stack);gauge;2.0;;https://www.linkedin.com/jobs/view/4426465126/;https://www.linkedin.com/jobs/view/4426465126/;Remote;Senior, Full Stack;16/06/2026;;;;;Brasil;América do Sul
245;Gauge;Desenvolvedor Full Stack SR;São Paulo (SP);13/06 20:00;https://www.linkedin.com/jobs/view/4425372331/;https://media.licdn.com/dms/image/v2/D4D0BAQEmbGONnJt1_Q/company-logo_100_100/company-logo_100_100/0/1688479671403/gauge_logo?e=1782950400&v=beta&t=CwlBYwzfabopAxarz4VCRYwSqd8B4RNO2bliIKo9-V0;-;https://www.linkedin.com/company/gauge/about/;-;frontend OR javascript OR typescript OR html OR css OR react OR angular OR vue OR next.js OR wordpress OR (full AND stack);gauge;2.0;;https://www.linkedin.com/jobs/view/4425372331/;https://www.linkedin.com/jobs/view/4425372331/;Hybrid;Senior, Full Stack;16/06/2026;São Paulo;São Paulo;SP;Região Sudeste;Brasil;América do Sul
246;Gauge;Desenvolvedor Full Stack SR São Paulo - SP and Hybrid Full-time employee;São Paulo (SP);12/06 20:00;https://www.linkedin.com/jobs/view/4427249868/;https://media.licdn.com/dms/image/v2/D4D0BAQEmbGONnJt1_Q/company-logo_100_100/company-logo_100_100/0/1688479671403/gauge_logo?e=1782950400&v=beta&t=CwlBYwzfabopAxarz4VCRYwSqd8B4RNO2bliIKo9-V0;-;https://www.linkedin.com/company/gauge/about/;Software e Serviços de TI;frontend OR javascript OR typescript OR html OR css OR react OR angular OR vue OR next.js OR wordpress OR (full AND stack);gauge;2.0;;https://www.linkedin.com/jobs/view/4427249868/;https://www.linkedin.com/jobs/view/4427249868/;Hybrid;CLT/Efetivo, Senior, Full Stack;16/06/2026;São Paulo;São Paulo;SP;Região Sudeste;Brasil;América do Sul
247;GeorgiaTEK Systems Inc.;Senior Frontend Engineer;América Latina;15/06 20:00;https://www.linkedin.com/jobs/view/4426420294/;https://media.licdn.com/dms/image/v2/C4D0BAQFS2nOc7k3WRA/company-logo_100_100/company-logo_100_100/0/1645584193004/georgiatek_systems_inc_logo?e=1782950400&v=beta&t=5U7Ui2ypxybkRgsZ0s2QgKIUoisH0aFJ4M19KQQqvRc;Advanced > Information Technology;https://www.linkedin.com/company/georgiatek-systems-inc/about/;-;frontend OR javascript OR typescript OR html OR css OR react OR angular OR vue OR next.js OR wordpress OR (full AND stack);georgiatek systems inc.;1.0;LinkedIn (Easy Apply);https://www.linkedin.com/jobs/view/4426420294/;https://www.linkedin.com/jobs/view/4426420294/;Remote;Senior, Frontend, Engenharia Geral;16/06/2026;;;;;;América Latina
248;GeorgiaTEK Systems Inc.;Frontend Developer;Brasil;16/06 12:00;https://www.linkedin.com/jobs/view/4428052172/;https://media.licdn.com/dms/image/v2/C4D0BAQFS2nOc7k3WRA/company-logo_100_100/company-logo_100_100/0/1645584193004/georgiatek_systems_inc_logo?e=1782950400&v=beta&t=5U7Ui2ypxybkRgsZ0s2QgKIUoisH0aFJ4M19KQQqvRc;Advanced > Information Technology;https://www.linkedin.com/company/georgiatek-systems-inc/about/;-;frontend OR javascript OR typescript OR html OR css OR react OR angular OR vue OR next.js OR wordpress OR (full AND stack);georgiatek systems inc.;1.0;LinkedIn (Easy Apply);https://www.linkedin.com/jobs/view/4428052172/;https://www.linkedin.com/jobs/view/4428052172/;Remote;Frontend;16/06/2026;;;;;Brasil;América do Sul
249;GeorgiaTEK Systems Inc.;Frontend Developer;Brasil;15/06 20:00;https://www.linkedin.com/jobs/view/4427715579/;https://media.licdn.com/dms/image/v2/C4D0BAQFS2nOc7k3WRA/company-logo_100_100/company-logo_100_100/0/1645584193004/georgiatek_systems_inc_logo?e=1782950400&v=beta&t=5U7Ui2ypxybkRgsZ0s2QgKIUoisH0aFJ4M19KQQqvRc;Advanced > Information Technology;https://www.linkedin.com/company/georgiatek-systems-inc/about/;-;frontend OR javascript OR typescript OR html OR css OR react OR angular OR vue OR next.js OR wordpress OR (full AND stack);georgiatek systems inc.;1.0;LinkedIn (Easy Apply);https://www.linkedin.com/jobs/view/4427715579/;https://www.linkedin.com/jobs/view/4427715579/;Remote;Frontend;16/06/2026;;;;;Brasil;América do Sul
250;GeorgiaTEK Systems Inc.;Senior Frontend Developer;Brasil;15/06 20:00;https://www.linkedin.com/jobs/view/4426421331/;https://media.licdn.com/dms/image/v2/C4D0BAQFS2nOc7k3WRA/company-logo_100_100/company-logo_100_100/0/1645584193004/georgiatek_systems_inc_logo?e=1782950400&v=beta&t=5U7Ui2ypxybkRgsZ0s2QgKIUoisH0aFJ4M19KQQqvRc;Advanced > Information Technology;https://www.linkedin.com/company/georgiatek-systems-inc/about/;-;frontend OR javascript OR typescript OR html OR css OR react OR angular OR vue OR next.js OR wordpress OR (full AND stack);georgiatek systems inc.;1.0;LinkedIn (Easy Apply);https://www.linkedin.com/jobs/view/4426421331/;https://www.linkedin.com/jobs/view/4426421331/;Remote;Senior, Frontend;16/06/2026;;;;;Brasil;América do Sul
251;Getronics;Desenvolvedor full stack - Remoto;Brasil;11/06 20:00;https://www.linkedin.com/jobs/view/4424810425/;https://media.licdn.com/dms/image/v2/D4D0BAQHhM2cdBhTEYg/company-logo_100_100/B4DZXHlgC7G4AU-/0/1742810251831/getronics_logo?e=1782950400&v=beta&t=2UWHXq6SEqeyYt2mjKOn_TrEmkz_jX82pg0ji2VXlOo;-;https://www.linkedin.com/company/getronics/about/;-;frontend OR javascript OR typescript OR html OR css OR react OR angular OR vue OR next.js OR wordpress OR (full AND stack);getronics;1.0;LinkedIn (Easy Apply);https://www.linkedin.com/jobs/view/4424810425/;https://www.linkedin.com/jobs/view/4424810425/;Remote;Full Stack;16/06/2026;;;;;Brasil;América do Sul
252;Globalfy;Senior Full Stack Developer (Brazil);Brasil;14/06 20:00;https://www.linkedin.com/jobs/view/4425741581/;https://media.licdn.com/dms/image/v2/D4D0BAQFS1vWV2sCAvw/company-logo_100_100/B4DZsEKk6uG4AQ-/0/1765301440590/globalfy_logo?e=1782950400&v=beta&t=5ZaPO7c2GrOkztkQ3LWBiGj55xRH6EOfcWBBy30RQh4;Advanced > Information Technology;https://www.linkedin.com/company/globalfy/about/;-;frontend OR javascript OR typescript OR html OR css OR react OR angular OR vue OR next.js OR wordpress OR (full AND stack);globalfy;1.0;globalfy-hr.factorialhr.com;https://www.linkedin.com/jobs/view/4425741581/;https://www.linkedin.com/jobs/view/4425741581/;Remote;Senior, Full Stack;16/06/2026;;;;;Brasil;América do Sul
253;Grupo Boticário;Pessoa Desenvolvedora Fullstack Java/Kotlin e React.js Especialista I (Tech Operações);Brasil;15/06 20:00;https://www.linkedin.com/jobs/view/4429109760/;https://media.licdn.com/dms/image/v2/C4D0BAQE2uTXvISMMwA/company-logo_100_100/company-logo_100_100/0/1630548701849/grupo_boticario_logo?e=1782950400&v=beta&t=-i8aIQOYRw8qk0lRlEbgOcj483K4-ypHHYKrW65zMqI;Advanced > Specialist;https://www.linkedin.com/company/grupo-botic-rio/about/;Moda e Beleza;frontend OR javascript OR typescript OR html OR css OR react OR angular OR vue OR next.js OR wordpress OR (full AND stack);grupo boticário;5.0;Gupy;https://www.linkedin.com/jobs/view/4429109760/;https://www.linkedin.com/jobs/view/4429109760/;Remote;PCD / Afirmativa, Specialist, TI/Tech, Full Stack;16/06/2026;;;;;Brasil;América do Sul
254;Grupo Boticário;Pessoa Desenvolvedora Fullstack Kotlin/React Especialista II (Ecommerce - Catálogo);Brasil;16/06 11:00;https://www.linkedin.com/jobs/view/4429534350/;https://media.licdn.com/dms/image/v2/C4D0BAQE2uTXvISMMwA/company-logo_100_100/company-logo_100_100/0/1630548701849/grupo_boticario_logo?e=1782950400&v=beta&t=-i8aIQOYRw8qk0lRlEbgOcj483K4-ypHHYKrW65zMqI;Advanced > Specialist;https://www.linkedin.com/company/grupo-botic-rio/about/;Moda e Beleza;frontend OR javascript OR typescript OR html OR css OR react OR angular OR vue OR next.js OR wordpress OR (full AND stack);grupo boticário;5.0;Gupy;https://www.linkedin.com/jobs/view/4429534350/;https://www.linkedin.com/jobs/view/4429534350/;Remote;PCD / Afirmativa, Specialist, Full Stack;16/06/2026;;;;;Brasil;América do Sul
255;Grupo Nunchi;Desenvolvedor Full Stack Sênior;Brasília (DF);16/06 14:00;https://www.linkedin.com/jobs/view/4426862256/;https://media.licdn.com/dms/image/v2/D4E0BAQEnGp8hvB8kWg/company-logo_100_100/B4EZ4XK3cmJEAM-/0/1778505185409/grupo_nunchi_logo?e=1782950400&v=beta&t=LSMfzsEbdDa3PpXd0WDmu7_JPqVu9BcFxuFpu2tqLuo;-;https://www.linkedin.com/company/grupo-nunchi/about/;-;frontend OR javascript OR typescript OR html OR css OR react OR angular OR vue OR next.js OR wordpress OR (full AND stack);grupo nunchi;1.0;LinkedIn (Easy Apply);https://www.linkedin.com/jobs/view/4426862256/;https://www.linkedin.com/jobs/view/4426862256/;On-site;Senior, Full Stack;16/06/2026;;Distrito Federal;DF;Região Centro-Oeste;Brasil;América do Sul
256;Grupo Pensar Educação;Programador Full Stack;Teresina (PI);12/06 20:00;https://www.linkedin.com/jobs/view/4424894606/;https://media.licdn.com/dms/image/v2/D4D0BAQHufsx9NjyTLA/company-logo_100_100/B4DZdGT42qHwAQ-/0/1749231308691/pensaredu_logo?e=1782950400&v=beta&t=40xebtpNSlbPMg-qzuHStFDA9TOJrRwSca60_mHUJGs;-;https://www.linkedin.com/company/grupo-pensar-educa-o/about/;Educação;frontend OR javascript OR typescript OR html OR css OR react OR angular OR vue OR next.js OR wordpress OR (full AND stack);grupo pensar educação;1;;https://www.linkedin.com/jobs/view/4424894606/;https://www.linkedin.com/jobs/view/4424894606/;On-site;Full Stack;16/06/2026;;Piauí;PI;Região Nordeste;Brasil;América do Sul
257;Grupo Salta Educação;Desenvolvedor Fullstack (Angular + dotNet);Brasil;12/06 20:00;https://www.linkedin.com/jobs/view/4424877449/;https://media.licdn.com/dms/image/v2/C4D0BAQE2sx6DshKakg/company-logo_100_100/company-logo_100_100/0/1669890686535/gruposaltaedu_logo?e=1782950400&v=beta&t=ioZrbLhg-Noj-yG0UJ_U2e_pjUhd8kwxIDObmPYbV5s;-;https://www.linkedin.com/company/grupo-salta-educa-o/about/;Educação;frontend OR javascript OR typescript OR html OR css OR react OR angular OR vue OR next.js OR wordpress OR (full AND stack);grupo salta educação;1.0;;https://www.linkedin.com/jobs/view/4424877449/;https://www.linkedin.com/jobs/view/4424877449/;Remote;Full Stack;16/06/2026;;;;;Brasil;América do Sul
258;HCLTech;Desenvolvedor (a) Python e Typescript - Remoto;Brasil;16/06 14:00;https://www.linkedin.com/jobs/view/4428047918/;https://media.licdn.com/dms/image/v2/C4D0BAQF-RIoeeMTMKQ/company-logo_100_100/company-logo_100_100/0/1664197008220/hcltech_logo?e=1782950400&v=beta&t=-eCvR6q4UCYNdxsIg_oB1BD9vceHcIB2uddcEbKkf0M;-;https://www.linkedin.com/company/hcltech/about/;Software e Serviços de TI;frontend OR javascript OR typescript OR html OR css OR react OR angular OR vue OR next.js OR wordpress OR (full AND stack);hcltech;1.0;LinkedIn (Easy Apply);https://www.linkedin.com/jobs/view/4428047918/;https://www.linkedin.com/jobs/view/4428047918/;Remote;-;16/06/2026;;;;;Brasil;América do Sul
259;Hire Feed;Angular Developer (Remote);América Latina;16/06 09:00;https://www.linkedin.com/jobs/view/4429508415/;https://media.licdn.com/dms/image/v2/D4D0BAQEeII6H9qdObQ/company-logo_100_100/B4DZ3OfC9fHwAQ-/0/1777285738853/hirefeedd_logo?e=1782950400&v=beta&t=zi5y8huNmRVeUzz6VmaOsVzxiXvIO5vwb8VwJO_LEy8;Advanced > Information Technology;https://www.linkedin.com/company/hire-feed/about/;-;frontend OR javascript OR typescript OR html OR css OR react OR angular OR vue OR next.js OR wordpress OR (full AND stack);hire feed;1.0;LinkedIn (Easy Apply);https://www.linkedin.com/jobs/view/4429508415/;https://www.linkedin.com/jobs/view/4429508415/;Remote;-;16/06/2026;;;;;;América Latina
260;Hire Feed;Frontend Developer (Remote);América Latina;16/06 10:00;https://www.linkedin.com/jobs/view/4429522319/;https://media.licdn.com/dms/image/v2/D4D0BAQEeII6H9qdObQ/company-logo_100_100/B4DZ3OfC9fHwAQ-/0/1777285738853/hirefeedd_logo?e=1782950400&v=beta&t=zi5y8huNmRVeUzz6VmaOsVzxiXvIO5vwb8VwJO_LEy8;Advanced > Information Technology;https://www.linkedin.com/company/hire-feed/about/;-;frontend OR javascript OR typescript OR html OR css OR react OR angular OR vue OR next.js OR wordpress OR (full AND stack);hire feed;1.0;LinkedIn (Easy Apply);https://www.linkedin.com/jobs/view/4429522319/;https://www.linkedin.com/jobs/view/4429522319/;Remote;Frontend;16/06/2026;;;;;;América Latina
261;Hire Feed;Frontend Developer (Remote);América Latina;16/06 10:00;https://www.linkedin.com/jobs/view/4429522126/;https://media.licdn.com/dms/image/v2/D4D0BAQEeII6H9qdObQ/company-logo_100_100/B4DZ3OfC9fHwAQ-/0/1777285738853/hirefeedd_logo?e=1782950400&v=beta&t=zi5y8huNmRVeUzz6VmaOsVzxiXvIO5vwb8VwJO_LEy8;Advanced > Information Technology;https://www.linkedin.com/company/hire-feed/about/;-;frontend OR javascript OR typescript OR html OR css OR react OR angular OR vue OR next.js OR wordpress OR (full AND stack);hire feed;1.0;LinkedIn (Easy Apply);https://www.linkedin.com/jobs/view/4429522126/;https://www.linkedin.com/jobs/view/4429522126/;Remote;Frontend;16/06/2026;;;;;;América Latina
262;Hire Feed;Frontend Developer (Remote);América Latina;16/06 09:00;https://www.linkedin.com/jobs/view/4429516302/;https://media.licdn.com/dms/image/v2/D4D0BAQEeII6H9qdObQ/company-logo_100_100/B4DZ3OfC9fHwAQ-/0/1777285738853/hirefeedd_logo?e=1782950400&v=beta&t=zi5y8huNmRVeUzz6VmaOsVzxiXvIO5vwb8VwJO_LEy8;Advanced > Information Technology;https://www.linkedin.com/company/hire-feed/about/;-;frontend OR javascript OR typescript OR html OR css OR react OR angular OR vue OR next.js OR wordpress OR (full AND stack);hire feed;1.0;LinkedIn (Easy Apply);https://www.linkedin.com/jobs/view/4429516302/;https://www.linkedin.com/jobs/view/4429516302/;Remote;Frontend;16/06/2026;;;;;;América Latina
263;Hire Feed;Frontend Developer (Remote);América Latina;16/06 09:00;https://www.linkedin.com/jobs/view/4429505213/;https://media.licdn.com/dms/image/v2/D4D0BAQEeII6H9qdObQ/company-logo_100_100/B4DZ3OfC9fHwAQ-/0/1777285738853/hirefeedd_logo?e=1782950400&v=beta&t=zi5y8huNmRVeUzz6VmaOsVzxiXvIO5vwb8VwJO_LEy8;Advanced > Information Technology;https://www.linkedin.com/company/hire-feed/about/;-;frontend OR javascript OR typescript OR html OR css OR react OR angular OR vue OR next.js OR wordpress OR (full AND stack);hire feed;1.0;LinkedIn (Easy Apply);https://www.linkedin.com/jobs/view/4429505213/;https://www.linkedin.com/jobs/view/4429505213/;Remote;Frontend;16/06/2026;;;;;;América Latina
264;Hire Feed;Frontend Developer – Remote;América Latina;16/06 10:00;https://www.linkedin.com/jobs/view/4429507684/;https://media.licdn.com/dms/image/v2/D4D0BAQEeII6H9qdObQ/company-logo_100_100/B4DZ3OfC9fHwAQ-/0/1777285738853/hirefeedd_logo?e=1782950400&v=beta&t=zi5y8huNmRVeUzz6VmaOsVzxiXvIO5vwb8VwJO_LEy8;Advanced > Information Technology;https://www.linkedin.com/company/hire-feed/about/;-;frontend OR javascript OR typescript OR html OR css OR react OR angular OR vue OR next.js OR wordpress OR (full AND stack);hire feed;1.0;LinkedIn (Easy Apply);https://www.linkedin.com/jobs/view/4429507684/;https://www.linkedin.com/jobs/view/4429507684/;Remote;Frontend;16/06/2026;;;;;;América Latina
265;Hire Feed;Frontend Engineer (Remote);América Latina;16/06 09:00;https://www.linkedin.com/jobs/view/4429516388/;https://media.licdn.com/dms/image/v2/D4D0BAQEeII6H9qdObQ/company-logo_100_100/B4DZ3OfC9fHwAQ-/0/1777285738853/hirefeedd_logo?e=1782950400&v=beta&t=zi5y8huNmRVeUzz6VmaOsVzxiXvIO5vwb8VwJO_LEy8;Advanced > Information Technology;https://www.linkedin.com/company/hire-feed/about/;-;frontend OR javascript OR typescript OR html OR css OR react OR angular OR vue OR next.js OR wordpress OR (full AND stack);hire feed;1.0;LinkedIn (Easy Apply);https://www.linkedin.com/jobs/view/4429516388/;https://www.linkedin.com/jobs/view/4429516388/;Remote;Frontend, Engenharia Geral;16/06/2026;;;;;;América Latina
266;Hire Feed;JavaScript Developer (Remote);América Latina;16/06 10:00;https://www.linkedin.com/jobs/view/4429501863/;https://media.licdn.com/dms/image/v2/D4D0BAQEeII6H9qdObQ/company-logo_100_100/B4DZ3OfC9fHwAQ-/0/1777285738853/hirefeedd_logo?e=1782950400&v=beta&t=zi5y8huNmRVeUzz6VmaOsVzxiXvIO5vwb8VwJO_LEy8;Advanced > Information Technology;https://www.linkedin.com/company/hire-feed/about/;-;frontend OR javascript OR typescript OR html OR css OR react OR angular OR vue OR next.js OR wordpress OR (full AND stack);hire feed;1.0;LinkedIn (Easy Apply);https://www.linkedin.com/jobs/view/4429501863/;https://www.linkedin.com/jobs/view/4429501863/;Remote;-;16/06/2026;;;;;;América Latina
267;Hire Feed;React Developer (Remote);América Latina;16/06 09:00;https://www.linkedin.com/jobs/view/4429299623/;https://media.licdn.com/dms/image/v2/D4D0BAQEeII6H9qdObQ/company-logo_100_100/B4DZ3OfC9fHwAQ-/0/1777285738853/hirefeedd_logo?e=1782950400&v=beta&t=zi5y8huNmRVeUzz6VmaOsVzxiXvIO5vwb8VwJO_LEy8;Advanced > Information Technology;https://www.linkedin.com/company/hire-feed/about/;-;frontend OR javascript OR typescript OR html OR css OR react OR angular OR vue OR next.js OR wordpress OR (full AND stack);hire feed;1.0;LinkedIn (Easy Apply);https://www.linkedin.com/jobs/view/4429299623/;https://www.linkedin.com/jobs/view/4429299623/;Remote;-;16/06/2026;;;;;;América Latina
268;Hire Feed;React Developer (Remote);América Latina;16/06 09:00;https://www.linkedin.com/jobs/view/4429509291/;https://media.licdn.com/dms/image/v2/D4D0BAQEeII6H9qdObQ/company-logo_100_100/B4DZ3OfC9fHwAQ-/0/1777285738853/hirefeedd_logo?e=1782950400&v=beta&t=zi5y8huNmRVeUzz6VmaOsVzxiXvIO5vwb8VwJO_LEy8;Advanced > Information Technology;https://www.linkedin.com/company/hire-feed/about/;-;frontend OR javascript OR typescript OR html OR css OR react OR angular OR vue OR next.js OR wordpress OR (full AND stack);hire feed;1.0;LinkedIn (Easy Apply);https://www.linkedin.com/jobs/view/4429509291/;https://www.linkedin.com/jobs/view/4429509291/;Remote;-;16/06/2026;;;;;;América Latina
269;Hire Feed;React Developer (Remote);América Latina;16/06 09:00;https://www.linkedin.com/jobs/view/4429500370/;https://media.licdn.com/dms/image/v2/D4D0BAQEeII6H9qdObQ/company-logo_100_100/B4DZ3OfC9fHwAQ-/0/1777285738853/hirefeedd_logo?e=1782950400&v=beta&t=zi5y8huNmRVeUzz6VmaOsVzxiXvIO5vwb8VwJO_LEy8;Advanced > Information Technology;https://www.linkedin.com/company/hire-feed/about/;-;frontend OR javascript OR typescript OR html OR css OR react OR angular OR vue OR next.js OR wordpress OR (full AND stack);hire feed;1.0;LinkedIn (Easy Apply);https://www.linkedin.com/jobs/view/4429500370/;https://www.linkedin.com/jobs/view/4429500370/;Remote;-;16/06/2026;;;;;;América Latina
270;Hire Feed;React Developer (Remote);América Latina;12/06 20:00;https://www.linkedin.com/jobs/view/4427958054/;https://media.licdn.com/dms/image/v2/D4D0BAQEeII6H9qdObQ/company-logo_100_100/B4DZ3OfC9fHwAQ-/0/1777285738853/hirefeedd_logo?e=1782950400&v=beta&t=zi5y8huNmRVeUzz6VmaOsVzxiXvIO5vwb8VwJO_LEy8;Advanced > Information Technology;https://www.linkedin.com/company/hire-feed/about/;-;frontend OR javascript OR typescript OR html OR css OR react OR angular OR vue OR next.js OR wordpress OR (full AND stack);hire feed;1.0;LinkedIn (Easy Apply);https://www.linkedin.com/jobs/view/4427958054/;https://www.linkedin.com/jobs/view/4427958054/;Remote;-;16/06/2026;;;;;;América Latina
271;Hire Feed;React Developer – Remote;América Latina;16/06 09:00;https://www.linkedin.com/jobs/view/4429500488/;https://media.licdn.com/dms/image/v2/D4D0BAQEeII6H9qdObQ/company-logo_100_100/B4DZ3OfC9fHwAQ-/0/1777285738853/hirefeedd_logo?e=1782950400&v=beta&t=zi5y8huNmRVeUzz6VmaOsVzxiXvIO5vwb8VwJO_LEy8;Advanced > Information Technology;https://www.linkedin.com/company/hire-feed/about/;-;frontend OR javascript OR typescript OR html OR css OR react OR angular OR vue OR next.js OR wordpress OR (full AND stack);hire feed;1.0;LinkedIn (Easy Apply);https://www.linkedin.com/jobs/view/4429500488/;https://www.linkedin.com/jobs/view/4429500488/;Remote;-;16/06/2026;;;;;;América Latina
272;Hire Feed;Angular Developer (Remote);Brasil;16/06 09:00;https://www.linkedin.com/jobs/view/4429519179/;https://media.licdn.com/dms/image/v2/D4D0BAQEeII6H9qdObQ/company-logo_100_100/B4DZ3OfC9fHwAQ-/0/1777285738853/hirefeedd_logo?e=1782950400&v=beta&t=zi5y8huNmRVeUzz6VmaOsVzxiXvIO5vwb8VwJO_LEy8;Advanced > Information Technology;https://www.linkedin.com/company/hire-feed/about/;-;frontend OR javascript OR typescript OR html OR css OR react OR angular OR vue OR next.js OR wordpress OR (full AND stack);hire feed;1.0;LinkedIn (Easy Apply);https://www.linkedin.com/jobs/view/4429519179/;https://www.linkedin.com/jobs/view/4429519179/;Remote;-;16/06/2026;;;;;Brasil;América do Sul
273;Hire Feed;Frontend Architect (Remote);Brasil;16/06 10:00;https://www.linkedin.com/jobs/view/4429523488/;https://media.licdn.com/dms/image/v2/D4D0BAQEeII6H9qdObQ/company-logo_100_100/B4DZ3OfC9fHwAQ-/0/1777285738853/hirefeedd_logo?e=1782950400&v=beta&t=zi5y8huNmRVeUzz6VmaOsVzxiXvIO5vwb8VwJO_LEy8;Architecture;https://www.linkedin.com/company/hire-feed/about/;Software e Serviços de TI;frontend OR javascript OR typescript OR html OR css OR react OR angular OR vue OR next.js OR wordpress OR (full AND stack);hire feed;1.0;LinkedIn (Easy Apply);https://www.linkedin.com/jobs/view/4429523488/;https://www.linkedin.com/jobs/view/4429523488/;Remote;Frontend;16/06/2026;;;;;Brasil;América do Sul
274;Hire Feed;Frontend Developer (Remote);Brasil;16/06 09:00;https://www.linkedin.com/jobs/view/4429507615/;https://media.licdn.com/dms/image/v2/D4D0BAQEeII6H9qdObQ/company-logo_100_100/B4DZ3OfC9fHwAQ-/0/1777285738853/hirefeedd_logo?e=1782950400&v=beta&t=zi5y8huNmRVeUzz6VmaOsVzxiXvIO5vwb8VwJO_LEy8;Advanced > Information Technology;https://www.linkedin.com/company/hire-feed/about/;-;frontend OR javascript OR typescript OR html OR css OR react OR angular OR vue OR next.js OR wordpress OR (full AND stack);hire feed;1.0;LinkedIn (Easy Apply);https://www.linkedin.com/jobs/view/4429507615/;https://www.linkedin.com/jobs/view/4429507615/;Remote;Frontend;16/06/2026;;;;;Brasil;América do Sul
275;Hire Feed;Frontend Developer (Remote);Brasil;16/06 09:00;https://www.linkedin.com/jobs/view/4429513420/;https://media.licdn.com/dms/image/v2/D4D0BAQEeII6H9qdObQ/company-logo_100_100/B4DZ3OfC9fHwAQ-/0/1777285738853/hirefeedd_logo?e=1782950400&v=beta&t=zi5y8huNmRVeUzz6VmaOsVzxiXvIO5vwb8VwJO_LEy8;Advanced > Information Technology;https://www.linkedin.com/company/hire-feed/about/;-;frontend OR javascript OR typescript OR html OR css OR react OR angular OR vue OR next.js OR wordpress OR (full AND stack);hire feed;1.0;LinkedIn (Easy Apply);https://www.linkedin.com/jobs/view/4429513420/;https://www.linkedin.com/jobs/view/4429513420/;Remote;Frontend;16/06/2026;;;;;Brasil;América do Sul
276;Hire Feed;Frontend Developer (Remote);Brasil;16/06 09:00;https://www.linkedin.com/jobs/view/4429299542/;https://media.licdn.com/dms/image/v2/D4D0BAQEeII6H9qdObQ/company-logo_100_100/B4DZ3OfC9fHwAQ-/0/1777285738853/hirefeedd_logo?e=1782950400&v=beta&t=zi5y8huNmRVeUzz6VmaOsVzxiXvIO5vwb8VwJO_LEy8;Advanced > Information Technology;https://www.linkedin.com/company/hire-feed/about/;-;frontend OR javascript OR typescript OR html OR css OR react OR angular OR vue OR next.js OR wordpress OR (full AND stack);hire feed;1.0;LinkedIn (Easy Apply);https://www.linkedin.com/jobs/view/4429299542/;https://www.linkedin.com/jobs/view/4429299542/;Remote;Frontend;16/06/2026;;;;;Brasil;América do Sul
277;Hire Feed;Frontend Developer (Remote);Brasil;16/06 09:00;https://www.linkedin.com/jobs/view/4429293984/;https://media.licdn.com/dms/image/v2/D4D0BAQEeII6H9qdObQ/company-logo_100_100/B4DZ3OfC9fHwAQ-/0/1777285738853/hirefeedd_logo?e=1782950400&v=beta&t=zi5y8huNmRVeUzz6VmaOsVzxiXvIO5vwb8VwJO_LEy8;Advanced > Information Technology;https://www.linkedin.com/company/hire-feed/about/;-;frontend OR javascript OR typescript OR html OR css OR react OR angular OR vue OR next.js OR wordpress OR (full AND stack);hire feed;1.0;LinkedIn (Easy Apply);https://www.linkedin.com/jobs/view/4429293984/;https://www.linkedin.com/jobs/view/4429293984/;Remote;Frontend;16/06/2026;;;;;Brasil;América do Sul
278;Hire Feed;Frontend Developer Angular (Remote);Brasil;16/06 10:00;https://www.linkedin.com/jobs/view/4429527232/;https://media.licdn.com/dms/image/v2/D4D0BAQEeII6H9qdObQ/company-logo_100_100/B4DZ3OfC9fHwAQ-/0/1777285738853/hirefeedd_logo?e=1782950400&v=beta&t=zi5y8huNmRVeUzz6VmaOsVzxiXvIO5vwb8VwJO_LEy8;Advanced > Information Technology;https://www.linkedin.com/company/hire-feed/about/;-;frontend OR javascript OR typescript OR html OR css OR react OR angular OR vue OR next.js OR wordpress OR (full AND stack);hire feed;1.0;LinkedIn (Easy Apply);https://www.linkedin.com/jobs/view/4429527232/;https://www.linkedin.com/jobs/view/4429527232/;Remote;Frontend;16/06/2026;;;;;Brasil;América do Sul
279;Hire Feed;Frontend Engineer (Remote);Brasil;16/06 10:00;https://www.linkedin.com/jobs/view/4429507896/;https://media.licdn.com/dms/image/v2/D4D0BAQEeII6H9qdObQ/company-logo_100_100/B4DZ3OfC9fHwAQ-/0/1777285738853/hirefeedd_logo?e=1782950400&v=beta&t=zi5y8huNmRVeUzz6VmaOsVzxiXvIO5vwb8VwJO_LEy8;Advanced > Information Technology;https://www.linkedin.com/company/hire-feed/about/;-;frontend OR javascript OR typescript OR html OR css OR react OR angular OR vue OR next.js OR wordpress OR (full AND stack);hire feed;1.0;LinkedIn (Easy Apply);https://www.linkedin.com/jobs/view/4429507896/;https://www.linkedin.com/jobs/view/4429507896/;Remote;Frontend, Engenharia Geral;16/06/2026;;;;;Brasil;América do Sul
280;Hire Feed;Frontend Engineer (Remote);Brasil;16/06 09:00;https://www.linkedin.com/jobs/view/4429283901/;https://media.licdn.com/dms/image/v2/D4D0BAQEeII6H9qdObQ/company-logo_100_100/B4DZ3OfC9fHwAQ-/0/1777285738853/hirefeedd_logo?e=1782950400&v=beta&t=zi5y8huNmRVeUzz6VmaOsVzxiXvIO5vwb8VwJO_LEy8;Advanced > Information Technology;https://www.linkedin.com/company/hire-feed/about/;-;frontend OR javascript OR typescript OR html OR css OR react OR angular OR vue OR next.js OR wordpress OR (full AND stack);hire feed;1.0;LinkedIn (Easy Apply);https://www.linkedin.com/jobs/view/4429283901/;https://www.linkedin.com/jobs/view/4429283901/;Remote;Frontend, Engenharia Geral;16/06/2026;;;;;Brasil;América do Sul
281;Hire Feed;Frontend Web Developer (Remote);Brasil;16/06 10:00;https://www.linkedin.com/jobs/view/4429534095/;https://media.licdn.com/dms/image/v2/D4D0BAQEeII6H9qdObQ/company-logo_100_100/B4DZ3OfC9fHwAQ-/0/1777285738853/hirefeedd_logo?e=1782950400&v=beta&t=zi5y8huNmRVeUzz6VmaOsVzxiXvIO5vwb8VwJO_LEy8;Advanced > Information Technology;https://www.linkedin.com/company/hire-feed/about/;-;frontend OR javascript OR typescript OR html OR css OR react OR angular OR vue OR next.js OR wordpress OR (full AND stack);hire feed;1.0;LinkedIn (Easy Apply);https://www.linkedin.com/jobs/view/4429534095/;https://www.linkedin.com/jobs/view/4429534095/;Remote;Frontend;16/06/2026;;;;;Brasil;América do Sul
282;Hire Feed;Full Stack .NET Developer (Remote);Brasil;16/06 10:00;https://www.linkedin.com/jobs/view/4429520861/;https://media.licdn.com/dms/image/v2/D4D0BAQEeII6H9qdObQ/company-logo_100_100/B4DZ3OfC9fHwAQ-/0/1777285738853/hirefeedd_logo?e=1782950400&v=beta&t=zi5y8huNmRVeUzz6VmaOsVzxiXvIO5vwb8VwJO_LEy8;Advanced > Information Technology;https://www.linkedin.com/company/hire-feed/about/;-;frontend OR javascript OR typescript OR html OR css OR react OR angular OR vue OR next.js OR wordpress OR (full AND stack);hire feed;1.0;LinkedIn (Easy Apply);https://www.linkedin.com/jobs/view/4429520861/;https://www.linkedin.com/jobs/view/4429520861/;Remote;Full Stack;16/06/2026;;;;;Brasil;América do Sul
283;Hire Feed;JavaScript Developer (Remote);Brasil;16/06 10:00;https://www.linkedin.com/jobs/view/4429515554/;https://media.licdn.com/dms/image/v2/D4D0BAQEeII6H9qdObQ/company-logo_100_100/B4DZ3OfC9fHwAQ-/0/1777285738853/hirefeedd_logo?e=1782950400&v=beta&t=zi5y8huNmRVeUzz6VmaOsVzxiXvIO5vwb8VwJO_LEy8;Advanced > Information Technology;https://www.linkedin.com/company/hire-feed/about/;-;frontend OR javascript OR typescript OR html OR css OR react OR angular OR vue OR next.js OR wordpress OR (full AND stack);hire feed;1.0;LinkedIn (Easy Apply);https://www.linkedin.com/jobs/view/4429515554/;https://www.linkedin.com/jobs/view/4429515554/;Remote;-;16/06/2026;;;;;Brasil;América do Sul
284;Hire Feed;React Developer (Remote);Brasil;16/06 09:00;https://www.linkedin.com/jobs/view/4429513446/;https://media.licdn.com/dms/image/v2/D4D0BAQEeII6H9qdObQ/company-logo_100_100/B4DZ3OfC9fHwAQ-/0/1777285738853/hirefeedd_logo?e=1782950400&v=beta&t=zi5y8huNmRVeUzz6VmaOsVzxiXvIO5vwb8VwJO_LEy8;Advanced > Information Technology;https://www.linkedin.com/company/hire-feed/about/;-;frontend OR javascript OR typescript OR html OR css OR react OR angular OR vue OR next.js OR wordpress OR (full AND stack);hire feed;1.0;LinkedIn (Easy Apply);https://www.linkedin.com/jobs/view/4429513446/;https://www.linkedin.com/jobs/view/4429513446/;Remote;-;16/06/2026;;;;;Brasil;América do Sul
285;Hire Feed;React Developer (Remote);Brasil;16/06 09:00;https://www.linkedin.com/jobs/view/4429507537/;https://media.licdn.com/dms/image/v2/D4D0BAQEeII6H9qdObQ/company-logo_100_100/B4DZ3OfC9fHwAQ-/0/1777285738853/hirefeedd_logo?e=1782950400&v=beta&t=zi5y8huNmRVeUzz6VmaOsVzxiXvIO5vwb8VwJO_LEy8;Advanced > Information Technology;https://www.linkedin.com/company/hire-feed/about/;-;frontend OR javascript OR typescript OR html OR css OR react OR angular OR vue OR next.js OR wordpress OR (full AND stack);hire feed;1.0;LinkedIn (Easy Apply);https://www.linkedin.com/jobs/view/4429507537/;https://www.linkedin.com/jobs/view/4429507537/;Remote;-;16/06/2026;;;;;Brasil;América do Sul
286;Hired;Full Stack Python Developer – Remote;América Latina;16/06 10:00;https://www.linkedin.com/jobs/view/4429513522/;https://media.licdn.com/dms/image/v2/D4D0BAQG6dDbCPSmUIg/company-logo_100_100/B4DZ0k8alIKgAQ-/0/1774441311024/hiredddd_logo?e=1782950400&v=beta&t=xig-5lmU65dR8Sx8xF2HjJ3Kgz96eNhKPZPij_RrXFk;Advanced > Information Technology;https://www.linkedin.com/company/hired/about/;-;frontend OR javascript OR typescript OR html OR css OR react OR angular OR vue OR next.js OR wordpress OR (full AND stack);hired;1;;https://www.linkedin.com/jobs/view/4429513522/;https://www.linkedin.com/jobs/view/4429513522/;Remote;Full Stack;16/06/2026;;;;;;América Latina
287;Hiring Machine;PHP Laravel & Vue Developer;Brasil;15/06 20:00;https://www.linkedin.com/jobs/view/4425762548/;https://media.licdn.com/dms/image/v2/D4D0BAQGxazBtBOxurw/company-logo_100_100/B4DZX8H9QcH4AQ-/0/1743691703045/hiringmachine_io_logo?e=1782950400&v=beta&t=2Nn_q3uoN3u5bv9Q22EXv8TMticuefRoltwDZWfSbRk;Advanced > Information Technology;https://www.linkedin.com/company/hiring-machine/about/;-;frontend OR javascript OR typescript OR html OR css OR react OR angular OR vue OR next.js OR wordpress OR (full AND stack);hiring machine;1;;https://www.linkedin.com/jobs/view/4425762548/;https://www.linkedin.com/jobs/view/4425762548/;Remote;-;16/06/2026;;;;;Brasil;América do Sul
288;Hitss Brasil;19979-Desenvolvedor (a) Full Stack Java;Brasil;12/06 20:00;https://www.linkedin.com/jobs/view/4424888003/;https://media.licdn.com/dms/image/v2/D4D0BAQHU9akE4trzfQ/company-logo_100_100/company-logo_100_100/0/1737119189689/global_hitss_logo?e=1782950400&v=beta&t=mu9QlY8BZnYQNSUZ1ny5uPSuIMEiBvx0L5YOua2efOs;-;https://www.linkedin.com/company/hitss-brasil/about/;Software e Serviços de TI;frontend OR javascript OR typescript OR html OR css OR react OR angular OR vue OR next.js OR wordpress OR (full AND stack);hitss brasil;2.0;Gupy;https://www.linkedin.com/jobs/view/4424888003/;https://www.linkedin.com/jobs/view/4424888003/;Remote;Full Stack;16/06/2026;;;;;Brasil;América do Sul
289;Hitss Brasil;21119-Desenvolvedor (a) Full Stack;Brasília (DF);11/06 20:00;https://www.linkedin.com/jobs/view/4424835135/;https://media.licdn.com/dms/image/v2/D4D0BAQHU9akE4trzfQ/company-logo_100_100/company-logo_100_100/0/1737119189689/global_hitss_logo?e=1782950400&v=beta&t=mu9QlY8BZnYQNSUZ1ny5uPSuIMEiBvx0L5YOua2efOs;-;https://www.linkedin.com/company/hitss-brasil/about/;Software e Serviços de TI;frontend OR javascript OR typescript OR html OR css OR react OR angular OR vue OR next.js OR wordpress OR (full AND stack);hitss brasil;2.0;Gupy;https://www.linkedin.com/jobs/view/4424835135/;https://www.linkedin.com/jobs/view/4424835135/;On-site;Full Stack;16/06/2026;;Distrito Federal;DF;Região Centro-Oeste;Brasil;América do Sul
290;Hopper;Senior Full Stack Product Engineer;Brasil;11/06 20:00;https://www.linkedin.com/jobs/view/4385260277/;https://media.licdn.com/dms/image/v2/C4D0BAQH3AvtQFmKeXQ/company-logo_100_100/company-logo_100_100/0/1631343924542?e=1782950400&v=beta&t=P2fY0BOEjE3DxKdpGR9Yb93BUHzcprmPLHMi0X1mTt8;Advanced > Information Technology;https://www.linkedin.com/company/hopper/about/;-;frontend OR javascript OR typescript OR html OR css OR react OR angular OR vue OR next.js OR wordpress OR (full AND stack);hopper;1.0;jobs.ashbyhq.com;https://www.linkedin.com/jobs/view/4385260277/;https://www.linkedin.com/jobs/view/4385260277/;Remote;Senior, Full Stack, Engenharia Geral;16/06/2026;;;;;Brasil;América do Sul
291;Hopper;Senior Full Stack Product Engineer;Brasil;10/06 20:00;https://www.linkedin.com/jobs/view/4385256473/;https://media.licdn.com/dms/image/v2/C4D0BAQH3AvtQFmKeXQ/company-logo_100_100/company-logo_100_100/0/1631343924542?e=1782950400&v=beta&t=P2fY0BOEjE3DxKdpGR9Yb93BUHzcprmPLHMi0X1mTt8;Advanced > Information Technology;https://www.linkedin.com/company/hopper/about/;-;frontend OR javascript OR typescript OR html OR css OR react OR angular OR vue OR next.js OR wordpress OR (full AND stack);hopper;1.0;jobs.ashbyhq.com;https://www.linkedin.com/jobs/view/4385256473/;https://www.linkedin.com/jobs/view/4385256473/;Remote;Senior, Full Stack, Engenharia Geral;16/06/2026;;;;;Brasil;América do Sul
292;Hopper;Senior Full Stack Product Engineer;Rio de Janeiro (RJ);11/06 20:00;https://www.linkedin.com/jobs/view/4385249744/;https://media.licdn.com/dms/image/v2/C4D0BAQH3AvtQFmKeXQ/company-logo_100_100/company-logo_100_100/0/1631343924542?e=1782950400&v=beta&t=P2fY0BOEjE3DxKdpGR9Yb93BUHzcprmPLHMi0X1mTt8;Advanced > Information Technology;https://www.linkedin.com/company/hopper/about/;-;frontend OR javascript OR typescript OR html OR css OR react OR angular OR vue OR next.js OR wordpress OR (full AND stack);hopper;1.0;jobs.ashbyhq.com;https://www.linkedin.com/jobs/view/4385249744/;https://www.linkedin.com/jobs/view/4385249744/;Remote;Senior, Full Stack, Engenharia Geral;16/06/2026;Rio de Janeiro;Rio de Janeiro;RJ;Região Sudeste;Brasil;América do Sul
293;Hopper;Senior Full Stack Product Engineer;São Paulo (SP);10/06 20:00;https://www.linkedin.com/jobs/view/4385244855/;https://media.licdn.com/dms/image/v2/C4D0BAQH3AvtQFmKeXQ/company-logo_100_100/company-logo_100_100/0/1631343924542?e=1782950400&v=beta&t=P2fY0BOEjE3DxKdpGR9Yb93BUHzcprmPLHMi0X1mTt8;Advanced > Information Technology;https://www.linkedin.com/company/hopper/about/;-;frontend OR javascript OR typescript OR html OR css OR react OR angular OR vue OR next.js OR wordpress OR (full AND stack);hopper;1.0;jobs.ashbyhq.com;https://www.linkedin.com/jobs/view/4385244855/;https://www.linkedin.com/jobs/view/4385244855/;Remote;Senior, Full Stack, Engenharia Geral;16/06/2026;São Paulo;São Paulo;SP;Região Sudeste;Brasil;América do Sul
294;Hopper;Senior Full Stack Product Engineer;São Sebastião do Alto (RJ);13/06 20:00;https://www.linkedin.com/jobs/view/4417541618/;https://media.licdn.com/dms/image/v2/C4D0BAQH3AvtQFmKeXQ/company-logo_100_100/company-logo_100_100/0/1631343924542?e=1782950400&v=beta&t=P2fY0BOEjE3DxKdpGR9Yb93BUHzcprmPLHMi0X1mTt8;Advanced > Information Technology;https://www.linkedin.com/company/hopper/about/;-;frontend OR javascript OR typescript OR html OR css OR react OR angular OR vue OR next.js OR wordpress OR (full AND stack);hopper;1.0;jobs.ashbyhq.com;https://www.linkedin.com/jobs/view/4417541618/;https://www.linkedin.com/jobs/view/4417541618/;Remote;Senior, Full Stack, Engenharia Geral;16/06/2026;São Sebastião do Alto;Rio de Janeiro;RJ;Região Sudeste;Brasil;América do Sul
295;Hotmart;Software Engineer Pleno (Frontend);Belo Horizonte (MG);10/06 20:00;https://www.linkedin.com/jobs/view/4408225405/;https://media.licdn.com/dms/image/v2/D4D0BAQG9AjmUNc5lgg/company-logo_100_100/B4DZY515wsGwAY-/0/1744727154307/hotmart_logo?e=1782950400&v=beta&t=0bqkt297foYfIOqqWqtlhgS4MdOAEGaC102nGVkL1c4;Advanced > Information Technology;https://www.linkedin.com/company/hotmart/about/;Software e Serviços de TI;frontend OR javascript OR typescript OR html OR css OR react OR angular OR vue OR next.js OR wordpress OR (full AND stack);hotmart;5.0;Greenhouse;https://www.linkedin.com/jobs/view/4408225405/;https://www.linkedin.com/jobs/view/4408225405/;On-site;Mid, TI/Tech, Frontend, Engenharia Geral;16/06/2026;Belo Horizonte;Minas Gerais;MG;Região Sudeste;Brasil;América do Sul
296;INDI Staffing Services;Junior JavaScript Developer - Remote Work;América Latina;10/06 20:00;https://www.linkedin.com/jobs/view/4426796917/;https://media.licdn.com/dms/image/v2/D560BAQErXjIzfHesyQ/company-logo_100_100/company-logo_100_100/0/1666898446316/indi_staffing_services_logo?e=1782950400&v=beta&t=Oo-ebA2d5pKcTOS9Ch6KNd0ZjMmhPtdVHpH0aWfDz8c;Advanced > Information Technology;https://www.linkedin.com/company/indi-staffing-services/about/;-;frontend OR javascript OR typescript OR html OR css OR react OR angular OR vue OR next.js OR wordpress OR (full AND stack);indi staffing services;1.0;LinkedIn (Easy Apply);https://www.linkedin.com/jobs/view/4426796917/;https://www.linkedin.com/jobs/view/4426796917/;Remote;Junior;16/06/2026;;;;;;América Latina
297;INDI Staffing Services;Junior React Developer - Remote Work;América Latina;10/06 20:00;https://www.linkedin.com/jobs/view/4427008943/;https://media.licdn.com/dms/image/v2/D560BAQErXjIzfHesyQ/company-logo_100_100/company-logo_100_100/0/1666898446316/indi_staffing_services_logo?e=1782950400&v=beta&t=Oo-ebA2d5pKcTOS9Ch6KNd0ZjMmhPtdVHpH0aWfDz8c;Advanced > Information Technology;https://www.linkedin.com/company/indi-staffing-services/about/;-;frontend OR javascript OR typescript OR html OR css OR react OR angular OR vue OR next.js OR wordpress OR (full AND stack);indi staffing services;1.0;LinkedIn (Easy Apply);https://www.linkedin.com/jobs/view/4427008943/;https://www.linkedin.com/jobs/view/4427008943/;Remote;Junior;16/06/2026;;;;;;América Latina
298;INDI Staffing Services;React Developer - Remote Work;América Latina;10/06 20:00;https://www.linkedin.com/jobs/view/4427025170/;https://media.licdn.com/dms/image/v2/D560BAQErXjIzfHesyQ/company-logo_100_100/company-logo_100_100/0/1666898446316/indi_staffing_services_logo?e=1782950400&v=beta&t=Oo-ebA2d5pKcTOS9Ch6KNd0ZjMmhPtdVHpH0aWfDz8c;Advanced > Information Technology;https://www.linkedin.com/company/indi-staffing-services/about/;-;frontend OR javascript OR typescript OR html OR css OR react OR angular OR vue OR next.js OR wordpress OR (full AND stack);indi staffing services;1.0;LinkedIn (Easy Apply);https://www.linkedin.com/jobs/view/4427025170/;https://www.linkedin.com/jobs/view/4427025170/;Remote;-;16/06/2026;;;;;;América Latina
299;INDI Staffing Services;React Software Developer - Remote;América Latina;10/06 20:00;https://www.linkedin.com/jobs/view/4427033483/;https://media.licdn.com/dms/image/v2/D560BAQErXjIzfHesyQ/company-logo_100_100/company-logo_100_100/0/1666898446316/indi_staffing_services_logo?e=1782950400&v=beta&t=Oo-ebA2d5pKcTOS9Ch6KNd0ZjMmhPtdVHpH0aWfDz8c;Advanced > Information Technology;https://www.linkedin.com/company/indi-staffing-services/about/;Software e Serviços de TI;frontend OR javascript OR typescript OR html OR css OR react OR angular OR vue OR next.js OR wordpress OR (full AND stack);indi staffing services;1.0;LinkedIn (Easy Apply);https://www.linkedin.com/jobs/view/4427033483/;https://www.linkedin.com/jobs/view/4427033483/;Remote;TI/Tech;16/06/2026;;;;;;América Latina
300;INDI Staffing Services;React Developer - Remote Work;Brasil;10/06 20:00;https://www.linkedin.com/jobs/view/4427037094/;https://media.licdn.com/dms/image/v2/D560BAQErXjIzfHesyQ/company-logo_100_100/company-logo_100_100/0/1666898446316/indi_staffing_services_logo?e=1782950400&v=beta&t=Oo-ebA2d5pKcTOS9Ch6KNd0ZjMmhPtdVHpH0aWfDz8c;Advanced > Information Technology;https://www.linkedin.com/company/indi-staffing-services/about/;-;frontend OR javascript OR typescript OR html OR css OR react OR angular OR vue OR next.js OR wordpress OR (full AND stack);indi staffing services;1.0;LinkedIn (Easy Apply);https://www.linkedin.com/jobs/view/4427037094/;https://www.linkedin.com/jobs/view/4427037094/;Remote;-;16/06/2026;;;;;Brasil;América do Sul
301;INDI Staffing Services;React Developer - Remote Work;Goiânia (GO);10/06 20:00;https://www.linkedin.com/jobs/view/4427030195/;https://media.licdn.com/dms/image/v2/D560BAQErXjIzfHesyQ/company-logo_100_100/company-logo_100_100/0/1666898446316/indi_staffing_services_logo?e=1782950400&v=beta&t=Oo-ebA2d5pKcTOS9Ch6KNd0ZjMmhPtdVHpH0aWfDz8c;Advanced > Information Technology;https://www.linkedin.com/company/indi-staffing-services/about/;-;frontend OR javascript OR typescript OR html OR css OR react OR angular OR vue OR next.js OR wordpress OR (full AND stack);indi staffing services;1.0;LinkedIn (Easy Apply);https://www.linkedin.com/jobs/view/4427030195/;https://www.linkedin.com/jobs/view/4427030195/;Remote;-;16/06/2026;Goiânia;Goiás;GO;Região Centro-Oeste;Brasil;América do Sul
302;INDI Staffing Services;Senior React Developer - Remote;Grande São Paulo (SP) ;10/06 20:00;https://www.linkedin.com/jobs/view/4427017784/;https://media.licdn.com/dms/image/v2/D560BAQErXjIzfHesyQ/company-logo_100_100/company-logo_100_100/0/1666898446316/indi_staffing_services_logo?e=1782950400&v=beta&t=Oo-ebA2d5pKcTOS9Ch6KNd0ZjMmhPtdVHpH0aWfDz8c;Advanced > Information Technology;https://www.linkedin.com/company/indi-staffing-services/about/;-;frontend OR javascript OR typescript OR html OR css OR react OR angular OR vue OR next.js OR wordpress OR (full AND stack);indi staffing services;1.0;LinkedIn (Easy Apply);https://www.linkedin.com/jobs/view/4427017784/;https://www.linkedin.com/jobs/view/4427017784/;Remote;Senior;16/06/2026;;São Paulo;SP;Região Sudeste;Brasil;América do Sul
303;INDI Staffing Services;Junior React Developer - Remote Work;RJ;10/06 20:00;https://www.linkedin.com/jobs/view/4426799942/;https://media.licdn.com/dms/image/v2/D560BAQErXjIzfHesyQ/company-logo_100_100/company-logo_100_100/0/1666898446316/indi_staffing_services_logo?e=1782950400&v=beta&t=Oo-ebA2d5pKcTOS9Ch6KNd0ZjMmhPtdVHpH0aWfDz8c;Advanced > Information Technology;https://www.linkedin.com/company/indi-staffing-services/about/;-;frontend OR javascript OR typescript OR html OR css OR react OR angular OR vue OR next.js OR wordpress OR (full AND stack);indi staffing services;1.0;LinkedIn (Easy Apply);https://www.linkedin.com/jobs/view/4426799942/;https://www.linkedin.com/jobs/view/4426799942/;Remote;Junior;16/06/2026;;Rio de Janeiro;RJ;Região Sudeste;Brasil;América do Sul
304;INDI Staffing Services;Javascript Developer - Remote Work;SP;10/06 20:00;https://www.linkedin.com/jobs/view/4427012673/;https://media.licdn.com/dms/image/v2/D560BAQErXjIzfHesyQ/company-logo_100_100/company-logo_100_100/0/1666898446316/indi_staffing_services_logo?e=1782950400&v=beta&t=Oo-ebA2d5pKcTOS9Ch6KNd0ZjMmhPtdVHpH0aWfDz8c;Advanced > Information Technology;https://www.linkedin.com/company/indi-staffing-services/about/;-;frontend OR javascript OR typescript OR html OR css OR react OR angular OR vue OR next.js OR wordpress OR (full AND stack);indi staffing services;1.0;LinkedIn (Easy Apply);https://www.linkedin.com/jobs/view/4427012673/;https://www.linkedin.com/jobs/view/4427012673/;Remote;-;16/06/2026;;São Paulo;SP;Região Sudeste;Brasil;América do Sul
305;INDI Staffing Services;Junior React Developer - Remote Work;SP;10/06 20:00;https://www.linkedin.com/jobs/view/4427013834/;https://media.licdn.com/dms/image/v2/D560BAQErXjIzfHesyQ/company-logo_100_100/company-logo_100_100/0/1666898446316/indi_staffing_services_logo?e=1782950400&v=beta&t=Oo-ebA2d5pKcTOS9Ch6KNd0ZjMmhPtdVHpH0aWfDz8c;Advanced > Information Technology;https://www.linkedin.com/company/indi-staffing-services/about/;-;frontend OR javascript OR typescript OR html OR css OR react OR angular OR vue OR next.js OR wordpress OR (full AND stack);indi staffing services;1.0;LinkedIn (Easy Apply);https://www.linkedin.com/jobs/view/4427013834/;https://www.linkedin.com/jobs/view/4427013834/;Remote;Junior;16/06/2026;;São Paulo;SP;Região Sudeste;Brasil;América do Sul
306;INDI Staffing Services;React Developer - Remote Work;SP;10/06 20:00;https://www.linkedin.com/jobs/view/4427030193/;https://media.licdn.com/dms/image/v2/D560BAQErXjIzfHesyQ/company-logo_100_100/company-logo_100_100/0/1666898446316/indi_staffing_services_logo?e=1782950400&v=beta&t=Oo-ebA2d5pKcTOS9Ch6KNd0ZjMmhPtdVHpH0aWfDz8c;Advanced > Information Technology;https://www.linkedin.com/company/indi-staffing-services/about/;-;frontend OR javascript OR typescript OR html OR css OR react OR angular OR vue OR next.js OR wordpress OR (full AND stack);indi staffing services;1.0;LinkedIn (Easy Apply);https://www.linkedin.com/jobs/view/4427030193/;https://www.linkedin.com/jobs/view/4427030193/;Remote;-;16/06/2026;;São Paulo;SP;Região Sudeste;Brasil;América do Sul
307;INDI Staffing Services;React Tech Lead - Remote Work;SP;10/06 20:00;https://www.linkedin.com/jobs/view/4427026572/;https://media.licdn.com/dms/image/v2/D560BAQErXjIzfHesyQ/company-logo_100_100/company-logo_100_100/0/1666898446316/indi_staffing_services_logo?e=1782950400&v=beta&t=Oo-ebA2d5pKcTOS9Ch6KNd0ZjMmhPtdVHpH0aWfDz8c;Middle > Manager;https://www.linkedin.com/company/indi-staffing-services/about/;Software e Serviços de TI;frontend OR javascript OR typescript OR html OR css OR react OR angular OR vue OR next.js OR wordpress OR (full AND stack);indi staffing services;1.0;LinkedIn (Easy Apply);https://www.linkedin.com/jobs/view/4427026572/;https://www.linkedin.com/jobs/view/4427026572/;Remote;Mid, Liderança/Gerência, TI/Tech;16/06/2026;;São Paulo;SP;Região Sudeste;Brasil;América do Sul
308;Ibrowse Consultoria e Informática;PROGRAMADOR JAVA FULLSTACK SR (SPRING+ANGULAR) - REMOTO;Brasil;13/06 20:00;https://www.linkedin.com/jobs/view/4425315864/;https://media.licdn.com/dms/image/v2/D4D0BAQG3sBdketdPbQ/company-logo_100_100/company-logo_100_100/0/1733149107395/ibrowse_consultoria_e_inform_tica_logo?e=1782950400&v=beta&t=0P1RMlzuxx_9MJiq9wmEYjN0XoT8eTLuI5-SmYArSQY;-;https://www.linkedin.com/company/ibrowse-consultoria-e-inform-tica/about/;Consultoria e Assessoria;frontend OR javascript OR typescript OR html OR css OR react OR angular OR vue OR next.js OR wordpress OR (full AND stack);ibrowse consultoria e informática;1.0;ibrowse.factorialhr.com.br;https://www.linkedin.com/jobs/view/4425315864/;https://www.linkedin.com/jobs/view/4425315864/;Remote;Senior, Full Stack;16/06/2026;;;;;Brasil;América do Sul
309;Infosys;Desenvolvedor Full Stack (Java + Angular);São Paulo (SP);13/06 20:00;https://www.linkedin.com/jobs/view/4406631660/;https://media.licdn.com/dms/image/v2/D560BAQEv67uGFge5Sw/company-logo_100_100/B56ZfEsEVpHoAU-/0/1751351576332/infosys_logo?e=1782950400&v=beta&t=jFZsCLlChmyZ7aYmfyvF6IdSTRgnxh-WtBUtwsl17Pg;-;https://www.linkedin.com/company/infosys/about/;-;frontend OR javascript OR typescript OR html OR css OR react OR angular OR vue OR next.js OR wordpress OR (full AND stack);infosys;1.0;digitalcareers.infosys.com;https://www.linkedin.com/jobs/view/4406631660/;https://www.linkedin.com/jobs/view/4406631660/;On-site;Full Stack;16/06/2026;São Paulo;São Paulo;SP;Região Sudeste;Brasil;América do Sul
310;Insight Global;Full Stack Engineer;Brasil;10/06 20:00;https://www.linkedin.com/jobs/view/4426100442/;https://media.licdn.com/dms/image/v2/D4E0BAQFsilUknr_Obw/company-logo_100_100/B4EZ6xyGlnGQAM-/0/1781099162946/insight_global_logo?e=1782950400&v=beta&t=gHDgkipU8Ckq5tBpaOCgd_ahVNkd3oH0qSwoWTe4XZc;Advanced > Information Technology;https://www.linkedin.com/company/insight-global/about/;-;frontend OR javascript OR typescript OR html OR css OR react OR angular OR vue OR next.js OR wordpress OR (full AND stack);insight global;1.0;LinkedIn (Easy Apply);https://www.linkedin.com/jobs/view/4426100442/;https://www.linkedin.com/jobs/view/4426100442/;Remote;Full Stack, Engenharia Geral;16/06/2026;;;;;Brasil;América do Sul
311;Itaú Unibanco;Pessoa Desenvolvedora Frontend - Agentic Development Platform - STACKSPOT;Grande São Paulo (SP) ;16/06 17:00;https://www.linkedin.com/jobs/view/4426856903/;https://media.licdn.com/dms/image/v2/D4D0BAQGmyPiGIU-69w/company-logo_100_100/B4DZZFc2k4GgAQ-/0/1744921914031/itau_logo?e=1782950400&v=beta&t=T64ULRpJVo00qA2wgz6pIwrUeTDbv0QN6Xidz-zn4qo;-;https://www.linkedin.com/company/ita-unibanco/about/;Serviços Financeiros;frontend OR javascript OR typescript OR html OR css OR react OR angular OR vue OR next.js OR wordpress OR (full AND stack);itaú unibanco;5.0;carreiras.itau.com.br;https://www.linkedin.com/jobs/view/4426856903/;https://www.linkedin.com/jobs/view/4426856903/;Hybrid;PCD / Afirmativa, Frontend;16/06/2026;;São Paulo;SP;Região Sudeste;Brasil;América do Sul
312;Itaú Unibanco;Engenharia de Software Pleno -Angular;São Paulo (SP);11/06 20:00;https://www.linkedin.com/jobs/view/4423669463/;https://media.licdn.com/dms/image/v2/D4D0BAQGmyPiGIU-69w/company-logo_100_100/B4DZZFc2k4GgAQ-/0/1744921914031/itau_logo?e=1782950400&v=beta&t=T64ULRpJVo00qA2wgz6pIwrUeTDbv0QN6Xidz-zn4qo;-;https://www.linkedin.com/company/ita-unibanco/about/;Serviços Financeiros;frontend OR javascript OR typescript OR html OR css OR react OR angular OR vue OR next.js OR wordpress OR (full AND stack);itaú unibanco;5.0;carreiras.itau.com.br;https://www.linkedin.com/jobs/view/4423669463/;https://www.linkedin.com/jobs/view/4423669463/;Hybrid;Mid, TI/Tech, Engenharia Geral;16/06/2026;São Paulo;São Paulo;SP;Região Sudeste;Brasil;América do Sul
313;Itaú Unibanco;Engenharia de Software Sênior - Angular - Seguros PF - Vaga Exclusiva para Mulheres;São Paulo (SP);11/06 20:00;https://www.linkedin.com/jobs/view/4427605031/;https://media.licdn.com/dms/image/v2/D4D0BAQGmyPiGIU-69w/company-logo_100_100/B4DZZFc2k4GgAQ-/0/1744921914031/itau_logo?e=1782950400&v=beta&t=T64ULRpJVo00qA2wgz6pIwrUeTDbv0QN6Xidz-zn4qo;-;https://www.linkedin.com/company/ita-unibanco/about/;Seguros e Previdência;frontend OR javascript OR typescript OR html OR css OR react OR angular OR vue OR next.js OR wordpress OR (full AND stack);itaú unibanco;5.0;carreiras.itau.com.br;https://www.linkedin.com/jobs/view/4427605031/;https://www.linkedin.com/jobs/view/4427605031/;On-site;Senior, TI/Tech, Engenharia Geral;16/06/2026;São Paulo;São Paulo;SP;Região Sudeste;Brasil;América do Sul
314;Jobgether;Desenvolvedor Baixa Plataforma - Front-end Web Angular;Brasil;12/06 20:00;https://www.linkedin.com/jobs/view/4426921155/;https://media.licdn.com/dms/image/v2/D4E0BAQHdx4NngvFyPA/company-logo_100_100/B4EZ5GHh6CHEAU-/0/1779292839822/jobgether_logo?e=1782950400&v=beta&t=F8jfOuvH2MEYvl2N6o8eOfwvqXaXoYckUeH1NhyZmmg;-;https://www.linkedin.com/company/jobgether/about/;-;frontend OR javascript OR typescript OR html OR css OR react OR angular OR vue OR next.js OR wordpress OR (full AND stack);jobgether;1.0;LinkedIn (Easy Apply);https://www.linkedin.com/jobs/view/4426921155/;https://www.linkedin.com/jobs/view/4426921155/;Remote;Frontend;16/06/2026;;;;;Brasil;América do Sul
315;Jobgether;Desenvolvedor Full Stack (Java|Angular);Brasil;12/06 20:00;https://www.linkedin.com/jobs/view/4426949652/;https://media.licdn.com/dms/image/v2/D4E0BAQHdx4NngvFyPA/company-logo_100_100/B4EZ5GHh6CHEAU-/0/1779292839822/jobgether_logo?e=1782950400&v=beta&t=F8jfOuvH2MEYvl2N6o8eOfwvqXaXoYckUeH1NhyZmmg;-;https://www.linkedin.com/company/jobgether/about/;-;frontend OR javascript OR typescript OR html OR css OR react OR angular OR vue OR next.js OR wordpress OR (full AND stack);jobgether;1.0;LinkedIn (Easy Apply);https://www.linkedin.com/jobs/view/4426949652/;https://www.linkedin.com/jobs/view/4426949652/;Remote;Full Stack;16/06/2026;;;;;Brasil;América do Sul
316;Jobgether;Desenvolvedor Fullstack (JavaScript, TypeScript, Node.js e React.js);Brasil;11/06 20:00;https://www.linkedin.com/jobs/view/4423614633/;https://media.licdn.com/dms/image/v2/D4E0BAQHdx4NngvFyPA/company-logo_100_100/B4EZ5GHh6CHEAU-/0/1779292839822/jobgether_logo?e=1782950400&v=beta&t=F8jfOuvH2MEYvl2N6o8eOfwvqXaXoYckUeH1NhyZmmg;-;https://www.linkedin.com/company/jobgether/about/;-;frontend OR javascript OR typescript OR html OR css OR react OR angular OR vue OR next.js OR wordpress OR (full AND stack);jobgether;1.0;LinkedIn (Easy Apply);https://www.linkedin.com/jobs/view/4423614633/;https://www.linkedin.com/jobs/view/4423614633/;Remote;Full Stack;16/06/2026;;;;;Brasil;América do Sul
317;Jobgether;Desenvolvedor Fullstack Pleno (Java e Angular);Brasil;12/06 20:00;https://www.linkedin.com/jobs/view/4426942266/;https://media.licdn.com/dms/image/v2/D4E0BAQHdx4NngvFyPA/company-logo_100_100/B4EZ5GHh6CHEAU-/0/1779292839822/jobgether_logo?e=1782950400&v=beta&t=F8jfOuvH2MEYvl2N6o8eOfwvqXaXoYckUeH1NhyZmmg;-;https://www.linkedin.com/company/jobgether/about/;-;frontend OR javascript OR typescript OR html OR css OR react OR angular OR vue OR next.js OR wordpress OR (full AND stack);jobgether;1.0;LinkedIn (Easy Apply);https://www.linkedin.com/jobs/view/4426942266/;https://www.linkedin.com/jobs/view/4426942266/;Remote;Mid, Full Stack;16/06/2026;;;;;Brasil;América do Sul
318;Jobgether;Desenvolvedor React Native Pl;Brasil;16/06 02:00;https://www.linkedin.com/jobs/view/4426463829/;https://media.licdn.com/dms/image/v2/D4E0BAQHdx4NngvFyPA/company-logo_100_100/B4EZ5GHh6CHEAU-/0/1779292839822/jobgether_logo?e=1782950400&v=beta&t=F8jfOuvH2MEYvl2N6o8eOfwvqXaXoYckUeH1NhyZmmg;-;https://www.linkedin.com/company/jobgether/about/;Software e Serviços de TI;frontend OR javascript OR typescript OR html OR css OR react OR angular OR vue OR next.js OR wordpress OR (full AND stack);jobgether;1.0;LinkedIn (Easy Apply);https://www.linkedin.com/jobs/view/4426463829/;https://www.linkedin.com/jobs/view/4426463829/;Remote;Mid;16/06/2026;;;;;Brasil;América do Sul
319;Jobgether;Developer React Pleno;Brasil;10/06 20:00;https://www.linkedin.com/jobs/view/4426068057/;https://media.licdn.com/dms/image/v2/D4E0BAQHdx4NngvFyPA/company-logo_100_100/B4EZ5GHh6CHEAU-/0/1779292839822/jobgether_logo?e=1782950400&v=beta&t=F8jfOuvH2MEYvl2N6o8eOfwvqXaXoYckUeH1NhyZmmg;Advanced > Information Technology;https://www.linkedin.com/company/jobgether/about/;-;frontend OR javascript OR typescript OR html OR css OR react OR angular OR vue OR next.js OR wordpress OR (full AND stack);jobgether;1.0;LinkedIn (Easy Apply);https://www.linkedin.com/jobs/view/4426068057/;https://www.linkedin.com/jobs/view/4426068057/;Remote;Mid;16/06/2026;;;;;Brasil;América do Sul
320;Jobgether;ESPECIALISTA REACT NATIVE;Brasil;16/06 08:00;https://www.linkedin.com/jobs/view/4426801240/;https://media.licdn.com/dms/image/v2/D4E0BAQHdx4NngvFyPA/company-logo_100_100/B4EZ5GHh6CHEAU-/0/1779292839822/jobgether_logo?e=1782950400&v=beta&t=F8jfOuvH2MEYvl2N6o8eOfwvqXaXoYckUeH1NhyZmmg;Advanced > Specialist;https://www.linkedin.com/company/jobgether/about/;Software e Serviços de TI;frontend OR javascript OR typescript OR html OR css OR react OR angular OR vue OR next.js OR wordpress OR (full AND stack);jobgether;1.0;LinkedIn (Easy Apply);https://www.linkedin.com/jobs/view/4426801240/;https://www.linkedin.com/jobs/view/4426801240/;Remote;Specialist;16/06/2026;;;;;Brasil;América do Sul
321;Jobgether;Full Stack Engineer;Brasil;11/06 20:00;https://www.linkedin.com/jobs/view/4426219951/;https://media.licdn.com/dms/image/v2/D4E0BAQHdx4NngvFyPA/company-logo_100_100/B4EZ5GHh6CHEAU-/0/1779292839822/jobgether_logo?e=1782950400&v=beta&t=F8jfOuvH2MEYvl2N6o8eOfwvqXaXoYckUeH1NhyZmmg;Advanced > Information Technology;https://www.linkedin.com/company/jobgether/about/;-;frontend OR javascript OR typescript OR html OR css OR react OR angular OR vue OR next.js OR wordpress OR (full AND stack);jobgether;1.0;LinkedIn (Easy Apply);https://www.linkedin.com/jobs/view/4426219951/;https://www.linkedin.com/jobs/view/4426219951/;Remote;Full Stack, Engenharia Geral;16/06/2026;;;;;Brasil;América do Sul
322;Jobgether;Full Stack Software Engineer (Rust + React, TypeScript);Brasil;16/06 02:00;https://www.linkedin.com/jobs/view/4426466834/;https://media.licdn.com/dms/image/v2/D4E0BAQHdx4NngvFyPA/company-logo_100_100/B4EZ5GHh6CHEAU-/0/1779292839822/jobgether_logo?e=1782950400&v=beta&t=F8jfOuvH2MEYvl2N6o8eOfwvqXaXoYckUeH1NhyZmmg;Advanced > Information Technology;https://www.linkedin.com/company/jobgether/about/;Software e Serviços de TI;frontend OR javascript OR typescript OR html OR css OR react OR angular OR vue OR next.js OR wordpress OR (full AND stack);jobgether;1.0;LinkedIn (Easy Apply);https://www.linkedin.com/jobs/view/4426466834/;https://www.linkedin.com/jobs/view/4426466834/;Remote;TI/Tech, Full Stack, Engenharia Geral;16/06/2026;;;;;Brasil;América do Sul
323;Jobgether;Fullstack Developer (Python/Javascript/AWS);Brasil;16/06 02:00;https://www.linkedin.com/jobs/view/4426457793/;https://media.licdn.com/dms/image/v2/D4E0BAQHdx4NngvFyPA/company-logo_100_100/B4EZ5GHh6CHEAU-/0/1779292839822/jobgether_logo?e=1782950400&v=beta&t=F8jfOuvH2MEYvl2N6o8eOfwvqXaXoYckUeH1NhyZmmg;Advanced > Information Technology;https://www.linkedin.com/company/jobgether/about/;-;frontend OR javascript OR typescript OR html OR css OR react OR angular OR vue OR next.js OR wordpress OR (full AND stack);jobgether;1.0;LinkedIn (Easy Apply);https://www.linkedin.com/jobs/view/4426457793/;https://www.linkedin.com/jobs/view/4426457793/;Remote;Cloud (AWS/GCP/Azure), Full Stack;16/06/2026;;;;;Brasil;América do Sul
324;Jobgether;Mid Level/Senior Developer Fullstack (.Net e Angular/AWS), (Exclusiva para Pessoa com Deficiência);Brasil;16/06 08:00;https://www.linkedin.com/jobs/view/4426810159/;https://media.licdn.com/dms/image/v2/D4E0BAQHdx4NngvFyPA/company-logo_100_100/B4EZ5GHh6CHEAU-/0/1779292839822/jobgether_logo?e=1782950400&v=beta&t=F8jfOuvH2MEYvl2N6o8eOfwvqXaXoYckUeH1NhyZmmg;Advanced > Information Technology;https://www.linkedin.com/company/jobgether/about/;-;frontend OR javascript OR typescript OR html OR css OR react OR angular OR vue OR next.js OR wordpress OR (full AND stack);jobgether;1.0;LinkedIn (Easy Apply);https://www.linkedin.com/jobs/view/4426810159/;https://www.linkedin.com/jobs/view/4426810159/;Remote;PCD / Afirmativa, Senior, Mid, Cloud (AWS/GCP/Azure), Full Stack;16/06/2026;;;;;Brasil;América do Sul
325;Jobgether;Pessoa Desenvolvedora Frontend Sr;Brasil;16/06 08:00;https://www.linkedin.com/jobs/view/4426806405/;https://media.licdn.com/dms/image/v2/D4E0BAQHdx4NngvFyPA/company-logo_100_100/B4EZ5GHh6CHEAU-/0/1779292839822/jobgether_logo?e=1782950400&v=beta&t=F8jfOuvH2MEYvl2N6o8eOfwvqXaXoYckUeH1NhyZmmg;-;https://www.linkedin.com/company/jobgether/about/;-;frontend OR javascript OR typescript OR html OR css OR react OR angular OR vue OR next.js OR wordpress OR (full AND stack);jobgether;1.0;LinkedIn (Easy Apply);https://www.linkedin.com/jobs/view/4426806405/;https://www.linkedin.com/jobs/view/4426806405/;Remote;PCD / Afirmativa, Senior, Frontend;16/06/2026;;;;;Brasil;América do Sul
326;Jobgether;Pessoa Desenvolvedora FullStack Sênior (Python e React);Brasil;12/06 20:00;https://www.linkedin.com/jobs/view/4426957329/;https://media.licdn.com/dms/image/v2/D4E0BAQHdx4NngvFyPA/company-logo_100_100/B4EZ5GHh6CHEAU-/0/1779292839822/jobgether_logo?e=1782950400&v=beta&t=F8jfOuvH2MEYvl2N6o8eOfwvqXaXoYckUeH1NhyZmmg;-;https://www.linkedin.com/company/jobgether/about/;-;frontend OR javascript OR typescript OR html OR css OR react OR angular OR vue OR next.js OR wordpress OR (full AND stack);jobgether;1.0;LinkedIn (Easy Apply);https://www.linkedin.com/jobs/view/4426957329/;https://www.linkedin.com/jobs/view/4426957329/;Remote;PCD / Afirmativa, Senior, Full Stack;16/06/2026;;;;;Brasil;América do Sul
327;Jobgether;Senior Frontend Engineer (Angular);Brasil;12/06 20:00;https://www.linkedin.com/jobs/view/4426945221/;https://media.licdn.com/dms/image/v2/D4E0BAQHdx4NngvFyPA/company-logo_100_100/B4EZ5GHh6CHEAU-/0/1779292839822/jobgether_logo?e=1782950400&v=beta&t=F8jfOuvH2MEYvl2N6o8eOfwvqXaXoYckUeH1NhyZmmg;Advanced > Information Technology;https://www.linkedin.com/company/jobgether/about/;-;frontend OR javascript OR typescript OR html OR css OR react OR angular OR vue OR next.js OR wordpress OR (full AND stack);jobgether;1.0;LinkedIn (Easy Apply);https://www.linkedin.com/jobs/view/4426945221/;https://www.linkedin.com/jobs/view/4426945221/;Remote;Senior, Frontend, Engenharia Geral;16/06/2026;;;;;Brasil;América do Sul
328;Jobgether;Senior Frontend Engineer - Contractor;Brasil;12/06 20:00;https://www.linkedin.com/jobs/view/4426958110/;https://media.licdn.com/dms/image/v2/D4E0BAQHdx4NngvFyPA/company-logo_100_100/B4EZ5GHh6CHEAU-/0/1779292839822/jobgether_logo?e=1782950400&v=beta&t=F8jfOuvH2MEYvl2N6o8eOfwvqXaXoYckUeH1NhyZmmg;Advanced > Information Technology;https://www.linkedin.com/company/jobgether/about/;-;frontend OR javascript OR typescript OR html OR css OR react OR angular OR vue OR next.js OR wordpress OR (full AND stack);jobgether;1.0;LinkedIn (Easy Apply);https://www.linkedin.com/jobs/view/4426958110/;https://www.linkedin.com/jobs/view/4426958110/;Remote;Freelance/PJ, Senior, Frontend, Engenharia Geral;16/06/2026;;;;;Brasil;América do Sul
329;Jobgether;Senior Full Stack Developer;Brasil;16/06 07:00;https://www.linkedin.com/jobs/view/4426800247/;https://media.licdn.com/dms/image/v2/D4E0BAQHdx4NngvFyPA/company-logo_100_100/B4EZ5GHh6CHEAU-/0/1779292839822/jobgether_logo?e=1782950400&v=beta&t=F8jfOuvH2MEYvl2N6o8eOfwvqXaXoYckUeH1NhyZmmg;Advanced > Information Technology;https://www.linkedin.com/company/jobgether/about/;-;frontend OR javascript OR typescript OR html OR css OR react OR angular OR vue OR next.js OR wordpress OR (full AND stack);jobgether;1.0;LinkedIn (Easy Apply);https://www.linkedin.com/jobs/view/4426800247/;https://www.linkedin.com/jobs/view/4426800247/;Remote;Senior, Full Stack;16/06/2026;;;;;Brasil;América do Sul
330;Jobgether;Senior Full Stack Developer;Brasil;12/06 20:00;https://www.linkedin.com/jobs/view/4426938699/;https://media.licdn.com/dms/image/v2/D4E0BAQHdx4NngvFyPA/company-logo_100_100/B4EZ5GHh6CHEAU-/0/1779292839822/jobgether_logo?e=1782950400&v=beta&t=F8jfOuvH2MEYvl2N6o8eOfwvqXaXoYckUeH1NhyZmmg;Advanced > Information Technology;https://www.linkedin.com/company/jobgether/about/;-;frontend OR javascript OR typescript OR html OR css OR react OR angular OR vue OR next.js OR wordpress OR (full AND stack);jobgether;1.0;LinkedIn (Easy Apply);https://www.linkedin.com/jobs/view/4426938699/;https://www.linkedin.com/jobs/view/4426938699/;Remote;Senior, Full Stack;16/06/2026;;;;;Brasil;América do Sul
331;Jobgether;Senior Full Stack Engineer;Brasil;10/06 20:00;https://www.linkedin.com/jobs/view/4426086839/;https://media.licdn.com/dms/image/v2/D4E0BAQHdx4NngvFyPA/company-logo_100_100/B4EZ5GHh6CHEAU-/0/1779292839822/jobgether_logo?e=1782950400&v=beta&t=F8jfOuvH2MEYvl2N6o8eOfwvqXaXoYckUeH1NhyZmmg;Advanced > Information Technology;https://www.linkedin.com/company/jobgether/about/;-;frontend OR javascript OR typescript OR html OR css OR react OR angular OR vue OR next.js OR wordpress OR (full AND stack);jobgether;1.0;LinkedIn (Easy Apply);https://www.linkedin.com/jobs/view/4426086839/;https://www.linkedin.com/jobs/view/4426086839/;Remote;Senior, Full Stack, Engenharia Geral;16/06/2026;;;;;Brasil;América do Sul
332;Jobgether;Senior Full Stack Engineer;Brasil;10/06 20:00;https://www.linkedin.com/jobs/view/4426022912/;https://media.licdn.com/dms/image/v2/D4E0BAQHdx4NngvFyPA/company-logo_100_100/B4EZ5GHh6CHEAU-/0/1779292839822/jobgether_logo?e=1782950400&v=beta&t=F8jfOuvH2MEYvl2N6o8eOfwvqXaXoYckUeH1NhyZmmg;Advanced > Information Technology;https://www.linkedin.com/company/jobgether/about/;-;frontend OR javascript OR typescript OR html OR css OR react OR angular OR vue OR next.js OR wordpress OR (full AND stack);jobgether;1.0;LinkedIn (Easy Apply);https://www.linkedin.com/jobs/view/4426022912/;https://www.linkedin.com/jobs/view/4426022912/;Remote;Senior, Full Stack, Engenharia Geral;16/06/2026;;;;;Brasil;América do Sul
333;Jobgether;Senior Shopify Full Stack Developer;Brasil;15/06 20:00;https://www.linkedin.com/jobs/view/4427474059/;https://media.licdn.com/dms/image/v2/D4E0BAQHdx4NngvFyPA/company-logo_100_100/B4EZ5GHh6CHEAU-/0/1779292839822/jobgether_logo?e=1782950400&v=beta&t=F8jfOuvH2MEYvl2N6o8eOfwvqXaXoYckUeH1NhyZmmg;Advanced > Information Technology;https://www.linkedin.com/company/jobgether/about/;-;frontend OR javascript OR typescript OR html OR css OR react OR angular OR vue OR next.js OR wordpress OR (full AND stack);jobgether;1.0;LinkedIn (Easy Apply);https://www.linkedin.com/jobs/view/4427474059/;https://www.linkedin.com/jobs/view/4427474059/;Remote;Senior, Full Stack;16/06/2026;;;;;Brasil;América do Sul
334;Jobgether;Wordpress Engineering Lead;Brasil;10/06 20:00;https://www.linkedin.com/jobs/view/4426061253/;https://media.licdn.com/dms/image/v2/D4E0BAQHdx4NngvFyPA/company-logo_100_100/B4EZ5GHh6CHEAU-/0/1779292839822/jobgether_logo?e=1782950400&v=beta&t=F8jfOuvH2MEYvl2N6o8eOfwvqXaXoYckUeH1NhyZmmg;Middle > Manager;https://www.linkedin.com/company/jobgether/about/;-;frontend OR javascript OR typescript OR html OR css OR react OR angular OR vue OR next.js OR wordpress OR (full AND stack);jobgether;1.0;LinkedIn (Easy Apply);https://www.linkedin.com/jobs/view/4426061253/;https://www.linkedin.com/jobs/view/4426061253/;Remote;Mid, Liderança/Gerência, Engenharia Geral;16/06/2026;;;;;Brasil;América do Sul
335;Jobsity;Full Stack Engineer (Go / Angular);América Latina;16/06 20:00;https://www.linkedin.com/jobs/view/4429738266/;https://media.licdn.com/dms/image/v2/D4D0BAQGoP4Miauc83g/company-logo_100_100/B4DZWlK0yUHAAg-/0/1742232833598/jobsity_llc_logo?e=1782950400&v=beta&t=fHl7xCKUJUUPuUoKtFZg4Ws-WJlXhhVsvWgVTeJJ8rc;Advanced > Information Technology;https://www.linkedin.com/company/jobsity/about/;Software e Serviços de TI;frontend OR javascript OR typescript OR html OR css OR react OR angular OR vue OR next.js OR wordpress OR (full AND stack);jobsity;1;;https://www.linkedin.com/jobs/view/4429738266/;https://www.linkedin.com/jobs/view/4429738266/;Remote;Full Stack, Engenharia Geral;16/06/2026;;;;;;América Latina
336;Join Creative Tech;Desenvolvedor Python Full Stack Sênior;Brasil;12/06 20:00;https://www.linkedin.com/jobs/view/4424875530/;https://media.licdn.com/dms/image/v2/D4D0BAQGhjQ-W24eT2A/company-logo_100_100/company-logo_100_100/0/1703195012178/join_ti_logo?e=1782950400&v=beta&t=ZVxQvq7gn90Wb8HAQdHx-k1Uy3oZgGlU4impt_yLRFI;-;https://www.linkedin.com/company/join-creative-tech/about/;Software e Serviços de TI;frontend OR javascript OR typescript OR html OR css OR react OR angular OR vue OR next.js OR wordpress OR (full AND stack);join creative tech;1.0;Gupy;https://www.linkedin.com/jobs/view/4424875530/;https://www.linkedin.com/jobs/view/4424875530/;Remote;Senior, Full Stack;16/06/2026;;;;;Brasil;América do Sul
337;Jungle Gaming;Full Stack Engineer | NestJS, React, AWS, AI-Native | Remoto;Brasil;15/06 20:00;https://www.linkedin.com/jobs/view/4426408618/;https://media.licdn.com/dms/image/v2/D4D0BAQHwughcbjU_lQ/company-logo_100_100/B4DZjTwXXdG8Ag-/0/1755899328621/junglegaming_logo?e=1782950400&v=beta&t=aXDsa4TrnXCuRNQC6fPXg70VtyJStm37EbFJ99Fwe9k;Advanced > Information Technology;https://www.linkedin.com/company/jungle-gaming/about/;Inteligência Artificial;frontend OR javascript OR typescript OR html OR css OR react OR angular OR vue OR next.js OR wordpress OR (full AND stack);jungle gaming;1.0;Unknown/Error;https://www.linkedin.com/jobs/view/4426408618/;https://www.linkedin.com/jobs/view/4426408618/;Remote;Inteligência Artificial, Cloud (AWS/GCP/Azure), Full Stack, Engenharia Geral;16/06/2026;;;;;Brasil;América do Sul
338;K2 Solutions;Desenvolvedor full stack pleno (.Net/ React) - [K2-528];Rio de Janeiro (RJ);11/06 20:00;https://www.linkedin.com/jobs/view/4427601109/;https://media.licdn.com/dms/image/v2/D4D0BAQFyiQXLNx6O1w/company-logo_100_100/company-logo_100_100/0/1704303882163/rhk2solutions_logo?e=1782950400&v=beta&t=40MKqF0gdiS9DgVPFbVz6R7DfJ3EdqJF9m-POAeT4Sk;-;https://www.linkedin.com/company/k2-solutions/about/;Software e Serviços de TI;frontend OR javascript OR typescript OR html OR css OR react OR angular OR vue OR next.js OR wordpress OR (full AND stack);k2 solutions;1;;https://www.linkedin.com/jobs/view/4427601109/;https://www.linkedin.com/jobs/view/4427601109/;Hybrid;Mid, Full Stack;16/06/2026;Rio de Janeiro;Rio de Janeiro;RJ;Região Sudeste;Brasil;América do Sul
339;Kinebot;Desenvolvedor full stack pleno;Curitiba (PR);10/06 20:00;https://www.linkedin.com/jobs/view/4423146081/;https://media.licdn.com/dms/image/v2/D4D0BAQHDfu8-3Ymxsg/company-logo_100_100/B4DZmp_FXuGQAQ-/0/1759493511536/kinebot_logo?e=1782950400&v=beta&t=iXMriKqw07RcJpg1oJGURfUp6nOE1xNO1QGwaIfwTuw;-;https://www.linkedin.com/company/kinebot/about/;-;frontend OR javascript OR typescript OR html OR css OR react OR angular OR vue OR next.js OR wordpress OR (full AND stack);kinebot;1;;https://www.linkedin.com/jobs/view/4423146081/;https://www.linkedin.com/jobs/view/4423146081/;Hybrid;Mid, Full Stack;16/06/2026;Curitiba;Paraná;PR;Região Sul;Brasil;América do Sul
340;Kraken;Senior Software Engineer - Frontend - Pro;Brasil;12/06 20:00;https://www.linkedin.com/jobs/view/4390747637/;https://media.licdn.com/dms/image/v2/D4E0BAQFm8yg0gGJN1A/company-logo_100_100/company-logo_100_100/0/1697458897774/krakenfx_logo?e=1782950400&v=beta&t=93-BUfraVaw9BnVMPmo7-H5Gw5GHBrb-VCJh2ELtp48;Advanced > Information Technology;https://www.linkedin.com/company/kraken/about/;Software e Serviços de TI;frontend OR javascript OR typescript OR html OR css OR react OR angular OR vue OR next.js OR wordpress OR (full AND stack);kraken;1.0;jobs.ashbyhq.com;https://www.linkedin.com/jobs/view/4390747637/;https://www.linkedin.com/jobs/view/4390747637/;Remote;Senior, TI/Tech, Frontend, Engenharia Geral;16/06/2026;;;;;Brasil;América do Sul
341;Kraken;Staff React Native Engineer - Pro;Brasil;16/06 09:00;https://www.linkedin.com/jobs/view/4417894404/;https://media.licdn.com/dms/image/v2/D4E0BAQFm8yg0gGJN1A/company-logo_100_100/company-logo_100_100/0/1697458897774/krakenfx_logo?e=1782950400&v=beta&t=93-BUfraVaw9BnVMPmo7-H5Gw5GHBrb-VCJh2ELtp48;Advanced > Information Technology;https://www.linkedin.com/company/kraken/about/;Software e Serviços de TI;frontend OR javascript OR typescript OR html OR css OR react OR angular OR vue OR next.js OR wordpress OR (full AND stack);kraken;1.0;jobs.ashbyhq.com;https://www.linkedin.com/jobs/view/4417894404/;https://www.linkedin.com/jobs/view/4417894404/;Remote;Engenharia Geral;16/06/2026;;;;;Brasil;América do Sul
342;LINCROS;Desenvolvedor(a) Full Stack Pleno;Blumenau (SC);15/06 20:00;https://www.linkedin.com/jobs/view/4425785992/;https://media.licdn.com/dms/image/v2/C4E0BAQHf_Apk7mhULw/company-logo_100_100/company-logo_100_100/0/1630604729569/lincros_logo?e=1782950400&v=beta&t=KQiOB-btDtSI579eeEmq60WnTnUFadv4H9pHzxgNZpA;-;https://www.linkedin.com/company/lincros/about/;-;frontend OR javascript OR typescript OR html OR css OR react OR angular OR vue OR next.js OR wordpress OR (full AND stack);lincros;1.0;;https://www.linkedin.com/jobs/view/4425785992/;https://www.linkedin.com/jobs/view/4425785992/;On-site;Mid, Full Stack;16/06/2026;Blumenau;Santa Catarina;SC;Região Sul;Brasil;América do Sul
343;LINCROS;Desenvolvedor(a) Full Stack Sênior;Blumenau (SC);15/06 20:00;https://www.linkedin.com/jobs/view/4425786969/;https://media.licdn.com/dms/image/v2/C4E0BAQHf_Apk7mhULw/company-logo_100_100/company-logo_100_100/0/1630604729569/lincros_logo?e=1782950400&v=beta&t=KQiOB-btDtSI579eeEmq60WnTnUFadv4H9pHzxgNZpA;-;https://www.linkedin.com/company/lincros/about/;-;frontend OR javascript OR typescript OR html OR css OR react OR angular OR vue OR next.js OR wordpress OR (full AND stack);lincros;1.0;;https://www.linkedin.com/jobs/view/4425786969/;https://www.linkedin.com/jobs/view/4425786969/;Hybrid;Senior, Full Stack;16/06/2026;Blumenau;Santa Catarina;SC;Região Sul;Brasil;América do Sul
344;LOHR;DESENVOLVEDOR FULL STACK PLENO - RS;Caxias do Sul (RS);14/06 20:00;https://www.linkedin.com/jobs/view/4425399760/;https://media.licdn.com/dms/image/v2/C4E0BAQHWKNHP5hX2fw/company-logo_100_100/company-logo_100_100/0/1630637049802?e=1782950400&v=beta&t=58s6PZiSkzOSbmKEiZEohKpmCfnd3UjUCjDXqkC0TW4;-;https://www.linkedin.com/company/lohr/about/;Recursos Humanos;frontend OR javascript OR typescript OR html OR css OR react OR angular OR vue OR next.js OR wordpress OR (full AND stack);lohr;1;;https://www.linkedin.com/jobs/view/4425399760/;https://www.linkedin.com/jobs/view/4425399760/;On-site;Mid, Full Stack;16/06/2026;Caxias do Sul;Rio Grande do Sul;RS;Região Sul;Brasil;América do Sul
345;LanceSoft, Inc.;Dotnet Full Stack Developer;Brasil;10/06 20:00;https://www.linkedin.com/jobs/view/4419354008/;https://media.licdn.com/dms/image/v2/D560BAQFnyz20nuY3ug/company-logo_100_100/company-logo_100_100/0/1713215908322/lancesoft_logo?e=1782950400&v=beta&t=9AQnLQRKQ3gyhwaigBYmY0aV0-5d86P4RJaDaz_2Z9w;Advanced > Information Technology;https://www.linkedin.com/company/lancesoft-inc/about/;-;frontend OR javascript OR typescript OR html OR css OR react OR angular OR vue OR next.js OR wordpress OR (full AND stack);lancesoft, inc.;1;;https://www.linkedin.com/jobs/view/4419354008/;https://www.linkedin.com/jobs/view/4419354008/;Remote;Full Stack;16/06/2026;;;;;Brasil;América do Sul
346;Lazer Technologies;Senior Full Stack Engineer, Shopify;Brasil;14/06 20:00;https://www.linkedin.com/jobs/view/4168001999/;https://media.licdn.com/dms/image/v2/D560BAQH-PPhlUwFvAQ/company-logo_100_100/company-logo_100_100/0/1724685832316/lazer_technologies_logo?e=1782950400&v=beta&t=Mp8SWLqdE7EKfkk1gcVyuHB48R0_CHc3FYGixRXIyaA;Advanced > Information Technology;https://www.linkedin.com/company/lazer-technologies/about/;Software e Serviços de TI;frontend OR javascript OR typescript OR html OR css OR react OR angular OR vue OR next.js OR wordpress OR (full AND stack);lazer technologies;1.0;;https://www.linkedin.com/jobs/view/4168001999/;https://www.linkedin.com/jobs/view/4168001999/;Remote;Senior, Full Stack, Engenharia Geral;16/06/2026;;;;;Brasil;América do Sul
347;Lightera;Desenvolvedor(a) Frontend (a) PL;Grande Curitiba (PR);16/06 18:00;https://www.linkedin.com/jobs/view/4429597681/;https://media.licdn.com/dms/image/v2/D4E0BAQFJ0fqmlLobmQ/company-logo_100_100/B4EZXI2pLiGYAQ-/0/1742831522884/lightera_global_logo?e=1782950400&v=beta&t=nrsNUo-CxUQm3Y2KR4_xRSl6-v54-4QUqDE524jbWKs;-;https://www.linkedin.com/company/lightera/about/;-;frontend OR javascript OR typescript OR html OR css OR react OR angular OR vue OR next.js OR wordpress OR (full AND stack);lightera;1;;https://www.linkedin.com/jobs/view/4429597681/;https://www.linkedin.com/jobs/view/4429597681/;Hybrid;Mid, Frontend;16/06/2026;;Paraná;PR;Região Sul;Brasil;América do Sul
348;Luby;Profissional Fullstack (Node/React) Pleno - Remoto;Brasil;12/06 20:00;https://www.linkedin.com/jobs/view/4426989356/;https://media.licdn.com/dms/image/v2/D4D0BAQESJpZn7_0ARA/company-logo_100_100/company-logo_100_100/0/1733861303974/luby_logo?e=1782950400&v=beta&t=kS1JdnmYFLGjpv8lb_tvBakuMmmb8AlohWBFxl0ilSg;-;https://www.linkedin.com/company/luby/about/;-;frontend OR javascript OR typescript OR html OR css OR react OR angular OR vue OR next.js OR wordpress OR (full AND stack);luby;1;;https://www.linkedin.com/jobs/view/4426989356/;https://www.linkedin.com/jobs/view/4426989356/;Remote;Mid, Full Stack;16/06/2026;;;;;Brasil;América do Sul
349;Luby;Profissional Fullstack (React/Node) Sênior - Remoto;Brasil;12/06 20:00;https://www.linkedin.com/jobs/view/4427231943/;https://media.licdn.com/dms/image/v2/D4D0BAQESJpZn7_0ARA/company-logo_100_100/company-logo_100_100/0/1733861303974/luby_logo?e=1782950400&v=beta&t=kS1JdnmYFLGjpv8lb_tvBakuMmmb8AlohWBFxl0ilSg;-;https://www.linkedin.com/company/luby/about/;-;frontend OR javascript OR typescript OR html OR css OR react OR angular OR vue OR next.js OR wordpress OR (full AND stack);luby;1;;https://www.linkedin.com/jobs/view/4427231943/;https://www.linkedin.com/jobs/view/4427231943/;Remote;Senior, Full Stack;16/06/2026;;;;;Brasil;América do Sul
350;M3 USA;Senior Full Stack Developer;São Paulo (SP);15/06 20:00;https://www.linkedin.com/jobs/view/4369745355/;https://media.licdn.com/dms/image/v2/D560BAQGHvVPa3-nQUg/company-logo_100_100/company-logo_100_100/0/1738874065999/so_net_m3_logo?e=1782950400&v=beta&t=6MR46Nmp3C-Qpdrsj8w7bJx3XJP0L2aOvP50BGH8Csc;Advanced > Information Technology;https://www.linkedin.com/company/m3-usa/about/;-;frontend OR javascript OR typescript OR html OR css OR react OR angular OR vue OR next.js OR wordpress OR (full AND stack);m3 usa;1.0;LinkedIn (Easy Apply);https://www.linkedin.com/jobs/view/4369745355/;https://www.linkedin.com/jobs/view/4369745355/;Remote;Senior, Full Stack;16/06/2026;São Paulo;São Paulo;SP;Região Sudeste;Brasil;América do Sul
351;MANUAL;Full Stack Engineer;São Paulo (SP);16/06 13:00;https://www.linkedin.com/jobs/view/4429543867/;https://media.licdn.com/dms/image/v2/C560BAQEt7p-nrFitKg/company-logo_100_100/company-logo_100_100/0/1630607939644?e=1782950400&v=beta&t=t94VzOEsFkjYKVjcZTKkyR_juIm7njSXWKAchoQDvgA;Advanced > Information Technology;https://www.linkedin.com/company/manual/about/;-;frontend OR javascript OR typescript OR html OR css OR react OR angular OR vue OR next.js OR wordpress OR (full AND stack);manual;1.0;;https://www.linkedin.com/jobs/view/4429543867/;https://www.linkedin.com/jobs/view/4429543867/;On-site;Full Stack, Engenharia Geral;16/06/2026;São Paulo;São Paulo;SP;Região Sudeste;Brasil;América do Sul
352;MJV Technology & Innovation;Pessoa Desenvolvedora Fullstack (Angular+Node);Brasil;11/06 20:00;https://www.linkedin.com/jobs/view/4426299217/;https://media.licdn.com/dms/image/v2/D4D0BAQGlEIHzx81JxQ/company-logo_100_100/B4DZd_pzPSGkAU-/0/1750193354321/mjv_tech_and_innovation_logo?e=1782950400&v=beta&t=Gwn7RIjN5SHIiS4aE9sfr6FFPdAguoNfiThf5Mx4uXM;-;https://www.linkedin.com/company/mjv-technology-innovation/about/;Software e Serviços de TI;frontend OR javascript OR typescript OR html OR css OR react OR angular OR vue OR next.js OR wordpress OR (full AND stack);mjv technology & innovation;1.0;Inhire;https://www.linkedin.com/jobs/view/4426299217/;https://www.linkedin.com/jobs/view/4426299217/;Remote;PCD / Afirmativa, Full Stack;16/06/2026;;;;;Brasil;América do Sul
353;MJV Technology & Innovation;Pessoa Desenvolvedora Fullstack (Angular/Node);Brasil;11/06 20:00;https://www.linkedin.com/jobs/view/4426283438/;https://media.licdn.com/dms/image/v2/D4D0BAQGlEIHzx81JxQ/company-logo_100_100/B4DZd_pzPSGkAU-/0/1750193354321/mjv_tech_and_innovation_logo?e=1782950400&v=beta&t=Gwn7RIjN5SHIiS4aE9sfr6FFPdAguoNfiThf5Mx4uXM;-;https://www.linkedin.com/company/mjv-technology-innovation/about/;Software e Serviços de TI;frontend OR javascript OR typescript OR html OR css OR react OR angular OR vue OR next.js OR wordpress OR (full AND stack);mjv technology & innovation;1.0;Inhire;https://www.linkedin.com/jobs/view/4426283438/;https://www.linkedin.com/jobs/view/4426283438/;Remote;PCD / Afirmativa, Full Stack;16/06/2026;;;;;Brasil;América do Sul
354;MM Invest AI;Desenvolvedor(a) Mobile React Native (Full Stack / Firebase);Grande São Paulo (SP) ;16/06 05:00;https://www.linkedin.com/jobs/view/4429226541/;https://media.licdn.com/dms/image/v2/D4D0BAQGzikkXLX-9rw/company-logo_100_100/company-logo_100_100/0/1715957700690/mm_invest_ai_logo?e=1782950400&v=beta&t=u0-3IQ07tAPg6wBRGXrTLktIxSDZ9q9l8MMZIAGAnCI;-;https://www.linkedin.com/company/mm-invest-ai/about/;Inteligência Artificial;frontend OR javascript OR typescript OR html OR css OR react OR angular OR vue OR next.js OR wordpress OR (full AND stack);mm invest ai;1;;https://www.linkedin.com/jobs/view/4429226541/;https://www.linkedin.com/jobs/view/4429226541/;On-site;Full Stack;16/06/2026;;São Paulo;SP;Região Sudeste;Brasil;América do Sul
355;MTP Brasil;11469522 - Desenvolvedor Full Stack com foco em Inteligência Artificial;São Paulo (SP);11/06 20:00;https://www.linkedin.com/jobs/view/4423633900/;https://media.licdn.com/dms/image/v2/D4D0BAQHu46m_pTafew/company-logo_100_100/B4DZ0HgBVBKQAU-/0/1773947328203/mtp_brasil_logo?e=1782950400&v=beta&t=DthpYCuZlLQ3DFhBD8ZRAosZi9bo8KBpyJkTPZcpsWM;-;https://www.linkedin.com/company/mtp-brasil/about/;Hardware e Eletrônicos;frontend OR javascript OR typescript OR html OR css OR react OR angular OR vue OR next.js OR wordpress OR (full AND stack);mtp brasil;1.0;Gupy;https://www.linkedin.com/jobs/view/4423633900/;https://www.linkedin.com/jobs/view/4423633900/;Hybrid;Inteligência Artificial, Full Stack;16/06/2026;São Paulo;São Paulo;SP;Região Sudeste;Brasil;América do Sul
356;MaisMei;QA Sênior – Automação de Testes Mobile (React Native & EAS);Brasil;15/06 20:00;https://www.linkedin.com/jobs/view/4426408914/;https://media.licdn.com/dms/image/v2/D4D0BAQGrE_a8VAa79g/company-logo_100_100/company-logo_100_100/0/1711564333016/maismeioficial_logo?e=1782950400&v=beta&t=YXHT_P-JMzNb2dDSDnx1DFk2GjcePAvnYPFm9KuJW0c;Advanced > Process & Automation;https://www.linkedin.com/company/maismei/about/;Software e Serviços de TI;frontend OR javascript OR typescript OR html OR css OR react OR angular OR vue OR next.js OR wordpress OR (full AND stack);maismei;1;;https://www.linkedin.com/jobs/view/4426408914/;https://www.linkedin.com/jobs/view/4426408914/;Remote;Senior, Testes / QA;16/06/2026;;;;;Brasil;América do Sul
357;Meta;Desenvolvedor Fullstack Senior (Java/Angular);Brasil;15/06 20:00;https://www.linkedin.com/jobs/view/4426440351/;https://media.licdn.com/dms/image/v2/C4D0BAQHXTqaueX7X5A/company-logo_100_100/company-logo_100_100/0/1675356313243/metaoficial_logo?e=1782950400&v=beta&t=qcVJv5apSdXvhmVcwf2uVJFevlsq0mNBN_5jLY1qib0;-;https://www.linkedin.com/company/meta/about/;-;frontend OR javascript OR typescript OR html OR css OR react OR angular OR vue OR next.js OR wordpress OR (full AND stack);meta;2.0;recrut.ai;https://www.linkedin.com/jobs/view/4426440351/;https://www.linkedin.com/jobs/view/4426440351/;Remote;Senior, Full Stack;16/06/2026;;;;;Brasil;América do Sul
358;Meta;Desenvolvedor Frontend | SAP UI5 / Fiori | Híbrido em São Leopoldo/RS;São Leopoldo (RS);12/06 20:00;https://www.linkedin.com/jobs/view/4424846243/;https://media.licdn.com/dms/image/v2/C4D0BAQHXTqaueX7X5A/company-logo_100_100/company-logo_100_100/0/1675356313243/metaoficial_logo?e=1782950400&v=beta&t=qcVJv5apSdXvhmVcwf2uVJFevlsq0mNBN_5jLY1qib0;-;https://www.linkedin.com/company/meta/about/;-;frontend OR javascript OR typescript OR html OR css OR react OR angular OR vue OR next.js OR wordpress OR (full AND stack);meta;2.0;recrut.ai;https://www.linkedin.com/jobs/view/4424846243/;https://www.linkedin.com/jobs/view/4424846243/;Hybrid;SAP, Frontend;16/06/2026;São Leopoldo;Rio Grande do Sul;RS;Região Sul;Brasil;América do Sul
359;Minsait;Desenvolvedor full stack;Brasil;15/06 20:00;https://www.linkedin.com/jobs/view/4426409275/;https://media.licdn.com/dms/image/v2/D4E0BAQHygzCeD_On8w/company-logo_100_100/B4EZvqQjJxHkAQ-/0/1769161765891/minsait_logo?e=1782950400&v=beta&t=iTFiedUg0uLjEEj0MX9uGP34O-hnEtUMSa1cRKtzVWU;-;https://www.linkedin.com/company/minsait/about/;Software e Serviços de TI;frontend OR javascript OR typescript OR html OR css OR react OR angular OR vue OR next.js OR wordpress OR (full AND stack);minsait;1.0;LinkedIn (Easy Apply);https://www.linkedin.com/jobs/view/4426409275/;https://www.linkedin.com/jobs/view/4426409275/;Remote;Full Stack;16/06/2026;;;;;Brasil;América do Sul
360;Miratech;Senior Front-End Developer (React, JS);Grande Rio de Janeiro (RJ);11/06 20:00;https://www.linkedin.com/jobs/view/4423675027/;https://media.licdn.com/dms/image/v2/D560BAQFZ2nH7NHhJuA/company-logo_100_100/B56ZUjoIcGGoAU-/0/1740059478100/miratech_logo?e=1782950400&v=beta&t=Xe13tB-hSEto6eh8KbCsv08wxUP_4Q3bjiP8HuHL-uI;Advanced > Information Technology;https://www.linkedin.com/company/miratech/about/;Software e Serviços de TI;frontend OR javascript OR typescript OR html OR css OR react OR angular OR vue OR next.js OR wordpress OR (full AND stack);miratech;1.0;LinkedIn (Easy Apply);https://www.linkedin.com/jobs/view/4423675027/;https://www.linkedin.com/jobs/view/4423675027/;Remote;Senior, Frontend;16/06/2026;;Rio de Janeiro;RJ;Região Sudeste;Brasil;América do Sul
361;Monjuá;Sênior Full Stack Developer - São Paulo ( SP) - Porto Alegre (RS);São Paulo (SP);11/06 20:00;https://www.linkedin.com/jobs/view/4424813319/;https://media.licdn.com/dms/image/v2/D4D0BAQH5Z3aBCdM1pA/company-logo_100_100/company-logo_100_100/0/1730479337891/monjuaoficial_logo?e=1782950400&v=beta&t=kHMIwHRZ1jMVo7qOItu5GQOvTQaixtHBJAA1IQWzU_0;Advanced > Information Technology;https://www.linkedin.com/company/monju/about/;-;frontend OR javascript OR typescript OR html OR css OR react OR angular OR vue OR next.js OR wordpress OR (full AND stack);monjuá;1;;https://www.linkedin.com/jobs/view/4424813319/;https://www.linkedin.com/jobs/view/4424813319/;Hybrid;Senior, Full Stack;16/06/2026;São Paulo;São Paulo;SP;Região Sudeste;Brasil;América do Sul
362;Montseguro Corretora;Desenvolvedor Full Stack Jr;Brasília (DF);12/06 20:00;https://www.linkedin.com/jobs/view/4428164053/;https://media.licdn.com/dms/image/v2/D4D0BAQEUYR3u-MD6CA/company-logo_100_100/company-logo_100_100/0/1703639526994/montseguros_logo?e=1782950400&v=beta&t=tSAS8htGE54gF2I-VGemmR8tWGuQ2hW1RcGmuattWFw;-;https://www.linkedin.com/company/montseguro-corretora/about/;-;frontend OR javascript OR typescript OR html OR css OR react OR angular OR vue OR next.js OR wordpress OR (full AND stack);montseguro corretora;1;;https://www.linkedin.com/jobs/view/4428164053/;https://www.linkedin.com/jobs/view/4428164053/;On-site;Junior, Full Stack;16/06/2026;;Distrito Federal;DF;Região Centro-Oeste;Brasil;América do Sul
363;Mouts IT;Senior Full Stack Engineer | Node.js + NestJS + React/NextJS;Brasil;10/06 20:00;https://www.linkedin.com/jobs/view/4427054388/;https://media.licdn.com/dms/image/v2/C4D0BAQEodS0tsV-9cA/company-logo_100_100/company-logo_100_100/0/1635526473146/mouts_logo?e=1782950400&v=beta&t=OHIUbY4QL23RkxYR_6RfVNRaJl5oIf72FPRawDarNCQ;Advanced > Information Technology;https://www.linkedin.com/company/mouts-it/about/;Software e Serviços de TI;frontend OR javascript OR typescript OR html OR css OR react OR angular OR vue OR next.js OR wordpress OR (full AND stack);mouts it;1.0;LinkedIn (Easy Apply);https://www.linkedin.com/jobs/view/4427054388/;https://www.linkedin.com/jobs/view/4427054388/;Remote;Senior, Full Stack, Engenharia Geral;16/06/2026;;;;;Brasil;América do Sul
364;N-iX;Lead Fullstack Engineer (React+Next.js);Brasil;16/06 11:00;https://www.linkedin.com/jobs/view/4428042024/;https://media.licdn.com/dms/image/v2/D4D0BAQGkJaM79JEg3w/company-logo_100_100/company-logo_100_100/0/1736508343556/n_ix_logo?e=1782950400&v=beta&t=Dl4K7EOFZK1XBRdCYvsujF7uxIwRRNYEgfMaLpCwcP8;Middle > Manager;https://www.linkedin.com/company/n-ix/about/;-;frontend OR javascript OR typescript OR html OR css OR react OR angular OR vue OR next.js OR wordpress OR (full AND stack);n-ix;1.0;LinkedIn (Easy Apply);https://www.linkedin.com/jobs/view/4428042024/;https://www.linkedin.com/jobs/view/4428042024/;Remote;Mid, Liderança/Gerência, Full Stack, Engenharia Geral;16/06/2026;;;;;Brasil;América do Sul
365;N-iX;Lead Fullstack Engineer (React+Next.js);Brasil;16/06 08:00;https://www.linkedin.com/jobs/view/4426811392/;https://media.licdn.com/dms/image/v2/D4D0BAQGkJaM79JEg3w/company-logo_100_100/company-logo_100_100/0/1736508343556/n_ix_logo?e=1782950400&v=beta&t=Dl4K7EOFZK1XBRdCYvsujF7uxIwRRNYEgfMaLpCwcP8;Middle > Manager;https://www.linkedin.com/company/n-ix/about/;-;frontend OR javascript OR typescript OR html OR css OR react OR angular OR vue OR next.js OR wordpress OR (full AND stack);n-ix;1.0;LinkedIn (Easy Apply);https://www.linkedin.com/jobs/view/4426811392/;https://www.linkedin.com/jobs/view/4426811392/;Remote;Mid, Liderança/Gerência, Full Stack, Engenharia Geral;16/06/2026;;;;;Brasil;América do Sul
366;NEXTI;Desenvolvedor(a) Full Stack JR | JAVA;Brasil;16/06 12:00;https://www.linkedin.com/jobs/view/4426845168/;https://media.licdn.com/dms/image/v2/C4E0BAQGXNCTCaqm_hw/company-logo_100_100/company-logo_100_100/0/1630592242190/nexti_gesto_on_line_logo?e=1782950400&v=beta&t=SzoHl_BfknIMUInRbhJ_EGF9GcxP9MO7OOBca9UYGIY;-;https://www.linkedin.com/company/nexti/about/;Software e Serviços de TI;frontend OR javascript OR typescript OR html OR css OR react OR angular OR vue OR next.js OR wordpress OR (full AND stack);nexti;1.0;people.talentbrand.com.br;https://www.linkedin.com/jobs/view/4426845168/;https://www.linkedin.com/jobs/view/4426845168/;Remote;Junior, Full Stack;16/06/2026;;;;;Brasil;América do Sul
367;NEXTI;Desenvolvedor(a) Full Stack JR | JAVA;São José (SC);15/06 20:00;https://www.linkedin.com/jobs/view/4428093218/;https://media.licdn.com/dms/image/v2/C4E0BAQGXNCTCaqm_hw/company-logo_100_100/company-logo_100_100/0/1630592242190/nexti_gesto_on_line_logo?e=1782950400&v=beta&t=SzoHl_BfknIMUInRbhJ_EGF9GcxP9MO7OOBca9UYGIY;-;https://www.linkedin.com/company/nexti/about/;Software e Serviços de TI;frontend OR javascript OR typescript OR html OR css OR react OR angular OR vue OR next.js OR wordpress OR (full AND stack);nexti;1.0;people.talentbrand.com.br;https://www.linkedin.com/jobs/view/4428093218/;https://www.linkedin.com/jobs/view/4428093218/;Remote;Junior, Full Stack;16/06/2026;São José;Santa Catarina;SC;Região Sul;Brasil;América do Sul
368;NOUS LATAM;Desenvolvedor Fullstack Senior (React/Node) (BRL 14K/mês PJ);Brasil;11/06 20:00;https://www.linkedin.com/jobs/view/4424817153/;https://media.licdn.com/dms/image/v2/C4D0BAQFYRH7noPA56w/company-logo_100_100/company-logo_100_100/0/1669136242286?e=1782950400&v=beta&t=WTTwgfeYBKPRj4NZAyAIVEpWEcI1SMyWNlGxpDmOvjk;-;https://www.linkedin.com/company/nous-latam/about/;-;frontend OR javascript OR typescript OR html OR css OR react OR angular OR vue OR next.js OR wordpress OR (full AND stack);nous latam;1.0;nouslatam.com;https://www.linkedin.com/jobs/view/4424817153/;https://www.linkedin.com/jobs/view/4424817153/;Remote;Freelance/PJ, Senior, Full Stack;16/06/2026;;;;;Brasil;América do Sul
369;NP Group;Desenvolvedor Full Stack;Curitiba (PR);16/06 12:00;https://www.linkedin.com/jobs/view/4428044330/;https://media.licdn.com/dms/image/v2/D4D0BAQGDKGp_I4fgLg/company-logo_100_100/company-logo_100_100/0/1699375158403/gruponp_logo?e=1782950400&v=beta&t=z9VKXuT82UMG9R_th5x0K1Bio0n5n9O6p4VPJR56BEs;-;https://www.linkedin.com/company/np-group/about/;-;frontend OR javascript OR typescript OR html OR css OR react OR angular OR vue OR next.js OR wordpress OR (full AND stack);np group;1;;https://www.linkedin.com/jobs/view/4428044330/;https://www.linkedin.com/jobs/view/4428044330/;On-site;Full Stack;16/06/2026;Curitiba;Paraná;PR;Região Sul;Brasil;América do Sul
370;Natura;Pessoa Desenvolvedora Full Stack Sênior;Brasil;12/06 20:00;https://www.linkedin.com/jobs/view/4427220733/;https://media.licdn.com/dms/image/v2/D4D0BAQHLbk5HtPaFrA/company-logo_100_100/company-logo_100_100/0/1722945249128/natura_logo?e=1782950400&v=beta&t=IvYBSuLjhAjVdX4VOtXutJLXAgW02mXkfixikxSwhHw;-;https://www.linkedin.com/company/natura/about/;Moda e Beleza;frontend OR javascript OR typescript OR html OR css OR react OR angular OR vue OR next.js OR wordpress OR (full AND stack);natura;1.0;;https://www.linkedin.com/jobs/view/4427220733/;https://www.linkedin.com/jobs/view/4427220733/;Remote;PCD / Afirmativa, Senior, Full Stack;16/06/2026;;;;;Brasil;América do Sul
371;Nava | Tech for Business;Desenvolvedor Full Stack Java/ Flutter e Angular;Brasil;15/06 20:00;https://www.linkedin.com/jobs/view/4429103622/;https://media.licdn.com/dms/image/v2/D4D0BAQHpXmVDvF7gvQ/company-logo_100_100/B4DZkvU3xhJgAQ-/0/1757435624969/nava_technology_logo?e=1782950400&v=beta&t=0hwXQloIjbgz_6P25AWLINPmYM3EzLeNoQ5hL1IcFe8;-;https://www.linkedin.com/company/nava-tech-for-business/about/;Software e Serviços de TI;frontend OR javascript OR typescript OR html OR css OR react OR angular OR vue OR next.js OR wordpress OR (full AND stack);nava | tech for business;1.0;Geekhunter;https://www.linkedin.com/jobs/view/4429103622/;https://www.linkedin.com/jobs/view/4429103622/;Remote;Full Stack;16/06/2026;;;;;Brasil;América do Sul
372;Nava | Tech for Business;Desenvolvedor Fullstack Java/Angular Sênior;São Paulo (SP);15/06 22:00;https://www.linkedin.com/jobs/view/4426450300/;https://media.licdn.com/dms/image/v2/D4D0BAQHpXmVDvF7gvQ/company-logo_100_100/B4DZkvU3xhJgAQ-/0/1757435624969/nava_technology_logo?e=1782950400&v=beta&t=0hwXQloIjbgz_6P25AWLINPmYM3EzLeNoQ5hL1IcFe8;-;https://www.linkedin.com/company/nava-tech-for-business/about/;Software e Serviços de TI;frontend OR javascript OR typescript OR html OR css OR react OR angular OR vue OR next.js OR wordpress OR (full AND stack);nava | tech for business;1.0;Geekhunter;https://www.linkedin.com/jobs/view/4426450300/;https://www.linkedin.com/jobs/view/4426450300/;Hybrid;Senior, Full Stack;16/06/2026;São Paulo;São Paulo;SP;Região Sudeste;Brasil;América do Sul
373;Nava | Tech for Business;Desenvolvedor(a) FullStack Pleno ( .NET + Angular);São Paulo (SP);11/06 20:00;https://www.linkedin.com/jobs/view/4427123298/;https://media.licdn.com/dms/image/v2/D4D0BAQHpXmVDvF7gvQ/company-logo_100_100/B4DZkvU3xhJgAQ-/0/1757435624969/nava_technology_logo?e=1782950400&v=beta&t=0hwXQloIjbgz_6P25AWLINPmYM3EzLeNoQ5hL1IcFe8;-;https://www.linkedin.com/company/nava-tech-for-business/about/;Software e Serviços de TI;frontend OR javascript OR typescript OR html OR css OR react OR angular OR vue OR next.js OR wordpress OR (full AND stack);nava | tech for business;1.0;Geekhunter;https://www.linkedin.com/jobs/view/4427123298/;https://www.linkedin.com/jobs/view/4427123298/;Hybrid;Mid, Full Stack;16/06/2026;São Paulo;São Paulo;SP;Região Sudeste;Brasil;América do Sul
374;Nearform;Senior JavaScript Software Engineer - React (Contract, Brazil, Remote);Brasil;16/06 18:00;https://www.linkedin.com/jobs/view/4429593976/;https://media.licdn.com/dms/image/v2/D4E0BAQHrPrW3MMJdUQ/company-logo_100_100/B4EZ6N4pZYIgAI-/0/1780496897894/nearform_logo?e=1782950400&v=beta&t=KxIVOEPQs9i0_CN7VlXA-fwl_DyjDm1ASiub5O12y68;Advanced > Information Technology;https://www.linkedin.com/company/nearform/about/;Software e Serviços de TI;frontend OR javascript OR typescript OR html OR css OR react OR angular OR vue OR next.js OR wordpress OR (full AND stack);nearform;1;;https://www.linkedin.com/jobs/view/4429593976/;https://www.linkedin.com/jobs/view/4429593976/;Remote;Freelance/PJ, Senior, TI/Tech, Engenharia Geral;16/06/2026;;;;;Brasil;América do Sul
375;Neogrid;Pessoa Desenvolvedora FullStack Sênior (Python e React);Brasil;11/06 20:00;https://www.linkedin.com/jobs/view/4423621984/;https://media.licdn.com/dms/image/v2/C4D0BAQHi7vp7PWx5wQ/company-logo_100_100/company-logo_100_100/0/1631307335911?e=1782950400&v=beta&t=tS5lJwE-WoRqu2u4buM_ZzIY9tpADH7tDq9nRpaa1cc;-;https://www.linkedin.com/company/neogrid/about/;-;frontend OR javascript OR typescript OR html OR css OR react OR angular OR vue OR next.js OR wordpress OR (full AND stack);neogrid;1.0;Gupy;https://www.linkedin.com/jobs/view/4423621984/;https://www.linkedin.com/jobs/view/4423621984/;Remote;PCD / Afirmativa, Senior, Full Stack;16/06/2026;;;;;Brasil;América do Sul
376;Netcracker Technology;Senior Front End Developer - Angular & React;Campinas (SP);12/06 20:00;https://www.linkedin.com/jobs/view/4409404487/;https://media.licdn.com/dms/image/v2/C560BAQFbLLqz-G9PoQ/company-logo_100_100/company-logo_100_100/0/1630609297336/netcrackertech_logo?e=1782950400&v=beta&t=c_XSatUf1-sPx_MY_PlK7mxS2fXz7twcygoZjEtNgUo;Advanced > Information Technology;https://www.linkedin.com/company/netcracker-technology/about/;Software e Serviços de TI;frontend OR javascript OR typescript OR html OR css OR react OR angular OR vue OR next.js OR wordpress OR (full AND stack);netcracker technology;1.0;;https://www.linkedin.com/jobs/view/4409404487/;https://www.linkedin.com/jobs/view/4409404487/;Hybrid;Senior, Frontend;16/06/2026;Campinas;São Paulo;SP;Região Sudeste;Brasil;América do Sul
377;Netcracker Technology;Senior Front End Developer - Angular & React;São Paulo (SP);13/06 20:00;https://www.linkedin.com/jobs/view/4409408367/;https://media.licdn.com/dms/image/v2/C560BAQFbLLqz-G9PoQ/company-logo_100_100/company-logo_100_100/0/1630609297336/netcrackertech_logo?e=1782950400&v=beta&t=c_XSatUf1-sPx_MY_PlK7mxS2fXz7twcygoZjEtNgUo;Advanced > Information Technology;https://www.linkedin.com/company/netcracker-technology/about/;Software e Serviços de TI;frontend OR javascript OR typescript OR html OR css OR react OR angular OR vue OR next.js OR wordpress OR (full AND stack);netcracker technology;1.0;;https://www.linkedin.com/jobs/view/4409408367/;https://www.linkedin.com/jobs/view/4409408367/;Hybrid;Senior, Frontend;16/06/2026;São Paulo;São Paulo;SP;Região Sudeste;Brasil;América do Sul
378;Nexmuv Tecnologia;Desenvolvedor Frontend;Mariana (MG);11/06 20:00;https://www.linkedin.com/jobs/view/4429101420/;https://media.licdn.com/dms/image/v2/C4D0BAQFTwu5zrcCy7Q/company-logo_100_100/company-logo_100_100/0/1643399845133/nexmuv_inovao_logo?e=1782950400&v=beta&t=q4S8xGiPZiX9TEZncnxruC9ueM2TqVvubzYru7sGV34;-;https://www.linkedin.com/company/nexmuv-tecnologia/about/;-;frontend OR javascript OR typescript OR html OR css OR react OR angular OR vue OR next.js OR wordpress OR (full AND stack);nexmuv tecnologia;1;;https://www.linkedin.com/jobs/view/4429101420/;https://www.linkedin.com/jobs/view/4429101420/;Remote;Frontend;16/06/2026;Mariana;Minas Gerais;MG;Região Sudeste;Brasil;América do Sul
379;Ninecon Consultores Associados Ltda;Desenvolvedor Full Stack .NET Sênior;Brasil;15/06 20:00;https://www.linkedin.com/jobs/view/4427740161/;https://media.licdn.com/dms/image/v2/D4D0BAQFVBdNhewyWZA/company-logo_100_100/company-logo_100_100/0/1698864239364/ninecon_logo?e=1782950400&v=beta&t=q_7Ca2a2nlPLlpQS9wD8C7Q8T5c58PvKvA4SynpLnNU;-;https://www.linkedin.com/company/ninecon-consultores-associados-ltda/about/;-;frontend OR javascript OR typescript OR html OR css OR react OR angular OR vue OR next.js OR wordpress OR (full AND stack);ninecon consultores associados ltda;1.0;Inhire;https://www.linkedin.com/jobs/view/4427740161/;https://www.linkedin.com/jobs/view/4427740161/;Remote;Senior, Full Stack;16/06/2026;;;;;Brasil;América do Sul
380;Ninecon Consultores Associados Ltda;Desenvolvedor(a) Front-end Angular Sênior;Fortaleza (CE);15/06 20:00;https://www.linkedin.com/jobs/view/4427772560/;https://media.licdn.com/dms/image/v2/D4D0BAQFVBdNhewyWZA/company-logo_100_100/company-logo_100_100/0/1698864239364/ninecon_logo?e=1782950400&v=beta&t=q_7Ca2a2nlPLlpQS9wD8C7Q8T5c58PvKvA4SynpLnNU;-;https://www.linkedin.com/company/ninecon-consultores-associados-ltda/about/;-;frontend OR javascript OR typescript OR html OR css OR react OR angular OR vue OR next.js OR wordpress OR (full AND stack);ninecon consultores associados ltda;1.0;Inhire;https://www.linkedin.com/jobs/view/4427772560/;https://www.linkedin.com/jobs/view/4427772560/;Hybrid;Senior, Frontend;16/06/2026;Fortaleza;Ceará;CE;Região Nordeste;Brasil;América do Sul
381;Nortal;AEM Frontend Developer - Work from home - Talent Connection;Grande Rio de Janeiro (RJ);15/06 20:00;https://www.linkedin.com/jobs/view/4427759489/;https://media.licdn.com/dms/image/v2/D4D0BAQHyq-uNAAkbDw/company-logo_100_100/company-logo_100_100/0/1719836810206/nortal_logo?e=1782950400&v=beta&t=c7bN2nJFrJFVCZaUZz0xsESl_twFErisQI6N8uFr8ys;People;https://www.linkedin.com/company/nortal/about/;Software e Serviços de TI;frontend OR javascript OR typescript OR html OR css OR react OR angular OR vue OR next.js OR wordpress OR (full AND stack);nortal;1.0;Greenhouse;https://www.linkedin.com/jobs/view/4427759489/;https://www.linkedin.com/jobs/view/4427759489/;Remote;Frontend;16/06/2026;;Rio de Janeiro;RJ;Região Sudeste;Brasil;América do Sul
382;Nortal;(1464) Fullstack .NET/Angular Engineer;São Paulo (SP);15/06 20:00;https://www.linkedin.com/jobs/view/4427024233/;https://media.licdn.com/dms/image/v2/D4D0BAQHyq-uNAAkbDw/company-logo_100_100/company-logo_100_100/0/1719836810206/nortal_logo?e=1782950400&v=beta&t=c7bN2nJFrJFVCZaUZz0xsESl_twFErisQI6N8uFr8ys;Advanced > Information Technology;https://www.linkedin.com/company/nortal/about/;-;frontend OR javascript OR typescript OR html OR css OR react OR angular OR vue OR next.js OR wordpress OR (full AND stack);nortal;1.0;Greenhouse;https://www.linkedin.com/jobs/view/4427024233/;https://www.linkedin.com/jobs/view/4427024233/;Remote;Full Stack, Engenharia Geral;16/06/2026;São Paulo;São Paulo;SP;Região Sudeste;Brasil;América do Sul
383;Nortal;(EG0038) Senior AEM Frontend Developer - Talent Connection;São Paulo (SP);15/06 20:00;https://www.linkedin.com/jobs/view/4422479691/;https://media.licdn.com/dms/image/v2/D4D0BAQHyq-uNAAkbDw/company-logo_100_100/company-logo_100_100/0/1719836810206/nortal_logo?e=1782950400&v=beta&t=c7bN2nJFrJFVCZaUZz0xsESl_twFErisQI6N8uFr8ys;People;https://www.linkedin.com/company/nortal/about/;Software e Serviços de TI;frontend OR javascript OR typescript OR html OR css OR react OR angular OR vue OR next.js OR wordpress OR (full AND stack);nortal;1.0;Greenhouse;https://www.linkedin.com/jobs/view/4422479691/;https://www.linkedin.com/jobs/view/4422479691/;Remote;Senior, Frontend;16/06/2026;São Paulo;São Paulo;SP;Região Sudeste;Brasil;América do Sul
384;ORHGANIZA TECNOLOGIA E SERVIÇOS;Estágio Desenvolvedor Full Stack;São Paulo (SP);12/06 20:00;https://www.linkedin.com/jobs/view/4424896385/;https://media.licdn.com/dms/image/v2/C4E0BAQHzXqXXmNTXPQ/company-logo_100_100/company-logo_100_100/0/1631365726222/orhganiza_consultoria_logo?e=1782950400&v=beta&t=ZEsVICaTTgyNGYurTgX23kn9FLYtpayhBnDm0ib_OTs;-;https://www.linkedin.com/company/orhganiza-tecnologia-e-servi-os/about/;Recursos Humanos;frontend OR javascript OR typescript OR html OR css OR react OR angular OR vue OR next.js OR wordpress OR (full AND stack);orhganiza tecnologia e serviços;1;;https://www.linkedin.com/jobs/view/4424896385/;https://www.linkedin.com/jobs/view/4424896385/;On-site;Intern, Full Stack;16/06/2026;São Paulo;São Paulo;SP;Região Sudeste;Brasil;América do Sul
385;OSF Digital;Full Stack Engineer (React & Node);Brasil;10/06 20:00;https://www.linkedin.com/jobs/view/4427013904/;https://media.licdn.com/dms/image/v2/D4D0BAQF1yiiHtnIfyA/company-logo_100_100/B4DZUpCAc3HYAQ-/0/1740150147280/osf_digital_logo?e=1782950400&v=beta&t=9YtzWUuxVJdt2REuByv2ehN6kn8GfSMWA1adlELddvM;Advanced > Information Technology;https://www.linkedin.com/company/osf-digital/about/;Software e Serviços de TI;frontend OR javascript OR typescript OR html OR css OR react OR angular OR vue OR next.js OR wordpress OR (full AND stack);osf digital;1.0;LinkedIn (Easy Apply);https://www.linkedin.com/jobs/view/4427013904/;https://www.linkedin.com/jobs/view/4427013904/;Remote;Full Stack, Engenharia Geral;16/06/2026;;;;;Brasil;América do Sul
386;Optaris;Citizen Developer Senior /Lider / Full Stack Dev;São Paulo (SP);10/06 20:00;https://www.linkedin.com/jobs/view/4423171288/;https://media.licdn.com/dms/image/v2/D4D0BAQGaFQ1PYgO15w/company-logo_100_100/B4DZg3i25nGgAU-/0/1753278542043/optaris_logo?e=1782950400&v=beta&t=vqFR7AGyGgVlwz6zirU8np8-dwikDPZQM2ar6tlU2R0;Advanced > Information Technology;https://www.linkedin.com/company/optaris/about/;Software e Serviços de TI;frontend OR javascript OR typescript OR html OR css OR react OR angular OR vue OR next.js OR wordpress OR (full AND stack);optaris;1;;https://www.linkedin.com/jobs/view/4423171288/;https://www.linkedin.com/jobs/view/4423171288/;Hybrid;Senior, Liderança/Gerência, Full Stack;16/06/2026;São Paulo;São Paulo;SP;Região Sudeste;Brasil;América do Sul
387;Paipe;Desenvolvedor(a) Frontend Pleno | React [Paipe];Brasil;11/06 20:00;https://www.linkedin.com/jobs/view/4426642406/;https://media.licdn.com/dms/image/v2/D4D0BAQFXMWAzSIpqQQ/company-logo_100_100/company-logo_100_100/0/1718629344330?e=1782950400&v=beta&t=rtFh5mpEYHw37bX7UjPTFTWU5bWvPekCZDCLIUVmzwo;-;https://www.linkedin.com/company/paipe/about/;-;frontend OR javascript OR typescript OR html OR css OR react OR angular OR vue OR next.js OR wordpress OR (full AND stack);paipe;1;;https://www.linkedin.com/jobs/view/4426642406/;https://www.linkedin.com/jobs/view/4426642406/;Remote;Mid, Frontend;16/06/2026;;;;;Brasil;América do Sul
388;Parcero;Full Stack Web Developer & AI Automation Engineer (100% Remote);Brasil;13/06 20:00;https://www.linkedin.com/jobs/view/4428383122/;https://media.licdn.com/dms/image/v2/D4E0BAQGinrtTZMO_2w/company-logo_100_100/B4EZoscY4vGoAQ-/0/1761682231246/unschoolingco_logo?e=1782950400&v=beta&t=n2Kt126S9xM_Ev5cv17-uwfWkX7IJ0eC7hNmSLxGSTw;Advanced > Process & Automation;https://www.linkedin.com/company/parcero/about/;Inteligência Artificial;frontend OR javascript OR typescript OR html OR css OR react OR angular OR vue OR next.js OR wordpress OR (full AND stack);parcero;1.0;Unknown/Error;https://www.linkedin.com/jobs/view/4428383122/;https://www.linkedin.com/jobs/view/4428383122/;Remote;Inteligência Artificial, Full Stack, Engenharia Geral;16/06/2026;;;;;Brasil;América do Sul
389;Paytrack;Desenvolvedor(a) Fullstack Java/React Sênior | Remoto;Brasil;10/06 20:00;https://www.linkedin.com/jobs/view/4425027378/;https://media.licdn.com/dms/image/v2/D4D0BAQETCRygOSxSOg/company-logo_100_100/company-logo_100_100/0/1728492252094/paytrack_logo?e=1782950400&v=beta&t=4j0b82rRRMaeZ2nKfmW50xT1mGt_Us-wIm-3txNqrew;-;https://www.linkedin.com/company/paytrack/about/;-;frontend OR javascript OR typescript OR html OR css OR react OR angular OR vue OR next.js OR wordpress OR (full AND stack);paytrack;1.0;Inhire;https://www.linkedin.com/jobs/view/4425027378/;https://www.linkedin.com/jobs/view/4425027378/;Remote;Senior, Full Stack;16/06/2026;;;;;Brasil;América do Sul
390;Perform;Full Stack Developer (.NET Developer);Brasil;11/06 20:00;https://www.linkedin.com/jobs/view/4398420069/;https://media.licdn.com/dms/image/v2/D560BAQHKicvwh4oe6g/company-logo_100_100/company-logo_100_100/0/1720534619470/total_performance_consulting_logo?e=1782950400&v=beta&t=iw4TQFzreEEU5HyHYuwgdZDZRY8naowDIH3PiTob1DY;Advanced > Information Technology;https://www.linkedin.com/company/perform/about/;-;frontend OR javascript OR typescript OR html OR css OR react OR angular OR vue OR next.js OR wordpress OR (full AND stack);perform;1.0;careers.totalperform.com;https://www.linkedin.com/jobs/view/4398420069/;https://www.linkedin.com/jobs/view/4398420069/;Remote;Full Stack;16/06/2026;;;;;Brasil;América do Sul
391;Perform;Full Stack Developer (Python);Brasil;12/06 20:00;https://www.linkedin.com/jobs/view/4398401418/;https://media.licdn.com/dms/image/v2/D560BAQHKicvwh4oe6g/company-logo_100_100/company-logo_100_100/0/1720534619470/total_performance_consulting_logo?e=1782950400&v=beta&t=iw4TQFzreEEU5HyHYuwgdZDZRY8naowDIH3PiTob1DY;Advanced > Information Technology;https://www.linkedin.com/company/perform/about/;-;frontend OR javascript OR typescript OR html OR css OR react OR angular OR vue OR next.js OR wordpress OR (full AND stack);perform;1.0;careers.totalperform.com;https://www.linkedin.com/jobs/view/4398401418/;https://www.linkedin.com/jobs/view/4398401418/;Remote;Full Stack;16/06/2026;;;;;Brasil;América do Sul
392;Perform;Full Stack Developer (React/Redux);Brasil;10/06 20:00;https://www.linkedin.com/jobs/view/4384095045/;https://media.licdn.com/dms/image/v2/D560BAQHKicvwh4oe6g/company-logo_100_100/company-logo_100_100/0/1720534619470/total_performance_consulting_logo?e=1782950400&v=beta&t=iw4TQFzreEEU5HyHYuwgdZDZRY8naowDIH3PiTob1DY;Advanced > Information Technology;https://www.linkedin.com/company/perform/about/;-;frontend OR javascript OR typescript OR html OR css OR react OR angular OR vue OR next.js OR wordpress OR (full AND stack);perform;1.0;careers.totalperform.com;https://www.linkedin.com/jobs/view/4384095045/;https://www.linkedin.com/jobs/view/4384095045/;Remote;Full Stack;16/06/2026;;;;;Brasil;América do Sul
393;Performa_IT;Desenvolvedor(a) Full Stack .NET/Python;Campinas (SP);15/06 20:00;https://www.linkedin.com/jobs/view/4426458170/;https://media.licdn.com/dms/image/v2/D4D0BAQFZwYNuqbGz0g/img-crop_100/B4DZW1_HuOGkAM-/0/1742514978333?e=1782950400&v=beta&t=wsCsSe3SWtwP07QRCpq9fShZ6Wwezn5YJUJITipO4PM;-;https://www.linkedin.com/company/performa-it/about/;Software e Serviços de TI;frontend OR javascript OR typescript OR html OR css OR react OR angular OR vue OR next.js OR wordpress OR (full AND stack);performa_it;1.0;Totvs;https://www.linkedin.com/jobs/view/4426458170/;https://www.linkedin.com/jobs/view/4426458170/;Remote;Full Stack;16/06/2026;Campinas;São Paulo;SP;Região Sudeste;Brasil;América do Sul
394;PicPay;Desenvolvedor(a) Frontend Sênior;Grande São Paulo (SP) ;15/06 20:00;https://www.linkedin.com/jobs/view/4427736367/;https://media.licdn.com/dms/image/v2/C560BAQHuoq0NSYVt-g/company-logo_100_100/company-logo_100_100/0/1658520019837/picpay_logo?e=1782950400&v=beta&t=5GNxnw_gIo_llbMck6sLdksuYMl2aAvP8Bn8iRwYKhs;-;https://www.linkedin.com/company/picpay/about/;-;frontend OR javascript OR typescript OR html OR css OR react OR angular OR vue OR next.js OR wordpress OR (full AND stack);picpay;5.0;LinkedIn (Easy Apply);https://www.linkedin.com/jobs/view/4427736367/;https://www.linkedin.com/jobs/view/4427736367/;Remote;Senior, Frontend;16/06/2026;;São Paulo;SP;Região Sudeste;Brasil;América do Sul
395;Plena Performance;Desenvolvedor full stack;Criciúma (SC);15/06 20:00;https://www.linkedin.com/jobs/view/4427758384/;https://media.licdn.com/dms/image/v2/D4D0BAQE1Y-fBlYsFcw/company-logo_100_100/B4DZnuNnNmIgAQ-/0/1760638171405/plena_performance_logo?e=1782950400&v=beta&t=GYnlY8C19eubSI0Wo_D0QffbUI0iLtoiIzm07yfNxn0;-;https://www.linkedin.com/company/plena-performance/about/;-;frontend OR javascript OR typescript OR html OR css OR react OR angular OR vue OR next.js OR wordpress OR (full AND stack);plena performance;1.0;plenaperformance.com.br;https://www.linkedin.com/jobs/view/4427758384/;https://www.linkedin.com/jobs/view/4427758384/;On-site;Full Stack;16/06/2026;Criciúma;Santa Catarina;SC;Região Sul;Brasil;América do Sul
396;Plena Performance;Desenvolvedor full stack;Curitiba (PR);16/06 13:00;https://www.linkedin.com/jobs/view/4428042761/;https://media.licdn.com/dms/image/v2/D4D0BAQE1Y-fBlYsFcw/company-logo_100_100/B4DZnuNnNmIgAQ-/0/1760638171405/plena_performance_logo?e=1782950400&v=beta&t=GYnlY8C19eubSI0Wo_D0QffbUI0iLtoiIzm07yfNxn0;-;https://www.linkedin.com/company/plena-performance/about/;-;frontend OR javascript OR typescript OR html OR css OR react OR angular OR vue OR next.js OR wordpress OR (full AND stack);plena performance;1.0;plenaperformance.com.br;https://www.linkedin.com/jobs/view/4428042761/;https://www.linkedin.com/jobs/view/4428042761/;Hybrid;Full Stack;16/06/2026;Curitiba;Paraná;PR;Região Sul;Brasil;América do Sul
397;Pragmatike;Senior Full Stack Engineer (Fintech - Remote EMEA);Montenegro (RS);12/06 20:00;https://www.linkedin.com/jobs/view/4428145315/;https://media.licdn.com/dms/image/v2/D560BAQE3Psl7I4KFdQ/company-logo_100_100/company-logo_100_100/0/1736269088036/pragmatikee_logo?e=1782950400&v=beta&t=Yu-s_IqST8ktJzhz291Rla8Q-LIhu-5xjb_jkOWtI5s;Advanced > Information Technology;https://www.linkedin.com/company/pragmatike/about/;Serviços Financeiros;frontend OR javascript OR typescript OR html OR css OR react OR angular OR vue OR next.js OR wordpress OR (full AND stack);pragmatike;1;;https://www.linkedin.com/jobs/view/4428145315/;https://www.linkedin.com/jobs/view/4428145315/;Remote;Senior, TI/Tech, Full Stack, Engenharia Geral;16/06/2026;Montenegro;Rio Grande do Sul;RS;Região Sul;Brasil;América do Sul
398;Prezensa People Tech;Desenvolvedor(a) Full Stack  - Sênior (108308);Brasil;16/06 15:00;https://www.linkedin.com/jobs/view/4429572468/;https://media.licdn.com/dms/image/v2/D4D0BAQFHBEsl9wXsRQ/company-logo_100_100/B4DZcykHL_HMAQ-/0/1748900017490/prezensa_logo?e=1782950400&v=beta&t=ACpEAEvo6XYF1xZ0Kw6xej-IZ9IJ1gIj2RX2MerBm9A;-;https://www.linkedin.com/company/prezensa-people-tech/about/;Software e Serviços de TI;frontend OR javascript OR typescript OR html OR css OR react OR angular OR vue OR next.js OR wordpress OR (full AND stack);prezensa people tech;1.0;prezensa.com;https://www.linkedin.com/jobs/view/4429572468/;https://www.linkedin.com/jobs/view/4429572468/;Remote;Senior, Full Stack;16/06/2026;;;;;Brasil;América do Sul
399;PrimeUp;Desenvolvedor Full Stack .NET Sênior - Iniciativas em IA;Grande Rio de Janeiro (RJ);15/06 20:00;https://www.linkedin.com/jobs/view/4425799759/;https://media.licdn.com/dms/image/v2/D4D0BAQFjt9wa2E4KKw/company-logo_100_100/company-logo_100_100/0/1684932390314/primeup_logo?e=1782950400&v=beta&t=Wgd694smHp_cY3jcCv52fcjER0T3rwjBUfUvecOkaUo;-;https://www.linkedin.com/company/primeup/about/;Inteligência Artificial;frontend OR javascript OR typescript OR html OR css OR react OR angular OR vue OR next.js OR wordpress OR (full AND stack);primeup;1;;https://www.linkedin.com/jobs/view/4425799759/;https://www.linkedin.com/jobs/view/4425799759/;On-site;Inteligência Artificial, Senior, Full Stack;16/06/2026;;Rio de Janeiro;RJ;Região Sudeste;Brasil;América do Sul
400;Proxify;Senior Frontend Developer (Angular.js/React.js);América Latina;15/06 20:00;https://www.linkedin.com/jobs/view/4303021904/;https://media.licdn.com/dms/image/v2/C560BAQFVelLHpNdUlw/company-logo_100_100/company-logo_100_100/0/1680002101871/proxify_se_logo?e=1782950400&v=beta&t=YQpN_tT47JV_ueVswV7cMRQCw93H2_IWIQBMBemMk_Y;Advanced > Information Technology;https://www.linkedin.com/company/proxify/about/;-;frontend OR javascript OR typescript OR html OR css OR react OR angular OR vue OR next.js OR wordpress OR (full AND stack);proxify;1.0;apply.proxify.io;https://www.linkedin.com/jobs/view/4303021904/;https://www.linkedin.com/jobs/view/4303021904/;Remote;Senior, Frontend;16/06/2026;;;;;;América Latina
401;Proxify;Senior Frontend Developer (React.js+Next.js);América Latina;15/06 20:00;https://www.linkedin.com/jobs/view/4295363299/;https://media.licdn.com/dms/image/v2/C560BAQFVelLHpNdUlw/company-logo_100_100/company-logo_100_100/0/1680002101871/proxify_se_logo?e=1782950400&v=beta&t=YQpN_tT47JV_ueVswV7cMRQCw93H2_IWIQBMBemMk_Y;Advanced > Information Technology;https://www.linkedin.com/company/proxify/about/;-;frontend OR javascript OR typescript OR html OR css OR react OR angular OR vue OR next.js OR wordpress OR (full AND stack);proxify;1.0;apply.proxify.io;https://www.linkedin.com/jobs/view/4295363299/;https://www.linkedin.com/jobs/view/4295363299/;Remote;Senior, Frontend;16/06/2026;;;;;;América Latina
402;Proxify;Senior Frontend Developer (Vue.js);América Latina;15/06 20:00;https://www.linkedin.com/jobs/view/4417700111/;https://media.licdn.com/dms/image/v2/C560BAQFVelLHpNdUlw/company-logo_100_100/company-logo_100_100/0/1680002101871/proxify_se_logo?e=1782950400&v=beta&t=YQpN_tT47JV_ueVswV7cMRQCw93H2_IWIQBMBemMk_Y;Advanced > Information Technology;https://www.linkedin.com/company/proxify/about/;-;frontend OR javascript OR typescript OR html OR css OR react OR angular OR vue OR next.js OR wordpress OR (full AND stack);proxify;1.0;apply.proxify.io;https://www.linkedin.com/jobs/view/4417700111/;https://www.linkedin.com/jobs/view/4417700111/;Remote;Senior, Frontend;16/06/2026;;;;;;América Latina
403;Proxify;Senior Frontend Developer (Angular.js/React.js);Brasil;15/06 20:00;https://www.linkedin.com/jobs/view/4304143993/;https://media.licdn.com/dms/image/v2/C560BAQFVelLHpNdUlw/company-logo_100_100/company-logo_100_100/0/1680002101871/proxify_se_logo?e=1782950400&v=beta&t=YQpN_tT47JV_ueVswV7cMRQCw93H2_IWIQBMBemMk_Y;Advanced > Information Technology;https://www.linkedin.com/company/proxify/about/;-;frontend OR javascript OR typescript OR html OR css OR react OR angular OR vue OR next.js OR wordpress OR (full AND stack);proxify;1.0;apply.proxify.io;https://www.linkedin.com/jobs/view/4304143993/;https://www.linkedin.com/jobs/view/4304143993/;Remote;Senior, Frontend;16/06/2026;;;;;Brasil;América do Sul
404;Proxify;Senior Frontend Developer (React.js+Next.js);Brasil;15/06 20:00;https://www.linkedin.com/jobs/view/4304162008/;https://media.licdn.com/dms/image/v2/C560BAQFVelLHpNdUlw/company-logo_100_100/company-logo_100_100/0/1680002101871/proxify_se_logo?e=1782950400&v=beta&t=YQpN_tT47JV_ueVswV7cMRQCw93H2_IWIQBMBemMk_Y;Advanced > Information Technology;https://www.linkedin.com/company/proxify/about/;-;frontend OR javascript OR typescript OR html OR css OR react OR angular OR vue OR next.js OR wordpress OR (full AND stack);proxify;1.0;apply.proxify.io;https://www.linkedin.com/jobs/view/4304162008/;https://www.linkedin.com/jobs/view/4304162008/;Remote;Senior, Frontend;16/06/2026;;;;;Brasil;América do Sul
405;Proxify;Senior Next.js Developer;Brasil;10/06 20:00;https://www.linkedin.com/jobs/view/4288398003/;https://media.licdn.com/dms/image/v2/C560BAQFVelLHpNdUlw/company-logo_100_100/company-logo_100_100/0/1680002101871/proxify_se_logo?e=1782950400&v=beta&t=YQpN_tT47JV_ueVswV7cMRQCw93H2_IWIQBMBemMk_Y;Advanced > Information Technology;https://www.linkedin.com/company/proxify/about/;-;frontend OR javascript OR typescript OR html OR css OR react OR angular OR vue OR next.js OR wordpress OR (full AND stack);proxify;1.0;apply.proxify.io;https://www.linkedin.com/jobs/view/4288398003/;https://www.linkedin.com/jobs/view/4288398003/;Remote;Senior;16/06/2026;;;;;Brasil;América do Sul
406;Publicis Groupe Brasil;Dev. Drupal Full Stack Pl/Sr;Grande São Paulo (SP) ;10/06 20:00;https://www.linkedin.com/jobs/view/4427081935/;https://media.licdn.com/dms/image/v2/D4D0BAQHQUBi4YjmSMA/company-logo_100_100/B4DZy.7cjsKgAQ-/0/1772729781027/publicis_groupe_brasil_logo?e=1782950400&v=beta&t=0bc3OvAA5DvjlW8WQhxK0jYugWmIN7fyDJzdIyI_e-8;-;https://www.linkedin.com/company/publicis-groupe-brasil/about/;-;frontend OR javascript OR typescript OR html OR css OR react OR angular OR vue OR next.js OR wordpress OR (full AND stack);publicis groupe brasil;2.0;LinkedIn (Easy Apply);https://www.linkedin.com/jobs/view/4427081935/;https://www.linkedin.com/jobs/view/4427081935/;Hybrid;Senior, Mid, Full Stack;16/06/2026;;São Paulo;SP;Região Sudeste;Brasil;América do Sul
407;Pulsati;Desenvolvedor Java Sênior | Spring Boot + Angular;São Paulo (SP);11/06 20:00;https://www.linkedin.com/jobs/view/4427126163/;https://media.licdn.com/dms/image/v2/D4D0BAQE6KsidO_Dmyg/company-logo_100_100/company-logo_100_100/0/1707835487486/pulsati_logo?e=1782950400&v=beta&t=cFi5s0S5JFR-IpZPcYz-yB5SPdJPF6eOCkKY7yxconU;-;https://www.linkedin.com/company/pulsati/about/;Software e Serviços de TI;frontend OR javascript OR typescript OR html OR css OR react OR angular OR vue OR next.js OR wordpress OR (full AND stack);pulsati;1.0;zinrecbr.intervieweb.it;https://www.linkedin.com/jobs/view/4427126163/;https://www.linkedin.com/jobs/view/4427126163/;Remote;Senior;16/06/2026;São Paulo;São Paulo;SP;Região Sudeste;Brasil;América do Sul
408;Pyyne;Full Stack Engineer (C#/.NET);Brasil;10/06 20:00;https://www.linkedin.com/jobs/view/4427080736/;https://media.licdn.com/dms/image/v2/D4E0BAQHZlVmnSkySgQ/company-logo_100_100/company-logo_100_100/0/1723641315634/pyyne_digital_logo?e=1782950400&v=beta&t=iNt8nNwVcSUYEbShBqq7fvfneDOkTij4wBAZBmkTw4M;Advanced > Information Technology;https://www.linkedin.com/company/pyyne/about/;-;frontend OR javascript OR typescript OR html OR css OR react OR angular OR vue OR next.js OR wordpress OR (full AND stack);pyyne;1;;https://www.linkedin.com/jobs/view/4427080736/;https://www.linkedin.com/jobs/view/4427080736/;Remote;Full Stack, Engenharia Geral;16/06/2026;;;;;Brasil;América do Sul
409;Quik Hire Staffing;Angular Developer (Remote);Brasil;16/06 09:00;https://www.linkedin.com/jobs/view/4429510200/;https://media.licdn.com/dms/image/v2/D560BAQFYxxMZnepyAw/company-logo_100_100/B56ZsDhgBgI0AQ-/0/1765290672906/quik_hire_staffing_logo?e=1782950400&v=beta&t=nXQucrozOS-iwCivwy1oGaCESe5UlJ1wgXLjx8sYTj8;Advanced > Information Technology;https://www.linkedin.com/company/quik-hire-staffing/about/;-;frontend OR javascript OR typescript OR html OR css OR react OR angular OR vue OR next.js OR wordpress OR (full AND stack);quik hire staffing;1.0;outlier.ai;https://www.linkedin.com/jobs/view/4429510200/;https://www.linkedin.com/jobs/view/4429510200/;Remote;-;16/06/2026;;;;;Brasil;América do Sul
410;Quik Hire Staffing;Frontend Developer – Remote;Brasil;16/06 09:00;https://www.linkedin.com/jobs/view/4429508330/;https://media.licdn.com/dms/image/v2/D560BAQFYxxMZnepyAw/company-logo_100_100/B56ZsDhgBgI0AQ-/0/1765290672906/quik_hire_staffing_logo?e=1782950400&v=beta&t=nXQucrozOS-iwCivwy1oGaCESe5UlJ1wgXLjx8sYTj8;Advanced > Information Technology;https://www.linkedin.com/company/quik-hire-staffing/about/;-;frontend OR javascript OR typescript OR html OR css OR react OR angular OR vue OR next.js OR wordpress OR (full AND stack);quik hire staffing;1.0;outlier.ai;https://www.linkedin.com/jobs/view/4429508330/;https://www.linkedin.com/jobs/view/4429508330/;Remote;Frontend;16/06/2026;;;;;Brasil;América do Sul
411;Quik Hire Staffing;Frontend Engineer – Remote;Brasil;12/06 20:00;https://www.linkedin.com/jobs/view/4427954970/;https://media.licdn.com/dms/image/v2/D560BAQFYxxMZnepyAw/company-logo_100_100/B56ZsDhgBgI0AQ-/0/1765290672906/quik_hire_staffing_logo?e=1782950400&v=beta&t=nXQucrozOS-iwCivwy1oGaCESe5UlJ1wgXLjx8sYTj8;Advanced > Information Technology;https://www.linkedin.com/company/quik-hire-staffing/about/;-;frontend OR javascript OR typescript OR html OR css OR react OR angular OR vue OR next.js OR wordpress OR (full AND stack);quik hire staffing;1.0;outlier.ai;https://www.linkedin.com/jobs/view/4427954970/;https://www.linkedin.com/jobs/view/4427954970/;Remote;Frontend, Engenharia Geral;16/06/2026;;;;;Brasil;América do Sul
412;Quik Hire Staffing;Full Stack Developer (Remote);Brasil;16/06 09:00;https://www.linkedin.com/jobs/view/4429506654/;https://media.licdn.com/dms/image/v2/D560BAQFYxxMZnepyAw/company-logo_100_100/B56ZsDhgBgI0AQ-/0/1765290672906/quik_hire_staffing_logo?e=1782950400&v=beta&t=nXQucrozOS-iwCivwy1oGaCESe5UlJ1wgXLjx8sYTj8;Advanced > Information Technology;https://www.linkedin.com/company/quik-hire-staffing/about/;-;frontend OR javascript OR typescript OR html OR css OR react OR angular OR vue OR next.js OR wordpress OR (full AND stack);quik hire staffing;1.0;outlier.ai;https://www.linkedin.com/jobs/view/4429506654/;https://www.linkedin.com/jobs/view/4429506654/;Remote;Full Stack;16/06/2026;;;;;Brasil;América do Sul
413;Quik Hire Staffing;Full Stack Developer (Remote);Brasil;11/06 20:00;https://www.linkedin.com/jobs/view/4427516948/;https://media.licdn.com/dms/image/v2/D560BAQFYxxMZnepyAw/company-logo_100_100/B56ZsDhgBgI0AQ-/0/1765290672906/quik_hire_staffing_logo?e=1782950400&v=beta&t=nXQucrozOS-iwCivwy1oGaCESe5UlJ1wgXLjx8sYTj8;Advanced > Information Technology;https://www.linkedin.com/company/quik-hire-staffing/about/;-;frontend OR javascript OR typescript OR html OR css OR react OR angular OR vue OR next.js OR wordpress OR (full AND stack);quik hire staffing;1.0;outlier.ai;https://www.linkedin.com/jobs/view/4427516948/;https://www.linkedin.com/jobs/view/4427516948/;Remote;Full Stack;16/06/2026;;;;;Brasil;América do Sul
414;Quik Hire Staffing;Full Stack Developer – Remote;Brasil;16/06 10:00;https://www.linkedin.com/jobs/view/4429512679/;https://media.licdn.com/dms/image/v2/D560BAQFYxxMZnepyAw/company-logo_100_100/B56ZsDhgBgI0AQ-/0/1765290672906/quik_hire_staffing_logo?e=1782950400&v=beta&t=nXQucrozOS-iwCivwy1oGaCESe5UlJ1wgXLjx8sYTj8;Advanced > Information Technology;https://www.linkedin.com/company/quik-hire-staffing/about/;-;frontend OR javascript OR typescript OR html OR css OR react OR angular OR vue OR next.js OR wordpress OR (full AND stack);quik hire staffing;1.0;outlier.ai;https://www.linkedin.com/jobs/view/4429512679/;https://www.linkedin.com/jobs/view/4429512679/;Remote;Full Stack;16/06/2026;;;;;Brasil;América do Sul
415;Quik Hire Staffing;Full Stack Engineer (Remote);Brasil;16/06 09:00;https://www.linkedin.com/jobs/view/4429503382/;https://media.licdn.com/dms/image/v2/D560BAQFYxxMZnepyAw/company-logo_100_100/B56ZsDhgBgI0AQ-/0/1765290672906/quik_hire_staffing_logo?e=1782950400&v=beta&t=nXQucrozOS-iwCivwy1oGaCESe5UlJ1wgXLjx8sYTj8;Advanced > Information Technology;https://www.linkedin.com/company/quik-hire-staffing/about/;-;frontend OR javascript OR typescript OR html OR css OR react OR angular OR vue OR next.js OR wordpress OR (full AND stack);quik hire staffing;1.0;outlier.ai;https://www.linkedin.com/jobs/view/4429503382/;https://www.linkedin.com/jobs/view/4429503382/;Remote;Full Stack, Engenharia Geral;16/06/2026;;;;;Brasil;América do Sul
416;Quik Hire Staffing;Full Stack Engineer – Remote;Brasil;16/06 09:00;https://www.linkedin.com/jobs/view/4429282937/;https://media.licdn.com/dms/image/v2/D560BAQFYxxMZnepyAw/company-logo_100_100/B56ZsDhgBgI0AQ-/0/1765290672906/quik_hire_staffing_logo?e=1782950400&v=beta&t=nXQucrozOS-iwCivwy1oGaCESe5UlJ1wgXLjx8sYTj8;Advanced > Information Technology;https://www.linkedin.com/company/quik-hire-staffing/about/;-;frontend OR javascript OR typescript OR html OR css OR react OR angular OR vue OR next.js OR wordpress OR (full AND stack);quik hire staffing;1.0;outlier.ai;https://www.linkedin.com/jobs/view/4429282937/;https://www.linkedin.com/jobs/view/4429282937/;Remote;Full Stack, Engenharia Geral;16/06/2026;;;;;Brasil;América do Sul
417;Quik Hire Staffing;Full Stack Java Developer – Remote;Brasil;16/06 09:00;https://www.linkedin.com/jobs/view/4429502479/;https://media.licdn.com/dms/image/v2/D560BAQFYxxMZnepyAw/company-logo_100_100/B56ZsDhgBgI0AQ-/0/1765290672906/quik_hire_staffing_logo?e=1782950400&v=beta&t=nXQucrozOS-iwCivwy1oGaCESe5UlJ1wgXLjx8sYTj8;Advanced > Information Technology;https://www.linkedin.com/company/quik-hire-staffing/about/;-;frontend OR javascript OR typescript OR html OR css OR react OR angular OR vue OR next.js OR wordpress OR (full AND stack);quik hire staffing;1.0;outlier.ai;https://www.linkedin.com/jobs/view/4429502479/;https://www.linkedin.com/jobs/view/4429502479/;Remote;Full Stack;16/06/2026;;;;;Brasil;América do Sul
418;Quik Hire Staffing;Full Stack JavaScript Developer – Remote;Brasil;16/06 09:00;https://www.linkedin.com/jobs/view/4429510307/;https://media.licdn.com/dms/image/v2/D560BAQFYxxMZnepyAw/company-logo_100_100/B56ZsDhgBgI0AQ-/0/1765290672906/quik_hire_staffing_logo?e=1782950400&v=beta&t=nXQucrozOS-iwCivwy1oGaCESe5UlJ1wgXLjx8sYTj8;Advanced > Information Technology;https://www.linkedin.com/company/quik-hire-staffing/about/;-;frontend OR javascript OR typescript OR html OR css OR react OR angular OR vue OR next.js OR wordpress OR (full AND stack);quik hire staffing;1.0;outlier.ai;https://www.linkedin.com/jobs/view/4429510307/;https://www.linkedin.com/jobs/view/4429510307/;Remote;Full Stack;16/06/2026;;;;;Brasil;América do Sul
419;Quik Hire Staffing;Full stack Developer (Remote);Brasil;16/06 09:00;https://www.linkedin.com/jobs/view/4429506674/;https://media.licdn.com/dms/image/v2/D560BAQFYxxMZnepyAw/company-logo_100_100/B56ZsDhgBgI0AQ-/0/1765290672906/quik_hire_staffing_logo?e=1782950400&v=beta&t=nXQucrozOS-iwCivwy1oGaCESe5UlJ1wgXLjx8sYTj8;Advanced > Information Technology;https://www.linkedin.com/company/quik-hire-staffing/about/;-;frontend OR javascript OR typescript OR html OR css OR react OR angular OR vue OR next.js OR wordpress OR (full AND stack);quik hire staffing;1.0;outlier.ai;https://www.linkedin.com/jobs/view/4429506674/;https://www.linkedin.com/jobs/view/4429506674/;Remote;Full Stack;16/06/2026;;;;;Brasil;América do Sul
420;Quik Hire Staffing;Full stack Engineers – Remote;Brasil;16/06 09:00;https://www.linkedin.com/jobs/view/4429504096/;https://media.licdn.com/dms/image/v2/D560BAQFYxxMZnepyAw/company-logo_100_100/B56ZsDhgBgI0AQ-/0/1765290672906/quik_hire_staffing_logo?e=1782950400&v=beta&t=nXQucrozOS-iwCivwy1oGaCESe5UlJ1wgXLjx8sYTj8;Advanced > Information Technology;https://www.linkedin.com/company/quik-hire-staffing/about/;-;frontend OR javascript OR typescript OR html OR css OR react OR angular OR vue OR next.js OR wordpress OR (full AND stack);quik hire staffing;1.0;outlier.ai;https://www.linkedin.com/jobs/view/4429504096/;https://www.linkedin.com/jobs/view/4429504096/;Remote;Full Stack, Engenharia Geral;16/06/2026;;;;;Brasil;América do Sul
421;Quik Hire Staffing;JavaScript Developer – Remote;Brasil;16/06 09:00;https://www.linkedin.com/jobs/view/4429513166/;https://media.licdn.com/dms/image/v2/D560BAQFYxxMZnepyAw/company-logo_100_100/B56ZsDhgBgI0AQ-/0/1765290672906/quik_hire_staffing_logo?e=1782950400&v=beta&t=nXQucrozOS-iwCivwy1oGaCESe5UlJ1wgXLjx8sYTj8;Advanced > Information Technology;https://www.linkedin.com/company/quik-hire-staffing/about/;-;frontend OR javascript OR typescript OR html OR css OR react OR angular OR vue OR next.js OR wordpress OR (full AND stack);quik hire staffing;1.0;outlier.ai;https://www.linkedin.com/jobs/view/4429513166/;https://www.linkedin.com/jobs/view/4429513166/;Remote;-;16/06/2026;;;;;Brasil;América do Sul
422;Quik Hire Staffing;JavaScript Software Developer – Remote;Brasil;16/06 10:00;https://www.linkedin.com/jobs/view/4429523104/;https://media.licdn.com/dms/image/v2/D560BAQFYxxMZnepyAw/company-logo_100_100/B56ZsDhgBgI0AQ-/0/1765290672906/quik_hire_staffing_logo?e=1782950400&v=beta&t=nXQucrozOS-iwCivwy1oGaCESe5UlJ1wgXLjx8sYTj8;Advanced > Information Technology;https://www.linkedin.com/company/quik-hire-staffing/about/;Software e Serviços de TI;frontend OR javascript OR typescript OR html OR css OR react OR angular OR vue OR next.js OR wordpress OR (full AND stack);quik hire staffing;1.0;outlier.ai;https://www.linkedin.com/jobs/view/4429523104/;https://www.linkedin.com/jobs/view/4429523104/;Remote;TI/Tech;16/06/2026;;;;;Brasil;América do Sul
423;Quik Hire Staffing;JavaScript Software Engineer – Remote;Brasil;16/06 09:00;https://www.linkedin.com/jobs/view/4429506258/;https://media.licdn.com/dms/image/v2/D560BAQFYxxMZnepyAw/company-logo_100_100/B56ZsDhgBgI0AQ-/0/1765290672906/quik_hire_staffing_logo?e=1782950400&v=beta&t=nXQucrozOS-iwCivwy1oGaCESe5UlJ1wgXLjx8sYTj8;Advanced > Information Technology;https://www.linkedin.com/company/quik-hire-staffing/about/;Software e Serviços de TI;frontend OR javascript OR typescript OR html OR css OR react OR angular OR vue OR next.js OR wordpress OR (full AND stack);quik hire staffing;1.0;outlier.ai;https://www.linkedin.com/jobs/view/4429506258/;https://www.linkedin.com/jobs/view/4429506258/;Remote;TI/Tech, Engenharia Geral;16/06/2026;;;;;Brasil;América do Sul
424;Quik Hire Staffing;React Developer – Remote;Brasil;16/06 09:00;https://www.linkedin.com/jobs/view/4429501474/;https://media.licdn.com/dms/image/v2/D560BAQFYxxMZnepyAw/company-logo_100_100/B56ZsDhgBgI0AQ-/0/1765290672906/quik_hire_staffing_logo?e=1782950400&v=beta&t=nXQucrozOS-iwCivwy1oGaCESe5UlJ1wgXLjx8sYTj8;Advanced > Information Technology;https://www.linkedin.com/company/quik-hire-staffing/about/;-;frontend OR javascript OR typescript OR html OR css OR react OR angular OR vue OR next.js OR wordpress OR (full AND stack);quik hire staffing;1.0;outlier.ai;https://www.linkedin.com/jobs/view/4429501474/;https://www.linkedin.com/jobs/view/4429501474/;Remote;-;16/06/2026;;;;;Brasil;América do Sul
425;Quik Hire Staffing;React Native Developer – Remote;Brasil;16/06 10:00;https://www.linkedin.com/jobs/view/4429504771/;https://media.licdn.com/dms/image/v2/D560BAQFYxxMZnepyAw/company-logo_100_100/B56ZsDhgBgI0AQ-/0/1765290672906/quik_hire_staffing_logo?e=1782950400&v=beta&t=nXQucrozOS-iwCivwy1oGaCESe5UlJ1wgXLjx8sYTj8;Advanced > Information Technology;https://www.linkedin.com/company/quik-hire-staffing/about/;Software e Serviços de TI;frontend OR javascript OR typescript OR html OR css OR react OR angular OR vue OR next.js OR wordpress OR (full AND stack);quik hire staffing;1.0;outlier.ai;https://www.linkedin.com/jobs/view/4429504771/;https://www.linkedin.com/jobs/view/4429504771/;Remote;-;16/06/2026;;;;;Brasil;América do Sul
426;Quik Hire Staffing;TypeScript Developer – Remote;Brasil;16/06 09:00;https://www.linkedin.com/jobs/view/4429505561/;https://media.licdn.com/dms/image/v2/D560BAQFYxxMZnepyAw/company-logo_100_100/B56ZsDhgBgI0AQ-/0/1765290672906/quik_hire_staffing_logo?e=1782950400&v=beta&t=nXQucrozOS-iwCivwy1oGaCESe5UlJ1wgXLjx8sYTj8;Advanced > Information Technology;https://www.linkedin.com/company/quik-hire-staffing/about/;-;frontend OR javascript OR typescript OR html OR css OR react OR angular OR vue OR next.js OR wordpress OR (full AND stack);quik hire staffing;1.0;outlier.ai;https://www.linkedin.com/jobs/view/4429505561/;https://www.linkedin.com/jobs/view/4429505561/;Remote;-;16/06/2026;;;;;Brasil;América do Sul
427;Quik Hire Staffing;TypeScript Developer – Remote;Brasil;16/06 09:00;https://www.linkedin.com/jobs/view/4428847885/;https://media.licdn.com/dms/image/v2/D560BAQFYxxMZnepyAw/company-logo_100_100/B56ZsDhgBgI0AQ-/0/1765290672906/quik_hire_staffing_logo?e=1782950400&v=beta&t=nXQucrozOS-iwCivwy1oGaCESe5UlJ1wgXLjx8sYTj8;Advanced > Information Technology;https://www.linkedin.com/company/quik-hire-staffing/about/;-;frontend OR javascript OR typescript OR html OR css OR react OR angular OR vue OR next.js OR wordpress OR (full AND stack);quik hire staffing;1.0;outlier.ai;https://www.linkedin.com/jobs/view/4428847885/;https://www.linkedin.com/jobs/view/4428847885/;Remote;-;16/06/2026;;;;;Brasil;América do Sul
428;Quik Hire Staffing;TypeScript Developer – Remote;Brasil;12/06 20:00;https://www.linkedin.com/jobs/view/4427969740/;https://media.licdn.com/dms/image/v2/D560BAQFYxxMZnepyAw/company-logo_100_100/B56ZsDhgBgI0AQ-/0/1765290672906/quik_hire_staffing_logo?e=1782950400&v=beta&t=nXQucrozOS-iwCivwy1oGaCESe5UlJ1wgXLjx8sYTj8;Advanced > Information Technology;https://www.linkedin.com/company/quik-hire-staffing/about/;-;frontend OR javascript OR typescript OR html OR css OR react OR angular OR vue OR next.js OR wordpress OR (full AND stack);quik hire staffing;1.0;outlier.ai;https://www.linkedin.com/jobs/view/4427969740/;https://www.linkedin.com/jobs/view/4427969740/;Remote;-;16/06/2026;;;;;Brasil;América do Sul
429;Quik Hire Staffing;TypeScript Developer – Remote;Brasil;11/06 20:00;https://www.linkedin.com/jobs/view/4427527793/;https://media.licdn.com/dms/image/v2/D560BAQFYxxMZnepyAw/company-logo_100_100/B56ZsDhgBgI0AQ-/0/1765290672906/quik_hire_staffing_logo?e=1782950400&v=beta&t=nXQucrozOS-iwCivwy1oGaCESe5UlJ1wgXLjx8sYTj8;Advanced > Information Technology;https://www.linkedin.com/company/quik-hire-staffing/about/;-;frontend OR javascript OR typescript OR html OR css OR react OR angular OR vue OR next.js OR wordpress OR (full AND stack);quik hire staffing;1.0;outlier.ai;https://www.linkedin.com/jobs/view/4427527793/;https://www.linkedin.com/jobs/view/4427527793/;Remote;-;16/06/2026;;;;;Brasil;América do Sul
430;RD Station;Engenharia de Software Pleno - Python/React | RD Station (Remoto) afirmativa para mulheres;Brasil;10/06 20:00;https://www.linkedin.com/jobs/view/4426796489/;https://media.licdn.com/dms/image/v2/D4D0BAQFuFR3WmHXFHQ/company-logo_100_100/B4DZd7RgByGsAQ-/0/1750119875130/rd_station_logo?e=1782950400&v=beta&t=PNkNQ5-TnmMTlroJIAndg3XMauTAU_hB9kohlFnWGls;-;https://www.linkedin.com/company/rd-station/about/;Software e Serviços de TI;frontend OR javascript OR typescript OR html OR css OR react OR angular OR vue OR next.js OR wordpress OR (full AND stack);rd station;1.0;LinkedIn (Easy Apply);https://www.linkedin.com/jobs/view/4426796489/;https://www.linkedin.com/jobs/view/4426796489/;Remote;PCD / Afirmativa, Mid, TI/Tech, Engenharia Geral;16/06/2026;;;;;Brasil;América do Sul
431;RELQ TECHNOLOGIES;Dot Net Full Stack Developer- Brazil;Brasil;15/06 20:00;https://www.linkedin.com/jobs/view/4428872486/;https://media.licdn.com/dms/image/v2/D4E0BAQHXLPO6E_GF4Q/company-logo_100_100/B4EZVpSTKIGgAQ-/0/1741228159884/relqtechnologies_logo?e=1782950400&v=beta&t=WAprm-KeZb3SvyF9vMtXI9p2L8eS_PvTf_qOCrxdNKE;Advanced > Information Technology;https://www.linkedin.com/company/relq-technologies/about/;Software e Serviços de TI;frontend OR javascript OR typescript OR html OR css OR react OR angular OR vue OR next.js OR wordpress OR (full AND stack);relq technologies;1.0;;https://www.linkedin.com/jobs/view/4428872486/;https://www.linkedin.com/jobs/view/4428872486/;Remote;Full Stack;16/06/2026;;;;;Brasil;América do Sul
432;Raro Labs;Pessoa Desenvolvedora Fullstack Node/React - Sênior;Grande Belo Horizonte (MG);12/06 20:00;https://www.linkedin.com/jobs/view/4427678152/;https://media.licdn.com/dms/image/v2/D4D0BAQGu2axEvqZ_qg/company-logo_100_100/B4DZqDeUcWKUAU-/0/1763142355184/raro_labs_logo?e=1782950400&v=beta&t=VZizWNbrgE4eBWu41A4EIStOUXbjzHlY8FYMHoFg35w;-;https://www.linkedin.com/company/raro-labs/about/;-;frontend OR javascript OR typescript OR html OR css OR react OR angular OR vue OR next.js OR wordpress OR (full AND stack);raro labs;1;;https://www.linkedin.com/jobs/view/4427678152/;https://www.linkedin.com/jobs/view/4427678152/;Remote;PCD / Afirmativa, Senior, Full Stack;16/06/2026;;Minas Gerais;MG;Região Sudeste;Brasil;América do Sul
433;Recodme;Arquitecto Full Stack Madrid (Java/Python + React);América Latina;16/06 08:00;https://www.linkedin.com/jobs/view/4429244911/;https://media.licdn.com/dms/image/v2/D4D0BAQFrYgCpoTlDpw/company-logo_100_100/company-logo_100_100/0/1683805985385/recodme_logo?e=1782950400&v=beta&t=tHRagLfCxpXad09nzpGvbrg2ikYkE4o4YhriEP_juUY;-;https://www.linkedin.com/company/recodme/about/;Software e Serviços de TI;frontend OR javascript OR typescript OR html OR css OR react OR angular OR vue OR next.js OR wordpress OR (full AND stack);recodme;1.0;;https://www.linkedin.com/jobs/view/4429244911/;https://www.linkedin.com/jobs/view/4429244911/;Remote;Full Stack;16/06/2026;;;;;;América Latina
434;Remay;Técnico de IA & MLOpsware Sênior – Full Stack;SP;14/06 20:00;https://www.linkedin.com/jobs/view/4425727981/;https://media.licdn.com/dms/image/v2/D4D0BAQFE6Oq73GEUxQ/company-logo_100_100/company-logo_100_100/0/1718970169798/remay_logo?e=1782950400&v=beta&t=aDu-qi0P3onw9dXj2ya6TUWDrad-_zVkOKBTyf2RKtI;-;https://www.linkedin.com/company/remay/about/;Inteligência Artificial;frontend OR javascript OR typescript OR html OR css OR react OR angular OR vue OR next.js OR wordpress OR (full AND stack);remay;1;;https://www.linkedin.com/jobs/view/4425727981/;https://www.linkedin.com/jobs/view/4425727981/;Remote;Inteligência Artificial, Senior, Full Stack;16/06/2026;;São Paulo;SP;Região Sudeste;Brasil;América do Sul
435;Remote Leverage;Frontend Engineer;América Latina;16/06 18:00;https://www.linkedin.com/jobs/view/4429704580/;https://media.licdn.com/dms/image/v2/D4E0BAQF2iwfYS078vA/company-logo_100_100/B4EZ6y_xwBKYAI-/0/1781119524097/remote_leverage_logo?e=1782950400&v=beta&t=-xpVIeamJQxhOK1iAeVxRi6vzEM18dFM0H5WVBS7E5k;Advanced > Information Technology;https://www.linkedin.com/company/remote-leverage/about/;-;frontend OR javascript OR typescript OR html OR css OR react OR angular OR vue OR next.js OR wordpress OR (full AND stack);remote leverage;1.0;Recruit CRM;https://www.linkedin.com/jobs/view/4429704580/;https://www.linkedin.com/jobs/view/4429704580/;Remote;Frontend, Engenharia Geral;16/06/2026;;;;;;América Latina
436;Remote Leverage;Full Stack Developer;América Latina;16/06 18:00;https://www.linkedin.com/jobs/view/4429599737/;https://media.licdn.com/dms/image/v2/D4E0BAQF2iwfYS078vA/company-logo_100_100/B4EZ6y_xwBKYAI-/0/1781119524097/remote_leverage_logo?e=1782950400&v=beta&t=-xpVIeamJQxhOK1iAeVxRi6vzEM18dFM0H5WVBS7E5k;Advanced > Information Technology;https://www.linkedin.com/company/remote-leverage/about/;-;frontend OR javascript OR typescript OR html OR css OR react OR angular OR vue OR next.js OR wordpress OR (full AND stack);remote leverage;1.0;Recruit CRM;https://www.linkedin.com/jobs/view/4429599737/;https://www.linkedin.com/jobs/view/4429599737/;Remote;Full Stack;16/06/2026;;;;;;América Latina
437;Review ALL;Front -end |Desenvolvedor web (Angular 14+);São Paulo (SP);11/06 20:00;https://www.linkedin.com/jobs/view/4423631977/;https://media.licdn.com/dms/image/v2/D4D0BAQF3WktgtiBShA/company-logo_100_100/B4DZ5LQ1h0JYAI-/0/1779379165514/review_all_logo?e=1782950400&v=beta&t=ZB1k6loleDGkcP6QDObBoPIa-adHVysBkIcoJkGjHbY;-;https://www.linkedin.com/company/review-all/about/;-;frontend OR javascript OR typescript OR html OR css OR react OR angular OR vue OR next.js OR wordpress OR (full AND stack);review all;1.0;;https://www.linkedin.com/jobs/view/4423631977/;https://www.linkedin.com/jobs/view/4423631977/;Hybrid;-;16/06/2026;São Paulo;São Paulo;SP;Região Sudeste;Brasil;América do Sul
438;Riachuelo;Analista de Sistemas Pleno (React Js.);Brasil;16/06 08:00;https://www.linkedin.com/jobs/view/4429254325/;https://media.licdn.com/dms/image/v2/D4D0BAQHYnDOfMRYPZQ/company-logo_100_100/B4DZraA3sxIgAQ-/0/1764594253290/riachuelo_logo?e=1782950400&v=beta&t=YydYER5rFzuxrXopxIpAvkWVPpy6955mavW22vO-nhU;Advanced > Specialist;https://www.linkedin.com/company/riachuelo/about/;Software e Serviços de TI;frontend OR javascript OR typescript OR html OR css OR react OR angular OR vue OR next.js OR wordpress OR (full AND stack);riachuelo;3.0;;https://www.linkedin.com/jobs/view/4429254325/;https://www.linkedin.com/jobs/view/4429254325/;Remote;Mid, Associate, TI/Tech;16/06/2026;;;;;Brasil;América do Sul
439;Right Balance ®;Lead Technical Architect (Next.js);América Latina;12/06 20:00;https://www.linkedin.com/jobs/view/4428121398/;https://media.licdn.com/dms/image/v2/C560BAQF5hqw9O5mTMA/company-logo_100_100/company-logo_100_100/0/1630616205692/the_right_balance_logo?e=1782950400&v=beta&t=-UtHb8MphpsBBIL86ETFaED33H_-QogMyxbOkdcZtyo;Architecture;https://www.linkedin.com/company/right-balance/about/;Software e Serviços de TI;frontend OR javascript OR typescript OR html OR css OR react OR angular OR vue OR next.js OR wordpress OR (full AND stack);right balance ®;1.0;;https://www.linkedin.com/jobs/view/4428121398/;https://www.linkedin.com/jobs/view/4428121398/;Remote;Mid, Liderança/Gerência, TI/Tech;16/06/2026;;;;;;América Latina
440;Riverside;Senior Full Stack Engineer (Brazil);Brasil;12/06 20:00;https://www.linkedin.com/jobs/view/4424858550/;https://media.licdn.com/dms/image/v2/C4E0BAQFoL2lfyQ-hDA/company-logo_100_100/company-logo_100_100/0/1656336851098/riverside_fm_logo?e=1782950400&v=beta&t=kKkz8FDyKNGQqKIkZmxwE5GBj-MwJGQiUID4msKNyps;Advanced > Information Technology;https://www.linkedin.com/company/riverside/about/;-;frontend OR javascript OR typescript OR html OR css OR react OR angular OR vue OR next.js OR wordpress OR (full AND stack);riverside;1;;https://www.linkedin.com/jobs/view/4424858550/;https://www.linkedin.com/jobs/view/4424858550/;Remote;Senior, Full Stack, Engenharia Geral;16/06/2026;;;;;Brasil;América do Sul
441;SAP;Senior Full Stack Developer - SAP Datasphere Analytic Model Team;São Leopoldo (RS);10/06 20:00;https://www.linkedin.com/jobs/view/4426099651/;https://media.licdn.com/dms/image/v2/D560BAQGmwwo0aq4jVA/company-logo_100_100/company-logo_100_100/0/1723034255614/sap_logo?e=1782950400&v=beta&t=8I5Usb2CjS70VJD14jEXY5iDuYl6RHYvbGWmNxo64xo;Advanced > Information Technology;https://www.linkedin.com/company/sap/about/;Dados e Analytics;frontend OR javascript OR typescript OR html OR css OR react OR angular OR vue OR next.js OR wordpress OR (full AND stack);sap;5.0;jobs.sap.com;https://www.linkedin.com/jobs/view/4426099651/;https://www.linkedin.com/jobs/view/4426099651/;Hybrid;Senior, SAP, Full Stack;16/06/2026;São Leopoldo;Rio Grande do Sul;RS;Região Sul;Brasil;América do Sul
442;SEIDOR;337 - Desenvolvedor(a) Frontend PL;Belo Horizonte (MG);16/06 17:00;https://www.linkedin.com/jobs/view/4428080572/;https://media.licdn.com/dms/image/v2/D4E0BAQGzP_yKTdMF4g/company-logo_100_100/B4EZYzV0g.HMAQ-/0/1744618080696/seidor_logo?e=1782950400&v=beta&t=mZxujeC9idedymxrw9IEJw5gqyf5gZYNQqQu205VScc;-;https://www.linkedin.com/company/seidor/about/;-;frontend OR javascript OR typescript OR html OR css OR react OR angular OR vue OR next.js OR wordpress OR (full AND stack);seidor;1.0;Quickin;https://www.linkedin.com/jobs/view/4428080572/;https://www.linkedin.com/jobs/view/4428080572/;Hybrid;Mid, Frontend;16/06/2026;Belo Horizonte;Minas Gerais;MG;Região Sudeste;Brasil;América do Sul
443;SMAR APD;Desenvolvedor Full Stack Junior | SmarSA;Ribeirão Preto (SP);15/06 20:00;https://www.linkedin.com/jobs/view/4426414351/;https://media.licdn.com/dms/image/v2/D4D0BAQGv4uhNSqIeZg/company-logo_100_100/company-logo_100_100/0/1701441178002/smarapd_logo?e=1782950400&v=beta&t=Wo7K8g8du36jyNBt1SyppLRcM_6-Jo4zuPCmTW0aFqQ;-;https://www.linkedin.com/company/smar-apd/about/;-;frontend OR javascript OR typescript OR html OR css OR react OR angular OR vue OR next.js OR wordpress OR (full AND stack);smar apd;1.0;;https://www.linkedin.com/jobs/view/4426414351/;https://www.linkedin.com/jobs/view/4426414351/;Hybrid;Junior, Full Stack;16/06/2026;Ribeirão Preto;São Paulo;SP;Região Sudeste;Brasil;América do Sul
444;SMAR APD;Desenvolvedor Full Stack Pleno | SmarSA;Ribeirão Preto (SP);15/06 20:00;https://www.linkedin.com/jobs/view/4426400814/;https://media.licdn.com/dms/image/v2/D4D0BAQGv4uhNSqIeZg/company-logo_100_100/company-logo_100_100/0/1701441178002/smarapd_logo?e=1782950400&v=beta&t=Wo7K8g8du36jyNBt1SyppLRcM_6-Jo4zuPCmTW0aFqQ;-;https://www.linkedin.com/company/smar-apd/about/;-;frontend OR javascript OR typescript OR html OR css OR react OR angular OR vue OR next.js OR wordpress OR (full AND stack);smar apd;1.0;;https://www.linkedin.com/jobs/view/4426400814/;https://www.linkedin.com/jobs/view/4426400814/;On-site;Mid, Full Stack;16/06/2026;Ribeirão Preto;São Paulo;SP;Região Sudeste;Brasil;América do Sul
445;SOC - Software Integrado de Gestão Ocupacional;Desenvolvedor(a) Full Stack Java (Pleno/Sênior);Santos (SP);12/06 20:00;https://www.linkedin.com/jobs/view/4424898998/;https://media.licdn.com/dms/image/v2/D4E0BAQEYjbhwRLH7VQ/company-logo_100_100/B4EZYb7KgEHUAU-/0/1744225217299/socgestaosst_logo?e=1782950400&v=beta&t=g1rraAGfbgPi3vPEPXRUpApGDlNySpTLmI0w0jCaFTU;-;https://www.linkedin.com/company/soc-software-integrado-de-gest-o-ocupacional/about/;Software e Serviços de TI;frontend OR javascript OR typescript OR html OR css OR react OR angular OR vue OR next.js OR wordpress OR (full AND stack);soc - software integrado de gestão ocupacional;1;;https://www.linkedin.com/jobs/view/4424898998/;https://www.linkedin.com/jobs/view/4424898998/;Hybrid;Senior, Mid, Full Stack;16/06/2026;Santos;São Paulo;SP;Região Sudeste;Brasil;América do Sul
446;Scale Army Careers;Full Stack Product Engineer;América Latina;13/06 20:00;https://www.linkedin.com/jobs/view/4427229970/;https://media.licdn.com/dms/image/v2/D4E0BAQFM0QmPI3hK_g/company-logo_100_100/B4EZsjht6zHgAQ-/0/1765827600477/scalearmycareers_logo?e=1782950400&v=beta&t=XjhRUnqLzjHLTf8DKQ5f_u6UWQNU1z1jTGNNuB57uI0;Advanced > Information Technology;https://www.linkedin.com/company/scale-army-careers/about/;-;frontend OR javascript OR typescript OR html OR css OR react OR angular OR vue OR next.js OR wordpress OR (full AND stack);scale army careers;1.0;jobs.ashbyhq.com;https://www.linkedin.com/jobs/view/4427229970/;https://www.linkedin.com/jobs/view/4427229970/;Remote;Full Stack, Engenharia Geral;16/06/2026;;;;;;América Latina
447;Sciensa;Arquiteto de Software | Node.js + Angular + Azure;Brasil;10/06 20:00;https://www.linkedin.com/jobs/view/4423124326/;https://media.licdn.com/dms/image/v2/C4D0BAQHWsCP6r_oGJg/company-logo_100_100/company-logo_100_100/0/1663858492549/sciensa_logo?e=1782950400&v=beta&t=AFygKTMYecxtoHpXY1yEWqkLXlPPD97qlsgkgDacuhU;Architecture;https://www.linkedin.com/company/sciensa/about/;Software e Serviços de TI;frontend OR javascript OR typescript OR html OR css OR react OR angular OR vue OR next.js OR wordpress OR (full AND stack);sciensa;1;;https://www.linkedin.com/jobs/view/4423124326/;https://www.linkedin.com/jobs/view/4423124326/;Remote;Cloud (AWS/GCP/Azure), TI/Tech;16/06/2026;;;;;Brasil;América do Sul
448;Search Atlas;Full Stack Engineer;Brasil;15/06 20:00;https://www.linkedin.com/jobs/view/4428856750/;https://media.licdn.com/dms/image/v2/D4E0BAQEJAC1Thjw5bg/company-logo_100_100/B4EZkVdvw7HoAQ-/0/1757001743887/searchatlas_logo?e=1782950400&v=beta&t=XxJ9q4WLIUxWXsjWTzz6pDW-ZVUYGvYL_fZ3Wo2CLkc;Advanced > Information Technology;https://www.linkedin.com/company/search-atlas/about/;-;frontend OR javascript OR typescript OR html OR css OR react OR angular OR vue OR next.js OR wordpress OR (full AND stack);search atlas;1;;https://www.linkedin.com/jobs/view/4428856750/;https://www.linkedin.com/jobs/view/4428856750/;Remote;Full Stack, Engenharia Geral;16/06/2026;;;;;Brasil;América do Sul
449;Search Atlas;Web Developer (Wordpress);Brasil;15/06 20:00;https://www.linkedin.com/jobs/view/4428877274/;https://media.licdn.com/dms/image/v2/D4E0BAQEJAC1Thjw5bg/company-logo_100_100/B4EZkVdvw7HoAQ-/0/1757001743887/searchatlas_logo?e=1782950400&v=beta&t=XxJ9q4WLIUxWXsjWTzz6pDW-ZVUYGvYL_fZ3Wo2CLkc;Advanced > Information Technology;https://www.linkedin.com/company/search-atlas/about/;-;frontend OR javascript OR typescript OR html OR css OR react OR angular OR vue OR next.js OR wordpress OR (full AND stack);search atlas;1;;https://www.linkedin.com/jobs/view/4428877274/;https://www.linkedin.com/jobs/view/4428877274/;Remote;-;16/06/2026;;;;;Brasil;América do Sul
450;Serasa Experian;Analista de Desenvolvimento de Software React e NextJS Júnior - Afirmativa para PCD;Blumenau (SC);10/06 20:00;https://www.linkedin.com/jobs/view/4427089313/;https://media.licdn.com/dms/image/v2/D4D0BAQGW4EB1A1aUYQ/company-logo_100_100/B4DZyL2uQ_IUAY-/0/1771872904949/serasaexperian_logo?e=1782950400&v=beta&t=dKvh5gu5jBrUfqr_tmv9pO80MKILb8dTNhXq783IwlU;Advanced > Specialist;https://www.linkedin.com/company/serasa-experian/about/;Software e Serviços de TI;frontend OR javascript OR typescript OR html OR css OR react OR angular OR vue OR next.js OR wordpress OR (full AND stack);serasa experian;4.0;Smartrecruiters;https://www.linkedin.com/jobs/view/4427089313/;https://www.linkedin.com/jobs/view/4427089313/;Hybrid;PCD / Afirmativa, Junior, Associate, TI/Tech;16/06/2026;Blumenau;Santa Catarina;SC;Região Sul;Brasil;América do Sul
451;SiiRA;Full Stack Engineer;América Latina;16/06 05:00;https://www.linkedin.com/jobs/view/4429240179/;https://media.licdn.com/dms/image/v2/D4E0BAQF2tLkl_QHmsA/company-logo_100_100/B4EZ4EZTiqIMAI-/0/1778190203311/siira_world_logo?e=1782950400&v=beta&t=8a5a4m6LLegIwm0qYDOg8tNJWaJQmx9jbO44K0rS7gQ;Advanced > Information Technology;https://www.linkedin.com/company/siira/about/;-;frontend OR javascript OR typescript OR html OR css OR react OR angular OR vue OR next.js OR wordpress OR (full AND stack);siira;1;;https://www.linkedin.com/jobs/view/4429240179/;https://www.linkedin.com/jobs/view/4429240179/;Remote;Full Stack, Engenharia Geral;16/06/2026;;;;;;América Latina
452;Smartspace;Desenvolvedor(a) de Sfotware Pleno | Frontend;João Pessoa (PB);16/06 08:00;https://www.linkedin.com/jobs/view/4429272000/;https://media.licdn.com/dms/image/v2/D4D0BAQGy4LDvjpzRqg/company-logo_100_100/B4DZb.35yGG8AY-/0/1748032790099/smartspacebr_logo?e=1782950400&v=beta&t=va7C02rVVLdUgpeq0SY3utKDemhR_ygAOQmRAvkHFtg;-;https://www.linkedin.com/company/smartspace/about/;-;frontend OR javascript OR typescript OR html OR css OR react OR angular OR vue OR next.js OR wordpress OR (full AND stack);smartspace;1;;https://www.linkedin.com/jobs/view/4429272000/;https://www.linkedin.com/jobs/view/4429272000/;Hybrid;Mid, Frontend;16/06/2026;João Pessoa;Paraíba;PB;Região Nordeste;Brasil;América do Sul
453;SoftDesign;Software Engineer FrontEnd React;Brasil;11/06 20:00;https://www.linkedin.com/jobs/view/4424816256/;https://media.licdn.com/dms/image/v2/C4D0BAQFMPMaKFSA9Og/company-logo_100_100/company-logo_100_100/0/1661609451032/softdesignbrasil_logo?e=1782950400&v=beta&t=HNS0qO90kX9PJLVG0AbJWwpmhBAv4RJcHkSLOobxr3k;Advanced > Information Technology;https://www.linkedin.com/company/softdesign/about/;Software e Serviços de TI;frontend OR javascript OR typescript OR html OR css OR react OR angular OR vue OR next.js OR wordpress OR (full AND stack);softdesign;1.0;Gupy;https://www.linkedin.com/jobs/view/4424816256/;https://www.linkedin.com/jobs/view/4424816256/;Remote;TI/Tech, Frontend, Engenharia Geral;16/06/2026;;;;;Brasil;América do Sul
454;Solvedex;Full Stack Engineer;Brasil;12/06 20:00;https://www.linkedin.com/jobs/view/4426995183/;https://media.licdn.com/dms/image/v2/D560BAQHUXUCSdhXYIg/company-logo_100_100/company-logo_100_100/0/1681300123506/solvedex_logo?e=1782950400&v=beta&t=z91Y11pL9QDsm1KULHiS39TUSJglMwNtbjd9wdqE47c;Advanced > Information Technology;https://www.linkedin.com/company/solvedex/about/;-;frontend OR javascript OR typescript OR html OR css OR react OR angular OR vue OR next.js OR wordpress OR (full AND stack);solvedex;1.0;;https://www.linkedin.com/jobs/view/4426995183/;https://www.linkedin.com/jobs/view/4426995183/;Remote;Full Stack, Engenharia Geral;16/06/2026;;;;;Brasil;América do Sul
455;Somewhere;Senior full Stack Engineer  - 61035342449;América Latina;15/06 20:00;https://www.linkedin.com/jobs/view/4429121090/;https://media.licdn.com/dms/image/v2/D560BAQF_QwPXHQ8XPg/company-logo_100_100/B56Z50aO9nIcAI-/0/1780069494865/somewhere_logo?e=1782950400&v=beta&t=7Sig6aA0-DWRkjMId7cEZlvLThDQNNTDiZLQxfCVncA;Advanced > Information Technology;https://www.linkedin.com/company/somewhere/about/;-;frontend OR javascript OR typescript OR html OR css OR react OR angular OR vue OR next.js OR wordpress OR (full AND stack);somewhere;3.0;Recruit CRM;https://www.linkedin.com/jobs/view/4429121090/;https://www.linkedin.com/jobs/view/4429121090/;Remote;Senior, Full Stack, Engenharia Geral;16/06/2026;;;;;;América Latina
456;Sonatafy Technology | Software Delivery Done Right;Sr Javascript Developer;América Latina;12/06 20:00;https://www.linkedin.com/jobs/view/4427216783/;https://media.licdn.com/dms/image/v2/D4E0BAQHU-klktwYcxQ/company-logo_100_100/B4EZ2cmPrHI8AQ-/0/1776448765112/sonatafy_logo?e=1782950400&v=beta&t=OeRZ44ScGoWKjXkLmKVJwL-TjQzcnCIl1NmpiIUqbAo;Advanced > Information Technology;https://www.linkedin.com/company/sonatafy-technology-software-delivery-done-right/about/;Software e Serviços de TI;frontend OR javascript OR typescript OR html OR css OR react OR angular OR vue OR next.js OR wordpress OR (full AND stack);sonatafy technology | software delivery done right;1;;https://www.linkedin.com/jobs/view/4427216783/;https://www.linkedin.com/jobs/view/4427216783/;Remote;Senior;16/06/2026;;;;;;América Latina
457;Spread Tecnologia;ANALISTA DESENVOLVEDOR REACT NATIVE - RHA2312;Brasil;12/06 20:00;https://www.linkedin.com/jobs/view/4424881432/;https://media.licdn.com/dms/image/v2/D4D0BAQGM4CpzPFVwlw/company-logo_100_100/company-logo_100_100/0/1688389524429/spread_logo?e=1782950400&v=beta&t=TPcSG_JGZQUO71CSaqWXTVmDPDMhWDQY4CHEm93BaFE;Advanced > Specialist;https://www.linkedin.com/company/spread-tecnologia/about/;Recursos Humanos;frontend OR javascript OR typescript OR html OR css OR react OR angular OR vue OR next.js OR wordpress OR (full AND stack);spread tecnologia;3.0;Gupy;https://www.linkedin.com/jobs/view/4424881432/;https://www.linkedin.com/jobs/view/4424881432/;Remote;Associate;16/06/2026;;;;;Brasil;América do Sul
458;Spread Tecnologia;ANALISTA DESENVOLVEDOR REACT NATIVE - RHA2316;Brasil;12/06 20:00;https://www.linkedin.com/jobs/view/4424864591/;https://media.licdn.com/dms/image/v2/D4D0BAQGM4CpzPFVwlw/company-logo_100_100/company-logo_100_100/0/1688389524429/spread_logo?e=1782950400&v=beta&t=TPcSG_JGZQUO71CSaqWXTVmDPDMhWDQY4CHEm93BaFE;Advanced > Specialist;https://www.linkedin.com/company/spread-tecnologia/about/;Recursos Humanos;frontend OR javascript OR typescript OR html OR css OR react OR angular OR vue OR next.js OR wordpress OR (full AND stack);spread tecnologia;3.0;Gupy;https://www.linkedin.com/jobs/view/4424864591/;https://www.linkedin.com/jobs/view/4424864591/;Remote;Associate;16/06/2026;;;;;Brasil;América do Sul
459;Spread Tecnologia;ANALISTA DESENVOLVEDOR REACT NATIVE - RHA2320;Brasil;12/06 20:00;https://www.linkedin.com/jobs/view/4424877456/;https://media.licdn.com/dms/image/v2/D4D0BAQGM4CpzPFVwlw/company-logo_100_100/company-logo_100_100/0/1688389524429/spread_logo?e=1782950400&v=beta&t=TPcSG_JGZQUO71CSaqWXTVmDPDMhWDQY4CHEm93BaFE;Advanced > Specialist;https://www.linkedin.com/company/spread-tecnologia/about/;Recursos Humanos;frontend OR javascript OR typescript OR html OR css OR react OR angular OR vue OR next.js OR wordpress OR (full AND stack);spread tecnologia;3.0;Gupy;https://www.linkedin.com/jobs/view/4424877456/;https://www.linkedin.com/jobs/view/4424877456/;Remote;Associate;16/06/2026;;;;;Brasil;América do Sul
460;Spread Tecnologia;DESENVOLVEDOR REACT NATIVE PL - RHA2374;Brasil;15/06 20:00;https://www.linkedin.com/jobs/view/4425769917/;https://media.licdn.com/dms/image/v2/D4D0BAQGM4CpzPFVwlw/company-logo_100_100/company-logo_100_100/0/1688389524429/spread_logo?e=1782950400&v=beta&t=TPcSG_JGZQUO71CSaqWXTVmDPDMhWDQY4CHEm93BaFE;-;https://www.linkedin.com/company/spread-tecnologia/about/;Recursos Humanos;frontend OR javascript OR typescript OR html OR css OR react OR angular OR vue OR next.js OR wordpress OR (full AND stack);spread tecnologia;3.0;Gupy;https://www.linkedin.com/jobs/view/4425769917/;https://www.linkedin.com/jobs/view/4425769917/;Remote;Mid;16/06/2026;;;;;Brasil;América do Sul
461;Spread Tecnologia;DESENVOLVEDOR REACT NATIVE SR - RHA2313;Brasil;10/06 20:00;https://www.linkedin.com/jobs/view/4423188078/;https://media.licdn.com/dms/image/v2/D4D0BAQGM4CpzPFVwlw/company-logo_100_100/company-logo_100_100/0/1688389524429/spread_logo?e=1782950400&v=beta&t=TPcSG_JGZQUO71CSaqWXTVmDPDMhWDQY4CHEm93BaFE;-;https://www.linkedin.com/company/spread-tecnologia/about/;Recursos Humanos;frontend OR javascript OR typescript OR html OR css OR react OR angular OR vue OR next.js OR wordpress OR (full AND stack);spread tecnologia;3.0;Gupy;https://www.linkedin.com/jobs/view/4423188078/;https://www.linkedin.com/jobs/view/4423188078/;Remote;Senior;16/06/2026;;;;;Brasil;América do Sul
462;Spread Tecnologia;DESENVOLVEDOR REACT NATIVE SR - RHA2317;Brasil;10/06 20:00;https://www.linkedin.com/jobs/view/4423180411/;https://media.licdn.com/dms/image/v2/D4D0BAQGM4CpzPFVwlw/company-logo_100_100/company-logo_100_100/0/1688389524429/spread_logo?e=1782950400&v=beta&t=TPcSG_JGZQUO71CSaqWXTVmDPDMhWDQY4CHEm93BaFE;-;https://www.linkedin.com/company/spread-tecnologia/about/;Recursos Humanos;frontend OR javascript OR typescript OR html OR css OR react OR angular OR vue OR next.js OR wordpress OR (full AND stack);spread tecnologia;3.0;Gupy;https://www.linkedin.com/jobs/view/4423180411/;https://www.linkedin.com/jobs/view/4423180411/;Remote;Senior;16/06/2026;;;;;Brasil;América do Sul
463;Spread Tecnologia;DESENVOLVEDOR REACT NATIVE SR - RHA2321;Brasil;10/06 20:00;https://www.linkedin.com/jobs/view/4423180422/;https://media.licdn.com/dms/image/v2/D4D0BAQGM4CpzPFVwlw/company-logo_100_100/company-logo_100_100/0/1688389524429/spread_logo?e=1782950400&v=beta&t=TPcSG_JGZQUO71CSaqWXTVmDPDMhWDQY4CHEm93BaFE;-;https://www.linkedin.com/company/spread-tecnologia/about/;Recursos Humanos;frontend OR javascript OR typescript OR html OR css OR react OR angular OR vue OR next.js OR wordpress OR (full AND stack);spread tecnologia;3.0;Gupy;https://www.linkedin.com/jobs/view/4423180422/;https://www.linkedin.com/jobs/view/4423180422/;Remote;Senior;16/06/2026;;;;;Brasil;América do Sul
464;Spread Tecnologia;DESENVOLVEDOR REACT NATIVE SR - RHA2325;Brasil;10/06 20:00;https://www.linkedin.com/jobs/view/4423174396/;https://media.licdn.com/dms/image/v2/D4D0BAQGM4CpzPFVwlw/company-logo_100_100/company-logo_100_100/0/1688389524429/spread_logo?e=1782950400&v=beta&t=TPcSG_JGZQUO71CSaqWXTVmDPDMhWDQY4CHEm93BaFE;-;https://www.linkedin.com/company/spread-tecnologia/about/;Recursos Humanos;frontend OR javascript OR typescript OR html OR css OR react OR angular OR vue OR next.js OR wordpress OR (full AND stack);spread tecnologia;3.0;Gupy;https://www.linkedin.com/jobs/view/4423174396/;https://www.linkedin.com/jobs/view/4423174396/;Remote;Senior;16/06/2026;;;;;Brasil;América do Sul
465;Stefanini Brasil;DESENVOLVEDOR FULLSTACK - .NET/REACT;Belo Horizonte (MG);11/06 20:00;https://www.linkedin.com/jobs/view/4427649191/;https://media.licdn.com/dms/image/v2/D4D0BAQFOPyOhO4wTTg/company-logo_100_100/company-logo_100_100/0/1719784126380/stefanini_brasil_logo?e=1782950400&v=beta&t=-MG_s92U0dWB5UjrXVecHVrD9hjQkvChI0liddOXhUo;-;https://www.linkedin.com/company/stefanini-brasil/about/;-;frontend OR javascript OR typescript OR html OR css OR react OR angular OR vue OR next.js OR wordpress OR (full AND stack);stefanini brasil;4.0;Gupy;https://www.linkedin.com/jobs/view/4427649191/;https://www.linkedin.com/jobs/view/4427649191/;On-site;Full Stack;16/06/2026;Belo Horizonte;Minas Gerais;MG;Região Sudeste;Brasil;América do Sul
466;Stefanini Brasil;DESENVOLVEDOR FULLSTACK .NET + React (BH);Belo Horizonte (MG);11/06 20:00;https://www.linkedin.com/jobs/view/4427153312/;https://media.licdn.com/dms/image/v2/D4D0BAQFOPyOhO4wTTg/company-logo_100_100/company-logo_100_100/0/1719784126380/stefanini_brasil_logo?e=1782950400&v=beta&t=-MG_s92U0dWB5UjrXVecHVrD9hjQkvChI0liddOXhUo;-;https://www.linkedin.com/company/stefanini-brasil/about/;-;frontend OR javascript OR typescript OR html OR css OR react OR angular OR vue OR next.js OR wordpress OR (full AND stack);stefanini brasil;4.0;Gupy;https://www.linkedin.com/jobs/view/4427153312/;https://www.linkedin.com/jobs/view/4427153312/;Hybrid;Full Stack;16/06/2026;Belo Horizonte;Minas Gerais;MG;Região Sudeste;Brasil;América do Sul
467;Stefanini Brasil;Desenvolvedor Fullstack Java/React/IA/LLM;Brasil;11/06 20:00;https://www.linkedin.com/jobs/view/4427145412/;https://media.licdn.com/dms/image/v2/D4D0BAQFOPyOhO4wTTg/company-logo_100_100/company-logo_100_100/0/1719784126380/stefanini_brasil_logo?e=1782950400&v=beta&t=-MG_s92U0dWB5UjrXVecHVrD9hjQkvChI0liddOXhUo;-;https://www.linkedin.com/company/stefanini-brasil/about/;-;frontend OR javascript OR typescript OR html OR css OR react OR angular OR vue OR next.js OR wordpress OR (full AND stack);stefanini brasil;4.0;Gupy;https://www.linkedin.com/jobs/view/4427145412/;https://www.linkedin.com/jobs/view/4427145412/;Remote;Inteligência Artificial, Full Stack;16/06/2026;;;;;Brasil;América do Sul
468;Stefanini Brasil;Desenvolvedor Fullstack Sr - Java/Angular;Brasil;16/06 15:00;https://www.linkedin.com/jobs/view/4429557917/;https://media.licdn.com/dms/image/v2/D4D0BAQFOPyOhO4wTTg/company-logo_100_100/company-logo_100_100/0/1719784126380/stefanini_brasil_logo?e=1782950400&v=beta&t=-MG_s92U0dWB5UjrXVecHVrD9hjQkvChI0liddOXhUo;-;https://www.linkedin.com/company/stefanini-brasil/about/;-;frontend OR javascript OR typescript OR html OR css OR react OR angular OR vue OR next.js OR wordpress OR (full AND stack);stefanini brasil;4.0;Gupy;https://www.linkedin.com/jobs/view/4429557917/;https://www.linkedin.com/jobs/view/4429557917/;Remote;Senior, Full Stack;16/06/2026;;;;;Brasil;América do Sul
469;Stefanini Brasil;Desenvolvedor full stack;Brasil;11/06 20:00;https://www.linkedin.com/jobs/view/4427622871/;https://media.licdn.com/dms/image/v2/D4D0BAQFOPyOhO4wTTg/company-logo_100_100/company-logo_100_100/0/1719784126380/stefanini_brasil_logo?e=1782950400&v=beta&t=-MG_s92U0dWB5UjrXVecHVrD9hjQkvChI0liddOXhUo;-;https://www.linkedin.com/company/stefanini-brasil/about/;-;frontend OR javascript OR typescript OR html OR css OR react OR angular OR vue OR next.js OR wordpress OR (full AND stack);stefanini brasil;4.0;Gupy;https://www.linkedin.com/jobs/view/4427622871/;https://www.linkedin.com/jobs/view/4427622871/;Remote;Full Stack;16/06/2026;;;;;Brasil;América do Sul
470;Stefanini Brasil;DESENVOLVEDOR FRONTEND PL - ANGULAR;Brasília (DF);16/06 18:00;https://www.linkedin.com/jobs/view/4429593913/;https://media.licdn.com/dms/image/v2/D4D0BAQFOPyOhO4wTTg/company-logo_100_100/company-logo_100_100/0/1719784126380/stefanini_brasil_logo?e=1782950400&v=beta&t=-MG_s92U0dWB5UjrXVecHVrD9hjQkvChI0liddOXhUo;-;https://www.linkedin.com/company/stefanini-brasil/about/;-;frontend OR javascript OR typescript OR html OR css OR react OR angular OR vue OR next.js OR wordpress OR (full AND stack);stefanini brasil;4.0;Gupy;https://www.linkedin.com/jobs/view/4429593913/;https://www.linkedin.com/jobs/view/4429593913/;Remote;Mid, Frontend;16/06/2026;;Distrito Federal;DF;Região Centro-Oeste;Brasil;América do Sul
471;Stefanini Brasil;Desenvolvedor Full Stack Jr. (Python/Django e React);Brasília (DF);12/06 20:00;https://www.linkedin.com/jobs/view/4427685713/;https://media.licdn.com/dms/image/v2/D4D0BAQFOPyOhO4wTTg/company-logo_100_100/company-logo_100_100/0/1719784126380/stefanini_brasil_logo?e=1782950400&v=beta&t=-MG_s92U0dWB5UjrXVecHVrD9hjQkvChI0liddOXhUo;-;https://www.linkedin.com/company/stefanini-brasil/about/;-;frontend OR javascript OR typescript OR html OR css OR react OR angular OR vue OR next.js OR wordpress OR (full AND stack);stefanini brasil;4.0;Gupy;https://www.linkedin.com/jobs/view/4427685713/;https://www.linkedin.com/jobs/view/4427685713/;Hybrid;Junior, Full Stack;16/06/2026;;Distrito Federal;DF;Região Centro-Oeste;Brasil;América do Sul
472;Stefanini Brasil;Desenvolvedor full stack;SP;10/06 20:00;https://www.linkedin.com/jobs/view/4427087529/;https://media.licdn.com/dms/image/v2/D4D0BAQFOPyOhO4wTTg/company-logo_100_100/company-logo_100_100/0/1719784126380/stefanini_brasil_logo?e=1782950400&v=beta&t=-MG_s92U0dWB5UjrXVecHVrD9hjQkvChI0liddOXhUo;-;https://www.linkedin.com/company/stefanini-brasil/about/;-;frontend OR javascript OR typescript OR html OR css OR react OR angular OR vue OR next.js OR wordpress OR (full AND stack);stefanini brasil;4.0;Gupy;https://www.linkedin.com/jobs/view/4427087529/;https://www.linkedin.com/jobs/view/4427087529/;On-site;Full Stack;16/06/2026;;São Paulo;SP;Região Sudeste;Brasil;América do Sul
473;Stefanini Brasil;ANALISTA DESENVOLVEDOR NET/REACT/IA SR;São Paulo (SP);11/06 20:00;https://www.linkedin.com/jobs/view/4427639258/;https://media.licdn.com/dms/image/v2/D4D0BAQFOPyOhO4wTTg/company-logo_100_100/company-logo_100_100/0/1719784126380/stefanini_brasil_logo?e=1782950400&v=beta&t=-MG_s92U0dWB5UjrXVecHVrD9hjQkvChI0liddOXhUo;Advanced > Specialist;https://www.linkedin.com/company/stefanini-brasil/about/;-;frontend OR javascript OR typescript OR html OR css OR react OR angular OR vue OR next.js OR wordpress OR (full AND stack);stefanini brasil;4.0;Gupy;https://www.linkedin.com/jobs/view/4427639258/;https://www.linkedin.com/jobs/view/4427639258/;Hybrid;Inteligência Artificial, Senior, Associate;16/06/2026;São Paulo;São Paulo;SP;Região Sudeste;Brasil;América do Sul
474;Stefanini Brasil;Desenvolvedor Fullstack Node.js/React SR;São Paulo (SP);12/06 20:00;https://www.linkedin.com/jobs/view/4427696617/;https://media.licdn.com/dms/image/v2/D4D0BAQFOPyOhO4wTTg/company-logo_100_100/company-logo_100_100/0/1719784126380/stefanini_brasil_logo?e=1782950400&v=beta&t=-MG_s92U0dWB5UjrXVecHVrD9hjQkvChI0liddOXhUo;-;https://www.linkedin.com/company/stefanini-brasil/about/;-;frontend OR javascript OR typescript OR html OR css OR react OR angular OR vue OR next.js OR wordpress OR (full AND stack);stefanini brasil;4.0;Gupy;https://www.linkedin.com/jobs/view/4427696617/;https://www.linkedin.com/jobs/view/4427696617/;Hybrid;Senior, Full Stack;16/06/2026;São Paulo;São Paulo;SP;Região Sudeste;Brasil;América do Sul
475;Stefanini Brasil;Desenvolvedor(a) .NET/React/IA SR;São Paulo (SP);11/06 20:00;https://www.linkedin.com/jobs/view/4427529926/;https://media.licdn.com/dms/image/v2/D4D0BAQFOPyOhO4wTTg/company-logo_100_100/company-logo_100_100/0/1719784126380/stefanini_brasil_logo?e=1782950400&v=beta&t=-MG_s92U0dWB5UjrXVecHVrD9hjQkvChI0liddOXhUo;-;https://www.linkedin.com/company/stefanini-brasil/about/;-;frontend OR javascript OR typescript OR html OR css OR react OR angular OR vue OR next.js OR wordpress OR (full AND stack);stefanini brasil;4.0;Gupy;https://www.linkedin.com/jobs/view/4427529926/;https://www.linkedin.com/jobs/view/4427529926/;Hybrid;Inteligência Artificial, Senior;16/06/2026;São Paulo;São Paulo;SP;Região Sudeste;Brasil;América do Sul
476;Stefanini IHM;Application Developer, Full Stack (React + Python);Belo Horizonte (MG);12/06 20:00;https://www.linkedin.com/jobs/view/4425325521/;https://media.licdn.com/dms/image/v2/D4D0BAQEpqVmq60rX5Q/company-logo_100_100/B4DZoM8c3hKQAQ-/0/1761153765232/stefaniniihm_logo?e=1782950400&v=beta&t=HPdPChqkI-Q0w7VBUi84oBqdnAwa3ot4hWsKfKNdGVc;Advanced > Information Technology;https://www.linkedin.com/company/stefanini-ihm/about/;Software e Serviços de TI;frontend OR javascript OR typescript OR html OR css OR react OR angular OR vue OR next.js OR wordpress OR (full AND stack);stefanini ihm;1;;https://www.linkedin.com/jobs/view/4425325521/;https://www.linkedin.com/jobs/view/4425325521/;Remote;Full Stack;16/06/2026;Belo Horizonte;Minas Gerais;MG;Região Sudeste;Brasil;América do Sul
477;Sur Global;Senior Software Engineer (Frontend);São Paulo (SP);11/06 20:00;https://www.linkedin.com/jobs/view/4427929746/;https://media.licdn.com/dms/image/v2/D4E0BAQEix1sYg96eFA/company-logo_100_100/B4EZmk8TAWKwAQ-/0/1759408894273?e=1782950400&v=beta&t=IJMLdHVJUue9M9eHyBcDTPpNXH-7vTB8k0AN4N9sKQY;Advanced > Information Technology;https://www.linkedin.com/company/sur-global/about/;Software e Serviços de TI;frontend OR javascript OR typescript OR html OR css OR react OR angular OR vue OR next.js OR wordpress OR (full AND stack);sur global;1;;https://www.linkedin.com/jobs/view/4427929746/;https://www.linkedin.com/jobs/view/4427929746/;On-site;Senior, TI/Tech, Frontend, Engenharia Geral;16/06/2026;São Paulo;São Paulo;SP;Região Sudeste;Brasil;América do Sul
478;TOTVS;[Tech] Engenharia de Software Fullstack Pleno - Java /React e Angular;Cascavel (PR);11/06 20:00;https://www.linkedin.com/jobs/view/4423615245/;https://media.licdn.com/dms/image/v2/D4D0BAQEATHMUo8sshg/company-logo_100_100/B4DZd7OnTLHkAQ-/0/1750119118553/totvs_logo?e=1782950400&v=beta&t=524hTVAEXeWuk_cObWnt8NStTstyzeKb-LINL8Ug0oo;-;https://www.linkedin.com/company/totvs/about/;Software e Serviços de TI;frontend OR javascript OR typescript OR html OR css OR react OR angular OR vue OR next.js OR wordpress OR (full AND stack);totvs;4.0;Totvs;https://www.linkedin.com/jobs/view/4423615245/;https://www.linkedin.com/jobs/view/4423615245/;Remote;Mid, TI/Tech, Full Stack, Engenharia Geral;16/06/2026;;Paraná;PR;Região Sul;Brasil;América do Sul
479;TOTVS;[Tech] Engenharia de Software FullStack Sênior - Frontend/Mobile;Joinville (SC);10/06 20:00;https://www.linkedin.com/jobs/view/4423182306/;https://media.licdn.com/dms/image/v2/D4D0BAQEATHMUo8sshg/company-logo_100_100/B4DZd7OnTLHkAQ-/0/1750119118553/totvs_logo?e=1782950400&v=beta&t=524hTVAEXeWuk_cObWnt8NStTstyzeKb-LINL8Ug0oo;-;https://www.linkedin.com/company/totvs/about/;Software e Serviços de TI;frontend OR javascript OR typescript OR html OR css OR react OR angular OR vue OR next.js OR wordpress OR (full AND stack);totvs;4.0;Totvs;https://www.linkedin.com/jobs/view/4423182306/;https://www.linkedin.com/jobs/view/4423182306/;Hybrid;Senior, TI/Tech, Full Stack, Frontend, Engenharia Geral;16/06/2026;Joinville;Santa Catarina;SC;Região Sul;Brasil;América do Sul
480;TOTVS Oeste;Desenvolvedor full stack;São José do Rio Preto (SP);15/06 20:00;https://www.linkedin.com/jobs/view/4428892607/;https://media.licdn.com/dms/image/v2/D4D0BAQHqWDQA5YZ_rg/company-logo_100_100/B4DZf1bO.TGkAc-/0/1752169247042/totvs_oeste_logo?e=1782950400&v=beta&t=oUEZQpkKZk7OCb4RqfRJdJ0g3l_Av1euiTmJIcmRfI4;-;https://www.linkedin.com/company/totvs-oeste/about/;-;frontend OR javascript OR typescript OR html OR css OR react OR angular OR vue OR next.js OR wordpress OR (full AND stack);totvs oeste;1;;https://www.linkedin.com/jobs/view/4428892607/;https://www.linkedin.com/jobs/view/4428892607/;On-site;Full Stack;16/06/2026;São José do Rio Preto;São Paulo;SP;Região Sudeste;Brasil;América do Sul
481;TRACTIAN;Senior Frontend Software Engineer;São Paulo (SP);16/06 13:00;https://www.linkedin.com/jobs/view/4429552206/;https://media.licdn.com/dms/image/v2/D4D0BAQFy11_pDnXLDA/company-logo_100_100/company-logo_100_100/0/1705859564086/get_tractian_logo?e=1782950400&v=beta&t=NaIUECKXjFw72qNwxPVysxBVMZ5i-gvzOV2uvrDJOa0;Advanced > Information Technology;https://www.linkedin.com/company/tractian/about/;Software e Serviços de TI;frontend OR javascript OR typescript OR html OR css OR react OR angular OR vue OR next.js OR wordpress OR (full AND stack);tractian;1;;https://www.linkedin.com/jobs/view/4429552206/;https://www.linkedin.com/jobs/view/4429552206/;Remote;Senior, TI/Tech, Frontend, Engenharia Geral;16/06/2026;São Paulo;São Paulo;SP;Região Sudeste;Brasil;América do Sul
482;TRACTIAN;Staff Frontend Software Engineer;São Paulo (SP);16/06 13:00;https://www.linkedin.com/jobs/view/4429542951/;https://media.licdn.com/dms/image/v2/D4D0BAQFy11_pDnXLDA/company-logo_100_100/company-logo_100_100/0/1705859564086/get_tractian_logo?e=1782950400&v=beta&t=NaIUECKXjFw72qNwxPVysxBVMZ5i-gvzOV2uvrDJOa0;Advanced > Information Technology;https://www.linkedin.com/company/tractian/about/;Software e Serviços de TI;frontend OR javascript OR typescript OR html OR css OR react OR angular OR vue OR next.js OR wordpress OR (full AND stack);tractian;1;;https://www.linkedin.com/jobs/view/4429542951/;https://www.linkedin.com/jobs/view/4429542951/;Remote;TI/Tech, Frontend, Engenharia Geral;16/06/2026;São Paulo;São Paulo;SP;Região Sudeste;Brasil;América do Sul
483;TRACTIAN 𝗕𝗥;Senior Frontend Software Engineer;São Paulo (SP);13/06 20:00;https://www.linkedin.com/jobs/view/4186663347/;https://media.licdn.com/dms/image/v2/C4E0BAQFs5DNQ_Nq8KA/company-logo_100_100/company-logo_100_100/0/1648573226781/tractian_logo?e=1782950400&v=beta&t=divgkxGD-jtQ8REnY5DS9DXQ5FTBqgHaQl5WdZplGZc;Advanced > Information Technology;https://www.linkedin.com/company/tractian/about/;Software e Serviços de TI;frontend OR javascript OR typescript OR html OR css OR react OR angular OR vue OR next.js OR wordpress OR (full AND stack);tractian 𝗕𝗥;1.0;;https://www.linkedin.com/jobs/view/4186663347/;https://www.linkedin.com/jobs/view/4186663347/;Remote;Senior, TI/Tech, Frontend, Engenharia Geral;16/06/2026;São Paulo;São Paulo;SP;Região Sudeste;Brasil;América do Sul
484;TRACTIAN 𝗕𝗥;Staff Frontend Software Engineer;São Paulo (SP);14/06 20:00;https://www.linkedin.com/jobs/view/4186659764/;https://media.licdn.com/dms/image/v2/C4E0BAQFs5DNQ_Nq8KA/company-logo_100_100/company-logo_100_100/0/1648573226781/tractian_logo?e=1782950400&v=beta&t=divgkxGD-jtQ8REnY5DS9DXQ5FTBqgHaQl5WdZplGZc;Advanced > Information Technology;https://www.linkedin.com/company/tractian/about/;Software e Serviços de TI;frontend OR javascript OR typescript OR html OR css OR react OR angular OR vue OR next.js OR wordpress OR (full AND stack);tractian 𝗕𝗥;1.0;;https://www.linkedin.com/jobs/view/4186659764/;https://www.linkedin.com/jobs/view/4186659764/;Remote;TI/Tech, Frontend, Engenharia Geral;16/06/2026;São Paulo;São Paulo;SP;Região Sudeste;Brasil;América do Sul
485;TRM Labs;Senior Data Scientist, Full Stack (LATAM);Brasil;16/06 10:00;https://www.linkedin.com/jobs/view/4418980527/;https://media.licdn.com/dms/image/v2/C4E0BAQGk-xkrdUoBpg/company-logo_100_100/company-logo_100_100/0/1638543126715/trmlabs_logo?e=1782950400&v=beta&t=-ZqNSQa34AKj9NhuTeeoXE0_zjcmEcq1JA4kczY63kk;Data & Ai > Data Engineering;https://www.linkedin.com/company/trm-labs/about/;Dados e Analytics;frontend OR javascript OR typescript OR html OR css OR react OR angular OR vue OR next.js OR wordpress OR (full AND stack);trm labs;1.0;;https://www.linkedin.com/jobs/view/4418980527/;https://www.linkedin.com/jobs/view/4418980527/;Remote;Senior, Full Stack, Dados/Analytics;16/06/2026;;;;;Brasil;América do Sul
486;Tata Consultancy Services;Designer (HTML, CSS, JavaScript);Brasil;12/06 20:00;https://www.linkedin.com/jobs/view/4428110873/;https://media.licdn.com/dms/image/v2/D4D0BAQGsGR9p4ikS5w/company-logo_100_100/company-logo_100_100/0/1708946550425/tata_consultancy_services_logo?e=1782950400&v=beta&t=zFlPbIhGMdXM3yp778us3kBX6Ef-1jP9wZzM9z-GZjg;Produtos > Customer Experience;https://www.linkedin.com/company/tata-consultancy-services/about/;-;frontend OR javascript OR typescript OR html OR css OR react OR angular OR vue OR next.js OR wordpress OR (full AND stack);tata consultancy services;1.0;LinkedIn (Easy Apply);https://www.linkedin.com/jobs/view/4428110873/;https://www.linkedin.com/jobs/view/4428110873/;Remote;-;16/06/2026;;;;;Brasil;América do Sul
487;Tata Consultancy Services;Full Stack Developer;Brasil;12/06 20:00;https://www.linkedin.com/jobs/view/4428102833/;https://media.licdn.com/dms/image/v2/D4D0BAQGsGR9p4ikS5w/company-logo_100_100/company-logo_100_100/0/1708946550425/tata_consultancy_services_logo?e=1782950400&v=beta&t=zFlPbIhGMdXM3yp778us3kBX6Ef-1jP9wZzM9z-GZjg;Advanced > Information Technology;https://www.linkedin.com/company/tata-consultancy-services/about/;-;frontend OR javascript OR typescript OR html OR css OR react OR angular OR vue OR next.js OR wordpress OR (full AND stack);tata consultancy services;1.0;LinkedIn (Easy Apply);https://www.linkedin.com/jobs/view/4428102833/;https://www.linkedin.com/jobs/view/4428102833/;Remote;Full Stack;16/06/2026;;;;;Brasil;América do Sul
488;Tata Consultancy Services;Senior Azure Python Full Stack Developer;Brasil;11/06 20:00;https://www.linkedin.com/jobs/view/4427552598/;https://media.licdn.com/dms/image/v2/D4D0BAQGsGR9p4ikS5w/company-logo_100_100/company-logo_100_100/0/1708946550425/tata_consultancy_services_logo?e=1782950400&v=beta&t=zFlPbIhGMdXM3yp778us3kBX6Ef-1jP9wZzM9z-GZjg;Advanced > Information Technology;https://www.linkedin.com/company/tata-consultancy-services/about/;-;frontend OR javascript OR typescript OR html OR css OR react OR angular OR vue OR next.js OR wordpress OR (full AND stack);tata consultancy services;1.0;LinkedIn (Easy Apply);https://www.linkedin.com/jobs/view/4427552598/;https://www.linkedin.com/jobs/view/4427552598/;Remote;Senior, Cloud (AWS/GCP/Azure), Full Stack;16/06/2026;;;;;Brasil;América do Sul
489;Tata Consultancy Services;Desenvolvedor Full-Stack (Java/Angular);Grande São Paulo (SP) ;15/06 20:00;https://www.linkedin.com/jobs/view/4428848828/;https://media.licdn.com/dms/image/v2/D4D0BAQGsGR9p4ikS5w/company-logo_100_100/company-logo_100_100/0/1708946550425/tata_consultancy_services_logo?e=1782950400&v=beta&t=zFlPbIhGMdXM3yp778us3kBX6Ef-1jP9wZzM9z-GZjg;-;https://www.linkedin.com/company/tata-consultancy-services/about/;-;frontend OR javascript OR typescript OR html OR css OR react OR angular OR vue OR next.js OR wordpress OR (full AND stack);tata consultancy services;1.0;LinkedIn (Easy Apply);https://www.linkedin.com/jobs/view/4428848828/;https://www.linkedin.com/jobs/view/4428848828/;Hybrid;Full Stack;16/06/2026;;São Paulo;SP;Região Sudeste;Brasil;América do Sul
490;Techfin ERP Finance - uma empresa TOTVS e Itaú;Desenvolvedor(a) Full Stack .NET/Angular - Especialista;SP;10/06 20:00;https://www.linkedin.com/jobs/view/4423169596/;https://media.licdn.com/dms/image/v2/D4D0BAQGPZOTENASHgg/company-logo_100_100/B4DZ4C2N18HAAQ-/0/1778164227932/techfinerpfinance_logo?e=1782950400&v=beta&t=AY03zud-wNv0Ry8fKg79bac_U3As8szuUh3bk-LlOWk;Advanced > Specialist;https://www.linkedin.com/company/techfin-erp-finance-uma-empresa-totvs-e-ita/about/;Serviços Financeiros;frontend OR javascript OR typescript OR html OR css OR react OR angular OR vue OR next.js OR wordpress OR (full AND stack);techfin erp finance - uma empresa totvs e itaú;1.0;LinkedIn (Easy Apply);https://www.linkedin.com/jobs/view/4423169596/;https://www.linkedin.com/jobs/view/4423169596/;Hybrid;Specialist, Full Stack;16/06/2026;;São Paulo;SP;Região Sudeste;Brasil;América do Sul
491;Techifide Ltd;Full Stack Software Engineer (Rust + React, TypeScript);Brasil;14/06 20:00;https://www.linkedin.com/jobs/view/4428637910/;https://media.licdn.com/dms/image/v2/D4E0BAQHAC3_3IF1Xnw/company-logo_100_100/B4EZZ7umSfHkAQ-/0/1745832535569/techifide_ltd_logo?e=1782950400&v=beta&t=rSSel0mfNhc05mDGPeN8UboYsqrw4YHG5v6GHmzIaXU;Advanced > Information Technology;https://www.linkedin.com/company/techifide-ltd/about/;Software e Serviços de TI;frontend OR javascript OR typescript OR html OR css OR react OR angular OR vue OR next.js OR wordpress OR (full AND stack);techifide ltd;1;;https://www.linkedin.com/jobs/view/4428637910/;https://www.linkedin.com/jobs/view/4428637910/;Remote;TI/Tech, Full Stack, Engenharia Geral;16/06/2026;;;;;Brasil;América do Sul
492;Tekton Labs;Frontend Developer - VueJS;América Latina;10/06 20:00;https://www.linkedin.com/jobs/view/4423182042/;https://media.licdn.com/dms/image/v2/D560BAQFhwIeQEAp9Og/company-logo_100_100/B56ZkHQ4zAHQAU-/0/1756763491979/tekton_labs_logo?e=1782950400&v=beta&t=atsFaAAF1uVEOx8ar1RXIZje7MKNJaFzWgd2gj80SgI;Advanced > Information Technology;https://www.linkedin.com/company/tekton-labs/about/;-;frontend OR javascript OR typescript OR html OR css OR react OR angular OR vue OR next.js OR wordpress OR (full AND stack);tekton labs;3.0;careerportal.tektonlabs-internal.com;https://www.linkedin.com/jobs/view/4423182042/;https://www.linkedin.com/jobs/view/4423182042/;Remote;Frontend;16/06/2026;;;;;;América Latina
493;Tekton Labs;Senior Frontend Developer;América Latina;10/06 20:00;https://www.linkedin.com/jobs/view/4422789628/;https://media.licdn.com/dms/image/v2/D560BAQFhwIeQEAp9Og/company-logo_100_100/B56ZkHQ4zAHQAU-/0/1756763491979/tekton_labs_logo?e=1782950400&v=beta&t=atsFaAAF1uVEOx8ar1RXIZje7MKNJaFzWgd2gj80SgI;Advanced > Information Technology;https://www.linkedin.com/company/tekton-labs/about/;-;frontend OR javascript OR typescript OR html OR css OR react OR angular OR vue OR next.js OR wordpress OR (full AND stack);tekton labs;3.0;careerportal.tektonlabs-internal.com;https://www.linkedin.com/jobs/view/4422789628/;https://www.linkedin.com/jobs/view/4422789628/;Remote;Senior, Frontend;16/06/2026;;;;;;América Latina
494;Tekton Labs;Senior Fullstack Developer (Python / FastAPI / Nuxt.js);América Latina;15/06 20:00;https://www.linkedin.com/jobs/view/4426422821/;https://media.licdn.com/dms/image/v2/D560BAQFhwIeQEAp9Og/company-logo_100_100/B56ZkHQ4zAHQAU-/0/1756763491979/tekton_labs_logo?e=1782950400&v=beta&t=atsFaAAF1uVEOx8ar1RXIZje7MKNJaFzWgd2gj80SgI;Advanced > Information Technology;https://www.linkedin.com/company/tekton-labs/about/;-;frontend OR javascript OR typescript OR html OR css OR react OR angular OR vue OR next.js OR wordpress OR (full AND stack);tekton labs;3.0;careerportal.tektonlabs-internal.com;https://www.linkedin.com/jobs/view/4426422821/;https://www.linkedin.com/jobs/view/4426422821/;Remote;Senior, Full Stack;16/06/2026;;;;;;América Latina
495;Telesul;Java Full Stack Engineer Pleno;Agudos (SP);11/06 20:00;https://www.linkedin.com/jobs/view/4427512909/;https://media.licdn.com/dms/image/v2/D4D0BAQGQOirUDBEBWg/company-logo_100_100/B4DZyKWvciKEAQ-/0/1771847744570/makeonebr_logo?e=1782950400&v=beta&t=1me1NZPFwTrfRwvfO9ADKByEzanbRiv31JypuHaI6Yc;Advanced > Information Technology;https://www.linkedin.com/company/telesul/about/;-;frontend OR javascript OR typescript OR html OR css OR react OR angular OR vue OR next.js OR wordpress OR (full AND stack);telesul;1.0;Solidês;https://www.linkedin.com/jobs/view/4427512909/;https://www.linkedin.com/jobs/view/4427512909/;Remote;Mid, Full Stack, Engenharia Geral;16/06/2026;Agudos;São Paulo;SP;Região Sudeste;Brasil;América do Sul
496;Thunes;React Software Engineer;Grande São Paulo (SP) ;10/06 20:00;https://www.linkedin.com/jobs/view/4395429519/;https://media.licdn.com/dms/image/v2/C560BAQFAUxZecvfn4w/company-logo_100_100/company-logo_100_100/0/1630672954808/thunespayments_logo?e=1782950400&v=beta&t=uTNjb1iaOrhWZx0vRqMhpLKBDilxF2KLnXbHEJK1ho4;Advanced > Information Technology;https://www.linkedin.com/company/thunes/about/;Software e Serviços de TI;frontend OR javascript OR typescript OR html OR css OR react OR angular OR vue OR next.js OR wordpress OR (full AND stack);thunes;1.0;;https://www.linkedin.com/jobs/view/4395429519/;https://www.linkedin.com/jobs/view/4395429519/;On-site;TI/Tech, Engenharia Geral;16/06/2026;;São Paulo;SP;Região Sudeste;Brasil;América do Sul
497;Truelogic Software;Senior FullStack Engineer (C#/React) - Ecommerce (Brazil);São Paulo (SP);11/06 20:00;https://www.linkedin.com/jobs/view/4427649034/;https://media.licdn.com/dms/image/v2/D4D0BAQHhp0bj-2-MXQ/company-logo_100_100/B4DZjTVtHAHYAQ-/0/1755892341834/truelogicsoftware_logo?e=1782950400&v=beta&t=DJfc-9P5vZQkgiijmjq3PcKCqdQ_Wfippt03MxCTE5U;Advanced > Information Technology;https://www.linkedin.com/company/truelogic-software/about/;Software e Serviços de TI;frontend OR javascript OR typescript OR html OR css OR react OR angular OR vue OR next.js OR wordpress OR (full AND stack);truelogic software;3.0;;https://www.linkedin.com/jobs/view/4427649034/;https://www.linkedin.com/jobs/view/4427649034/;Remote;Senior, Full Stack, Engenharia Geral;16/06/2026;São Paulo;São Paulo;SP;Região Sudeste;Brasil;América do Sul
498;Twindo;Full Stack Engineer (App Team);América Latina;11/06 20:00;https://www.linkedin.com/jobs/view/4423661444/;https://media.licdn.com/dms/image/v2/D560BAQGDRZ8mXeiSQw/company-logo_100_100/B56Zwt0uLRI8AU-/0/1770295321563/hellotwindo_logo?e=1782950400&v=beta&t=cdihyy7OjNdD9L1ZcHEtz7d8rtSlsMNZc7-YL5HQXyU;Advanced > Information Technology;https://www.linkedin.com/company/twindo/about/;-;frontend OR javascript OR typescript OR html OR css OR react OR angular OR vue OR next.js OR wordpress OR (full AND stack);twindo;1;;https://www.linkedin.com/jobs/view/4423661444/;https://www.linkedin.com/jobs/view/4423661444/;Remote;Full Stack, Engenharia Geral;16/06/2026;;;;;;América Latina
499;UEX Tecnologia;Pessoa Desenvolvedora FullStack | Java/React;Curitiba (PR);15/06 22:00;https://www.linkedin.com/jobs/view/4427792195/;https://media.licdn.com/dms/image/v2/C4E0BAQE07aRGPtpYaA/company-logo_100_100/company-logo_100_100/0/1649947647207/uex_io_logo?e=1782950400&v=beta&t=PfhJxD5P4tIYMO13UikvBouVAH8njHDvdyJocNDlu7g;-;https://www.linkedin.com/company/uex-tecnologia/about/;-;frontend OR javascript OR typescript OR html OR css OR react OR angular OR vue OR next.js OR wordpress OR (full AND stack);uex tecnologia;1;;https://www.linkedin.com/jobs/view/4427792195/;https://www.linkedin.com/jobs/view/4427792195/;On-site;PCD / Afirmativa, Full Stack;16/06/2026;Curitiba;Paraná;PR;Região Sul;Brasil;América do Sul
500;UOL;Engenheiro de Software Pl. (Full Stack);São Paulo (SP);16/06 08:00;https://www.linkedin.com/jobs/view/4408689895/;https://media.licdn.com/dms/image/v2/D4D0BAQH7Gs8wiH6ZEw/company-logo_100_100/B4DZt54e9AI8AQ-/0/1767276409054/uol_logo?e=1782950400&v=beta&t=fM4JldzVYuOXdHuuRNkWppkrtaPoEibJIkHVOIuKODg;-;https://www.linkedin.com/company/uol/about/;Software e Serviços de TI;frontend OR javascript OR typescript OR html OR css OR react OR angular OR vue OR next.js OR wordpress OR (full AND stack);uol;1;;https://www.linkedin.com/jobs/view/4408689895/;https://www.linkedin.com/jobs/view/4408689895/;On-site;Mid, TI/Tech, Full Stack;16/06/2026;São Paulo;São Paulo;SP;Região Sudeste;Brasil;América do Sul
501;UOL EdTech;Engenheiro de Software Sr. (Node.js/React.js);São Paulo (SP);16/06 10:00;https://www.linkedin.com/jobs/view/4426829069/;https://media.licdn.com/dms/image/v2/D4D0BAQGbOxhTGd8fow/company-logo_100_100/B4DZ2_iZwyJwAQ-/0/1777034960423/uoledtech_para_empresas_logo?e=1782950400&v=beta&t=G1ArhgPoqPbVIciyG4CMjuFUhkAgOKEISgVEcodSuPw;-;https://www.linkedin.com/company/uol-edtech/about/;Educação;frontend OR javascript OR typescript OR html OR css OR react OR angular OR vue OR next.js OR wordpress OR (full AND stack);uol edtech;1.0;;https://www.linkedin.com/jobs/view/4426829069/;https://www.linkedin.com/jobs/view/4426829069/;Hybrid;Senior, TI/Tech;16/06/2026;São Paulo;São Paulo;SP;Região Sudeste;Brasil;América do Sul
502;Uber;Sr Software Engineer, Frontend (Web);Rio de Janeiro (RJ);12/06 20:00;https://www.linkedin.com/jobs/view/4388330121/;https://media.licdn.com/dms/image/v2/C4D0BAQFiYnR1Mbtxdg/company-logo_100_100/company-logo_100_100/0/1630552741617/uber_com_logo?e=1782950400&v=beta&t=OiWhd1jLlkkyqQaFUL8PTbQvgBKkjRKro_6qpyfkphQ;Advanced > Information Technology;https://www.linkedin.com/company/uber/about/;Software e Serviços de TI;frontend OR javascript OR typescript OR html OR css OR react OR angular OR vue OR next.js OR wordpress OR (full AND stack);uber;3.0;www.linkedin.com;https://www.linkedin.com/jobs/view/4388330121/;https://www.linkedin.com/jobs/view/4388330121/;Hybrid;Senior, TI/Tech, Frontend, Engenharia Geral;16/06/2026;Rio de Janeiro;Rio de Janeiro;RJ;Região Sudeste;Brasil;América do Sul
503;Uberall;Senior Frontend Engineer - Contractor;Brasil;11/06 20:00;https://www.linkedin.com/jobs/view/4427538469/;https://media.licdn.com/dms/image/v2/D4E0BAQFjAU2tuhCeJA/company-logo_100_100/B4EZrfZHUDHMAQ-/0/1764684494778/get_uberall_logo?e=1782950400&v=beta&t=y-NurH1YVaO68HJg3k9Zh3St_pvYvHaDUSO75bAQea0;Advanced > Information Technology;https://www.linkedin.com/company/uberall/about/;Transporte e Mobilidade;frontend OR javascript OR typescript OR html OR css OR react OR angular OR vue OR next.js OR wordpress OR (full AND stack);uberall;1;;https://www.linkedin.com/jobs/view/4427538469/;https://www.linkedin.com/jobs/view/4427538469/;Remote;Freelance/PJ, Senior, Frontend, Engenharia Geral;16/06/2026;;;;;Brasil;América do Sul
504;UneCont | Automação Fiscal;Desenvolvedor(a) Full Stack;São Caetano do Sul (SP);15/06 20:00;https://www.linkedin.com/jobs/view/4428837937/;https://media.licdn.com/dms/image/v2/D4D0BAQHsE0rd_Ri04A/company-logo_100_100/B4DZolnc6rJUAQ-/0/1761567690846/unecont_logo?e=1782950400&v=beta&t=R414yt4-iaVOyOK5qj9CFBwqEe3Q1HOP32acbMiiqQ4;-;https://www.linkedin.com/company/unecont-automa-o-fiscal/about/;-;frontend OR javascript OR typescript OR html OR css OR react OR angular OR vue OR next.js OR wordpress OR (full AND stack);unecont | automação fiscal;1;;https://www.linkedin.com/jobs/view/4428837937/;https://www.linkedin.com/jobs/view/4428837937/;Remote;Full Stack;16/06/2026;São Caetano do Sul;São Paulo;SP;Região Sudeste;Brasil;América do Sul
505;Uniware Consultoria em Informática;Desenvolvedor Full Stack Pleno;Brasil;11/06 20:00;https://www.linkedin.com/jobs/view/4427568942/;https://media.licdn.com/dms/image/v2/C4D0BAQHxWCmEAXlqvA/company-logo_100_100/company-logo_100_100/0/1630575306453/uniware_consultoria_em_informtica_logo?e=1782950400&v=beta&t=jLCoZreo8hpsguO6r4TQo9ym6ozccOR_OjqWON0ReLU;-;https://www.linkedin.com/company/uniware-consultoria-em-inform-tica/about/;Consultoria e Assessoria;frontend OR javascript OR typescript OR html OR css OR react OR angular OR vue OR next.js OR wordpress OR (full AND stack);uniware consultoria em informática;1;;https://www.linkedin.com/jobs/view/4427568942/;https://www.linkedin.com/jobs/view/4427568942/;Remote;Mid, Full Stack;16/06/2026;;;;;Brasil;América do Sul
506;VILT;Engenheiro de QA Sênior - Playwright + JavaScript;Brasil;12/06 20:00;https://www.linkedin.com/jobs/view/4426992353/;https://media.licdn.com/dms/image/v2/D4D0BAQGCGFS3zakTsw/company-logo_100_100/company-logo_100_100/0/1719355186354/vilt_logo?e=1782950400&v=beta&t=kpXxle8DgMI4oqwx9oP2bsoPtbxUxeIl1bBX5ptc2nQ;-;https://www.linkedin.com/company/vilt/about/;-;frontend OR javascript OR typescript OR html OR css OR react OR angular OR vue OR next.js OR wordpress OR (full AND stack);vilt;1;;https://www.linkedin.com/jobs/view/4426992353/;https://www.linkedin.com/jobs/view/4426992353/;Remote;Senior, Testes / QA;16/06/2026;;;;;Brasil;América do Sul
507;VONBZ;Desenvolvedor(a) Full Stack | Node.js & React | Presencial | Curitiba/PR | CLT;Curitiba (PR);12/06 20:00;https://www.linkedin.com/jobs/view/4425323316/;https://media.licdn.com/dms/image/v2/D4D0BAQGpcnwrn0lk2w/company-logo_100_100/B4DZ5QA0TmJ4AM-/0/1779458852352/vonbz_logo?e=1782950400&v=beta&t=rmjxvU6WtfFVz0YaeUuvTjb2fPXOVpf4o_ld2m8smrE;-;https://www.linkedin.com/company/vonbz/about/;Software e Serviços de TI;frontend OR javascript OR typescript OR html OR css OR react OR angular OR vue OR next.js OR wordpress OR (full AND stack);vonbz;1.0;Inhire;https://www.linkedin.com/jobs/view/4425323316/;https://www.linkedin.com/jobs/view/4425323316/;On-site;CLT/Efetivo, Full Stack;16/06/2026;Curitiba;Paraná;PR;Região Sul;Brasil;América do Sul
508;Valtech;Full Stack Engineer;Brasil;16/06 16:00;https://www.linkedin.com/jobs/view/4429579527/;https://media.licdn.com/dms/image/v2/D4E0BAQFSPsCKDQ-lvQ/company-logo_100_100/company-logo_100_100/0/1697789289882/valtech_logo?e=1782950400&v=beta&t=8BEIix6gSvcgvSFbBHFqlbQd2apKuqQE-FyABpQ0EB8;Advanced > Information Technology;https://www.linkedin.com/company/valtech/about/;Software e Serviços de TI;frontend OR javascript OR typescript OR html OR css OR react OR angular OR vue OR next.js OR wordpress OR (full AND stack);valtech;1;;https://www.linkedin.com/jobs/view/4429579527/;https://www.linkedin.com/jobs/view/4429579527/;Remote;Full Stack, Engenharia Geral;16/06/2026;;;;;Brasil;América do Sul
509;Velana Pagamentos;Desenvolvedor(a) Full Stack  - 100% Home Office;SP;15/06 20:00;https://www.linkedin.com/jobs/view/4426412739/;https://media.licdn.com/dms/image/v2/D4E0BAQHsqb1iTpEb2A/company-logo_100_100/company-logo_100_100/0/1729509650308/velana_pagamentos_logo?e=1782950400&v=beta&t=wBsAQJfA4H05yHcQ8z3C3FFdqvR96SiHhIy2uOD3y9A;-;https://www.linkedin.com/company/velana-pagamentos/about/;Serviços Financeiros;frontend OR javascript OR typescript OR html OR css OR react OR angular OR vue OR next.js OR wordpress OR (full AND stack);velana pagamentos;1.0;;https://www.linkedin.com/jobs/view/4426412739/;https://www.linkedin.com/jobs/view/4426412739/;Remote;Full Stack;16/06/2026;;São Paulo;SP;Região Sudeste;Brasil;América do Sul
510;Velozient;Senior Software Engineer (LAMP / Angular / JavaScript);Brasil;15/06 20:00;https://www.linkedin.com/jobs/view/4428879843/;https://media.licdn.com/dms/image/v2/C560BAQFBTzr0P991_g/company-logo_100_100/company-logo_100_100/0/1630658819155/velozient_logo?e=1782950400&v=beta&t=su16fzqDWkLYouI804UqAvCo3FAuQVGcHUqPPPXBIks;Advanced > Information Technology;https://www.linkedin.com/company/velozient/about/;Software e Serviços de TI;frontend OR javascript OR typescript OR html OR css OR react OR angular OR vue OR next.js OR wordpress OR (full AND stack);velozient;1;;https://www.linkedin.com/jobs/view/4428879843/;https://www.linkedin.com/jobs/view/4428879843/;Remote;Senior, TI/Tech, Engenharia Geral;16/06/2026;;;;;Brasil;América do Sul
511;Venturus;[1201-1202] Pessoa Desenvolvedora Fullstack Pl (React/Python);Manaus (AM);10/06 20:00;https://www.linkedin.com/jobs/view/4426029977/;https://media.licdn.com/dms/image/v2/D4D0BAQEIThwZwzZCEA/company-logo_100_100/B4DZaDCK6qHwAU-/0/1745955106878/venturus_logo?e=1782950400&v=beta&t=IhM7gBGx3PI0zk7owUZkoD7fBEmLW7ewAK6NBuANFUw;-;https://www.linkedin.com/company/venturus/about/;-;frontend OR javascript OR typescript OR html OR css OR react OR angular OR vue OR next.js OR wordpress OR (full AND stack);venturus;1;;https://www.linkedin.com/jobs/view/4426029977/;https://www.linkedin.com/jobs/view/4426029977/;Hybrid;PCD / Afirmativa, Mid, Full Stack;16/06/2026;Manaus;Amazonas;AM;Região Norte;Brasil;América do Sul
512;Venturus;[1253] Pessoa Desenvolvedora Fullstack Master (Node.js/React);Manaus (AM);10/06 20:00;https://www.linkedin.com/jobs/view/4426041331/;https://media.licdn.com/dms/image/v2/D4D0BAQEIThwZwzZCEA/company-logo_100_100/B4DZaDCK6qHwAU-/0/1745955106878/venturus_logo?e=1782950400&v=beta&t=IhM7gBGx3PI0zk7owUZkoD7fBEmLW7ewAK6NBuANFUw;-;https://www.linkedin.com/company/venturus/about/;-;frontend OR javascript OR typescript OR html OR css OR react OR angular OR vue OR next.js OR wordpress OR (full AND stack);venturus;1;;https://www.linkedin.com/jobs/view/4426041331/;https://www.linkedin.com/jobs/view/4426041331/;Hybrid;PCD / Afirmativa, Full Stack;16/06/2026;Manaus;Amazonas;AM;Região Norte;Brasil;América do Sul
513;Verity Group;Frontend Developer Sênior - REMOTO;Brasil;11/06 20:00;https://www.linkedin.com/jobs/view/4423639538/;https://media.licdn.com/dms/image/v2/D560BAQF0wKfjAB0xAg/company-logo_100_100/company-logo_100_100/0/1732730785506/veritydigital_logo?e=1782950400&v=beta&t=fbwhS6h2LdAgQvXeZs_e9FPhg5KoF721r2WDVnYtUSs;Advanced > Information Technology;https://www.linkedin.com/company/verity-group/about/;Software e Serviços de TI;frontend OR javascript OR typescript OR html OR css OR react OR angular OR vue OR next.js OR wordpress OR (full AND stack);verity group;1.0;Gupy;https://www.linkedin.com/jobs/view/4423639538/;https://www.linkedin.com/jobs/view/4423639538/;Remote;Senior, Frontend;16/06/2026;;;;;Brasil;América do Sul
514;Virtual Latinos;Full Stack Engineer;América Latina;12/06 20:00;https://www.linkedin.com/jobs/view/4427654848/;https://media.licdn.com/dms/image/v2/C4E0BAQEKUk0fb40HMQ/company-logo_100_100/company-logo_100_100/0/1630605942147/virtuallatinos_logo?e=1782950400&v=beta&t=MulTbQAL2QXHKXUXolY5z7oi7-vdXTgEaWd1rLQCNGs;Advanced > Information Technology;https://www.linkedin.com/company/virtual-latinos/about/;Software e Serviços de TI;frontend OR javascript OR typescript OR html OR css OR react OR angular OR vue OR next.js OR wordpress OR (full AND stack);virtual latinos;1;;https://www.linkedin.com/jobs/view/4427654848/;https://www.linkedin.com/jobs/view/4427654848/;Remote;Full Stack, Engenharia Geral;16/06/2026;;;;;;América Latina
515;Vivo (Telefônica Brasil);Desenvolvedor Full Stack | E-Commerce e Portais | São Paulo;São Paulo (SP);11/06 20:00;https://www.linkedin.com/jobs/view/4426630731/;https://media.licdn.com/dms/image/v2/D4D0BAQGuAf77phT5hA/company-logo_100_100/B4DZ2WR_zhHYAQ-/0/1776342794413/vivo_telefonicabr_logo?e=1782950400&v=beta&t=vb10pUhrV7krhMEd5oQNAkCd0YeSTKZwW1A7gKCUNts;-;https://www.linkedin.com/company/vivo-telef-nica-brasil/about/;Telecomunicações;frontend OR javascript OR typescript OR html OR css OR react OR angular OR vue OR next.js OR wordpress OR (full AND stack);vivo (telefônica brasil);4.0;Gupy;https://www.linkedin.com/jobs/view/4426630731/;https://www.linkedin.com/jobs/view/4426630731/;On-site;Full Stack;16/06/2026;São Paulo;São Paulo;SP;Região Sudeste;Brasil;América do Sul
516;Vox;Desenvolvedor(a) Full Stack Pleno;Aracaju (SE);15/06 20:00;https://www.linkedin.com/jobs/view/4426426419/;https://media.licdn.com/dms/image/v2/D4D0BAQFz7-oKVKmrFw/company-logo_100_100/B4DZ5ArWLEIUAI-/0/1779201565658/voxaju_logo?e=1782950400&v=beta&t=caSZKk1dyFQgTgp21a4FXreYn0yfqI6zmTgk0i-oN08;-;https://www.linkedin.com/company/vox/about/;-;frontend OR javascript OR typescript OR html OR css OR react OR angular OR vue OR next.js OR wordpress OR (full AND stack);vox;1;;https://www.linkedin.com/jobs/view/4426426419/;https://www.linkedin.com/jobs/view/4426426419/;On-site;Mid, Full Stack;16/06/2026;Aracaju;Sergipe;SE;Região Nordeste;Brasil;América do Sul
517;Voy;Full Stack Engineer;São Paulo (SP);16/06 15:00;https://www.linkedin.com/jobs/view/4428087210/;https://media.licdn.com/dms/image/v2/D4E0BAQEMxHqpPDYvsg/company-logo_100_100/B4EZxrZ2nPJoAQ-/0/1771328465851/joinvoy_logo?e=1782950400&v=beta&t=8v9CS2yez8wgLn0DqKids141G-iFQ8UtTXWgMk2eLzk;Advanced > Information Technology;https://www.linkedin.com/company/voy/about/;-;frontend OR javascript OR typescript OR html OR css OR react OR angular OR vue OR next.js OR wordpress OR (full AND stack);voy;1;;https://www.linkedin.com/jobs/view/4428087210/;https://www.linkedin.com/jobs/view/4428087210/;On-site;Full Stack, Engenharia Geral;16/06/2026;São Paulo;São Paulo;SP;Região Sudeste;Brasil;América do Sul
518;WEX;Senior Frontend Engineer (Angular);Grande São Paulo (SP) ;10/06 20:00;https://www.linkedin.com/jobs/view/4427046164/;https://media.licdn.com/dms/image/v2/D560BAQEqDSQp6mtoSw/company-logo_100_100/B56Zx8YMCPJUAU-/0/1771613242228/wexinc_logo?e=1782950400&v=beta&t=DdUZ9GbppBRv5wyJFeM1x6W__d2zK5Vu4K5ZqW2neoE;Advanced > Information Technology;https://www.linkedin.com/company/wex/about/;-;frontend OR javascript OR typescript OR html OR css OR react OR angular OR vue OR next.js OR wordpress OR (full AND stack);wex;2.0;careers.wexinc.com;https://www.linkedin.com/jobs/view/4427046164/;https://www.linkedin.com/jobs/view/4427046164/;Remote;Senior, Frontend, Engenharia Geral;16/06/2026;;São Paulo;SP;Região Sudeste;Brasil;América do Sul
519;WTime Business Intelligence;Analista / Desenvolvedor Full Stack;São Paulo (SP);10/06 20:00;https://www.linkedin.com/jobs/view/4426017570/;https://media.licdn.com/dms/image/v2/C560BAQEiX9lnCt-Qpg/company-logo_100_100/company-logo_100_100/0/1630654905191/wtime_business_intellingence_logo?e=1782950400&v=beta&t=qRsIegnBFJCcXPKX7LW8UJEbpWPDe_kYUrV9b2gZXiU;Advanced > Specialist;https://www.linkedin.com/company/wtime-business-intelligence/about/;Hardware e Eletrônicos;frontend OR javascript OR typescript OR html OR css OR react OR angular OR vue OR next.js OR wordpress OR (full AND stack);wtime business intelligence;1.0;Quickin;https://www.linkedin.com/jobs/view/4426017570/;https://www.linkedin.com/jobs/view/4426017570/;Hybrid;Associate, Full Stack;16/06/2026;São Paulo;São Paulo;SP;Região Sudeste;Brasil;América do Sul
520;WelHome Brazil;Desenvolvedor(a) Frontend Sênior;São Paulo (SP);16/06 17:00;https://www.linkedin.com/jobs/view/4426875060/;https://media.licdn.com/dms/image/v2/D4D0BAQFUaWsP75Hekg/company-logo_100_100/company-logo_100_100/0/1736968339339/welhomebrasil_logo?e=1782950400&v=beta&t=juKhfQds9Mk12Y2HopS9DyG52cG7kYdjYyoaFPTuaDc;-;https://www.linkedin.com/company/welhome-brazil/about/;-;frontend OR javascript OR typescript OR html OR css OR react OR angular OR vue OR next.js OR wordpress OR (full AND stack);welhome brazil;1;;https://www.linkedin.com/jobs/view/4426875060/;https://www.linkedin.com/jobs/view/4426875060/;On-site;Senior, Frontend;16/06/2026;São Paulo;São Paulo;SP;Região Sudeste;Brasil;América do Sul
521;Whirlpool Corporation;Desenvolvedor Full Stack Cloud Pleno;São Paulo (SP);15/06 20:00;https://www.linkedin.com/jobs/view/4317362902/;https://media.licdn.com/dms/image/v2/C560BAQEc41FEInZ78g/company-logo_100_100/company-logo_100_100/0/1635873911509/whirlpool_corporation_logo?e=1782950400&v=beta&t=ItBdpFfjitlgE5kRoEXi240qLCxqvz46HkEEqpiUBE8;Specific > Cloud;https://www.linkedin.com/company/whirlpool-corporation/about/;Software e Serviços de TI;frontend OR javascript OR typescript OR html OR css OR react OR angular OR vue OR next.js OR wordpress OR (full AND stack);whirlpool corporation;1.0;jobs.whirlpool.com;https://www.linkedin.com/jobs/view/4317362902/;https://www.linkedin.com/jobs/view/4317362902/;On-site;Mid, Full Stack;16/06/2026;São Paulo;São Paulo;SP;Região Sudeste;Brasil;América do Sul
522;WiTI;Full-Stack (Next/React);América Latina;15/06 21:00;https://www.linkedin.com/jobs/view/4428080992/;https://media.licdn.com/dms/image/v2/C4E0BAQE0Mk6HnpdVOQ/company-logo_100_100/company-logo_100_100/0/1660058958958/witichile_logo?e=1782950400&v=beta&t=BP0qSvKPG45XXhxv0feyGO_ZxwV1jUkrYSoHn-hXR3s;-;https://www.linkedin.com/company/witi/about/;Software e Serviços de TI;frontend OR javascript OR typescript OR html OR css OR react OR angular OR vue OR next.js OR wordpress OR (full AND stack);witi;1;;https://www.linkedin.com/jobs/view/4428080992/;https://www.linkedin.com/jobs/view/4428080992/;Remote;Full Stack;16/06/2026;;;;;;América Latina
523;YO HR Consultancy;Frontend Developer - Remote;Brasil;16/06 14:00;https://www.linkedin.com/jobs/view/4418309822/;https://media.licdn.com/dms/image/v2/C4E0BAQHJIe_VgA98Rg/company-logo_100_100/company-logo_100_100/0/1630634561418/yo_hr_consultancy_pvt_ltd_logo?e=1782950400&v=beta&t=m6dHA0XsnnN2Fcy0QjCMZtkJ5yJgb_N_sTBac3SCU2g;Advanced > Information Technology;https://www.linkedin.com/company/yo-hr-consultancy/about/;Recursos Humanos;frontend OR javascript OR typescript OR html OR css OR react OR angular OR vue OR next.js OR wordpress OR (full AND stack);yo hr consultancy;1;;https://www.linkedin.com/jobs/view/4418309822/;https://www.linkedin.com/jobs/view/4418309822/;Remote;Frontend;16/06/2026;;;;;Brasil;América do Sul
524;YO IT Consulting;Angular Developer - Remote;América Latina;12/06 20:00;https://www.linkedin.com/jobs/view/4426696643/;https://media.licdn.com/dms/image/v2/D4D0BAQGgyLGyTK9l7Q/company-logo_100_100/B4DZre8Hq3G4AQ-/0/1764676893975/yohritconsulting_logo?e=1782950400&v=beta&t=L2mEuIEivm8KoyzHDneHxHoeFn500vCsJ86Ro-bJLgc;Advanced > Information Technology;https://www.linkedin.com/company/yo-it-consulting/about/;Consultoria e Assessoria;frontend OR javascript OR typescript OR html OR css OR react OR angular OR vue OR next.js OR wordpress OR (full AND stack);yo it consulting;1;;https://www.linkedin.com/jobs/view/4426696643/;https://www.linkedin.com/jobs/view/4426696643/;Remote;-;16/06/2026;;;;;;América Latina
525;YO IT Consulting;Vue.js/Nuxt Developer - Remote;América Latina;14/06 20:00;https://www.linkedin.com/jobs/view/4427404857/;https://media.licdn.com/dms/image/v2/D4D0BAQGgyLGyTK9l7Q/company-logo_100_100/B4DZre8Hq3G4AQ-/0/1764676893975/yohritconsulting_logo?e=1782950400&v=beta&t=L2mEuIEivm8KoyzHDneHxHoeFn500vCsJ86Ro-bJLgc;Advanced > Information Technology;https://www.linkedin.com/company/yo-it-consulting/about/;Consultoria e Assessoria;frontend OR javascript OR typescript OR html OR css OR react OR angular OR vue OR next.js OR wordpress OR (full AND stack);yo it consulting;1;;https://www.linkedin.com/jobs/view/4427404857/;https://www.linkedin.com/jobs/view/4427404857/;Remote;-;16/06/2026;;;;;;América Latina
526;YO IT Consulting;Angular Developer - Remote;Brasil;12/06 20:00;https://www.linkedin.com/jobs/view/4426684725/;https://media.licdn.com/dms/image/v2/D4D0BAQGgyLGyTK9l7Q/company-logo_100_100/B4DZre8Hq3G4AQ-/0/1764676893975/yohritconsulting_logo?e=1782950400&v=beta&t=L2mEuIEivm8KoyzHDneHxHoeFn500vCsJ86Ro-bJLgc;Advanced > Information Technology;https://www.linkedin.com/company/yo-it-consulting/about/;Consultoria e Assessoria;frontend OR javascript OR typescript OR html OR css OR react OR angular OR vue OR next.js OR wordpress OR (full AND stack);yo it consulting;1;;https://www.linkedin.com/jobs/view/4426684725/;https://www.linkedin.com/jobs/view/4426684725/;Remote;-;16/06/2026;;;;;Brasil;América do Sul
527;ZANC Assessoria Nacional de Cobrança;Desenvolvedor Full Stack Nodejs - Cadastre-Se para a Vaga;Porto Alegre (RS);14/06 20:00;https://www.linkedin.com/jobs/view/4425737057/;https://media.licdn.com/dms/image/v2/D4D0BAQEO2eMPt_XXbg/company-logo_100_100/company-logo_100_100/0/1696862232579/zanc_logo?e=1782950400&v=beta&t=ND8xWpfUDaW_qmlF24AswTr9BZFi38IV_zGtfmxMylI;-;https://www.linkedin.com/company/zanc-assessoria-nacional-de-cobran-a/about/;Consultoria e Assessoria;frontend OR javascript OR typescript OR html OR css OR react OR angular OR vue OR next.js OR wordpress OR (full AND stack);zanc assessoria nacional de cobrança;1.0;Vagas.com;https://www.linkedin.com/jobs/view/4425737057/;https://www.linkedin.com/jobs/view/4425737057/;On-site;Full Stack;16/06/2026;Porto Alegre;Rio Grande do Sul;RS;Região Sul;Brasil;América do Sul
528;ZANC Assessoria Nacional de Cobrança;Desenvolvedor Full Stack Nodejs - Porto Alegre - Cargos em Aberto;Porto Alegre (RS);14/06 20:00;https://www.linkedin.com/jobs/view/4425716641/;https://media.licdn.com/dms/image/v2/D4D0BAQEO2eMPt_XXbg/company-logo_100_100/company-logo_100_100/0/1696862232579/zanc_logo?e=1782950400&v=beta&t=ND8xWpfUDaW_qmlF24AswTr9BZFi38IV_zGtfmxMylI;-;https://www.linkedin.com/company/zanc-assessoria-nacional-de-cobran-a/about/;Consultoria e Assessoria;frontend OR javascript OR typescript OR html OR css OR react OR angular OR vue OR next.js OR wordpress OR (full AND stack);zanc assessoria nacional de cobrança;1.0;Vagas.com;https://www.linkedin.com/jobs/view/4425716641/;https://www.linkedin.com/jobs/view/4425716641/;On-site;Full Stack;16/06/2026;Porto Alegre;Rio Grande do Sul;RS;Região Sul;Brasil;América do Sul
529;Zallpy Digital;Pessoa Desenvolvedora Full Stack Sênior (.NET Core (C#) | React) – Porto Alegre e Região;Porto Alegre (RS);15/06 20:00;https://www.linkedin.com/jobs/view/4427744977/;https://media.licdn.com/dms/image/v2/D4D0BAQET3FfZSou1AA/company-logo_100_100/company-logo_100_100/0/1689014576978/zallpy_digital_logo?e=1782950400&v=beta&t=O-gVwaDPEH2ONRLgXpwvXXyctzs5NTZbtYiEmLp4TWA;-;https://www.linkedin.com/company/zallpy-digital/about/;Software e Serviços de TI;frontend OR javascript OR typescript OR html OR css OR react OR angular OR vue OR next.js OR wordpress OR (full AND stack);zallpy digital;1.0;Inhire;https://www.linkedin.com/jobs/view/4427744977/;https://www.linkedin.com/jobs/view/4427744977/;Hybrid;PCD / Afirmativa, Senior, Full Stack;16/06/2026;Porto Alegre;Rio Grande do Sul;RS;Região Sul;Brasil;América do Sul
530;Zentact, Inc.;Staff Software Engineer (TypeScript / Distributed Systems);Brasil;15/06 20:00;https://www.linkedin.com/jobs/view/4427454633/;https://media.licdn.com/dms/image/v2/D4E0BAQFOypmZcCocEg/company-logo_100_100/company-logo_100_100/0/1707758208877?e=1782950400&v=beta&t=5WmGcjpafW8xWzbLWUbUh1Tl_fgNp1ye2q11rIPaP4A;Advanced > Information Technology;https://www.linkedin.com/company/zentact-inc/about/;Software e Serviços de TI;frontend OR javascript OR typescript OR html OR css OR react OR angular OR vue OR next.js OR wordpress OR (full AND stack);zentact, inc.;1;;https://www.linkedin.com/jobs/view/4427454633/;https://www.linkedin.com/jobs/view/4427454633/;Remote;TI/Tech, Engenharia Geral;16/06/2026;;;;;Brasil;América do Sul
531;Zucchetti Brazil;Full Stack Developer Analyst Senior (Analista Desenvolvedor Full Stack Sênior);Concórdia (SC);16/06 09:00;https://www.linkedin.com/jobs/view/4426815738/;https://media.licdn.com/dms/image/v2/C4E0BAQGISAM9mkvbAQ/company-logo_100_100-alternative/company-logo_100_100-alternative/0/1630618135583/zucchettibrasil_logo?e=1782950400&v=beta&t=kmyxGGL76aFmW3wvVfoJTbAkuvr_iaOiv7ggJq9ytv4;Advanced > Information Technology;https://www.linkedin.com/company/zucchetti-brazil/about/;Software e Serviços de TI;frontend OR javascript OR typescript OR html OR css OR react OR angular OR vue OR next.js OR wordpress OR (full AND stack);zucchetti brazil;1;;https://www.linkedin.com/jobs/view/4426815738/;https://www.linkedin.com/jobs/view/4426815738/;Remote;Senior, Associate, Full Stack;16/06/2026;Concórdia;Santa Catarina;SC;Região Sul;Brasil;América do Sul
532;abler Vagas;Desenvolvedor(a) Fullstack Node e React Pleno/Senior;Brasil;10/06 20:00;https://www.linkedin.com/jobs/view/4427100552/;https://media.licdn.com/dms/image/v2/D4D0BAQGMAPERRvd2YA/company-logo_100_100/B4DZVr.XUYHIAQ-/0/1741273265821/abler_vagas_br_logo?e=1782950400&v=beta&t=a0hmXbGS9inY8YIRH7jrWkKcjei3s0p64rdrkJfitW0;-;https://www.linkedin.com/company/abler-vagas/about/;Energia e Combustíveis;frontend OR javascript OR typescript OR html OR css OR react OR angular OR vue OR next.js OR wordpress OR (full AND stack);abler vagas;1.0;ats.abler.com.br;https://www.linkedin.com/jobs/view/4427100552/;https://www.linkedin.com/jobs/view/4427100552/;Remote;Senior, Mid, Full Stack;16/06/2026;;;;;Brasil;América do Sul
533;americanas s.a.;Desenvolvedor Full Stack Pleno (Java e React/Next.js) | Operações Comerciais;Rio de Janeiro (RJ);12/06 20:00;https://www.linkedin.com/jobs/view/4407075156/;https://media.licdn.com/dms/image/v2/D4D0BAQEoMTZW5hktPw/company-logo_100_100/company-logo_100_100/0/1688744936290/americanas_sa_logo?e=1782950400&v=beta&t=0KQecGecyZ9gFetvzCqk5rZTV65BQceH6yWzbzcYONM;-;https://www.linkedin.com/company/americanas-s-a/about/;-;frontend OR javascript OR typescript OR html OR css OR react OR angular OR vue OR next.js OR wordpress OR (full AND stack);americanas s.a.;1.0;Gupy;https://www.linkedin.com/jobs/view/4407075156/;https://www.linkedin.com/jobs/view/4407075156/;On-site;Mid, Full Stack;16/06/2026;Rio de Janeiro;Rio de Janeiro;RJ;Região Sudeste;Brasil;América do Sul
534;bossa invest;Desenvolvedor(a) Full Stack Sênior;São Paulo (SP);12/06 20:00;https://www.linkedin.com/jobs/view/4428163769/;https://media.licdn.com/dms/image/v2/D4D0BAQHeaNFnpAIjAg/company-logo_100_100/company-logo_100_100/0/1693485385968/bossanova_investimentos_logo?e=1782950400&v=beta&t=EFPyk3_gurhK2SynDNY5hcReW5hWU1ZKSwAnSMqT64M;-;https://www.linkedin.com/company/bossa-invest/about/;-;frontend OR javascript OR typescript OR html OR css OR react OR angular OR vue OR next.js OR wordpress OR (full AND stack);bossa invest;1;;https://www.linkedin.com/jobs/view/4428163769/;https://www.linkedin.com/jobs/view/4428163769/;Hybrid;Senior, Full Stack;16/06/2026;São Paulo;São Paulo;SP;Região Sudeste;Brasil;América do Sul
535;dti digital;Pessoa Desenvolvedora Frontend React - Sênior (Modelo Híbrido);Belo Horizonte (MG);11/06 20:00;https://www.linkedin.com/jobs/view/4426653101/;https://media.licdn.com/dms/image/v2/D4E0BAQHDojXmC8wClw/company-logo_100_100/B4EZY1JXKDG0AY-/0/1744648369262/dtidigital_logo?e=1782950400&v=beta&t=gQA-jq-bQCn0GZid2O78RMk0dkrJAam8Yox70mPJKYM;-;https://www.linkedin.com/company/dti-digital/about/;Software e Serviços de TI;frontend OR javascript OR typescript OR html OR css OR react OR angular OR vue OR next.js OR wordpress OR (full AND stack);dti digital;1.0;Inhire;https://www.linkedin.com/jobs/view/4426653101/;https://www.linkedin.com/jobs/view/4426653101/;Hybrid;PCD / Afirmativa, Senior, Frontend;16/06/2026;Belo Horizonte;Minas Gerais;MG;Região Sudeste;Brasil;América do Sul
536;hub xp;Especialista Frontend IA;Brasil;13/06 20:00;https://www.linkedin.com/jobs/view/4428374245/;https://media.licdn.com/dms/image/v2/D4D0BAQG2iSbH5tgVQg/company-logo_100_100/B4DZ5GbK3wI8AI-/0/1779297988287/hubxp_logo?e=1782950400&v=beta&t=huS4CA52WagK-q17Kt_87rMe-d-qfDqSzFX9nM5G-Ds;Advanced > Specialist;https://www.linkedin.com/company/hub-xp/about/;Inteligência Artificial;frontend OR javascript OR typescript OR html OR css OR react OR angular OR vue OR next.js OR wordpress OR (full AND stack);hub xp;1.0;www.hubxp.com.br;https://www.linkedin.com/jobs/view/4428374245/;https://www.linkedin.com/jobs/view/4428374245/;Remote;Inteligência Artificial, Specialist, Frontend;16/06/2026;;;;;Brasil;América do Sul
537;hub xp;Fullstack Node.js, NestJS, TypeScript, React e Next.js.;São Paulo (SP);16/06 14:00;https://www.linkedin.com/jobs/view/4429560593/;https://media.licdn.com/dms/image/v2/D4D0BAQG2iSbH5tgVQg/company-logo_100_100/B4DZ5GbK3wI8AI-/0/1779297988287/hubxp_logo?e=1782950400&v=beta&t=huS4CA52WagK-q17Kt_87rMe-d-qfDqSzFX9nM5G-Ds;-;https://www.linkedin.com/company/hub-xp/about/;-;frontend OR javascript OR typescript OR html OR css OR react OR angular OR vue OR next.js OR wordpress OR (full AND stack);hub xp;1.0;www.hubxp.com.br;https://www.linkedin.com/jobs/view/4429560593/;https://www.linkedin.com/jobs/view/4429560593/;Remote;Full Stack;16/06/2026;São Paulo;São Paulo;SP;Região Sudeste;Brasil;América do Sul
538;hub xp;Fullstack Sênior - Node.js, TypeScript, React e Next.js.;São Paulo (SP);16/06 20:00;https://www.linkedin.com/jobs/view/4429722529/;https://media.licdn.com/dms/image/v2/D4D0BAQG2iSbH5tgVQg/company-logo_100_100/B4DZ5GbK3wI8AI-/0/1779297988287/hubxp_logo?e=1782950400&v=beta&t=huS4CA52WagK-q17Kt_87rMe-d-qfDqSzFX9nM5G-Ds;-;https://www.linkedin.com/company/hub-xp/about/;-;frontend OR javascript OR typescript OR html OR css OR react OR angular OR vue OR next.js OR wordpress OR (full AND stack);hub xp;1.0;www.hubxp.com.br;https://www.linkedin.com/jobs/view/4429722529/;https://www.linkedin.com/jobs/view/4429722529/;Remote;Senior, Full Stack;16/06/2026;São Paulo;São Paulo;SP;Região Sudeste;Brasil;América do Sul
539;hub xp;Fullstack Sênior JavaScript e/ou TypeScript;São Paulo (SP);16/06 14:00;https://www.linkedin.com/jobs/view/4429567409/;https://media.licdn.com/dms/image/v2/D4D0BAQG2iSbH5tgVQg/company-logo_100_100/B4DZ5GbK3wI8AI-/0/1779297988287/hubxp_logo?e=1782950400&v=beta&t=huS4CA52WagK-q17Kt_87rMe-d-qfDqSzFX9nM5G-Ds;-;https://www.linkedin.com/company/hub-xp/about/;-;frontend OR javascript OR typescript OR html OR css OR react OR angular OR vue OR next.js OR wordpress OR (full AND stack);hub xp;1.0;www.hubxp.com.br;https://www.linkedin.com/jobs/view/4429567409/;https://www.linkedin.com/jobs/view/4429567409/;Remote;Senior, Full Stack;16/06/2026;São Paulo;São Paulo;SP;Região Sudeste;Brasil;América do Sul
540;ilegra;Desenvolvedor (a) Fullstack Sênior (Java / React);Indaiatuba (SP);16/06 09:00;https://www.linkedin.com/jobs/view/4426371782/;https://media.licdn.com/dms/image/v2/D4D0BAQF2gxBc1d1YqA/company-logo_100_100/B4DZ0.1cP9JMAQ-/0/1774875690975/ilegra_logo?e=1782950400&v=beta&t=BluhYBN9neQtZe5h2zySss3y5bySp118N9ln2C5fMho;-;https://www.linkedin.com/company/ilegra/about/;-;frontend OR javascript OR typescript OR html OR css OR react OR angular OR vue OR next.js OR wordpress OR (full AND stack);ilegra;1.0;Inhire;https://www.linkedin.com/jobs/view/4426371782/;https://www.linkedin.com/jobs/view/4426371782/;Hybrid;Senior, Full Stack;16/06/2026;Indaiatuba;São Paulo;SP;Região Sudeste;Brasil;América do Sul
541;innolevels;Desenvolvedor Angular - SP;Grande São Paulo (SP) ;14/06 20:00;https://www.linkedin.com/jobs/view/4425711655/;https://media.licdn.com/dms/image/v2/C4D0BAQHTJl0dF22boA/company-logo_100_100/company-logo_100_100/0/1662223622824/innolevels_logo?e=1782950400&v=beta&t=T21-HDE60-DpyMDsUyx44LHotFWwdV-BHDDDoLn04oM;-;https://www.linkedin.com/company/innolevels/about/;-;frontend OR javascript OR typescript OR html OR css OR react OR angular OR vue OR next.js OR wordpress OR (full AND stack);innolevels;1.0;www.curriculum.com.br;https://www.linkedin.com/jobs/view/4425711655/;https://www.linkedin.com/jobs/view/4425711655/;Hybrid;-;16/06/2026;;São Paulo;SP;Região Sudeste;Brasil;América do Sul
542;innolevels;Desenvolvedor Front-end React e Salesforce Marketing Cloud  - SP;Grande São Paulo (SP) ;14/06 20:00;https://www.linkedin.com/jobs/view/4425705615/;https://media.licdn.com/dms/image/v2/C4D0BAQHTJl0dF22boA/company-logo_100_100/company-logo_100_100/0/1662223622824/innolevels_logo?e=1782950400&v=beta&t=T21-HDE60-DpyMDsUyx44LHotFWwdV-BHDDDoLn04oM;Specific > Cloud;https://www.linkedin.com/company/innolevels/about/;Marketing e Publicidade Marketing;frontend OR javascript OR typescript OR html OR css OR react OR angular OR vue OR next.js OR wordpress OR (full AND stack);innolevels;1.0;www.curriculum.com.br;https://www.linkedin.com/jobs/view/4425705615/;https://www.linkedin.com/jobs/view/4425705615/;Remote;Salesforce/CRM, Frontend, Marketing/Mídia, Vendas / Comercial;16/06/2026;;São Paulo;SP;Região Sudeste;Brasil;América do Sul
543;innolevels;Desenvolvedor Frontend Angular  - SP;Grande São Paulo (SP) ;14/06 20:00;https://www.linkedin.com/jobs/view/4425711770/;https://media.licdn.com/dms/image/v2/C4D0BAQHTJl0dF22boA/company-logo_100_100/company-logo_100_100/0/1662223622824/innolevels_logo?e=1782950400&v=beta&t=T21-HDE60-DpyMDsUyx44LHotFWwdV-BHDDDoLn04oM;-;https://www.linkedin.com/company/innolevels/about/;-;frontend OR javascript OR typescript OR html OR css OR react OR angular OR vue OR next.js OR wordpress OR (full AND stack);innolevels;1.0;www.curriculum.com.br;https://www.linkedin.com/jobs/view/4425711770/;https://www.linkedin.com/jobs/view/4425711770/;Remote;Frontend;16/06/2026;;São Paulo;SP;Região Sudeste;Brasil;América do Sul
544;innolevels;Desenvolvedor Fullstack IA (Python + Angular)   - SP;Grande São Paulo (SP) ;14/06 20:00;https://www.linkedin.com/jobs/view/4425392876/;https://media.licdn.com/dms/image/v2/C4D0BAQHTJl0dF22boA/company-logo_100_100/company-logo_100_100/0/1662223622824/innolevels_logo?e=1782950400&v=beta&t=T21-HDE60-DpyMDsUyx44LHotFWwdV-BHDDDoLn04oM;-;https://www.linkedin.com/company/innolevels/about/;Inteligência Artificial;frontend OR javascript OR typescript OR html OR css OR react OR angular OR vue OR next.js OR wordpress OR (full AND stack);innolevels;1.0;www.curriculum.com.br;https://www.linkedin.com/jobs/view/4425392876/;https://www.linkedin.com/jobs/view/4425392876/;Remote;Inteligência Artificial, Full Stack;16/06/2026;;São Paulo;SP;Região Sudeste;Brasil;América do Sul
545;innolevels;Desenvolvedor Fullstack Mobile Node.js e React Native  - SP;Grande São Paulo (SP) ;14/06 20:00;https://www.linkedin.com/jobs/view/4425700721/;https://media.licdn.com/dms/image/v2/C4D0BAQHTJl0dF22boA/company-logo_100_100/company-logo_100_100/0/1662223622824/innolevels_logo?e=1782950400&v=beta&t=T21-HDE60-DpyMDsUyx44LHotFWwdV-BHDDDoLn04oM;-;https://www.linkedin.com/company/innolevels/about/;Software e Serviços de TI;frontend OR javascript OR typescript OR html OR css OR react OR angular OR vue OR next.js OR wordpress OR (full AND stack);innolevels;1.0;www.curriculum.com.br;https://www.linkedin.com/jobs/view/4425700721/;https://www.linkedin.com/jobs/view/4425700721/;Remote;Full Stack;16/06/2026;;São Paulo;SP;Região Sudeste;Brasil;América do Sul
546;micro1;Full Stack Engineer;América Latina;12/06 20:00;https://www.linkedin.com/jobs/view/4427908937/;https://media.licdn.com/dms/image/v2/D560BAQFSp7eWinmffw/company-logo_100_100/B56Zk8u8FtHcAQ-/0/1757660562030/micro1_logo?e=1782950400&v=beta&t=YNyhmcm1IIOoai2mxG4bPqGJ0ol2g8Ea8IbbfNm_vEA;Advanced > Information Technology;https://www.linkedin.com/company/micro1/about/;-;frontend OR javascript OR typescript OR html OR css OR react OR angular OR vue OR next.js OR wordpress OR (full AND stack);micro1;1.0;jobs.micro1.ai;https://www.linkedin.com/jobs/view/4427908937/;https://www.linkedin.com/jobs/view/4427908937/;Remote;Full Stack, Engenharia Geral;16/06/2026;;;;;;América Latina
547;micro1;Senior Frontend Developer;América Latina;12/06 20:00;https://www.linkedin.com/jobs/view/4427993792/;https://media.licdn.com/dms/image/v2/D560BAQFSp7eWinmffw/company-logo_100_100/B56Zk8u8FtHcAQ-/0/1757660562030/micro1_logo?e=1782950400&v=beta&t=YNyhmcm1IIOoai2mxG4bPqGJ0ol2g8Ea8IbbfNm_vEA;Advanced > Information Technology;https://www.linkedin.com/company/micro1/about/;-;frontend OR javascript OR typescript OR html OR css OR react OR angular OR vue OR next.js OR wordpress OR (full AND stack);micro1;1.0;jobs.micro1.ai;https://www.linkedin.com/jobs/view/4427993792/;https://www.linkedin.com/jobs/view/4427993792/;Remote;Senior, Frontend;16/06/2026;;;;;;América Latina
548;micro1;Senior Full Stack Engineer;América Latina;12/06 20:00;https://www.linkedin.com/jobs/view/4427905923/;https://media.licdn.com/dms/image/v2/D560BAQFSp7eWinmffw/company-logo_100_100/B56Zk8u8FtHcAQ-/0/1757660562030/micro1_logo?e=1782950400&v=beta&t=YNyhmcm1IIOoai2mxG4bPqGJ0ol2g8Ea8IbbfNm_vEA;Advanced > Information Technology;https://www.linkedin.com/company/micro1/about/;-;frontend OR javascript OR typescript OR html OR css OR react OR angular OR vue OR next.js OR wordpress OR (full AND stack);micro1;1.0;jobs.micro1.ai;https://www.linkedin.com/jobs/view/4427905923/;https://www.linkedin.com/jobs/view/4427905923/;Remote;Senior, Full Stack, Engenharia Geral;16/06/2026;;;;;;América Latina
549;truData Solutions;Senior Software Developer (.Net & Angular);América Latina;15/06 20:00;https://www.linkedin.com/jobs/view/4427751604/;https://media.licdn.com/dms/image/v2/D560BAQEcdNylFpIcUw/company-logo_100_100/B56ZxtE08LKsAU-/0/1771356508307/trudata_logo?e=1782950400&v=beta&t=MBBK8EbdFcj0WdxV5iGSazoThAQoV-JoG9PlfQLGq84;Advanced > Information Technology;https://www.linkedin.com/company/trudata-solutions/about/;Dados e Analytics;frontend OR javascript OR typescript OR html OR css OR react OR angular OR vue OR next.js OR wordpress OR (full AND stack);trudata solutions;1.0;LinkedIn (Easy Apply);https://www.linkedin.com/jobs/view/4427751604/;https://www.linkedin.com/jobs/view/4427751604/;Remote;Senior, TI/Tech;16/06/2026;;;;;;América Latina
550;Ágape Gestão de Pessoas;Desenvolvedor Front-end React Nextjs - SP;Brasil;14/06 20:00;https://www.linkedin.com/jobs/view/4425399450/;missing logo;-;https://www.linkedin.com/company/gape-gest-o-de-pessoas/about/;-;frontend OR javascript OR typescript OR html OR css OR react OR angular OR vue OR next.js OR wordpress OR (full AND stack);ágape gestão de pessoas;1;;https://www.linkedin.com/jobs/view/4425399450/;https://www.linkedin.com/jobs/view/4425399450/;On-site;Frontend;16/06/2026;;;;;Brasil;América do Sul
551;ília;SR Desenvolvimento Full Stack (Java e React);Brasil;15/06 20:00;https://www.linkedin.com/jobs/view/4428840340/;https://media.licdn.com/dms/image/v2/D4D0BAQEcfwzf6s9pKQ/company-logo_100_100/company-logo_100_100/0/1738336067721/ilia_digital_logo?e=1782950400&v=beta&t=vkKahxwoX8NAJypn-Ny7Ev5Qm2AwpFYokkktpmuYKjQ;-;https://www.linkedin.com/company/lia/about/;Software e Serviços de TI;frontend OR javascript OR typescript OR html OR css OR react OR angular OR vue OR next.js OR wordpress OR (full AND stack);ília;1.0;LinkedIn (Easy Apply);https://www.linkedin.com/jobs/view/4428840340/;https://www.linkedin.com/jobs/view/4428840340/;Remote;Senior, Full Stack;16/06/2026;;;;;Brasil;América do Sul
