Id;Company;Job Title;Location;Published Date;Job Link;Logo;Category;Company Life URL;Industry;Query Parameters;Company_Match;Score;Platform;Job Link_Match;Destination URL;Work Mode;Tags;Capture Date;City;State;UF;Region;Country;Continent
1;4DF Connect;Desenvolvedor Dynamics 365 (Fiel Service);Brasil;01/10 15:00;https://www.linkedin.com/jobs/view/4474355837/;https://media.licdn.com/dms/image/v2/D4E0BAQHgznwIT2t3IA/company-logo_100_100/B4EZgUICjYGcAU-/0/1752684309117/4dfconnect_logo?e=1792627200&v=beta&t=GOqXo7TPQhlMm3ui-Gm9Lm0maX6i2fQRzTHrOgcJIJg;-;https://www.linkedin.com/company/4df-connect/about/;-;frontend OR javascript OR typescript OR html OR css OR react OR angular OR vue OR next.js OR wordpress OR full stack;4df connect;1;;https://www.linkedin.com/jobs/view/4474355837/;https://www.linkedin.com/jobs/view/4474355837/;Remote;-;02/10/2026;;;;;Brasil;América do Sul
2;4DF Connect;DESENVOLVEDOR PHP PL - PRESENCIAL EM FLORIANÓPOLIS-SC;Florianópolis (SC);01/10 15:00;https://www.linkedin.com/jobs/view/4474368388/;https://media.licdn.com/dms/image/v2/D4E0BAQHgznwIT2t3IA/company-logo_100_100/B4EZgUICjYGcAU-/0/1752684309117/4dfconnect_logo?e=1792627200&v=beta&t=GOqXo7TPQhlMm3ui-Gm9Lm0maX6i2fQRzTHrOgcJIJg;-;https://www.linkedin.com/company/4df-connect/about/;-;frontend OR javascript OR typescript OR html OR css OR react OR angular OR vue OR next.js OR wordpress OR full stack;4df connect;1;;https://www.linkedin.com/jobs/view/4474368388/;https://www.linkedin.com/jobs/view/4474368388/;On-site;Mid;02/10/2026;;Santa Catarina;SC;Região Sul;Brasil;América do Sul
3;7TEEN Games;Desenvolvedor Full Stack Sênior - Produtos & IA;Brasil;01/10 14:00;https://www.linkedin.com/jobs/view/4472626354/;https://media.licdn.com/dms/image/v2/C4D0BAQGXQxaCwPelVw/company-logo_100_100/company-logo_100_100/0/1655962311797/7teen_games_logo?e=1792627200&v=beta&t=hRkvk5s7ahHJ0FfXr4y2ITaFN72Eeq9qUHo9uUrPmpU;-;https://www.linkedin.com/company/7teen-games/about/;Inteligência Artificial;frontend OR javascript OR typescript OR html OR css OR react OR angular OR vue OR next.js OR wordpress OR full stack;7teen games;1;;https://www.linkedin.com/jobs/view/4472626354/;https://www.linkedin.com/jobs/view/4472626354/;Remote;Inteligência Artificial, Senior, Full Stack;02/10/2026;;;;;Brasil;América do Sul
4;APAS.AI;Full Stack Engineer;Brasil;01/10 14:00;https://www.linkedin.com/jobs/view/4473943602/;https://media.licdn.com/dms/image/v2/D4E0BAQHMmltMwnQJHA/company-logo_100_100/B4EZ_XyYe8HsAI-/0/1786031736974/apas_ai_logo?e=1792627200&v=beta&t=0Y-T7WjhhD3d3f-JCd5lOEqLfDJod-MIyW4VtZjBr3Q;Advanced > Information Technology;https://www.linkedin.com/company/apas-ai/about/;-;frontend OR javascript OR typescript OR html OR css OR react OR angular OR vue OR next.js OR wordpress OR full stack;apas.ai;1;;https://www.linkedin.com/jobs/view/4473943602/;https://www.linkedin.com/jobs/view/4473943602/;Remote;Full Stack, Engenharia Geral;02/10/2026;;;;;Brasil;América do Sul
5;Ademicon;Desenvolvedor Full Stack Pleno;Brasil;01/10 17:00;https://www.linkedin.com/jobs/view/4472975106/;https://media.licdn.com/dms/image/v2/D4D0BAQFzkwduSDyHCw/company-logo_100_100/B4DZ7M8Jo.J8AU-/0/1781554780949/ademicon_logo?e=1792627200&v=beta&t=EvYr8kgYjfWzsdNWhsLzLP1SAZySqPxqsiECUNPSmDw;-;https://www.linkedin.com/company/ademicon/about/;-;frontend OR javascript OR typescript OR html OR css OR react OR angular OR vue OR next.js OR wordpress OR full stack;ademicon;1;;https://www.linkedin.com/jobs/view/4472975106/;https://www.linkedin.com/jobs/view/4472975106/;Remote;Mid, Full Stack;02/10/2026;;;;;Brasil;América do Sul
6;AgileEngine;Mid-level Full Stack Engineer ID91779;Belo Horizonte (MG);02/10 04:00;https://www.linkedin.com/jobs/view/4473375015/;https://media.licdn.com/dms/image/v2/D4D0BAQEV7XPrwqjYLg/company-logo_100_100/company-logo_100_100/0/1693840967446/agileengine_logo?e=1792627200&v=beta&t=7liCrC1K-el4usLMxEKeCkVUSLT8XKDTlHv2b9GMv9s;Advanced > Information Technology;https://www.linkedin.com/company/agileengine/about/;-;frontend OR javascript OR typescript OR html OR css OR react OR angular OR vue OR next.js OR wordpress OR full stack;agileengine;1;;https://www.linkedin.com/jobs/view/4473375015/;https://www.linkedin.com/jobs/view/4473375015/;Remote;Mid, Full Stack, Engenharia Geral;02/10/2026;;Minas Gerais;MG;Região Sudeste;Brasil;América do Sul
7;AgileEngine;Mid-level Full Stack Engineer ID92628;Belo Horizonte (MG);02/10 08:00;https://www.linkedin.com/jobs/view/4473367240/;https://media.licdn.com/dms/image/v2/D4D0BAQEV7XPrwqjYLg/company-logo_100_100/company-logo_100_100/0/1693840967446/agileengine_logo?e=1792627200&v=beta&t=7liCrC1K-el4usLMxEKeCkVUSLT8XKDTlHv2b9GMv9s;Advanced > Information Technology;https://www.linkedin.com/company/agileengine/about/;-;frontend OR javascript OR typescript OR html OR css OR react OR angular OR vue OR next.js OR wordpress OR full stack;agileengine;1;;https://www.linkedin.com/jobs/view/4473367240/;https://www.linkedin.com/jobs/view/4473367240/;Remote;Mid, Full Stack, Engenharia Geral;02/10/2026;;Minas Gerais;MG;Região Sudeste;Brasil;América do Sul
8;AgileEngine;Senior Frontend Engineer ID91467;Belo Horizonte (MG);30/09 14:00;https://www.linkedin.com/jobs/view/4472334072/;https://media.licdn.com/dms/image/v2/D4D0BAQEV7XPrwqjYLg/company-logo_100_100/company-logo_100_100/0/1693840967446/agileengine_logo?e=1792627200&v=beta&t=7liCrC1K-el4usLMxEKeCkVUSLT8XKDTlHv2b9GMv9s;Advanced > Information Technology;https://www.linkedin.com/company/agileengine/about/;-;frontend OR javascript OR typescript OR html OR css OR react OR angular OR vue OR next.js OR wordpress OR full stack;agileengine;1;;https://www.linkedin.com/jobs/view/4472334072/;https://www.linkedin.com/jobs/view/4472334072/;Remote;Senior, Frontend, Engenharia Geral;02/10/2026;;Minas Gerais;MG;Região Sudeste;Brasil;América do Sul
9;AgileEngine;Senior Frontend Engineer ID91778;Belo Horizonte (MG);02/10 08:00;https://www.linkedin.com/jobs/view/4473366406/;https://media.licdn.com/dms/image/v2/D4D0BAQEV7XPrwqjYLg/company-logo_100_100/company-logo_100_100/0/1693840967446/agileengine_logo?e=1792627200&v=beta&t=7liCrC1K-el4usLMxEKeCkVUSLT8XKDTlHv2b9GMv9s;Advanced > Information Technology;https://www.linkedin.com/company/agileengine/about/;-;frontend OR javascript OR typescript OR html OR css OR react OR angular OR vue OR next.js OR wordpress OR full stack;agileengine;1;;https://www.linkedin.com/jobs/view/4473366406/;https://www.linkedin.com/jobs/view/4473366406/;Remote;Senior, Frontend, Engenharia Geral;02/10/2026;;Minas Gerais;MG;Região Sudeste;Brasil;América do Sul
10;AgileEngine;Senior Full Stack Engineer ID86905;Belo Horizonte (MG);01/10 14:00;https://www.linkedin.com/jobs/view/4472571453/;https://media.licdn.com/dms/image/v2/D4D0BAQEV7XPrwqjYLg/company-logo_100_100/company-logo_100_100/0/1693840967446/agileengine_logo?e=1792627200&v=beta&t=7liCrC1K-el4usLMxEKeCkVUSLT8XKDTlHv2b9GMv9s;Advanced > Information Technology;https://www.linkedin.com/company/agileengine/about/;-;frontend OR javascript OR typescript OR html OR css OR react OR angular OR vue OR next.js OR wordpress OR full stack;agileengine;1;;https://www.linkedin.com/jobs/view/4472571453/;https://www.linkedin.com/jobs/view/4472571453/;Remote;Senior, Full Stack, Engenharia Geral;02/10/2026;;Minas Gerais;MG;Região Sudeste;Brasil;América do Sul
11;AgileEngine;Senior Full Stack Engineer ID91466;Belo Horizonte (MG);02/10 04:00;https://www.linkedin.com/jobs/view/4473348727/;https://media.licdn.com/dms/image/v2/D4D0BAQEV7XPrwqjYLg/company-logo_100_100/company-logo_100_100/0/1693840967446/agileengine_logo?e=1792627200&v=beta&t=7liCrC1K-el4usLMxEKeCkVUSLT8XKDTlHv2b9GMv9s;Advanced > Information Technology;https://www.linkedin.com/company/agileengine/about/;-;frontend OR javascript OR typescript OR html OR css OR react OR angular OR vue OR next.js OR wordpress OR full stack;agileengine;1;;https://www.linkedin.com/jobs/view/4473348727/;https://www.linkedin.com/jobs/view/4473348727/;Remote;Senior, Full Stack, Engenharia Geral;02/10/2026;;Minas Gerais;MG;Região Sudeste;Brasil;América do Sul
12;AgileEngine;Mid-level Full Stack Engineer ID91779;Brasília (DF);02/10 04:00;https://www.linkedin.com/jobs/view/4473359669/;https://media.licdn.com/dms/image/v2/D4D0BAQEV7XPrwqjYLg/company-logo_100_100/company-logo_100_100/0/1693840967446/agileengine_logo?e=1792627200&v=beta&t=7liCrC1K-el4usLMxEKeCkVUSLT8XKDTlHv2b9GMv9s;Advanced > Information Technology;https://www.linkedin.com/company/agileengine/about/;-;frontend OR javascript OR typescript OR html OR css OR react OR angular OR vue OR next.js OR wordpress OR full stack;agileengine;1;;https://www.linkedin.com/jobs/view/4473359669/;https://www.linkedin.com/jobs/view/4473359669/;Remote;Mid, Full Stack, Engenharia Geral;02/10/2026;;Distrito Federal;DF;Região Centro-Oeste;Brasil;América do Sul
13;AgileEngine;Mid-level Full Stack Engineer ID92628;Brasília (DF);02/10 04:00;https://www.linkedin.com/jobs/view/4473364400/;https://media.licdn.com/dms/image/v2/D4D0BAQEV7XPrwqjYLg/company-logo_100_100/company-logo_100_100/0/1693840967446/agileengine_logo?e=1792627200&v=beta&t=7liCrC1K-el4usLMxEKeCkVUSLT8XKDTlHv2b9GMv9s;Advanced > Information Technology;https://www.linkedin.com/company/agileengine/about/;-;frontend OR javascript OR typescript OR html OR css OR react OR angular OR vue OR next.js OR wordpress OR full stack;agileengine;1;;https://www.linkedin.com/jobs/view/4473364400/;https://www.linkedin.com/jobs/view/4473364400/;Remote;Mid, Full Stack, Engenharia Geral;02/10/2026;;Distrito Federal;DF;Região Centro-Oeste;Brasil;América do Sul
14;AgileEngine;Senior Frontend Engineer ID91467;Brasília (DF);30/09 14:00;https://www.linkedin.com/jobs/view/4472329196/;https://media.licdn.com/dms/image/v2/D4D0BAQEV7XPrwqjYLg/company-logo_100_100/company-logo_100_100/0/1693840967446/agileengine_logo?e=1792627200&v=beta&t=7liCrC1K-el4usLMxEKeCkVUSLT8XKDTlHv2b9GMv9s;Advanced > Information Technology;https://www.linkedin.com/company/agileengine/about/;-;frontend OR javascript OR typescript OR html OR css OR react OR angular OR vue OR next.js OR wordpress OR full stack;agileengine;1;;https://www.linkedin.com/jobs/view/4472329196/;https://www.linkedin.com/jobs/view/4472329196/;Remote;Senior, Frontend, Engenharia Geral;02/10/2026;;Distrito Federal;DF;Região Centro-Oeste;Brasil;América do Sul
15;AgileEngine;Senior Frontend Engineer ID91778;Brasília (DF);02/10 08:00;https://www.linkedin.com/jobs/view/4473367338/;https://media.licdn.com/dms/image/v2/D4D0BAQEV7XPrwqjYLg/company-logo_100_100/company-logo_100_100/0/1693840967446/agileengine_logo?e=1792627200&v=beta&t=7liCrC1K-el4usLMxEKeCkVUSLT8XKDTlHv2b9GMv9s;Advanced > Information Technology;https://www.linkedin.com/company/agileengine/about/;-;frontend OR javascript OR typescript OR html OR css OR react OR angular OR vue OR next.js OR wordpress OR full stack;agileengine;1;;https://www.linkedin.com/jobs/view/4473367338/;https://www.linkedin.com/jobs/view/4473367338/;Remote;Senior, Frontend, Engenharia Geral;02/10/2026;;Distrito Federal;DF;Região Centro-Oeste;Brasil;América do Sul
16;AgileEngine;Senior Full Stack Engineer ID86905;Brasília (DF);01/10 14:00;https://www.linkedin.com/jobs/view/4472570464/;https://media.licdn.com/dms/image/v2/D4D0BAQEV7XPrwqjYLg/company-logo_100_100/company-logo_100_100/0/1693840967446/agileengine_logo?e=1792627200&v=beta&t=7liCrC1K-el4usLMxEKeCkVUSLT8XKDTlHv2b9GMv9s;Advanced > Information Technology;https://www.linkedin.com/company/agileengine/about/;-;frontend OR javascript OR typescript OR html OR css OR react OR angular OR vue OR next.js OR wordpress OR full stack;agileengine;1;;https://www.linkedin.com/jobs/view/4472570464/;https://www.linkedin.com/jobs/view/4472570464/;Remote;Senior, Full Stack, Engenharia Geral;02/10/2026;;Distrito Federal;DF;Região Centro-Oeste;Brasil;América do Sul
17;AgileEngine;Senior Full Stack Engineer ID91466;Brasília (DF);02/10 04:00;https://www.linkedin.com/jobs/view/4473344979/;https://media.licdn.com/dms/image/v2/D4D0BAQEV7XPrwqjYLg/company-logo_100_100/company-logo_100_100/0/1693840967446/agileengine_logo?e=1792627200&v=beta&t=7liCrC1K-el4usLMxEKeCkVUSLT8XKDTlHv2b9GMv9s;Advanced > Information Technology;https://www.linkedin.com/company/agileengine/about/;-;frontend OR javascript OR typescript OR html OR css OR react OR angular OR vue OR next.js OR wordpress OR full stack;agileengine;1;;https://www.linkedin.com/jobs/view/4473344979/;https://www.linkedin.com/jobs/view/4473344979/;Remote;Senior, Full Stack, Engenharia Geral;02/10/2026;;Distrito Federal;DF;Região Centro-Oeste;Brasil;América do Sul
18;AgileEngine;Mid-level Full Stack Engineer ID91779;Campinas (SP);02/10 04:00;https://www.linkedin.com/jobs/view/4473358683/;https://media.licdn.com/dms/image/v2/D4D0BAQEV7XPrwqjYLg/company-logo_100_100/company-logo_100_100/0/1693840967446/agileengine_logo?e=1792627200&v=beta&t=7liCrC1K-el4usLMxEKeCkVUSLT8XKDTlHv2b9GMv9s;Advanced > Information Technology;https://www.linkedin.com/company/agileengine/about/;-;frontend OR javascript OR typescript OR html OR css OR react OR angular OR vue OR next.js OR wordpress OR full stack;agileengine;1;;https://www.linkedin.com/jobs/view/4473358683/;https://www.linkedin.com/jobs/view/4473358683/;Remote;Mid, Full Stack, Engenharia Geral;02/10/2026;;São Paulo;SP;Região Sudeste;Brasil;América do Sul
19;AgileEngine;Mid-level Full Stack Engineer ID92628;Campinas (SP);02/10 08:00;https://www.linkedin.com/jobs/view/4473366256/;https://media.licdn.com/dms/image/v2/D4D0BAQEV7XPrwqjYLg/company-logo_100_100/company-logo_100_100/0/1693840967446/agileengine_logo?e=1792627200&v=beta&t=7liCrC1K-el4usLMxEKeCkVUSLT8XKDTlHv2b9GMv9s;Advanced > Information Technology;https://www.linkedin.com/company/agileengine/about/;-;frontend OR javascript OR typescript OR html OR css OR react OR angular OR vue OR next.js OR wordpress OR full stack;agileengine;1;;https://www.linkedin.com/jobs/view/4473366256/;https://www.linkedin.com/jobs/view/4473366256/;Remote;Mid, Full Stack, Engenharia Geral;02/10/2026;;São Paulo;SP;Região Sudeste;Brasil;América do Sul
20;AgileEngine;Senior Frontend Engineer ID91467;Campinas (SP);30/09 14:00;https://www.linkedin.com/jobs/view/4472334081/;https://media.licdn.com/dms/image/v2/D4D0BAQEV7XPrwqjYLg/company-logo_100_100/company-logo_100_100/0/1693840967446/agileengine_logo?e=1792627200&v=beta&t=7liCrC1K-el4usLMxEKeCkVUSLT8XKDTlHv2b9GMv9s;Advanced > Information Technology;https://www.linkedin.com/company/agileengine/about/;-;frontend OR javascript OR typescript OR html OR css OR react OR angular OR vue OR next.js OR wordpress OR full stack;agileengine;1;;https://www.linkedin.com/jobs/view/4472334081/;https://www.linkedin.com/jobs/view/4472334081/;Remote;Senior, Frontend, Engenharia Geral;02/10/2026;;São Paulo;SP;Região Sudeste;Brasil;América do Sul
21;AgileEngine;Senior Frontend Engineer ID91778;Campinas (SP);02/10 04:00;https://www.linkedin.com/jobs/view/4473360600/;https://media.licdn.com/dms/image/v2/D4D0BAQEV7XPrwqjYLg/company-logo_100_100/company-logo_100_100/0/1693840967446/agileengine_logo?e=1792627200&v=beta&t=7liCrC1K-el4usLMxEKeCkVUSLT8XKDTlHv2b9GMv9s;Advanced > Information Technology;https://www.linkedin.com/company/agileengine/about/;-;frontend OR javascript OR typescript OR html OR css OR react OR angular OR vue OR next.js OR wordpress OR full stack;agileengine;1;;https://www.linkedin.com/jobs/view/4473360600/;https://www.linkedin.com/jobs/view/4473360600/;Remote;Senior, Frontend, Engenharia Geral;02/10/2026;;São Paulo;SP;Região Sudeste;Brasil;América do Sul
22;AgileEngine;Senior Full Stack Engineer ID86905;Campinas (SP);01/10 14:00;https://www.linkedin.com/jobs/view/4472569483/;https://media.licdn.com/dms/image/v2/D4D0BAQEV7XPrwqjYLg/company-logo_100_100/company-logo_100_100/0/1693840967446/agileengine_logo?e=1792627200&v=beta&t=7liCrC1K-el4usLMxEKeCkVUSLT8XKDTlHv2b9GMv9s;Advanced > Information Technology;https://www.linkedin.com/company/agileengine/about/;-;frontend OR javascript OR typescript OR html OR css OR react OR angular OR vue OR next.js OR wordpress OR full stack;agileengine;1;;https://www.linkedin.com/jobs/view/4472569483/;https://www.linkedin.com/jobs/view/4472569483/;Remote;Senior, Full Stack, Engenharia Geral;02/10/2026;;São Paulo;SP;Região Sudeste;Brasil;América do Sul
23;AgileEngine;Senior Full Stack Engineer ID91466;Campinas (SP);02/10 04:00;https://www.linkedin.com/jobs/view/4473358428/;https://media.licdn.com/dms/image/v2/D4D0BAQEV7XPrwqjYLg/company-logo_100_100/company-logo_100_100/0/1693840967446/agileengine_logo?e=1792627200&v=beta&t=7liCrC1K-el4usLMxEKeCkVUSLT8XKDTlHv2b9GMv9s;Advanced > Information Technology;https://www.linkedin.com/company/agileengine/about/;-;frontend OR javascript OR typescript OR html OR css OR react OR angular OR vue OR next.js OR wordpress OR full stack;agileengine;1;;https://www.linkedin.com/jobs/view/4473358428/;https://www.linkedin.com/jobs/view/4473358428/;Remote;Senior, Full Stack, Engenharia Geral;02/10/2026;;São Paulo;SP;Região Sudeste;Brasil;América do Sul
24;AgileEngine;Mid-level Full Stack Engineer ID91779;Curitiba (PR);02/10 04:00;https://www.linkedin.com/jobs/view/4473363443/;https://media.licdn.com/dms/image/v2/D4D0BAQEV7XPrwqjYLg/company-logo_100_100/company-logo_100_100/0/1693840967446/agileengine_logo?e=1792627200&v=beta&t=7liCrC1K-el4usLMxEKeCkVUSLT8XKDTlHv2b9GMv9s;Advanced > Information Technology;https://www.linkedin.com/company/agileengine/about/;-;frontend OR javascript OR typescript OR html OR css OR react OR angular OR vue OR next.js OR wordpress OR full stack;agileengine;1;;https://www.linkedin.com/jobs/view/4473363443/;https://www.linkedin.com/jobs/view/4473363443/;Remote;Mid, Full Stack, Engenharia Geral;02/10/2026;;Paraná;PR;Região Sul;Brasil;América do Sul
25;AgileEngine;Mid-level Full Stack Engineer ID92628;Curitiba (PR);02/10 04:00;https://www.linkedin.com/jobs/view/4473364437/;https://media.licdn.com/dms/image/v2/D4D0BAQEV7XPrwqjYLg/company-logo_100_100/company-logo_100_100/0/1693840967446/agileengine_logo?e=1792627200&v=beta&t=7liCrC1K-el4usLMxEKeCkVUSLT8XKDTlHv2b9GMv9s;Advanced > Information Technology;https://www.linkedin.com/company/agileengine/about/;-;frontend OR javascript OR typescript OR html OR css OR react OR angular OR vue OR next.js OR wordpress OR full stack;agileengine;1;;https://www.linkedin.com/jobs/view/4473364437/;https://www.linkedin.com/jobs/view/4473364437/;Remote;Mid, Full Stack, Engenharia Geral;02/10/2026;;Paraná;PR;Região Sul;Brasil;América do Sul
26;AgileEngine;Senior Frontend Engineer ID91467;Curitiba (PR);30/09 14:00;https://www.linkedin.com/jobs/view/4472320555/;https://media.licdn.com/dms/image/v2/D4D0BAQEV7XPrwqjYLg/company-logo_100_100/company-logo_100_100/0/1693840967446/agileengine_logo?e=1792627200&v=beta&t=7liCrC1K-el4usLMxEKeCkVUSLT8XKDTlHv2b9GMv9s;Advanced > Information Technology;https://www.linkedin.com/company/agileengine/about/;-;frontend OR javascript OR typescript OR html OR css OR react OR angular OR vue OR next.js OR wordpress OR full stack;agileengine;1;;https://www.linkedin.com/jobs/view/4472320555/;https://www.linkedin.com/jobs/view/4472320555/;Remote;Senior, Frontend, Engenharia Geral;02/10/2026;;Paraná;PR;Região Sul;Brasil;América do Sul
27;AgileEngine;Senior Frontend Engineer ID91778;Curitiba (PR);02/10 08:00;https://www.linkedin.com/jobs/view/4473365368/;https://media.licdn.com/dms/image/v2/D4D0BAQEV7XPrwqjYLg/company-logo_100_100/company-logo_100_100/0/1693840967446/agileengine_logo?e=1792627200&v=beta&t=7liCrC1K-el4usLMxEKeCkVUSLT8XKDTlHv2b9GMv9s;Advanced > Information Technology;https://www.linkedin.com/company/agileengine/about/;-;frontend OR javascript OR typescript OR html OR css OR react OR angular OR vue OR next.js OR wordpress OR full stack;agileengine;1;;https://www.linkedin.com/jobs/view/4473365368/;https://www.linkedin.com/jobs/view/4473365368/;Remote;Senior, Frontend, Engenharia Geral;02/10/2026;;Paraná;PR;Região Sul;Brasil;América do Sul
28;AgileEngine;Senior Full Stack Engineer ID86905;Curitiba (PR);01/10 14:00;https://www.linkedin.com/jobs/view/4472568545/;https://media.licdn.com/dms/image/v2/D4D0BAQEV7XPrwqjYLg/company-logo_100_100/company-logo_100_100/0/1693840967446/agileengine_logo?e=1792627200&v=beta&t=7liCrC1K-el4usLMxEKeCkVUSLT8XKDTlHv2b9GMv9s;Advanced > Information Technology;https://www.linkedin.com/company/agileengine/about/;-;frontend OR javascript OR typescript OR html OR css OR react OR angular OR vue OR next.js OR wordpress OR full stack;agileengine;1;;https://www.linkedin.com/jobs/view/4472568545/;https://www.linkedin.com/jobs/view/4472568545/;Remote;Senior, Full Stack, Engenharia Geral;02/10/2026;;Paraná;PR;Região Sul;Brasil;América do Sul
29;AgileEngine;Senior Full Stack Engineer ID91466;Curitiba (PR);02/10 04:00;https://www.linkedin.com/jobs/view/4473344975/;https://media.licdn.com/dms/image/v2/D4D0BAQEV7XPrwqjYLg/company-logo_100_100/company-logo_100_100/0/1693840967446/agileengine_logo?e=1792627200&v=beta&t=7liCrC1K-el4usLMxEKeCkVUSLT8XKDTlHv2b9GMv9s;Advanced > Information Technology;https://www.linkedin.com/company/agileengine/about/;-;frontend OR javascript OR typescript OR html OR css OR react OR angular OR vue OR next.js OR wordpress OR full stack;agileengine;1;;https://www.linkedin.com/jobs/view/4473344975/;https://www.linkedin.com/jobs/view/4473344975/;Remote;Senior, Full Stack, Engenharia Geral;02/10/2026;;Paraná;PR;Região Sul;Brasil;América do Sul
30;AgileEngine;Mid-level Full Stack Engineer ID91779;Florianópolis (SC);02/10 04:00;https://www.linkedin.com/jobs/view/4473372102/;https://media.licdn.com/dms/image/v2/D4D0BAQEV7XPrwqjYLg/company-logo_100_100/company-logo_100_100/0/1693840967446/agileengine_logo?e=1792627200&v=beta&t=7liCrC1K-el4usLMxEKeCkVUSLT8XKDTlHv2b9GMv9s;Advanced > Information Technology;https://www.linkedin.com/company/agileengine/about/;-;frontend OR javascript OR typescript OR html OR css OR react OR angular OR vue OR next.js OR wordpress OR full stack;agileengine;1;;https://www.linkedin.com/jobs/view/4473372102/;https://www.linkedin.com/jobs/view/4473372102/;Remote;Mid, Full Stack, Engenharia Geral;02/10/2026;;Santa Catarina;SC;Região Sul;Brasil;América do Sul
31;AgileEngine;Mid-level Full Stack Engineer ID92628;Florianópolis (SC);02/10 08:00;https://www.linkedin.com/jobs/view/4473372032/;https://media.licdn.com/dms/image/v2/D4D0BAQEV7XPrwqjYLg/company-logo_100_100/company-logo_100_100/0/1693840967446/agileengine_logo?e=1792627200&v=beta&t=7liCrC1K-el4usLMxEKeCkVUSLT8XKDTlHv2b9GMv9s;Advanced > Information Technology;https://www.linkedin.com/company/agileengine/about/;-;frontend OR javascript OR typescript OR html OR css OR react OR angular OR vue OR next.js OR wordpress OR full stack;agileengine;1;;https://www.linkedin.com/jobs/view/4473372032/;https://www.linkedin.com/jobs/view/4473372032/;Remote;Mid, Full Stack, Engenharia Geral;02/10/2026;;Santa Catarina;SC;Região Sul;Brasil;América do Sul
32;AgileEngine;Senior Frontend Engineer ID91467;Florianópolis (SC);30/09 14:00;https://www.linkedin.com/jobs/view/4472333084/;https://media.licdn.com/dms/image/v2/D4D0BAQEV7XPrwqjYLg/company-logo_100_100/company-logo_100_100/0/1693840967446/agileengine_logo?e=1792627200&v=beta&t=7liCrC1K-el4usLMxEKeCkVUSLT8XKDTlHv2b9GMv9s;Advanced > Information Technology;https://www.linkedin.com/company/agileengine/about/;-;frontend OR javascript OR typescript OR html OR css OR react OR angular OR vue OR next.js OR wordpress OR full stack;agileengine;1;;https://www.linkedin.com/jobs/view/4472333084/;https://www.linkedin.com/jobs/view/4472333084/;Remote;Senior, Frontend, Engenharia Geral;02/10/2026;;Santa Catarina;SC;Região Sul;Brasil;América do Sul
33;AgileEngine;Senior Full Stack Engineer ID86905;Florianópolis (SC);01/10 14:00;https://www.linkedin.com/jobs/view/4472560741/;https://media.licdn.com/dms/image/v2/D4D0BAQEV7XPrwqjYLg/company-logo_100_100/company-logo_100_100/0/1693840967446/agileengine_logo?e=1792627200&v=beta&t=7liCrC1K-el4usLMxEKeCkVUSLT8XKDTlHv2b9GMv9s;Advanced > Information Technology;https://www.linkedin.com/company/agileengine/about/;-;frontend OR javascript OR typescript OR html OR css OR react OR angular OR vue OR next.js OR wordpress OR full stack;agileengine;1;;https://www.linkedin.com/jobs/view/4472560741/;https://www.linkedin.com/jobs/view/4472560741/;Remote;Senior, Full Stack, Engenharia Geral;02/10/2026;;Santa Catarina;SC;Região Sul;Brasil;América do Sul
34;AgileEngine;Senior Full Stack Engineer ID91466;Florianópolis (SC);02/10 04:00;https://www.linkedin.com/jobs/view/4473362196/;https://media.licdn.com/dms/image/v2/D4D0BAQEV7XPrwqjYLg/company-logo_100_100/company-logo_100_100/0/1693840967446/agileengine_logo?e=1792627200&v=beta&t=7liCrC1K-el4usLMxEKeCkVUSLT8XKDTlHv2b9GMv9s;Advanced > Information Technology;https://www.linkedin.com/company/agileengine/about/;-;frontend OR javascript OR typescript OR html OR css OR react OR angular OR vue OR next.js OR wordpress OR full stack;agileengine;1;;https://www.linkedin.com/jobs/view/4473362196/;https://www.linkedin.com/jobs/view/4473362196/;Remote;Senior, Full Stack, Engenharia Geral;02/10/2026;;Santa Catarina;SC;Região Sul;Brasil;América do Sul
35;AgileEngine;Mid-level Full Stack Engineer ID91779;Grande Rio de Janeiro (RJ);02/10 04:00;https://www.linkedin.com/jobs/view/4473351984/;https://media.licdn.com/dms/image/v2/D4D0BAQEV7XPrwqjYLg/company-logo_100_100/company-logo_100_100/0/1693840967446/agileengine_logo?e=1792627200&v=beta&t=7liCrC1K-el4usLMxEKeCkVUSLT8XKDTlHv2b9GMv9s;Advanced > Information Technology;https://www.linkedin.com/company/agileengine/about/;-;frontend OR javascript OR typescript OR html OR css OR react OR angular OR vue OR next.js OR wordpress OR full stack;agileengine;1;;https://www.linkedin.com/jobs/view/4473351984/;https://www.linkedin.com/jobs/view/4473351984/;Remote;Mid, Full Stack, Engenharia Geral;02/10/2026;;Rio de Janeiro;RJ;Região Sudeste;Brasil;América do Sul
36;AgileEngine;Mid-level Full Stack Engineer ID92628;Grande Rio de Janeiro (RJ);02/10 08:00;https://www.linkedin.com/jobs/view/4473371049/;https://media.licdn.com/dms/image/v2/D4D0BAQEV7XPrwqjYLg/company-logo_100_100/company-logo_100_100/0/1693840967446/agileengine_logo?e=1792627200&v=beta&t=7liCrC1K-el4usLMxEKeCkVUSLT8XKDTlHv2b9GMv9s;Advanced > Information Technology;https://www.linkedin.com/company/agileengine/about/;-;frontend OR javascript OR typescript OR html OR css OR react OR angular OR vue OR next.js OR wordpress OR full stack;agileengine;1;;https://www.linkedin.com/jobs/view/4473371049/;https://www.linkedin.com/jobs/view/4473371049/;Remote;Mid, Full Stack, Engenharia Geral;02/10/2026;;Rio de Janeiro;RJ;Região Sudeste;Brasil;América do Sul
37;AgileEngine;Senior Frontend Engineer ID91467;Grande Rio de Janeiro (RJ);30/09 14:00;https://www.linkedin.com/jobs/view/4472325462/;https://media.licdn.com/dms/image/v2/D4D0BAQEV7XPrwqjYLg/company-logo_100_100/company-logo_100_100/0/1693840967446/agileengine_logo?e=1792627200&v=beta&t=7liCrC1K-el4usLMxEKeCkVUSLT8XKDTlHv2b9GMv9s;Advanced > Information Technology;https://www.linkedin.com/company/agileengine/about/;-;frontend OR javascript OR typescript OR html OR css OR react OR angular OR vue OR next.js OR wordpress OR full stack;agileengine;1;;https://www.linkedin.com/jobs/view/4472325462/;https://www.linkedin.com/jobs/view/4472325462/;Remote;Senior, Frontend, Engenharia Geral;02/10/2026;;Rio de Janeiro;RJ;Região Sudeste;Brasil;América do Sul
38;AgileEngine;Senior Full Stack Engineer ID86905;Grande Rio de Janeiro (RJ);01/10 14:00;https://www.linkedin.com/jobs/view/4472579096/;https://media.licdn.com/dms/image/v2/D4D0BAQEV7XPrwqjYLg/company-logo_100_100/company-logo_100_100/0/1693840967446/agileengine_logo?e=1792627200&v=beta&t=7liCrC1K-el4usLMxEKeCkVUSLT8XKDTlHv2b9GMv9s;Advanced > Information Technology;https://www.linkedin.com/company/agileengine/about/;-;frontend OR javascript OR typescript OR html OR css OR react OR angular OR vue OR next.js OR wordpress OR full stack;agileengine;1;;https://www.linkedin.com/jobs/view/4472579096/;https://www.linkedin.com/jobs/view/4472579096/;Remote;Senior, Full Stack, Engenharia Geral;02/10/2026;;Rio de Janeiro;RJ;Região Sudeste;Brasil;América do Sul
39;AgileEngine;Senior Full Stack Engineer ID91466;Grande Rio de Janeiro (RJ);02/10 04:00;https://www.linkedin.com/jobs/view/4473365060/;https://media.licdn.com/dms/image/v2/D4D0BAQEV7XPrwqjYLg/company-logo_100_100/company-logo_100_100/0/1693840967446/agileengine_logo?e=1792627200&v=beta&t=7liCrC1K-el4usLMxEKeCkVUSLT8XKDTlHv2b9GMv9s;Advanced > Information Technology;https://www.linkedin.com/company/agileengine/about/;-;frontend OR javascript OR typescript OR html OR css OR react OR angular OR vue OR next.js OR wordpress OR full stack;agileengine;1;;https://www.linkedin.com/jobs/view/4473365060/;https://www.linkedin.com/jobs/view/4473365060/;Remote;Senior, Full Stack, Engenharia Geral;02/10/2026;;Rio de Janeiro;RJ;Região Sudeste;Brasil;América do Sul
40;AgileEngine;Mid-level Full Stack Engineer ID91779;Porto Alegre (RS);02/10 04:00;https://www.linkedin.com/jobs/view/4473363448/;https://media.licdn.com/dms/image/v2/D4D0BAQEV7XPrwqjYLg/company-logo_100_100/company-logo_100_100/0/1693840967446/agileengine_logo?e=1792627200&v=beta&t=7liCrC1K-el4usLMxEKeCkVUSLT8XKDTlHv2b9GMv9s;Advanced > Information Technology;https://www.linkedin.com/company/agileengine/about/;-;frontend OR javascript OR typescript OR html OR css OR react OR angular OR vue OR next.js OR wordpress OR full stack;agileengine;1;;https://www.linkedin.com/jobs/view/4473363448/;https://www.linkedin.com/jobs/view/4473363448/;Remote;Mid, Full Stack, Engenharia Geral;02/10/2026;Porto Alegre;Rio Grande do Sul;RS;Região Sul;Brasil;América do Sul
41;AgileEngine;Mid-level Full Stack Engineer ID92628;Porto Alegre (RS);02/10 04:00;https://www.linkedin.com/jobs/view/4473364410/;https://media.licdn.com/dms/image/v2/D4D0BAQEV7XPrwqjYLg/company-logo_100_100/company-logo_100_100/0/1693840967446/agileengine_logo?e=1792627200&v=beta&t=7liCrC1K-el4usLMxEKeCkVUSLT8XKDTlHv2b9GMv9s;Advanced > Information Technology;https://www.linkedin.com/company/agileengine/about/;-;frontend OR javascript OR typescript OR html OR css OR react OR angular OR vue OR next.js OR wordpress OR full stack;agileengine;1;;https://www.linkedin.com/jobs/view/4473364410/;https://www.linkedin.com/jobs/view/4473364410/;Remote;Mid, Full Stack, Engenharia Geral;02/10/2026;Porto Alegre;Rio Grande do Sul;RS;Região Sul;Brasil;América do Sul
42;AgileEngine;Senior Frontend Engineer ID91467;Porto Alegre (RS);30/09 14:00;https://www.linkedin.com/jobs/view/4472333087/;https://media.licdn.com/dms/image/v2/D4D0BAQEV7XPrwqjYLg/company-logo_100_100/company-logo_100_100/0/1693840967446/agileengine_logo?e=1792627200&v=beta&t=7liCrC1K-el4usLMxEKeCkVUSLT8XKDTlHv2b9GMv9s;Advanced > Information Technology;https://www.linkedin.com/company/agileengine/about/;-;frontend OR javascript OR typescript OR html OR css OR react OR angular OR vue OR next.js OR wordpress OR full stack;agileengine;1;;https://www.linkedin.com/jobs/view/4472333087/;https://www.linkedin.com/jobs/view/4472333087/;Remote;Senior, Frontend, Engenharia Geral;02/10/2026;Porto Alegre;Rio Grande do Sul;RS;Região Sul;Brasil;América do Sul
43;AgileEngine;Senior Full Stack Engineer ID86905;Porto Alegre (RS);01/10 14:00;https://www.linkedin.com/jobs/view/4472566567/;https://media.licdn.com/dms/image/v2/D4D0BAQEV7XPrwqjYLg/company-logo_100_100/company-logo_100_100/0/1693840967446/agileengine_logo?e=1792627200&v=beta&t=7liCrC1K-el4usLMxEKeCkVUSLT8XKDTlHv2b9GMv9s;Advanced > Information Technology;https://www.linkedin.com/company/agileengine/about/;-;frontend OR javascript OR typescript OR html OR css OR react OR angular OR vue OR next.js OR wordpress OR full stack;agileengine;1;;https://www.linkedin.com/jobs/view/4472566567/;https://www.linkedin.com/jobs/view/4472566567/;Remote;Senior, Full Stack, Engenharia Geral;02/10/2026;Porto Alegre;Rio Grande do Sul;RS;Região Sul;Brasil;América do Sul
44;AgileEngine;Senior Full Stack Engineer ID91466;Porto Alegre (RS);02/10 04:00;https://www.linkedin.com/jobs/view/4473360257/;https://media.licdn.com/dms/image/v2/D4D0BAQEV7XPrwqjYLg/company-logo_100_100/company-logo_100_100/0/1693840967446/agileengine_logo?e=1792627200&v=beta&t=7liCrC1K-el4usLMxEKeCkVUSLT8XKDTlHv2b9GMv9s;Advanced > Information Technology;https://www.linkedin.com/company/agileengine/about/;-;frontend OR javascript OR typescript OR html OR css OR react OR angular OR vue OR next.js OR wordpress OR full stack;agileengine;1;;https://www.linkedin.com/jobs/view/4473360257/;https://www.linkedin.com/jobs/view/4473360257/;Remote;Senior, Full Stack, Engenharia Geral;02/10/2026;Porto Alegre;Rio Grande do Sul;RS;Região Sul;Brasil;América do Sul
45;AgileEngine;Mid-level Full Stack Engineer ID91779;Recife (PE);02/10 08:00;https://www.linkedin.com/jobs/view/4473370171/;https://media.licdn.com/dms/image/v2/D4D0BAQEV7XPrwqjYLg/company-logo_100_100/company-logo_100_100/0/1693840967446/agileengine_logo?e=1792627200&v=beta&t=7liCrC1K-el4usLMxEKeCkVUSLT8XKDTlHv2b9GMv9s;Advanced > Information Technology;https://www.linkedin.com/company/agileengine/about/;-;frontend OR javascript OR typescript OR html OR css OR react OR angular OR vue OR next.js OR wordpress OR full stack;agileengine;1;;https://www.linkedin.com/jobs/view/4473370171/;https://www.linkedin.com/jobs/view/4473370171/;Remote;Mid, Full Stack, Engenharia Geral;02/10/2026;;Pernambuco;PE;Região Nordeste;Brasil;América do Sul
46;AgileEngine;Mid-level Full Stack Engineer ID92628;Recife (PE);02/10 08:00;https://www.linkedin.com/jobs/view/4473365295/;https://media.licdn.com/dms/image/v2/D4D0BAQEV7XPrwqjYLg/company-logo_100_100/company-logo_100_100/0/1693840967446/agileengine_logo?e=1792627200&v=beta&t=7liCrC1K-el4usLMxEKeCkVUSLT8XKDTlHv2b9GMv9s;Advanced > Information Technology;https://www.linkedin.com/company/agileengine/about/;-;frontend OR javascript OR typescript OR html OR css OR react OR angular OR vue OR next.js OR wordpress OR full stack;agileengine;1;;https://www.linkedin.com/jobs/view/4473365295/;https://www.linkedin.com/jobs/view/4473365295/;Remote;Mid, Full Stack, Engenharia Geral;02/10/2026;;Pernambuco;PE;Região Nordeste;Brasil;América do Sul
47;AgileEngine;Senior Frontend Engineer ID91467;Recife (PE);30/09 14:00;https://www.linkedin.com/jobs/view/4472320553/;https://media.licdn.com/dms/image/v2/D4D0BAQEV7XPrwqjYLg/company-logo_100_100/company-logo_100_100/0/1693840967446/agileengine_logo?e=1792627200&v=beta&t=7liCrC1K-el4usLMxEKeCkVUSLT8XKDTlHv2b9GMv9s;Advanced > Information Technology;https://www.linkedin.com/company/agileengine/about/;-;frontend OR javascript OR typescript OR html OR css OR react OR angular OR vue OR next.js OR wordpress OR full stack;agileengine;1;;https://www.linkedin.com/jobs/view/4472320553/;https://www.linkedin.com/jobs/view/4472320553/;Remote;Senior, Frontend, Engenharia Geral;02/10/2026;;Pernambuco;PE;Região Nordeste;Brasil;América do Sul
48;AgileEngine;Senior Frontend Engineer ID91778;Recife (PE);02/10 04:00;https://www.linkedin.com/jobs/view/4473374083/;https://media.licdn.com/dms/image/v2/D4D0BAQEV7XPrwqjYLg/company-logo_100_100/company-logo_100_100/0/1693840967446/agileengine_logo?e=1792627200&v=beta&t=7liCrC1K-el4usLMxEKeCkVUSLT8XKDTlHv2b9GMv9s;Advanced > Information Technology;https://www.linkedin.com/company/agileengine/about/;-;frontend OR javascript OR typescript OR html OR css OR react OR angular OR vue OR next.js OR wordpress OR full stack;agileengine;1;;https://www.linkedin.com/jobs/view/4473374083/;https://www.linkedin.com/jobs/view/4473374083/;Remote;Senior, Frontend, Engenharia Geral;02/10/2026;;Pernambuco;PE;Região Nordeste;Brasil;América do Sul
49;AgileEngine;Senior Full Stack Engineer ID86905;Recife (PE);01/10 14:00;https://www.linkedin.com/jobs/view/4472563664/;https://media.licdn.com/dms/image/v2/D4D0BAQEV7XPrwqjYLg/company-logo_100_100/company-logo_100_100/0/1693840967446/agileengine_logo?e=1792627200&v=beta&t=7liCrC1K-el4usLMxEKeCkVUSLT8XKDTlHv2b9GMv9s;Advanced > Information Technology;https://www.linkedin.com/company/agileengine/about/;-;frontend OR javascript OR typescript OR html OR css OR react OR angular OR vue OR next.js OR wordpress OR full stack;agileengine;1;;https://www.linkedin.com/jobs/view/4472563664/;https://www.linkedin.com/jobs/view/4472563664/;Remote;Senior, Full Stack, Engenharia Geral;02/10/2026;;Pernambuco;PE;Região Nordeste;Brasil;América do Sul
50;AgileEngine;Senior Full Stack Engineer ID91466;Recife (PE);02/10 04:00;https://www.linkedin.com/jobs/view/4473362178/;https://media.licdn.com/dms/image/v2/D4D0BAQEV7XPrwqjYLg/company-logo_100_100/company-logo_100_100/0/1693840967446/agileengine_logo?e=1792627200&v=beta&t=7liCrC1K-el4usLMxEKeCkVUSLT8XKDTlHv2b9GMv9s;Advanced > Information Technology;https://www.linkedin.com/company/agileengine/about/;-;frontend OR javascript OR typescript OR html OR css OR react OR angular OR vue OR next.js OR wordpress OR full stack;agileengine;1;;https://www.linkedin.com/jobs/view/4473362178/;https://www.linkedin.com/jobs/view/4473362178/;Remote;Senior, Full Stack, Engenharia Geral;02/10/2026;;Pernambuco;PE;Região Nordeste;Brasil;América do Sul
51;AgileEngine;Mid-level Full Stack Engineer ID91779;Salvador (BA);02/10 04:00;https://www.linkedin.com/jobs/view/4473374026/;https://media.licdn.com/dms/image/v2/D4D0BAQEV7XPrwqjYLg/company-logo_100_100/company-logo_100_100/0/1693840967446/agileengine_logo?e=1792627200&v=beta&t=7liCrC1K-el4usLMxEKeCkVUSLT8XKDTlHv2b9GMv9s;Advanced > Information Technology;https://www.linkedin.com/company/agileengine/about/;-;frontend OR javascript OR typescript OR html OR css OR react OR angular OR vue OR next.js OR wordpress OR full stack;agileengine;1;;https://www.linkedin.com/jobs/view/4473374026/;https://www.linkedin.com/jobs/view/4473374026/;Remote;Mid, Full Stack, Engenharia Geral;02/10/2026;;Bahia;BA;Região Nordeste;Brasil;América do Sul
52;AgileEngine;Mid-level Full Stack Engineer ID92628;Salvador (BA);02/10 08:00;https://www.linkedin.com/jobs/view/4473366253/;https://media.licdn.com/dms/image/v2/D4D0BAQEV7XPrwqjYLg/company-logo_100_100/company-logo_100_100/0/1693840967446/agileengine_logo?e=1792627200&v=beta&t=7liCrC1K-el4usLMxEKeCkVUSLT8XKDTlHv2b9GMv9s;Advanced > Information Technology;https://www.linkedin.com/company/agileengine/about/;-;frontend OR javascript OR typescript OR html OR css OR react OR angular OR vue OR next.js OR wordpress OR full stack;agileengine;1;;https://www.linkedin.com/jobs/view/4473366253/;https://www.linkedin.com/jobs/view/4473366253/;Remote;Mid, Full Stack, Engenharia Geral;02/10/2026;;Bahia;BA;Região Nordeste;Brasil;América do Sul
53;AgileEngine;Senior Frontend Engineer ID91467;Salvador (BA);30/09 14:00;https://www.linkedin.com/jobs/view/4472334073/;https://media.licdn.com/dms/image/v2/D4D0BAQEV7XPrwqjYLg/company-logo_100_100/company-logo_100_100/0/1693840967446/agileengine_logo?e=1792627200&v=beta&t=7liCrC1K-el4usLMxEKeCkVUSLT8XKDTlHv2b9GMv9s;Advanced > Information Technology;https://www.linkedin.com/company/agileengine/about/;-;frontend OR javascript OR typescript OR html OR css OR react OR angular OR vue OR next.js OR wordpress OR full stack;agileengine;1;;https://www.linkedin.com/jobs/view/4472334073/;https://www.linkedin.com/jobs/view/4472334073/;Remote;Senior, Frontend, Engenharia Geral;02/10/2026;;Bahia;BA;Região Nordeste;Brasil;América do Sul
54;AgileEngine;Senior Frontend Engineer ID91778;Salvador (BA);02/10 08:00;https://www.linkedin.com/jobs/view/4473371152/;https://media.licdn.com/dms/image/v2/D4D0BAQEV7XPrwqjYLg/company-logo_100_100/company-logo_100_100/0/1693840967446/agileengine_logo?e=1792627200&v=beta&t=7liCrC1K-el4usLMxEKeCkVUSLT8XKDTlHv2b9GMv9s;Advanced > Information Technology;https://www.linkedin.com/company/agileengine/about/;-;frontend OR javascript OR typescript OR html OR css OR react OR angular OR vue OR next.js OR wordpress OR full stack;agileengine;1;;https://www.linkedin.com/jobs/view/4473371152/;https://www.linkedin.com/jobs/view/4473371152/;Remote;Senior, Frontend, Engenharia Geral;02/10/2026;;Bahia;BA;Região Nordeste;Brasil;América do Sul
55;AgileEngine;Senior Full Stack Engineer ID86905;Salvador (BA);01/10 14:00;https://www.linkedin.com/jobs/view/4472566570/;https://media.licdn.com/dms/image/v2/D4D0BAQEV7XPrwqjYLg/company-logo_100_100/company-logo_100_100/0/1693840967446/agileengine_logo?e=1792627200&v=beta&t=7liCrC1K-el4usLMxEKeCkVUSLT8XKDTlHv2b9GMv9s;Advanced > Information Technology;https://www.linkedin.com/company/agileengine/about/;-;frontend OR javascript OR typescript OR html OR css OR react OR angular OR vue OR next.js OR wordpress OR full stack;agileengine;1;;https://www.linkedin.com/jobs/view/4472566570/;https://www.linkedin.com/jobs/view/4472566570/;Remote;Senior, Full Stack, Engenharia Geral;02/10/2026;;Bahia;BA;Região Nordeste;Brasil;América do Sul
56;AgileEngine;Senior Full Stack Engineer ID91466;Salvador (BA);02/10 04:00;https://www.linkedin.com/jobs/view/4473350749/;https://media.licdn.com/dms/image/v2/D4D0BAQEV7XPrwqjYLg/company-logo_100_100/company-logo_100_100/0/1693840967446/agileengine_logo?e=1792627200&v=beta&t=7liCrC1K-el4usLMxEKeCkVUSLT8XKDTlHv2b9GMv9s;Advanced > Information Technology;https://www.linkedin.com/company/agileengine/about/;-;frontend OR javascript OR typescript OR html OR css OR react OR angular OR vue OR next.js OR wordpress OR full stack;agileengine;1;;https://www.linkedin.com/jobs/view/4473350749/;https://www.linkedin.com/jobs/view/4473350749/;Remote;Senior, Full Stack, Engenharia Geral;02/10/2026;;Bahia;BA;Região Nordeste;Brasil;América do Sul
57;AgileEngine;Mid-level Full Stack Engineer ID91779;Sorocaba (SP);02/10 04:00;https://www.linkedin.com/jobs/view/4473353891/;https://media.licdn.com/dms/image/v2/D4D0BAQEV7XPrwqjYLg/company-logo_100_100/company-logo_100_100/0/1693840967446/agileengine_logo?e=1792627200&v=beta&t=7liCrC1K-el4usLMxEKeCkVUSLT8XKDTlHv2b9GMv9s;Advanced > Information Technology;https://www.linkedin.com/company/agileengine/about/;-;frontend OR javascript OR typescript OR html OR css OR react OR angular OR vue OR next.js OR wordpress OR full stack;agileengine;1;;https://www.linkedin.com/jobs/view/4473353891/;https://www.linkedin.com/jobs/view/4473353891/;Remote;Mid, Full Stack, Engenharia Geral;02/10/2026;;São Paulo;SP;Região Sudeste;Brasil;América do Sul
58;AgileEngine;Mid-level Full Stack Engineer ID92628;Sorocaba (SP);02/10 04:00;https://www.linkedin.com/jobs/view/4473362419/;https://media.licdn.com/dms/image/v2/D4D0BAQEV7XPrwqjYLg/company-logo_100_100/company-logo_100_100/0/1693840967446/agileengine_logo?e=1792627200&v=beta&t=7liCrC1K-el4usLMxEKeCkVUSLT8XKDTlHv2b9GMv9s;Advanced > Information Technology;https://www.linkedin.com/company/agileengine/about/;-;frontend OR javascript OR typescript OR html OR css OR react OR angular OR vue OR next.js OR wordpress OR full stack;agileengine;1;;https://www.linkedin.com/jobs/view/4473362419/;https://www.linkedin.com/jobs/view/4473362419/;Remote;Mid, Full Stack, Engenharia Geral;02/10/2026;;São Paulo;SP;Região Sudeste;Brasil;América do Sul
59;AgileEngine;Senior Frontend Engineer ID91467;Sorocaba (SP);30/09 14:00;https://www.linkedin.com/jobs/view/4472333080/;https://media.licdn.com/dms/image/v2/D4D0BAQEV7XPrwqjYLg/company-logo_100_100/company-logo_100_100/0/1693840967446/agileengine_logo?e=1792627200&v=beta&t=7liCrC1K-el4usLMxEKeCkVUSLT8XKDTlHv2b9GMv9s;Advanced > Information Technology;https://www.linkedin.com/company/agileengine/about/;-;frontend OR javascript OR typescript OR html OR css OR react OR angular OR vue OR next.js OR wordpress OR full stack;agileengine;1;;https://www.linkedin.com/jobs/view/4472333080/;https://www.linkedin.com/jobs/view/4472333080/;Remote;Senior, Frontend, Engenharia Geral;02/10/2026;;São Paulo;SP;Região Sudeste;Brasil;América do Sul
60;AgileEngine;Senior Frontend Engineer ID91778;Sorocaba (SP);02/10 04:00;https://www.linkedin.com/jobs/view/4473375054/;https://media.licdn.com/dms/image/v2/D4D0BAQEV7XPrwqjYLg/company-logo_100_100/company-logo_100_100/0/1693840967446/agileengine_logo?e=1792627200&v=beta&t=7liCrC1K-el4usLMxEKeCkVUSLT8XKDTlHv2b9GMv9s;Advanced > Information Technology;https://www.linkedin.com/company/agileengine/about/;-;frontend OR javascript OR typescript OR html OR css OR react OR angular OR vue OR next.js OR wordpress OR full stack;agileengine;1;;https://www.linkedin.com/jobs/view/4473375054/;https://www.linkedin.com/jobs/view/4473375054/;Remote;Senior, Frontend, Engenharia Geral;02/10/2026;;São Paulo;SP;Região Sudeste;Brasil;América do Sul
61;AgileEngine;Senior Full Stack Engineer ID86905;Sorocaba (SP);01/10 14:00;https://www.linkedin.com/jobs/view/4472574196/;https://media.licdn.com/dms/image/v2/D4D0BAQEV7XPrwqjYLg/company-logo_100_100/company-logo_100_100/0/1693840967446/agileengine_logo?e=1792627200&v=beta&t=7liCrC1K-el4usLMxEKeCkVUSLT8XKDTlHv2b9GMv9s;Advanced > Information Technology;https://www.linkedin.com/company/agileengine/about/;-;frontend OR javascript OR typescript OR html OR css OR react OR angular OR vue OR next.js OR wordpress OR full stack;agileengine;1;;https://www.linkedin.com/jobs/view/4472574196/;https://www.linkedin.com/jobs/view/4472574196/;Remote;Senior, Full Stack, Engenharia Geral;02/10/2026;;São Paulo;SP;Região Sudeste;Brasil;América do Sul
62;AgileEngine;Senior Full Stack Engineer ID91466;Sorocaba (SP);02/10 04:00;https://www.linkedin.com/jobs/view/4473361265/;https://media.licdn.com/dms/image/v2/D4D0BAQEV7XPrwqjYLg/company-logo_100_100/company-logo_100_100/0/1693840967446/agileengine_logo?e=1792627200&v=beta&t=7liCrC1K-el4usLMxEKeCkVUSLT8XKDTlHv2b9GMv9s;Advanced > Information Technology;https://www.linkedin.com/company/agileengine/about/;-;frontend OR javascript OR typescript OR html OR css OR react OR angular OR vue OR next.js OR wordpress OR full stack;agileengine;1;;https://www.linkedin.com/jobs/view/4473361265/;https://www.linkedin.com/jobs/view/4473361265/;Remote;Senior, Full Stack, Engenharia Geral;02/10/2026;;São Paulo;SP;Região Sudeste;Brasil;América do Sul
63;AgileEngine;Mid-level Full Stack Engineer ID91779;São Bernardo do Campo (SP);02/10 04:00;https://www.linkedin.com/jobs/view/4473352946/;https://media.licdn.com/dms/image/v2/D4D0BAQEV7XPrwqjYLg/company-logo_100_100/company-logo_100_100/0/1693840967446/agileengine_logo?e=1792627200&v=beta&t=7liCrC1K-el4usLMxEKeCkVUSLT8XKDTlHv2b9GMv9s;Advanced > Information Technology;https://www.linkedin.com/company/agileengine/about/;-;frontend OR javascript OR typescript OR html OR css OR react OR angular OR vue OR next.js OR wordpress OR full stack;agileengine;1;;https://www.linkedin.com/jobs/view/4473352946/;https://www.linkedin.com/jobs/view/4473352946/;Remote;Mid, Full Stack, Engenharia Geral;02/10/2026;;São Paulo;SP;Região Sudeste;Brasil;América do Sul
64;AgileEngine;Mid-level Full Stack Engineer ID92628;São Bernardo do Campo (SP);02/10 04:00;https://www.linkedin.com/jobs/view/4473356766/;https://media.licdn.com/dms/image/v2/D4D0BAQEV7XPrwqjYLg/company-logo_100_100/company-logo_100_100/0/1693840967446/agileengine_logo?e=1792627200&v=beta&t=7liCrC1K-el4usLMxEKeCkVUSLT8XKDTlHv2b9GMv9s;Advanced > Information Technology;https://www.linkedin.com/company/agileengine/about/;-;frontend OR javascript OR typescript OR html OR css OR react OR angular OR vue OR next.js OR wordpress OR full stack;agileengine;1;;https://www.linkedin.com/jobs/view/4473356766/;https://www.linkedin.com/jobs/view/4473356766/;Remote;Mid, Full Stack, Engenharia Geral;02/10/2026;;São Paulo;SP;Região Sudeste;Brasil;América do Sul
65;AgileEngine;Senior Frontend Engineer ID91467;São Bernardo do Campo (SP);30/09 14:00;https://www.linkedin.com/jobs/view/4472334075/;https://media.licdn.com/dms/image/v2/D4D0BAQEV7XPrwqjYLg/company-logo_100_100/company-logo_100_100/0/1693840967446/agileengine_logo?e=1792627200&v=beta&t=7liCrC1K-el4usLMxEKeCkVUSLT8XKDTlHv2b9GMv9s;Advanced > Information Technology;https://www.linkedin.com/company/agileengine/about/;-;frontend OR javascript OR typescript OR html OR css OR react OR angular OR vue OR next.js OR wordpress OR full stack;agileengine;1;;https://www.linkedin.com/jobs/view/4472334075/;https://www.linkedin.com/jobs/view/4472334075/;Remote;Senior, Frontend, Engenharia Geral;02/10/2026;;São Paulo;SP;Região Sudeste;Brasil;América do Sul
66;AgileEngine;Senior Full Stack Engineer ID86905;São Bernardo do Campo (SP);01/10 14:00;https://www.linkedin.com/jobs/view/4472570456/;https://media.licdn.com/dms/image/v2/D4D0BAQEV7XPrwqjYLg/company-logo_100_100/company-logo_100_100/0/1693840967446/agileengine_logo?e=1792627200&v=beta&t=7liCrC1K-el4usLMxEKeCkVUSLT8XKDTlHv2b9GMv9s;Advanced > Information Technology;https://www.linkedin.com/company/agileengine/about/;-;frontend OR javascript OR typescript OR html OR css OR react OR angular OR vue OR next.js OR wordpress OR full stack;agileengine;1;;https://www.linkedin.com/jobs/view/4472570456/;https://www.linkedin.com/jobs/view/4472570456/;Remote;Senior, Full Stack, Engenharia Geral;02/10/2026;;São Paulo;SP;Região Sudeste;Brasil;América do Sul
67;AgileEngine;Senior Full Stack Engineer ID91466;São Bernardo do Campo (SP);02/10 04:00;https://www.linkedin.com/jobs/view/4473348769/;https://media.licdn.com/dms/image/v2/D4D0BAQEV7XPrwqjYLg/company-logo_100_100/company-logo_100_100/0/1693840967446/agileengine_logo?e=1792627200&v=beta&t=7liCrC1K-el4usLMxEKeCkVUSLT8XKDTlHv2b9GMv9s;Advanced > Information Technology;https://www.linkedin.com/company/agileengine/about/;-;frontend OR javascript OR typescript OR html OR css OR react OR angular OR vue OR next.js OR wordpress OR full stack;agileengine;1;;https://www.linkedin.com/jobs/view/4473348769/;https://www.linkedin.com/jobs/view/4473348769/;Remote;Senior, Full Stack, Engenharia Geral;02/10/2026;;São Paulo;SP;Região Sudeste;Brasil;América do Sul
68;AgileEngine;Mid-level Full Stack Engineer ID91779;São Paulo (SP);02/10 04:00;https://www.linkedin.com/jobs/view/4473373032/;https://media.licdn.com/dms/image/v2/D4D0BAQEV7XPrwqjYLg/company-logo_100_100/company-logo_100_100/0/1693840967446/agileengine_logo?e=1792627200&v=beta&t=7liCrC1K-el4usLMxEKeCkVUSLT8XKDTlHv2b9GMv9s;Advanced > Information Technology;https://www.linkedin.com/company/agileengine/about/;-;frontend OR javascript OR typescript OR html OR css OR react OR angular OR vue OR next.js OR wordpress OR full stack;agileengine;1;;https://www.linkedin.com/jobs/view/4473373032/;https://www.linkedin.com/jobs/view/4473373032/;Remote;Mid, Full Stack, Engenharia Geral;02/10/2026;;São Paulo;SP;Região Sudeste;Brasil;América do Sul
69;AgileEngine;Mid-level Full Stack Engineer ID92628;São Paulo (SP);02/10 04:00;https://www.linkedin.com/jobs/view/4473356772/;https://media.licdn.com/dms/image/v2/D4D0BAQEV7XPrwqjYLg/company-logo_100_100/company-logo_100_100/0/1693840967446/agileengine_logo?e=1792627200&v=beta&t=7liCrC1K-el4usLMxEKeCkVUSLT8XKDTlHv2b9GMv9s;Advanced > Information Technology;https://www.linkedin.com/company/agileengine/about/;-;frontend OR javascript OR typescript OR html OR css OR react OR angular OR vue OR next.js OR wordpress OR full stack;agileengine;1;;https://www.linkedin.com/jobs/view/4473356772/;https://www.linkedin.com/jobs/view/4473356772/;Remote;Mid, Full Stack, Engenharia Geral;02/10/2026;;São Paulo;SP;Região Sudeste;Brasil;América do Sul
70;AgileEngine;Senior Frontend Engineer ID91467;São Paulo (SP);30/09 14:00;https://www.linkedin.com/jobs/view/4472321540/;https://media.licdn.com/dms/image/v2/D4D0BAQEV7XPrwqjYLg/company-logo_100_100/company-logo_100_100/0/1693840967446/agileengine_logo?e=1792627200&v=beta&t=7liCrC1K-el4usLMxEKeCkVUSLT8XKDTlHv2b9GMv9s;Advanced > Information Technology;https://www.linkedin.com/company/agileengine/about/;-;frontend OR javascript OR typescript OR html OR css OR react OR angular OR vue OR next.js OR wordpress OR full stack;agileengine;1;;https://www.linkedin.com/jobs/view/4472321540/;https://www.linkedin.com/jobs/view/4472321540/;Remote;Senior, Frontend, Engenharia Geral;02/10/2026;;São Paulo;SP;Região Sudeste;Brasil;América do Sul
71;AgileEngine;Senior Full Stack Engineer ID86905;São Paulo (SP);01/10 14:00;https://www.linkedin.com/jobs/view/4472566563/;https://media.licdn.com/dms/image/v2/D4D0BAQEV7XPrwqjYLg/company-logo_100_100/company-logo_100_100/0/1693840967446/agileengine_logo?e=1792627200&v=beta&t=7liCrC1K-el4usLMxEKeCkVUSLT8XKDTlHv2b9GMv9s;Advanced > Information Technology;https://www.linkedin.com/company/agileengine/about/;-;frontend OR javascript OR typescript OR html OR css OR react OR angular OR vue OR next.js OR wordpress OR full stack;agileengine;1;;https://www.linkedin.com/jobs/view/4472566563/;https://www.linkedin.com/jobs/view/4472566563/;Remote;Senior, Full Stack, Engenharia Geral;02/10/2026;;São Paulo;SP;Região Sudeste;Brasil;América do Sul
72;AgileEngine;Senior Full Stack Engineer ID91466;São Paulo (SP);02/10 04:00;https://www.linkedin.com/jobs/view/4473364168/;https://media.licdn.com/dms/image/v2/D4D0BAQEV7XPrwqjYLg/company-logo_100_100/company-logo_100_100/0/1693840967446/agileengine_logo?e=1792627200&v=beta&t=7liCrC1K-el4usLMxEKeCkVUSLT8XKDTlHv2b9GMv9s;Advanced > Information Technology;https://www.linkedin.com/company/agileengine/about/;-;frontend OR javascript OR typescript OR html OR css OR react OR angular OR vue OR next.js OR wordpress OR full stack;agileengine;1;;https://www.linkedin.com/jobs/view/4473364168/;https://www.linkedin.com/jobs/view/4473364168/;Remote;Senior, Full Stack, Engenharia Geral;02/10/2026;;São Paulo;SP;Região Sudeste;Brasil;América do Sul
73;Ahoy by Belago;desenvolvedor FULLSTACK .NET / ANGULAR;Curitiba (PR);01/10 14:00;https://www.linkedin.com/jobs/view/4473940196/;https://media.licdn.com/dms/image/v2/D4D0BAQGEe1exewMgbA/company-logo_100_100/B4DZtcPaEuIAAU-/0/1766779102430/ahoybr_logo?e=1792627200&v=beta&t=5OjChgmtloXdOCnCZk6-Opqzq1U468acQDVkpvG_Ynw;-;https://www.linkedin.com/company/ahoy-by-belago/about/;-;frontend OR javascript OR typescript OR html OR css OR react OR angular OR vue OR next.js OR wordpress OR full stack;ahoy by belago;1;;https://www.linkedin.com/jobs/view/4473940196/;https://www.linkedin.com/jobs/view/4473940196/;Hybrid;Full Stack;02/10/2026;;Paraná;PR;Região Sul;Brasil;América do Sul
74;Alignerr;Senior C# Full-Stack Engineer — AI Data & Infrastructure;Brasil;01/10 14:00;https://www.linkedin.com/jobs/view/4473997274/;https://media.licdn.com/dms/image/v2/D560BAQHD7jKpwp33DA/company-logo_100_100/B56ZsP32kCG4AQ-/0/1765497858824/alignerr_logo?e=1792627200&v=beta&t=9gdWeJTo6lMs-Mwdr3o1zzXtQ70QY7xM6iucfCAZwog;Data & Ai > Data Engineering;https://www.linkedin.com/company/alignerr/about/;Dados e Analytics;frontend OR javascript OR typescript OR html OR css OR react OR angular OR vue OR next.js OR wordpress OR full stack;alignerr;1;;https://www.linkedin.com/jobs/view/4473997274/;https://www.linkedin.com/jobs/view/4473997274/;Remote;Inteligência Artificial, Senior, Full Stack, Dados/Analytics, Engenharia Geral;02/10/2026;;;;;Brasil;América do Sul
75;Avanade;Consultor(a) FullStack Sênior | .NET & React | Híbrido em São Paulo - SP;São Paulo (SP);02/10 07:00;https://www.linkedin.com/jobs/view/4465826770/;https://media.licdn.com/dms/image/v2/D4D0BAQH9oEH9vWAthw/company-logo_100_100/B4DZf0WkqfH8AY-/0/1752151247860/avanade_logo?e=1792627200&v=beta&t=grR8tOzwBHrv0_uHk-Fz76oy1gQftgEmuE8VHHfVXf4;Advanced > Specialist;https://www.linkedin.com/company/avanade/about/;-;frontend OR javascript OR typescript OR html OR css OR react OR angular OR vue OR next.js OR wordpress OR full stack;avanade;1;;https://www.linkedin.com/jobs/view/4465826770/;https://www.linkedin.com/jobs/view/4465826770/;Hybrid;Senior, Consultor, Full Stack;02/10/2026;;São Paulo;SP;Região Sudeste;Brasil;América do Sul
76;Avanade;Consultor(a) Mobile | React Native;São Paulo (SP);01/10 15:00;https://www.linkedin.com/jobs/view/4456109041/;https://media.licdn.com/dms/image/v2/D4D0BAQH9oEH9vWAthw/company-logo_100_100/B4DZf0WkqfH8AY-/0/1752151247860/avanade_logo?e=1792627200&v=beta&t=grR8tOzwBHrv0_uHk-Fz76oy1gQftgEmuE8VHHfVXf4;Advanced > Specialist;https://www.linkedin.com/company/avanade/about/;Software e Serviços de TI;frontend OR javascript OR typescript OR html OR css OR react OR angular OR vue OR next.js OR wordpress OR full stack;avanade;1;;https://www.linkedin.com/jobs/view/4456109041/;https://www.linkedin.com/jobs/view/4456109041/;On-site;Consultor;02/10/2026;;São Paulo;SP;Região Sudeste;Brasil;América do Sul
77;B3;AI Solutions Specialist (Full Stack & GenAI);São Paulo (SP);01/10 14:00;https://www.linkedin.com/jobs/view/4454660321/;https://media.licdn.com/dms/image/v2/D4D0BAQFtcmFAiKSggg/company-logo_100_100/B4DZsI1b1XLgAQ-/0/1765379784421/b3_oficial_logo?e=1792627200&v=beta&t=LI_bwaceiGa07iuqgvSuSYfGyuNX3n17Np-az9IMFGA;Data & Ai > Generative Ai;https://www.linkedin.com/company/b3/about/;Software e Serviços de TI;frontend OR javascript OR typescript OR html OR css OR react OR angular OR vue OR next.js OR wordpress OR full stack;b3;1;;https://www.linkedin.com/jobs/view/4454660321/;https://www.linkedin.com/jobs/view/4454660321/;Hybrid;Inteligência Artificial, Specialist, Full Stack;02/10/2026;;São Paulo;SP;Região Sudeste;Brasil;América do Sul
78;BEES;Staff Full-Stack Engineer - Data Intensive Web-Applications - Personalization;Campinas (SP);02/10 12:00;https://www.linkedin.com/jobs/view/4474766769/;https://media.licdn.com/dms/image/v2/C4E0BAQGXPkcsGk7KYA/company-logo_100_100/company-logo_100_100/0/1678379975390/beesb2b_logo?e=1792627200&v=beta&t=kZ9A3UGI4BkBpQhMsS_zBnoEcRu8WEfMkgFir2C--tY;Data & Ai > Data Engineering;https://www.linkedin.com/company/bees/about/;Dados e Analytics;frontend OR javascript OR typescript OR html OR css OR react OR angular OR vue OR next.js OR wordpress OR full stack;bees;1;;https://www.linkedin.com/jobs/view/4474766769/;https://www.linkedin.com/jobs/view/4474766769/;Remote;Full Stack, Dados/Analytics, Engenharia Geral;02/10/2026;;São Paulo;SP;Região Sudeste;Brasil;América do Sul
79;BRQ Digital Solutions;Desenvolvedor (a) Full Stack .NET/Angular Junior/Pleno - Híbrido;Grande Rio de Janeiro (RJ);01/10 21:00;https://www.linkedin.com/jobs/view/4474541873/;https://media.licdn.com/dms/image/v2/D4D0BAQHsHMIGkFifsw/company-logo_100_100/B4DZwerWdfIoAQ-/0/1770041207049/brq_logo?e=1792627200&v=beta&t=XfmUJXQo9cQURVWenLraWj0vzv--bacgJfhYdf2Ds_s;-;https://www.linkedin.com/company/brq-digital-solutions/about/;Software e Serviços de TI;frontend OR javascript OR typescript OR html OR css OR react OR angular OR vue OR next.js OR wordpress OR full stack;brq digital solutions;1;;https://www.linkedin.com/jobs/view/4474541873/;https://www.linkedin.com/jobs/view/4474541873/;Hybrid;Mid, Junior, Full Stack;02/10/2026;;Rio de Janeiro;RJ;Região Sudeste;Brasil;América do Sul
80;BRQ Digital Solutions;Desenvolvedor (a) Full Stack AEM (Front-End) Pleno - Híbrido;São Paulo (SP);01/10 15:00;https://www.linkedin.com/jobs/view/4474358539/;https://media.licdn.com/dms/image/v2/D4D0BAQHsHMIGkFifsw/company-logo_100_100/B4DZwerWdfIoAQ-/0/1770041207049/brq_logo?e=1792627200&v=beta&t=XfmUJXQo9cQURVWenLraWj0vzv--bacgJfhYdf2Ds_s;-;https://www.linkedin.com/company/brq-digital-solutions/about/;Software e Serviços de TI;frontend OR javascript OR typescript OR html OR css OR react OR angular OR vue OR next.js OR wordpress OR full stack;brq digital solutions;1;;https://www.linkedin.com/jobs/view/4474358539/;https://www.linkedin.com/jobs/view/4474358539/;Hybrid;Mid, Full Stack, Frontend;02/10/2026;;São Paulo;SP;Região Sudeste;Brasil;América do Sul
81;BTG Pactual;Engenheiro(a) de Software Junior(Full stack) | IT Accounting Clients & Finance Report;Rio de Janeiro (RJ);01/10 14:00;https://www.linkedin.com/jobs/view/4462892770/;https://media.licdn.com/dms/image/v2/C4E0BAQE0wyub1rswiA/company-logo_100_100/company-logo_100_100/0/1654720569889/btgpactual_logo?e=1792627200&v=beta&t=HwuLhBkO9V-gktMHtXAYQFWj53l7BdMGGWmi3RwjqLo;-;https://www.linkedin.com/company/btg-pactual/about/;Serviços Financeiros;frontend OR javascript OR typescript OR html OR css OR react OR angular OR vue OR next.js OR wordpress OR full stack;btg pactual;1;;https://www.linkedin.com/jobs/view/4462892770/;https://www.linkedin.com/jobs/view/4462892770/;Hybrid;Junior, TI/Tech, Full Stack;02/10/2026;;Rio de Janeiro;RJ;Região Sudeste;Brasil;América do Sul
82;BairesDev;Desarrollador React Frontend - Trabajo Remoto;América Latina;01/10 14:00;https://www.linkedin.com/jobs/view/4472559310/;https://media.licdn.com/dms/image/v2/D4E0BAQGNvQASzrdL_w/company-logo_100_100/company-logo_100_100/0/1687874736484/bairesdev_logo?e=1792627200&v=beta&t=GrgZOXoZQrEUghK8-iZExcM-OhBNJM7-yxkwdZ_ayG0;-;https://www.linkedin.com/company/bairesdev/about/;-;frontend OR javascript OR typescript OR html OR css OR react OR angular OR vue OR next.js OR wordpress OR full stack;bairesdev;1;;https://www.linkedin.com/jobs/view/4472559310/;https://www.linkedin.com/jobs/view/4472559310/;Remote;Frontend;02/10/2026;;;;;;América Latina
83;BairesDev;Full Stack Engineer (Ruby on Rails) - Remote Work | REF#294701;América Latina;01/10 14:00;https://www.linkedin.com/jobs/view/4462069977/;https://media.licdn.com/dms/image/v2/D4E0BAQGNvQASzrdL_w/company-logo_100_100/company-logo_100_100/0/1687874736484/bairesdev_logo?e=1792627200&v=beta&t=GrgZOXoZQrEUghK8-iZExcM-OhBNJM7-yxkwdZ_ayG0;Advanced > Information Technology;https://www.linkedin.com/company/bairesdev/about/;-;frontend OR javascript OR typescript OR html OR css OR react OR angular OR vue OR next.js OR wordpress OR full stack;bairesdev;1;;https://www.linkedin.com/jobs/view/4462069977/;https://www.linkedin.com/jobs/view/4462069977/;Remote;Full Stack, Engenharia Geral;02/10/2026;;;;;;América Latina
84;BairesDev;Java Full Stack Developer - Remote Work | REF#294698;América Latina;01/10 14:00;https://www.linkedin.com/jobs/view/4474353189/;https://media.licdn.com/dms/image/v2/D4E0BAQGNvQASzrdL_w/company-logo_100_100/company-logo_100_100/0/1687874736484/bairesdev_logo?e=1792627200&v=beta&t=GrgZOXoZQrEUghK8-iZExcM-OhBNJM7-yxkwdZ_ayG0;Advanced > Information Technology;https://www.linkedin.com/company/bairesdev/about/;-;frontend OR javascript OR typescript OR html OR css OR react OR angular OR vue OR next.js OR wordpress OR full stack;bairesdev;1;;https://www.linkedin.com/jobs/view/4474353189/;https://www.linkedin.com/jobs/view/4474353189/;Remote;Full Stack;02/10/2026;;;;;;América Latina
85;BairesDev;React Frontend Tech Lead - Trabajo Remoto;América Latina;01/10 14:00;https://www.linkedin.com/jobs/view/4472547812/;https://media.licdn.com/dms/image/v2/D4E0BAQGNvQASzrdL_w/company-logo_100_100/company-logo_100_100/0/1687874736484/bairesdev_logo?e=1792627200&v=beta&t=GrgZOXoZQrEUghK8-iZExcM-OhBNJM7-yxkwdZ_ayG0;Middle > Manager;https://www.linkedin.com/company/bairesdev/about/;Software e Serviços de TI;frontend OR javascript OR typescript OR html OR css OR react OR angular OR vue OR next.js OR wordpress OR full stack;bairesdev;1;;https://www.linkedin.com/jobs/view/4472547812/;https://www.linkedin.com/jobs/view/4472547812/;Remote;Mid, Liderança/Gerência, TI/Tech, Frontend;02/10/2026;;;;;;América Latina
86;BairesDev;Senior Django Full Stack Engineer - Remote Work | REF#302409;América Latina;01/10 14:00;https://www.linkedin.com/jobs/view/4474356188/;https://media.licdn.com/dms/image/v2/D4E0BAQGNvQASzrdL_w/company-logo_100_100/company-logo_100_100/0/1687874736484/bairesdev_logo?e=1792627200&v=beta&t=GrgZOXoZQrEUghK8-iZExcM-OhBNJM7-yxkwdZ_ayG0;Advanced > Information Technology;https://www.linkedin.com/company/bairesdev/about/;-;frontend OR javascript OR typescript OR html OR css OR react OR angular OR vue OR next.js OR wordpress OR full stack;bairesdev;1;;https://www.linkedin.com/jobs/view/4474356188/;https://www.linkedin.com/jobs/view/4474356188/;Remote;Senior, Full Stack, Engenharia Geral;02/10/2026;;;;;;América Latina
87;BairesDev;Senior Full Stack AI Engineer - Remote Work | REF#305201;América Latina;01/10 14:00;https://www.linkedin.com/jobs/view/4474355287/;https://media.licdn.com/dms/image/v2/D4E0BAQGNvQASzrdL_w/company-logo_100_100/company-logo_100_100/0/1687874736484/bairesdev_logo?e=1792627200&v=beta&t=GrgZOXoZQrEUghK8-iZExcM-OhBNJM7-yxkwdZ_ayG0;Advanced > Information Technology;https://www.linkedin.com/company/bairesdev/about/;Inteligência Artificial;frontend OR javascript OR typescript OR html OR css OR react OR angular OR vue OR next.js OR wordpress OR full stack;bairesdev;1;;https://www.linkedin.com/jobs/view/4474355287/;https://www.linkedin.com/jobs/view/4474355287/;Remote;Inteligência Artificial, Senior, Full Stack, Engenharia Geral;02/10/2026;;;;;;América Latina
88;BairesDev;Senior Full Stack Engineer – Angular & Node.js - Remote Work | REF#305223;América Latina;01/10 14:00;https://www.linkedin.com/jobs/view/4474344811/;https://media.licdn.com/dms/image/v2/D4E0BAQGNvQASzrdL_w/company-logo_100_100/company-logo_100_100/0/1687874736484/bairesdev_logo?e=1792627200&v=beta&t=GrgZOXoZQrEUghK8-iZExcM-OhBNJM7-yxkwdZ_ayG0;Advanced > Information Technology;https://www.linkedin.com/company/bairesdev/about/;-;frontend OR javascript OR typescript OR html OR css OR react OR angular OR vue OR next.js OR wordpress OR full stack;bairesdev;1;;https://www.linkedin.com/jobs/view/4474344811/;https://www.linkedin.com/jobs/view/4474344811/;Remote;Senior, Full Stack, Engenharia Geral;02/10/2026;;;;;;América Latina
89;BairesDev;Senior Node & TypeScript & AWS Engineer - Remote Work | REF#302281;América Latina;01/10 14:00;https://www.linkedin.com/jobs/view/4474355242/;https://media.licdn.com/dms/image/v2/D4E0BAQGNvQASzrdL_w/company-logo_100_100/company-logo_100_100/0/1687874736484/bairesdev_logo?e=1792627200&v=beta&t=GrgZOXoZQrEUghK8-iZExcM-OhBNJM7-yxkwdZ_ayG0;Advanced > Information Technology;https://www.linkedin.com/company/bairesdev/about/;-;frontend OR javascript OR typescript OR html OR css OR react OR angular OR vue OR next.js OR wordpress OR full stack;bairesdev;1;;https://www.linkedin.com/jobs/view/4474355242/;https://www.linkedin.com/jobs/view/4474355242/;Remote;Senior, Cloud (AWS/GCP/Azure), Engenharia Geral;02/10/2026;;;;;;América Latina
90;BairesDev;Senior Technical Lead (Node.js, NestJS & TypeScript) - Remote Work | REF#304867;América Latina;01/10 14:00;https://www.linkedin.com/jobs/view/4474335978/;https://media.licdn.com/dms/image/v2/D4E0BAQGNvQASzrdL_w/company-logo_100_100/company-logo_100_100/0/1687874736484/bairesdev_logo?e=1792627200&v=beta&t=GrgZOXoZQrEUghK8-iZExcM-OhBNJM7-yxkwdZ_ayG0;Middle > Manager;https://www.linkedin.com/company/bairesdev/about/;Software e Serviços de TI;frontend OR javascript OR typescript OR html OR css OR react OR angular OR vue OR next.js OR wordpress OR full stack;bairesdev;1;;https://www.linkedin.com/jobs/view/4474335978/;https://www.linkedin.com/jobs/view/4474335978/;Remote;Senior, Mid, Liderança/Gerência, TI/Tech;02/10/2026;;;;;;América Latina
91;BairesDev;Senior WordPress Developer - Remote Work | REF#304616;América Latina;01/10 14:00;https://www.linkedin.com/jobs/view/4474350567/;https://media.licdn.com/dms/image/v2/D4E0BAQGNvQASzrdL_w/company-logo_100_100/company-logo_100_100/0/1687874736484/bairesdev_logo?e=1792627200&v=beta&t=GrgZOXoZQrEUghK8-iZExcM-OhBNJM7-yxkwdZ_ayG0;Advanced > Information Technology;https://www.linkedin.com/company/bairesdev/about/;-;frontend OR javascript OR typescript OR html OR css OR react OR angular OR vue OR next.js OR wordpress OR full stack;bairesdev;1;;https://www.linkedin.com/jobs/view/4474350567/;https://www.linkedin.com/jobs/view/4474350567/;Remote;Senior;02/10/2026;;;;;;América Latina
92;BairesDev;Desenvolvedor React Frontend - Trabalho Remoto;Brasil;01/10 14:00;https://www.linkedin.com/jobs/view/4472554488/;https://media.licdn.com/dms/image/v2/D4E0BAQGNvQASzrdL_w/company-logo_100_100/company-logo_100_100/0/1687874736484/bairesdev_logo?e=1792627200&v=beta&t=GrgZOXoZQrEUghK8-iZExcM-OhBNJM7-yxkwdZ_ayG0;-;https://www.linkedin.com/company/bairesdev/about/;-;frontend OR javascript OR typescript OR html OR css OR react OR angular OR vue OR next.js OR wordpress OR full stack;bairesdev;1;;https://www.linkedin.com/jobs/view/4472554488/;https://www.linkedin.com/jobs/view/4472554488/;Remote;Frontend;02/10/2026;;;;;Brasil;América do Sul
93;BairesDev;Desenvolvedor React Junior - Trabalho Remoto;Brasil;02/10 10:00;https://www.linkedin.com/jobs/view/4473339644/;https://media.licdn.com/dms/image/v2/D4E0BAQGNvQASzrdL_w/company-logo_100_100/company-logo_100_100/0/1687874736484/bairesdev_logo?e=1792627200&v=beta&t=GrgZOXoZQrEUghK8-iZExcM-OhBNJM7-yxkwdZ_ayG0;-;https://www.linkedin.com/company/bairesdev/about/;-;frontend OR javascript OR typescript OR html OR css OR react OR angular OR vue OR next.js OR wordpress OR full stack;bairesdev;1;;https://www.linkedin.com/jobs/view/4473339644/;https://www.linkedin.com/jobs/view/4473339644/;Remote;Junior;02/10/2026;;;;;Brasil;América do Sul
94;BairesDev;Desenvolvedor WordPress Sênior - Trabalho Remoto | REF#304617;Brasil;01/10 14:00;https://www.linkedin.com/jobs/view/4474345743/;https://media.licdn.com/dms/image/v2/D4E0BAQGNvQASzrdL_w/company-logo_100_100/company-logo_100_100/0/1687874736484/bairesdev_logo?e=1792627200&v=beta&t=GrgZOXoZQrEUghK8-iZExcM-OhBNJM7-yxkwdZ_ayG0;-;https://www.linkedin.com/company/bairesdev/about/;-;frontend OR javascript OR typescript OR html OR css OR react OR angular OR vue OR next.js OR wordpress OR full stack;bairesdev;1;;https://www.linkedin.com/jobs/view/4474345743/;https://www.linkedin.com/jobs/view/4474345743/;Remote;Senior;02/10/2026;;;;;Brasil;América do Sul
95;BairesDev;Full Stack Engineer (Clojure/ClojureScript) - Remote work | REF#302329;Brasil;01/10 14:00;https://www.linkedin.com/jobs/view/4459064575/;https://media.licdn.com/dms/image/v2/D4E0BAQGNvQASzrdL_w/company-logo_100_100/company-logo_100_100/0/1687874736484/bairesdev_logo?e=1792627200&v=beta&t=GrgZOXoZQrEUghK8-iZExcM-OhBNJM7-yxkwdZ_ayG0;Advanced > Information Technology;https://www.linkedin.com/company/bairesdev/about/;-;frontend OR javascript OR typescript OR html OR css OR react OR angular OR vue OR next.js OR wordpress OR full stack;bairesdev;1;;https://www.linkedin.com/jobs/view/4459064575/;https://www.linkedin.com/jobs/view/4459064575/;Remote;Full Stack, Engenharia Geral;02/10/2026;;;;;Brasil;América do Sul
96;BairesDev;Full Stack Engineer (Java) - Remote Work | REF#304766;Brasil;01/10 14:00;https://www.linkedin.com/jobs/view/4474357082/;https://media.licdn.com/dms/image/v2/D4E0BAQGNvQASzrdL_w/company-logo_100_100/company-logo_100_100/0/1687874736484/bairesdev_logo?e=1792627200&v=beta&t=GrgZOXoZQrEUghK8-iZExcM-OhBNJM7-yxkwdZ_ayG0;Advanced > Information Technology;https://www.linkedin.com/company/bairesdev/about/;-;frontend OR javascript OR typescript OR html OR css OR react OR angular OR vue OR next.js OR wordpress OR full stack;bairesdev;1;;https://www.linkedin.com/jobs/view/4474357082/;https://www.linkedin.com/jobs/view/4474357082/;Remote;Full Stack, Engenharia Geral;02/10/2026;;;;;Brasil;América do Sul
97;BairesDev;Fullstack Node + Nest + React Engineer | REF#304467;Brasil;01/10 14:00;https://www.linkedin.com/jobs/view/4474357060/;https://media.licdn.com/dms/image/v2/D4E0BAQGNvQASzrdL_w/company-logo_100_100/company-logo_100_100/0/1687874736484/bairesdev_logo?e=1792627200&v=beta&t=GrgZOXoZQrEUghK8-iZExcM-OhBNJM7-yxkwdZ_ayG0;Advanced > Information Technology;https://www.linkedin.com/company/bairesdev/about/;-;frontend OR javascript OR typescript OR html OR css OR react OR angular OR vue OR next.js OR wordpress OR full stack;bairesdev;1;;https://www.linkedin.com/jobs/view/4474357060/;https://www.linkedin.com/jobs/view/4474357060/;Remote;Full Stack, Engenharia Geral;02/10/2026;;;;;Brasil;América do Sul
98;BairesDev;Java Full Stack Developer - Remote Work | REF#299765;Brasil;01/10 14:00;https://www.linkedin.com/jobs/view/4474356144/;https://media.licdn.com/dms/image/v2/D4E0BAQGNvQASzrdL_w/company-logo_100_100/company-logo_100_100/0/1687874736484/bairesdev_logo?e=1792627200&v=beta&t=GrgZOXoZQrEUghK8-iZExcM-OhBNJM7-yxkwdZ_ayG0;Advanced > Information Technology;https://www.linkedin.com/company/bairesdev/about/;Transporte e Mobilidade;frontend OR javascript OR typescript OR html OR css OR react OR angular OR vue OR next.js OR wordpress OR full stack;bairesdev;1;;https://www.linkedin.com/jobs/view/4474356144/;https://www.linkedin.com/jobs/view/4474356144/;Remote;Full Stack;02/10/2026;;;;;Brasil;América do Sul
99;BairesDev;Senior Full Stack Developer - React + Node - Remote Work | REF#289635;Brasil;01/10 14:00;https://www.linkedin.com/jobs/view/4474341821/;https://media.licdn.com/dms/image/v2/D4E0BAQGNvQASzrdL_w/company-logo_100_100/company-logo_100_100/0/1687874736484/bairesdev_logo?e=1792627200&v=beta&t=GrgZOXoZQrEUghK8-iZExcM-OhBNJM7-yxkwdZ_ayG0;Advanced > Information Technology;https://www.linkedin.com/company/bairesdev/about/;-;frontend OR javascript OR typescript OR html OR css OR react OR angular OR vue OR next.js OR wordpress OR full stack;bairesdev;1;;https://www.linkedin.com/jobs/view/4474341821/;https://www.linkedin.com/jobs/view/4474341821/;Remote;Senior, Full Stack;02/10/2026;;;;;Brasil;América do Sul
100;BairesDev;Senior Full-Stack Engineer (React, Node.js, TypeScript) - Remote Work | REF#300641;Brasil;01/10 14:00;https://www.linkedin.com/jobs/view/4474348746/;https://media.licdn.com/dms/image/v2/D4E0BAQGNvQASzrdL_w/company-logo_100_100/company-logo_100_100/0/1687874736484/bairesdev_logo?e=1792627200&v=beta&t=GrgZOXoZQrEUghK8-iZExcM-OhBNJM7-yxkwdZ_ayG0;Advanced > Information Technology;https://www.linkedin.com/company/bairesdev/about/;-;frontend OR javascript OR typescript OR html OR css OR react OR angular OR vue OR next.js OR wordpress OR full stack;bairesdev;1;;https://www.linkedin.com/jobs/view/4474348746/;https://www.linkedin.com/jobs/view/4474348746/;Remote;Senior, Full Stack, Engenharia Geral;02/10/2026;;;;;Brasil;América do Sul
101;BairesDev;Senior Full-Stack Engineer (Ruby on Rails, React) - Remote Work | REF#302304;Brasil;01/10 14:00;https://www.linkedin.com/jobs/view/4474341871/;https://media.licdn.com/dms/image/v2/D4E0BAQGNvQASzrdL_w/company-logo_100_100/company-logo_100_100/0/1687874736484/bairesdev_logo?e=1792627200&v=beta&t=GrgZOXoZQrEUghK8-iZExcM-OhBNJM7-yxkwdZ_ayG0;Advanced > Information Technology;https://www.linkedin.com/company/bairesdev/about/;-;frontend OR javascript OR typescript OR html OR css OR react OR angular OR vue OR next.js OR wordpress OR full stack;bairesdev;1;;https://www.linkedin.com/jobs/view/4474341871/;https://www.linkedin.com/jobs/view/4474341871/;Remote;Senior, Full Stack, Engenharia Geral;02/10/2026;;;;;Brasil;América do Sul
102;BairesDev;Senior Node & TypeScript & AWS Engineer - Remote Work | REF#305015;Brasil;01/10 14:00;https://www.linkedin.com/jobs/view/4474335997/;https://media.licdn.com/dms/image/v2/D4E0BAQGNvQASzrdL_w/company-logo_100_100/company-logo_100_100/0/1687874736484/bairesdev_logo?e=1792627200&v=beta&t=GrgZOXoZQrEUghK8-iZExcM-OhBNJM7-yxkwdZ_ayG0;Advanced > Information Technology;https://www.linkedin.com/company/bairesdev/about/;-;frontend OR javascript OR typescript OR html OR css OR react OR angular OR vue OR next.js OR wordpress OR full stack;bairesdev;1;;https://www.linkedin.com/jobs/view/4474335997/;https://www.linkedin.com/jobs/view/4474335997/;Remote;Senior, Cloud (AWS/GCP/Azure), Engenharia Geral;02/10/2026;;;;;Brasil;América do Sul
103;BairesDev;Senior React & TypeScript Engineer - Remote Work | REF#301393;Brasil;01/10 14:00;https://www.linkedin.com/jobs/view/4455974416/;https://media.licdn.com/dms/image/v2/D4E0BAQGNvQASzrdL_w/company-logo_100_100/company-logo_100_100/0/1687874736484/bairesdev_logo?e=1792627200&v=beta&t=GrgZOXoZQrEUghK8-iZExcM-OhBNJM7-yxkwdZ_ayG0;Advanced > Information Technology;https://www.linkedin.com/company/bairesdev/about/;-;frontend OR javascript OR typescript OR html OR css OR react OR angular OR vue OR next.js OR wordpress OR full stack;bairesdev;1;;https://www.linkedin.com/jobs/view/4455974416/;https://www.linkedin.com/jobs/view/4455974416/;Remote;Senior, Engenharia Geral;02/10/2026;;;;;Brasil;América do Sul
104;BairesDev;Senior React & TypeScript Engineer - Remote Work | REF#305007;Brasil;01/10 14:00;https://www.linkedin.com/jobs/view/4474351328/;https://media.licdn.com/dms/image/v2/D4E0BAQGNvQASzrdL_w/company-logo_100_100/company-logo_100_100/0/1687874736484/bairesdev_logo?e=1792627200&v=beta&t=GrgZOXoZQrEUghK8-iZExcM-OhBNJM7-yxkwdZ_ayG0;Advanced > Information Technology;https://www.linkedin.com/company/bairesdev/about/;-;frontend OR javascript OR typescript OR html OR css OR react OR angular OR vue OR next.js OR wordpress OR full stack;bairesdev;1;;https://www.linkedin.com/jobs/view/4474351328/;https://www.linkedin.com/jobs/view/4474351328/;Remote;Senior, Engenharia Geral;02/10/2026;;;;;Brasil;América do Sul
105;BairesDev;Senior Technical Lead (Node.js, NestJS & TypeScript) - Remote Work | REF#304866;Brasil;01/10 14:00;https://www.linkedin.com/jobs/view/4474345770/;https://media.licdn.com/dms/image/v2/D4E0BAQGNvQASzrdL_w/company-logo_100_100/company-logo_100_100/0/1687874736484/bairesdev_logo?e=1792627200&v=beta&t=GrgZOXoZQrEUghK8-iZExcM-OhBNJM7-yxkwdZ_ayG0;Middle > Manager;https://www.linkedin.com/company/bairesdev/about/;Software e Serviços de TI;frontend OR javascript OR typescript OR html OR css OR react OR angular OR vue OR next.js OR wordpress OR full stack;bairesdev;1;;https://www.linkedin.com/jobs/view/4474345770/;https://www.linkedin.com/jobs/view/4474345770/;Remote;Senior, Mid, Liderança/Gerência, TI/Tech;02/10/2026;;;;;Brasil;América do Sul
106;BairesDev;Desenvolvedor React Frontend - Trabalho Remoto;Brasília (DF);01/10 14:00;https://www.linkedin.com/jobs/view/4472562132/;https://media.licdn.com/dms/image/v2/D4E0BAQGNvQASzrdL_w/company-logo_100_100/company-logo_100_100/0/1687874736484/bairesdev_logo?e=1792627200&v=beta&t=GrgZOXoZQrEUghK8-iZExcM-OhBNJM7-yxkwdZ_ayG0;-;https://www.linkedin.com/company/bairesdev/about/;-;frontend OR javascript OR typescript OR html OR css OR react OR angular OR vue OR next.js OR wordpress OR full stack;bairesdev;1;;https://www.linkedin.com/jobs/view/4472562132/;https://www.linkedin.com/jobs/view/4472562132/;Remote;Frontend;02/10/2026;;Distrito Federal;DF;Região Centro-Oeste;Brasil;América do Sul
107;BairesDev;Desenvolvedor React Frontend - Trabalho Remoto;Campinas (SP);01/10 14:00;https://www.linkedin.com/jobs/view/4472561198/;https://media.licdn.com/dms/image/v2/D4E0BAQGNvQASzrdL_w/company-logo_100_100/company-logo_100_100/0/1687874736484/bairesdev_logo?e=1792627200&v=beta&t=GrgZOXoZQrEUghK8-iZExcM-OhBNJM7-yxkwdZ_ayG0;-;https://www.linkedin.com/company/bairesdev/about/;-;frontend OR javascript OR typescript OR html OR css OR react OR angular OR vue OR next.js OR wordpress OR full stack;bairesdev;1;;https://www.linkedin.com/jobs/view/4472561198/;https://www.linkedin.com/jobs/view/4472561198/;Remote;Frontend;02/10/2026;;São Paulo;SP;Região Sudeste;Brasil;América do Sul
108;BairesDev;Desenvolvedor React Native - Trabalho Remoto;Curitiba (PR);01/10 14:00;https://www.linkedin.com/jobs/view/4472547835/;https://media.licdn.com/dms/image/v2/D4E0BAQGNvQASzrdL_w/company-logo_100_100/company-logo_100_100/0/1687874736484/bairesdev_logo?e=1792627200&v=beta&t=GrgZOXoZQrEUghK8-iZExcM-OhBNJM7-yxkwdZ_ayG0;-;https://www.linkedin.com/company/bairesdev/about/;Software e Serviços de TI;frontend OR javascript OR typescript OR html OR css OR react OR angular OR vue OR next.js OR wordpress OR full stack;bairesdev;1;;https://www.linkedin.com/jobs/view/4472547835/;https://www.linkedin.com/jobs/view/4472547835/;Remote;-;02/10/2026;;Paraná;PR;Região Sul;Brasil;América do Sul
109;BairesDev;Desenvolvedor React Native - Trabalho Remoto;Grande Curitiba (PR);01/10 14:00;https://www.linkedin.com/jobs/view/4472547828/;https://media.licdn.com/dms/image/v2/D4E0BAQGNvQASzrdL_w/company-logo_100_100/company-logo_100_100/0/1687874736484/bairesdev_logo?e=1792627200&v=beta&t=GrgZOXoZQrEUghK8-iZExcM-OhBNJM7-yxkwdZ_ayG0;-;https://www.linkedin.com/company/bairesdev/about/;Software e Serviços de TI;frontend OR javascript OR typescript OR html OR css OR react OR angular OR vue OR next.js OR wordpress OR full stack;bairesdev;1;;https://www.linkedin.com/jobs/view/4472547828/;https://www.linkedin.com/jobs/view/4472547828/;Remote;-;02/10/2026;;Paraná;PR;Região Sul;Brasil;América do Sul
110;BairesDev;Desenvolvedor React Frontend - Trabalho Remoto;Grande Recife (PE);01/10 14:00;https://www.linkedin.com/jobs/view/4472556445/;https://media.licdn.com/dms/image/v2/D4E0BAQGNvQASzrdL_w/company-logo_100_100/company-logo_100_100/0/1687874736484/bairesdev_logo?e=1792627200&v=beta&t=GrgZOXoZQrEUghK8-iZExcM-OhBNJM7-yxkwdZ_ayG0;-;https://www.linkedin.com/company/bairesdev/about/;-;frontend OR javascript OR typescript OR html OR css OR react OR angular OR vue OR next.js OR wordpress OR full stack;bairesdev;1;;https://www.linkedin.com/jobs/view/4472556445/;https://www.linkedin.com/jobs/view/4472556445/;Remote;Frontend;02/10/2026;;Pernambuco;PE;Região Nordeste;Brasil;América do Sul
111;BairesDev;Full Stack Engineer (Clojure/ClojureScript) - Remote work | REF#302330;Grande Rio de Janeiro (RJ);01/10 14:00;https://www.linkedin.com/jobs/view/4474345812/;https://media.licdn.com/dms/image/v2/D4E0BAQGNvQASzrdL_w/company-logo_100_100/company-logo_100_100/0/1687874736484/bairesdev_logo?e=1792627200&v=beta&t=GrgZOXoZQrEUghK8-iZExcM-OhBNJM7-yxkwdZ_ayG0;Advanced > Information Technology;https://www.linkedin.com/company/bairesdev/about/;-;frontend OR javascript OR typescript OR html OR css OR react OR angular OR vue OR next.js OR wordpress OR full stack;bairesdev;1;;https://www.linkedin.com/jobs/view/4474345812/;https://www.linkedin.com/jobs/view/4474345812/;Remote;Full Stack, Engenharia Geral;02/10/2026;;Rio de Janeiro;RJ;Região Sudeste;Brasil;América do Sul
112;BairesDev;Full Stack Java Developer - Remote Work | REF#304762;Grande Rio de Janeiro (RJ);01/10 14:00;https://www.linkedin.com/jobs/view/4474348715/;https://media.licdn.com/dms/image/v2/D4E0BAQGNvQASzrdL_w/company-logo_100_100/company-logo_100_100/0/1687874736484/bairesdev_logo?e=1792627200&v=beta&t=GrgZOXoZQrEUghK8-iZExcM-OhBNJM7-yxkwdZ_ayG0;Advanced > Information Technology;https://www.linkedin.com/company/bairesdev/about/;-;frontend OR javascript OR typescript OR html OR css OR react OR angular OR vue OR next.js OR wordpress OR full stack;bairesdev;1;;https://www.linkedin.com/jobs/view/4474348715/;https://www.linkedin.com/jobs/view/4474348715/;Remote;Full Stack;02/10/2026;;Rio de Janeiro;RJ;Região Sudeste;Brasil;América do Sul
113;BairesDev;PHP Full Stack Developer - Remote Work | REF#303420;Grande Rio de Janeiro (RJ);01/10 14:00;https://www.linkedin.com/jobs/view/4464911002/;https://media.licdn.com/dms/image/v2/D4E0BAQGNvQASzrdL_w/company-logo_100_100/company-logo_100_100/0/1687874736484/bairesdev_logo?e=1792627200&v=beta&t=GrgZOXoZQrEUghK8-iZExcM-OhBNJM7-yxkwdZ_ayG0;Advanced > Information Technology;https://www.linkedin.com/company/bairesdev/about/;-;frontend OR javascript OR typescript OR html OR css OR react OR angular OR vue OR next.js OR wordpress OR full stack;bairesdev;1;;https://www.linkedin.com/jobs/view/4464911002/;https://www.linkedin.com/jobs/view/4464911002/;Remote;Full Stack;02/10/2026;;Rio de Janeiro;RJ;Região Sudeste;Brasil;América do Sul
114;BairesDev;Playwright Automation Engineer (JavaScript) - Remote work | REF#305282;Grande Rio de Janeiro (RJ);01/10 14:00;https://www.linkedin.com/jobs/view/4474346754/;https://media.licdn.com/dms/image/v2/D4E0BAQGNvQASzrdL_w/company-logo_100_100/company-logo_100_100/0/1687874736484/bairesdev_logo?e=1792627200&v=beta&t=GrgZOXoZQrEUghK8-iZExcM-OhBNJM7-yxkwdZ_ayG0;Advanced > Process & Automation;https://www.linkedin.com/company/bairesdev/about/;Software e Serviços de TI;frontend OR javascript OR typescript OR html OR css OR react OR angular OR vue OR next.js OR wordpress OR full stack;bairesdev;1;;https://www.linkedin.com/jobs/view/4474346754/;https://www.linkedin.com/jobs/view/4474346754/;Remote;Engenharia Geral;02/10/2026;;Rio de Janeiro;RJ;Região Sudeste;Brasil;América do Sul
115;BairesDev;Python FastAPI React Developer - Remote work | REF#301558;Grande Rio de Janeiro (RJ);01/10 14:00;https://www.linkedin.com/jobs/view/4474356191/;https://media.licdn.com/dms/image/v2/D4E0BAQGNvQASzrdL_w/company-logo_100_100/company-logo_100_100/0/1687874736484/bairesdev_logo?e=1792627200&v=beta&t=GrgZOXoZQrEUghK8-iZExcM-OhBNJM7-yxkwdZ_ayG0;Advanced > Information Technology;https://www.linkedin.com/company/bairesdev/about/;-;frontend OR javascript OR typescript OR html OR css OR react OR angular OR vue OR next.js OR wordpress OR full stack;bairesdev;1;;https://www.linkedin.com/jobs/view/4474356191/;https://www.linkedin.com/jobs/view/4474356191/;Remote;-;02/10/2026;;Rio de Janeiro;RJ;Região Sudeste;Brasil;América do Sul
116;BairesDev;Senior Full Stack Developer (Django + React) - Remote Work | REF#305169;Grande Rio de Janeiro (RJ);01/10 14:00;https://www.linkedin.com/jobs/view/4474345817/;https://media.licdn.com/dms/image/v2/D4E0BAQGNvQASzrdL_w/company-logo_100_100/company-logo_100_100/0/1687874736484/bairesdev_logo?e=1792627200&v=beta&t=GrgZOXoZQrEUghK8-iZExcM-OhBNJM7-yxkwdZ_ayG0;Advanced > Information Technology;https://www.linkedin.com/company/bairesdev/about/;-;frontend OR javascript OR typescript OR html OR css OR react OR angular OR vue OR next.js OR wordpress OR full stack;bairesdev;1;;https://www.linkedin.com/jobs/view/4474345817/;https://www.linkedin.com/jobs/view/4474345817/;Remote;Senior, Full Stack;02/10/2026;;Rio de Janeiro;RJ;Região Sudeste;Brasil;América do Sul
117;BairesDev;Senior Full Stack Developer - React + Node - Remote Work | REF#289645;Grande Rio de Janeiro (RJ);01/10 14:00;https://www.linkedin.com/jobs/view/4474342823/;https://media.licdn.com/dms/image/v2/D4E0BAQGNvQASzrdL_w/company-logo_100_100/company-logo_100_100/0/1687874736484/bairesdev_logo?e=1792627200&v=beta&t=GrgZOXoZQrEUghK8-iZExcM-OhBNJM7-yxkwdZ_ayG0;Advanced > Information Technology;https://www.linkedin.com/company/bairesdev/about/;-;frontend OR javascript OR typescript OR html OR css OR react OR angular OR vue OR next.js OR wordpress OR full stack;bairesdev;1;;https://www.linkedin.com/jobs/view/4474342823/;https://www.linkedin.com/jobs/view/4474342823/;Remote;Senior, Full Stack;02/10/2026;;Rio de Janeiro;RJ;Região Sudeste;Brasil;América do Sul
118;BairesDev;Senior Full Stack Engineer - Remote Work | REF#301629;Grande Rio de Janeiro (RJ);01/10 14:00;https://www.linkedin.com/jobs/view/4474340936/;https://media.licdn.com/dms/image/v2/D4E0BAQGNvQASzrdL_w/company-logo_100_100/company-logo_100_100/0/1687874736484/bairesdev_logo?e=1792627200&v=beta&t=GrgZOXoZQrEUghK8-iZExcM-OhBNJM7-yxkwdZ_ayG0;Advanced > Information Technology;https://www.linkedin.com/company/bairesdev/about/;-;frontend OR javascript OR typescript OR html OR css OR react OR angular OR vue OR next.js OR wordpress OR full stack;bairesdev;1;;https://www.linkedin.com/jobs/view/4474340936/;https://www.linkedin.com/jobs/view/4474340936/;Remote;Senior, Full Stack, Engenharia Geral;02/10/2026;;Rio de Janeiro;RJ;Região Sudeste;Brasil;América do Sul
119;BairesDev;Senior Full Stack Engineer – .NET & React - Remote work | REF#302886;Grande Rio de Janeiro (RJ);01/10 14:00;https://www.linkedin.com/jobs/view/4462088118/;https://media.licdn.com/dms/image/v2/D4E0BAQGNvQASzrdL_w/company-logo_100_100/company-logo_100_100/0/1687874736484/bairesdev_logo?e=1792627200&v=beta&t=GrgZOXoZQrEUghK8-iZExcM-OhBNJM7-yxkwdZ_ayG0;Advanced > Information Technology;https://www.linkedin.com/company/bairesdev/about/;-;frontend OR javascript OR typescript OR html OR css OR react OR angular OR vue OR next.js OR wordpress OR full stack;bairesdev;1;;https://www.linkedin.com/jobs/view/4462088118/;https://www.linkedin.com/jobs/view/4462088118/;Remote;Senior, Full Stack, Engenharia Geral;02/10/2026;;Rio de Janeiro;RJ;Região Sudeste;Brasil;América do Sul
120;BairesDev;Senior Full Stack Engineer – Angular & Node.js - Remote Work | REF#305225;Grande Rio de Janeiro (RJ);01/10 14:00;https://www.linkedin.com/jobs/view/4474348767/;https://media.licdn.com/dms/image/v2/D4E0BAQGNvQASzrdL_w/company-logo_100_100/company-logo_100_100/0/1687874736484/bairesdev_logo?e=1792627200&v=beta&t=GrgZOXoZQrEUghK8-iZExcM-OhBNJM7-yxkwdZ_ayG0;Advanced > Information Technology;https://www.linkedin.com/company/bairesdev/about/;-;frontend OR javascript OR typescript OR html OR css OR react OR angular OR vue OR next.js OR wordpress OR full stack;bairesdev;1;;https://www.linkedin.com/jobs/view/4474348767/;https://www.linkedin.com/jobs/view/4474348767/;Remote;Senior, Full Stack, Engenharia Geral;02/10/2026;;Rio de Janeiro;RJ;Região Sudeste;Brasil;América do Sul
121;BairesDev;Senior Full-Stack .NET & Angular Engineer - Remote Work | REF#305039;Grande Rio de Janeiro (RJ);01/10 14:00;https://www.linkedin.com/jobs/view/4474340941/;https://media.licdn.com/dms/image/v2/D4E0BAQGNvQASzrdL_w/company-logo_100_100/company-logo_100_100/0/1687874736484/bairesdev_logo?e=1792627200&v=beta&t=GrgZOXoZQrEUghK8-iZExcM-OhBNJM7-yxkwdZ_ayG0;Advanced > Information Technology;https://www.linkedin.com/company/bairesdev/about/;-;frontend OR javascript OR typescript OR html OR css OR react OR angular OR vue OR next.js OR wordpress OR full stack;bairesdev;1;;https://www.linkedin.com/jobs/view/4474340941/;https://www.linkedin.com/jobs/view/4474340941/;Remote;Senior, Full Stack, Engenharia Geral;02/10/2026;;Rio de Janeiro;RJ;Região Sudeste;Brasil;América do Sul
122;BairesDev;Senior React & TypeScript Engineer - Remote Work | REF#301397;Grande Rio de Janeiro (RJ);01/10 14:00;https://www.linkedin.com/jobs/view/4474345789/;https://media.licdn.com/dms/image/v2/D4E0BAQGNvQASzrdL_w/company-logo_100_100/company-logo_100_100/0/1687874736484/bairesdev_logo?e=1792627200&v=beta&t=GrgZOXoZQrEUghK8-iZExcM-OhBNJM7-yxkwdZ_ayG0;Advanced > Information Technology;https://www.linkedin.com/company/bairesdev/about/;-;frontend OR javascript OR typescript OR html OR css OR react OR angular OR vue OR next.js OR wordpress OR full stack;bairesdev;1;;https://www.linkedin.com/jobs/view/4474345789/;https://www.linkedin.com/jobs/view/4474345789/;Remote;Senior, Engenharia Geral;02/10/2026;;Rio de Janeiro;RJ;Região Sudeste;Brasil;América do Sul
123;BairesDev;Senior Software Engineer (Java/React) - Remote Work | REF#302121;Grande Rio de Janeiro (RJ);01/10 14:00;https://www.linkedin.com/jobs/view/4474349649/;https://media.licdn.com/dms/image/v2/D4E0BAQGNvQASzrdL_w/company-logo_100_100/company-logo_100_100/0/1687874736484/bairesdev_logo?e=1792627200&v=beta&t=GrgZOXoZQrEUghK8-iZExcM-OhBNJM7-yxkwdZ_ayG0;Advanced > Information Technology;https://www.linkedin.com/company/bairesdev/about/;Software e Serviços de TI;frontend OR javascript OR typescript OR html OR css OR react OR angular OR vue OR next.js OR wordpress OR full stack;bairesdev;1;;https://www.linkedin.com/jobs/view/4474349649/;https://www.linkedin.com/jobs/view/4474349649/;Remote;Senior, TI/Tech, Engenharia Geral;02/10/2026;;Rio de Janeiro;RJ;Região Sudeste;Brasil;América do Sul
124;BairesDev;WordPress Developer (PHP) | REF#305174;Grande Rio de Janeiro (RJ);01/10 14:00;https://www.linkedin.com/jobs/view/4474361004/;https://media.licdn.com/dms/image/v2/D4E0BAQGNvQASzrdL_w/company-logo_100_100/company-logo_100_100/0/1687874736484/bairesdev_logo?e=1792627200&v=beta&t=GrgZOXoZQrEUghK8-iZExcM-OhBNJM7-yxkwdZ_ayG0;Advanced > Information Technology;https://www.linkedin.com/company/bairesdev/about/;-;frontend OR javascript OR typescript OR html OR css OR react OR angular OR vue OR next.js OR wordpress OR full stack;bairesdev;1;;https://www.linkedin.com/jobs/view/4474361004/;https://www.linkedin.com/jobs/view/4474361004/;Remote;-;02/10/2026;;Rio de Janeiro;RJ;Região Sudeste;Brasil;América do Sul
125;BairesDev;Desenvolvedor React Frontend - Trabalho Remoto;Grande Salvador (BA);01/10 14:00;https://www.linkedin.com/jobs/view/4472551617/;https://media.licdn.com/dms/image/v2/D4E0BAQGNvQASzrdL_w/company-logo_100_100/company-logo_100_100/0/1687874736484/bairesdev_logo?e=1792627200&v=beta&t=GrgZOXoZQrEUghK8-iZExcM-OhBNJM7-yxkwdZ_ayG0;-;https://www.linkedin.com/company/bairesdev/about/;-;frontend OR javascript OR typescript OR html OR css OR react OR angular OR vue OR next.js OR wordpress OR full stack;bairesdev;1;;https://www.linkedin.com/jobs/view/4472551617/;https://www.linkedin.com/jobs/view/4472551617/;Remote;Frontend;02/10/2026;;Bahia;BA;Região Nordeste;Brasil;América do Sul
126;BairesDev;Desarrollador WordPress Senior - Trabajo Remoto | REF#304620;Minas Gerais, Brasil;01/10 14:00;https://www.linkedin.com/jobs/view/4474357078/;https://media.licdn.com/dms/image/v2/D4E0BAQGNvQASzrdL_w/company-logo_100_100/company-logo_100_100/0/1687874736484/bairesdev_logo?e=1792627200&v=beta&t=GrgZOXoZQrEUghK8-iZExcM-OhBNJM7-yxkwdZ_ayG0;-;https://www.linkedin.com/company/bairesdev/about/;-;frontend OR javascript OR typescript OR html OR css OR react OR angular OR vue OR next.js OR wordpress OR full stack;bairesdev;1;;https://www.linkedin.com/jobs/view/4474357078/;https://www.linkedin.com/jobs/view/4474357078/;Remote;Senior;02/10/2026;;Minas Gerais;MG;Região Sudeste;Brasil;América do Sul
127;BairesDev;Frontend Developer (React) - Remote Work | REF#290579;Minas Gerais, Brasil;01/10 14:00;https://www.linkedin.com/jobs/view/4462075363/;https://media.licdn.com/dms/image/v2/D4E0BAQGNvQASzrdL_w/company-logo_100_100/company-logo_100_100/0/1687874736484/bairesdev_logo?e=1792627200&v=beta&t=GrgZOXoZQrEUghK8-iZExcM-OhBNJM7-yxkwdZ_ayG0;Advanced > Information Technology;https://www.linkedin.com/company/bairesdev/about/;-;frontend OR javascript OR typescript OR html OR css OR react OR angular OR vue OR next.js OR wordpress OR full stack;bairesdev;1;;https://www.linkedin.com/jobs/view/4462075363/;https://www.linkedin.com/jobs/view/4462075363/;Remote;Frontend;02/10/2026;;Minas Gerais;MG;Região Sudeste;Brasil;América do Sul
128;BairesDev;Full Stack Engineer (Java) - Remote Work | REF#304769;Minas Gerais, Brasil;01/10 14:00;https://www.linkedin.com/jobs/view/4474348719/;https://media.licdn.com/dms/image/v2/D4E0BAQGNvQASzrdL_w/company-logo_100_100/company-logo_100_100/0/1687874736484/bairesdev_logo?e=1792627200&v=beta&t=GrgZOXoZQrEUghK8-iZExcM-OhBNJM7-yxkwdZ_ayG0;Advanced > Information Technology;https://www.linkedin.com/company/bairesdev/about/;-;frontend OR javascript OR typescript OR html OR css OR react OR angular OR vue OR next.js OR wordpress OR full stack;bairesdev;1;;https://www.linkedin.com/jobs/view/4474348719/;https://www.linkedin.com/jobs/view/4474348719/;Remote;Full Stack, Engenharia Geral;02/10/2026;;Minas Gerais;MG;Região Sudeste;Brasil;América do Sul
129;BairesDev;Java Full Stack Developer - Remote Work | REF#304774;Minas Gerais, Brasil;01/10 14:00;https://www.linkedin.com/jobs/view/4474350564/;https://media.licdn.com/dms/image/v2/D4E0BAQGNvQASzrdL_w/company-logo_100_100/company-logo_100_100/0/1687874736484/bairesdev_logo?e=1792627200&v=beta&t=GrgZOXoZQrEUghK8-iZExcM-OhBNJM7-yxkwdZ_ayG0;Advanced > Information Technology;https://www.linkedin.com/company/bairesdev/about/;-;frontend OR javascript OR typescript OR html OR css OR react OR angular OR vue OR next.js OR wordpress OR full stack;bairesdev;1;;https://www.linkedin.com/jobs/view/4474350564/;https://www.linkedin.com/jobs/view/4474350564/;Remote;Full Stack;02/10/2026;;Minas Gerais;MG;Região Sudeste;Brasil;América do Sul
130;BairesDev;JavaScript QA Automation Engineer - Remote work | REF#305293;Minas Gerais, Brasil;01/10 14:00;https://www.linkedin.com/jobs/view/4474356213/;https://media.licdn.com/dms/image/v2/D4E0BAQGNvQASzrdL_w/company-logo_100_100/company-logo_100_100/0/1687874736484/bairesdev_logo?e=1792627200&v=beta&t=GrgZOXoZQrEUghK8-iZExcM-OhBNJM7-yxkwdZ_ayG0;Advanced > Process & Automation;https://www.linkedin.com/company/bairesdev/about/;Software e Serviços de TI;frontend OR javascript OR typescript OR html OR css OR react OR angular OR vue OR next.js OR wordpress OR full stack;bairesdev;1;;https://www.linkedin.com/jobs/view/4474356213/;https://www.linkedin.com/jobs/view/4474356213/;Remote;Engenharia Geral, Testes / QA;02/10/2026;;Minas Gerais;MG;Região Sudeste;Brasil;América do Sul
131;BairesDev;PHP Full Stack Developer - Remote Work | REF#304792;Minas Gerais, Brasil;01/10 14:00;https://www.linkedin.com/jobs/view/4474346687/;https://media.licdn.com/dms/image/v2/D4E0BAQGNvQASzrdL_w/company-logo_100_100/company-logo_100_100/0/1687874736484/bairesdev_logo?e=1792627200&v=beta&t=GrgZOXoZQrEUghK8-iZExcM-OhBNJM7-yxkwdZ_ayG0;Advanced > Information Technology;https://www.linkedin.com/company/bairesdev/about/;-;frontend OR javascript OR typescript OR html OR css OR react OR angular OR vue OR next.js OR wordpress OR full stack;bairesdev;1;;https://www.linkedin.com/jobs/view/4474346687/;https://www.linkedin.com/jobs/view/4474346687/;Remote;Full Stack;02/10/2026;;Minas Gerais;MG;Região Sudeste;Brasil;América do Sul
132;BairesDev;Senior Backend Engineer – TypeScript & AI - Remote work | REF#302880;Minas Gerais, Brasil;01/10 14:00;https://www.linkedin.com/jobs/view/4462092061/;https://media.licdn.com/dms/image/v2/D4E0BAQGNvQASzrdL_w/company-logo_100_100/company-logo_100_100/0/1687874736484/bairesdev_logo?e=1792627200&v=beta&t=GrgZOXoZQrEUghK8-iZExcM-OhBNJM7-yxkwdZ_ayG0;Advanced > Information Technology;https://www.linkedin.com/company/bairesdev/about/;Inteligência Artificial;frontend OR javascript OR typescript OR html OR css OR react OR angular OR vue OR next.js OR wordpress OR full stack;bairesdev;1;;https://www.linkedin.com/jobs/view/4462092061/;https://www.linkedin.com/jobs/view/4462092061/;Remote;Inteligência Artificial, Senior, Backend, Engenharia Geral;02/10/2026;;Minas Gerais;MG;Região Sudeste;Brasil;América do Sul
133;BairesDev;Senior Full Stack AI Engineer - Remote Work | REF#305202;Minas Gerais, Brasil;01/10 14:00;https://www.linkedin.com/jobs/view/4474346758/;https://media.licdn.com/dms/image/v2/D4E0BAQGNvQASzrdL_w/company-logo_100_100/company-logo_100_100/0/1687874736484/bairesdev_logo?e=1792627200&v=beta&t=GrgZOXoZQrEUghK8-iZExcM-OhBNJM7-yxkwdZ_ayG0;Advanced > Information Technology;https://www.linkedin.com/company/bairesdev/about/;Inteligência Artificial;frontend OR javascript OR typescript OR html OR css OR react OR angular OR vue OR next.js OR wordpress OR full stack;bairesdev;1;;https://www.linkedin.com/jobs/view/4474346758/;https://www.linkedin.com/jobs/view/4474346758/;Remote;Inteligência Artificial, Senior, Full Stack, Engenharia Geral;02/10/2026;;Minas Gerais;MG;Região Sudeste;Brasil;América do Sul
134;BairesDev;Senior Full Stack Developer (Django + React) - Remote Work | REF#305168;Minas Gerais, Brasil;01/10 14:00;https://www.linkedin.com/jobs/view/4474341880/;https://media.licdn.com/dms/image/v2/D4E0BAQGNvQASzrdL_w/company-logo_100_100/company-logo_100_100/0/1687874736484/bairesdev_logo?e=1792627200&v=beta&t=GrgZOXoZQrEUghK8-iZExcM-OhBNJM7-yxkwdZ_ayG0;Advanced > Information Technology;https://www.linkedin.com/company/bairesdev/about/;-;frontend OR javascript OR typescript OR html OR css OR react OR angular OR vue OR next.js OR wordpress OR full stack;bairesdev;1;;https://www.linkedin.com/jobs/view/4474341880/;https://www.linkedin.com/jobs/view/4474341880/;Remote;Senior, Full Stack;02/10/2026;;Minas Gerais;MG;Região Sudeste;Brasil;América do Sul
135;BairesDev;Senior Full Stack Developer (React/Python) - Remote Work | REF#301631;Minas Gerais, Brasil;01/10 14:00;https://www.linkedin.com/jobs/view/4474342878/;https://media.licdn.com/dms/image/v2/D4E0BAQGNvQASzrdL_w/company-logo_100_100/company-logo_100_100/0/1687874736484/bairesdev_logo?e=1792627200&v=beta&t=GrgZOXoZQrEUghK8-iZExcM-OhBNJM7-yxkwdZ_ayG0;Advanced > Information Technology;https://www.linkedin.com/company/bairesdev/about/;-;frontend OR javascript OR typescript OR html OR css OR react OR angular OR vue OR next.js OR wordpress OR full stack;bairesdev;1;;https://www.linkedin.com/jobs/view/4474342878/;https://www.linkedin.com/jobs/view/4474342878/;Remote;Senior, Full Stack;02/10/2026;;Minas Gerais;MG;Região Sudeste;Brasil;América do Sul
136;BairesDev;Senior Full Stack Developer - React + Node - Remote Work | REF#304473;Minas Gerais, Brasil;01/10 14:00;https://www.linkedin.com/jobs/view/4474355203/;https://media.licdn.com/dms/image/v2/D4E0BAQGNvQASzrdL_w/company-logo_100_100/company-logo_100_100/0/1687874736484/bairesdev_logo?e=1792627200&v=beta&t=GrgZOXoZQrEUghK8-iZExcM-OhBNJM7-yxkwdZ_ayG0;Advanced > Information Technology;https://www.linkedin.com/company/bairesdev/about/;-;frontend OR javascript OR typescript OR html OR css OR react OR angular OR vue OR next.js OR wordpress OR full stack;bairesdev;1;;https://www.linkedin.com/jobs/view/4474355203/;https://www.linkedin.com/jobs/view/4474355203/;Remote;Senior, Full Stack;02/10/2026;;Minas Gerais;MG;Região Sudeste;Brasil;América do Sul
137;BairesDev;Senior Full Stack Engineer – .NET & React - Remote work | REF#305183;Minas Gerais, Brasil;01/10 14:00;https://www.linkedin.com/jobs/view/4474345821/;https://media.licdn.com/dms/image/v2/D4E0BAQGNvQASzrdL_w/company-logo_100_100/company-logo_100_100/0/1687874736484/bairesdev_logo?e=1792627200&v=beta&t=GrgZOXoZQrEUghK8-iZExcM-OhBNJM7-yxkwdZ_ayG0;Advanced > Information Technology;https://www.linkedin.com/company/bairesdev/about/;-;frontend OR javascript OR typescript OR html OR css OR react OR angular OR vue OR next.js OR wordpress OR full stack;bairesdev;1;;https://www.linkedin.com/jobs/view/4474345821/;https://www.linkedin.com/jobs/view/4474345821/;Remote;Senior, Full Stack, Engenharia Geral;02/10/2026;;Minas Gerais;MG;Região Sudeste;Brasil;América do Sul
138;BairesDev;Senior Full-Stack Engineer (React, .NET) - Remote Work | REF#302700;Minas Gerais, Brasil;01/10 14:00;https://www.linkedin.com/jobs/view/4462086124/;https://media.licdn.com/dms/image/v2/D4E0BAQGNvQASzrdL_w/company-logo_100_100/company-logo_100_100/0/1687874736484/bairesdev_logo?e=1792627200&v=beta&t=GrgZOXoZQrEUghK8-iZExcM-OhBNJM7-yxkwdZ_ayG0;Advanced > Information Technology;https://www.linkedin.com/company/bairesdev/about/;-;frontend OR javascript OR typescript OR html OR css OR react OR angular OR vue OR next.js OR wordpress OR full stack;bairesdev;1;;https://www.linkedin.com/jobs/view/4462086124/;https://www.linkedin.com/jobs/view/4462086124/;Remote;Senior, Full Stack, Engenharia Geral;02/10/2026;;Minas Gerais;MG;Região Sudeste;Brasil;América do Sul
139;BairesDev;Senior Full-Stack Engineer (React, Node.js, TypeScript) - Remote Work | REF#303675;Minas Gerais, Brasil;01/10 14:00;https://www.linkedin.com/jobs/view/4464901694/;https://media.licdn.com/dms/image/v2/D4E0BAQGNvQASzrdL_w/company-logo_100_100/company-logo_100_100/0/1687874736484/bairesdev_logo?e=1792627200&v=beta&t=GrgZOXoZQrEUghK8-iZExcM-OhBNJM7-yxkwdZ_ayG0;Advanced > Information Technology;https://www.linkedin.com/company/bairesdev/about/;-;frontend OR javascript OR typescript OR html OR css OR react OR angular OR vue OR next.js OR wordpress OR full stack;bairesdev;1;;https://www.linkedin.com/jobs/view/4464901694/;https://www.linkedin.com/jobs/view/4464901694/;Remote;Senior, Full Stack, Engenharia Geral;02/10/2026;;Minas Gerais;MG;Região Sudeste;Brasil;América do Sul
140;BairesDev;Senior Node & TypeScript & AWS Engineer - Remote Work | REF#301462;Minas Gerais, Brasil;01/10 14:00;https://www.linkedin.com/jobs/view/4474344787/;https://media.licdn.com/dms/image/v2/D4E0BAQGNvQASzrdL_w/company-logo_100_100/company-logo_100_100/0/1687874736484/bairesdev_logo?e=1792627200&v=beta&t=GrgZOXoZQrEUghK8-iZExcM-OhBNJM7-yxkwdZ_ayG0;Advanced > Information Technology;https://www.linkedin.com/company/bairesdev/about/;-;frontend OR javascript OR typescript OR html OR css OR react OR angular OR vue OR next.js OR wordpress OR full stack;bairesdev;1;;https://www.linkedin.com/jobs/view/4474344787/;https://www.linkedin.com/jobs/view/4474344787/;Remote;Senior, Cloud (AWS/GCP/Azure), Engenharia Geral;02/10/2026;;Minas Gerais;MG;Região Sudeste;Brasil;América do Sul
141;BairesDev;Senior React & TypeScript Engineer - Remote Work | REF#305012;Minas Gerais, Brasil;01/10 14:00;https://www.linkedin.com/jobs/view/4474343794/;https://media.licdn.com/dms/image/v2/D4E0BAQGNvQASzrdL_w/company-logo_100_100/company-logo_100_100/0/1687874736484/bairesdev_logo?e=1792627200&v=beta&t=GrgZOXoZQrEUghK8-iZExcM-OhBNJM7-yxkwdZ_ayG0;Advanced > Information Technology;https://www.linkedin.com/company/bairesdev/about/;-;frontend OR javascript OR typescript OR html OR css OR react OR angular OR vue OR next.js OR wordpress OR full stack;bairesdev;1;;https://www.linkedin.com/jobs/view/4474343794/;https://www.linkedin.com/jobs/view/4474343794/;Remote;Senior, Engenharia Geral;02/10/2026;;Minas Gerais;MG;Região Sudeste;Brasil;América do Sul
142;BairesDev;Senior Software Engineer (Java/React) - Remote Work | REF#302652;Minas Gerais, Brasil;01/10 14:00;https://www.linkedin.com/jobs/view/4462092021/;https://media.licdn.com/dms/image/v2/D4E0BAQGNvQASzrdL_w/company-logo_100_100/company-logo_100_100/0/1687874736484/bairesdev_logo?e=1792627200&v=beta&t=GrgZOXoZQrEUghK8-iZExcM-OhBNJM7-yxkwdZ_ayG0;Advanced > Information Technology;https://www.linkedin.com/company/bairesdev/about/;Software e Serviços de TI;frontend OR javascript OR typescript OR html OR css OR react OR angular OR vue OR next.js OR wordpress OR full stack;bairesdev;1;;https://www.linkedin.com/jobs/view/4462092021/;https://www.linkedin.com/jobs/view/4462092021/;Remote;Senior, TI/Tech, Engenharia Geral;02/10/2026;;Minas Gerais;MG;Região Sudeste;Brasil;América do Sul
143;BairesDev;Desenvolvedor de Soluções WordPress - Trabalho Remoto | REF#304500;São Paulo (SP);01/10 14:00;https://www.linkedin.com/jobs/view/4474342840/;https://media.licdn.com/dms/image/v2/D4E0BAQGNvQASzrdL_w/company-logo_100_100/company-logo_100_100/0/1687874736484/bairesdev_logo?e=1792627200&v=beta&t=GrgZOXoZQrEUghK8-iZExcM-OhBNJM7-yxkwdZ_ayG0;-;https://www.linkedin.com/company/bairesdev/about/;-;frontend OR javascript OR typescript OR html OR css OR react OR angular OR vue OR next.js OR wordpress OR full stack;bairesdev;1;;https://www.linkedin.com/jobs/view/4474342840/;https://www.linkedin.com/jobs/view/4474342840/;Remote;-;02/10/2026;;São Paulo;SP;Região Sudeste;Brasil;América do Sul
144;BairesDev;Full Stack Engineer (FastAPI & React) - Remote work | REF#301555;São Paulo (SP);01/10 14:00;https://www.linkedin.com/jobs/view/4474346721/;https://media.licdn.com/dms/image/v2/D4E0BAQGNvQASzrdL_w/company-logo_100_100/company-logo_100_100/0/1687874736484/bairesdev_logo?e=1792627200&v=beta&t=GrgZOXoZQrEUghK8-iZExcM-OhBNJM7-yxkwdZ_ayG0;Advanced > Information Technology;https://www.linkedin.com/company/bairesdev/about/;-;frontend OR javascript OR typescript OR html OR css OR react OR angular OR vue OR next.js OR wordpress OR full stack;bairesdev;1;;https://www.linkedin.com/jobs/view/4474346721/;https://www.linkedin.com/jobs/view/4474346721/;Remote;Full Stack, Engenharia Geral;02/10/2026;;São Paulo;SP;Região Sudeste;Brasil;América do Sul
145;BairesDev;Full Stack Java Developer - Remote Work | REF#304764;São Paulo (SP);01/10 14:00;https://www.linkedin.com/jobs/view/4474355220/;https://media.licdn.com/dms/image/v2/D4E0BAQGNvQASzrdL_w/company-logo_100_100/company-logo_100_100/0/1687874736484/bairesdev_logo?e=1792627200&v=beta&t=GrgZOXoZQrEUghK8-iZExcM-OhBNJM7-yxkwdZ_ayG0;Advanced > Information Technology;https://www.linkedin.com/company/bairesdev/about/;-;frontend OR javascript OR typescript OR html OR css OR react OR angular OR vue OR next.js OR wordpress OR full stack;bairesdev;1;;https://www.linkedin.com/jobs/view/4474355220/;https://www.linkedin.com/jobs/view/4474355220/;Remote;Full Stack;02/10/2026;;São Paulo;SP;Região Sudeste;Brasil;América do Sul
146;BairesDev;Full-Stack .NET Technical Lead - Remote Work | REF#305361;São Paulo (SP);01/10 14:00;https://www.linkedin.com/jobs/view/4474353244/;https://media.licdn.com/dms/image/v2/D4E0BAQGNvQASzrdL_w/company-logo_100_100/company-logo_100_100/0/1687874736484/bairesdev_logo?e=1792627200&v=beta&t=GrgZOXoZQrEUghK8-iZExcM-OhBNJM7-yxkwdZ_ayG0;Middle > Manager;https://www.linkedin.com/company/bairesdev/about/;Software e Serviços de TI;frontend OR javascript OR typescript OR html OR css OR react OR angular OR vue OR next.js OR wordpress OR full stack;bairesdev;1;;https://www.linkedin.com/jobs/view/4474353244/;https://www.linkedin.com/jobs/view/4474353244/;Remote;Mid, Liderança/Gerência, TI/Tech, Full Stack;02/10/2026;;São Paulo;SP;Região Sudeste;Brasil;América do Sul
147;BairesDev;Java Full Stack Developer - Remote Work | REF#304777;São Paulo (SP);01/10 14:00;https://www.linkedin.com/jobs/view/4474340891/;https://media.licdn.com/dms/image/v2/D4E0BAQGNvQASzrdL_w/company-logo_100_100/company-logo_100_100/0/1687874736484/bairesdev_logo?e=1792627200&v=beta&t=GrgZOXoZQrEUghK8-iZExcM-OhBNJM7-yxkwdZ_ayG0;Advanced > Information Technology;https://www.linkedin.com/company/bairesdev/about/;-;frontend OR javascript OR typescript OR html OR css OR react OR angular OR vue OR next.js OR wordpress OR full stack;bairesdev;1;;https://www.linkedin.com/jobs/view/4474340891/;https://www.linkedin.com/jobs/view/4474340891/;Remote;Full Stack;02/10/2026;;São Paulo;SP;Região Sudeste;Brasil;América do Sul
148;BairesDev;JavaScript QA Automation Engineer - Remote work | REF#305296;São Paulo (SP);01/10 14:00;https://www.linkedin.com/jobs/view/4474347778/;https://media.licdn.com/dms/image/v2/D4E0BAQGNvQASzrdL_w/company-logo_100_100/company-logo_100_100/0/1687874736484/bairesdev_logo?e=1792627200&v=beta&t=GrgZOXoZQrEUghK8-iZExcM-OhBNJM7-yxkwdZ_ayG0;Advanced > Process & Automation;https://www.linkedin.com/company/bairesdev/about/;Software e Serviços de TI;frontend OR javascript OR typescript OR html OR css OR react OR angular OR vue OR next.js OR wordpress OR full stack;bairesdev;1;;https://www.linkedin.com/jobs/view/4474347778/;https://www.linkedin.com/jobs/view/4474347778/;Remote;Engenharia Geral, Testes / QA;02/10/2026;;São Paulo;SP;Região Sudeste;Brasil;América do Sul
149;BairesDev;Playwright Automation Engineer (JavaScript) - Remote work | REF#305283;São Paulo (SP);01/10 14:00;https://www.linkedin.com/jobs/view/4474352355/;https://media.licdn.com/dms/image/v2/D4E0BAQGNvQASzrdL_w/company-logo_100_100/company-logo_100_100/0/1687874736484/bairesdev_logo?e=1792627200&v=beta&t=GrgZOXoZQrEUghK8-iZExcM-OhBNJM7-yxkwdZ_ayG0;Advanced > Process & Automation;https://www.linkedin.com/company/bairesdev/about/;Software e Serviços de TI;frontend OR javascript OR typescript OR html OR css OR react OR angular OR vue OR next.js OR wordpress OR full stack;bairesdev;1;;https://www.linkedin.com/jobs/view/4474352355/;https://www.linkedin.com/jobs/view/4474352355/;Remote;Engenharia Geral;02/10/2026;;São Paulo;SP;Região Sudeste;Brasil;América do Sul
150;BairesDev;Senior Full Stack AI Engineer - Remote Work | REF#305203;São Paulo (SP);01/10 14:00;https://www.linkedin.com/jobs/view/4474342893/;https://media.licdn.com/dms/image/v2/D4E0BAQGNvQASzrdL_w/company-logo_100_100/company-logo_100_100/0/1687874736484/bairesdev_logo?e=1792627200&v=beta&t=GrgZOXoZQrEUghK8-iZExcM-OhBNJM7-yxkwdZ_ayG0;Advanced > Information Technology;https://www.linkedin.com/company/bairesdev/about/;Inteligência Artificial;frontend OR javascript OR typescript OR html OR css OR react OR angular OR vue OR next.js OR wordpress OR full stack;bairesdev;1;;https://www.linkedin.com/jobs/view/4474342893/;https://www.linkedin.com/jobs/view/4474342893/;Remote;Inteligência Artificial, Senior, Full Stack, Engenharia Geral;02/10/2026;;São Paulo;SP;Região Sudeste;Brasil;América do Sul
151;BairesDev;Senior Full Stack Developer (React/Python) - Remote Work | REF#305142;São Paulo (SP);01/10 14:00;https://www.linkedin.com/jobs/view/4474354245/;https://media.licdn.com/dms/image/v2/D4E0BAQGNvQASzrdL_w/company-logo_100_100/company-logo_100_100/0/1687874736484/bairesdev_logo?e=1792627200&v=beta&t=GrgZOXoZQrEUghK8-iZExcM-OhBNJM7-yxkwdZ_ayG0;Advanced > Information Technology;https://www.linkedin.com/company/bairesdev/about/;-;frontend OR javascript OR typescript OR html OR css OR react OR angular OR vue OR next.js OR wordpress OR full stack;bairesdev;1;;https://www.linkedin.com/jobs/view/4474354245/;https://www.linkedin.com/jobs/view/4474354245/;Remote;Senior, Full Stack;02/10/2026;;São Paulo;SP;Região Sudeste;Brasil;América do Sul
152;BairesDev;Senior Full Stack Developer - React + Node - Remote Work | REF#293719;São Paulo (SP);01/10 14:00;https://www.linkedin.com/jobs/view/4474342837/;https://media.licdn.com/dms/image/v2/D4E0BAQGNvQASzrdL_w/company-logo_100_100/company-logo_100_100/0/1687874736484/bairesdev_logo?e=1792627200&v=beta&t=GrgZOXoZQrEUghK8-iZExcM-OhBNJM7-yxkwdZ_ayG0;Advanced > Information Technology;https://www.linkedin.com/company/bairesdev/about/;-;frontend OR javascript OR typescript OR html OR css OR react OR angular OR vue OR next.js OR wordpress OR full stack;bairesdev;1;;https://www.linkedin.com/jobs/view/4474342837/;https://www.linkedin.com/jobs/view/4474342837/;Remote;Senior, Full Stack;02/10/2026;;São Paulo;SP;Região Sudeste;Brasil;América do Sul
153;BairesDev;Senior Full Stack Engineer – .NET & React - Remote work | REF#305185;São Paulo (SP);01/10 14:00;https://www.linkedin.com/jobs/view/4474355262/;https://media.licdn.com/dms/image/v2/D4E0BAQGNvQASzrdL_w/company-logo_100_100/company-logo_100_100/0/1687874736484/bairesdev_logo?e=1792627200&v=beta&t=GrgZOXoZQrEUghK8-iZExcM-OhBNJM7-yxkwdZ_ayG0;Advanced > Information Technology;https://www.linkedin.com/company/bairesdev/about/;-;frontend OR javascript OR typescript OR html OR css OR react OR angular OR vue OR next.js OR wordpress OR full stack;bairesdev;1;;https://www.linkedin.com/jobs/view/4474355262/;https://www.linkedin.com/jobs/view/4474355262/;Remote;Senior, Full Stack, Engenharia Geral;02/10/2026;;São Paulo;SP;Região Sudeste;Brasil;América do Sul
154;BairesDev;Senior Full Stack Engineer – Go & Vue.js - Remote work | REF#302888;São Paulo (SP);01/10 14:00;https://www.linkedin.com/jobs/view/4462070956/;https://media.licdn.com/dms/image/v2/D4E0BAQGNvQASzrdL_w/company-logo_100_100/company-logo_100_100/0/1687874736484/bairesdev_logo?e=1792627200&v=beta&t=GrgZOXoZQrEUghK8-iZExcM-OhBNJM7-yxkwdZ_ayG0;Advanced > Information Technology;https://www.linkedin.com/company/bairesdev/about/;-;frontend OR javascript OR typescript OR html OR css OR react OR angular OR vue OR next.js OR wordpress OR full stack;bairesdev;1;;https://www.linkedin.com/jobs/view/4462070956/;https://www.linkedin.com/jobs/view/4462070956/;Remote;Senior, Full Stack, Engenharia Geral;02/10/2026;;São Paulo;SP;Região Sudeste;Brasil;América do Sul
155;BairesDev;Senior Node & TypeScript & AWS Engineer - Remote Work | REF#302283;São Paulo (SP);01/10 14:00;https://www.linkedin.com/jobs/view/4474356167/;https://media.licdn.com/dms/image/v2/D4E0BAQGNvQASzrdL_w/company-logo_100_100/company-logo_100_100/0/1687874736484/bairesdev_logo?e=1792627200&v=beta&t=GrgZOXoZQrEUghK8-iZExcM-OhBNJM7-yxkwdZ_ayG0;Advanced > Information Technology;https://www.linkedin.com/company/bairesdev/about/;-;frontend OR javascript OR typescript OR html OR css OR react OR angular OR vue OR next.js OR wordpress OR full stack;bairesdev;1;;https://www.linkedin.com/jobs/view/4474356167/;https://www.linkedin.com/jobs/view/4474356167/;Remote;Senior, Cloud (AWS/GCP/Azure), Engenharia Geral;02/10/2026;;São Paulo;SP;Região Sudeste;Brasil;América do Sul
156;BairesDev;Senior React & TypeScript Engineer - Remote Work | REF#302217;São Paulo (SP);01/10 14:00;https://www.linkedin.com/jobs/view/4474347757/;https://media.licdn.com/dms/image/v2/D4E0BAQGNvQASzrdL_w/company-logo_100_100/company-logo_100_100/0/1687874736484/bairesdev_logo?e=1792627200&v=beta&t=GrgZOXoZQrEUghK8-iZExcM-OhBNJM7-yxkwdZ_ayG0;Advanced > Information Technology;https://www.linkedin.com/company/bairesdev/about/;-;frontend OR javascript OR typescript OR html OR css OR react OR angular OR vue OR next.js OR wordpress OR full stack;bairesdev;1;;https://www.linkedin.com/jobs/view/4474347757/;https://www.linkedin.com/jobs/view/4474347757/;Remote;Senior, Engenharia Geral;02/10/2026;;São Paulo;SP;Região Sudeste;Brasil;América do Sul
157;BairesDev;Senior Software Engineer (Java/React) - Remote Work | REF#302122;São Paulo (SP);01/10 14:00;https://www.linkedin.com/jobs/view/4459051720/;https://media.licdn.com/dms/image/v2/D4E0BAQGNvQASzrdL_w/company-logo_100_100/company-logo_100_100/0/1687874736484/bairesdev_logo?e=1792627200&v=beta&t=GrgZOXoZQrEUghK8-iZExcM-OhBNJM7-yxkwdZ_ayG0;Advanced > Information Technology;https://www.linkedin.com/company/bairesdev/about/;Software e Serviços de TI;frontend OR javascript OR typescript OR html OR css OR react OR angular OR vue OR next.js OR wordpress OR full stack;bairesdev;1;;https://www.linkedin.com/jobs/view/4459051720/;https://www.linkedin.com/jobs/view/4459051720/;Remote;Senior, TI/Tech, Engenharia Geral;02/10/2026;;São Paulo;SP;Região Sudeste;Brasil;América do Sul
158;BairesDev;Senior Technical Lead (Node.js, NestJS & TypeScript) - Remote Work | REF#296297;São Paulo (SP);01/10 14:00;https://www.linkedin.com/jobs/view/4474349653/;https://media.licdn.com/dms/image/v2/D4E0BAQGNvQASzrdL_w/company-logo_100_100/company-logo_100_100/0/1687874736484/bairesdev_logo?e=1792627200&v=beta&t=GrgZOXoZQrEUghK8-iZExcM-OhBNJM7-yxkwdZ_ayG0;Middle > Manager;https://www.linkedin.com/company/bairesdev/about/;Software e Serviços de TI;frontend OR javascript OR typescript OR html OR css OR react OR angular OR vue OR next.js OR wordpress OR full stack;bairesdev;1;;https://www.linkedin.com/jobs/view/4474349653/;https://www.linkedin.com/jobs/view/4474349653/;Remote;Senior, Mid, Liderança/Gerência, TI/Tech;02/10/2026;;São Paulo;SP;Região Sudeste;Brasil;América do Sul
159;Base Labs;Full Stack Engineer;América Latina;01/10 20:00;https://www.linkedin.com/jobs/view/4474531788/;https://media.licdn.com/dms/image/v2/D4E0BAQHNdHhBz84A7g/company-logo_100_100/B4EZwMlE8aJ4AQ-/0/1769737572409/base_labs_logo?e=1792627200&v=beta&t=nOcaKpJ8oRVHPQBT3w5vW7t0SN2ICmQwFfwTyxCkCz8;Advanced > Information Technology;https://www.linkedin.com/company/base-labs/about/;-;frontend OR javascript OR typescript OR html OR css OR react OR angular OR vue OR next.js OR wordpress OR full stack;base labs;1;;https://www.linkedin.com/jobs/view/4474531788/;https://www.linkedin.com/jobs/view/4474531788/;Remote;Full Stack, Engenharia Geral;02/10/2026;;;;;;América Latina
160;Base Labs;Full Stack Engineer;América Latina;01/10 20:00;https://www.linkedin.com/jobs/view/4468298072/;https://media.licdn.com/dms/image/v2/D4E0BAQHNdHhBz84A7g/company-logo_100_100/B4EZwMlE8aJ4AQ-/0/1769737572409/base_labs_logo?e=1792627200&v=beta&t=nOcaKpJ8oRVHPQBT3w5vW7t0SN2ICmQwFfwTyxCkCz8;Advanced > Information Technology;https://www.linkedin.com/company/base-labs/about/;-;frontend OR javascript OR typescript OR html OR css OR react OR angular OR vue OR next.js OR wordpress OR full stack;base labs;1;;https://www.linkedin.com/jobs/view/4468298072/;https://www.linkedin.com/jobs/view/4468298072/;Remote;Full Stack, Engenharia Geral;02/10/2026;;;;;;América Latina
161;Beeteller;Desenvolvedor Full Stack Pleno;Campo Grande (MS);01/10 17:00;https://www.linkedin.com/jobs/view/4474524057/;https://media.licdn.com/dms/image/v2/D4D0BAQHmPPzi9Pu2KA/company-logo_100_100/B4DZYRLg9cG8AY-/0/1744044955050?e=1792627200&v=beta&t=EBtg2IZXJHLZzm_TPuSQfuc8N4E3VkQdGLsWtOVWw2A;-;https://www.linkedin.com/company/beeteller/about/;-;frontend OR javascript OR typescript OR html OR css OR react OR angular OR vue OR next.js OR wordpress OR full stack;beeteller;1;;https://www.linkedin.com/jobs/view/4474524057/;https://www.linkedin.com/jobs/view/4474524057/;On-site;Mid, Full Stack;02/10/2026;;Mato Grosso do Sul;MS;Região Centro-Oeste;Brasil;América do Sul
162;CI&T;Developer Fullstack  Jr ( Java + Angular ) , Brazil;Brasil;01/10 14:00;https://www.linkedin.com/jobs/view/4474316690/;https://media.licdn.com/dms/image/v2/D4E0BAQHeZyGQWQJb7g/company-logo_100_100/B4EZ89lXBZJEAI-/0/1783444632002/ciandt_logo?e=1792627200&v=beta&t=6Mn1rjTs39FkHWq7BYbdqBKlNsrRDH8LwgDUMUesi4g;Advanced > Information Technology;https://www.linkedin.com/company/ci-t/about/;-;frontend OR javascript OR typescript OR html OR css OR react OR angular OR vue OR next.js OR wordpress OR full stack;ci&t;1;;https://www.linkedin.com/jobs/view/4474316690/;https://www.linkedin.com/jobs/view/4474316690/;Remote;Junior, Full Stack;02/10/2026;;;;;Brasil;América do Sul
163;CI&T;Mid-Level AI I Fullstack (Java I Angular) Developer, Brazil;Brasil;01/10 14:00;https://www.linkedin.com/jobs/view/4473955275/;https://media.licdn.com/dms/image/v2/D4E0BAQHeZyGQWQJb7g/company-logo_100_100/B4EZ89lXBZJEAI-/0/1783444632002/ciandt_logo?e=1792627200&v=beta&t=6Mn1rjTs39FkHWq7BYbdqBKlNsrRDH8LwgDUMUesi4g;Advanced > Information Technology;https://www.linkedin.com/company/ci-t/about/;Inteligência Artificial;frontend OR javascript OR typescript OR html OR css OR react OR angular OR vue OR next.js OR wordpress OR full stack;ci&t;1;;https://www.linkedin.com/jobs/view/4473955275/;https://www.linkedin.com/jobs/view/4473955275/;Remote;Inteligência Artificial, Mid, Full Stack;02/10/2026;;;;;Brasil;América do Sul
164;CI&T;Mid-Level Fullstack (Java I Angular) Developer, Brazil;Brasil;01/10 14:00;https://www.linkedin.com/jobs/view/4473944542/;https://media.licdn.com/dms/image/v2/D4E0BAQHeZyGQWQJb7g/company-logo_100_100/B4EZ89lXBZJEAI-/0/1783444632002/ciandt_logo?e=1792627200&v=beta&t=6Mn1rjTs39FkHWq7BYbdqBKlNsrRDH8LwgDUMUesi4g;Advanced > Information Technology;https://www.linkedin.com/company/ci-t/about/;-;frontend OR javascript OR typescript OR html OR css OR react OR angular OR vue OR next.js OR wordpress OR full stack;ci&t;1;;https://www.linkedin.com/jobs/view/4473944542/;https://www.linkedin.com/jobs/view/4473944542/;Remote;Mid, Full Stack;02/10/2026;;;;;Brasil;América do Sul
165;CI&T;Mid-Level Fullstack Developer ( Java + Angular ) , Brazil;Brasil;01/10 16:00;https://www.linkedin.com/jobs/view/4474369893/;https://media.licdn.com/dms/image/v2/D4E0BAQHeZyGQWQJb7g/company-logo_100_100/B4EZ89lXBZJEAI-/0/1783444632002/ciandt_logo?e=1792627200&v=beta&t=6Mn1rjTs39FkHWq7BYbdqBKlNsrRDH8LwgDUMUesi4g;Advanced > Information Technology;https://www.linkedin.com/company/ci-t/about/;-;frontend OR javascript OR typescript OR html OR css OR react OR angular OR vue OR next.js OR wordpress OR full stack;ci&t;1;;https://www.linkedin.com/jobs/view/4474369893/;https://www.linkedin.com/jobs/view/4474369893/;Remote;Mid, Full Stack;02/10/2026;;;;;Brasil;América do Sul
166;CI&T;Mid-Level Fullstack Developer ( Java + Angular ) , Brazil;Brasil;01/10 14:00;https://www.linkedin.com/jobs/view/4474310866/;https://media.licdn.com/dms/image/v2/D4E0BAQHeZyGQWQJb7g/company-logo_100_100/B4EZ89lXBZJEAI-/0/1783444632002/ciandt_logo?e=1792627200&v=beta&t=6Mn1rjTs39FkHWq7BYbdqBKlNsrRDH8LwgDUMUesi4g;Advanced > Information Technology;https://www.linkedin.com/company/ci-t/about/;-;frontend OR javascript OR typescript OR html OR css OR react OR angular OR vue OR next.js OR wordpress OR full stack;ci&t;1;;https://www.linkedin.com/jobs/view/4474310866/;https://www.linkedin.com/jobs/view/4474310866/;Remote;Mid, Full Stack;02/10/2026;;;;;Brasil;América do Sul
167;CI&T;MidLevel Developer Full Stack AEM [Adobe Experience Manager;Brasil;01/10 14:00;https://www.linkedin.com/jobs/view/4473923500/;https://media.licdn.com/dms/image/v2/D4E0BAQHeZyGQWQJb7g/company-logo_100_100/B4EZ89lXBZJEAI-/0/1783444632002/ciandt_logo?e=1792627200&v=beta&t=6Mn1rjTs39FkHWq7BYbdqBKlNsrRDH8LwgDUMUesi4g;Middle > Manager;https://www.linkedin.com/company/ci-t/about/;-;frontend OR javascript OR typescript OR html OR css OR react OR angular OR vue OR next.js OR wordpress OR full stack;ci&t;1;;https://www.linkedin.com/jobs/view/4473923500/;https://www.linkedin.com/jobs/view/4473923500/;Remote;Mid, Liderança/Gerência, Full Stack;02/10/2026;;;;;Brasil;América do Sul
168;CI&T;Senior Developer Full Stack AEM [Adobe Experience Manager;Brasil;01/10 14:00;https://www.linkedin.com/jobs/view/4473915717/;https://media.licdn.com/dms/image/v2/D4E0BAQHeZyGQWQJb7g/company-logo_100_100/B4EZ89lXBZJEAI-/0/1783444632002/ciandt_logo?e=1792627200&v=beta&t=6Mn1rjTs39FkHWq7BYbdqBKlNsrRDH8LwgDUMUesi4g;Middle > Manager;https://www.linkedin.com/company/ci-t/about/;-;frontend OR javascript OR typescript OR html OR css OR react OR angular OR vue OR next.js OR wordpress OR full stack;ci&t;1;;https://www.linkedin.com/jobs/view/4473915717/;https://www.linkedin.com/jobs/view/4473915717/;Remote;Senior, Liderança/Gerência, Full Stack;02/10/2026;;;;;Brasil;América do Sul
169;CI&T;Senior React Native /Nodejs Developer, Brazil;Brasil;01/10 17:00;https://www.linkedin.com/jobs/view/4474518461/;https://media.licdn.com/dms/image/v2/D4E0BAQHeZyGQWQJb7g/company-logo_100_100/B4EZ89lXBZJEAI-/0/1783444632002/ciandt_logo?e=1792627200&v=beta&t=6Mn1rjTs39FkHWq7BYbdqBKlNsrRDH8LwgDUMUesi4g;Advanced > Information Technology;https://www.linkedin.com/company/ci-t/about/;Software e Serviços de TI;frontend OR javascript OR typescript OR html OR css OR react OR angular OR vue OR next.js OR wordpress OR full stack;ci&t;1;;https://www.linkedin.com/jobs/view/4474518461/;https://www.linkedin.com/jobs/view/4474518461/;Remote;Senior;02/10/2026;;;;;Brasil;América do Sul
170;CI&T;Senior Software Developer Fullstack - Kotlin/Next.js (React/TypeScript), Brazil;Brasil;01/10 14:00;https://www.linkedin.com/jobs/view/4465038863/;https://media.licdn.com/dms/image/v2/D4E0BAQHeZyGQWQJb7g/company-logo_100_100/B4EZ89lXBZJEAI-/0/1783444632002/ciandt_logo?e=1792627200&v=beta&t=6Mn1rjTs39FkHWq7BYbdqBKlNsrRDH8LwgDUMUesi4g;Advanced > Information Technology;https://www.linkedin.com/company/ci-t/about/;Software e Serviços de TI;frontend OR javascript OR typescript OR html OR css OR react OR angular OR vue OR next.js OR wordpress OR full stack;ci&t;1;;https://www.linkedin.com/jobs/view/4465038863/;https://www.linkedin.com/jobs/view/4465038863/;Remote;Senior, TI/Tech, Full Stack;02/10/2026;;;;;Brasil;América do Sul
171;Capgemini;Desenvolvedor/Desenvolvedora Fullstack (Java/Angular);Barueri (SP);02/10 08:00;https://www.linkedin.com/jobs/view/4474729328/;https://media.licdn.com/dms/image/v2/D4E0BAQHIL3HctxNfvg/company-logo_100_100/B4EZokv7VQIUAQ-/0/1761553135376/capgemini_logo?e=1792627200&v=beta&t=cjtSSOOiFRnIZd3SrIkdYUfP79JxVhqPjpwLxNn0PMw;-;https://www.linkedin.com/company/capgemini/about/;-;frontend OR javascript OR typescript OR html OR css OR react OR angular OR vue OR next.js OR wordpress OR full stack;capgemini;1;;https://www.linkedin.com/jobs/view/4474729328/;https://www.linkedin.com/jobs/view/4474729328/;On-site;Full Stack;02/10/2026;;São Paulo;SP;Região Sudeste;Brasil;América do Sul
172;Capgemini;FBS Lead Fullstack Java/Angular Engineer;Brasil;01/10 14:00;https://www.linkedin.com/jobs/view/4472637344/;https://media.licdn.com/dms/image/v2/D4E0BAQHIL3HctxNfvg/company-logo_100_100/B4EZokv7VQIUAQ-/0/1761553135376/capgemini_logo?e=1792627200&v=beta&t=cjtSSOOiFRnIZd3SrIkdYUfP79JxVhqPjpwLxNn0PMw;Middle > Manager;https://www.linkedin.com/company/capgemini/about/;-;frontend OR javascript OR typescript OR html OR css OR react OR angular OR vue OR next.js OR wordpress OR full stack;capgemini;1;;https://www.linkedin.com/jobs/view/4472637344/;https://www.linkedin.com/jobs/view/4472637344/;Remote;Mid, Liderança/Gerência, Full Stack, Engenharia Geral;02/10/2026;;;;;Brasil;América do Sul
173;Cargill;Software Engineering Back End or Full Stack;Campinas (SP);01/10 14:00;https://www.linkedin.com/jobs/view/4472619646/;https://media.licdn.com/dms/image/v2/D560BAQE-JavwZhEueQ/company-logo_100_100/B56ZVIHolwGoAQ-/0/1740671715990/cargill_logo?e=1792627200&v=beta&t=ELIpN_WNSZ2GV2y0ZMyAhkHD1rPwLGHdc3_hbmC0vhc;Advanced > Information Technology;https://www.linkedin.com/company/cargill/about/;Software e Serviços de TI;frontend OR javascript OR typescript OR html OR css OR react OR angular OR vue OR next.js OR wordpress OR full stack;cargill;1;;https://www.linkedin.com/jobs/view/4472619646/;https://www.linkedin.com/jobs/view/4472619646/;Hybrid;TI/Tech, Full Stack, Backend, Engenharia Geral;02/10/2026;;São Paulo;SP;Região Sudeste;Brasil;América do Sul
174;Cargill;Software Engineering Front End or Full stack;Campinas (SP);01/10 14:00;https://www.linkedin.com/jobs/view/4472617723/;https://media.licdn.com/dms/image/v2/D560BAQE-JavwZhEueQ/company-logo_100_100/B56ZVIHolwGoAQ-/0/1740671715990/cargill_logo?e=1792627200&v=beta&t=ELIpN_WNSZ2GV2y0ZMyAhkHD1rPwLGHdc3_hbmC0vhc;Advanced > Information Technology;https://www.linkedin.com/company/cargill/about/;Software e Serviços de TI;frontend OR javascript OR typescript OR html OR css OR react OR angular OR vue OR next.js OR wordpress OR full stack;cargill;1;;https://www.linkedin.com/jobs/view/4472617723/;https://www.linkedin.com/jobs/view/4472617723/;Hybrid;TI/Tech, Full Stack, Frontend, Engenharia Geral;02/10/2026;;São Paulo;SP;Região Sudeste;Brasil;América do Sul
175;Coding Solutions;Desenvolvedor .NET + React;Goiânia (GO);02/10 08:00;https://www.linkedin.com/jobs/view/4473142102/;https://media.licdn.com/dms/image/v2/D4D0BAQGGFzJJFLtMCg/company-logo_100_100/B4DZ5guFPQJUAM-/0/1779739154298/coding_solutions_software_logo?e=1792627200&v=beta&t=ocrdoawM6mlwBqx_HpTXtHNfIYihRYt1DxcMFuffXsk;-;https://www.linkedin.com/company/coding-solutions/about/;Software e Serviços de TI;frontend OR javascript OR typescript OR html OR css OR react OR angular OR vue OR next.js OR wordpress OR full stack;coding solutions;1;;https://www.linkedin.com/jobs/view/4473142102/;https://www.linkedin.com/jobs/view/4473142102/;On-site;-;02/10/2026;;Goiás;GO;Região Centro-Oeste;Brasil;América do Sul
176;DBC Company;Desenvolvimento Front-End (React) Sênior;Brasil;02/10 11:00;https://www.linkedin.com/jobs/view/4464575981/;https://media.licdn.com/dms/image/v2/C4D0BAQFszK2MGQUCUA/company-logo_100_100/company-logo_100_100/0/1668687291660?e=1792627200&v=beta&t=zE0fBc8bqXadcfTH8pmsMBOi7E4ZvfPDmg34Zo5OCkc;-;https://www.linkedin.com/company/dbc-company/about/;Software e Serviços de TI;frontend OR javascript OR typescript OR html OR css OR react OR angular OR vue OR next.js OR wordpress OR full stack;dbc company;1;;https://www.linkedin.com/jobs/view/4464575981/;https://www.linkedin.com/jobs/view/4464575981/;Remote;Senior, Frontend;02/10/2026;;;;;Brasil;América do Sul
177;DBC Company;Desenvolvimento Front-End (React) Sênior;Brasil;02/10 08:00;https://www.linkedin.com/jobs/view/4464579970/;https://media.licdn.com/dms/image/v2/C4D0BAQFszK2MGQUCUA/company-logo_100_100/company-logo_100_100/0/1668687291660?e=1792627200&v=beta&t=zE0fBc8bqXadcfTH8pmsMBOi7E4ZvfPDmg34Zo5OCkc;-;https://www.linkedin.com/company/dbc-company/about/;Software e Serviços de TI;frontend OR javascript OR typescript OR html OR css OR react OR angular OR vue OR next.js OR wordpress OR full stack;dbc company;1;;https://www.linkedin.com/jobs/view/4464579970/;https://www.linkedin.com/jobs/view/4464579970/;Remote;Senior, Frontend;02/10/2026;;;;;Brasil;América do Sul
178;DBC Company;Desenvolvimento Front-End (React) Sênior;Brasil;02/10 08:00;https://www.linkedin.com/jobs/view/4464561988/;https://media.licdn.com/dms/image/v2/C4D0BAQFszK2MGQUCUA/company-logo_100_100/company-logo_100_100/0/1668687291660?e=1792627200&v=beta&t=zE0fBc8bqXadcfTH8pmsMBOi7E4ZvfPDmg34Zo5OCkc;-;https://www.linkedin.com/company/dbc-company/about/;Software e Serviços de TI;frontend OR javascript OR typescript OR html OR css OR react OR angular OR vue OR next.js OR wordpress OR full stack;dbc company;1;;https://www.linkedin.com/jobs/view/4464561988/;https://www.linkedin.com/jobs/view/4464561988/;Remote;Senior, Frontend;02/10/2026;;;;;Brasil;América do Sul
179;DBC Company;Desenvolvimento Front-End (React) Sênior;Brasil;02/10 08:00;https://www.linkedin.com/jobs/view/4464568979/;https://media.licdn.com/dms/image/v2/C4D0BAQFszK2MGQUCUA/company-logo_100_100/company-logo_100_100/0/1668687291660?e=1792627200&v=beta&t=zE0fBc8bqXadcfTH8pmsMBOi7E4ZvfPDmg34Zo5OCkc;-;https://www.linkedin.com/company/dbc-company/about/;Software e Serviços de TI;frontend OR javascript OR typescript OR html OR css OR react OR angular OR vue OR next.js OR wordpress OR full stack;dbc company;1;;https://www.linkedin.com/jobs/view/4464568979/;https://www.linkedin.com/jobs/view/4464568979/;Remote;Senior, Frontend;02/10/2026;;;;;Brasil;América do Sul
180;DBC Company;Desenvolvimento Full-Stack (Back-end) Sênior;Brasil;02/10 08:00;https://www.linkedin.com/jobs/view/4464588019/;https://media.licdn.com/dms/image/v2/C4D0BAQFszK2MGQUCUA/company-logo_100_100/company-logo_100_100/0/1668687291660?e=1792627200&v=beta&t=zE0fBc8bqXadcfTH8pmsMBOi7E4ZvfPDmg34Zo5OCkc;-;https://www.linkedin.com/company/dbc-company/about/;Software e Serviços de TI;frontend OR javascript OR typescript OR html OR css OR react OR angular OR vue OR next.js OR wordpress OR full stack;dbc company;1;;https://www.linkedin.com/jobs/view/4464588019/;https://www.linkedin.com/jobs/view/4464588019/;Remote;Senior, Full Stack, Backend;02/10/2026;;;;;Brasil;América do Sul
181;DBC Company;Desenvolvimento Full-Stack (Front-End) Sênior;Brasil;02/10 08:00;https://www.linkedin.com/jobs/view/4464569987/;https://media.licdn.com/dms/image/v2/C4D0BAQFszK2MGQUCUA/company-logo_100_100/company-logo_100_100/0/1668687291660?e=1792627200&v=beta&t=zE0fBc8bqXadcfTH8pmsMBOi7E4ZvfPDmg34Zo5OCkc;-;https://www.linkedin.com/company/dbc-company/about/;Software e Serviços de TI;frontend OR javascript OR typescript OR html OR css OR react OR angular OR vue OR next.js OR wordpress OR full stack;dbc company;1;;https://www.linkedin.com/jobs/view/4464569987/;https://www.linkedin.com/jobs/view/4464569987/;Remote;Senior, Full Stack, Frontend;02/10/2026;;;;;Brasil;América do Sul
182;Dadoteca;Engenheiro(a) de Software Full Stack Sênior – React | Node.js | MongoDB;Brasil;01/10 18:00;https://www.linkedin.com/jobs/view/4472973640/;https://media.licdn.com/dms/image/v2/D4D0BAQFFQFe7jOLijw/company-logo_100_100/B4DZwebgasHgAU-/0/1770037053521/dadoteca_logo?e=1792627200&v=beta&t=o3MumQF859OgiIB6q7YHMYH39xeqV4eK8M06WBO2siw;-;https://www.linkedin.com/company/dadoteca/about/;Governo e Social;frontend OR javascript OR typescript OR html OR css OR react OR angular OR vue OR next.js OR wordpress OR full stack;dadoteca;1;;https://www.linkedin.com/jobs/view/4472973640/;https://www.linkedin.com/jobs/view/4472973640/;Remote;Senior, TI/Tech, Full Stack;02/10/2026;;;;;Brasil;América do Sul
183;Dadoteca;Engenheiro(a) de Software Full Stack Sênior – React | Node.js | MongoDB;Rio de Janeiro (RJ);01/10 21:00;https://www.linkedin.com/jobs/view/4474540888/;https://media.licdn.com/dms/image/v2/D4D0BAQFFQFe7jOLijw/company-logo_100_100/B4DZwebgasHgAU-/0/1770037053521/dadoteca_logo?e=1792627200&v=beta&t=o3MumQF859OgiIB6q7YHMYH39xeqV4eK8M06WBO2siw;-;https://www.linkedin.com/company/dadoteca/about/;Governo e Social;frontend OR javascript OR typescript OR html OR css OR react OR angular OR vue OR next.js OR wordpress OR full stack;dadoteca;1;;https://www.linkedin.com/jobs/view/4474540888/;https://www.linkedin.com/jobs/view/4474540888/;Remote;Senior, TI/Tech, Full Stack;02/10/2026;;Rio de Janeiro;RJ;Região Sudeste;Brasil;América do Sul
184;Deliver IT Serviços de Tecnologia;Desenvolvedor Frontend React Pleno;Brasil;01/10 14:00;https://www.linkedin.com/jobs/view/4472912569/;https://media.licdn.com/dms/image/v2/C4D0BAQGiTtLx0l3P1Q/company-logo_100_100/company-logo_100_100/0/1630524047179/deliver_it_servios_de_tecnologia_logo?e=1792627200&v=beta&t=H8NFL4_ZbXI6rg7D3MBetdhtXim2gynFmXipvmptTQ8;-;https://www.linkedin.com/company/deliver-it-servi-os-de-tecnologia/about/;Software e Serviços de TI;frontend OR javascript OR typescript OR html OR css OR react OR angular OR vue OR next.js OR wordpress OR full stack;deliver it serviços de tecnologia;1;;https://www.linkedin.com/jobs/view/4472912569/;https://www.linkedin.com/jobs/view/4472912569/;Remote;Mid, Frontend;02/10/2026;;;;;Brasil;América do Sul
185;Duofy;Desenvolvedor Full Stack Pleno;Goiânia (GO);02/10 08:00;https://www.linkedin.com/jobs/view/4473156915/;https://media.licdn.com/dms/image/v2/D4D0BAQHnfRDi12ahcQ/company-logo_100_100/B4DZaggaK.GcAQ-/0/1746449572980/duofy_logo?e=1792627200&v=beta&t=NufIIQDQiqDYsF8uqE9kibozxvIfiXORF9X9KNOTjTk;-;https://www.linkedin.com/company/duofy/about/;-;frontend OR javascript OR typescript OR html OR css OR react OR angular OR vue OR next.js OR wordpress OR full stack;duofy;1;;https://www.linkedin.com/jobs/view/4473156915/;https://www.linkedin.com/jobs/view/4473156915/;Hybrid;Mid, Full Stack;02/10/2026;;Goiás;GO;Região Centro-Oeste;Brasil;América do Sul
186;EPAM Systems;Full-Stack .NET Developer;Brasil;02/10 12:00;https://www.linkedin.com/jobs/view/4473362125/;https://media.licdn.com/dms/image/v2/D4D0BAQGd7yeYsBtfzw/company-logo_100_100/B4DZuc0QBQH4AQ-/0/1767862501956/epam_systems_logo?e=1792627200&v=beta&t=gtYhcTimEHYX6dnXcGSWsAzFHTigxYiqcTvnGuXVHcg;Advanced > Information Technology;https://www.linkedin.com/company/epam-systems/about/;-;frontend OR javascript OR typescript OR html OR css OR react OR angular OR vue OR next.js OR wordpress OR full stack;epam systems;1;;https://www.linkedin.com/jobs/view/4473362125/;https://www.linkedin.com/jobs/view/4473362125/;Remote;Full Stack;02/10/2026;;;;;Brasil;América do Sul
187;EPAM Systems;Full-Stack .NET Developer;Brasil;02/10 06:00;https://www.linkedin.com/jobs/view/4472887502/;https://media.licdn.com/dms/image/v2/D4D0BAQGd7yeYsBtfzw/company-logo_100_100/B4DZuc0QBQH4AQ-/0/1767862501956/epam_systems_logo?e=1792627200&v=beta&t=gtYhcTimEHYX6dnXcGSWsAzFHTigxYiqcTvnGuXVHcg;Advanced > Information Technology;https://www.linkedin.com/company/epam-systems/about/;-;frontend OR javascript OR typescript OR html OR css OR react OR angular OR vue OR next.js OR wordpress OR full stack;epam systems;1;;https://www.linkedin.com/jobs/view/4472887502/;https://www.linkedin.com/jobs/view/4472887502/;Remote;Full Stack;02/10/2026;;;;;Brasil;América do Sul
188;EPAM Systems;Full-Stack .NET Developer;Brasil;02/10 06:00;https://www.linkedin.com/jobs/view/4472887501/;https://media.licdn.com/dms/image/v2/D4D0BAQGd7yeYsBtfzw/company-logo_100_100/B4DZuc0QBQH4AQ-/0/1767862501956/epam_systems_logo?e=1792627200&v=beta&t=gtYhcTimEHYX6dnXcGSWsAzFHTigxYiqcTvnGuXVHcg;Advanced > Information Technology;https://www.linkedin.com/company/epam-systems/about/;-;frontend OR javascript OR typescript OR html OR css OR react OR angular OR vue OR next.js OR wordpress OR full stack;epam systems;1;;https://www.linkedin.com/jobs/view/4472887501/;https://www.linkedin.com/jobs/view/4472887501/;Remote;Full Stack;02/10/2026;;;;;Brasil;América do Sul
189;EPAM Systems;Senior Full-Stack .NET Developer;Brasil;02/10 06:00;https://www.linkedin.com/jobs/view/4472883618/;https://media.licdn.com/dms/image/v2/D4D0BAQGd7yeYsBtfzw/company-logo_100_100/B4DZuc0QBQH4AQ-/0/1767862501956/epam_systems_logo?e=1792627200&v=beta&t=gtYhcTimEHYX6dnXcGSWsAzFHTigxYiqcTvnGuXVHcg;Advanced > Information Technology;https://www.linkedin.com/company/epam-systems/about/;-;frontend OR javascript OR typescript OR html OR css OR react OR angular OR vue OR next.js OR wordpress OR full stack;epam systems;1;;https://www.linkedin.com/jobs/view/4472883618/;https://www.linkedin.com/jobs/view/4472883618/;Remote;Senior, Full Stack;02/10/2026;;;;;Brasil;América do Sul
190;EPAM Systems;Senior Full-Stack .NET Developer;Brasil;02/10 06:00;https://www.linkedin.com/jobs/view/4472879795/;https://media.licdn.com/dms/image/v2/D4D0BAQGd7yeYsBtfzw/company-logo_100_100/B4DZuc0QBQH4AQ-/0/1767862501956/epam_systems_logo?e=1792627200&v=beta&t=gtYhcTimEHYX6dnXcGSWsAzFHTigxYiqcTvnGuXVHcg;Advanced > Information Technology;https://www.linkedin.com/company/epam-systems/about/;-;frontend OR javascript OR typescript OR html OR css OR react OR angular OR vue OR next.js OR wordpress OR full stack;epam systems;1;;https://www.linkedin.com/jobs/view/4472879795/;https://www.linkedin.com/jobs/view/4472879795/;Remote;Senior, Full Stack;02/10/2026;;;;;Brasil;América do Sul
191;EPAM Systems;Senior Full-Stack .NET Developer;Brasil;02/10 06:00;https://www.linkedin.com/jobs/view/4472887497/;https://media.licdn.com/dms/image/v2/D4D0BAQGd7yeYsBtfzw/company-logo_100_100/B4DZuc0QBQH4AQ-/0/1767862501956/epam_systems_logo?e=1792627200&v=beta&t=gtYhcTimEHYX6dnXcGSWsAzFHTigxYiqcTvnGuXVHcg;Advanced > Information Technology;https://www.linkedin.com/company/epam-systems/about/;-;frontend OR javascript OR typescript OR html OR css OR react OR angular OR vue OR next.js OR wordpress OR full stack;epam systems;1;;https://www.linkedin.com/jobs/view/4472887497/;https://www.linkedin.com/jobs/view/4472887497/;Remote;Senior, Full Stack;02/10/2026;;;;;Brasil;América do Sul
192;EX Squared LATAM;Full Stack Engineer;América Latina;01/10 15:00;https://www.linkedin.com/jobs/view/4474377159/;https://media.licdn.com/dms/image/v2/D4E0BAQFkwSvXFjZ4rQ/company-logo_100_100/company-logo_100_100/0/1725993619116/exsq_outcoding_logo?e=1792627200&v=beta&t=MIgnclF-H22l_QvE_IbEaOwmlxENZqFPVc6EJu4pPvQ;Advanced > Information Technology;https://www.linkedin.com/company/ex-squared-latam/about/;-;frontend OR javascript OR typescript OR html OR css OR react OR angular OR vue OR next.js OR wordpress OR full stack;ex squared latam;1;;https://www.linkedin.com/jobs/view/4474377159/;https://www.linkedin.com/jobs/view/4474377159/;Remote;Full Stack, Engenharia Geral;02/10/2026;;;;;;América Latina
193;F1RST Digital Services;Banco de Talentos - IT Developer (Java/Angular) - Afirmativo para Pessoas com Deficiência;São Paulo (SP);02/10 08:00;https://www.linkedin.com/jobs/view/4247811401/;https://media.licdn.com/dms/image/v2/D4D0BAQER-V0vPNAbWg/company-logo_100_100/B4DZgepQ4XG8AQ-/0/1752860790963?e=1792627200&v=beta&t=kl9sDmxPNYR8T5dD9yj48PTEne5CJsBxWhA6rnzNV44;People;https://www.linkedin.com/company/f1rst-digital-services/about/;Serviços Financeiros;frontend OR javascript OR typescript OR html OR css OR react OR angular OR vue OR next.js OR wordpress OR full stack;f1rst digital services;1;;https://www.linkedin.com/jobs/view/4247811401/;https://www.linkedin.com/jobs/view/4247811401/;Hybrid;Banco de Talentos, PCD / Afirmativa;02/10/2026;;São Paulo;SP;Região Sudeste;Brasil;América do Sul
194;FCamara;Desenvolvedor Fullstack .NET + Angular ou React - Pleno;Brasil;01/10 14:00;https://www.linkedin.com/jobs/view/4473954953/;https://media.licdn.com/dms/image/v2/C4D0BAQEzMzmY-T_F1g/company-logo_100_100/company-logo_100_100/0/1670441718552/grupofcamara_logo?e=1792627200&v=beta&t=HvMh6Bqd8VcHOVw1tXKnencvzKZ-wVwimI9RMx1JTVU;-;https://www.linkedin.com/company/fcamara/about/;-;frontend OR javascript OR typescript OR html OR css OR react OR angular OR vue OR next.js OR wordpress OR full stack;fcamara;1;;https://www.linkedin.com/jobs/view/4473954953/;https://www.linkedin.com/jobs/view/4473954953/;Remote;Mid, Full Stack;02/10/2026;;;;;Brasil;América do Sul
195;FactorIT;Desarrollador Full-Stack Senior (Java + Retool);América Latina;30/09 14:00;https://www.linkedin.com/jobs/view/4472388552/;https://media.licdn.com/dms/image/v2/D4D0BAQEaqozuJkwUHw/company-logo_100_100/company-logo_100_100/0/1692217897497/factoritlatam_logo?e=1792627200&v=beta&t=xyI3PU8DhgFAbk9kxAtT86xuXpM3YsCtk6xYtriI9JM;-;https://www.linkedin.com/company/factorit/about/;Software e Serviços de TI;frontend OR javascript OR typescript OR html OR css OR react OR angular OR vue OR next.js OR wordpress OR full stack;factorit;1;;https://www.linkedin.com/jobs/view/4472388552/;https://www.linkedin.com/jobs/view/4472388552/;Remote;Senior, Full Stack;02/10/2026;;;;;;América Latina
196;Finaya;Pessoa Desenvolvedora Frontend - Pleno/Sênior;Barueri (SP);02/10 10:00;https://www.linkedin.com/jobs/view/4473333766/;https://media.licdn.com/dms/image/v2/D4D0BAQGrtr2cCazfaA/company-logo_100_100/B4DZUEcdiQG4AQ-/0/1739536325144/finaya_tech_logo?e=1792627200&v=beta&t=1-sb-P_CtaotkKp_VCxx4jSokt03u-hUdnRHTud-5ug;-;https://www.linkedin.com/company/finaya/about/;-;frontend OR javascript OR typescript OR html OR css OR react OR angular OR vue OR next.js OR wordpress OR full stack;finaya;1;;https://www.linkedin.com/jobs/view/4473333766/;https://www.linkedin.com/jobs/view/4473333766/;Hybrid;PCD / Afirmativa, Senior, Mid, Frontend;02/10/2026;;São Paulo;SP;Região Sudeste;Brasil;América do Sul
197;GFT Technologies;Fullstack .Net/Angular AWS Junior/Pleno - Remoto;SP;02/10 10:00;https://www.linkedin.com/jobs/view/4473149317/;https://media.licdn.com/dms/image/v2/D4E0BAQFS8Oq_RoTX9Q/company-logo_100_100/B4EZmE9ECUIUAQ-/0/1758872224292/gft_technologies_logo?e=1792627200&v=beta&t=WX0jl25N9l6TvipVHhZKdWbWWsBtDcpbixmCWtvNyEY;-;https://www.linkedin.com/company/gft-technologies/about/;Software e Serviços de TI;frontend OR javascript OR typescript OR html OR css OR react OR angular OR vue OR next.js OR wordpress OR full stack;gft technologies;1;;https://www.linkedin.com/jobs/view/4473149317/;https://www.linkedin.com/jobs/view/4473149317/;Hybrid;Mid, Junior, Cloud (AWS/GCP/Azure), Full Stack;02/10/2026;;São Paulo;SP;Região Sudeste;Brasil;América do Sul
198;Google;Software Engineer, Full Stack, SCU;Belo Horizonte (MG);01/10 14:00;https://www.linkedin.com/jobs/view/4472557567/;https://media.licdn.com/dms/image/v2/D4E0BAQGv3cqOuUMY7g/company-logo_100_100/B4EZmhegXHGcAU-/0/1759350753990/google_logo?e=1792627200&v=beta&t=sIE_siPlC3k4w3UEVQ90LzCzp8VHW0miFZpp0rplOfI;Advanced > Information Technology;https://www.linkedin.com/company/google/about/;Software e Serviços de TI;frontend OR javascript OR typescript OR html OR css OR react OR angular OR vue OR next.js OR wordpress OR full stack;google;1;;https://www.linkedin.com/jobs/view/4472557567/;https://www.linkedin.com/jobs/view/4472557567/;On-site;TI/Tech, Full Stack, Engenharia Geral;02/10/2026;;Minas Gerais;MG;Região Sudeste;Brasil;América do Sul
199;Grupo Profarma;Desenvolvedor(a) Full Stack Pleno;Rio de Janeiro (RJ);01/10 14:00;https://www.linkedin.com/jobs/view/4474190506/;https://media.licdn.com/dms/image/v2/D4D0BAQFLTHPHqU4vEA/company-logo_100_100/B4DZ3zFYwpHkAQ-/0/1777899769423/grupo_profarma_logo?e=1792627200&v=beta&t=Bkvuh9pmE1i7soY9Nwt7T3xMtgTnyXZaU1kO6ijDT5o;-;https://www.linkedin.com/company/grupo-profarma/about/;-;frontend OR javascript OR typescript OR html OR css OR react OR angular OR vue OR next.js OR wordpress OR full stack;grupo profarma;1;;https://www.linkedin.com/jobs/view/4474190506/;https://www.linkedin.com/jobs/view/4474190506/;Hybrid;Mid, Full Stack;02/10/2026;;Rio de Janeiro;RJ;Região Sudeste;Brasil;América do Sul
200;HireLATAM;Remote Senior Full Stack Developer – .NET Core & Angular;América Latina;30/09 14:00;https://www.linkedin.com/jobs/view/4472320568/;https://media.licdn.com/dms/image/v2/D4E0BAQEOrTbLkHhg2Q/company-logo_100_100/company-logo_100_100/0/1690768734557/hirelatam_logo?e=1792627200&v=beta&t=IQu9XA6T2S9siq5zbMZoYOFF3uq9Z7eUqB_RbN79bAc;Advanced > Information Technology;https://www.linkedin.com/company/hirelatam/about/;-;frontend OR javascript OR typescript OR html OR css OR react OR angular OR vue OR next.js OR wordpress OR full stack;hirelatam;1;;https://www.linkedin.com/jobs/view/4472320568/;https://www.linkedin.com/jobs/view/4472320568/;Remote;Senior, Full Stack;02/10/2026;;;;;;América Latina
201;INDI Staffing Services;WordPress Developer - Remote Work;América Latina;30/09 14:00;https://www.linkedin.com/jobs/view/4473902894/;https://media.licdn.com/dms/image/v2/D560BAQErXjIzfHesyQ/company-logo_100_100/company-logo_100_100/0/1666898446316/indi_staffing_services_logo?e=1792627200&v=beta&t=dOPC-GiWMnyFICHQBXljka98JhsLnDhDtapv4X2M0hw;Advanced > Information Technology;https://www.linkedin.com/company/indi-staffing-services/about/;-;frontend OR javascript OR typescript OR html OR css OR react OR angular OR vue OR next.js OR wordpress OR full stack;indi staffing services;1;;https://www.linkedin.com/jobs/view/4473902894/;https://www.linkedin.com/jobs/view/4473902894/;Remote;-;02/10/2026;;;;;;América Latina
202;ISA Saúde;Desenvolvedor Full Stack Pleno;Brasil;01/10 14:00;https://www.linkedin.com/jobs/view/4472657031/;https://media.licdn.com/dms/image/v2/D4D0BAQFLSVcIrxfQgw/company-logo_100_100/B4DZ4xZCiWIUAI-/0/1778945108510/isasaude_logo?e=1792627200&v=beta&t=Bny4u7TLulsrgZq4ka5EiBNnHe9MCbEDAoCwm-k3B64;-;https://www.linkedin.com/company/isa-sa-de/about/;Saúde e Hospitais;frontend OR javascript OR typescript OR html OR css OR react OR angular OR vue OR next.js OR wordpress OR full stack;isa saúde;1;;https://www.linkedin.com/jobs/view/4472657031/;https://www.linkedin.com/jobs/view/4472657031/;Remote;Mid, Full Stack;02/10/2026;;;;;Brasil;América do Sul
203;Icalia Labs;Full Stack Engineer;América Latina;01/10 14:00;https://www.linkedin.com/jobs/view/4474361138/;https://media.licdn.com/dms/image/v2/D560BAQGzJk3Qk3aYXQ/company-logo_100_100/B56Z3.uzCtIoAM-/0/1778095174024/icalia_labs_logo?e=1792627200&v=beta&t=PpizicFryuVR75qUhkHQ3NYSKXaBbCGG06xunSfjlGk;Advanced > Information Technology;https://www.linkedin.com/company/icalia-labs/about/;-;frontend OR javascript OR typescript OR html OR css OR react OR angular OR vue OR next.js OR wordpress OR full stack;icalia labs;1;;https://www.linkedin.com/jobs/view/4474361138/;https://www.linkedin.com/jobs/view/4474361138/;Remote;Full Stack, Engenharia Geral;02/10/2026;;;;;;América Latina
204;Insi;Desenvolvedor FullStack Python/React Sr;Brasil;01/10 19:00;https://www.linkedin.com/jobs/view/4472974720/;https://media.licdn.com/dms/image/v2/D4E0BAQHvZWGCjUlORw/company-logo_100_100/B4EZ6DQIrcH8AI-/0/1780318506699/insi_global_logo?e=1792627200&v=beta&t=j6WqYlpdV8PF_t-n_IkTRQgiLLAYA_yZGNZMl4CpeDg;-;https://www.linkedin.com/company/insi/about/;-;frontend OR javascript OR typescript OR html OR css OR react OR angular OR vue OR next.js OR wordpress OR full stack;insi;1;;https://www.linkedin.com/jobs/view/4472974720/;https://www.linkedin.com/jobs/view/4472974720/;Remote;Senior, Full Stack;02/10/2026;;;;;Brasil;América do Sul
205;Instituto ESPE - Ensino Superior em Psicologia e Educação;Desenvolvedor Full Stack Pleno;Londrina (PR);01/10 17:00;https://www.linkedin.com/jobs/view/4472972022/;https://media.licdn.com/dms/image/v2/C4D0BAQEDeRef34QFQg/company-logo_100_100/company-logo_100_100/0/1630487143514?e=1792627200&v=beta&t=CKvw8pjUIWKenWx8_pC8-4kJp_MBbSdnBWkqIKq-Xuw;-;https://www.linkedin.com/company/instituto-espe-ensino-superior-em-psicologia-e-educa-o/about/;Educação;frontend OR javascript OR typescript OR html OR css OR react OR angular OR vue OR next.js OR wordpress OR full stack;instituto espe - ensino superior em psicologia e educação;1;;https://www.linkedin.com/jobs/view/4472972022/;https://www.linkedin.com/jobs/view/4472972022/;On-site;Mid, Full Stack;02/10/2026;;Paraná;PR;Região Sul;Brasil;América do Sul
206;Jitterbit;Mid-Level Full Stack Software Engineer – Cloud Applications;São Paulo (SP);02/10 08:00;https://www.linkedin.com/jobs/view/4337093076/;https://media.licdn.com/dms/image/v2/D4E0BAQHNDjAwTuf-Vw/company-logo_100_100/company-logo_100_100/0/1725530555864/jitterbit_logo?e=1792627200&v=beta&t=2-3gZ7zL9GWd7qzPqn8iv_14N-YvIUgETYi8pElIDNU;Specific > Cloud;https://www.linkedin.com/company/jitterbit/about/;Software e Serviços de TI;frontend OR javascript OR typescript OR html OR css OR react OR angular OR vue OR next.js OR wordpress OR full stack;jitterbit;1;;https://www.linkedin.com/jobs/view/4337093076/;https://www.linkedin.com/jobs/view/4337093076/;Remote;Mid, TI/Tech, Full Stack, Engenharia Geral;02/10/2026;;São Paulo;SP;Região Sudeste;Brasil;América do Sul
207;Jobbol;Líder Técnico Angular;Curitiba (PR);01/10 14:00;https://www.linkedin.com/jobs/view/4473941602/;https://media.licdn.com/dms/image/v2/D4D0BAQEUwreILeGS7Q/company-logo_100_100/B4DZ5wJQzAG4AM-/0/1779997937122/jobbol_empregos_logo?e=1792627200&v=beta&t=iSvnvg8aVI2EaFKqBqOj5A_LI9_sicUc-6bBZXum-YU;-;https://www.linkedin.com/company/jobbol/about/;-;frontend OR javascript OR typescript OR html OR css OR react OR angular OR vue OR next.js OR wordpress OR full stack;jobbol;1;;https://www.linkedin.com/jobs/view/4473941602/;https://www.linkedin.com/jobs/view/4473941602/;On-site;Mid, Liderança/Gerência, Coach;02/10/2026;;Paraná;PR;Região Sul;Brasil;América do Sul
208;Jobbol;Analista de Conteúdo;João Pessoa (PB);01/10 23:00;https://www.linkedin.com/jobs/view/4474553998/;https://media.licdn.com/dms/image/v2/D4D0BAQEUwreILeGS7Q/company-logo_100_100/B4DZ5wJQzAG4AM-/0/1779997937122/jobbol_empregos_logo?e=1792627200&v=beta&t=iSvnvg8aVI2EaFKqBqOj5A_LI9_sicUc-6bBZXum-YU;Advanced > Specialist;https://www.linkedin.com/company/jobbol/about/;-;frontend OR javascript OR typescript OR html OR css OR react OR angular OR vue OR next.js OR wordpress OR full stack;jobbol;1;;https://www.linkedin.com/jobs/view/4474553998/;https://www.linkedin.com/jobs/view/4474553998/;On-site;Associate;02/10/2026;;Paraíba;PB;Região Nordeste;Brasil;América do Sul
209;Jobbol;Analista de Desenvolvimento Júnior;Rio de Janeiro (RJ);01/10 14:00;https://www.linkedin.com/jobs/view/4474317356/;https://media.licdn.com/dms/image/v2/D4D0BAQEUwreILeGS7Q/company-logo_100_100/B4DZ5wJQzAG4AM-/0/1779997937122/jobbol_empregos_logo?e=1792627200&v=beta&t=iSvnvg8aVI2EaFKqBqOj5A_LI9_sicUc-6bBZXum-YU;Advanced > Specialist;https://www.linkedin.com/company/jobbol/about/;Software e Serviços de TI;frontend OR javascript OR typescript OR html OR css OR react OR angular OR vue OR next.js OR wordpress OR full stack;jobbol;1;;https://www.linkedin.com/jobs/view/4474317356/;https://www.linkedin.com/jobs/view/4474317356/;On-site;Junior, Associate;02/10/2026;;Rio de Janeiro;RJ;Região Sudeste;Brasil;América do Sul
210;Jobbol;Desenvolvedor Full Stack Sênior;São Paulo (SP);01/10 14:00;https://www.linkedin.com/jobs/view/4474319281/;https://media.licdn.com/dms/image/v2/D4D0BAQEUwreILeGS7Q/company-logo_100_100/B4DZ5wJQzAG4AM-/0/1779997937122/jobbol_empregos_logo?e=1792627200&v=beta&t=iSvnvg8aVI2EaFKqBqOj5A_LI9_sicUc-6bBZXum-YU;-;https://www.linkedin.com/company/jobbol/about/;-;frontend OR javascript OR typescript OR html OR css OR react OR angular OR vue OR next.js OR wordpress OR full stack;jobbol;1;;https://www.linkedin.com/jobs/view/4474319281/;https://www.linkedin.com/jobs/view/4474319281/;On-site;Senior, Full Stack;02/10/2026;;São Paulo;SP;Região Sudeste;Brasil;América do Sul
211;Jobgether;Desenvolvedor Frontend React Pleno;Brasil;02/10 07:00;https://www.linkedin.com/jobs/view/4472888383/;https://media.licdn.com/dms/image/v2/D4E0BAQHdx4NngvFyPA/company-logo_100_100/B4EZ5GHh6CHEAU-/0/1779292839822/jobgether_logo?e=1792627200&v=beta&t=f8povwNhq-2zA-w7mJw4XirqZu57kCYP0FRexhIA2lA;-;https://www.linkedin.com/company/jobgether/about/;-;frontend OR javascript OR typescript OR html OR css OR react OR angular OR vue OR next.js OR wordpress OR full stack;jobgether;1;;https://www.linkedin.com/jobs/view/4472888383/;https://www.linkedin.com/jobs/view/4472888383/;Remote;Mid, Frontend;02/10/2026;;;;;Brasil;América do Sul
212;Jobgether;Full Stack Developer;Brasil;02/10 00:00;https://www.linkedin.com/jobs/view/4472868195/;https://media.licdn.com/dms/image/v2/D4E0BAQHdx4NngvFyPA/company-logo_100_100/B4EZ5GHh6CHEAU-/0/1779292839822/jobgether_logo?e=1792627200&v=beta&t=f8povwNhq-2zA-w7mJw4XirqZu57kCYP0FRexhIA2lA;Advanced > Information Technology;https://www.linkedin.com/company/jobgether/about/;-;frontend OR javascript OR typescript OR html OR css OR react OR angular OR vue OR next.js OR wordpress OR full stack;jobgether;1;;https://www.linkedin.com/jobs/view/4472868195/;https://www.linkedin.com/jobs/view/4472868195/;Remote;Full Stack;02/10/2026;;;;;Brasil;América do Sul
213;Jobgether;Full Stack QA Developer;Brasil;02/10 10:00;https://www.linkedin.com/jobs/view/4473328838/;https://media.licdn.com/dms/image/v2/D4E0BAQHdx4NngvFyPA/company-logo_100_100/B4EZ5GHh6CHEAU-/0/1779292839822/jobgether_logo?e=1792627200&v=beta&t=f8povwNhq-2zA-w7mJw4XirqZu57kCYP0FRexhIA2lA;Advanced > Information Technology;https://www.linkedin.com/company/jobgether/about/;-;frontend OR javascript OR typescript OR html OR css OR react OR angular OR vue OR next.js OR wordpress OR full stack;jobgether;1;;https://www.linkedin.com/jobs/view/4473328838/;https://www.linkedin.com/jobs/view/4473328838/;Remote;Full Stack, Testes / QA;02/10/2026;;;;;Brasil;América do Sul
214;Jobgether;Mid-Level AI I Fullstack (Java I Angular) Developer;Brasil;01/10 14:00;https://www.linkedin.com/jobs/view/4472549162/;https://media.licdn.com/dms/image/v2/D4E0BAQHdx4NngvFyPA/company-logo_100_100/B4EZ5GHh6CHEAU-/0/1779292839822/jobgether_logo?e=1792627200&v=beta&t=f8povwNhq-2zA-w7mJw4XirqZu57kCYP0FRexhIA2lA;Advanced > Information Technology;https://www.linkedin.com/company/jobgether/about/;Inteligência Artificial;frontend OR javascript OR typescript OR html OR css OR react OR angular OR vue OR next.js OR wordpress OR full stack;jobgether;1;;https://www.linkedin.com/jobs/view/4472549162/;https://www.linkedin.com/jobs/view/4472549162/;Remote;Inteligência Artificial, Mid, Full Stack;02/10/2026;;;;;Brasil;América do Sul
215;Jobgether;Mid-Level Fullstack (Java I Angular) Developer;Brasil;01/10 14:00;https://www.linkedin.com/jobs/view/4472553143/;https://media.licdn.com/dms/image/v2/D4E0BAQHdx4NngvFyPA/company-logo_100_100/B4EZ5GHh6CHEAU-/0/1779292839822/jobgether_logo?e=1792627200&v=beta&t=f8povwNhq-2zA-w7mJw4XirqZu57kCYP0FRexhIA2lA;Advanced > Information Technology;https://www.linkedin.com/company/jobgether/about/;-;frontend OR javascript OR typescript OR html OR css OR react OR angular OR vue OR next.js OR wordpress OR full stack;jobgether;1;;https://www.linkedin.com/jobs/view/4472553143/;https://www.linkedin.com/jobs/view/4472553143/;Remote;Mid, Full Stack;02/10/2026;;;;;Brasil;América do Sul
216;Jobgether;MidLevel Developer Full Stack AEM [Adobe Experience Manager];Brasil;01/10 14:00;https://www.linkedin.com/jobs/view/4472540635/;https://media.licdn.com/dms/image/v2/D4E0BAQHdx4NngvFyPA/company-logo_100_100/B4EZ5GHh6CHEAU-/0/1779292839822/jobgether_logo?e=1792627200&v=beta&t=f8povwNhq-2zA-w7mJw4XirqZu57kCYP0FRexhIA2lA;Middle > Manager;https://www.linkedin.com/company/jobgether/about/;-;frontend OR javascript OR typescript OR html OR css OR react OR angular OR vue OR next.js OR wordpress OR full stack;jobgether;1;;https://www.linkedin.com/jobs/view/4472540635/;https://www.linkedin.com/jobs/view/4472540635/;Remote;Mid, Liderança/Gerência, Full Stack;02/10/2026;;;;;Brasil;América do Sul
217;Jobgether;Pessoa Desenvolvedora Full Stack Sênior;Brasil;01/10 14:00;https://www.linkedin.com/jobs/view/4472535760/;https://media.licdn.com/dms/image/v2/D4E0BAQHdx4NngvFyPA/company-logo_100_100/B4EZ5GHh6CHEAU-/0/1779292839822/jobgether_logo?e=1792627200&v=beta&t=f8povwNhq-2zA-w7mJw4XirqZu57kCYP0FRexhIA2lA;-;https://www.linkedin.com/company/jobgether/about/;-;frontend OR javascript OR typescript OR html OR css OR react OR angular OR vue OR next.js OR wordpress OR full stack;jobgether;1;;https://www.linkedin.com/jobs/view/4472535760/;https://www.linkedin.com/jobs/view/4472535760/;Remote;PCD / Afirmativa, Senior, Full Stack;02/10/2026;;;;;Brasil;América do Sul
218;Jobgether;Pessoa Desenvolvedora FullStack Python e React Pleno;Brasil;02/10 06:00;https://www.linkedin.com/jobs/view/4472873997/;https://media.licdn.com/dms/image/v2/D4E0BAQHdx4NngvFyPA/company-logo_100_100/B4EZ5GHh6CHEAU-/0/1779292839822/jobgether_logo?e=1792627200&v=beta&t=f8povwNhq-2zA-w7mJw4XirqZu57kCYP0FRexhIA2lA;-;https://www.linkedin.com/company/jobgether/about/;-;frontend OR javascript OR typescript OR html OR css OR react OR angular OR vue OR next.js OR wordpress OR full stack;jobgether;1;;https://www.linkedin.com/jobs/view/4472873997/;https://www.linkedin.com/jobs/view/4472873997/;Remote;PCD / Afirmativa, Mid, Full Stack;02/10/2026;;;;;Brasil;América do Sul
219;Jobgether;Pessoa Desenvolvedora Fullstack Sr – Next.js/NestJS;Brasil;02/10 07:00;https://www.linkedin.com/jobs/view/4472897057/;https://media.licdn.com/dms/image/v2/D4E0BAQHdx4NngvFyPA/company-logo_100_100/B4EZ5GHh6CHEAU-/0/1779292839822/jobgether_logo?e=1792627200&v=beta&t=f8povwNhq-2zA-w7mJw4XirqZu57kCYP0FRexhIA2lA;-;https://www.linkedin.com/company/jobgether/about/;-;frontend OR javascript OR typescript OR html OR css OR react OR angular OR vue OR next.js OR wordpress OR full stack;jobgether;1;;https://www.linkedin.com/jobs/view/4472897057/;https://www.linkedin.com/jobs/view/4472897057/;Remote;PCD / Afirmativa, Senior, Full Stack;02/10/2026;;;;;Brasil;América do Sul
220;Jobgether;Senior Developer Full Stack AEM [Adobe Experience Manager];Brasil;01/10 14:00;https://www.linkedin.com/jobs/view/4472546493/;https://media.licdn.com/dms/image/v2/D4E0BAQHdx4NngvFyPA/company-logo_100_100/B4EZ5GHh6CHEAU-/0/1779292839822/jobgether_logo?e=1792627200&v=beta&t=f8povwNhq-2zA-w7mJw4XirqZu57kCYP0FRexhIA2lA;Middle > Manager;https://www.linkedin.com/company/jobgether/about/;-;frontend OR javascript OR typescript OR html OR css OR react OR angular OR vue OR next.js OR wordpress OR full stack;jobgether;1;;https://www.linkedin.com/jobs/view/4472546493/;https://www.linkedin.com/jobs/view/4472546493/;Remote;Senior, Liderança/Gerência, Full Stack;02/10/2026;;;;;Brasil;América do Sul
221;Jobgether;Senior Full-Stack .NET + React;Brasil;01/10 14:00;https://www.linkedin.com/jobs/view/4472545251/;https://media.licdn.com/dms/image/v2/D4E0BAQHdx4NngvFyPA/company-logo_100_100/B4EZ5GHh6CHEAU-/0/1779292839822/jobgether_logo?e=1792627200&v=beta&t=f8povwNhq-2zA-w7mJw4XirqZu57kCYP0FRexhIA2lA;-;https://www.linkedin.com/company/jobgether/about/;-;frontend OR javascript OR typescript OR html OR css OR react OR angular OR vue OR next.js OR wordpress OR full stack;jobgether;1;;https://www.linkedin.com/jobs/view/4472545251/;https://www.linkedin.com/jobs/view/4472545251/;Remote;Senior, Full Stack;02/10/2026;;;;;Brasil;América do Sul
222;Jump;Desenvolvedor Fullstack - Angular/Java;Brasil;30/09 14:00;https://www.linkedin.com/jobs/view/4472334332/;https://media.licdn.com/dms/image/v2/D4D0BAQEYEZMCYUJ1JQ/company-logo_100_100/company-logo_100_100/0/1696347755131/jump_label_solutions_logo?e=1792627200&v=beta&t=A-PMhFO4N0oRq8yYT8mxfetufwiZaFEKLm92RRV8PsM;-;https://www.linkedin.com/company/jump/about/;-;frontend OR javascript OR typescript OR html OR css OR react OR angular OR vue OR next.js OR wordpress OR full stack;jump;1;;https://www.linkedin.com/jobs/view/4472334332/;https://www.linkedin.com/jobs/view/4472334332/;Remote;Full Stack;02/10/2026;;;;;Brasil;América do Sul
223;Kingspan Isoeste;Desenvolvedor Full Stack (Anápolis/GO);Anápolis (GO);02/10 13:00;https://www.linkedin.com/jobs/view/4474795200/;https://media.licdn.com/dms/image/v2/C560BAQHpjznNe8QHSQ/company-logo_100_100/company-logo_100_100/0/1631325339309?e=1792627200&v=beta&t=e69oYA8I6M9qBFlGppTT_odnW8ZwWPnnQ6of3K4uu2M;-;https://www.linkedin.com/company/kingspan-isoeste/about/;-;frontend OR javascript OR typescript OR html OR css OR react OR angular OR vue OR next.js OR wordpress OR full stack;kingspan isoeste;1;;https://www.linkedin.com/jobs/view/4474795200/;https://www.linkedin.com/jobs/view/4474795200/;On-site;Full Stack;02/10/2026;;Goiás;GO;Região Centro-Oeste;Brasil;América do Sul
224;LanceSoft, Inc.;Backend/Full-Stack Engineer - Payments & PIX;Brasil;01/10 14:00;https://www.linkedin.com/jobs/view/4472179133/;https://media.licdn.com/dms/image/v2/D560BAQFnyz20nuY3ug/company-logo_100_100/company-logo_100_100/0/1713215908322/lancesoft_logo?e=1792627200&v=beta&t=rw3AcVuEAWmoHMPyo6OB6ioZyDVkushGcvx_H1L6g48;Advanced > Information Technology;https://www.linkedin.com/company/lancesoft-inc/about/;-;frontend OR javascript OR typescript OR html OR css OR react OR angular OR vue OR next.js OR wordpress OR full stack;lancesoft, inc.;1;;https://www.linkedin.com/jobs/view/4472179133/;https://www.linkedin.com/jobs/view/4472179133/;Remote;Full Stack, Backend, Engenharia Geral;02/10/2026;;;;;Brasil;América do Sul
225;MK Solutions;Pessoa Desenvolvedora Full Stack - Go (Golang e React);Brasil;01/10 14:00;https://www.linkedin.com/jobs/view/4472843389/;https://media.licdn.com/dms/image/v2/D4D0BAQHYy1A7G4PX9A/company-logo_100_100/B4DZfHxtYIH4AU-/0/1751403387422/mksolutionssoftware_logo?e=1792627200&v=beta&t=KXBhB4_rZ2s9Cj8RnQwf4Ncu2xIy78C8NeoiPHwvLtM;-;https://www.linkedin.com/company/mk-solutions/about/;Software e Serviços de TI;frontend OR javascript OR typescript OR html OR css OR react OR angular OR vue OR next.js OR wordpress OR full stack;mk solutions;1;;https://www.linkedin.com/jobs/view/4472843389/;https://www.linkedin.com/jobs/view/4472843389/;Remote;PCD / Afirmativa, Full Stack;02/10/2026;;;;;Brasil;América do Sul
226;MTP Brasil;11578114 - Desenvolvedor Full Stack .NET;São Paulo (SP);01/10 20:00;https://www.linkedin.com/jobs/view/4472982531/;https://media.licdn.com/dms/image/v2/D4D0BAQHu46m_pTafew/company-logo_100_100/B4DZ0HgBVBKQAU-/0/1773947328203/mtp_brasil_logo?e=1792627200&v=beta&t=neGTMi7u7Q-z78_e1qNjq4bDs72NHhXwLFEyKCu8Gg8;-;https://www.linkedin.com/company/mtp-brasil/about/;-;frontend OR javascript OR typescript OR html OR css OR react OR angular OR vue OR next.js OR wordpress OR full stack;mtp brasil;1;;https://www.linkedin.com/jobs/view/4472982531/;https://www.linkedin.com/jobs/view/4472982531/;Hybrid;Full Stack;02/10/2026;;São Paulo;SP;Região Sudeste;Brasil;América do Sul
227;MV;ESPECIALISTA ENGENHARIA SOFTWARE;Recife (PE);01/10 21:00;https://www.linkedin.com/jobs/view/4474542873/;https://media.licdn.com/dms/image/v2/D4E0BAQHLSJs2N17hhw/company-logo_100_100/company-logo_100_100/0/1656709238568/mv_saude_digital_logo?e=1792627200&v=beta&t=UdN3S492CQcLmETg_DsClOGW5XHVWSRgegH_zGnhTeE;Advanced > Specialist;https://www.linkedin.com/company/mv/about/;Software e Serviços de TI;frontend OR javascript OR typescript OR html OR css OR react OR angular OR vue OR next.js OR wordpress OR full stack;mv;1;;https://www.linkedin.com/jobs/view/4474542873/;https://www.linkedin.com/jobs/view/4474542873/;On-site;Specialist, TI/Tech, Engenharia Geral;02/10/2026;;Pernambuco;PE;Região Nordeste;Brasil;América do Sul
228;Makai Labs;Senior Frontend Software Engineer - Next.js;São Paulo (SP);01/10 14:00;https://www.linkedin.com/jobs/view/4473941672/;https://media.licdn.com/dms/image/v2/C4E0BAQEKBvjpP9dU5g/company-logo_100_100/company-logo_100_100/0/1676514098322/makai_labs_logo?e=1792627200&v=beta&t=2PCPiDvaorT_tECCKoB2KZJkw5W99rCcmL7dpRNihC4;Advanced > Information Technology;https://www.linkedin.com/company/makai-labs/about/;Software e Serviços de TI;frontend OR javascript OR typescript OR html OR css OR react OR angular OR vue OR next.js OR wordpress OR full stack;makai labs;1;;https://www.linkedin.com/jobs/view/4473941672/;https://www.linkedin.com/jobs/view/4473941672/;Remote;Senior, TI/Tech, Frontend, Engenharia Geral;02/10/2026;;São Paulo;SP;Região Sudeste;Brasil;América do Sul
229;Martinexsa USA;WordPress Website Maintenance & Technical SEO Specialist;América Latina;01/10 14:00;https://www.linkedin.com/jobs/view/4472374148/;https://media.licdn.com/dms/image/v2/D4E0BAQFvtR2WUGVpOw/company-logo_100_100/B4EaAbYq9ZH0AQ-/0/1787165847840/martinexsa_usa_logo?e=1792627200&v=beta&t=heMLaSORd0K19w1pg_2ZVweyLR9a4Q-2-hrMuO2oNbo;Advanced > Specialist;https://www.linkedin.com/company/martinexsa-usa/about/;Software e Serviços de TI;frontend OR javascript OR typescript OR html OR css OR react OR angular OR vue OR next.js OR wordpress OR full stack;martinexsa usa;1;;https://www.linkedin.com/jobs/view/4472374148/;https://www.linkedin.com/jobs/view/4472374148/;Remote;Specialist, TI/Tech, Sustentação/O&M;02/10/2026;;;;;;América Latina
230;MyT | Global Recruitment;Desenvolvedor FullStack Pleno |.NET | React | Angular;Brasil;01/10 22:00;https://www.linkedin.com/jobs/view/4472998065/;https://media.licdn.com/dms/image/v2/D4D0BAQFNrBHI6xRVrg/company-logo_100_100/B4DZxozXdwHcAQ-/0/1771284822451/mytglobalrecruitment_logo?e=1792627200&v=beta&t=Lzo94GnfI3HL3pIA1VsTzm8-OMScRAytVV0RsnB7F0I;-;https://www.linkedin.com/company/myt-global-recruitment/about/;Software e Serviços de TI;frontend OR javascript OR typescript OR html OR css OR react OR angular OR vue OR next.js OR wordpress OR full stack;myt | global recruitment;1;;https://www.linkedin.com/jobs/view/4472998065/;https://www.linkedin.com/jobs/view/4472998065/;Remote;Mid, Full Stack;02/10/2026;;;;;Brasil;América do Sul
231;MyT | Global Recruitment;Desenvolvedor Fullstack Sênior .NET | React | Angular;Brasil;01/10 22:00;https://www.linkedin.com/jobs/view/4472992284/;https://media.licdn.com/dms/image/v2/D4D0BAQFNrBHI6xRVrg/company-logo_100_100/B4DZxozXdwHcAQ-/0/1771284822451/mytglobalrecruitment_logo?e=1792627200&v=beta&t=Lzo94GnfI3HL3pIA1VsTzm8-OMScRAytVV0RsnB7F0I;-;https://www.linkedin.com/company/myt-global-recruitment/about/;Software e Serviços de TI;frontend OR javascript OR typescript OR html OR css OR react OR angular OR vue OR next.js OR wordpress OR full stack;myt | global recruitment;1;;https://www.linkedin.com/jobs/view/4472992284/;https://www.linkedin.com/jobs/view/4472992284/;Remote;Senior, Full Stack;02/10/2026;;;;;Brasil;América do Sul
232;NOTORIA;Desenvolvedor(a) Full Stack (100% Remoto) – Foco em IA e Saúde - 1120;Brasil;30/09 14:00;https://www.linkedin.com/jobs/view/4472626093/;https://media.licdn.com/dms/image/v2/D4D0BAQHTHrtNHVAVrA/company-logo_100_100/B4DZq8YqD9IEAQ-/0/1764097172900/notoriatech_logo?e=1792627200&v=beta&t=fg3NHs6BiQ7ZGPQ4zVtIZfEn-3RUUTmsTuzYa9RfJNk;-;https://www.linkedin.com/company/notoria/about/;Inteligência Artificial;frontend OR javascript OR typescript OR html OR css OR react OR angular OR vue OR next.js OR wordpress OR full stack;notoria;1;;https://www.linkedin.com/jobs/view/4472626093/;https://www.linkedin.com/jobs/view/4472626093/;Remote;Inteligência Artificial, Full Stack, Saúde/Pesquisa;02/10/2026;;;;;Brasil;América do Sul
233;Nava | Tech for Business;Desenvolvedor Java Sênior;São Paulo (SP);01/10 14:00;https://www.linkedin.com/jobs/view/4473926380/;https://media.licdn.com/dms/image/v2/D4D0BAQHpXmVDvF7gvQ/company-logo_100_100/B4DZkvU3xhJgAQ-/0/1757435624969/nava_technology_logo?e=1792627200&v=beta&t=sknnR551wmqDSAiGllcsbB2u03DEGnD0CAApTs09x-M;-;https://www.linkedin.com/company/nava-tech-for-business/about/;Software e Serviços de TI;frontend OR javascript OR typescript OR html OR css OR react OR angular OR vue OR next.js OR wordpress OR full stack;nava | tech for business;1;;https://www.linkedin.com/jobs/view/4473926380/;https://www.linkedin.com/jobs/view/4473926380/;Hybrid;Senior;02/10/2026;;São Paulo;SP;Região Sudeste;Brasil;América do Sul
234;Neogrid;Pessoa Desenvolvedora FullStack Python e React Pleno;Brasil;02/10 08:00;https://www.linkedin.com/jobs/view/4473138194/;https://media.licdn.com/dms/image/v2/C4D0BAQHi7vp7PWx5wQ/company-logo_100_100/company-logo_100_100/0/1631307335911?e=1792627200&v=beta&t=7hHng3PQSQ6UduKHICJLfU4TlJli1Y0cMoAVozmyzs4;-;https://www.linkedin.com/company/neogrid/about/;-;frontend OR javascript OR typescript OR html OR css OR react OR angular OR vue OR next.js OR wordpress OR full stack;neogrid;1;;https://www.linkedin.com/jobs/view/4473138194/;https://www.linkedin.com/jobs/view/4473138194/;Remote;PCD / Afirmativa, Mid, Full Stack;02/10/2026;;;;;Brasil;América do Sul
235;Neppo;Desenvolvedor(a) JavaScript Pleno — Uberlândia/MG;Uberlândia (MG);30/09 14:00;https://www.linkedin.com/jobs/view/4472617662/;https://media.licdn.com/dms/image/v2/D4D0BAQHi_a5oi7IigQ/company-logo_100_100/company-logo_100_100/0/1710872636958/neppo_tecnologia_logo?e=1792627200&v=beta&t=kuMBoqwm5qw2oz6Kl0KHV_sFVmIsyRZ9wg5lCen-ueo;-;https://www.linkedin.com/company/neppo/about/;Transporte e Mobilidade;frontend OR javascript OR typescript OR html OR css OR react OR angular OR vue OR next.js OR wordpress OR full stack;neppo;1;;https://www.linkedin.com/jobs/view/4472617662/;https://www.linkedin.com/jobs/view/4472617662/;Hybrid;Mid;02/10/2026;;Minas Gerais;MG;Região Sudeste;Brasil;América do Sul
236;Nimo Energia;Estágio de Desenvolvedor Full Stack;Campinas (SP);30/09 14:00;https://www.linkedin.com/jobs/view/4472626875/;https://media.licdn.com/dms/image/v2/D4D0BAQEm_1pTj9-GoQ/company-logo_100_100/company-logo_100_100/0/1704973881623/nimoenergia_logo?e=1792627200&v=beta&t=73qFIPvBUkSgbVLsjPjHNBRzOlG-yiadI8GGYxZh1Ec;-;https://www.linkedin.com/company/nimo-energia/about/;Energia e Combustíveis;frontend OR javascript OR typescript OR html OR css OR react OR angular OR vue OR next.js OR wordpress OR full stack;nimo energia;1;;https://www.linkedin.com/jobs/view/4472626875/;https://www.linkedin.com/jobs/view/4472626875/;On-site;Intern, Full Stack;02/10/2026;;São Paulo;SP;Região Sudeste;Brasil;América do Sul
237;Nortal;(1565) Senior Fullstack C# and React Engineer;São Paulo (SP);01/10 14:00;https://www.linkedin.com/jobs/view/4465340037/;https://media.licdn.com/dms/image/v2/D4D0BAQHyq-uNAAkbDw/company-logo_100_100/company-logo_100_100/0/1719836810206/nortal_logo?e=1792627200&v=beta&t=JxKeYfZw_PGhNDbXJtjsc8ReN1hQMd0Ak3EJZwVZBNQ;Advanced > Information Technology;https://www.linkedin.com/company/nortal/about/;-;frontend OR javascript OR typescript OR html OR css OR react OR angular OR vue OR next.js OR wordpress OR full stack;nortal;1;;https://www.linkedin.com/jobs/view/4465340037/;https://www.linkedin.com/jobs/view/4465340037/;Remote;Senior, Full Stack, Engenharia Geral;02/10/2026;;São Paulo;SP;Região Sudeste;Brasil;América do Sul
238;Oscilar;Sr./Staff JavaScript Developer - Web SDK (Brazil/Canada/UK/Poland/India);Brasil;02/10 09:00;https://www.linkedin.com/jobs/view/4438528407/;https://media.licdn.com/dms/image/v2/D560BAQGFMvMl32gbYA/company-logo_100_100/B56Zk_n9o8HQAQ-/0/1757709065077/oscilar_inc_logo?e=1792627200&v=beta&t=fUVAfgcalfa9tIRbF3gApOWIco0QEmJJPlWWh076VLM;Advanced > Information Technology;https://www.linkedin.com/company/oscilar/about/;-;frontend OR javascript OR typescript OR html OR css OR react OR angular OR vue OR next.js OR wordpress OR full stack;oscilar;1;;https://www.linkedin.com/jobs/view/4438528407/;https://www.linkedin.com/jobs/view/4438528407/;Remote;Senior;02/10/2026;;;;;Brasil;América do Sul
239;Porto;Engenheiro(a) de Software Sênior (Java / Full Stack) | Arquitetura & Modernização;São Paulo (SP);01/10 20:00;https://www.linkedin.com/jobs/view/4474535839/;https://media.licdn.com/dms/image/v2/C4D0BAQHdvjiq_3u9SQ/company-logo_100_100/company-logo_100_100/0/1651181402504?e=1792627200&v=beta&t=3mRq-ScsYZ6IwjaFICqX5F3WYGx4OTOTYtdD2viR60Y;-;https://www.linkedin.com/company/porto/about/;Software e Serviços de TI;frontend OR javascript OR typescript OR html OR css OR react OR angular OR vue OR next.js OR wordpress OR full stack;porto;1;;https://www.linkedin.com/jobs/view/4474535839/;https://www.linkedin.com/jobs/view/4474535839/;Hybrid;Senior, TI/Tech, Full Stack;02/10/2026;;São Paulo;SP;Região Sudeste;Brasil;América do Sul
240;PowerRev;Desenvolvedor(a) Full Stack Júnior;Brasil;01/10 22:00;https://www.linkedin.com/jobs/view/4472977783/;https://media.licdn.com/dms/image/v2/D4D0BAQE7eiLCustXPw/company-logo_100_100/B4DaDUwmkxJgAQ-/0/1790275906067/powerrev_logo?e=1792627200&v=beta&t=uoy8Zuy_vJYVX2npL1akqkBPnLv3JjN_EenkEFRyLKA;-;https://www.linkedin.com/company/powerrev/about/;-;frontend OR javascript OR typescript OR html OR css OR react OR angular OR vue OR next.js OR wordpress OR full stack;powerrev;1;;https://www.linkedin.com/jobs/view/4472977783/;https://www.linkedin.com/jobs/view/4472977783/;Remote;Junior, Full Stack;02/10/2026;;;;;Brasil;América do Sul
241;Projectiva Holding;Desenvolvedor(a) React Native com foco em IA e UX Agêntica;Brasil;30/09 14:00;https://www.linkedin.com/jobs/view/4472378329/;https://media.licdn.com/dms/image/v2/D4D0BAQHu-afFQFIJjQ/company-logo_100_100/B4DZbOuoSuG0AQ-/0/1747225052909/projectivaholding_logo?e=1792627200&v=beta&t=3-LagKfZ_oa1RdOTXJtcm6hBF0fa771phNc1L1OZS-8;-;https://www.linkedin.com/company/projectiva-holding/about/;Inteligência Artificial;frontend OR javascript OR typescript OR html OR css OR react OR angular OR vue OR next.js OR wordpress OR full stack;projectiva holding;1;;https://www.linkedin.com/jobs/view/4472378329/;https://www.linkedin.com/jobs/view/4472378329/;Remote;Inteligência Artificial;02/10/2026;;;;;Brasil;América do Sul
242;PulseRise Technologies;Founding Engineer (Typescript+Python/Data Platform)_TT;São Paulo (SP);01/10 14:00;https://www.linkedin.com/jobs/view/4472567466/;https://media.licdn.com/dms/image/v2/D4E0BAQGHKqZsCUUzrg/company-logo_100_100/B4EZsXH_HCGUAQ-/0/1765619528557/pulserise_technologies_logo?e=1792627200&v=beta&t=EnIrgfyGbLCmu3kNi9BDEz4RV_YSgfdVOQ51cHFIuPw;Advanced > Information Technology;https://www.linkedin.com/company/pulserise-technologies/about/;Dados e Analytics;frontend OR javascript OR typescript OR html OR css OR react OR angular OR vue OR next.js OR wordpress OR full stack;pulserise technologies;1;;https://www.linkedin.com/jobs/view/4472567466/;https://www.linkedin.com/jobs/view/4472567466/;Remote;Dados/Analytics, Engenharia Geral;02/10/2026;;São Paulo;SP;Região Sudeste;Brasil;América do Sul
243;RELQ TECHNOLOGIES;Full Stack Dot Net Developer- Brazil;Brasil;01/10 14:00;https://www.linkedin.com/jobs/view/4474318961/;https://media.licdn.com/dms/image/v2/D4E0BAQHXLPO6E_GF4Q/company-logo_100_100/B4EZVpSTKIGgAQ-/0/1741228159884/relqtechnologies_logo?e=1792627200&v=beta&t=9pUiQi6pBVrmI6IRidYzmtOuw3jR-c5FyEH3dF4QdyU;Advanced > Information Technology;https://www.linkedin.com/company/relq-technologies/about/;Software e Serviços de TI;frontend OR javascript OR typescript OR html OR css OR react OR angular OR vue OR next.js OR wordpress OR full stack;relq technologies;1;;https://www.linkedin.com/jobs/view/4474318961/;https://www.linkedin.com/jobs/view/4474318961/;Remote;Full Stack;02/10/2026;;;;;Brasil;América do Sul
244;RELQ TECHNOLOGIES;Senior. DOT NET Architect - Angular - Brazil;Brasil;01/10 14:00;https://www.linkedin.com/jobs/view/4474316889/;https://media.licdn.com/dms/image/v2/D4E0BAQHXLPO6E_GF4Q/company-logo_100_100/B4EZVpSTKIGgAQ-/0/1741228159884/relqtechnologies_logo?e=1792627200&v=beta&t=9pUiQi6pBVrmI6IRidYzmtOuw3jR-c5FyEH3dF4QdyU;Architecture;https://www.linkedin.com/company/relq-technologies/about/;Software e Serviços de TI;frontend OR javascript OR typescript OR html OR css OR react OR angular OR vue OR next.js OR wordpress OR full stack;relq technologies;1;;https://www.linkedin.com/jobs/view/4474316889/;https://www.linkedin.com/jobs/view/4474316889/;Remote;Senior;02/10/2026;;;;;Brasil;América do Sul
245;Radartec;Desenvolvedor Full Stack Web (PHP, Node.js+Vue.js) | Home Office;New Fribourg (RJ);01/10 14:00;https://www.linkedin.com/jobs/view/4474303243/;https://media.licdn.com/dms/image/v2/C4D0BAQFOy6dzb7ZxHQ/company-logo_100_100/company-logo_100_100/0/1631326999577?e=1792627200&v=beta&t=b8FGokAbqsdL1LjdjY61CSPLb3GmZeckraFPk6d1swg;-;https://www.linkedin.com/company/radartec/about/;-;frontend OR javascript OR typescript OR html OR css OR react OR angular OR vue OR next.js OR wordpress OR full stack;radartec;1;;https://www.linkedin.com/jobs/view/4474303243/;https://www.linkedin.com/jobs/view/4474303243/;Remote;Full Stack;02/10/2026;Nova Friburgo;Rio de Janeiro;RJ;Região Sudeste;Brasil;América do Sul
246;Radix;Profissional Desenvolvedor Full Stack Sênior;Brasil;01/10 20:00;https://www.linkedin.com/jobs/view/4472976872/;https://media.licdn.com/dms/image/v2/D4D0BAQFGdctkzx8Cfw/company-logo_100_100/B4DZaIREVsG0AU-/0/1746042898188/radixeng_logo?e=1792627200&v=beta&t=vNPa4rPc8gm3EIJlW9eFaNLXbIeMMY-gb2p7vupm59c;-;https://www.linkedin.com/company/radix/about/;-;frontend OR javascript OR typescript OR html OR css OR react OR angular OR vue OR next.js OR wordpress OR full stack;radix;1;;https://www.linkedin.com/jobs/view/4472976872/;https://www.linkedin.com/jobs/view/4472976872/;Remote;Senior, Full Stack;02/10/2026;;;;;Brasil;América do Sul
247;Ranger Technical Resources;Full Stack Engineer (AI);América Latina;01/10 14:00;https://www.linkedin.com/jobs/view/4473929322/;https://media.licdn.com/dms/image/v2/C4E0BAQFeM09zQn5cVg/company-logo_100_100/company-logo_100_100/0/1631349991158?e=1792627200&v=beta&t=HYgSydq3j5dHSkCyzgOHZGCmRZuvEYA9liB0zf-Ihy8;Advanced > Information Technology;https://www.linkedin.com/company/ranger-technical-resources/about/;Software e Serviços de TI;frontend OR javascript OR typescript OR html OR css OR react OR angular OR vue OR next.js OR wordpress OR full stack;ranger technical resources;1;;https://www.linkedin.com/jobs/view/4473929322/;https://www.linkedin.com/jobs/view/4473929322/;Remote;Inteligência Artificial, Full Stack, Engenharia Geral;02/10/2026;;;;;;América Latina
248;Reallinkdigital;Desenvolvedor(a) Full Stack PHP;São Carlos (SP);01/10 16:00;https://www.linkedin.com/jobs/view/4472599906/;missing logo;-;https://www.linkedin.com/company/reallinkdigital/about/;Software e Serviços de TI;frontend OR javascript OR typescript OR html OR css OR react OR angular OR vue OR next.js OR wordpress OR full stack;reallinkdigital;1;;https://www.linkedin.com/jobs/view/4472599906/;https://www.linkedin.com/jobs/view/4472599906/;On-site;Full Stack;02/10/2026;São Carlos;São Paulo;SP;Região Sudeste;Brasil;América do Sul
249;Riachuelo;Desenvolvedor(a) Fullstack Pl Node| React | React Native;Brasil;01/10 14:00;https://www.linkedin.com/jobs/view/4472559058/;https://media.licdn.com/dms/image/v2/D4D0BAQHYnDOfMRYPZQ/company-logo_100_100/B4DZraA3sxIgAQ-/0/1764594253290/riachuelo_logo?e=1792627200&v=beta&t=SdGjDk4HKSVf9KORPmJA8ywboi0Eo5tITH9oYxs3fhI;-;https://www.linkedin.com/company/riachuelo/about/;Software e Serviços de TI;frontend OR javascript OR typescript OR html OR css OR react OR angular OR vue OR next.js OR wordpress OR full stack;riachuelo;1;;https://www.linkedin.com/jobs/view/4472559058/;https://www.linkedin.com/jobs/view/4472559058/;Remote;Mid, Full Stack;02/10/2026;;;;;Brasil;América do Sul
250;Santander;IT Analyst III (.NET / Typescript / IA);São Paulo (SP);01/10 14:00;https://www.linkedin.com/jobs/view/4472653472/;https://media.licdn.com/dms/image/v2/D4D0BAQGVRxhl9ugIOA/company-logo_100_100/company-logo_100_100/0/1719830522728/banco_santander_logo?e=1792627200&v=beta&t=IJeaTYa5ynvr5auumQtfgeh6A7Uzuhsid_s8x4ZlRys;Advanced > Specialist;https://www.linkedin.com/company/santander/about/;Inteligência Artificial;frontend OR javascript OR typescript OR html OR css OR react OR angular OR vue OR next.js OR wordpress OR full stack;santander;1;;https://www.linkedin.com/jobs/view/4472653472/;https://www.linkedin.com/jobs/view/4472653472/;Hybrid;Inteligência Artificial;02/10/2026;;São Paulo;SP;Região Sudeste;Brasil;América do Sul
251;SaquersTech;Desenvolvedor (a) II (Full-Stack);Grande Porto Alegre (RS);01/10 14:00;https://www.linkedin.com/jobs/view/4472640626/;https://media.licdn.com/dms/image/v2/D4D0BAQFdSkAn9k8X0A/company-logo_100_100/company-logo_100_100/0/1730903760411/saquerstech_logo?e=1792627200&v=beta&t=PjaTTx3dndyqtHMKLY_eGqlQQHQeaphQND9_-BQR9zk;-;https://www.linkedin.com/company/saquerstech/about/;Software e Serviços de TI;frontend OR javascript OR typescript OR html OR css OR react OR angular OR vue OR next.js OR wordpress OR full stack;saquerstech;1;;https://www.linkedin.com/jobs/view/4472640626/;https://www.linkedin.com/jobs/view/4472640626/;On-site;Full Stack;02/10/2026;;Rio Grande do Sul;RS;Região Sul;Brasil;América do Sul
252;Scale Army Careers;Full Stack Applications Developer;América Latina;01/10 21:00;https://www.linkedin.com/jobs/view/4472834720/;https://media.licdn.com/dms/image/v2/D4E0BAQFM0QmPI3hK_g/company-logo_100_100/B4EZsjht6zHgAQ-/0/1765827600477/scalearmycareers_logo?e=1792627200&v=beta&t=uYul1U-UHPkwfZnDhN45fH6HOhdHxXUySKBVASxmUU8;Advanced > Information Technology;https://www.linkedin.com/company/scale-army-careers/about/;Software e Serviços de TI;frontend OR javascript OR typescript OR html OR css OR react OR angular OR vue OR next.js OR wordpress OR full stack;scale army careers;1;;https://www.linkedin.com/jobs/view/4472834720/;https://www.linkedin.com/jobs/view/4472834720/;Remote;Full Stack;02/10/2026;;;;;;América Latina
253;Senior Sistemas;Software Developer II - C# / React (Wiipo) - 11874;Blumenau (SC);02/10 12:00;https://www.linkedin.com/jobs/view/4473154657/;https://media.licdn.com/dms/image/v2/C4E0BAQFlbJMLQgUBbQ/company-logo_100_100/company-logo_100_100/0/1631330968616?e=1792627200&v=beta&t=et9pHyWkWvEys_ENBzWddCLO-sbYcxlB3kRcJn4KrzU;Advanced > Information Technology;https://www.linkedin.com/company/senior-sistemas/about/;Software e Serviços de TI;frontend OR javascript OR typescript OR html OR css OR react OR angular OR vue OR next.js OR wordpress OR full stack;senior sistemas;1;;https://www.linkedin.com/jobs/view/4473154657/;https://www.linkedin.com/jobs/view/4473154657/;Hybrid;TI/Tech;02/10/2026;;Santa Catarina;SC;Região Sul;Brasil;América do Sul
254;Seven Inovações;Desenvolvedor .NET Full Stack Sênior | PJ | remoto;São Paulo (SP);01/10 21:00;https://www.linkedin.com/jobs/view/4474560003/;https://media.licdn.com/dms/image/v2/C4D0BAQHjV0fh9NkAOA/company-logo_100_100/company-logo_100_100/0/1630565395830/seveninovacoes_logo?e=1792627200&v=beta&t=HrSUaenAO5qIS3cGP9x0J8PR27cnpZSAtjp8LJbzo74;-;https://www.linkedin.com/company/seven-inova-es/about/;-;frontend OR javascript OR typescript OR html OR css OR react OR angular OR vue OR next.js OR wordpress OR full stack;seven inovações;1;;https://www.linkedin.com/jobs/view/4474560003/;https://www.linkedin.com/jobs/view/4474560003/;Remote;Freelance/PJ, Senior, Full Stack;02/10/2026;;São Paulo;SP;Região Sudeste;Brasil;América do Sul
255;Sezzle;Senior Software Engineer Full stack (LATAM);América Latina;01/10 18:00;https://www.linkedin.com/jobs/view/4474508968/;https://media.licdn.com/dms/image/v2/D4D0BAQG7gz7YdO6a9A/company-logo_100_100/B4DZuT4MapH8AQ-/0/1767712540797/sezzle_logo?e=1792627200&v=beta&t=B8fcoUgtioYQb1W4ja5Yt5ptXVg28r3oQhUm5YjCB_Y;Advanced > Information Technology;https://www.linkedin.com/company/sezzle/about/;Software e Serviços de TI;frontend OR javascript OR typescript OR html OR css OR react OR angular OR vue OR next.js OR wordpress OR full stack;sezzle;1;;https://www.linkedin.com/jobs/view/4474508968/;https://www.linkedin.com/jobs/view/4474508968/;Remote;Senior, TI/Tech, Full Stack, Engenharia Geral;02/10/2026;;;;;;América Latina
256;Skopia Digital;Desenvolvedor(a) FullStack Sênior Phyton & React;Brasil;01/10 14:00;https://www.linkedin.com/jobs/view/4472805401/;https://media.licdn.com/dms/image/v2/D4E0BAQHXAybjHJEiOA/company-logo_100_100/B4EZarlkHeHYAQ-/0/1746635473784/skopiadigital_logo?e=1792627200&v=beta&t=FyEK6s4FKETXbSyrMKLTaY0Mx3IIi2t91bV_1oZQno0;-;https://www.linkedin.com/company/skopia-digital/about/;Software e Serviços de TI;frontend OR javascript OR typescript OR html OR css OR react OR angular OR vue OR next.js OR wordpress OR full stack;skopia digital;1;;https://www.linkedin.com/jobs/view/4472805401/;https://www.linkedin.com/jobs/view/4472805401/;Remote;Senior, Full Stack;02/10/2026;;;;;Brasil;América do Sul
257;Software Mind Americas;Front-End Engineer (React);América Latina;01/10 14:00;https://www.linkedin.com/jobs/view/4473972657/;https://media.licdn.com/dms/image/v2/D4D0BAQHic5xYaBAu8Q/company-logo_100_100/company-logo_100_100/0/1727359829405/number_8_it_logo?e=1792627200&v=beta&t=Es1Dnhba40xaseqi4b98A36McbvPoWfEn0a-yUo8YqI;Advanced > Information Technology;https://www.linkedin.com/company/software-mind-americas/about/;Software e Serviços de TI;frontend OR javascript OR typescript OR html OR css OR react OR angular OR vue OR next.js OR wordpress OR full stack;software mind americas;1;;https://www.linkedin.com/jobs/view/4473972657/;https://www.linkedin.com/jobs/view/4473972657/;Remote;Frontend, Engenharia Geral;02/10/2026;;;;;;América Latina
258;Stalse;Desenvolvedor Fullstack (Python + Next.js);Grande São Paulo (SP) ;01/10 16:00;https://www.linkedin.com/jobs/view/4472958540/;https://media.licdn.com/dms/image/v2/D4D0BAQG9UNdJml-TTA/company-logo_100_100/B4DZ5knFfFJUAI-/0/1779804428504/stalseanalytics_logo?e=1792627200&v=beta&t=ZIIbmoHsybSLmf6u0y3wn-90bJWttnU0drrllCjXsdc;-;https://www.linkedin.com/company/stalse/about/;-;frontend OR javascript OR typescript OR html OR css OR react OR angular OR vue OR next.js OR wordpress OR full stack;stalse;1;;https://www.linkedin.com/jobs/view/4472958540/;https://www.linkedin.com/jobs/view/4472958540/;Hybrid;Full Stack;02/10/2026;;São Paulo;SP;Região Sudeste;Brasil;América do Sul
259;Starian;Pessoa Desenvolvedora Fullstack Sr – Next.js/NestJS (Remoto) - 6340;Brasil;01/10 14:00;https://www.linkedin.com/jobs/view/4472912556/;https://media.licdn.com/dms/image/v2/D4D0BAQGibgBlPwj9pA/company-logo_100_100/B4DZdbCrt8H4AU-/0/1749579120051/somos_starian_logo?e=1792627200&v=beta&t=e0z7b0DwBOyKlUxDPFvkWHzB4seBF-P5LG3j8TdO6T8;-;https://www.linkedin.com/company/starian/about/;-;frontend OR javascript OR typescript OR html OR css OR react OR angular OR vue OR next.js OR wordpress OR full stack;starian;1;;https://www.linkedin.com/jobs/view/4472912556/;https://www.linkedin.com/jobs/view/4472912556/;Remote;PCD / Afirmativa, Senior, Full Stack;02/10/2026;;;;;Brasil;América do Sul
260;TMB;Desenvolvedor Full Stack;São José dos Campos (SP);01/10 14:00;https://www.linkedin.com/jobs/view/4472813005/;https://media.licdn.com/dms/image/v2/D4D0BAQEhrL9kBX3HHg/company-logo_100_100/B4DZjniU.xHwAk-/0/1756231193005/tmb_temmaisnoboleto_logo?e=1792627200&v=beta&t=z92DYfXXvJGUIMES2q6sRgWBmgHqe9QeDeIsWg3yBOY;-;https://www.linkedin.com/company/tmb/about/;-;frontend OR javascript OR typescript OR html OR css OR react OR angular OR vue OR next.js OR wordpress OR full stack;tmb;1;;https://www.linkedin.com/jobs/view/4472813005/;https://www.linkedin.com/jobs/view/4472813005/;On-site;Full Stack;02/10/2026;;São Paulo;SP;Região Sudeste;Brasil;América do Sul
261;TRM Labs;Senior Data Scientist, Full Stack (Brazil);São Paulo (SP);01/10 14:00;https://www.linkedin.com/jobs/view/4418980527/;https://media.licdn.com/dms/image/v2/C4E0BAQGk-xkrdUoBpg/company-logo_100_100/company-logo_100_100/0/1638543126715/trmlabs_logo?e=1792627200&v=beta&t=undWikekljY7QgWa7Qdx2Hgx9Tzejv6JmKRwJR5eGnY;Data & Ai > Data Engineering;https://www.linkedin.com/company/trm-labs/about/;Dados e Analytics;frontend OR javascript OR typescript OR html OR css OR react OR angular OR vue OR next.js OR wordpress OR full stack;trm labs;1;;https://www.linkedin.com/jobs/view/4418980527/;https://www.linkedin.com/jobs/view/4418980527/;Remote;Senior, Full Stack, Dados/Analytics;02/10/2026;;São Paulo;SP;Região Sudeste;Brasil;América do Sul
262;Tecla;Staff Full-Stack Software Engineer;América Latina;01/10 14:00;https://www.linkedin.com/jobs/view/4473945715/;https://media.licdn.com/dms/image/v2/D4D0BAQEYuM6iiNaC3Q/company-logo_100_100/B4DZ_SzDiJIwAI-/0/1785948027537/tecla_io_logo?e=1792627200&v=beta&t=RjfLJLyMwIwxT5bQjSR4W0ZKIAEL2L-6pCN30JdqHn8;Advanced > Information Technology;https://www.linkedin.com/company/tecla/about/;Software e Serviços de TI;frontend OR javascript OR typescript OR html OR css OR react OR angular OR vue OR next.js OR wordpress OR full stack;tecla;1;;https://www.linkedin.com/jobs/view/4473945715/;https://www.linkedin.com/jobs/view/4473945715/;Remote;TI/Tech, Full Stack, Engenharia Geral;02/10/2026;;;;;;América Latina
263;Tekton Labs;Semi Senior AI Fullstack Engineer;América Latina;02/10 08:00;https://www.linkedin.com/jobs/view/4453823016/;https://media.licdn.com/dms/image/v2/D560BAQFhwIeQEAp9Og/company-logo_100_100/B56ZkHQ4zAHQAU-/0/1756763491979/tekton_labs_logo?e=1792627200&v=beta&t=-wOZak67UE4mEmu0037IDm2fCmHC8I5GU3Cpf1qDRH0;Advanced > Information Technology;https://www.linkedin.com/company/tekton-labs/about/;Inteligência Artificial;frontend OR javascript OR typescript OR html OR css OR react OR angular OR vue OR next.js OR wordpress OR full stack;tekton labs;1;;https://www.linkedin.com/jobs/view/4453823016/;https://www.linkedin.com/jobs/view/4453823016/;Remote;Inteligência Artificial, Senior, Full Stack, Engenharia Geral;02/10/2026;;;;;;América Latina
264;VAAS;Senior Front-end Developer - React;Florianópolis (SC);01/10 14:00;https://www.linkedin.com/jobs/view/4472841530/;https://media.licdn.com/dms/image/v2/D4D0BAQFzne_opdV6nw/company-logo_100_100/company-logo_100_100/0/1730747632098/vaas_live_logo?e=1792627200&v=beta&t=p4h20bUNxlcf4jgeGLG4lV32ymwUbf6IeycM8saaIes;Advanced > Information Technology;https://www.linkedin.com/company/vaas/about/;-;frontend OR javascript OR typescript OR html OR css OR react OR angular OR vue OR next.js OR wordpress OR full stack;vaas;1;;https://www.linkedin.com/jobs/view/4472841530/;https://www.linkedin.com/jobs/view/4472841530/;Hybrid;Senior, Frontend;02/10/2026;;Santa Catarina;SC;Região Sul;Brasil;América do Sul
265;Ventara AI;Full-stack Engineer, Atlas;São Paulo (SP);30/09 14:00;https://www.linkedin.com/jobs/view/4473592350/;https://media.licdn.com/dms/image/v2/D4D0BAQHCRUsWpnIp_g/company-logo_100_100/B4DZ_Fz8c5I8AM-/0/1785730156762?e=1792627200&v=beta&t=StKbbBv5kJSabIaKzf4nAmScdlGszWWhb2GrAA08HG4;Advanced > Information Technology;https://www.linkedin.com/company/ventara-ai/about/;Inteligência Artificial;frontend OR javascript OR typescript OR html OR css OR react OR angular OR vue OR next.js OR wordpress OR full stack;ventara ai;1;;https://www.linkedin.com/jobs/view/4473592350/;https://www.linkedin.com/jobs/view/4473592350/;Remote;Full Stack, Engenharia Geral;02/10/2026;;São Paulo;SP;Região Sudeste;Brasil;América do Sul
266;WiTI;Back-end Software Engineer – NestJS | Cloud Native | AWS;América Latina;01/10 14:00;https://www.linkedin.com/jobs/view/4472813742/;https://media.licdn.com/dms/image/v2/C4E0BAQE0Mk6HnpdVOQ/company-logo_100_100/company-logo_100_100/0/1660058958958/witichile_logo?e=1792627200&v=beta&t=TJQRFdxDcT5bSSRGC5z8ixkMSQFm9XCYJYKvVm-LOgg;Specific > Cloud;https://www.linkedin.com/company/witi/about/;Software e Serviços de TI;frontend OR javascript OR typescript OR html OR css OR react OR angular OR vue OR next.js OR wordpress OR full stack;witi;1;;https://www.linkedin.com/jobs/view/4472813742/;https://www.linkedin.com/jobs/view/4472813742/;Remote;Cloud (AWS/GCP/Azure), TI/Tech, Backend, Engenharia Geral;02/10/2026;;;;;;América Latina
267;YO AI Labs;Sr. Full-Stack Software Engineer - Remote;São Paulo (SP);01/10 23:00;https://www.linkedin.com/jobs/view/4472863226/;https://media.licdn.com/dms/image/v2/D4D0BAQHDql1BKPBIEA/company-logo_100_100/B4DZ8fFAp1HQAU-/0/1782932835546/yoailabs_logo?e=1792627200&v=beta&t=fSNvqIk5Xa2bQCixKXa4y-ieNuz00oDSzeKxM3Cg8uU;Advanced > Information Technology;https://www.linkedin.com/company/yo-ai-labs/about/;Inteligência Artificial;frontend OR javascript OR typescript OR html OR css OR react OR angular OR vue OR next.js OR wordpress OR full stack;yo ai labs;1;;https://www.linkedin.com/jobs/view/4472863226/;https://www.linkedin.com/jobs/view/4472863226/;Remote;Senior, TI/Tech, Full Stack, Engenharia Geral;02/10/2026;;São Paulo;SP;Região Sudeste;Brasil;América do Sul
268;YouRH;Banco de Talentos Desenvolvedor(a) Full Stack;Brasil;02/10 09:00;https://www.linkedin.com/jobs/view/4456767954/;https://media.licdn.com/dms/image/v2/D4E0BAQEO-sD0SxbJrg/company-logo_100_100/B4EaBoXD0RHAAM-/0/1788457270801/yourhoficial_logo?e=1792627200&v=beta&t=LSQTkmFptyxFcOXZPcIj0JFuO1qTx2EAHEYq9-hGN_o;People;https://www.linkedin.com/company/yourh/about/;Recursos Humanos;frontend OR javascript OR typescript OR html OR css OR react OR angular OR vue OR next.js OR wordpress OR full stack;yourh;1;;https://www.linkedin.com/jobs/view/4456767954/;https://www.linkedin.com/jobs/view/4456767954/;Remote;Banco de Talentos, Full Stack;02/10/2026;;;;;Brasil;América do Sul
269;ZANC Assessoria Nacional de Cobrança;Desenvolvedor Full Stack Nodejs - Porto Alegre - Cargos em Aberto;Porto Alegre (RS);02/10 05:00;https://www.linkedin.com/jobs/view/4473120340/;https://media.licdn.com/dms/image/v2/D4D0BAQEO2eMPt_XXbg/company-logo_100_100/company-logo_100_100/0/1696862232579/zanc_logo?e=1792627200&v=beta&t=rrl1uIbRVVglTN5Z51d9nUxeGB612G6SiEmblXdlCDc;-;https://www.linkedin.com/company/zanc-assessoria-nacional-de-cobran-a/about/;Consultoria e Assessoria;frontend OR javascript OR typescript OR html OR css OR react OR angular OR vue OR next.js OR wordpress OR full stack;zanc assessoria nacional de cobrança;1;;https://www.linkedin.com/jobs/view/4473120340/;https://www.linkedin.com/jobs/view/4473120340/;On-site;Full Stack;02/10/2026;Porto Alegre;Rio Grande do Sul;RS;Região Sul;Brasil;América do Sul
270;ZANC Assessoria Nacional de Cobrança;Desenvolvedor Full Stack Nodejs - Porto Alegre - Oportunidades Profissionais;Porto Alegre (RS);02/10 05:00;https://www.linkedin.com/jobs/view/4473118414/;https://media.licdn.com/dms/image/v2/D4D0BAQEO2eMPt_XXbg/company-logo_100_100/company-logo_100_100/0/1696862232579/zanc_logo?e=1792627200&v=beta&t=rrl1uIbRVVglTN5Z51d9nUxeGB612G6SiEmblXdlCDc;-;https://www.linkedin.com/company/zanc-assessoria-nacional-de-cobran-a/about/;Consultoria e Assessoria;frontend OR javascript OR typescript OR html OR css OR react OR angular OR vue OR next.js OR wordpress OR full stack;zanc assessoria nacional de cobrança;1;;https://www.linkedin.com/jobs/view/4473118414/;https://www.linkedin.com/jobs/view/4473118414/;On-site;Full Stack;02/10/2026;Porto Alegre;Rio Grande do Sul;RS;Região Sul;Brasil;América do Sul
271;Zallpy Digital;SR Mobile Developer React Native;Brasil;01/10 18:00;https://www.linkedin.com/jobs/view/4472810975/;https://media.licdn.com/dms/image/v2/D560BAQGDyO2Jo8nezQ/company-logo_100_100/B56Z.uDzHyJgAI-/0/1785331659466/zallpy_digital_logo?e=1792627200&v=beta&t=IfeG1avty9hRVIB3-0auwgrMlOXzizqwVuQzf4gyhpw;Advanced > Information Technology;https://www.linkedin.com/company/zallpy-digital/about/;Software e Serviços de TI;frontend OR javascript OR typescript OR html OR css OR react OR angular OR vue OR next.js OR wordpress OR full stack;zallpy digital;1;;https://www.linkedin.com/jobs/view/4472810975/;https://www.linkedin.com/jobs/view/4472810975/;Remote;Senior;02/10/2026;;;;;Brasil;América do Sul
272;Zallpy Digital;Pessoa Desenvolvedora Full Stack Sênior .NET + React - Presencial Porto Alegre;Porto Alegre (RS);02/10 12:00;https://www.linkedin.com/jobs/view/4455454578/;https://media.licdn.com/dms/image/v2/D560BAQGDyO2Jo8nezQ/company-logo_100_100/B56Z.uDzHyJgAI-/0/1785331659466/zallpy_digital_logo?e=1792627200&v=beta&t=IfeG1avty9hRVIB3-0auwgrMlOXzizqwVuQzf4gyhpw;-;https://www.linkedin.com/company/zallpy-digital/about/;Software e Serviços de TI;frontend OR javascript OR typescript OR html OR css OR react OR angular OR vue OR next.js OR wordpress OR full stack;zallpy digital;1;;https://www.linkedin.com/jobs/view/4455454578/;https://www.linkedin.com/jobs/view/4455454578/;On-site;PCD / Afirmativa, Senior, Full Stack;02/10/2026;Porto Alegre;Rio Grande do Sul;RS;Região Sul;Brasil;América do Sul
273;abler Vagas;Desenvolvedor(a) Full Stack PHP - Pleno/Sênior;Brasil;02/10 13:00;https://www.linkedin.com/jobs/view/4474771886/;https://media.licdn.com/dms/image/v2/D560BAQG5WYTGCgaQ2Q/company-logo_100_100/B56aD4Ei3bKQAM-/0/1790868336447/abler_vagas_br_logo?e=1792627200&v=beta&t=2oZy0i-lNE17vzKpOYeMFB-tjJzpYxpoqzoyLWdPhx8;-;https://www.linkedin.com/company/abler-vagas/about/;Energia e Combustíveis;frontend OR javascript OR typescript OR html OR css OR react OR angular OR vue OR next.js OR wordpress OR full stack;abler vagas;1;;https://www.linkedin.com/jobs/view/4474771886/;https://www.linkedin.com/jobs/view/4474771886/;Remote;Senior, Mid, Full Stack;02/10/2026;;;;;Brasil;América do Sul
274;innolevels;Desenvolvedor Full Stack IA;Grande Rio de Janeiro (RJ);01/10 14:00;https://www.linkedin.com/jobs/view/4472667384/;https://media.licdn.com/dms/image/v2/C4D0BAQHTJl0dF22boA/company-logo_100_100/company-logo_100_100/0/1662223622824/innolevels_logo?e=1792627200&v=beta&t=kxws-1zuu5HgKNPNOrzt7i0Rcsm2ntq83RuA-wcmSPc;-;https://www.linkedin.com/company/innolevels/about/;Inteligência Artificial;frontend OR javascript OR typescript OR html OR css OR react OR angular OR vue OR next.js OR wordpress OR full stack;innolevels;1;;https://www.linkedin.com/jobs/view/4472667384/;https://www.linkedin.com/jobs/view/4472667384/;Remote;Inteligência Artificial, Full Stack;02/10/2026;;Rio de Janeiro;RJ;Região Sudeste;Brasil;América do Sul
275;innolevels;Desenvolvedor Front-end React;Grande São Paulo (SP) ;01/10 14:00;https://www.linkedin.com/jobs/view/4472662904/;https://media.licdn.com/dms/image/v2/C4D0BAQHTJl0dF22boA/company-logo_100_100/company-logo_100_100/0/1662223622824/innolevels_logo?e=1792627200&v=beta&t=kxws-1zuu5HgKNPNOrzt7i0Rcsm2ntq83RuA-wcmSPc;-;https://www.linkedin.com/company/innolevels/about/;-;frontend OR javascript OR typescript OR html OR css OR react OR angular OR vue OR next.js OR wordpress OR full stack;innolevels;1;;https://www.linkedin.com/jobs/view/4472662904/;https://www.linkedin.com/jobs/view/4472662904/;Hybrid;Frontend;02/10/2026;;São Paulo;SP;Região Sudeste;Brasil;América do Sul
276;innolevels;Desenvolvedor Full Stack Node.js;Grande São Paulo (SP) ;01/10 14:00;https://www.linkedin.com/jobs/view/4472657984/;https://media.licdn.com/dms/image/v2/C4D0BAQHTJl0dF22boA/company-logo_100_100/company-logo_100_100/0/1662223622824/innolevels_logo?e=1792627200&v=beta&t=kxws-1zuu5HgKNPNOrzt7i0Rcsm2ntq83RuA-wcmSPc;-;https://www.linkedin.com/company/innolevels/about/;-;frontend OR javascript OR typescript OR html OR css OR react OR angular OR vue OR next.js OR wordpress OR full stack;innolevels;1;;https://www.linkedin.com/jobs/view/4472657984/;https://www.linkedin.com/jobs/view/4472657984/;Hybrid;Full Stack;02/10/2026;;São Paulo;SP;Região Sudeste;Brasil;América do Sul
277;outsera;Dev. Front-end Angular | Plataforma de Dados [Remoto];Brasil;01/10 14:00;https://www.linkedin.com/jobs/view/4472503665/;https://media.licdn.com/dms/image/v2/D560BAQF1JfdJOsFKaA/company-logo_100_100/B56aDZAXKeIQAI-/0/1790347146108/outsera_logo?e=1792627200&v=beta&t=KHm-6yFSz-wyqV236ZSnhAw11Az-VdLwofdTbOsepp8;-;https://www.linkedin.com/company/outsera/about/;Dados e Analytics;frontend OR javascript OR typescript OR html OR css OR react OR angular OR vue OR next.js OR wordpress OR full stack;outsera;1;;https://www.linkedin.com/jobs/view/4472503665/;https://www.linkedin.com/jobs/view/4472503665/;Remote;Frontend, Dados/Analytics;02/10/2026;;;;;Brasil;América do Sul
278;ília;PL/SR Front-end Developer (React);Brasil;01/10 20:00;https://www.linkedin.com/jobs/view/4472839149/;https://media.licdn.com/dms/image/v2/D4D0BAQEcfwzf6s9pKQ/company-logo_100_100/company-logo_100_100/0/1738336067721/ilia_digital_logo?e=1792627200&v=beta&t=i52EQRUtqVaKhxm-6CrtEOO1zOxxHBsTpZmIgB8_vWA;Advanced > Information Technology;https://www.linkedin.com/company/lia/about/;-;frontend OR javascript OR typescript OR html OR css OR react OR angular OR vue OR next.js OR wordpress OR full stack;ília;1;;https://www.linkedin.com/jobs/view/4472839149/;https://www.linkedin.com/jobs/view/4472839149/;Remote;Senior, Mid, Frontend;02/10/2026;;;;;Brasil;América do Sul
