Id;Company;Job Title;Location;Published Date;Job Link;Logo;Category;Company Life URL;Industry;Query Parameters;Company_Match;Score;Platform;Job Link_Match;Destination URL;Work Mode;Tags;Capture Date;City;State;UF;Region;Country;Continent
1;3CON Consultoria e Sistemas;Desenvolvedor Java Microserviços;São Paulo (SP);20/07 18:00;https://www.linkedin.com/jobs/view/4440198134/;https://media.licdn.com/dms/image/v2/D4D0BAQF0uro7F5DFQA/company-logo_100_100/company-logo_100_100/0/1687465005321/trescon_logo?e=1785974400&v=beta&t=aNEyk5Wntz1oC-q2LDSHSsRpwAr0hAKMb0d-Nrdwg8s;-;https://www.linkedin.com/company/3con-consultoria-e-sistemas/about/;Consultoria e Assessoria;backend OR java OR (spring AND boot) OR python OR django OR go OR golang OR php OR laravel OR ruby OR (ruby AND rails) OR c++ OR c# OR rust OR scala OR julia OR elixir OR node.js OR (asp.net AND core);3con consultoria e sistemas;1.0;;https://www.linkedin.com/jobs/view/4440198134/;https://www.linkedin.com/jobs/view/4440198134/;Hybrid;-;21/07/2026;São Paulo;São Paulo;SP;Região Sudeste;Brasil;América do Sul
2;4DF Connect;Dev Backend Pleno (.Net/C#);Brasil;20/07 21:00;https://www.linkedin.com/jobs/view/4443058402/;https://media.licdn.com/dms/image/v2/D4E0BAQHgznwIT2t3IA/company-logo_100_100/B4EZgUICjYGcAU-/0/1752684309117/4dfconnect_logo?e=1785974400&v=beta&t=PZ7Y9HH5c6Y86c58lWinxrzzZzIi0J6fHBr7HjoywYo;Advanced > Information Technology;https://www.linkedin.com/company/4df-connect/about/;-;backend OR java OR (spring AND boot) OR python OR django OR go OR golang OR php OR laravel OR ruby OR (ruby AND rails) OR c++ OR c# OR rust OR scala OR julia OR elixir OR node.js OR (asp.net AND core);4df connect;1.0;LinkedIn;https://www.linkedin.com/jobs/view/4443058402/;https://www.linkedin.com/jobs/view/4443058402/;Remote;Mid, Backend;21/07/2026;;;;;Brasil;América do Sul
3;ALS;PESSOA LIDER DE AMOSTRAGEM - GO;Alto Horizonte (GO);21/07 07:00;https://www.linkedin.com/jobs/view/4434192416/;https://media.licdn.com/dms/image/v2/D560BAQEvef0vRwt8aA/company-logo_100_100/company-logo_100_100/0/1719851393792/als_logo?e=1785974400&v=beta&t=XD9t9_8avflu0Kw4Pp3mx9hfDF3wlgzs26h1vmsIlo8;-;https://www.linkedin.com/company/als/about/;-;backend OR java OR (spring AND boot) OR python OR django OR go OR golang OR php OR laravel OR ruby OR (ruby AND rails) OR c++ OR c# OR rust OR scala OR julia OR elixir OR node.js OR (asp.net AND core);als;1.0;;https://www.linkedin.com/jobs/view/4434192416/;https://www.linkedin.com/jobs/view/4434192416/;On-site;PCD / Afirmativa, Liderança/Gerência;21/07/2026;Alto Horizonte;Goiás;GO;Região Centro-Oeste;Brasil;América do Sul
4;ARCOM;Representante comercial - GO;Acreúna (GO);21/07 00:00;https://www.linkedin.com/jobs/view/4442265972/;https://media.licdn.com/dms/image/v2/C510BAQHml9VWZyqWlw/company-logo_100_100/company-logo_100_100/0/1631339214827?e=1785974400&v=beta&t=FOP1ujsVy41WQxMx5EiLZJLn9hg4vOy_kCXCihSp5kg;-;https://www.linkedin.com/company/arcom/about/;Vendas e Suporte;backend OR java OR (spring AND boot) OR python OR django OR go OR golang OR php OR laravel OR ruby OR (ruby AND rails) OR c++ OR c# OR rust OR scala OR julia OR elixir OR node.js OR (asp.net AND core);arcom;1.0;empregos.com.br;https://www.linkedin.com/jobs/view/4442265972/;https://www.linkedin.com/jobs/view/4442265972/;On-site;Vendas / Comercial;21/07/2026;Acreúna;Goiás;GO;Região Centro-Oeste;Brasil;América do Sul
5;ARCOM;Representante comercial - GO;Anápolis (GO);21/07 00:00;https://www.linkedin.com/jobs/view/4442274619/;https://media.licdn.com/dms/image/v2/C510BAQHml9VWZyqWlw/company-logo_100_100/company-logo_100_100/0/1631339214827?e=1785974400&v=beta&t=FOP1ujsVy41WQxMx5EiLZJLn9hg4vOy_kCXCihSp5kg;-;https://www.linkedin.com/company/arcom/about/;Vendas e Suporte;backend OR java OR (spring AND boot) OR python OR django OR go OR golang OR php OR laravel OR ruby OR (ruby AND rails) OR c++ OR c# OR rust OR scala OR julia OR elixir OR node.js OR (asp.net AND core);arcom;1.0;empregos.com.br;https://www.linkedin.com/jobs/view/4442274619/;https://www.linkedin.com/jobs/view/4442274619/;On-site;Vendas / Comercial;21/07/2026;Anápolis;Goiás;GO;Região Centro-Oeste;Brasil;América do Sul
6;ARCOM;Representante comercial - GO;Águas Lindas de Goiás (GO);21/07 00:00;https://www.linkedin.com/jobs/view/4442263809/;https://media.licdn.com/dms/image/v2/C510BAQHml9VWZyqWlw/company-logo_100_100/company-logo_100_100/0/1631339214827?e=1785974400&v=beta&t=FOP1ujsVy41WQxMx5EiLZJLn9hg4vOy_kCXCihSp5kg;-;https://www.linkedin.com/company/arcom/about/;Vendas e Suporte;backend OR java OR (spring AND boot) OR python OR django OR go OR golang OR php OR laravel OR ruby OR (ruby AND rails) OR c++ OR c# OR rust OR scala OR julia OR elixir OR node.js OR (asp.net AND core);arcom;1.0;empregos.com.br;https://www.linkedin.com/jobs/view/4442263809/;https://www.linkedin.com/jobs/view/4442263809/;On-site;Vendas / Comercial;21/07/2026;Águas Lindas de Goiás;Goiás;GO;Região Centro-Oeste;Brasil;América do Sul
7;AST Assessoria em Serviços Terceirizados Ltda.;Promotor de vendas - GO;Aparecida de Goiânia (GO);21/07 00:00;https://www.linkedin.com/jobs/view/4442263874/;missing logo;-;https://www.linkedin.com/company/ast-assessoria-em-servi-os-terceirizados-ltda/about/;Consultoria e Assessoria;backend OR java OR (spring AND boot) OR python OR django OR go OR golang OR php OR laravel OR ruby OR (ruby AND rails) OR c++ OR c# OR rust OR scala OR julia OR elixir OR node.js OR (asp.net AND core);ast assessoria em serviços terceirizados ltda.;3.0;empregos.com.br;https://www.linkedin.com/jobs/view/4442263874/;https://www.linkedin.com/jobs/view/4442263874/;On-site;Vendas / Comercial;21/07/2026;Aparecida de Goiânia;Goiás;GO;Região Centro-Oeste;Brasil;América do Sul
8;AST Assessoria em Serviços Terceirizados Ltda.;PROMOTOR FREE LANCER - LUZIÂNIA - GO;Luziânia (GO);21/07 00:00;https://www.linkedin.com/jobs/view/4442269606/;missing logo;-;https://www.linkedin.com/company/ast-assessoria-em-servi-os-terceirizados-ltda/about/;Consultoria e Assessoria;backend OR java OR (spring AND boot) OR python OR django OR go OR golang OR php OR laravel OR ruby OR (ruby AND rails) OR c++ OR c# OR rust OR scala OR julia OR elixir OR node.js OR (asp.net AND core);ast assessoria em serviços terceirizados ltda.;3.0;empregos.com.br;https://www.linkedin.com/jobs/view/4442269606/;https://www.linkedin.com/jobs/view/4442269606/;On-site;-;21/07/2026;Luziânia;Goiás;GO;Região Centro-Oeste;Brasil;América do Sul
9;Accenture Brasil;Desenvolvedor (a) Java | Spring - Pleno | Sênior | Especialista;Grande Recife (PE);21/07 09:00;https://www.linkedin.com/jobs/view/4431556865/;https://media.licdn.com/dms/image/v2/D4D0BAQFxYk90aqWMqA/company-logo_100_100/company-logo_100_100/0/1727873248436/accenturebrasil_logo?e=1785974400&v=beta&t=NKxRGkcvxTyehkA9w5lkM76qjDJxnPAXQKCQ2SlvX-o;Advanced > Specialist;https://www.linkedin.com/company/accenture-brasil/about/;-;backend OR java OR (spring AND boot) OR python OR django OR go OR golang OR php OR laravel OR ruby OR (ruby AND rails) OR c++ OR c# OR rust OR scala OR julia OR elixir OR node.js OR (asp.net AND core);accenture brasil;4.0;LinkedIn;https://www.linkedin.com/jobs/view/4431556865/;https://www.linkedin.com/jobs/view/4431556865/;Remote;Specialist, Senior, Mid;21/07/2026;;Pernambuco;PE;Região Nordeste;Brasil;América do Sul
10;AgileEngine;Lead Backend Engineer ID76299;Belo Horizonte (MG);20/07 12:00;https://www.linkedin.com/jobs/view/4442093382/;https://media.licdn.com/dms/image/v2/D4D0BAQEV7XPrwqjYLg/company-logo_100_100/company-logo_100_100/0/1693840967446/agileengine_logo?e=1785974400&v=beta&t=CqGK560lcC4uNTpsykJqbNxmzDHFAIp47ADWVQGGyVk;Middle > Manager;https://www.linkedin.com/company/agileengine/about/;Transporte e Mobilidade;backend OR java OR (spring AND boot) OR python OR django OR go OR golang OR php OR laravel OR ruby OR (ruby AND rails) OR c++ OR c# OR rust OR scala OR julia OR elixir OR node.js OR (asp.net AND core);agileengine;1.0;LinkedIn;https://www.linkedin.com/jobs/view/4442093382/;https://www.linkedin.com/jobs/view/4442093382/;Remote;Mid, Liderança/Gerência, Backend, Engenharia Geral;21/07/2026;Belo Horizonte;Minas Gerais;MG;Região Sudeste;Brasil;América do Sul
11;AgileEngine;Senior Java Engineer ID77148;Belo Horizonte (MG);20/07 12:00;https://www.linkedin.com/jobs/view/4442093630/;https://media.licdn.com/dms/image/v2/D4D0BAQEV7XPrwqjYLg/company-logo_100_100/company-logo_100_100/0/1693840967446/agileengine_logo?e=1785974400&v=beta&t=CqGK560lcC4uNTpsykJqbNxmzDHFAIp47ADWVQGGyVk;Advanced > Information Technology;https://www.linkedin.com/company/agileengine/about/;-;backend OR java OR (spring AND boot) OR python OR django OR go OR golang OR php OR laravel OR ruby OR (ruby AND rails) OR c++ OR c# OR rust OR scala OR julia OR elixir OR node.js OR (asp.net AND core);agileengine;1.0;LinkedIn;https://www.linkedin.com/jobs/view/4442093630/;https://www.linkedin.com/jobs/view/4442093630/;Remote;Senior, Engenharia Geral;21/07/2026;Belo Horizonte;Minas Gerais;MG;Região Sudeste;Brasil;América do Sul
12;AgileEngine;Lead Backend Engineer ID76299;Brasília (DF);20/07 12:00;https://www.linkedin.com/jobs/view/4442092475/;https://media.licdn.com/dms/image/v2/D4D0BAQEV7XPrwqjYLg/company-logo_100_100/company-logo_100_100/0/1693840967446/agileengine_logo?e=1785974400&v=beta&t=CqGK560lcC4uNTpsykJqbNxmzDHFAIp47ADWVQGGyVk;Middle > Manager;https://www.linkedin.com/company/agileengine/about/;Transporte e Mobilidade;backend OR java OR (spring AND boot) OR python OR django OR go OR golang OR php OR laravel OR ruby OR (ruby AND rails) OR c++ OR c# OR rust OR scala OR julia OR elixir OR node.js OR (asp.net AND core);agileengine;1.0;LinkedIn;https://www.linkedin.com/jobs/view/4442092475/;https://www.linkedin.com/jobs/view/4442092475/;Remote;Mid, Liderança/Gerência, Backend, Engenharia Geral;21/07/2026;;Distrito Federal;DF;Região Centro-Oeste;Brasil;América do Sul
13;AgileEngine;Senior Java Engineer ID77148;Brasília (DF);20/07 12:00;https://www.linkedin.com/jobs/view/4442097607/;https://media.licdn.com/dms/image/v2/D4D0BAQEV7XPrwqjYLg/company-logo_100_100/company-logo_100_100/0/1693840967446/agileengine_logo?e=1785974400&v=beta&t=CqGK560lcC4uNTpsykJqbNxmzDHFAIp47ADWVQGGyVk;Advanced > Information Technology;https://www.linkedin.com/company/agileengine/about/;-;backend OR java OR (spring AND boot) OR python OR django OR go OR golang OR php OR laravel OR ruby OR (ruby AND rails) OR c++ OR c# OR rust OR scala OR julia OR elixir OR node.js OR (asp.net AND core);agileengine;1.0;LinkedIn;https://www.linkedin.com/jobs/view/4442097607/;https://www.linkedin.com/jobs/view/4442097607/;Remote;Senior, Engenharia Geral;21/07/2026;;Distrito Federal;DF;Região Centro-Oeste;Brasil;América do Sul
14;AgileEngine;Lead Backend Engineer ID76299;Campinas (SP);20/07 12:00;https://www.linkedin.com/jobs/view/4442091511/;https://media.licdn.com/dms/image/v2/D4D0BAQEV7XPrwqjYLg/company-logo_100_100/company-logo_100_100/0/1693840967446/agileengine_logo?e=1785974400&v=beta&t=CqGK560lcC4uNTpsykJqbNxmzDHFAIp47ADWVQGGyVk;Middle > Manager;https://www.linkedin.com/company/agileengine/about/;Transporte e Mobilidade;backend OR java OR (spring AND boot) OR python OR django OR go OR golang OR php OR laravel OR ruby OR (ruby AND rails) OR c++ OR c# OR rust OR scala OR julia OR elixir OR node.js OR (asp.net AND core);agileengine;1.0;LinkedIn;https://www.linkedin.com/jobs/view/4442091511/;https://www.linkedin.com/jobs/view/4442091511/;Remote;Mid, Liderança/Gerência, Backend, Engenharia Geral;21/07/2026;Campinas;São Paulo;SP;Região Sudeste;Brasil;América do Sul
15;AgileEngine;Senior Java Engineer ID77148;Campinas (SP);20/07 12:00;https://www.linkedin.com/jobs/view/4442086926/;https://media.licdn.com/dms/image/v2/D4D0BAQEV7XPrwqjYLg/company-logo_100_100/company-logo_100_100/0/1693840967446/agileengine_logo?e=1785974400&v=beta&t=CqGK560lcC4uNTpsykJqbNxmzDHFAIp47ADWVQGGyVk;Advanced > Information Technology;https://www.linkedin.com/company/agileengine/about/;-;backend OR java OR (spring AND boot) OR python OR django OR go OR golang OR php OR laravel OR ruby OR (ruby AND rails) OR c++ OR c# OR rust OR scala OR julia OR elixir OR node.js OR (asp.net AND core);agileengine;1.0;LinkedIn;https://www.linkedin.com/jobs/view/4442086926/;https://www.linkedin.com/jobs/view/4442086926/;Remote;Senior, Engenharia Geral;21/07/2026;Campinas;São Paulo;SP;Região Sudeste;Brasil;América do Sul
16;AgileEngine;Lead Backend Engineer ID76299;Curitiba (PR);20/07 12:00;https://www.linkedin.com/jobs/view/4442201121/;https://media.licdn.com/dms/image/v2/D4D0BAQEV7XPrwqjYLg/company-logo_100_100/company-logo_100_100/0/1693840967446/agileengine_logo?e=1785974400&v=beta&t=CqGK560lcC4uNTpsykJqbNxmzDHFAIp47ADWVQGGyVk;Middle > Manager;https://www.linkedin.com/company/agileengine/about/;Transporte e Mobilidade;backend OR java OR (spring AND boot) OR python OR django OR go OR golang OR php OR laravel OR ruby OR (ruby AND rails) OR c++ OR c# OR rust OR scala OR julia OR elixir OR node.js OR (asp.net AND core);agileengine;1.0;LinkedIn;https://www.linkedin.com/jobs/view/4442201121/;https://www.linkedin.com/jobs/view/4442201121/;Remote;Mid, Liderança/Gerência, Backend, Engenharia Geral;21/07/2026;Curitiba;Paraná;PR;Região Sul;Brasil;América do Sul
17;AgileEngine;Senior Java Engineer ID77148;Curitiba (PR);20/07 12:00;https://www.linkedin.com/jobs/view/4442206137/;https://media.licdn.com/dms/image/v2/D4D0BAQEV7XPrwqjYLg/company-logo_100_100/company-logo_100_100/0/1693840967446/agileengine_logo?e=1785974400&v=beta&t=CqGK560lcC4uNTpsykJqbNxmzDHFAIp47ADWVQGGyVk;Advanced > Information Technology;https://www.linkedin.com/company/agileengine/about/;-;backend OR java OR (spring AND boot) OR python OR django OR go OR golang OR php OR laravel OR ruby OR (ruby AND rails) OR c++ OR c# OR rust OR scala OR julia OR elixir OR node.js OR (asp.net AND core);agileengine;1.0;LinkedIn;https://www.linkedin.com/jobs/view/4442206137/;https://www.linkedin.com/jobs/view/4442206137/;Remote;Senior, Engenharia Geral;21/07/2026;Curitiba;Paraná;PR;Região Sul;Brasil;América do Sul
18;AgileEngine;Lead Backend Engineer ID76299;Florianópolis (SC);20/07 12:00;https://www.linkedin.com/jobs/view/4442095308/;https://media.licdn.com/dms/image/v2/D4D0BAQEV7XPrwqjYLg/company-logo_100_100/company-logo_100_100/0/1693840967446/agileengine_logo?e=1785974400&v=beta&t=CqGK560lcC4uNTpsykJqbNxmzDHFAIp47ADWVQGGyVk;Middle > Manager;https://www.linkedin.com/company/agileengine/about/;Transporte e Mobilidade;backend OR java OR (spring AND boot) OR python OR django OR go OR golang OR php OR laravel OR ruby OR (ruby AND rails) OR c++ OR c# OR rust OR scala OR julia OR elixir OR node.js OR (asp.net AND core);agileengine;1.0;LinkedIn;https://www.linkedin.com/jobs/view/4442095308/;https://www.linkedin.com/jobs/view/4442095308/;Remote;Mid, Liderança/Gerência, Backend, Engenharia Geral;21/07/2026;Florianópolis;Santa Catarina;SC;Região Sul;Brasil;América do Sul
19;AgileEngine;Senior Java Engineer ID77148;Florianópolis (SC);20/07 12:00;https://www.linkedin.com/jobs/view/4442086929/;https://media.licdn.com/dms/image/v2/D4D0BAQEV7XPrwqjYLg/company-logo_100_100/company-logo_100_100/0/1693840967446/agileengine_logo?e=1785974400&v=beta&t=CqGK560lcC4uNTpsykJqbNxmzDHFAIp47ADWVQGGyVk;Advanced > Information Technology;https://www.linkedin.com/company/agileengine/about/;-;backend OR java OR (spring AND boot) OR python OR django OR go OR golang OR php OR laravel OR ruby OR (ruby AND rails) OR c++ OR c# OR rust OR scala OR julia OR elixir OR node.js OR (asp.net AND core);agileengine;1.0;LinkedIn;https://www.linkedin.com/jobs/view/4442086929/;https://www.linkedin.com/jobs/view/4442086929/;Remote;Senior, Engenharia Geral;21/07/2026;Florianópolis;Santa Catarina;SC;Região Sul;Brasil;América do Sul
20;AgileEngine;Lead Backend Engineer ID76299;Grande Rio de Janeiro (RJ);20/07 12:00;https://www.linkedin.com/jobs/view/4442099200/;https://media.licdn.com/dms/image/v2/D4D0BAQEV7XPrwqjYLg/company-logo_100_100/company-logo_100_100/0/1693840967446/agileengine_logo?e=1785974400&v=beta&t=CqGK560lcC4uNTpsykJqbNxmzDHFAIp47ADWVQGGyVk;Middle > Manager;https://www.linkedin.com/company/agileengine/about/;Transporte e Mobilidade;backend OR java OR (spring AND boot) OR python OR django OR go OR golang OR php OR laravel OR ruby OR (ruby AND rails) OR c++ OR c# OR rust OR scala OR julia OR elixir OR node.js OR (asp.net AND core);agileengine;1.0;LinkedIn;https://www.linkedin.com/jobs/view/4442099200/;https://www.linkedin.com/jobs/view/4442099200/;Remote;Mid, Liderança/Gerência, Backend, Engenharia Geral;21/07/2026;;Rio de Janeiro;RJ;Região Sudeste;Brasil;América do Sul
21;AgileEngine;Senior Java Engineer ID77148;Grande Rio de Janeiro (RJ);20/07 12:00;https://www.linkedin.com/jobs/view/4442093655/;https://media.licdn.com/dms/image/v2/D4D0BAQEV7XPrwqjYLg/company-logo_100_100/company-logo_100_100/0/1693840967446/agileengine_logo?e=1785974400&v=beta&t=CqGK560lcC4uNTpsykJqbNxmzDHFAIp47ADWVQGGyVk;Advanced > Information Technology;https://www.linkedin.com/company/agileengine/about/;-;backend OR java OR (spring AND boot) OR python OR django OR go OR golang OR php OR laravel OR ruby OR (ruby AND rails) OR c++ OR c# OR rust OR scala OR julia OR elixir OR node.js OR (asp.net AND core);agileengine;1.0;LinkedIn;https://www.linkedin.com/jobs/view/4442093655/;https://www.linkedin.com/jobs/view/4442093655/;Remote;Senior, Engenharia Geral;21/07/2026;;Rio de Janeiro;RJ;Região Sudeste;Brasil;América do Sul
22;AgileEngine;Lead Backend Engineer ID76299;Porto Alegre (RS);20/07 12:00;https://www.linkedin.com/jobs/view/4442098246/;https://media.licdn.com/dms/image/v2/D4D0BAQEV7XPrwqjYLg/company-logo_100_100/company-logo_100_100/0/1693840967446/agileengine_logo?e=1785974400&v=beta&t=CqGK560lcC4uNTpsykJqbNxmzDHFAIp47ADWVQGGyVk;Middle > Manager;https://www.linkedin.com/company/agileengine/about/;Transporte e Mobilidade;backend OR java OR (spring AND boot) OR python OR django OR go OR golang OR php OR laravel OR ruby OR (ruby AND rails) OR c++ OR c# OR rust OR scala OR julia OR elixir OR node.js OR (asp.net AND core);agileengine;1.0;LinkedIn;https://www.linkedin.com/jobs/view/4442098246/;https://www.linkedin.com/jobs/view/4442098246/;Remote;Mid, Liderança/Gerência, Backend, Engenharia Geral;21/07/2026;;Rio Grande do Sul;RS;Região Sul;Brasil;América do Sul
23;AgileEngine;Senior Java Engineer ID77148;Porto Alegre (RS);20/07 12:00;https://www.linkedin.com/jobs/view/4442097601/;https://media.licdn.com/dms/image/v2/D4D0BAQEV7XPrwqjYLg/company-logo_100_100/company-logo_100_100/0/1693840967446/agileengine_logo?e=1785974400&v=beta&t=CqGK560lcC4uNTpsykJqbNxmzDHFAIp47ADWVQGGyVk;Advanced > Information Technology;https://www.linkedin.com/company/agileengine/about/;-;backend OR java OR (spring AND boot) OR python OR django OR go OR golang OR php OR laravel OR ruby OR (ruby AND rails) OR c++ OR c# OR rust OR scala OR julia OR elixir OR node.js OR (asp.net AND core);agileengine;1.0;LinkedIn;https://www.linkedin.com/jobs/view/4442097601/;https://www.linkedin.com/jobs/view/4442097601/;Remote;Senior, Engenharia Geral;21/07/2026;;Rio Grande do Sul;RS;Região Sul;Brasil;América do Sul
24;AgileEngine;Lead Backend Engineer ID76299;Recife (PE);20/07 12:00;https://www.linkedin.com/jobs/view/4442080901/;https://media.licdn.com/dms/image/v2/D4D0BAQEV7XPrwqjYLg/company-logo_100_100/company-logo_100_100/0/1693840967446/agileengine_logo?e=1785974400&v=beta&t=CqGK560lcC4uNTpsykJqbNxmzDHFAIp47ADWVQGGyVk;Middle > Manager;https://www.linkedin.com/company/agileengine/about/;Transporte e Mobilidade;backend OR java OR (spring AND boot) OR python OR django OR go OR golang OR php OR laravel OR ruby OR (ruby AND rails) OR c++ OR c# OR rust OR scala OR julia OR elixir OR node.js OR (asp.net AND core);agileengine;1.0;LinkedIn;https://www.linkedin.com/jobs/view/4442080901/;https://www.linkedin.com/jobs/view/4442080901/;Remote;Mid, Liderança/Gerência, Backend, Engenharia Geral;21/07/2026;Recife;Pernambuco;PE;Região Nordeste;Brasil;América do Sul
25;AgileEngine;Senior Java Engineer ID77148;Recife (PE);20/07 12:00;https://www.linkedin.com/jobs/view/4442088838/;https://media.licdn.com/dms/image/v2/D4D0BAQEV7XPrwqjYLg/company-logo_100_100/company-logo_100_100/0/1693840967446/agileengine_logo?e=1785974400&v=beta&t=CqGK560lcC4uNTpsykJqbNxmzDHFAIp47ADWVQGGyVk;Advanced > Information Technology;https://www.linkedin.com/company/agileengine/about/;-;backend OR java OR (spring AND boot) OR python OR django OR go OR golang OR php OR laravel OR ruby OR (ruby AND rails) OR c++ OR c# OR rust OR scala OR julia OR elixir OR node.js OR (asp.net AND core);agileengine;1.0;LinkedIn;https://www.linkedin.com/jobs/view/4442088838/;https://www.linkedin.com/jobs/view/4442088838/;Remote;Senior, Engenharia Geral;21/07/2026;Recife;Pernambuco;PE;Região Nordeste;Brasil;América do Sul
26;AgileEngine;Lead Backend Engineer ID76299;Salvador (BA);20/07 12:00;https://www.linkedin.com/jobs/view/4442085649/;https://media.licdn.com/dms/image/v2/D4D0BAQEV7XPrwqjYLg/company-logo_100_100/company-logo_100_100/0/1693840967446/agileengine_logo?e=1785974400&v=beta&t=CqGK560lcC4uNTpsykJqbNxmzDHFAIp47ADWVQGGyVk;Middle > Manager;https://www.linkedin.com/company/agileengine/about/;Transporte e Mobilidade;backend OR java OR (spring AND boot) OR python OR django OR go OR golang OR php OR laravel OR ruby OR (ruby AND rails) OR c++ OR c# OR rust OR scala OR julia OR elixir OR node.js OR (asp.net AND core);agileengine;1.0;LinkedIn;https://www.linkedin.com/jobs/view/4442085649/;https://www.linkedin.com/jobs/view/4442085649/;Remote;Mid, Liderança/Gerência, Backend, Engenharia Geral;21/07/2026;Salvador;Bahia;BA;Região Nordeste;Brasil;América do Sul
27;AgileEngine;Senior Java Engineer ID77148;Salvador (BA);20/07 12:00;https://www.linkedin.com/jobs/view/4442092737/;https://media.licdn.com/dms/image/v2/D4D0BAQEV7XPrwqjYLg/company-logo_100_100/company-logo_100_100/0/1693840967446/agileengine_logo?e=1785974400&v=beta&t=CqGK560lcC4uNTpsykJqbNxmzDHFAIp47ADWVQGGyVk;Advanced > Information Technology;https://www.linkedin.com/company/agileengine/about/;-;backend OR java OR (spring AND boot) OR python OR django OR go OR golang OR php OR laravel OR ruby OR (ruby AND rails) OR c++ OR c# OR rust OR scala OR julia OR elixir OR node.js OR (asp.net AND core);agileengine;1.0;LinkedIn;https://www.linkedin.com/jobs/view/4442092737/;https://www.linkedin.com/jobs/view/4442092737/;Remote;Senior, Engenharia Geral;21/07/2026;Salvador;Bahia;BA;Região Nordeste;Brasil;América do Sul
28;AgileEngine;Lead Backend Engineer ID76299;Sorocaba (SP);20/07 12:00;https://www.linkedin.com/jobs/view/4442085661/;https://media.licdn.com/dms/image/v2/D4D0BAQEV7XPrwqjYLg/company-logo_100_100/company-logo_100_100/0/1693840967446/agileengine_logo?e=1785974400&v=beta&t=CqGK560lcC4uNTpsykJqbNxmzDHFAIp47ADWVQGGyVk;Middle > Manager;https://www.linkedin.com/company/agileengine/about/;Transporte e Mobilidade;backend OR java OR (spring AND boot) OR python OR django OR go OR golang OR php OR laravel OR ruby OR (ruby AND rails) OR c++ OR c# OR rust OR scala OR julia OR elixir OR node.js OR (asp.net AND core);agileengine;1.0;LinkedIn;https://www.linkedin.com/jobs/view/4442085661/;https://www.linkedin.com/jobs/view/4442085661/;Remote;Mid, Liderança/Gerência, Backend, Engenharia Geral;21/07/2026;Sorocaba;São Paulo;SP;Região Sudeste;Brasil;América do Sul
29;AgileEngine;Senior Java Engineer ID77148;Sorocaba (SP);20/07 12:00;https://www.linkedin.com/jobs/view/4442094571/;https://media.licdn.com/dms/image/v2/D4D0BAQEV7XPrwqjYLg/company-logo_100_100/company-logo_100_100/0/1693840967446/agileengine_logo?e=1785974400&v=beta&t=CqGK560lcC4uNTpsykJqbNxmzDHFAIp47ADWVQGGyVk;Advanced > Information Technology;https://www.linkedin.com/company/agileengine/about/;-;backend OR java OR (spring AND boot) OR python OR django OR go OR golang OR php OR laravel OR ruby OR (ruby AND rails) OR c++ OR c# OR rust OR scala OR julia OR elixir OR node.js OR (asp.net AND core);agileengine;1.0;LinkedIn;https://www.linkedin.com/jobs/view/4442094571/;https://www.linkedin.com/jobs/view/4442094571/;Remote;Senior, Engenharia Geral;21/07/2026;Sorocaba;São Paulo;SP;Região Sudeste;Brasil;América do Sul
30;AgileEngine;Lead Backend Engineer ID76299;São Bernardo do Campo (SP);20/07 12:00;https://www.linkedin.com/jobs/view/4442088602/;https://media.licdn.com/dms/image/v2/D4D0BAQEV7XPrwqjYLg/company-logo_100_100/company-logo_100_100/0/1693840967446/agileengine_logo?e=1785974400&v=beta&t=CqGK560lcC4uNTpsykJqbNxmzDHFAIp47ADWVQGGyVk;Middle > Manager;https://www.linkedin.com/company/agileengine/about/;Transporte e Mobilidade;backend OR java OR (spring AND boot) OR python OR django OR go OR golang OR php OR laravel OR ruby OR (ruby AND rails) OR c++ OR c# OR rust OR scala OR julia OR elixir OR node.js OR (asp.net AND core);agileengine;1.0;LinkedIn;https://www.linkedin.com/jobs/view/4442088602/;https://www.linkedin.com/jobs/view/4442088602/;Remote;Mid, Liderança/Gerência, Backend, Engenharia Geral;21/07/2026;São Bernardo do Campo;São Paulo;SP;Região Sudeste;Brasil;América do Sul
31;AgileEngine;Senior Java Engineer ID77148;São Bernardo do Campo (SP);20/07 12:00;https://www.linkedin.com/jobs/view/4442092752/;https://media.licdn.com/dms/image/v2/D4D0BAQEV7XPrwqjYLg/company-logo_100_100/company-logo_100_100/0/1693840967446/agileengine_logo?e=1785974400&v=beta&t=CqGK560lcC4uNTpsykJqbNxmzDHFAIp47ADWVQGGyVk;Advanced > Information Technology;https://www.linkedin.com/company/agileengine/about/;-;backend OR java OR (spring AND boot) OR python OR django OR go OR golang OR php OR laravel OR ruby OR (ruby AND rails) OR c++ OR c# OR rust OR scala OR julia OR elixir OR node.js OR (asp.net AND core);agileengine;1.0;LinkedIn;https://www.linkedin.com/jobs/view/4442092752/;https://www.linkedin.com/jobs/view/4442092752/;Remote;Senior, Engenharia Geral;21/07/2026;São Bernardo do Campo;São Paulo;SP;Região Sudeste;Brasil;América do Sul
32;AgileEngine;Lead Backend Engineer ID76299;São Paulo (SP);20/07 12:00;https://www.linkedin.com/jobs/view/4442089544/;https://media.licdn.com/dms/image/v2/D4D0BAQEV7XPrwqjYLg/company-logo_100_100/company-logo_100_100/0/1693840967446/agileengine_logo?e=1785974400&v=beta&t=CqGK560lcC4uNTpsykJqbNxmzDHFAIp47ADWVQGGyVk;Middle > Manager;https://www.linkedin.com/company/agileengine/about/;Transporte e Mobilidade;backend OR java OR (spring AND boot) OR python OR django OR go OR golang OR php OR laravel OR ruby OR (ruby AND rails) OR c++ OR c# OR rust OR scala OR julia OR elixir OR node.js OR (asp.net AND core);agileengine;1.0;LinkedIn;https://www.linkedin.com/jobs/view/4442089544/;https://www.linkedin.com/jobs/view/4442089544/;Remote;Mid, Liderança/Gerência, Backend, Engenharia Geral;21/07/2026;São Paulo;São Paulo;SP;Região Sudeste;Brasil;América do Sul
33;AgileEngine;Senior Java Engineer ID77148;São Paulo (SP);20/07 12:00;https://www.linkedin.com/jobs/view/4442097608/;https://media.licdn.com/dms/image/v2/D4D0BAQEV7XPrwqjYLg/company-logo_100_100/company-logo_100_100/0/1693840967446/agileengine_logo?e=1785974400&v=beta&t=CqGK560lcC4uNTpsykJqbNxmzDHFAIp47ADWVQGGyVk;Advanced > Information Technology;https://www.linkedin.com/company/agileengine/about/;-;backend OR java OR (spring AND boot) OR python OR django OR go OR golang OR php OR laravel OR ruby OR (ruby AND rails) OR c++ OR c# OR rust OR scala OR julia OR elixir OR node.js OR (asp.net AND core);agileengine;1.0;LinkedIn;https://www.linkedin.com/jobs/view/4442097608/;https://www.linkedin.com/jobs/view/4442097608/;Remote;Senior, Engenharia Geral;21/07/2026;São Paulo;São Paulo;SP;Região Sudeste;Brasil;América do Sul
34;Ahoy by Belago;Desenvolvedor Python;Brasil;21/07 10:00;https://www.linkedin.com/jobs/view/4443363872/;https://media.licdn.com/dms/image/v2/D4D0BAQGEe1exewMgbA/company-logo_100_100/B4DZtcPaEuIAAU-/0/1766779102430/ahoybr_logo?e=1785974400&v=beta&t=ujaMRpwTzGb7cj2fmWPfpw0dkUCvOE3fdrOew4lt61s;-;https://www.linkedin.com/company/ahoy-by-belago/about/;-;backend OR java OR (spring AND boot) OR python OR django OR go OR golang OR php OR laravel OR ruby OR (ruby AND rails) OR c++ OR c# OR rust OR scala OR julia OR elixir OR node.js OR (asp.net AND core);ahoy by belago;1.0;LinkedIn (Easy Apply);https://www.linkedin.com/jobs/view/4443363872/;https://www.linkedin.com/jobs/view/4443363872/;Remote;-;21/07/2026;;;;;Brasil;América do Sul
35;Alexander Chapman;Full Stack Engineer (Backend leaning);Brasil;21/07 09:00;https://www.linkedin.com/jobs/view/4443347885/;https://media.licdn.com/dms/image/v2/C4E0BAQHetz_sr_qHBQ/company-logo_100_100/company-logo_100_100/0/1647822869660/alexander_chapman_logo?e=1785974400&v=beta&t=Ie5qSDG9RnlvG2hBmBkk0gDafVTyK4czPCoINN4GHko;Advanced > Information Technology;https://www.linkedin.com/company/alexander-chapman/about/;-;backend OR java OR (spring AND boot) OR python OR django OR go OR golang OR php OR laravel OR ruby OR (ruby AND rails) OR c++ OR c# OR rust OR scala OR julia OR elixir OR node.js OR (asp.net AND core);alexander chapman;1.0;;https://www.linkedin.com/jobs/view/4443347885/;https://www.linkedin.com/jobs/view/4443347885/;Remote;Full Stack, Backend, Engenharia Geral;21/07/2026;;;;;Brasil;América do Sul
36;Align Technology;Territory Manager - Goiania/GO;Goiânia (GO);21/07 09:00;https://www.linkedin.com/jobs/view/4442627505/;https://media.licdn.com/dms/image/v2/C560BAQGHJSOeQV8fHw/company-logo_100_100/company-logo_100_100/0/1670016440976/align_technology_logo?e=1785974400&v=beta&t=GWknIWqVZFmfKjXp0OARe510fNBJCydIiwyUPsyOxII;Middle > Manager;https://www.linkedin.com/company/align-technology/about/;Software e Serviços de TI;backend OR java OR (spring AND boot) OR python OR django OR go OR golang OR php OR laravel OR ruby OR (ruby AND rails) OR c++ OR c# OR rust OR scala OR julia OR elixir OR node.js OR (asp.net AND core);align technology;2.0;;https://www.linkedin.com/jobs/view/4442627505/;https://www.linkedin.com/jobs/view/4442627505/;On-site;Liderança/Gerência;21/07/2026;Goiânia;Goiás;GO;Região Centro-Oeste;Brasil;América do Sul
37;Alignerr;Backend Developer - AI Data Services;Brasil;20/07 22:00;https://www.linkedin.com/jobs/view/4443077088/;https://media.licdn.com/dms/image/v2/D560BAQHD7jKpwp33DA/company-logo_100_100/B56ZsP32kCG4AQ-/0/1765497858824/alignerr_logo?e=1785974400&v=beta&t=lA9JnPAQ3vPQ_IYV_7uMkYLOlwC_F9HrKRWC7QhHaeo;Data & Ai > Data Engineering;https://www.linkedin.com/company/alignerr/about/;Dados e Analytics;backend OR java OR (spring AND boot) OR python OR django OR go OR golang OR php OR laravel OR ruby OR (ruby AND rails) OR c++ OR c# OR rust OR scala OR julia OR elixir OR node.js OR (asp.net AND core);alignerr;1.0;LinkedIn;https://www.linkedin.com/jobs/view/4443077088/;https://www.linkedin.com/jobs/view/4443077088/;Remote;Inteligência Artificial, Backend, Dados/Analytics;21/07/2026;;;;;Brasil;América do Sul
38;Alignerr;C# Infrastructure Engineer - Data Pipelines;Brasil;20/07 22:00;https://www.linkedin.com/jobs/view/4443066740/;https://media.licdn.com/dms/image/v2/D560BAQHD7jKpwp33DA/company-logo_100_100/B56ZsP32kCG4AQ-/0/1765497858824/alignerr_logo?e=1785974400&v=beta&t=lA9JnPAQ3vPQ_IYV_7uMkYLOlwC_F9HrKRWC7QhHaeo;Data & Ai > Data Engineering;https://www.linkedin.com/company/alignerr/about/;Dados e Analytics;backend OR java OR (spring AND boot) OR python OR django OR go OR golang OR php OR laravel OR ruby OR (ruby AND rails) OR c++ OR c# OR rust OR scala OR julia OR elixir OR node.js OR (asp.net AND core);alignerr;1.0;LinkedIn;https://www.linkedin.com/jobs/view/4443066740/;https://www.linkedin.com/jobs/view/4443066740/;Remote;Banco de Talentos, Dados/Analytics, Engenharia Geral;21/07/2026;;;;;Brasil;América do Sul
39;Alignerr;Senior Backend Engineer (C#) - AI Data Platform;Brasil;20/07 23:00;https://www.linkedin.com/jobs/view/4443072389/;https://media.licdn.com/dms/image/v2/D560BAQHD7jKpwp33DA/company-logo_100_100/B56ZsP32kCG4AQ-/0/1765497858824/alignerr_logo?e=1785974400&v=beta&t=lA9JnPAQ3vPQ_IYV_7uMkYLOlwC_F9HrKRWC7QhHaeo;Data & Ai > Data Engineering;https://www.linkedin.com/company/alignerr/about/;Dados e Analytics;backend OR java OR (spring AND boot) OR python OR django OR go OR golang OR php OR laravel OR ruby OR (ruby AND rails) OR c++ OR c# OR rust OR scala OR julia OR elixir OR node.js OR (asp.net AND core);alignerr;1.0;LinkedIn;https://www.linkedin.com/jobs/view/4443072389/;https://www.linkedin.com/jobs/view/4443072389/;Remote;Inteligência Artificial, Senior, Backend, Dados/Analytics, Engenharia Geral;21/07/2026;;;;;Brasil;América do Sul
40;Alignerr;Software Engineer (C#) - Internal Tooling;Brasil;20/07 23:00;https://www.linkedin.com/jobs/view/4443064802/;https://media.licdn.com/dms/image/v2/D560BAQHD7jKpwp33DA/company-logo_100_100/B56ZsP32kCG4AQ-/0/1765497858824/alignerr_logo?e=1785974400&v=beta&t=lA9JnPAQ3vPQ_IYV_7uMkYLOlwC_F9HrKRWC7QhHaeo;Advanced > Information Technology;https://www.linkedin.com/company/alignerr/about/;Software e Serviços de TI;backend OR java OR (spring AND boot) OR python OR django OR go OR golang OR php OR laravel OR ruby OR (ruby AND rails) OR c++ OR c# OR rust OR scala OR julia OR elixir OR node.js OR (asp.net AND core);alignerr;1.0;LinkedIn;https://www.linkedin.com/jobs/view/4443064802/;https://www.linkedin.com/jobs/view/4443064802/;Remote;Intern, TI/Tech, Engenharia Geral;21/07/2026;;;;;Brasil;América do Sul
41;Alignerr;Software Engineer - Python (Advanced);Brasil;20/07 23:00;https://www.linkedin.com/jobs/view/4443065753/;https://media.licdn.com/dms/image/v2/D560BAQHD7jKpwp33DA/company-logo_100_100/B56ZsP32kCG4AQ-/0/1765497858824/alignerr_logo?e=1785974400&v=beta&t=lA9JnPAQ3vPQ_IYV_7uMkYLOlwC_F9HrKRWC7QhHaeo;Advanced > Information Technology;https://www.linkedin.com/company/alignerr/about/;Software e Serviços de TI;backend OR java OR (spring AND boot) OR python OR django OR go OR golang OR php OR laravel OR ruby OR (ruby AND rails) OR c++ OR c# OR rust OR scala OR julia OR elixir OR node.js OR (asp.net AND core);alignerr;1.0;LinkedIn;https://www.linkedin.com/jobs/view/4443065753/;https://www.linkedin.com/jobs/view/4443065753/;Remote;TI/Tech, Engenharia Geral;21/07/2026;;;;;Brasil;América do Sul
42;Alignerr;Principal Python Engineer — ML Infrastructure;São Paulo (SP);20/07 23:00;https://www.linkedin.com/jobs/view/4443077106/;https://media.licdn.com/dms/image/v2/D560BAQHD7jKpwp33DA/company-logo_100_100/B56ZsP32kCG4AQ-/0/1765497858824/alignerr_logo?e=1785974400&v=beta&t=lA9JnPAQ3vPQ_IYV_7uMkYLOlwC_F9HrKRWC7QhHaeo;Advanced > Information Technology;https://www.linkedin.com/company/alignerr/about/;Infraestrutura;backend OR java OR (spring AND boot) OR python OR django OR go OR golang OR php OR laravel OR ruby OR (ruby AND rails) OR c++ OR c# OR rust OR scala OR julia OR elixir OR node.js OR (asp.net AND core);alignerr;1.0;LinkedIn;https://www.linkedin.com/jobs/view/4443077106/;https://www.linkedin.com/jobs/view/4443077106/;Remote;Machine Learning, Engenharia Geral;21/07/2026;São Paulo;São Paulo;SP;Região Sudeste;Brasil;América do Sul
43;Allrede Telecom;AUXILIAR DE SERVIÇOS GERAIS | RIO VERDE - GO | TEMPORARIO;Rio Verde (GO);20/07 20:00;https://www.linkedin.com/jobs/view/4440186964/;https://media.licdn.com/dms/image/v2/D4D0BAQEElRQyCe5Dfg/company-logo_100_100/company-logo_100_100/0/1719923031617/allredetelecom_logo?e=1785974400&v=beta&t=itMtSXwIW_v_tutm7AOPWL9GS8zkUPMX45Gj2_t0qWE;-;https://www.linkedin.com/company/allrede-telecom/about/;Telecomunicações;backend OR java OR (spring AND boot) OR python OR django OR go OR golang OR php OR laravel OR ruby OR (ruby AND rails) OR c++ OR c# OR rust OR scala OR julia OR elixir OR node.js OR (asp.net AND core);allrede telecom;1.0;;https://www.linkedin.com/jobs/view/4440186964/;https://www.linkedin.com/jobs/view/4440186964/;On-site;Associate;21/07/2026;Rio Verde;Goiás;GO;Região Centro-Oeste;Brasil;América do Sul
44;Amazon;Sr. Go-to-Market Specialist, International Expansion, Amazon Ads International Expansion GTM;Grande São Paulo (SP) ;20/07 22:00;https://www.linkedin.com/jobs/view/4443028721/;https://media.licdn.com/dms/image/v2/D560BAQGDLy4STCnHbg/company-logo_100_100/B56ZnZxDipI0AQ-/0/1760295142304/amazon_logo?e=1785974400&v=beta&t=TfPWbh96-cW4Xgr0dt51Bh8Stzcm-7xp5CXKiIsyXMg;Advanced > Specialist;https://www.linkedin.com/company/amazon/about/;Software e Serviços de TI;backend OR java OR (spring AND boot) OR python OR django OR go OR golang OR php OR laravel OR ruby OR (ruby AND rails) OR c++ OR c# OR rust OR scala OR julia OR elixir OR node.js OR (asp.net AND core);amazon;5.0;Amazon;https://www.linkedin.com/jobs/view/4443028721/;https://www.linkedin.com/jobs/view/4443028721/;On-site;Specialist, Senior, Intern;21/07/2026;;São Paulo;SP;Região Sudeste;Brasil;América do Sul
45;Amplimed;Desenvolvedor Fullstack PL/SR - PHP;São Paulo (SP);21/07 08:00;https://www.linkedin.com/jobs/view/4442617437/;https://media.licdn.com/dms/image/v2/D4D0BAQFIwK0_HS2ppw/company-logo_100_100/B4DZ6222irH0AY-/0/1781184293449/amplimed_logo?e=1785974400&v=beta&t=7AvqWDUt01CWBsffA-4pOeZ34kBADLO1hfi-yzvpEos;-;https://www.linkedin.com/company/amplimed/about/;-;backend OR java OR (spring AND boot) OR python OR django OR go OR golang OR php OR laravel OR ruby OR (ruby AND rails) OR c++ OR c# OR rust OR scala OR julia OR elixir OR node.js OR (asp.net AND core);amplimed;1.0;;https://www.linkedin.com/jobs/view/4442617437/;https://www.linkedin.com/jobs/view/4442617437/;Remote;Senior, Mid, Full Stack;21/07/2026;São Paulo;São Paulo;SP;Região Sudeste;Brasil;América do Sul
46;Anónimos;Desenvolvedor Back End Senior C#;Campinas (SP);20/07 13:00;https://www.linkedin.com/jobs/view/4440165372/;https://media.licdn.com/dms/image/v2/D4E0BAQEi3jP97UARrg/company-logo_100_100/B4EZuOE6xBGYAQ-/0/1767615213211/anonimos_logo?e=1785974400&v=beta&t=OAM4V7OcQ6AnpIWwhDb4QDZ72oBHuV0xNalwa6TwUeg;-;https://www.linkedin.com/company/an-nimos/about/;-;backend OR java OR (spring AND boot) OR python OR django OR go OR golang OR php OR laravel OR ruby OR (ruby AND rails) OR c++ OR c# OR rust OR scala OR julia OR elixir OR node.js OR (asp.net AND core);anónimos;1;;https://www.linkedin.com/jobs/view/4440165372/;https://www.linkedin.com/jobs/view/4440165372/;Hybrid;Senior, Backend;21/07/2026;Campinas;São Paulo;SP;Região Sudeste;Brasil;América do Sul
47;Apoiarh Consultoria em Gestão de Pessoas;Analista Administrativo Financeiro - GO;Goiânia (GO);21/07 00:00;https://www.linkedin.com/jobs/view/4442275631/;missing logo;Advanced > Specialist;https://www.linkedin.com/company/apoiarh-consultoria-em-gest-o-de-pessoas/about/;Consultoria e Assessoria;backend OR java OR (spring AND boot) OR python OR django OR go OR golang OR php OR laravel OR ruby OR (ruby AND rails) OR c++ OR c# OR rust OR scala OR julia OR elixir OR node.js OR (asp.net AND core);apoiarh consultoria em gestão de pessoas;1.0;empregos.com.br;https://www.linkedin.com/jobs/view/4442275631/;https://www.linkedin.com/jobs/view/4442275631/;On-site;Associate, Financeiro/Fiscal;21/07/2026;Goiânia;Goiás;GO;Região Centro-Oeste;Brasil;América do Sul
48;Apoiarh Consultoria em Gestão de Pessoas;Analista Comercial - GO;Goiânia (GO);21/07 00:00;https://www.linkedin.com/jobs/view/4442265658/;missing logo;Advanced > Specialist;https://www.linkedin.com/company/apoiarh-consultoria-em-gest-o-de-pessoas/about/;Consultoria e Assessoria;backend OR java OR (spring AND boot) OR python OR django OR go OR golang OR php OR laravel OR ruby OR (ruby AND rails) OR c++ OR c# OR rust OR scala OR julia OR elixir OR node.js OR (asp.net AND core);apoiarh consultoria em gestão de pessoas;1.0;empregos.com.br;https://www.linkedin.com/jobs/view/4442265658/;https://www.linkedin.com/jobs/view/4442265658/;On-site;Associate, Vendas / Comercial;21/07/2026;Goiânia;Goiás;GO;Região Centro-Oeste;Brasil;América do Sul
49;Apoiarh Consultoria em Gestão de Pessoas;Analista Contábil - GO;Goiânia (GO);21/07 00:00;https://www.linkedin.com/jobs/view/4442264756/;missing logo;Advanced > Specialist;https://www.linkedin.com/company/apoiarh-consultoria-em-gest-o-de-pessoas/about/;Consultoria e Assessoria;backend OR java OR (spring AND boot) OR python OR django OR go OR golang OR php OR laravel OR ruby OR (ruby AND rails) OR c++ OR c# OR rust OR scala OR julia OR elixir OR node.js OR (asp.net AND core);apoiarh consultoria em gestão de pessoas;1.0;empregos.com.br;https://www.linkedin.com/jobs/view/4442264756/;https://www.linkedin.com/jobs/view/4442264756/;On-site;Associate;21/07/2026;Goiânia;Goiás;GO;Região Centro-Oeste;Brasil;América do Sul
50;Apoiarh Consultoria em Gestão de Pessoas;Analista Contábil - GO;Goiânia (GO);21/07 00:00;https://www.linkedin.com/jobs/view/4442263799/;missing logo;Advanced > Specialist;https://www.linkedin.com/company/apoiarh-consultoria-em-gest-o-de-pessoas/about/;Consultoria e Assessoria;backend OR java OR (spring AND boot) OR python OR django OR go OR golang OR php OR laravel OR ruby OR (ruby AND rails) OR c++ OR c# OR rust OR scala OR julia OR elixir OR node.js OR (asp.net AND core);apoiarh consultoria em gestão de pessoas;1.0;empregos.com.br;https://www.linkedin.com/jobs/view/4442263799/;https://www.linkedin.com/jobs/view/4442263799/;On-site;Associate;21/07/2026;Goiânia;Goiás;GO;Região Centro-Oeste;Brasil;América do Sul
51;Apoiarh Consultoria em Gestão de Pessoas;Analista Contábil - GO;Goiânia (GO);21/07 00:00;https://www.linkedin.com/jobs/view/4442282255/;missing logo;Advanced > Specialist;https://www.linkedin.com/company/apoiarh-consultoria-em-gest-o-de-pessoas/about/;Consultoria e Assessoria;backend OR java OR (spring AND boot) OR python OR django OR go OR golang OR php OR laravel OR ruby OR (ruby AND rails) OR c++ OR c# OR rust OR scala OR julia OR elixir OR node.js OR (asp.net AND core);apoiarh consultoria em gestão de pessoas;1.0;empregos.com.br;https://www.linkedin.com/jobs/view/4442282255/;https://www.linkedin.com/jobs/view/4442282255/;On-site;Associate;21/07/2026;Goiânia;Goiás;GO;Região Centro-Oeste;Brasil;América do Sul
52;Apoiarh Consultoria em Gestão de Pessoas;Analista Contábil - GO;Goiânia (GO);21/07 00:00;https://www.linkedin.com/jobs/view/4442269682/;missing logo;Advanced > Specialist;https://www.linkedin.com/company/apoiarh-consultoria-em-gest-o-de-pessoas/about/;Consultoria e Assessoria;backend OR java OR (spring AND boot) OR python OR django OR go OR golang OR php OR laravel OR ruby OR (ruby AND rails) OR c++ OR c# OR rust OR scala OR julia OR elixir OR node.js OR (asp.net AND core);apoiarh consultoria em gestão de pessoas;1.0;empregos.com.br;https://www.linkedin.com/jobs/view/4442269682/;https://www.linkedin.com/jobs/view/4442269682/;On-site;Associate;21/07/2026;Goiânia;Goiás;GO;Região Centro-Oeste;Brasil;América do Sul
53;Apoiarh Consultoria em Gestão de Pessoas;Analista de Compras - GO;Goiânia (GO);20/07 12:00;https://www.linkedin.com/jobs/view/4442290026/;missing logo;Advanced > Specialist;https://www.linkedin.com/company/apoiarh-consultoria-em-gest-o-de-pessoas/about/;Consultoria e Assessoria;backend OR java OR (spring AND boot) OR python OR django OR go OR golang OR php OR laravel OR ruby OR (ruby AND rails) OR c++ OR c# OR rust OR scala OR julia OR elixir OR node.js OR (asp.net AND core);apoiarh consultoria em gestão de pessoas;1.0;empregos.com.br;https://www.linkedin.com/jobs/view/4442290026/;https://www.linkedin.com/jobs/view/4442290026/;On-site;Associate;21/07/2026;Goiânia;Goiás;GO;Região Centro-Oeste;Brasil;América do Sul
54;Apoiarh Consultoria em Gestão de Pessoas;Analista de Compras - GO;Goiânia (GO);20/07 12:00;https://www.linkedin.com/jobs/view/4442290022/;missing logo;Advanced > Specialist;https://www.linkedin.com/company/apoiarh-consultoria-em-gest-o-de-pessoas/about/;Consultoria e Assessoria;backend OR java OR (spring AND boot) OR python OR django OR go OR golang OR php OR laravel OR ruby OR (ruby AND rails) OR c++ OR c# OR rust OR scala OR julia OR elixir OR node.js OR (asp.net AND core);apoiarh consultoria em gestão de pessoas;1.0;empregos.com.br;https://www.linkedin.com/jobs/view/4442290022/;https://www.linkedin.com/jobs/view/4442290022/;On-site;Associate;21/07/2026;Goiânia;Goiás;GO;Região Centro-Oeste;Brasil;América do Sul
55;Apoiarh Consultoria em Gestão de Pessoas;Analista de Departamento Pessoal - GO;Goiânia (GO);21/07 00:00;https://www.linkedin.com/jobs/view/4442261884/;missing logo;Advanced > Specialist;https://www.linkedin.com/company/apoiarh-consultoria-em-gest-o-de-pessoas/about/;Consultoria e Assessoria;backend OR java OR (spring AND boot) OR python OR django OR go OR golang OR php OR laravel OR ruby OR (ruby AND rails) OR c++ OR c# OR rust OR scala OR julia OR elixir OR node.js OR (asp.net AND core);apoiarh consultoria em gestão de pessoas;1.0;empregos.com.br;https://www.linkedin.com/jobs/view/4442261884/;https://www.linkedin.com/jobs/view/4442261884/;On-site;PCD / Afirmativa, Associate;21/07/2026;Goiânia;Goiás;GO;Região Centro-Oeste;Brasil;América do Sul
56;Apoiarh Consultoria em Gestão de Pessoas;Analista de E-Commerce - GO;Goiânia (GO);21/07 00:00;https://www.linkedin.com/jobs/view/4442269593/;missing logo;Advanced > Specialist;https://www.linkedin.com/company/apoiarh-consultoria-em-gest-o-de-pessoas/about/;Consultoria e Assessoria;backend OR java OR (spring AND boot) OR python OR django OR go OR golang OR php OR laravel OR ruby OR (ruby AND rails) OR c++ OR c# OR rust OR scala OR julia OR elixir OR node.js OR (asp.net AND core);apoiarh consultoria em gestão de pessoas;1.0;empregos.com.br;https://www.linkedin.com/jobs/view/4442269593/;https://www.linkedin.com/jobs/view/4442269593/;On-site;Associate;21/07/2026;Goiânia;Goiás;GO;Região Centro-Oeste;Brasil;América do Sul
57;Apoiarh Consultoria em Gestão de Pessoas;Analista de E-Commerce - GO;Goiânia (GO);21/07 00:00;https://www.linkedin.com/jobs/view/4442264685/;missing logo;Advanced > Specialist;https://www.linkedin.com/company/apoiarh-consultoria-em-gest-o-de-pessoas/about/;Consultoria e Assessoria;backend OR java OR (spring AND boot) OR python OR django OR go OR golang OR php OR laravel OR ruby OR (ruby AND rails) OR c++ OR c# OR rust OR scala OR julia OR elixir OR node.js OR (asp.net AND core);apoiarh consultoria em gestão de pessoas;1.0;empregos.com.br;https://www.linkedin.com/jobs/view/4442264685/;https://www.linkedin.com/jobs/view/4442264685/;On-site;Associate;21/07/2026;Goiânia;Goiás;GO;Região Centro-Oeste;Brasil;América do Sul
58;Apoiarh Consultoria em Gestão de Pessoas;Analista de marketing - GO;Goiânia (GO);20/07 12:00;https://www.linkedin.com/jobs/view/4442276684/;missing logo;Advanced > Specialist;https://www.linkedin.com/company/apoiarh-consultoria-em-gest-o-de-pessoas/about/;Consultoria e Assessoria;backend OR java OR (spring AND boot) OR python OR django OR go OR golang OR php OR laravel OR ruby OR (ruby AND rails) OR c++ OR c# OR rust OR scala OR julia OR elixir OR node.js OR (asp.net AND core);apoiarh consultoria em gestão de pessoas;1.0;empregos.com.br;https://www.linkedin.com/jobs/view/4442276684/;https://www.linkedin.com/jobs/view/4442276684/;On-site;Associate, Marketing/Mídia;21/07/2026;Goiânia;Goiás;GO;Região Centro-Oeste;Brasil;América do Sul
59;Apoiarh Consultoria em Gestão de Pessoas;Analista de marketing - GO;Goiânia (GO);21/07 00:00;https://www.linkedin.com/jobs/view/4442261989/;missing logo;Advanced > Specialist;https://www.linkedin.com/company/apoiarh-consultoria-em-gest-o-de-pessoas/about/;Consultoria e Assessoria;backend OR java OR (spring AND boot) OR python OR django OR go OR golang OR php OR laravel OR ruby OR (ruby AND rails) OR c++ OR c# OR rust OR scala OR julia OR elixir OR node.js OR (asp.net AND core);apoiarh consultoria em gestão de pessoas;1.0;empregos.com.br;https://www.linkedin.com/jobs/view/4442261989/;https://www.linkedin.com/jobs/view/4442261989/;On-site;Associate, Marketing/Mídia;21/07/2026;Goiânia;Goiás;GO;Região Centro-Oeste;Brasil;América do Sul
60;Apoiarh Consultoria em Gestão de Pessoas;Arquiteto Vendedor - GO;Goiânia (GO);21/07 00:00;https://www.linkedin.com/jobs/view/4442287202/;missing logo;Architecture;https://www.linkedin.com/company/apoiarh-consultoria-em-gest-o-de-pessoas/about/;Consultoria e Assessoria;backend OR java OR (spring AND boot) OR python OR django OR go OR golang OR php OR laravel OR ruby OR (ruby AND rails) OR c++ OR c# OR rust OR scala OR julia OR elixir OR node.js OR (asp.net AND core);apoiarh consultoria em gestão de pessoas;1.0;empregos.com.br;https://www.linkedin.com/jobs/view/4442287202/;https://www.linkedin.com/jobs/view/4442287202/;On-site;Vendas / Comercial;21/07/2026;Goiânia;Goiás;GO;Região Centro-Oeste;Brasil;América do Sul
61;Apoiarh Consultoria em Gestão de Pessoas;Arquiteto Vendedor - GO;Goiânia (GO);20/07 12:00;https://www.linkedin.com/jobs/view/4442283344/;missing logo;Architecture;https://www.linkedin.com/company/apoiarh-consultoria-em-gest-o-de-pessoas/about/;Consultoria e Assessoria;backend OR java OR (spring AND boot) OR python OR django OR go OR golang OR php OR laravel OR ruby OR (ruby AND rails) OR c++ OR c# OR rust OR scala OR julia OR elixir OR node.js OR (asp.net AND core);apoiarh consultoria em gestão de pessoas;1.0;empregos.com.br;https://www.linkedin.com/jobs/view/4442283344/;https://www.linkedin.com/jobs/view/4442283344/;On-site;Vendas / Comercial;21/07/2026;Goiânia;Goiás;GO;Região Centro-Oeste;Brasil;América do Sul
62;Apoiarh Consultoria em Gestão de Pessoas;Assistente Administrativo Comercial - GO;Goiânia (GO);21/07 00:00;https://www.linkedin.com/jobs/view/4442273477/;missing logo;-;https://www.linkedin.com/company/apoiarh-consultoria-em-gest-o-de-pessoas/about/;Consultoria e Assessoria;backend OR java OR (spring AND boot) OR python OR django OR go OR golang OR php OR laravel OR ruby OR (ruby AND rails) OR c++ OR c# OR rust OR scala OR julia OR elixir OR node.js OR (asp.net AND core);apoiarh consultoria em gestão de pessoas;1.0;empregos.com.br;https://www.linkedin.com/jobs/view/4442273477/;https://www.linkedin.com/jobs/view/4442273477/;On-site;Associate, Vendas / Comercial;21/07/2026;Goiânia;Goiás;GO;Região Centro-Oeste;Brasil;América do Sul
63;Apoiarh Consultoria em Gestão de Pessoas;Assistente Contábil Fiscal - GO;Goiânia (GO);21/07 00:00;https://www.linkedin.com/jobs/view/4442273496/;missing logo;-;https://www.linkedin.com/company/apoiarh-consultoria-em-gest-o-de-pessoas/about/;Consultoria e Assessoria;backend OR java OR (spring AND boot) OR python OR django OR go OR golang OR php OR laravel OR ruby OR (ruby AND rails) OR c++ OR c# OR rust OR scala OR julia OR elixir OR node.js OR (asp.net AND core);apoiarh consultoria em gestão de pessoas;1.0;empregos.com.br;https://www.linkedin.com/jobs/view/4442273496/;https://www.linkedin.com/jobs/view/4442273496/;On-site;Associate, Financeiro/Fiscal;21/07/2026;Goiânia;Goiás;GO;Região Centro-Oeste;Brasil;América do Sul
64;Apoiarh Consultoria em Gestão de Pessoas;Assistente Fiscal Contábil - GO;Goiânia (GO);21/07 00:00;https://www.linkedin.com/jobs/view/4442280173/;missing logo;-;https://www.linkedin.com/company/apoiarh-consultoria-em-gest-o-de-pessoas/about/;Consultoria e Assessoria;backend OR java OR (spring AND boot) OR python OR django OR go OR golang OR php OR laravel OR ruby OR (ruby AND rails) OR c++ OR c# OR rust OR scala OR julia OR elixir OR node.js OR (asp.net AND core);apoiarh consultoria em gestão de pessoas;1.0;empregos.com.br;https://www.linkedin.com/jobs/view/4442280173/;https://www.linkedin.com/jobs/view/4442280173/;On-site;Associate, Financeiro/Fiscal;21/07/2026;Goiânia;Goiás;GO;Região Centro-Oeste;Brasil;América do Sul
65;Apoiarh Consultoria em Gestão de Pessoas;Assistente comercial - GO;Goiânia (GO);21/07 00:00;https://www.linkedin.com/jobs/view/4442274480/;missing logo;-;https://www.linkedin.com/company/apoiarh-consultoria-em-gest-o-de-pessoas/about/;Consultoria e Assessoria;backend OR java OR (spring AND boot) OR python OR django OR go OR golang OR php OR laravel OR ruby OR (ruby AND rails) OR c++ OR c# OR rust OR scala OR julia OR elixir OR node.js OR (asp.net AND core);apoiarh consultoria em gestão de pessoas;1.0;empregos.com.br;https://www.linkedin.com/jobs/view/4442274480/;https://www.linkedin.com/jobs/view/4442274480/;On-site;Associate, Vendas / Comercial;21/07/2026;Goiânia;Goiás;GO;Região Centro-Oeste;Brasil;América do Sul
66;Apoiarh Consultoria em Gestão de Pessoas;Assistente comercial - GO;Goiânia (GO);21/07 00:00;https://www.linkedin.com/jobs/view/4442280119/;missing logo;-;https://www.linkedin.com/company/apoiarh-consultoria-em-gest-o-de-pessoas/about/;Consultoria e Assessoria;backend OR java OR (spring AND boot) OR python OR django OR go OR golang OR php OR laravel OR ruby OR (ruby AND rails) OR c++ OR c# OR rust OR scala OR julia OR elixir OR node.js OR (asp.net AND core);apoiarh consultoria em gestão de pessoas;1.0;empregos.com.br;https://www.linkedin.com/jobs/view/4442280119/;https://www.linkedin.com/jobs/view/4442280119/;On-site;Associate, Vendas / Comercial;21/07/2026;Goiânia;Goiás;GO;Região Centro-Oeste;Brasil;América do Sul
67;Apoiarh Consultoria em Gestão de Pessoas;Assistente de marketing - GO;Goiânia (GO);21/07 00:00;https://www.linkedin.com/jobs/view/4442285055/;missing logo;-;https://www.linkedin.com/company/apoiarh-consultoria-em-gest-o-de-pessoas/about/;Consultoria e Assessoria;backend OR java OR (spring AND boot) OR python OR django OR go OR golang OR php OR laravel OR ruby OR (ruby AND rails) OR c++ OR c# OR rust OR scala OR julia OR elixir OR node.js OR (asp.net AND core);apoiarh consultoria em gestão de pessoas;1.0;empregos.com.br;https://www.linkedin.com/jobs/view/4442285055/;https://www.linkedin.com/jobs/view/4442285055/;On-site;Associate, Marketing/Mídia;21/07/2026;Goiânia;Goiás;GO;Região Centro-Oeste;Brasil;América do Sul
68;Apoiarh Consultoria em Gestão de Pessoas;Auxiliar administrativo - GO;Goiânia (GO);21/07 00:00;https://www.linkedin.com/jobs/view/4442280418/;missing logo;-;https://www.linkedin.com/company/apoiarh-consultoria-em-gest-o-de-pessoas/about/;Consultoria e Assessoria;backend OR java OR (spring AND boot) OR python OR django OR go OR golang OR php OR laravel OR ruby OR (ruby AND rails) OR c++ OR c# OR rust OR scala OR julia OR elixir OR node.js OR (asp.net AND core);apoiarh consultoria em gestão de pessoas;1.0;empregos.com.br;https://www.linkedin.com/jobs/view/4442280418/;https://www.linkedin.com/jobs/view/4442280418/;On-site;Associate;21/07/2026;Goiânia;Goiás;GO;Região Centro-Oeste;Brasil;América do Sul
69;Apoiarh Consultoria em Gestão de Pessoas;Auxiliar de Mecânico Industrial - GO;Goiânia (GO);21/07 00:00;https://www.linkedin.com/jobs/view/4442264799/;missing logo;-;https://www.linkedin.com/company/apoiarh-consultoria-em-gest-o-de-pessoas/about/;Consultoria e Assessoria;backend OR java OR (spring AND boot) OR python OR django OR go OR golang OR php OR laravel OR ruby OR (ruby AND rails) OR c++ OR c# OR rust OR scala OR julia OR elixir OR node.js OR (asp.net AND core);apoiarh consultoria em gestão de pessoas;1.0;empregos.com.br;https://www.linkedin.com/jobs/view/4442264799/;https://www.linkedin.com/jobs/view/4442264799/;On-site;Associate, Engenharia Geral;21/07/2026;Goiânia;Goiás;GO;Região Centro-Oeste;Brasil;América do Sul
70;Apoiarh Consultoria em Gestão de Pessoas;Auxiliar de Produção Industrial  - GO;Goiânia (GO);21/07 00:00;https://www.linkedin.com/jobs/view/4442281217/;missing logo;-;https://www.linkedin.com/company/apoiarh-consultoria-em-gest-o-de-pessoas/about/;Consultoria e Assessoria;backend OR java OR (spring AND boot) OR python OR django OR go OR golang OR php OR laravel OR ruby OR (ruby AND rails) OR c++ OR c# OR rust OR scala OR julia OR elixir OR node.js OR (asp.net AND core);apoiarh consultoria em gestão de pessoas;1.0;empregos.com.br;https://www.linkedin.com/jobs/view/4442281217/;https://www.linkedin.com/jobs/view/4442281217/;On-site;Associate, Engenharia Geral;21/07/2026;Goiânia;Goiás;GO;Região Centro-Oeste;Brasil;América do Sul
71;Apoiarh Consultoria em Gestão de Pessoas;Auxiliar de Produção Industrial - GO;Goiânia (GO);21/07 00:00;https://www.linkedin.com/jobs/view/4442280610/;missing logo;-;https://www.linkedin.com/company/apoiarh-consultoria-em-gest-o-de-pessoas/about/;Consultoria e Assessoria;backend OR java OR (spring AND boot) OR python OR django OR go OR golang OR php OR laravel OR ruby OR (ruby AND rails) OR c++ OR c# OR rust OR scala OR julia OR elixir OR node.js OR (asp.net AND core);apoiarh consultoria em gestão de pessoas;1.0;empregos.com.br;https://www.linkedin.com/jobs/view/4442280610/;https://www.linkedin.com/jobs/view/4442280610/;On-site;Associate, Engenharia Geral;21/07/2026;Goiânia;Goiás;GO;Região Centro-Oeste;Brasil;América do Sul
72;Apoiarh Consultoria em Gestão de Pessoas;Auxiliar de Produção Industrial - GO;Goiânia (GO);20/07 12:00;https://www.linkedin.com/jobs/view/4442270755/;missing logo;-;https://www.linkedin.com/company/apoiarh-consultoria-em-gest-o-de-pessoas/about/;Consultoria e Assessoria;backend OR java OR (spring AND boot) OR python OR django OR go OR golang OR php OR laravel OR ruby OR (ruby AND rails) OR c++ OR c# OR rust OR scala OR julia OR elixir OR node.js OR (asp.net AND core);apoiarh consultoria em gestão de pessoas;1.0;empregos.com.br;https://www.linkedin.com/jobs/view/4442270755/;https://www.linkedin.com/jobs/view/4442270755/;On-site;Associate, Engenharia Geral;21/07/2026;Goiânia;Goiás;GO;Região Centro-Oeste;Brasil;América do Sul
73;Apoiarh Consultoria em Gestão de Pessoas;Auxiliar de Serviços Gerais - GO;Goiânia (GO);21/07 00:00;https://www.linkedin.com/jobs/view/4442281512/;missing logo;-;https://www.linkedin.com/company/apoiarh-consultoria-em-gest-o-de-pessoas/about/;Consultoria e Assessoria;backend OR java OR (spring AND boot) OR python OR django OR go OR golang OR php OR laravel OR ruby OR (ruby AND rails) OR c++ OR c# OR rust OR scala OR julia OR elixir OR node.js OR (asp.net AND core);apoiarh consultoria em gestão de pessoas;1.0;empregos.com.br;https://www.linkedin.com/jobs/view/4442281512/;https://www.linkedin.com/jobs/view/4442281512/;On-site;Associate;21/07/2026;Goiânia;Goiás;GO;Região Centro-Oeste;Brasil;América do Sul
74;Apoiarh Consultoria em Gestão de Pessoas;Auxiliar de Serviços Gerais - GO;Goiânia (GO);21/07 00:00;https://www.linkedin.com/jobs/view/4442284405/;missing logo;-;https://www.linkedin.com/company/apoiarh-consultoria-em-gest-o-de-pessoas/about/;Consultoria e Assessoria;backend OR java OR (spring AND boot) OR python OR django OR go OR golang OR php OR laravel OR ruby OR (ruby AND rails) OR c++ OR c# OR rust OR scala OR julia OR elixir OR node.js OR (asp.net AND core);apoiarh consultoria em gestão de pessoas;1.0;empregos.com.br;https://www.linkedin.com/jobs/view/4442284405/;https://www.linkedin.com/jobs/view/4442284405/;On-site;Associate;21/07/2026;Goiânia;Goiás;GO;Região Centro-Oeste;Brasil;América do Sul
75;Apoiarh Consultoria em Gestão de Pessoas;Auxiliar de Serviços Gerais - GO;Goiânia (GO);21/07 00:00;https://www.linkedin.com/jobs/view/4442283381/;missing logo;-;https://www.linkedin.com/company/apoiarh-consultoria-em-gest-o-de-pessoas/about/;Consultoria e Assessoria;backend OR java OR (spring AND boot) OR python OR django OR go OR golang OR php OR laravel OR ruby OR (ruby AND rails) OR c++ OR c# OR rust OR scala OR julia OR elixir OR node.js OR (asp.net AND core);apoiarh consultoria em gestão de pessoas;1.0;empregos.com.br;https://www.linkedin.com/jobs/view/4442283381/;https://www.linkedin.com/jobs/view/4442283381/;On-site;Associate;21/07/2026;Goiânia;Goiás;GO;Região Centro-Oeste;Brasil;América do Sul
76;Apoiarh Consultoria em Gestão de Pessoas;Auxiliar de Tesouraria - GO;Goiânia (GO);20/07 12:00;https://www.linkedin.com/jobs/view/4442272804/;missing logo;-;https://www.linkedin.com/company/apoiarh-consultoria-em-gest-o-de-pessoas/about/;Consultoria e Assessoria;backend OR java OR (spring AND boot) OR python OR django OR go OR golang OR php OR laravel OR ruby OR (ruby AND rails) OR c++ OR c# OR rust OR scala OR julia OR elixir OR node.js OR (asp.net AND core);apoiarh consultoria em gestão de pessoas;1.0;empregos.com.br;https://www.linkedin.com/jobs/view/4442272804/;https://www.linkedin.com/jobs/view/4442272804/;On-site;Associate;21/07/2026;Goiânia;Goiás;GO;Região Centro-Oeste;Brasil;América do Sul
77;Apoiarh Consultoria em Gestão de Pessoas;Auxiliar de Tesouraria - GO;Goiânia (GO);20/07 12:00;https://www.linkedin.com/jobs/view/4442268778/;missing logo;-;https://www.linkedin.com/company/apoiarh-consultoria-em-gest-o-de-pessoas/about/;Consultoria e Assessoria;backend OR java OR (spring AND boot) OR python OR django OR go OR golang OR php OR laravel OR ruby OR (ruby AND rails) OR c++ OR c# OR rust OR scala OR julia OR elixir OR node.js OR (asp.net AND core);apoiarh consultoria em gestão de pessoas;1.0;empregos.com.br;https://www.linkedin.com/jobs/view/4442268778/;https://www.linkedin.com/jobs/view/4442268778/;On-site;Associate;21/07/2026;Goiânia;Goiás;GO;Região Centro-Oeste;Brasil;América do Sul
78;Apoiarh Consultoria em Gestão de Pessoas;Auxiliar de escritório - GO;Goiânia (GO);21/07 00:00;https://www.linkedin.com/jobs/view/4442270460/;missing logo;-;https://www.linkedin.com/company/apoiarh-consultoria-em-gest-o-de-pessoas/about/;Consultoria e Assessoria;backend OR java OR (spring AND boot) OR python OR django OR go OR golang OR php OR laravel OR ruby OR (ruby AND rails) OR c++ OR c# OR rust OR scala OR julia OR elixir OR node.js OR (asp.net AND core);apoiarh consultoria em gestão de pessoas;1.0;empregos.com.br;https://www.linkedin.com/jobs/view/4442270460/;https://www.linkedin.com/jobs/view/4442270460/;On-site;Associate;21/07/2026;Goiânia;Goiás;GO;Região Centro-Oeste;Brasil;América do Sul
79;Apoiarh Consultoria em Gestão de Pessoas;Auxiliar de produção - GO;Goiânia (GO);21/07 00:00;https://www.linkedin.com/jobs/view/4442281205/;missing logo;-;https://www.linkedin.com/company/apoiarh-consultoria-em-gest-o-de-pessoas/about/;Consultoria e Assessoria;backend OR java OR (spring AND boot) OR python OR django OR go OR golang OR php OR laravel OR ruby OR (ruby AND rails) OR c++ OR c# OR rust OR scala OR julia OR elixir OR node.js OR (asp.net AND core);apoiarh consultoria em gestão de pessoas;1.0;empregos.com.br;https://www.linkedin.com/jobs/view/4442281205/;https://www.linkedin.com/jobs/view/4442281205/;On-site;Associate;21/07/2026;Goiânia;Goiás;GO;Região Centro-Oeste;Brasil;América do Sul
80;Apoiarh Consultoria em Gestão de Pessoas;Auxiliar de produção - GO;Goiânia (GO);21/07 00:00;https://www.linkedin.com/jobs/view/4442278372/;missing logo;-;https://www.linkedin.com/company/apoiarh-consultoria-em-gest-o-de-pessoas/about/;Consultoria e Assessoria;backend OR java OR (spring AND boot) OR python OR django OR go OR golang OR php OR laravel OR ruby OR (ruby AND rails) OR c++ OR c# OR rust OR scala OR julia OR elixir OR node.js OR (asp.net AND core);apoiarh consultoria em gestão de pessoas;1.0;empregos.com.br;https://www.linkedin.com/jobs/view/4442278372/;https://www.linkedin.com/jobs/view/4442278372/;On-site;Associate;21/07/2026;Goiânia;Goiás;GO;Região Centro-Oeste;Brasil;América do Sul
81;Apoiarh Consultoria em Gestão de Pessoas;Auxiliar de produção - GO;Goiânia (GO);21/07 00:00;https://www.linkedin.com/jobs/view/4442269648/;missing logo;-;https://www.linkedin.com/company/apoiarh-consultoria-em-gest-o-de-pessoas/about/;Consultoria e Assessoria;backend OR java OR (spring AND boot) OR python OR django OR go OR golang OR php OR laravel OR ruby OR (ruby AND rails) OR c++ OR c# OR rust OR scala OR julia OR elixir OR node.js OR (asp.net AND core);apoiarh consultoria em gestão de pessoas;1.0;empregos.com.br;https://www.linkedin.com/jobs/view/4442269648/;https://www.linkedin.com/jobs/view/4442269648/;On-site;Associate;21/07/2026;Goiânia;Goiás;GO;Região Centro-Oeste;Brasil;América do Sul
82;Apoiarh Consultoria em Gestão de Pessoas;Conferente - GO;Goiânia (GO);21/07 00:00;https://www.linkedin.com/jobs/view/4442266743/;missing logo;-;https://www.linkedin.com/company/apoiarh-consultoria-em-gest-o-de-pessoas/about/;Consultoria e Assessoria;backend OR java OR (spring AND boot) OR python OR django OR go OR golang OR php OR laravel OR ruby OR (ruby AND rails) OR c++ OR c# OR rust OR scala OR julia OR elixir OR node.js OR (asp.net AND core);apoiarh consultoria em gestão de pessoas;1.0;empregos.com.br;https://www.linkedin.com/jobs/view/4442266743/;https://www.linkedin.com/jobs/view/4442266743/;On-site;-;21/07/2026;Goiânia;Goiás;GO;Região Centro-Oeste;Brasil;América do Sul
83;Apoiarh Consultoria em Gestão de Pessoas;Consultor Comercial de Benefícios - GO;Goiânia (GO);21/07 00:00;https://www.linkedin.com/jobs/view/4442281210/;missing logo;Advanced > Specialist;https://www.linkedin.com/company/apoiarh-consultoria-em-gest-o-de-pessoas/about/;Consultoria e Assessoria;backend OR java OR (spring AND boot) OR python OR django OR go OR golang OR php OR laravel OR ruby OR (ruby AND rails) OR c++ OR c# OR rust OR scala OR julia OR elixir OR node.js OR (asp.net AND core);apoiarh consultoria em gestão de pessoas;1.0;empregos.com.br;https://www.linkedin.com/jobs/view/4442281210/;https://www.linkedin.com/jobs/view/4442281210/;On-site;Consultor, Vendas / Comercial;21/07/2026;Goiânia;Goiás;GO;Região Centro-Oeste;Brasil;América do Sul
84;Apoiarh Consultoria em Gestão de Pessoas;Engenheiro civil - GO;Goiânia (GO);21/07 00:00;https://www.linkedin.com/jobs/view/4442262902/;missing logo;-;https://www.linkedin.com/company/apoiarh-consultoria-em-gest-o-de-pessoas/about/;Consultoria e Assessoria;backend OR java OR (spring AND boot) OR python OR django OR go OR golang OR php OR laravel OR ruby OR (ruby AND rails) OR c++ OR c# OR rust OR scala OR julia OR elixir OR node.js OR (asp.net AND core);apoiarh consultoria em gestão de pessoas;1.0;empregos.com.br;https://www.linkedin.com/jobs/view/4442262902/;https://www.linkedin.com/jobs/view/4442262902/;On-site;Obras/Engenharia Civil;21/07/2026;Goiânia;Goiás;GO;Região Centro-Oeste;Brasil;América do Sul
85;Apoiarh Consultoria em Gestão de Pessoas;Laboratorista - GO;Goiânia (GO);20/07 12:00;https://www.linkedin.com/jobs/view/4442288055/;missing logo;-;https://www.linkedin.com/company/apoiarh-consultoria-em-gest-o-de-pessoas/about/;Consultoria e Assessoria;backend OR java OR (spring AND boot) OR python OR django OR go OR golang OR php OR laravel OR ruby OR (ruby AND rails) OR c++ OR c# OR rust OR scala OR julia OR elixir OR node.js OR (asp.net AND core);apoiarh consultoria em gestão de pessoas;1.0;empregos.com.br;https://www.linkedin.com/jobs/view/4442288055/;https://www.linkedin.com/jobs/view/4442288055/;On-site;-;21/07/2026;Goiânia;Goiás;GO;Região Centro-Oeste;Brasil;América do Sul
86;Apoiarh Consultoria em Gestão de Pessoas;Mecânico Industrial - GO;Goiânia (GO);20/07 12:00;https://www.linkedin.com/jobs/view/4442290047/;missing logo;-;https://www.linkedin.com/company/apoiarh-consultoria-em-gest-o-de-pessoas/about/;Consultoria e Assessoria;backend OR java OR (spring AND boot) OR python OR django OR go OR golang OR php OR laravel OR ruby OR (ruby AND rails) OR c++ OR c# OR rust OR scala OR julia OR elixir OR node.js OR (asp.net AND core);apoiarh consultoria em gestão de pessoas;1.0;empregos.com.br;https://www.linkedin.com/jobs/view/4442290047/;https://www.linkedin.com/jobs/view/4442290047/;On-site;Engenharia Geral;21/07/2026;Goiânia;Goiás;GO;Região Centro-Oeste;Brasil;América do Sul
87;Apoiarh Consultoria em Gestão de Pessoas;Mecânico Industrial - GO;Goiânia (GO);21/07 00:00;https://www.linkedin.com/jobs/view/4442274599/;missing logo;-;https://www.linkedin.com/company/apoiarh-consultoria-em-gest-o-de-pessoas/about/;Consultoria e Assessoria;backend OR java OR (spring AND boot) OR python OR django OR go OR golang OR php OR laravel OR ruby OR (ruby AND rails) OR c++ OR c# OR rust OR scala OR julia OR elixir OR node.js OR (asp.net AND core);apoiarh consultoria em gestão de pessoas;1.0;empregos.com.br;https://www.linkedin.com/jobs/view/4442274599/;https://www.linkedin.com/jobs/view/4442274599/;On-site;Engenharia Geral;21/07/2026;Goiânia;Goiás;GO;Região Centro-Oeste;Brasil;América do Sul
88;Apoiarh Consultoria em Gestão de Pessoas;Mecânico Industrial I - GO;Goiânia (GO);21/07 00:00;https://www.linkedin.com/jobs/view/4442265866/;missing logo;-;https://www.linkedin.com/company/apoiarh-consultoria-em-gest-o-de-pessoas/about/;Consultoria e Assessoria;backend OR java OR (spring AND boot) OR python OR django OR go OR golang OR php OR laravel OR ruby OR (ruby AND rails) OR c++ OR c# OR rust OR scala OR julia OR elixir OR node.js OR (asp.net AND core);apoiarh consultoria em gestão de pessoas;1.0;empregos.com.br;https://www.linkedin.com/jobs/view/4442265866/;https://www.linkedin.com/jobs/view/4442265866/;On-site;Engenharia Geral;21/07/2026;Goiânia;Goiás;GO;Região Centro-Oeste;Brasil;América do Sul
89;Apoiarh Consultoria em Gestão de Pessoas;Mecânico Industrial III - GO;Goiânia (GO);20/07 12:00;https://www.linkedin.com/jobs/view/4442287190/;missing logo;-;https://www.linkedin.com/company/apoiarh-consultoria-em-gest-o-de-pessoas/about/;Consultoria e Assessoria;backend OR java OR (spring AND boot) OR python OR django OR go OR golang OR php OR laravel OR ruby OR (ruby AND rails) OR c++ OR c# OR rust OR scala OR julia OR elixir OR node.js OR (asp.net AND core);apoiarh consultoria em gestão de pessoas;1.0;empregos.com.br;https://www.linkedin.com/jobs/view/4442287190/;https://www.linkedin.com/jobs/view/4442287190/;On-site;Engenharia Geral;21/07/2026;Goiânia;Goiás;GO;Região Centro-Oeste;Brasil;América do Sul
90;Apoiarh Consultoria em Gestão de Pessoas;Moleiro - GO;Goiânia (GO);20/07 12:00;https://www.linkedin.com/jobs/view/4442283292/;missing logo;-;https://www.linkedin.com/company/apoiarh-consultoria-em-gest-o-de-pessoas/about/;Consultoria e Assessoria;backend OR java OR (spring AND boot) OR python OR django OR go OR golang OR php OR laravel OR ruby OR (ruby AND rails) OR c++ OR c# OR rust OR scala OR julia OR elixir OR node.js OR (asp.net AND core);apoiarh consultoria em gestão de pessoas;1.0;empregos.com.br;https://www.linkedin.com/jobs/view/4442283292/;https://www.linkedin.com/jobs/view/4442283292/;On-site;-;21/07/2026;Goiânia;Goiás;GO;Região Centro-Oeste;Brasil;América do Sul
91;Apoiarh Consultoria em Gestão de Pessoas;Moleiro - GO;Goiânia (GO);20/07 12:00;https://www.linkedin.com/jobs/view/4442280467/;missing logo;-;https://www.linkedin.com/company/apoiarh-consultoria-em-gest-o-de-pessoas/about/;Consultoria e Assessoria;backend OR java OR (spring AND boot) OR python OR django OR go OR golang OR php OR laravel OR ruby OR (ruby AND rails) OR c++ OR c# OR rust OR scala OR julia OR elixir OR node.js OR (asp.net AND core);apoiarh consultoria em gestão de pessoas;1.0;empregos.com.br;https://www.linkedin.com/jobs/view/4442280467/;https://www.linkedin.com/jobs/view/4442280467/;On-site;-;21/07/2026;Goiânia;Goiás;GO;Região Centro-Oeste;Brasil;América do Sul
92;Apoiarh Consultoria em Gestão de Pessoas;Moleiro - GO;Goiânia (GO);21/07 00:00;https://www.linkedin.com/jobs/view/4442282157/;missing logo;-;https://www.linkedin.com/company/apoiarh-consultoria-em-gest-o-de-pessoas/about/;Consultoria e Assessoria;backend OR java OR (spring AND boot) OR python OR django OR go OR golang OR php OR laravel OR ruby OR (ruby AND rails) OR c++ OR c# OR rust OR scala OR julia OR elixir OR node.js OR (asp.net AND core);apoiarh consultoria em gestão de pessoas;1.0;empregos.com.br;https://www.linkedin.com/jobs/view/4442282157/;https://www.linkedin.com/jobs/view/4442282157/;On-site;-;21/07/2026;Goiânia;Goiás;GO;Região Centro-Oeste;Brasil;América do Sul
93;Apoiarh Consultoria em Gestão de Pessoas;Operador Empilhadeira - GO;Goiânia (GO);21/07 00:00;https://www.linkedin.com/jobs/view/4442269709/;missing logo;-;https://www.linkedin.com/company/apoiarh-consultoria-em-gest-o-de-pessoas/about/;Consultoria e Assessoria;backend OR java OR (spring AND boot) OR python OR django OR go OR golang OR php OR laravel OR ruby OR (ruby AND rails) OR c++ OR c# OR rust OR scala OR julia OR elixir OR node.js OR (asp.net AND core);apoiarh consultoria em gestão de pessoas;1.0;empregos.com.br;https://www.linkedin.com/jobs/view/4442269709/;https://www.linkedin.com/jobs/view/4442269709/;On-site;-;21/07/2026;Goiânia;Goiás;GO;Região Centro-Oeste;Brasil;América do Sul
94;Apoiarh Consultoria em Gestão de Pessoas;Operador Empilhadeira - GO;Goiânia (GO);21/07 00:00;https://www.linkedin.com/jobs/view/4442284163/;missing logo;-;https://www.linkedin.com/company/apoiarh-consultoria-em-gest-o-de-pessoas/about/;Consultoria e Assessoria;backend OR java OR (spring AND boot) OR python OR django OR go OR golang OR php OR laravel OR ruby OR (ruby AND rails) OR c++ OR c# OR rust OR scala OR julia OR elixir OR node.js OR (asp.net AND core);apoiarh consultoria em gestão de pessoas;1.0;empregos.com.br;https://www.linkedin.com/jobs/view/4442284163/;https://www.linkedin.com/jobs/view/4442284163/;On-site;-;21/07/2026;Goiânia;Goiás;GO;Região Centro-Oeste;Brasil;América do Sul
95;Apoiarh Consultoria em Gestão de Pessoas;Operador de Carga e Descarga  - GO;Goiânia (GO);21/07 00:00;https://www.linkedin.com/jobs/view/4442272887/;missing logo;-;https://www.linkedin.com/company/apoiarh-consultoria-em-gest-o-de-pessoas/about/;Consultoria e Assessoria;backend OR java OR (spring AND boot) OR python OR django OR go OR golang OR php OR laravel OR ruby OR (ruby AND rails) OR c++ OR c# OR rust OR scala OR julia OR elixir OR node.js OR (asp.net AND core);apoiarh consultoria em gestão de pessoas;1.0;empregos.com.br;https://www.linkedin.com/jobs/view/4442272887/;https://www.linkedin.com/jobs/view/4442272887/;On-site;-;21/07/2026;Goiânia;Goiás;GO;Região Centro-Oeste;Brasil;América do Sul
96;Apoiarh Consultoria em Gestão de Pessoas;Operador de Carga e Descarga - GO;Goiânia (GO);21/07 00:00;https://www.linkedin.com/jobs/view/4442275365/;missing logo;-;https://www.linkedin.com/company/apoiarh-consultoria-em-gest-o-de-pessoas/about/;Consultoria e Assessoria;backend OR java OR (spring AND boot) OR python OR django OR go OR golang OR php OR laravel OR ruby OR (ruby AND rails) OR c++ OR c# OR rust OR scala OR julia OR elixir OR node.js OR (asp.net AND core);apoiarh consultoria em gestão de pessoas;1.0;empregos.com.br;https://www.linkedin.com/jobs/view/4442275365/;https://www.linkedin.com/jobs/view/4442275365/;On-site;-;21/07/2026;Goiânia;Goiás;GO;Região Centro-Oeste;Brasil;América do Sul
97;Apoiarh Consultoria em Gestão de Pessoas;Operador de Carregamento  - GO;Goiânia (GO);21/07 00:00;https://www.linkedin.com/jobs/view/4442265828/;missing logo;-;https://www.linkedin.com/company/apoiarh-consultoria-em-gest-o-de-pessoas/about/;Consultoria e Assessoria;backend OR java OR (spring AND boot) OR python OR django OR go OR golang OR php OR laravel OR ruby OR (ruby AND rails) OR c++ OR c# OR rust OR scala OR julia OR elixir OR node.js OR (asp.net AND core);apoiarh consultoria em gestão de pessoas;1.0;empregos.com.br;https://www.linkedin.com/jobs/view/4442265828/;https://www.linkedin.com/jobs/view/4442265828/;On-site;-;21/07/2026;Goiânia;Goiás;GO;Região Centro-Oeste;Brasil;América do Sul
98;Apoiarh Consultoria em Gestão de Pessoas;Operador de Maquina - GO;Goiânia (GO);20/07 12:00;https://www.linkedin.com/jobs/view/4442281384/;missing logo;-;https://www.linkedin.com/company/apoiarh-consultoria-em-gest-o-de-pessoas/about/;Consultoria e Assessoria;backend OR java OR (spring AND boot) OR python OR django OR go OR golang OR php OR laravel OR ruby OR (ruby AND rails) OR c++ OR c# OR rust OR scala OR julia OR elixir OR node.js OR (asp.net AND core);apoiarh consultoria em gestão de pessoas;1.0;empregos.com.br;https://www.linkedin.com/jobs/view/4442281384/;https://www.linkedin.com/jobs/view/4442281384/;On-site;-;21/07/2026;Goiânia;Goiás;GO;Região Centro-Oeste;Brasil;América do Sul
99;Apoiarh Consultoria em Gestão de Pessoas;Operador de Moinho  - GO;Goiânia (GO);21/07 00:00;https://www.linkedin.com/jobs/view/4442262837/;missing logo;-;https://www.linkedin.com/company/apoiarh-consultoria-em-gest-o-de-pessoas/about/;Consultoria e Assessoria;backend OR java OR (spring AND boot) OR python OR django OR go OR golang OR php OR laravel OR ruby OR (ruby AND rails) OR c++ OR c# OR rust OR scala OR julia OR elixir OR node.js OR (asp.net AND core);apoiarh consultoria em gestão de pessoas;1.0;empregos.com.br;https://www.linkedin.com/jobs/view/4442262837/;https://www.linkedin.com/jobs/view/4442262837/;On-site;-;21/07/2026;Goiânia;Goiás;GO;Região Centro-Oeste;Brasil;América do Sul
100;Apoiarh Consultoria em Gestão de Pessoas;Operador de Moinho - GO;Goiânia (GO);21/07 00:00;https://www.linkedin.com/jobs/view/4442274594/;missing logo;-;https://www.linkedin.com/company/apoiarh-consultoria-em-gest-o-de-pessoas/about/;Consultoria e Assessoria;backend OR java OR (spring AND boot) OR python OR django OR go OR golang OR php OR laravel OR ruby OR (ruby AND rails) OR c++ OR c# OR rust OR scala OR julia OR elixir OR node.js OR (asp.net AND core);apoiarh consultoria em gestão de pessoas;1.0;empregos.com.br;https://www.linkedin.com/jobs/view/4442274594/;https://www.linkedin.com/jobs/view/4442274594/;On-site;-;21/07/2026;Goiânia;Goiás;GO;Região Centro-Oeste;Brasil;América do Sul
101;Apoiarh Consultoria em Gestão de Pessoas;Operador de empilhadeira - GO;Goiânia (GO);21/07 00:00;https://www.linkedin.com/jobs/view/4442270565/;missing logo;-;https://www.linkedin.com/company/apoiarh-consultoria-em-gest-o-de-pessoas/about/;Consultoria e Assessoria;backend OR java OR (spring AND boot) OR python OR django OR go OR golang OR php OR laravel OR ruby OR (ruby AND rails) OR c++ OR c# OR rust OR scala OR julia OR elixir OR node.js OR (asp.net AND core);apoiarh consultoria em gestão de pessoas;1.0;empregos.com.br;https://www.linkedin.com/jobs/view/4442270565/;https://www.linkedin.com/jobs/view/4442270565/;On-site;-;21/07/2026;Goiânia;Goiás;GO;Região Centro-Oeste;Brasil;América do Sul
102;Apoiarh Consultoria em Gestão de Pessoas;Operador de empilhadeira - GO;Goiânia (GO);21/07 00:00;https://www.linkedin.com/jobs/view/4442272698/;missing logo;-;https://www.linkedin.com/company/apoiarh-consultoria-em-gest-o-de-pessoas/about/;Consultoria e Assessoria;backend OR java OR (spring AND boot) OR python OR django OR go OR golang OR php OR laravel OR ruby OR (ruby AND rails) OR c++ OR c# OR rust OR scala OR julia OR elixir OR node.js OR (asp.net AND core);apoiarh consultoria em gestão de pessoas;1.0;empregos.com.br;https://www.linkedin.com/jobs/view/4442272698/;https://www.linkedin.com/jobs/view/4442272698/;On-site;-;21/07/2026;Goiânia;Goiás;GO;Região Centro-Oeste;Brasil;América do Sul
103;Apoiarh Consultoria em Gestão de Pessoas;Operador de máquinas - GO;Goiânia (GO);21/07 00:00;https://www.linkedin.com/jobs/view/4442279293/;missing logo;-;https://www.linkedin.com/company/apoiarh-consultoria-em-gest-o-de-pessoas/about/;Consultoria e Assessoria;backend OR java OR (spring AND boot) OR python OR django OR go OR golang OR php OR laravel OR ruby OR (ruby AND rails) OR c++ OR c# OR rust OR scala OR julia OR elixir OR node.js OR (asp.net AND core);apoiarh consultoria em gestão de pessoas;1.0;empregos.com.br;https://www.linkedin.com/jobs/view/4442279293/;https://www.linkedin.com/jobs/view/4442279293/;On-site;-;21/07/2026;Goiânia;Goiás;GO;Região Centro-Oeste;Brasil;América do Sul
104;Apoiarh Consultoria em Gestão de Pessoas;Pesador - GO;Goiânia (GO);21/07 00:00;https://www.linkedin.com/jobs/view/4442274481/;missing logo;-;https://www.linkedin.com/company/apoiarh-consultoria-em-gest-o-de-pessoas/about/;Consultoria e Assessoria;backend OR java OR (spring AND boot) OR python OR django OR go OR golang OR php OR laravel OR ruby OR (ruby AND rails) OR c++ OR c# OR rust OR scala OR julia OR elixir OR node.js OR (asp.net AND core);apoiarh consultoria em gestão de pessoas;1.0;empregos.com.br;https://www.linkedin.com/jobs/view/4442274481/;https://www.linkedin.com/jobs/view/4442274481/;On-site;-;21/07/2026;Goiânia;Goiás;GO;Região Centro-Oeste;Brasil;América do Sul
105;Apoiarh Consultoria em Gestão de Pessoas;Promotor de vendas - GO;Goiânia (GO);21/07 00:00;https://www.linkedin.com/jobs/view/4442266917/;missing logo;-;https://www.linkedin.com/company/apoiarh-consultoria-em-gest-o-de-pessoas/about/;Consultoria e Assessoria;backend OR java OR (spring AND boot) OR python OR django OR go OR golang OR php OR laravel OR ruby OR (ruby AND rails) OR c++ OR c# OR rust OR scala OR julia OR elixir OR node.js OR (asp.net AND core);apoiarh consultoria em gestão de pessoas;1.0;empregos.com.br;https://www.linkedin.com/jobs/view/4442266917/;https://www.linkedin.com/jobs/view/4442266917/;On-site;Vendas / Comercial;21/07/2026;Goiânia;Goiás;GO;Região Centro-Oeste;Brasil;América do Sul
106;Apoiarh Consultoria em Gestão de Pessoas;Supervisor de Infraestrutura - GO;Goiânia (GO);21/07 00:00;https://www.linkedin.com/jobs/view/4442275340/;missing logo;Middle > Manager;https://www.linkedin.com/company/apoiarh-consultoria-em-gest-o-de-pessoas/about/;Consultoria e Assessoria;backend OR java OR (spring AND boot) OR python OR django OR go OR golang OR php OR laravel OR ruby OR (ruby AND rails) OR c++ OR c# OR rust OR scala OR julia OR elixir OR node.js OR (asp.net AND core);apoiarh consultoria em gestão de pessoas;1.0;empregos.com.br;https://www.linkedin.com/jobs/view/4442275340/;https://www.linkedin.com/jobs/view/4442275340/;On-site;Mid, Liderança/Gerência, Infraestrutura/Redes;21/07/2026;Goiânia;Goiás;GO;Região Centro-Oeste;Brasil;América do Sul
107;Apoiarh Consultoria em Gestão de Pessoas;Técnico em Química - GO;Goiânia (GO);21/07 00:00;https://www.linkedin.com/jobs/view/4442285019/;missing logo;-;https://www.linkedin.com/company/apoiarh-consultoria-em-gest-o-de-pessoas/about/;Consultoria e Assessoria;backend OR java OR (spring AND boot) OR python OR django OR go OR golang OR php OR laravel OR ruby OR (ruby AND rails) OR c++ OR c# OR rust OR scala OR julia OR elixir OR node.js OR (asp.net AND core);apoiarh consultoria em gestão de pessoas;1.0;empregos.com.br;https://www.linkedin.com/jobs/view/4442285019/;https://www.linkedin.com/jobs/view/4442285019/;On-site;-;21/07/2026;Goiânia;Goiás;GO;Região Centro-Oeste;Brasil;América do Sul
108;Apoiarh Consultoria em Gestão de Pessoas;Técnico em alimentos - GO;Goiânia (GO);20/07 12:00;https://www.linkedin.com/jobs/view/4442282390/;missing logo;-;https://www.linkedin.com/company/apoiarh-consultoria-em-gest-o-de-pessoas/about/;Alimentos e Bebidas;backend OR java OR (spring AND boot) OR python OR django OR go OR golang OR php OR laravel OR ruby OR (ruby AND rails) OR c++ OR c# OR rust OR scala OR julia OR elixir OR node.js OR (asp.net AND core);apoiarh consultoria em gestão de pessoas;1.0;empregos.com.br;https://www.linkedin.com/jobs/view/4442282390/;https://www.linkedin.com/jobs/view/4442282390/;On-site;-;21/07/2026;Goiânia;Goiás;GO;Região Centro-Oeste;Brasil;América do Sul
109;Apoiarh Consultoria em Gestão de Pessoas;Vendedora Arquiteta - GO;Goiânia (GO);21/07 00:00;https://www.linkedin.com/jobs/view/4442278384/;missing logo;-;https://www.linkedin.com/company/apoiarh-consultoria-em-gest-o-de-pessoas/about/;Consultoria e Assessoria;backend OR java OR (spring AND boot) OR python OR django OR go OR golang OR php OR laravel OR ruby OR (ruby AND rails) OR c++ OR c# OR rust OR scala OR julia OR elixir OR node.js OR (asp.net AND core);apoiarh consultoria em gestão de pessoas;1.0;empregos.com.br;https://www.linkedin.com/jobs/view/4442278384/;https://www.linkedin.com/jobs/view/4442278384/;On-site;Vendas / Comercial;21/07/2026;Goiânia;Goiás;GO;Região Centro-Oeste;Brasil;América do Sul
110;Apoiarh Consultoria em Gestão de Pessoas;Vendedora Atacadista - GO;Goiânia (GO);21/07 00:00;https://www.linkedin.com/jobs/view/4442289139/;missing logo;-;https://www.linkedin.com/company/apoiarh-consultoria-em-gest-o-de-pessoas/about/;Consultoria e Assessoria;backend OR java OR (spring AND boot) OR python OR django OR go OR golang OR php OR laravel OR ruby OR (ruby AND rails) OR c++ OR c# OR rust OR scala OR julia OR elixir OR node.js OR (asp.net AND core);apoiarh consultoria em gestão de pessoas;1.0;empregos.com.br;https://www.linkedin.com/jobs/view/4442289139/;https://www.linkedin.com/jobs/view/4442289139/;On-site;Vendas / Comercial;21/07/2026;Goiânia;Goiás;GO;Região Centro-Oeste;Brasil;América do Sul
111;Apoiarh Consultoria em Gestão de Pessoas;Vendedora Atacadista - GO;Goiânia (GO);21/07 00:00;https://www.linkedin.com/jobs/view/4442278627/;missing logo;-;https://www.linkedin.com/company/apoiarh-consultoria-em-gest-o-de-pessoas/about/;Consultoria e Assessoria;backend OR java OR (spring AND boot) OR python OR django OR go OR golang OR php OR laravel OR ruby OR (ruby AND rails) OR c++ OR c# OR rust OR scala OR julia OR elixir OR node.js OR (asp.net AND core);apoiarh consultoria em gestão de pessoas;1.0;empregos.com.br;https://www.linkedin.com/jobs/view/4442278627/;https://www.linkedin.com/jobs/view/4442278627/;On-site;Vendas / Comercial;21/07/2026;Goiânia;Goiás;GO;Região Centro-Oeste;Brasil;América do Sul
112;Apoiarh Consultoria em Gestão de Pessoas;Vendedora Atacadista - GO;Goiânia (GO);21/07 00:00;https://www.linkedin.com/jobs/view/4442270869/;missing logo;-;https://www.linkedin.com/company/apoiarh-consultoria-em-gest-o-de-pessoas/about/;Consultoria e Assessoria;backend OR java OR (spring AND boot) OR python OR django OR go OR golang OR php OR laravel OR ruby OR (ruby AND rails) OR c++ OR c# OR rust OR scala OR julia OR elixir OR node.js OR (asp.net AND core);apoiarh consultoria em gestão de pessoas;1.0;empregos.com.br;https://www.linkedin.com/jobs/view/4442270869/;https://www.linkedin.com/jobs/view/4442270869/;On-site;Vendas / Comercial;21/07/2026;Goiânia;Goiás;GO;Região Centro-Oeste;Brasil;América do Sul
113;Apoiarh Consultoria em Gestão de Pessoas;Vendedora E-commerce - GO;Goiânia (GO);21/07 00:00;https://www.linkedin.com/jobs/view/4442263872/;missing logo;-;https://www.linkedin.com/company/apoiarh-consultoria-em-gest-o-de-pessoas/about/;Consultoria e Assessoria;backend OR java OR (spring AND boot) OR python OR django OR go OR golang OR php OR laravel OR ruby OR (ruby AND rails) OR c++ OR c# OR rust OR scala OR julia OR elixir OR node.js OR (asp.net AND core);apoiarh consultoria em gestão de pessoas;1.0;empregos.com.br;https://www.linkedin.com/jobs/view/4442263872/;https://www.linkedin.com/jobs/view/4442263872/;On-site;Vendas / Comercial;21/07/2026;Goiânia;Goiás;GO;Região Centro-Oeste;Brasil;América do Sul
114;Apoiarh Consultoria em Gestão de Pessoas;Vendedora de Jóias - GO;Goiânia (GO);21/07 00:00;https://www.linkedin.com/jobs/view/4442268648/;missing logo;-;https://www.linkedin.com/company/apoiarh-consultoria-em-gest-o-de-pessoas/about/;Consultoria e Assessoria;backend OR java OR (spring AND boot) OR python OR django OR go OR golang OR php OR laravel OR ruby OR (ruby AND rails) OR c++ OR c# OR rust OR scala OR julia OR elixir OR node.js OR (asp.net AND core);apoiarh consultoria em gestão de pessoas;1.0;empregos.com.br;https://www.linkedin.com/jobs/view/4442268648/;https://www.linkedin.com/jobs/view/4442268648/;On-site;Vendas / Comercial;21/07/2026;Goiânia;Goiás;GO;Região Centro-Oeste;Brasil;América do Sul
115;Ardagh Group;IT Developer - SAP BW Backend;São Paulo (SP);21/07 08:00;https://www.linkedin.com/jobs/view/4433358103/;https://media.licdn.com/dms/image/v2/C4E0BAQFXl3EcHoPYeQ/company-logo_100_100/company-logo_100_100/0/1631330546931?e=1785974400&v=beta&t=OP7MoED7Yq6SpsdeppR6iU_ICLKtt5uDpSZayVmCXmA;Advanced > Information Technology;https://www.linkedin.com/company/ardagh-group/about/;Software e Serviços de TI;backend OR java OR (spring AND boot) OR python OR django OR go OR golang OR php OR laravel OR ruby OR (ruby AND rails) OR c++ OR c# OR rust OR scala OR julia OR elixir OR node.js OR (asp.net AND core);ardagh group;1.0;;https://www.linkedin.com/jobs/view/4433358103/;https://www.linkedin.com/jobs/view/4433358103/;On-site;SAP, Backend;21/07/2026;São Paulo;São Paulo;SP;Região Sudeste;Brasil;América do Sul
116;Artesanal;Assistente de Logística - Anápolis - GO;Anápolis (GO);21/07 00:00;https://www.linkedin.com/jobs/view/4442281064/;missing logo;-;https://www.linkedin.com/company/artesanal/about/;Logística e Supply Chain;backend OR java OR (spring AND boot) OR python OR django OR go OR golang OR php OR laravel OR ruby OR (ruby AND rails) OR c++ OR c# OR rust OR scala OR julia OR elixir OR node.js OR (asp.net AND core);artesanal;1.0;empregos.com.br;https://www.linkedin.com/jobs/view/4442281064/;https://www.linkedin.com/jobs/view/4442281064/;On-site;Associate, Logística/Supply;21/07/2026;Anápolis;Goiás;GO;Região Centro-Oeste;Brasil;América do Sul
117;Artesanal;Auxiliar de Produção - Semissólidos - AnápolisGO - GO;Anápolis (GO);21/07 00:00;https://www.linkedin.com/jobs/view/4442271748/;missing logo;-;https://www.linkedin.com/company/artesanal/about/;Manufatura e Produção;backend OR java OR (spring AND boot) OR python OR django OR go OR golang OR php OR laravel OR ruby OR (ruby AND rails) OR c++ OR c# OR rust OR scala OR julia OR elixir OR node.js OR (asp.net AND core);artesanal;1.0;empregos.com.br;https://www.linkedin.com/jobs/view/4442271748/;https://www.linkedin.com/jobs/view/4442271748/;On-site;Associate;21/07/2026;Anápolis;Goiás;GO;Região Centro-Oeste;Brasil;América do Sul
118;Artesanal;Analista TI - GO;Goiânia (GO);21/07 00:00;https://www.linkedin.com/jobs/view/4442276743/;missing logo;Advanced > Specialist;https://www.linkedin.com/company/artesanal/about/;Software e Serviços de TI;backend OR java OR (spring AND boot) OR python OR django OR go OR golang OR php OR laravel OR ruby OR (ruby AND rails) OR c++ OR c# OR rust OR scala OR julia OR elixir OR node.js OR (asp.net AND core);artesanal;1.0;empregos.com.br;https://www.linkedin.com/jobs/view/4442276743/;https://www.linkedin.com/jobs/view/4442276743/;On-site;Associate, TI/Tech;21/07/2026;Goiânia;Goiás;GO;Região Centro-Oeste;Brasil;América do Sul
119;Artesanal;Analista de TI - GO;Goiânia (GO);21/07 00:00;https://www.linkedin.com/jobs/view/4442287004/;missing logo;Advanced > Specialist;https://www.linkedin.com/company/artesanal/about/;Software e Serviços de TI;backend OR java OR (spring AND boot) OR python OR django OR go OR golang OR php OR laravel OR ruby OR (ruby AND rails) OR c++ OR c# OR rust OR scala OR julia OR elixir OR node.js OR (asp.net AND core);artesanal;1.0;empregos.com.br;https://www.linkedin.com/jobs/view/4442287004/;https://www.linkedin.com/jobs/view/4442287004/;On-site;Associate, TI/Tech;21/07/2026;Goiânia;Goiás;GO;Região Centro-Oeste;Brasil;América do Sul
120;Artesanal;Analista de recursos humanos - GO;Goiânia (GO);21/07 00:00;https://www.linkedin.com/jobs/view/4442284096/;missing logo;People;https://www.linkedin.com/company/artesanal/about/;Recursos Humanos;backend OR java OR (spring AND boot) OR python OR django OR go OR golang OR php OR laravel OR ruby OR (ruby AND rails) OR c++ OR c# OR rust OR scala OR julia OR elixir OR node.js OR (asp.net AND core);artesanal;1.0;empregos.com.br;https://www.linkedin.com/jobs/view/4442284096/;https://www.linkedin.com/jobs/view/4442284096/;On-site;Associate;21/07/2026;Goiânia;Goiás;GO;Região Centro-Oeste;Brasil;América do Sul
121;Artesanal;Assistente de logística - GO;Goiânia (GO);21/07 00:00;https://www.linkedin.com/jobs/view/4442258896/;missing logo;-;https://www.linkedin.com/company/artesanal/about/;Logística e Supply Chain;backend OR java OR (spring AND boot) OR python OR django OR go OR golang OR php OR laravel OR ruby OR (ruby AND rails) OR c++ OR c# OR rust OR scala OR julia OR elixir OR node.js OR (asp.net AND core);artesanal;1.0;empregos.com.br;https://www.linkedin.com/jobs/view/4442258896/;https://www.linkedin.com/jobs/view/4442258896/;On-site;Associate, Logística/Supply;21/07/2026;Goiânia;Goiás;GO;Região Centro-Oeste;Brasil;América do Sul
122;Artesanal;Auxiliar Administrativo – Área Comercial - GO;Goiânia (GO);21/07 00:00;https://www.linkedin.com/jobs/view/4442279206/;missing logo;-;https://www.linkedin.com/company/artesanal/about/;Software e Serviços de TI;backend OR java OR (spring AND boot) OR python OR django OR go OR golang OR php OR laravel OR ruby OR (ruby AND rails) OR c++ OR c# OR rust OR scala OR julia OR elixir OR node.js OR (asp.net AND core);artesanal;1.0;empregos.com.br;https://www.linkedin.com/jobs/view/4442279206/;https://www.linkedin.com/jobs/view/4442279206/;On-site;Associate, Vendas / Comercial;21/07/2026;Goiânia;Goiás;GO;Região Centro-Oeste;Brasil;América do Sul
123;Artesanal;Auxiliar de Produção - Encapsulação noturno - GO;Goiânia (GO);21/07 00:00;https://www.linkedin.com/jobs/view/4442282444/;missing logo;-;https://www.linkedin.com/company/artesanal/about/;Manufatura e Produção;backend OR java OR (spring AND boot) OR python OR django OR go OR golang OR php OR laravel OR ruby OR (ruby AND rails) OR c++ OR c# OR rust OR scala OR julia OR elixir OR node.js OR (asp.net AND core);artesanal;1.0;empregos.com.br;https://www.linkedin.com/jobs/view/4442282444/;https://www.linkedin.com/jobs/view/4442282444/;On-site;Associate;21/07/2026;Goiânia;Goiás;GO;Região Centro-Oeste;Brasil;América do Sul
124;Artesanal;Auxiliar de Produção Pesagem Noturno - GO;Goiânia (GO);21/07 00:00;https://www.linkedin.com/jobs/view/4442284047/;missing logo;-;https://www.linkedin.com/company/artesanal/about/;Manufatura e Produção;backend OR java OR (spring AND boot) OR python OR django OR go OR golang OR php OR laravel OR ruby OR (ruby AND rails) OR c++ OR c# OR rust OR scala OR julia OR elixir OR node.js OR (asp.net AND core);artesanal;1.0;empregos.com.br;https://www.linkedin.com/jobs/view/4442284047/;https://www.linkedin.com/jobs/view/4442284047/;On-site;Associate;21/07/2026;Goiânia;Goiás;GO;Região Centro-Oeste;Brasil;América do Sul
125;Artesanal;Estágio em Farmácia - Comercial - GO;Goiânia (GO);21/07 00:00;https://www.linkedin.com/jobs/view/4442277712/;missing logo;-;https://www.linkedin.com/company/artesanal/about/;Vendas e Suporte;backend OR java OR (spring AND boot) OR python OR django OR go OR golang OR php OR laravel OR ruby OR (ruby AND rails) OR c++ OR c# OR rust OR scala OR julia OR elixir OR node.js OR (asp.net AND core);artesanal;1.0;empregos.com.br;https://www.linkedin.com/jobs/view/4442277712/;https://www.linkedin.com/jobs/view/4442277712/;On-site;Intern, Vendas / Comercial;21/07/2026;Goiânia;Goiás;GO;Região Centro-Oeste;Brasil;América do Sul
126;Artesanal;Estágio em Farmácia – Turno Manhã - GO;Goiânia (GO);21/07 00:00;https://www.linkedin.com/jobs/view/4442266642/;missing logo;-;https://www.linkedin.com/company/artesanal/about/;-;backend OR java OR (spring AND boot) OR python OR django OR go OR golang OR php OR laravel OR ruby OR (ruby AND rails) OR c++ OR c# OR rust OR scala OR julia OR elixir OR node.js OR (asp.net AND core);artesanal;1.0;empregos.com.br;https://www.linkedin.com/jobs/view/4442266642/;https://www.linkedin.com/jobs/view/4442266642/;On-site;Intern;21/07/2026;Goiânia;Goiás;GO;Região Centro-Oeste;Brasil;América do Sul
127;Artesanal;Gerente de Sucesso do Cliente - GO;Goiânia (GO);21/07 00:00;https://www.linkedin.com/jobs/view/4442269660/;missing logo;Middle > Manager;https://www.linkedin.com/company/artesanal/about/;-;backend OR java OR (spring AND boot) OR python OR django OR go OR golang OR php OR laravel OR ruby OR (ruby AND rails) OR c++ OR c# OR rust OR scala OR julia OR elixir OR node.js OR (asp.net AND core);artesanal;1.0;empregos.com.br;https://www.linkedin.com/jobs/view/4442269660/;https://www.linkedin.com/jobs/view/4442269660/;On-site;Mid, Liderança/Gerência;21/07/2026;Goiânia;Goiás;GO;Região Centro-Oeste;Brasil;América do Sul
128;Artesanal;VAGA FARMACÊUTICO(A) - GO;Goiânia (GO);21/07 00:00;https://www.linkedin.com/jobs/view/4442282064/;missing logo;-;https://www.linkedin.com/company/artesanal/about/;Software e Serviços de TI;backend OR java OR (spring AND boot) OR python OR django OR go OR golang OR php OR laravel OR ruby OR (ruby AND rails) OR c++ OR c# OR rust OR scala OR julia OR elixir OR node.js OR (asp.net AND core);artesanal;1.0;empregos.com.br;https://www.linkedin.com/jobs/view/4442282064/;https://www.linkedin.com/jobs/view/4442282064/;On-site;-;21/07/2026;Goiânia;Goiás;GO;Região Centro-Oeste;Brasil;América do Sul
129;Artesanal;Vendedor de Loja - GO;Goiânia (GO);21/07 00:00;https://www.linkedin.com/jobs/view/4442274468/;missing logo;-;https://www.linkedin.com/company/artesanal/about/;Varejo e E-commerce;backend OR java OR (spring AND boot) OR python OR django OR go OR golang OR php OR laravel OR ruby OR (ruby AND rails) OR c++ OR c# OR rust OR scala OR julia OR elixir OR node.js OR (asp.net AND core);artesanal;1.0;empregos.com.br;https://www.linkedin.com/jobs/view/4442274468/;https://www.linkedin.com/jobs/view/4442274468/;On-site;Vendas / Comercial;21/07/2026;Goiânia;Goiás;GO;Região Centro-Oeste;Brasil;América do Sul
130;Artesanal;Vendedora - Canais Digitais - GO;Goiânia (GO);21/07 00:00;https://www.linkedin.com/jobs/view/4442258950/;missing logo;-;https://www.linkedin.com/company/artesanal/about/;Software e Serviços de TI;backend OR java OR (spring AND boot) OR python OR django OR go OR golang OR php OR laravel OR ruby OR (ruby AND rails) OR c++ OR c# OR rust OR scala OR julia OR elixir OR node.js OR (asp.net AND core);artesanal;1.0;empregos.com.br;https://www.linkedin.com/jobs/view/4442258950/;https://www.linkedin.com/jobs/view/4442258950/;On-site;Vendas / Comercial;21/07/2026;Goiânia;Goiás;GO;Região Centro-Oeste;Brasil;América do Sul
131;Atlantica Hotels International;Gerente Geral | Go Inn Taguatinga;Brasília (DF);20/07 20:00;https://www.linkedin.com/jobs/view/4440187910/;https://media.licdn.com/dms/image/v2/D4D0BAQHkiy2VFbWxtA/company-logo_100_100/B4DZ8fQGvSIYAI-/0/1782935743653/atlanticahospitalityinternational_logo?e=1785974400&v=beta&t=AodtcGlSmzC_byG4nxtZGuEjl_xeXxGZ8loyh088OOo;Middle > Manager;https://www.linkedin.com/company/atlantica-hotels-international/about/;Software e Serviços de TI;backend OR java OR (spring AND boot) OR python OR django OR go OR golang OR php OR laravel OR ruby OR (ruby AND rails) OR c++ OR c# OR rust OR scala OR julia OR elixir OR node.js OR (asp.net AND core);atlantica hotels international;1.0;;https://www.linkedin.com/jobs/view/4440187910/;https://www.linkedin.com/jobs/view/4440187910/;On-site;Mid, Liderança/Gerência;21/07/2026;;Distrito Federal;DF;Região Centro-Oeste;Brasil;América do Sul
132;Avenue Code;Senior Java Engineer (Marketplace Platform);América Latina;20/07 15:00;https://www.linkedin.com/jobs/view/4434132661/;https://media.licdn.com/dms/image/v2/D4D0BAQFxvhJ6VqfLqQ/company-logo_100_100/B4DZ2b.IrPGcAQ-/0/1776438250614/avenuecode_logo?e=1785974400&v=beta&t=H0F6IiIpEUrb7W2EOqjOUtX7cBF_lN9abOk9KnXLHm0;Advanced > Information Technology;https://www.linkedin.com/company/avenue-code/about/;-;backend OR java OR (spring AND boot) OR python OR django OR go OR golang OR php OR laravel OR ruby OR (ruby AND rails) OR c++ OR c# OR rust OR scala OR julia OR elixir OR node.js OR (asp.net AND core);avenue code;1.0;LinkedIn (Easy Apply);https://www.linkedin.com/jobs/view/4434132661/;https://www.linkedin.com/jobs/view/4434132661/;Remote;Senior, Engenharia Geral;21/07/2026;;;;;;América Latina
133;B3;7921 - Engenheiro de Software Senior (Python);São Paulo (SP);20/07 12:00;https://www.linkedin.com/jobs/view/4440464776/;https://media.licdn.com/dms/image/v2/D4D0BAQFtcmFAiKSggg/company-logo_100_100/B4DZsI1b1XLgAQ-/0/1765379784421/b3_oficial_logo?e=1785974400&v=beta&t=cRB5r9lU_-Tee7P4VCTrIIz9SG2bma3kdpzYMXCESTg;-;https://www.linkedin.com/company/b3/about/;Software e Serviços de TI;backend OR java OR (spring AND boot) OR python OR django OR go OR golang OR php OR laravel OR ruby OR (ruby AND rails) OR c++ OR c# OR rust OR scala OR julia OR elixir OR node.js OR (asp.net AND core);b3;3.0;Vagas.com;https://www.linkedin.com/jobs/view/4440464776/;https://www.linkedin.com/jobs/view/4440464776/;Hybrid;Senior, TI/Tech;21/07/2026;São Paulo;São Paulo;SP;Região Sudeste;Brasil;América do Sul
134;BRQ Digital Solutions;BACK Java + Cloude SR;São Paulo (SP);20/07 13:00;https://www.linkedin.com/jobs/view/4436130446/;https://media.licdn.com/dms/image/v2/D4D0BAQHsHMIGkFifsw/company-logo_100_100/B4DZwerWdfIoAQ-/0/1770041207049/brq_logo?e=1785974400&v=beta&t=2fw-HioX9Ax23d6H7Fm7GM9SlO8aPSLSCeky2lpIJW0;Specific > Cloud;https://www.linkedin.com/company/brq-digital-solutions/about/;Software e Serviços de TI;backend OR java OR (spring AND boot) OR python OR django OR go OR golang OR php OR laravel OR ruby OR (ruby AND rails) OR c++ OR c# OR rust OR scala OR julia OR elixir OR node.js OR (asp.net AND core);brq digital solutions;1.0;Inhire;https://www.linkedin.com/jobs/view/4436130446/;https://www.linkedin.com/jobs/view/4436130446/;Hybrid;Senior;21/07/2026;São Paulo;São Paulo;SP;Região Sudeste;Brasil;América do Sul
135;BRQ Digital Solutions;Desenvolvedor JAVA Back end SR (Exclusiva para PCD);São Paulo (SP);21/07 07:00;https://www.linkedin.com/jobs/view/4425663108/;https://media.licdn.com/dms/image/v2/D4D0BAQHsHMIGkFifsw/company-logo_100_100/B4DZwerWdfIoAQ-/0/1770041207049/brq_logo?e=1785974400&v=beta&t=2fw-HioX9Ax23d6H7Fm7GM9SlO8aPSLSCeky2lpIJW0;-;https://www.linkedin.com/company/brq-digital-solutions/about/;Software e Serviços de TI;backend OR java OR (spring AND boot) OR python OR django OR go OR golang OR php OR laravel OR ruby OR (ruby AND rails) OR c++ OR c# OR rust OR scala OR julia OR elixir OR node.js OR (asp.net AND core);brq digital solutions;1.0;Inhire;https://www.linkedin.com/jobs/view/4425663108/;https://www.linkedin.com/jobs/view/4425663108/;Hybrid;PCD / Afirmativa, Senior, Backend;21/07/2026;São Paulo;São Paulo;SP;Região Sudeste;Brasil;América do Sul
136;BairesDev;Desarrollador Java - Trabajo Remoto;América Latina;20/07 13:00;https://www.linkedin.com/jobs/view/4442096114/;https://media.licdn.com/dms/image/v2/D4E0BAQGNvQASzrdL_w/company-logo_100_100/company-logo_100_100/0/1687874736484/bairesdev_logo?e=1785974400&v=beta&t=lxAYMH3NbOhuQTTTJ-m2s7otRNPbs6PHZ0di0MFOz84;-;https://www.linkedin.com/company/bairesdev/about/;-;backend OR java OR (spring AND boot) OR python OR django OR go OR golang OR php OR laravel OR ruby OR (ruby AND rails) OR c++ OR c# OR rust OR scala OR julia OR elixir OR node.js OR (asp.net AND core);bairesdev;2.0;LinkedIn;https://www.linkedin.com/jobs/view/4442096114/;https://www.linkedin.com/jobs/view/4442096114/;Remote;-;21/07/2026;;;;;;América Latina
137;BairesDev;Desarrollador Java Junior - Trabajo Remoto;América Latina;20/07 13:00;https://www.linkedin.com/jobs/view/4442200096/;https://media.licdn.com/dms/image/v2/D4E0BAQGNvQASzrdL_w/company-logo_100_100/company-logo_100_100/0/1687874736484/bairesdev_logo?e=1785974400&v=beta&t=lxAYMH3NbOhuQTTTJ-m2s7otRNPbs6PHZ0di0MFOz84;-;https://www.linkedin.com/company/bairesdev/about/;-;backend OR java OR (spring AND boot) OR python OR django OR go OR golang OR php OR laravel OR ruby OR (ruby AND rails) OR c++ OR c# OR rust OR scala OR julia OR elixir OR node.js OR (asp.net AND core);bairesdev;2.0;LinkedIn;https://www.linkedin.com/jobs/view/4442200096/;https://www.linkedin.com/jobs/view/4442200096/;Remote;Junior;21/07/2026;;;;;;América Latina
138;BairesDev;Desarrollador Node Backend - Trabajo Remoto;América Latina;20/07 14:00;https://www.linkedin.com/jobs/view/4442083957/;https://media.licdn.com/dms/image/v2/D4E0BAQGNvQASzrdL_w/company-logo_100_100/company-logo_100_100/0/1687874736484/bairesdev_logo?e=1785974400&v=beta&t=lxAYMH3NbOhuQTTTJ-m2s7otRNPbs6PHZ0di0MFOz84;-;https://www.linkedin.com/company/bairesdev/about/;-;backend OR java OR (spring AND boot) OR python OR django OR go OR golang OR php OR laravel OR ruby OR (ruby AND rails) OR c++ OR c# OR rust OR scala OR julia OR elixir OR node.js OR (asp.net AND core);bairesdev;2.0;LinkedIn;https://www.linkedin.com/jobs/view/4442083957/;https://www.linkedin.com/jobs/view/4442083957/;Remote;Backend;21/07/2026;;;;;;América Latina
139;BairesDev;Desarrollador Python (Junior) - Trabajo Remoto;América Latina;20/07 14:00;https://www.linkedin.com/jobs/view/4442212034/;https://media.licdn.com/dms/image/v2/D4E0BAQGNvQASzrdL_w/company-logo_100_100/company-logo_100_100/0/1687874736484/bairesdev_logo?e=1785974400&v=beta&t=lxAYMH3NbOhuQTTTJ-m2s7otRNPbs6PHZ0di0MFOz84;-;https://www.linkedin.com/company/bairesdev/about/;-;backend OR java OR (spring AND boot) OR python OR django OR go OR golang OR php OR laravel OR ruby OR (ruby AND rails) OR c++ OR c# OR rust OR scala OR julia OR elixir OR node.js OR (asp.net AND core);bairesdev;2.0;LinkedIn;https://www.linkedin.com/jobs/view/4442212034/;https://www.linkedin.com/jobs/view/4442212034/;Remote;Junior;21/07/2026;;;;;;América Latina
140;BairesDev;Desarrollador Python Junior - Trabajo Remoto;América Latina;20/07 17:00;https://www.linkedin.com/jobs/view/4442224475/;https://media.licdn.com/dms/image/v2/D4E0BAQGNvQASzrdL_w/company-logo_100_100/company-logo_100_100/0/1687874736484/bairesdev_logo?e=1785974400&v=beta&t=lxAYMH3NbOhuQTTTJ-m2s7otRNPbs6PHZ0di0MFOz84;-;https://www.linkedin.com/company/bairesdev/about/;-;backend OR java OR (spring AND boot) OR python OR django OR go OR golang OR php OR laravel OR ruby OR (ruby AND rails) OR c++ OR c# OR rust OR scala OR julia OR elixir OR node.js OR (asp.net AND core);bairesdev;2.0;LinkedIn;https://www.linkedin.com/jobs/view/4442224475/;https://www.linkedin.com/jobs/view/4442224475/;Remote;Junior;21/07/2026;;;;;;América Latina
141;BairesDev;Desarrollador de Software Python - Trabajo Remoto;América Latina;20/07 15:00;https://www.linkedin.com/jobs/view/4442205417/;https://media.licdn.com/dms/image/v2/D4E0BAQGNvQASzrdL_w/company-logo_100_100/company-logo_100_100/0/1687874736484/bairesdev_logo?e=1785974400&v=beta&t=lxAYMH3NbOhuQTTTJ-m2s7otRNPbs6PHZ0di0MFOz84;-;https://www.linkedin.com/company/bairesdev/about/;Software e Serviços de TI;backend OR java OR (spring AND boot) OR python OR django OR go OR golang OR php OR laravel OR ruby OR (ruby AND rails) OR c++ OR c# OR rust OR scala OR julia OR elixir OR node.js OR (asp.net AND core);bairesdev;2.0;LinkedIn;https://www.linkedin.com/jobs/view/4442205417/;https://www.linkedin.com/jobs/view/4442205417/;Remote;TI/Tech;21/07/2026;;;;;;América Latina
142;BairesDev;Elixir Developer - Remote Work;América Latina;20/07 16:00;https://www.linkedin.com/jobs/view/4442206749/;https://media.licdn.com/dms/image/v2/D4E0BAQGNvQASzrdL_w/company-logo_100_100/company-logo_100_100/0/1687874736484/bairesdev_logo?e=1785974400&v=beta&t=lxAYMH3NbOhuQTTTJ-m2s7otRNPbs6PHZ0di0MFOz84;Advanced > Information Technology;https://www.linkedin.com/company/bairesdev/about/;-;backend OR java OR (spring AND boot) OR python OR django OR go OR golang OR php OR laravel OR ruby OR (ruby AND rails) OR c++ OR c# OR rust OR scala OR julia OR elixir OR node.js OR (asp.net AND core);bairesdev;2.0;LinkedIn;https://www.linkedin.com/jobs/view/4442206749/;https://www.linkedin.com/jobs/view/4442206749/;Remote;-;21/07/2026;;;;;;América Latina
143;BairesDev;Go-to-Market Engineer - Remote Work;América Latina;21/07 11:00;https://www.linkedin.com/jobs/view/4442633718/;https://media.licdn.com/dms/image/v2/D4E0BAQGNvQASzrdL_w/company-logo_100_100/company-logo_100_100/0/1687874736484/bairesdev_logo?e=1785974400&v=beta&t=lxAYMH3NbOhuQTTTJ-m2s7otRNPbs6PHZ0di0MFOz84;Advanced > Information Technology;https://www.linkedin.com/company/bairesdev/about/;-;backend OR java OR (spring AND boot) OR python OR django OR go OR golang OR php OR laravel OR ruby OR (ruby AND rails) OR c++ OR c# OR rust OR scala OR julia OR elixir OR node.js OR (asp.net AND core);bairesdev;2.0;LinkedIn;https://www.linkedin.com/jobs/view/4442633718/;https://www.linkedin.com/jobs/view/4442633718/;Remote;Engenharia Geral;21/07/2026;;;;;;América Latina
144;BairesDev;Golang Developer - Remote Work;América Latina;20/07 16:00;https://www.linkedin.com/jobs/view/4442221171/;https://media.licdn.com/dms/image/v2/D4E0BAQGNvQASzrdL_w/company-logo_100_100/company-logo_100_100/0/1687874736484/bairesdev_logo?e=1785974400&v=beta&t=lxAYMH3NbOhuQTTTJ-m2s7otRNPbs6PHZ0di0MFOz84;Advanced > Information Technology;https://www.linkedin.com/company/bairesdev/about/;-;backend OR java OR (spring AND boot) OR python OR django OR go OR golang OR php OR laravel OR ruby OR (ruby AND rails) OR c++ OR c# OR rust OR scala OR julia OR elixir OR node.js OR (asp.net AND core);bairesdev;2.0;LinkedIn;https://www.linkedin.com/jobs/view/4442221171/;https://www.linkedin.com/jobs/view/4442221171/;Remote;-;21/07/2026;;;;;;América Latina
145;BairesDev;Ingeniero PHP - Trabajo Remoto;América Latina;20/07 14:00;https://www.linkedin.com/jobs/view/4442088891/;https://media.licdn.com/dms/image/v2/D4E0BAQGNvQASzrdL_w/company-logo_100_100/company-logo_100_100/0/1687874736484/bairesdev_logo?e=1785974400&v=beta&t=lxAYMH3NbOhuQTTTJ-m2s7otRNPbs6PHZ0di0MFOz84;-;https://www.linkedin.com/company/bairesdev/about/;-;backend OR java OR (spring AND boot) OR python OR django OR go OR golang OR php OR laravel OR ruby OR (ruby AND rails) OR c++ OR c# OR rust OR scala OR julia OR elixir OR node.js OR (asp.net AND core);bairesdev;2.0;LinkedIn;https://www.linkedin.com/jobs/view/4442088891/;https://www.linkedin.com/jobs/view/4442088891/;Remote;-;21/07/2026;;;;;;América Latina
146;BairesDev;Ingeniero de Software Node.js - Trabajo Remoto;América Latina;20/07 13:00;https://www.linkedin.com/jobs/view/4442093320/;https://media.licdn.com/dms/image/v2/D4E0BAQGNvQASzrdL_w/company-logo_100_100/company-logo_100_100/0/1687874736484/bairesdev_logo?e=1785974400&v=beta&t=lxAYMH3NbOhuQTTTJ-m2s7otRNPbs6PHZ0di0MFOz84;-;https://www.linkedin.com/company/bairesdev/about/;Software e Serviços de TI;backend OR java OR (spring AND boot) OR python OR django OR go OR golang OR php OR laravel OR ruby OR (ruby AND rails) OR c++ OR c# OR rust OR scala OR julia OR elixir OR node.js OR (asp.net AND core);bairesdev;2.0;LinkedIn;https://www.linkedin.com/jobs/view/4442093320/;https://www.linkedin.com/jobs/view/4442093320/;Remote;TI/Tech;21/07/2026;;;;;;América Latina
147;BairesDev;Java Developer - Remote Work;América Latina;20/07 13:00;https://www.linkedin.com/jobs/view/4442080751/;https://media.licdn.com/dms/image/v2/D4E0BAQGNvQASzrdL_w/company-logo_100_100/company-logo_100_100/0/1687874736484/bairesdev_logo?e=1785974400&v=beta&t=lxAYMH3NbOhuQTTTJ-m2s7otRNPbs6PHZ0di0MFOz84;Advanced > Information Technology;https://www.linkedin.com/company/bairesdev/about/;-;backend OR java OR (spring AND boot) OR python OR django OR go OR golang OR php OR laravel OR ruby OR (ruby AND rails) OR c++ OR c# OR rust OR scala OR julia OR elixir OR node.js OR (asp.net AND core);bairesdev;2.0;LinkedIn;https://www.linkedin.com/jobs/view/4442080751/;https://www.linkedin.com/jobs/view/4442080751/;Remote;-;21/07/2026;;;;;;América Latina
148;BairesDev;Java Software Developer - Remote Work;América Latina;20/07 13:00;https://www.linkedin.com/jobs/view/4442092326/;https://media.licdn.com/dms/image/v2/D4E0BAQGNvQASzrdL_w/company-logo_100_100/company-logo_100_100/0/1687874736484/bairesdev_logo?e=1785974400&v=beta&t=lxAYMH3NbOhuQTTTJ-m2s7otRNPbs6PHZ0di0MFOz84;Advanced > Information Technology;https://www.linkedin.com/company/bairesdev/about/;Software e Serviços de TI;backend OR java OR (spring AND boot) OR python OR django OR go OR golang OR php OR laravel OR ruby OR (ruby AND rails) OR c++ OR c# OR rust OR scala OR julia OR elixir OR node.js OR (asp.net AND core);bairesdev;2.0;LinkedIn;https://www.linkedin.com/jobs/view/4442092326/;https://www.linkedin.com/jobs/view/4442092326/;Remote;TI/Tech;21/07/2026;;;;;;América Latina
149;BairesDev;Junior Java Developer - Remote Work;América Latina;20/07 13:00;https://www.linkedin.com/jobs/view/4442096206/;https://media.licdn.com/dms/image/v2/D4E0BAQGNvQASzrdL_w/company-logo_100_100/company-logo_100_100/0/1687874736484/bairesdev_logo?e=1785974400&v=beta&t=lxAYMH3NbOhuQTTTJ-m2s7otRNPbs6PHZ0di0MFOz84;Advanced > Information Technology;https://www.linkedin.com/company/bairesdev/about/;-;backend OR java OR (spring AND boot) OR python OR django OR go OR golang OR php OR laravel OR ruby OR (ruby AND rails) OR c++ OR c# OR rust OR scala OR julia OR elixir OR node.js OR (asp.net AND core);bairesdev;2.0;LinkedIn;https://www.linkedin.com/jobs/view/4442096206/;https://www.linkedin.com/jobs/view/4442096206/;Remote;Junior;21/07/2026;;;;;;América Latina
150;BairesDev;Líder Técnico Java - Trabajo Remoto;América Latina;20/07 16:00;https://www.linkedin.com/jobs/view/4442223245/;https://media.licdn.com/dms/image/v2/D4E0BAQGNvQASzrdL_w/company-logo_100_100/company-logo_100_100/0/1687874736484/bairesdev_logo?e=1785974400&v=beta&t=lxAYMH3NbOhuQTTTJ-m2s7otRNPbs6PHZ0di0MFOz84;-;https://www.linkedin.com/company/bairesdev/about/;-;backend OR java OR (spring AND boot) OR python OR django OR go OR golang OR php OR laravel OR ruby OR (ruby AND rails) OR c++ OR c# OR rust OR scala OR julia OR elixir OR node.js OR (asp.net AND core);bairesdev;2.0;LinkedIn;https://www.linkedin.com/jobs/view/4442223245/;https://www.linkedin.com/jobs/view/4442223245/;Remote;Mid, Liderança/Gerência, Coach;21/07/2026;;;;;;América Latina
151;BairesDev;Node Backend Developer - Remote Work;América Latina;20/07 14:00;https://www.linkedin.com/jobs/view/4442201243/;https://media.licdn.com/dms/image/v2/D4E0BAQGNvQASzrdL_w/company-logo_100_100/company-logo_100_100/0/1687874736484/bairesdev_logo?e=1785974400&v=beta&t=lxAYMH3NbOhuQTTTJ-m2s7otRNPbs6PHZ0di0MFOz84;Advanced > Information Technology;https://www.linkedin.com/company/bairesdev/about/;-;backend OR java OR (spring AND boot) OR python OR django OR go OR golang OR php OR laravel OR ruby OR (ruby AND rails) OR c++ OR c# OR rust OR scala OR julia OR elixir OR node.js OR (asp.net AND core);bairesdev;2.0;LinkedIn;https://www.linkedin.com/jobs/view/4442201243/;https://www.linkedin.com/jobs/view/4442201243/;Remote;Backend;21/07/2026;;;;;;América Latina
152;BairesDev;Node.js Developer - Remote Work;América Latina;20/07 14:00;https://www.linkedin.com/jobs/view/4442203205/;https://media.licdn.com/dms/image/v2/D4E0BAQGNvQASzrdL_w/company-logo_100_100/company-logo_100_100/0/1687874736484/bairesdev_logo?e=1785974400&v=beta&t=lxAYMH3NbOhuQTTTJ-m2s7otRNPbs6PHZ0di0MFOz84;Advanced > Information Technology;https://www.linkedin.com/company/bairesdev/about/;-;backend OR java OR (spring AND boot) OR python OR django OR go OR golang OR php OR laravel OR ruby OR (ruby AND rails) OR c++ OR c# OR rust OR scala OR julia OR elixir OR node.js OR (asp.net AND core);bairesdev;2.0;LinkedIn;https://www.linkedin.com/jobs/view/4442203205/;https://www.linkedin.com/jobs/view/4442203205/;Remote;-;21/07/2026;;;;;;América Latina
153;BairesDev;Python Backend Tech Lead / Investigación + Desarrollo - Trabajo Remoto;América Latina;20/07 13:00;https://www.linkedin.com/jobs/view/4442078964/;https://media.licdn.com/dms/image/v2/D4E0BAQGNvQASzrdL_w/company-logo_100_100/company-logo_100_100/0/1687874736484/bairesdev_logo?e=1785974400&v=beta&t=lxAYMH3NbOhuQTTTJ-m2s7otRNPbs6PHZ0di0MFOz84;Middle > Manager;https://www.linkedin.com/company/bairesdev/about/;Software e Serviços de TI;backend OR java OR (spring AND boot) OR python OR django OR go OR golang OR php OR laravel OR ruby OR (ruby AND rails) OR c++ OR c# OR rust OR scala OR julia OR elixir OR node.js OR (asp.net AND core);bairesdev;2.0;LinkedIn;https://www.linkedin.com/jobs/view/4442078964/;https://www.linkedin.com/jobs/view/4442078964/;Remote;Mid, Liderança/Gerência, TI/Tech, Backend;21/07/2026;;;;;;América Latina
154;BairesDev;Python Developer - Trabajo Remoto;América Latina;20/07 17:00;https://www.linkedin.com/jobs/view/4442226402/;https://media.licdn.com/dms/image/v2/D4E0BAQGNvQASzrdL_w/company-logo_100_100/company-logo_100_100/0/1687874736484/bairesdev_logo?e=1785974400&v=beta&t=lxAYMH3NbOhuQTTTJ-m2s7otRNPbs6PHZ0di0MFOz84;Advanced > Information Technology;https://www.linkedin.com/company/bairesdev/about/;-;backend OR java OR (spring AND boot) OR python OR django OR go OR golang OR php OR laravel OR ruby OR (ruby AND rails) OR c++ OR c# OR rust OR scala OR julia OR elixir OR node.js OR (asp.net AND core);bairesdev;2.0;LinkedIn;https://www.linkedin.com/jobs/view/4442226402/;https://www.linkedin.com/jobs/view/4442226402/;Remote;-;21/07/2026;;;;;;América Latina
155;BairesDev;Python Developer / Investigación y Desarrollo - Trabajo Remoto;América Latina;20/07 13:00;https://www.linkedin.com/jobs/view/4442092327/;https://media.licdn.com/dms/image/v2/D4E0BAQGNvQASzrdL_w/company-logo_100_100/company-logo_100_100/0/1687874736484/bairesdev_logo?e=1785974400&v=beta&t=lxAYMH3NbOhuQTTTJ-m2s7otRNPbs6PHZ0di0MFOz84;Advanced > Information Technology;https://www.linkedin.com/company/bairesdev/about/;Software e Serviços de TI;backend OR java OR (spring AND boot) OR python OR django OR go OR golang OR php OR laravel OR ruby OR (ruby AND rails) OR c++ OR c# OR rust OR scala OR julia OR elixir OR node.js OR (asp.net AND core);bairesdev;2.0;LinkedIn;https://www.linkedin.com/jobs/view/4442092327/;https://www.linkedin.com/jobs/view/4442092327/;Remote;-;21/07/2026;;;;;;América Latina
156;BairesDev;Python Engineer - Remote Work;América Latina;20/07 14:00;https://www.linkedin.com/jobs/view/4442201578/;https://media.licdn.com/dms/image/v2/D4E0BAQGNvQASzrdL_w/company-logo_100_100/company-logo_100_100/0/1687874736484/bairesdev_logo?e=1785974400&v=beta&t=lxAYMH3NbOhuQTTTJ-m2s7otRNPbs6PHZ0di0MFOz84;Advanced > Information Technology;https://www.linkedin.com/company/bairesdev/about/;-;backend OR java OR (spring AND boot) OR python OR django OR go OR golang OR php OR laravel OR ruby OR (ruby AND rails) OR c++ OR c# OR rust OR scala OR julia OR elixir OR node.js OR (asp.net AND core);bairesdev;2.0;LinkedIn;https://www.linkedin.com/jobs/view/4442201578/;https://www.linkedin.com/jobs/view/4442201578/;Remote;Engenharia Geral;21/07/2026;;;;;;América Latina
157;BairesDev;Python Tech Lead - Trabajo Remoto;América Latina;20/07 15:00;https://www.linkedin.com/jobs/view/4442203587/;https://media.licdn.com/dms/image/v2/D4E0BAQGNvQASzrdL_w/company-logo_100_100/company-logo_100_100/0/1687874736484/bairesdev_logo?e=1785974400&v=beta&t=lxAYMH3NbOhuQTTTJ-m2s7otRNPbs6PHZ0di0MFOz84;Middle > Manager;https://www.linkedin.com/company/bairesdev/about/;Software e Serviços de TI;backend OR java OR (spring AND boot) OR python OR django OR go OR golang OR php OR laravel OR ruby OR (ruby AND rails) OR c++ OR c# OR rust OR scala OR julia OR elixir OR node.js OR (asp.net AND core);bairesdev;2.0;LinkedIn;https://www.linkedin.com/jobs/view/4442203587/;https://www.linkedin.com/jobs/view/4442203587/;Remote;Mid, Liderança/Gerência, TI/Tech;21/07/2026;;;;;;América Latina
158;BairesDev;Python Tech Lead / Research + Development - Trabajo Remoto;América Latina;20/07 13:00;https://www.linkedin.com/jobs/view/4442099081/;https://media.licdn.com/dms/image/v2/D4E0BAQGNvQASzrdL_w/company-logo_100_100/company-logo_100_100/0/1687874736484/bairesdev_logo?e=1785974400&v=beta&t=lxAYMH3NbOhuQTTTJ-m2s7otRNPbs6PHZ0di0MFOz84;Middle > Manager;https://www.linkedin.com/company/bairesdev/about/;Software e Serviços de TI;backend OR java OR (spring AND boot) OR python OR django OR go OR golang OR php OR laravel OR ruby OR (ruby AND rails) OR c++ OR c# OR rust OR scala OR julia OR elixir OR node.js OR (asp.net AND core);bairesdev;2.0;LinkedIn;https://www.linkedin.com/jobs/view/4442099081/;https://www.linkedin.com/jobs/view/4442099081/;Remote;Mid, Liderança/Gerência, TI/Tech;21/07/2026;;;;;;América Latina
159;BairesDev;Rust Developer - Remote Work;América Latina;20/07 16:00;https://www.linkedin.com/jobs/view/4442207739/;https://media.licdn.com/dms/image/v2/D4E0BAQGNvQASzrdL_w/company-logo_100_100/company-logo_100_100/0/1687874736484/bairesdev_logo?e=1785974400&v=beta&t=lxAYMH3NbOhuQTTTJ-m2s7otRNPbs6PHZ0di0MFOz84;Advanced > Information Technology;https://www.linkedin.com/company/bairesdev/about/;-;backend OR java OR (spring AND boot) OR python OR django OR go OR golang OR php OR laravel OR ruby OR (ruby AND rails) OR c++ OR c# OR rust OR scala OR julia OR elixir OR node.js OR (asp.net AND core);bairesdev;2.0;LinkedIn;https://www.linkedin.com/jobs/view/4442207739/;https://www.linkedin.com/jobs/view/4442207739/;Remote;-;21/07/2026;;;;;;América Latina
160;BairesDev;Scala Developer - Remote Work;América Latina;20/07 18:00;https://www.linkedin.com/jobs/view/4442232330/;https://media.licdn.com/dms/image/v2/D4E0BAQGNvQASzrdL_w/company-logo_100_100/company-logo_100_100/0/1687874736484/bairesdev_logo?e=1785974400&v=beta&t=lxAYMH3NbOhuQTTTJ-m2s7otRNPbs6PHZ0di0MFOz84;Advanced > Information Technology;https://www.linkedin.com/company/bairesdev/about/;-;backend OR java OR (spring AND boot) OR python OR django OR go OR golang OR php OR laravel OR ruby OR (ruby AND rails) OR c++ OR c# OR rust OR scala OR julia OR elixir OR node.js OR (asp.net AND core);bairesdev;2.0;LinkedIn;https://www.linkedin.com/jobs/view/4442232330/;https://www.linkedin.com/jobs/view/4442232330/;Remote;-;21/07/2026;;;;;;América Latina
161;BairesDev;Backend Engineer (Golang) - Remote Work;Brasil;20/07 13:00;https://www.linkedin.com/jobs/view/4442078981/;https://media.licdn.com/dms/image/v2/D4E0BAQGNvQASzrdL_w/company-logo_100_100/company-logo_100_100/0/1687874736484/bairesdev_logo?e=1785974400&v=beta&t=lxAYMH3NbOhuQTTTJ-m2s7otRNPbs6PHZ0di0MFOz84;Advanced > Information Technology;https://www.linkedin.com/company/bairesdev/about/;-;backend OR java OR (spring AND boot) OR python OR django OR go OR golang OR php OR laravel OR ruby OR (ruby AND rails) OR c++ OR c# OR rust OR scala OR julia OR elixir OR node.js OR (asp.net AND core);bairesdev;2.0;LinkedIn;https://www.linkedin.com/jobs/view/4442078981/;https://www.linkedin.com/jobs/view/4442078981/;Remote;Backend, Engenharia Geral;21/07/2026;;;;;Brasil;América do Sul
162;BairesDev;C++ Software Developer - Remote Work;Brasil;20/07 14:00;https://www.linkedin.com/jobs/view/4442095462/;https://media.licdn.com/dms/image/v2/D4E0BAQGNvQASzrdL_w/company-logo_100_100/company-logo_100_100/0/1687874736484/bairesdev_logo?e=1785974400&v=beta&t=lxAYMH3NbOhuQTTTJ-m2s7otRNPbs6PHZ0di0MFOz84;Advanced > Information Technology;https://www.linkedin.com/company/bairesdev/about/;Software e Serviços de TI;backend OR java OR (spring AND boot) OR python OR django OR go OR golang OR php OR laravel OR ruby OR (ruby AND rails) OR c++ OR c# OR rust OR scala OR julia OR elixir OR node.js OR (asp.net AND core);bairesdev;2.0;LinkedIn;https://www.linkedin.com/jobs/view/4442095462/;https://www.linkedin.com/jobs/view/4442095462/;Remote;TI/Tech;21/07/2026;;;;;Brasil;América do Sul
163;BairesDev;Desenvolvedor Java - Trabalho Remoto;Brasil;20/07 13:00;https://www.linkedin.com/jobs/view/4442092308/;https://media.licdn.com/dms/image/v2/D4E0BAQGNvQASzrdL_w/company-logo_100_100/company-logo_100_100/0/1687874736484/bairesdev_logo?e=1785974400&v=beta&t=lxAYMH3NbOhuQTTTJ-m2s7otRNPbs6PHZ0di0MFOz84;-;https://www.linkedin.com/company/bairesdev/about/;-;backend OR java OR (spring AND boot) OR python OR django OR go OR golang OR php OR laravel OR ruby OR (ruby AND rails) OR c++ OR c# OR rust OR scala OR julia OR elixir OR node.js OR (asp.net AND core);bairesdev;2.0;LinkedIn;https://www.linkedin.com/jobs/view/4442092308/;https://www.linkedin.com/jobs/view/4442092308/;Remote;-;21/07/2026;;;;;Brasil;América do Sul
164;BairesDev;Desenvolvedor Java Backend - Trabalho Remoto;Brasil;20/07 16:00;https://www.linkedin.com/jobs/view/4442221284/;https://media.licdn.com/dms/image/v2/D4E0BAQGNvQASzrdL_w/company-logo_100_100/company-logo_100_100/0/1687874736484/bairesdev_logo?e=1785974400&v=beta&t=lxAYMH3NbOhuQTTTJ-m2s7otRNPbs6PHZ0di0MFOz84;-;https://www.linkedin.com/company/bairesdev/about/;-;backend OR java OR (spring AND boot) OR python OR django OR go OR golang OR php OR laravel OR ruby OR (ruby AND rails) OR c++ OR c# OR rust OR scala OR julia OR elixir OR node.js OR (asp.net AND core);bairesdev;2.0;LinkedIn;https://www.linkedin.com/jobs/view/4442221284/;https://www.linkedin.com/jobs/view/4442221284/;Remote;Backend;21/07/2026;;;;;Brasil;América do Sul
165;BairesDev;Desenvolvedor Java Junior - Trabalho Remoto;Brasil;20/07 13:00;https://www.linkedin.com/jobs/view/4442080834/;https://media.licdn.com/dms/image/v2/D4E0BAQGNvQASzrdL_w/company-logo_100_100/company-logo_100_100/0/1687874736484/bairesdev_logo?e=1785974400&v=beta&t=lxAYMH3NbOhuQTTTJ-m2s7otRNPbs6PHZ0di0MFOz84;-;https://www.linkedin.com/company/bairesdev/about/;-;backend OR java OR (spring AND boot) OR python OR django OR go OR golang OR php OR laravel OR ruby OR (ruby AND rails) OR c++ OR c# OR rust OR scala OR julia OR elixir OR node.js OR (asp.net AND core);bairesdev;2.0;LinkedIn;https://www.linkedin.com/jobs/view/4442080834/;https://www.linkedin.com/jobs/view/4442080834/;Remote;Junior;21/07/2026;;;;;Brasil;América do Sul
166;BairesDev;Desenvolvedor Junior Node.js - Trabalho Remoto;Brasil;20/07 14:00;https://www.linkedin.com/jobs/view/4442208141/;https://media.licdn.com/dms/image/v2/D4E0BAQGNvQASzrdL_w/company-logo_100_100/company-logo_100_100/0/1687874736484/bairesdev_logo?e=1785974400&v=beta&t=lxAYMH3NbOhuQTTTJ-m2s7otRNPbs6PHZ0di0MFOz84;-;https://www.linkedin.com/company/bairesdev/about/;-;backend OR java OR (spring AND boot) OR python OR django OR go OR golang OR php OR laravel OR ruby OR (ruby AND rails) OR c++ OR c# OR rust OR scala OR julia OR elixir OR node.js OR (asp.net AND core);bairesdev;2.0;LinkedIn;https://www.linkedin.com/jobs/view/4442208141/;https://www.linkedin.com/jobs/view/4442208141/;Remote;Junior;21/07/2026;;;;;Brasil;América do Sul
167;BairesDev;Desenvolvedor Python (Júnior)  - Trabalho Remoto;Brasil;20/07 14:00;https://www.linkedin.com/jobs/view/4442098633/;https://media.licdn.com/dms/image/v2/D4E0BAQGNvQASzrdL_w/company-logo_100_100/company-logo_100_100/0/1687874736484/bairesdev_logo?e=1785974400&v=beta&t=lxAYMH3NbOhuQTTTJ-m2s7otRNPbs6PHZ0di0MFOz84;-;https://www.linkedin.com/company/bairesdev/about/;-;backend OR java OR (spring AND boot) OR python OR django OR go OR golang OR php OR laravel OR ruby OR (ruby AND rails) OR c++ OR c# OR rust OR scala OR julia OR elixir OR node.js OR (asp.net AND core);bairesdev;2.0;LinkedIn;https://www.linkedin.com/jobs/view/4442098633/;https://www.linkedin.com/jobs/view/4442098633/;Remote;Junior;21/07/2026;;;;;Brasil;América do Sul
168;BairesDev;Desenvolvedor Python - Trabalho Remoto;Brasil;20/07 17:00;https://www.linkedin.com/jobs/view/4442233037/;https://media.licdn.com/dms/image/v2/D4E0BAQGNvQASzrdL_w/company-logo_100_100/company-logo_100_100/0/1687874736484/bairesdev_logo?e=1785974400&v=beta&t=lxAYMH3NbOhuQTTTJ-m2s7otRNPbs6PHZ0di0MFOz84;-;https://www.linkedin.com/company/bairesdev/about/;-;backend OR java OR (spring AND boot) OR python OR django OR go OR golang OR php OR laravel OR ruby OR (ruby AND rails) OR c++ OR c# OR rust OR scala OR julia OR elixir OR node.js OR (asp.net AND core);bairesdev;2.0;LinkedIn;https://www.linkedin.com/jobs/view/4442233037/;https://www.linkedin.com/jobs/view/4442233037/;Remote;-;21/07/2026;;;;;Brasil;América do Sul
169;BairesDev;Desenvolvedor Python / Pesquisa + Desenvolvimento - Trabalho Remoto;Brasil;20/07 13:00;https://www.linkedin.com/jobs/view/4442096303/;https://media.licdn.com/dms/image/v2/D4E0BAQGNvQASzrdL_w/company-logo_100_100/company-logo_100_100/0/1687874736484/bairesdev_logo?e=1785974400&v=beta&t=lxAYMH3NbOhuQTTTJ-m2s7otRNPbs6PHZ0di0MFOz84;-;https://www.linkedin.com/company/bairesdev/about/;Software e Serviços de TI;backend OR java OR (spring AND boot) OR python OR django OR go OR golang OR php OR laravel OR ruby OR (ruby AND rails) OR c++ OR c# OR rust OR scala OR julia OR elixir OR node.js OR (asp.net AND core);bairesdev;2.0;LinkedIn;https://www.linkedin.com/jobs/view/4442096303/;https://www.linkedin.com/jobs/view/4442096303/;Remote;Saúde/Pesquisa;21/07/2026;;;;;Brasil;América do Sul
170;BairesDev;Desenvolvedor Python Backend / Pesquisa e Desenvolvimento - Trabalho Remoto;Brasil;20/07 13:00;https://www.linkedin.com/jobs/view/4442079811/;https://media.licdn.com/dms/image/v2/D4E0BAQGNvQASzrdL_w/company-logo_100_100/company-logo_100_100/0/1687874736484/bairesdev_logo?e=1785974400&v=beta&t=lxAYMH3NbOhuQTTTJ-m2s7otRNPbs6PHZ0di0MFOz84;-;https://www.linkedin.com/company/bairesdev/about/;Software e Serviços de TI;backend OR java OR (spring AND boot) OR python OR django OR go OR golang OR php OR laravel OR ruby OR (ruby AND rails) OR c++ OR c# OR rust OR scala OR julia OR elixir OR node.js OR (asp.net AND core);bairesdev;2.0;LinkedIn;https://www.linkedin.com/jobs/view/4442079811/;https://www.linkedin.com/jobs/view/4442079811/;Remote;Backend, Saúde/Pesquisa;21/07/2026;;;;;Brasil;América do Sul
171;BairesDev;Desenvolvedor Python Junior - Trabalho Remoto;Brasil;20/07 14:00;https://www.linkedin.com/jobs/view/4442209152/;https://media.licdn.com/dms/image/v2/D4E0BAQGNvQASzrdL_w/company-logo_100_100/company-logo_100_100/0/1687874736484/bairesdev_logo?e=1785974400&v=beta&t=lxAYMH3NbOhuQTTTJ-m2s7otRNPbs6PHZ0di0MFOz84;-;https://www.linkedin.com/company/bairesdev/about/;-;backend OR java OR (spring AND boot) OR python OR django OR go OR golang OR php OR laravel OR ruby OR (ruby AND rails) OR c++ OR c# OR rust OR scala OR julia OR elixir OR node.js OR (asp.net AND core);bairesdev;2.0;LinkedIn;https://www.linkedin.com/jobs/view/4442209152/;https://www.linkedin.com/jobs/view/4442209152/;Remote;Junior;21/07/2026;;;;;Brasil;América do Sul
172;BairesDev;Desenvolvedor Scala - Trabalho Remoto;Brasil;20/07 16:00;https://www.linkedin.com/jobs/view/4442208812/;https://media.licdn.com/dms/image/v2/D4E0BAQGNvQASzrdL_w/company-logo_100_100/company-logo_100_100/0/1687874736484/bairesdev_logo?e=1785974400&v=beta&t=lxAYMH3NbOhuQTTTJ-m2s7otRNPbs6PHZ0di0MFOz84;-;https://www.linkedin.com/company/bairesdev/about/;-;backend OR java OR (spring AND boot) OR python OR django OR go OR golang OR php OR laravel OR ruby OR (ruby AND rails) OR c++ OR c# OR rust OR scala OR julia OR elixir OR node.js OR (asp.net AND core);bairesdev;2.0;LinkedIn;https://www.linkedin.com/jobs/view/4442208812/;https://www.linkedin.com/jobs/view/4442208812/;Remote;-;21/07/2026;;;;;Brasil;América do Sul
173;BairesDev;Desenvolvedor de Software Python - Trabalho Remoto;Brasil;20/07 15:00;https://www.linkedin.com/jobs/view/4442095816/;https://media.licdn.com/dms/image/v2/D4E0BAQGNvQASzrdL_w/company-logo_100_100/company-logo_100_100/0/1687874736484/bairesdev_logo?e=1785974400&v=beta&t=lxAYMH3NbOhuQTTTJ-m2s7otRNPbs6PHZ0di0MFOz84;-;https://www.linkedin.com/company/bairesdev/about/;Software e Serviços de TI;backend OR java OR (spring AND boot) OR python OR django OR go OR golang OR php OR laravel OR ruby OR (ruby AND rails) OR c++ OR c# OR rust OR scala OR julia OR elixir OR node.js OR (asp.net AND core);bairesdev;2.0;LinkedIn;https://www.linkedin.com/jobs/view/4442095816/;https://www.linkedin.com/jobs/view/4442095816/;Remote;TI/Tech;21/07/2026;;;;;Brasil;América do Sul
174;BairesDev;Engenheiro Java Júnior - Trabalho Remoto;Brasil;20/07 13:00;https://www.linkedin.com/jobs/view/4442081811/;https://media.licdn.com/dms/image/v2/D4E0BAQGNvQASzrdL_w/company-logo_100_100/company-logo_100_100/0/1687874736484/bairesdev_logo?e=1785974400&v=beta&t=lxAYMH3NbOhuQTTTJ-m2s7otRNPbs6PHZ0di0MFOz84;-;https://www.linkedin.com/company/bairesdev/about/;-;backend OR java OR (spring AND boot) OR python OR django OR go OR golang OR php OR laravel OR ruby OR (ruby AND rails) OR c++ OR c# OR rust OR scala OR julia OR elixir OR node.js OR (asp.net AND core);bairesdev;2.0;LinkedIn;https://www.linkedin.com/jobs/view/4442081811/;https://www.linkedin.com/jobs/view/4442081811/;Remote;Junior;21/07/2026;;;;;Brasil;América do Sul
175;BairesDev;Engenheiro de Software Golang - Trabalho Remoto;Brasil;20/07 16:00;https://www.linkedin.com/jobs/view/4442201984/;https://media.licdn.com/dms/image/v2/D4E0BAQGNvQASzrdL_w/company-logo_100_100/company-logo_100_100/0/1687874736484/bairesdev_logo?e=1785974400&v=beta&t=lxAYMH3NbOhuQTTTJ-m2s7otRNPbs6PHZ0di0MFOz84;-;https://www.linkedin.com/company/bairesdev/about/;Software e Serviços de TI;backend OR java OR (spring AND boot) OR python OR django OR go OR golang OR php OR laravel OR ruby OR (ruby AND rails) OR c++ OR c# OR rust OR scala OR julia OR elixir OR node.js OR (asp.net AND core);bairesdev;2.0;LinkedIn;https://www.linkedin.com/jobs/view/4442201984/;https://www.linkedin.com/jobs/view/4442201984/;Remote;TI/Tech;21/07/2026;;;;;Brasil;América do Sul
176;BairesDev;Engenheiro de Software Java - Trabalho Remoto;Brasil;20/07 13:00;https://www.linkedin.com/jobs/view/4442085520/;https://media.licdn.com/dms/image/v2/D4E0BAQGNvQASzrdL_w/company-logo_100_100/company-logo_100_100/0/1687874736484/bairesdev_logo?e=1785974400&v=beta&t=lxAYMH3NbOhuQTTTJ-m2s7otRNPbs6PHZ0di0MFOz84;-;https://www.linkedin.com/company/bairesdev/about/;Software e Serviços de TI;backend OR java OR (spring AND boot) OR python OR django OR go OR golang OR php OR laravel OR ruby OR (ruby AND rails) OR c++ OR c# OR rust OR scala OR julia OR elixir OR node.js OR (asp.net AND core);bairesdev;2.0;LinkedIn;https://www.linkedin.com/jobs/view/4442085520/;https://www.linkedin.com/jobs/view/4442085520/;Remote;TI/Tech;21/07/2026;;;;;Brasil;América do Sul
177;BairesDev;Engenheiro de Software Node.js - Trabalho Remoto;Brasil;20/07 17:00;https://www.linkedin.com/jobs/view/4442215663/;https://media.licdn.com/dms/image/v2/D4E0BAQGNvQASzrdL_w/company-logo_100_100/company-logo_100_100/0/1687874736484/bairesdev_logo?e=1785974400&v=beta&t=lxAYMH3NbOhuQTTTJ-m2s7otRNPbs6PHZ0di0MFOz84;-;https://www.linkedin.com/company/bairesdev/about/;Software e Serviços de TI;backend OR java OR (spring AND boot) OR python OR django OR go OR golang OR php OR laravel OR ruby OR (ruby AND rails) OR c++ OR c# OR rust OR scala OR julia OR elixir OR node.js OR (asp.net AND core);bairesdev;2.0;LinkedIn;https://www.linkedin.com/jobs/view/4442215663/;https://www.linkedin.com/jobs/view/4442215663/;Remote;TI/Tech;21/07/2026;;;;;Brasil;América do Sul
178;BairesDev;Go-to-Market Engineer - Remote Work;Brasil;20/07 12:00;https://www.linkedin.com/jobs/view/4442637315/;https://media.licdn.com/dms/image/v2/D4E0BAQGNvQASzrdL_w/company-logo_100_100/company-logo_100_100/0/1687874736484/bairesdev_logo?e=1785974400&v=beta&t=lxAYMH3NbOhuQTTTJ-m2s7otRNPbs6PHZ0di0MFOz84;Advanced > Information Technology;https://www.linkedin.com/company/bairesdev/about/;-;backend OR java OR (spring AND boot) OR python OR django OR go OR golang OR php OR laravel OR ruby OR (ruby AND rails) OR c++ OR c# OR rust OR scala OR julia OR elixir OR node.js OR (asp.net AND core);bairesdev;2.0;LinkedIn;https://www.linkedin.com/jobs/view/4442637315/;https://www.linkedin.com/jobs/view/4442637315/;Remote;Engenharia Geral;21/07/2026;;;;;Brasil;América do Sul
179;BairesDev;Java Backend Developer - Remote Work;Brasil;20/07 16:00;https://www.linkedin.com/jobs/view/4442209651/;https://media.licdn.com/dms/image/v2/D4E0BAQGNvQASzrdL_w/company-logo_100_100/company-logo_100_100/0/1687874736484/bairesdev_logo?e=1785974400&v=beta&t=lxAYMH3NbOhuQTTTJ-m2s7otRNPbs6PHZ0di0MFOz84;Advanced > Information Technology;https://www.linkedin.com/company/bairesdev/about/;-;backend OR java OR (spring AND boot) OR python OR django OR go OR golang OR php OR laravel OR ruby OR (ruby AND rails) OR c++ OR c# OR rust OR scala OR julia OR elixir OR node.js OR (asp.net AND core);bairesdev;2.0;LinkedIn;https://www.linkedin.com/jobs/view/4442209651/;https://www.linkedin.com/jobs/view/4442209651/;Remote;Backend;21/07/2026;;;;;Brasil;América do Sul
180;BairesDev;Machine Learning Engineer (Python) - Remote Work;Brasil;20/07 17:00;https://www.linkedin.com/jobs/view/4442227173/;https://media.licdn.com/dms/image/v2/D4E0BAQGNvQASzrdL_w/company-logo_100_100/company-logo_100_100/0/1687874736484/bairesdev_logo?e=1785974400&v=beta&t=lxAYMH3NbOhuQTTTJ-m2s7otRNPbs6PHZ0di0MFOz84;Advanced > Information Technology;https://www.linkedin.com/company/bairesdev/about/;Inteligência Artificial;backend OR java OR (spring AND boot) OR python OR django OR go OR golang OR php OR laravel OR ruby OR (ruby AND rails) OR c++ OR c# OR rust OR scala OR julia OR elixir OR node.js OR (asp.net AND core);bairesdev;2.0;LinkedIn;https://www.linkedin.com/jobs/view/4442227173/;https://www.linkedin.com/jobs/view/4442227173/;Remote;Machine Learning, Engenharia Geral;21/07/2026;;;;;Brasil;América do Sul
181;BairesDev;Ruby on Rails Developer - Remote Work;Brasil;20/07 18:00;https://www.linkedin.com/jobs/view/4442237103/;https://media.licdn.com/dms/image/v2/D4E0BAQGNvQASzrdL_w/company-logo_100_100/company-logo_100_100/0/1687874736484/bairesdev_logo?e=1785974400&v=beta&t=lxAYMH3NbOhuQTTTJ-m2s7otRNPbs6PHZ0di0MFOz84;Advanced > Information Technology;https://www.linkedin.com/company/bairesdev/about/;-;backend OR java OR (spring AND boot) OR python OR django OR go OR golang OR php OR laravel OR ruby OR (ruby AND rails) OR c++ OR c# OR rust OR scala OR julia OR elixir OR node.js OR (asp.net AND core);bairesdev;2.0;LinkedIn;https://www.linkedin.com/jobs/view/4442237103/;https://www.linkedin.com/jobs/view/4442237103/;Remote;-;21/07/2026;;;;;Brasil;América do Sul
182;BairesDev;Desenvolvedor Python / Pesquisa + Desenvolvimento - Trabalho Remoto;Brasília (DF);20/07 13:00;https://www.linkedin.com/jobs/view/4442097339/;https://media.licdn.com/dms/image/v2/D4E0BAQGNvQASzrdL_w/company-logo_100_100/company-logo_100_100/0/1687874736484/bairesdev_logo?e=1785974400&v=beta&t=lxAYMH3NbOhuQTTTJ-m2s7otRNPbs6PHZ0di0MFOz84;-;https://www.linkedin.com/company/bairesdev/about/;Software e Serviços de TI;backend OR java OR (spring AND boot) OR python OR django OR go OR golang OR php OR laravel OR ruby OR (ruby AND rails) OR c++ OR c# OR rust OR scala OR julia OR elixir OR node.js OR (asp.net AND core);bairesdev;2.0;LinkedIn;https://www.linkedin.com/jobs/view/4442097339/;https://www.linkedin.com/jobs/view/4442097339/;Remote;Saúde/Pesquisa;21/07/2026;;Distrito Federal;DF;Região Centro-Oeste;Brasil;América do Sul
183;BairesDev;Desenvolvedor Ruby on Rails - Trabalho Remoto;Brasília (DF);20/07 16:00;https://www.linkedin.com/jobs/view/4442213545/;https://media.licdn.com/dms/image/v2/D4E0BAQGNvQASzrdL_w/company-logo_100_100/company-logo_100_100/0/1687874736484/bairesdev_logo?e=1785974400&v=beta&t=lxAYMH3NbOhuQTTTJ-m2s7otRNPbs6PHZ0di0MFOz84;-;https://www.linkedin.com/company/bairesdev/about/;-;backend OR java OR (spring AND boot) OR python OR django OR go OR golang OR php OR laravel OR ruby OR (ruby AND rails) OR c++ OR c# OR rust OR scala OR julia OR elixir OR node.js OR (asp.net AND core);bairesdev;2.0;LinkedIn;https://www.linkedin.com/jobs/view/4442213545/;https://www.linkedin.com/jobs/view/4442213545/;Remote;-;21/07/2026;;Distrito Federal;DF;Região Centro-Oeste;Brasil;América do Sul
184;BairesDev;Ruby Developer - Remote Work;Cuiabá (MT);20/07 18:00;https://www.linkedin.com/jobs/view/4442222769/;https://media.licdn.com/dms/image/v2/D4E0BAQGNvQASzrdL_w/company-logo_100_100/company-logo_100_100/0/1687874736484/bairesdev_logo?e=1785974400&v=beta&t=lxAYMH3NbOhuQTTTJ-m2s7otRNPbs6PHZ0di0MFOz84;Advanced > Information Technology;https://www.linkedin.com/company/bairesdev/about/;-;backend OR java OR (spring AND boot) OR python OR django OR go OR golang OR php OR laravel OR ruby OR (ruby AND rails) OR c++ OR c# OR rust OR scala OR julia OR elixir OR node.js OR (asp.net AND core);bairesdev;2.0;LinkedIn;https://www.linkedin.com/jobs/view/4442222769/;https://www.linkedin.com/jobs/view/4442222769/;Remote;-;21/07/2026;Cuiabá;Mato Grosso;MT;Região Centro-Oeste;Brasil;América do Sul
185;BairesDev;.NET Backend Tech Lead / Pesquisa + Desenvolvimento - Trabalho Remoto;Curitiba (PR);20/07 12:00;https://www.linkedin.com/jobs/view/4442093161/;https://media.licdn.com/dms/image/v2/D4E0BAQGNvQASzrdL_w/company-logo_100_100/company-logo_100_100/0/1687874736484/bairesdev_logo?e=1785974400&v=beta&t=lxAYMH3NbOhuQTTTJ-m2s7otRNPbs6PHZ0di0MFOz84;Middle > Manager;https://www.linkedin.com/company/bairesdev/about/;Software e Serviços de TI;backend OR java OR (spring AND boot) OR python OR django OR go OR golang OR php OR laravel OR ruby OR (ruby AND rails) OR c++ OR c# OR rust OR scala OR julia OR elixir OR node.js OR (asp.net AND core);bairesdev;2.0;LinkedIn;https://www.linkedin.com/jobs/view/4442093161/;https://www.linkedin.com/jobs/view/4442093161/;Remote;Mid, Liderança/Gerência, TI/Tech, Backend, Saúde/Pesquisa;21/07/2026;Curitiba;Paraná;PR;Região Sul;Brasil;América do Sul
186;BairesDev;Backend Engineer (Golang) - Remote Work;Florianópolis (SC);20/07 13:00;https://www.linkedin.com/jobs/view/4442080915/;https://media.licdn.com/dms/image/v2/D4E0BAQGNvQASzrdL_w/company-logo_100_100/company-logo_100_100/0/1687874736484/bairesdev_logo?e=1785974400&v=beta&t=lxAYMH3NbOhuQTTTJ-m2s7otRNPbs6PHZ0di0MFOz84;Advanced > Information Technology;https://www.linkedin.com/company/bairesdev/about/;-;backend OR java OR (spring AND boot) OR python OR django OR go OR golang OR php OR laravel OR ruby OR (ruby AND rails) OR c++ OR c# OR rust OR scala OR julia OR elixir OR node.js OR (asp.net AND core);bairesdev;2.0;LinkedIn;https://www.linkedin.com/jobs/view/4442080915/;https://www.linkedin.com/jobs/view/4442080915/;Remote;Backend, Engenharia Geral;21/07/2026;Florianópolis;Santa Catarina;SC;Região Sul;Brasil;América do Sul
187;BairesDev;Engenheiro Golang - Trabalho Remoto;Florianópolis (SC);20/07 16:00;https://www.linkedin.com/jobs/view/4442206709/;https://media.licdn.com/dms/image/v2/D4E0BAQGNvQASzrdL_w/company-logo_100_100/company-logo_100_100/0/1687874736484/bairesdev_logo?e=1785974400&v=beta&t=lxAYMH3NbOhuQTTTJ-m2s7otRNPbs6PHZ0di0MFOz84;-;https://www.linkedin.com/company/bairesdev/about/;-;backend OR java OR (spring AND boot) OR python OR django OR go OR golang OR php OR laravel OR ruby OR (ruby AND rails) OR c++ OR c# OR rust OR scala OR julia OR elixir OR node.js OR (asp.net AND core);bairesdev;2.0;LinkedIn;https://www.linkedin.com/jobs/view/4442206709/;https://www.linkedin.com/jobs/view/4442206709/;Remote;-;21/07/2026;Florianópolis;Santa Catarina;SC;Região Sul;Brasil;América do Sul
188;BairesDev;Golang Developer - Remote Work;Florianópolis (SC);20/07 16:00;https://www.linkedin.com/jobs/view/4442218242/;https://media.licdn.com/dms/image/v2/D4E0BAQGNvQASzrdL_w/company-logo_100_100/company-logo_100_100/0/1687874736484/bairesdev_logo?e=1785974400&v=beta&t=lxAYMH3NbOhuQTTTJ-m2s7otRNPbs6PHZ0di0MFOz84;Advanced > Information Technology;https://www.linkedin.com/company/bairesdev/about/;-;backend OR java OR (spring AND boot) OR python OR django OR go OR golang OR php OR laravel OR ruby OR (ruby AND rails) OR c++ OR c# OR rust OR scala OR julia OR elixir OR node.js OR (asp.net AND core);bairesdev;2.0;LinkedIn;https://www.linkedin.com/jobs/view/4442218242/;https://www.linkedin.com/jobs/view/4442218242/;Remote;-;21/07/2026;Florianópolis;Santa Catarina;SC;Região Sul;Brasil;América do Sul
189;BairesDev;Desenvolvedor Node Backend - Trabalho Remoto;Fortaleza (CE);20/07 14:00;https://www.linkedin.com/jobs/view/4442098390/;https://media.licdn.com/dms/image/v2/D4E0BAQGNvQASzrdL_w/company-logo_100_100/company-logo_100_100/0/1687874736484/bairesdev_logo?e=1785974400&v=beta&t=lxAYMH3NbOhuQTTTJ-m2s7otRNPbs6PHZ0di0MFOz84;-;https://www.linkedin.com/company/bairesdev/about/;-;backend OR java OR (spring AND boot) OR python OR django OR go OR golang OR php OR laravel OR ruby OR (ruby AND rails) OR c++ OR c# OR rust OR scala OR julia OR elixir OR node.js OR (asp.net AND core);bairesdev;2.0;LinkedIn;https://www.linkedin.com/jobs/view/4442098390/;https://www.linkedin.com/jobs/view/4442098390/;Remote;Backend;21/07/2026;Fortaleza;Ceará;CE;Região Nordeste;Brasil;América do Sul
190;BairesDev;Python Tech Lead - Trabalho Remoto;Fortaleza (CE);20/07 15:00;https://www.linkedin.com/jobs/view/4442201707/;https://media.licdn.com/dms/image/v2/D4E0BAQGNvQASzrdL_w/company-logo_100_100/company-logo_100_100/0/1687874736484/bairesdev_logo?e=1785974400&v=beta&t=lxAYMH3NbOhuQTTTJ-m2s7otRNPbs6PHZ0di0MFOz84;Middle > Manager;https://www.linkedin.com/company/bairesdev/about/;Software e Serviços de TI;backend OR java OR (spring AND boot) OR python OR django OR go OR golang OR php OR laravel OR ruby OR (ruby AND rails) OR c++ OR c# OR rust OR scala OR julia OR elixir OR node.js OR (asp.net AND core);bairesdev;2.0;LinkedIn;https://www.linkedin.com/jobs/view/4442201707/;https://www.linkedin.com/jobs/view/4442201707/;Remote;Mid, Liderança/Gerência, TI/Tech;21/07/2026;Fortaleza;Ceará;CE;Região Nordeste;Brasil;América do Sul
191;BairesDev;Desenvolvedor PHP - Trabalho Remoto;Goiânia (GO);20/07 17:00;https://www.linkedin.com/jobs/view/4442217706/;https://media.licdn.com/dms/image/v2/D4E0BAQGNvQASzrdL_w/company-logo_100_100/company-logo_100_100/0/1687874736484/bairesdev_logo?e=1785974400&v=beta&t=lxAYMH3NbOhuQTTTJ-m2s7otRNPbs6PHZ0di0MFOz84;-;https://www.linkedin.com/company/bairesdev/about/;-;backend OR java OR (spring AND boot) OR python OR django OR go OR golang OR php OR laravel OR ruby OR (ruby AND rails) OR c++ OR c# OR rust OR scala OR julia OR elixir OR node.js OR (asp.net AND core);bairesdev;2.0;LinkedIn;https://www.linkedin.com/jobs/view/4442217706/;https://www.linkedin.com/jobs/view/4442217706/;Remote;-;21/07/2026;Goiânia;Goiás;GO;Região Centro-Oeste;Brasil;América do Sul
192;BairesDev;Engenheiro Golang - Trabalho Remoto;Goiânia (GO);20/07 16:00;https://www.linkedin.com/jobs/view/4442214407/;https://media.licdn.com/dms/image/v2/D4E0BAQGNvQASzrdL_w/company-logo_100_100/company-logo_100_100/0/1687874736484/bairesdev_logo?e=1785974400&v=beta&t=lxAYMH3NbOhuQTTTJ-m2s7otRNPbs6PHZ0di0MFOz84;-;https://www.linkedin.com/company/bairesdev/about/;-;backend OR java OR (spring AND boot) OR python OR django OR go OR golang OR php OR laravel OR ruby OR (ruby AND rails) OR c++ OR c# OR rust OR scala OR julia OR elixir OR node.js OR (asp.net AND core);bairesdev;2.0;LinkedIn;https://www.linkedin.com/jobs/view/4442214407/;https://www.linkedin.com/jobs/view/4442214407/;Remote;-;21/07/2026;Goiânia;Goiás;GO;Região Centro-Oeste;Brasil;América do Sul
193;BairesDev;Rust Developer - Trabalho Remoto;Goiânia (GO);20/07 16:00;https://www.linkedin.com/jobs/view/4442208759/;https://media.licdn.com/dms/image/v2/D4E0BAQGNvQASzrdL_w/company-logo_100_100/company-logo_100_100/0/1687874736484/bairesdev_logo?e=1785974400&v=beta&t=lxAYMH3NbOhuQTTTJ-m2s7otRNPbs6PHZ0di0MFOz84;Advanced > Information Technology;https://www.linkedin.com/company/bairesdev/about/;-;backend OR java OR (spring AND boot) OR python OR django OR go OR golang OR php OR laravel OR ruby OR (ruby AND rails) OR c++ OR c# OR rust OR scala OR julia OR elixir OR node.js OR (asp.net AND core);bairesdev;2.0;LinkedIn;https://www.linkedin.com/jobs/view/4442208759/;https://www.linkedin.com/jobs/view/4442208759/;Remote;-;21/07/2026;Goiânia;Goiás;GO;Região Centro-Oeste;Brasil;América do Sul
194;BairesDev;Desenvolvedor .NET Backend - Trabalho Remoto;Grande Goiania;20/07 12:00;https://www.linkedin.com/jobs/view/4442082582/;https://media.licdn.com/dms/image/v2/D4E0BAQGNvQASzrdL_w/company-logo_100_100/company-logo_100_100/0/1687874736484/bairesdev_logo?e=1785974400&v=beta&t=lxAYMH3NbOhuQTTTJ-m2s7otRNPbs6PHZ0di0MFOz84;-;https://www.linkedin.com/company/bairesdev/about/;-;backend OR java OR (spring AND boot) OR python OR django OR go OR golang OR php OR laravel OR ruby OR (ruby AND rails) OR c++ OR c# OR rust OR scala OR julia OR elixir OR node.js OR (asp.net AND core);bairesdev;2.0;LinkedIn;https://www.linkedin.com/jobs/view/4442082582/;https://www.linkedin.com/jobs/view/4442082582/;Remote;Backend;21/07/2026;;Rio Grande do Sul;RS;Região Sul;Brasil;América do Sul
195;BairesDev;Node.js Senior Tech Lead - Remote Work;Grande Rio de Janeiro (RJ);20/07 14:00;https://www.linkedin.com/jobs/view/4442096554/;https://media.licdn.com/dms/image/v2/D4E0BAQGNvQASzrdL_w/company-logo_100_100/company-logo_100_100/0/1687874736484/bairesdev_logo?e=1785974400&v=beta&t=lxAYMH3NbOhuQTTTJ-m2s7otRNPbs6PHZ0di0MFOz84;Middle > Manager;https://www.linkedin.com/company/bairesdev/about/;Software e Serviços de TI;backend OR java OR (spring AND boot) OR python OR django OR go OR golang OR php OR laravel OR ruby OR (ruby AND rails) OR c++ OR c# OR rust OR scala OR julia OR elixir OR node.js OR (asp.net AND core);bairesdev;2.0;LinkedIn;https://www.linkedin.com/jobs/view/4442096554/;https://www.linkedin.com/jobs/view/4442096554/;Remote;Senior, Mid, Liderança/Gerência, TI/Tech;21/07/2026;;Rio de Janeiro;RJ;Região Sudeste;Brasil;América do Sul
196;BairesDev;Node.js Senior Tech Lead - Trabalho Remoto;Grande Rio de Janeiro (RJ);20/07 14:00;https://www.linkedin.com/jobs/view/4442085912/;https://media.licdn.com/dms/image/v2/D4E0BAQGNvQASzrdL_w/company-logo_100_100/company-logo_100_100/0/1687874736484/bairesdev_logo?e=1785974400&v=beta&t=lxAYMH3NbOhuQTTTJ-m2s7otRNPbs6PHZ0di0MFOz84;Middle > Manager;https://www.linkedin.com/company/bairesdev/about/;Software e Serviços de TI;backend OR java OR (spring AND boot) OR python OR django OR go OR golang OR php OR laravel OR ruby OR (ruby AND rails) OR c++ OR c# OR rust OR scala OR julia OR elixir OR node.js OR (asp.net AND core);bairesdev;2.0;LinkedIn;https://www.linkedin.com/jobs/view/4442085912/;https://www.linkedin.com/jobs/view/4442085912/;Remote;Senior, Mid, Liderança/Gerência, TI/Tech;21/07/2026;;Rio de Janeiro;RJ;Região Sudeste;Brasil;América do Sul
197;BairesDev;Desenvolvedor Python - Trabalho Remoto;Grande São Paulo (SP) ;20/07 17:00;https://www.linkedin.com/jobs/view/4442227351/;https://media.licdn.com/dms/image/v2/D4E0BAQGNvQASzrdL_w/company-logo_100_100/company-logo_100_100/0/1687874736484/bairesdev_logo?e=1785974400&v=beta&t=lxAYMH3NbOhuQTTTJ-m2s7otRNPbs6PHZ0di0MFOz84;-;https://www.linkedin.com/company/bairesdev/about/;-;backend OR java OR (spring AND boot) OR python OR django OR go OR golang OR php OR laravel OR ruby OR (ruby AND rails) OR c++ OR c# OR rust OR scala OR julia OR elixir OR node.js OR (asp.net AND core);bairesdev;2.0;LinkedIn;https://www.linkedin.com/jobs/view/4442227351/;https://www.linkedin.com/jobs/view/4442227351/;Remote;-;21/07/2026;;São Paulo;SP;Região Sudeste;Brasil;América do Sul
198;BairesDev;Desenvolvedor Python / Pesquisa + Desenvolvimento - Trabalho Remoto;Grande São Paulo (SP) ;20/07 13:00;https://www.linkedin.com/jobs/view/4442097334/;https://media.licdn.com/dms/image/v2/D4E0BAQGNvQASzrdL_w/company-logo_100_100/company-logo_100_100/0/1687874736484/bairesdev_logo?e=1785974400&v=beta&t=lxAYMH3NbOhuQTTTJ-m2s7otRNPbs6PHZ0di0MFOz84;-;https://www.linkedin.com/company/bairesdev/about/;Software e Serviços de TI;backend OR java OR (spring AND boot) OR python OR django OR go OR golang OR php OR laravel OR ruby OR (ruby AND rails) OR c++ OR c# OR rust OR scala OR julia OR elixir OR node.js OR (asp.net AND core);bairesdev;2.0;LinkedIn;https://www.linkedin.com/jobs/view/4442097334/;https://www.linkedin.com/jobs/view/4442097334/;Remote;Saúde/Pesquisa;21/07/2026;;São Paulo;SP;Região Sudeste;Brasil;América do Sul
199;BairesDev;Desenvolvedor Java Junior - Trabalho Remoto;Guarulhos (SP);20/07 13:00;https://www.linkedin.com/jobs/view/4442079887/;https://media.licdn.com/dms/image/v2/D4E0BAQGNvQASzrdL_w/company-logo_100_100/company-logo_100_100/0/1687874736484/bairesdev_logo?e=1785974400&v=beta&t=lxAYMH3NbOhuQTTTJ-m2s7otRNPbs6PHZ0di0MFOz84;-;https://www.linkedin.com/company/bairesdev/about/;-;backend OR java OR (spring AND boot) OR python OR django OR go OR golang OR php OR laravel OR ruby OR (ruby AND rails) OR c++ OR c# OR rust OR scala OR julia OR elixir OR node.js OR (asp.net AND core);bairesdev;2.0;LinkedIn;https://www.linkedin.com/jobs/view/4442079887/;https://www.linkedin.com/jobs/view/4442079887/;Remote;Junior;21/07/2026;Guarulhos;São Paulo;SP;Região Sudeste;Brasil;América do Sul
200;BairesDev;Desenvolvedor PHP - Trabalho Remoto;Guarulhos (SP);20/07 17:00;https://www.linkedin.com/jobs/view/4442209950/;https://media.licdn.com/dms/image/v2/D4E0BAQGNvQASzrdL_w/company-logo_100_100/company-logo_100_100/0/1687874736484/bairesdev_logo?e=1785974400&v=beta&t=lxAYMH3NbOhuQTTTJ-m2s7otRNPbs6PHZ0di0MFOz84;-;https://www.linkedin.com/company/bairesdev/about/;-;backend OR java OR (spring AND boot) OR python OR django OR go OR golang OR php OR laravel OR ruby OR (ruby AND rails) OR c++ OR c# OR rust OR scala OR julia OR elixir OR node.js OR (asp.net AND core);bairesdev;2.0;LinkedIn;https://www.linkedin.com/jobs/view/4442209950/;https://www.linkedin.com/jobs/view/4442209950/;Remote;-;21/07/2026;Guarulhos;São Paulo;SP;Região Sudeste;Brasil;América do Sul
201;BairesDev;Engenheiro de Software Node.js - Trabalho Remoto;Guarulhos (SP);20/07 17:00;https://www.linkedin.com/jobs/view/4442227303/;https://media.licdn.com/dms/image/v2/D4E0BAQGNvQASzrdL_w/company-logo_100_100/company-logo_100_100/0/1687874736484/bairesdev_logo?e=1785974400&v=beta&t=lxAYMH3NbOhuQTTTJ-m2s7otRNPbs6PHZ0di0MFOz84;-;https://www.linkedin.com/company/bairesdev/about/;Software e Serviços de TI;backend OR java OR (spring AND boot) OR python OR django OR go OR golang OR php OR laravel OR ruby OR (ruby AND rails) OR c++ OR c# OR rust OR scala OR julia OR elixir OR node.js OR (asp.net AND core);bairesdev;2.0;LinkedIn;https://www.linkedin.com/jobs/view/4442227303/;https://www.linkedin.com/jobs/view/4442227303/;Remote;TI/Tech;21/07/2026;Guarulhos;São Paulo;SP;Região Sudeste;Brasil;América do Sul
202;BairesDev;Ruby Developer - Remote Work;Guarulhos (SP);20/07 18:00;https://www.linkedin.com/jobs/view/4442231320/;https://media.licdn.com/dms/image/v2/D4E0BAQGNvQASzrdL_w/company-logo_100_100/company-logo_100_100/0/1687874736484/bairesdev_logo?e=1785974400&v=beta&t=lxAYMH3NbOhuQTTTJ-m2s7otRNPbs6PHZ0di0MFOz84;Advanced > Information Technology;https://www.linkedin.com/company/bairesdev/about/;-;backend OR java OR (spring AND boot) OR python OR django OR go OR golang OR php OR laravel OR ruby OR (ruby AND rails) OR c++ OR c# OR rust OR scala OR julia OR elixir OR node.js OR (asp.net AND core);bairesdev;2.0;LinkedIn;https://www.linkedin.com/jobs/view/4442231320/;https://www.linkedin.com/jobs/view/4442231320/;Remote;-;21/07/2026;Guarulhos;São Paulo;SP;Região Sudeste;Brasil;América do Sul
203;BairesDev;Ruby on Rails Developer - Remote Work;Guarulhos (SP);20/07 18:00;https://www.linkedin.com/jobs/view/4442225615/;https://media.licdn.com/dms/image/v2/D4E0BAQGNvQASzrdL_w/company-logo_100_100/company-logo_100_100/0/1687874736484/bairesdev_logo?e=1785974400&v=beta&t=lxAYMH3NbOhuQTTTJ-m2s7otRNPbs6PHZ0di0MFOz84;Advanced > Information Technology;https://www.linkedin.com/company/bairesdev/about/;-;backend OR java OR (spring AND boot) OR python OR django OR go OR golang OR php OR laravel OR ruby OR (ruby AND rails) OR c++ OR c# OR rust OR scala OR julia OR elixir OR node.js OR (asp.net AND core);bairesdev;2.0;LinkedIn;https://www.linkedin.com/jobs/view/4442225615/;https://www.linkedin.com/jobs/view/4442225615/;Remote;-;21/07/2026;Guarulhos;São Paulo;SP;Região Sudeste;Brasil;América do Sul
204;BairesDev;Go-to-Market Engineer - Remote Work;Minas Gerais, Brasil;21/07 11:00;https://www.linkedin.com/jobs/view/4442643313/;https://media.licdn.com/dms/image/v2/D4E0BAQGNvQASzrdL_w/company-logo_100_100/company-logo_100_100/0/1687874736484/bairesdev_logo?e=1785974400&v=beta&t=lxAYMH3NbOhuQTTTJ-m2s7otRNPbs6PHZ0di0MFOz84;Advanced > Information Technology;https://www.linkedin.com/company/bairesdev/about/;-;backend OR java OR (spring AND boot) OR python OR django OR go OR golang OR php OR laravel OR ruby OR (ruby AND rails) OR c++ OR c# OR rust OR scala OR julia OR elixir OR node.js OR (asp.net AND core);bairesdev;2.0;LinkedIn;https://www.linkedin.com/jobs/view/4442643313/;https://www.linkedin.com/jobs/view/4442643313/;Remote;Engenharia Geral;21/07/2026;;Minas Gerais;MG;Região Sudeste;Brasil;América do Sul
205;BairesDev;Desenvolvedor Ruby on Rails - Trabalho Remoto;Porto Alegre (RS);20/07 16:00;https://www.linkedin.com/jobs/view/4442214472/;https://media.licdn.com/dms/image/v2/D4E0BAQGNvQASzrdL_w/company-logo_100_100/company-logo_100_100/0/1687874736484/bairesdev_logo?e=1785974400&v=beta&t=lxAYMH3NbOhuQTTTJ-m2s7otRNPbs6PHZ0di0MFOz84;-;https://www.linkedin.com/company/bairesdev/about/;-;backend OR java OR (spring AND boot) OR python OR django OR go OR golang OR php OR laravel OR ruby OR (ruby AND rails) OR c++ OR c# OR rust OR scala OR julia OR elixir OR node.js OR (asp.net AND core);bairesdev;2.0;LinkedIn;https://www.linkedin.com/jobs/view/4442214472/;https://www.linkedin.com/jobs/view/4442214472/;Remote;-;21/07/2026;;Rio Grande do Sul;RS;Região Sul;Brasil;América do Sul
206;BairesDev;C/C++ Developer - Remote Work;RJ;20/07 14:00;https://www.linkedin.com/jobs/view/4442096404/;https://media.licdn.com/dms/image/v2/D4E0BAQGNvQASzrdL_w/company-logo_100_100/company-logo_100_100/0/1687874736484/bairesdev_logo?e=1785974400&v=beta&t=lxAYMH3NbOhuQTTTJ-m2s7otRNPbs6PHZ0di0MFOz84;Advanced > Information Technology;https://www.linkedin.com/company/bairesdev/about/;-;backend OR java OR (spring AND boot) OR python OR django OR go OR golang OR php OR laravel OR ruby OR (ruby AND rails) OR c++ OR c# OR rust OR scala OR julia OR elixir OR node.js OR (asp.net AND core);bairesdev;2.0;LinkedIn;https://www.linkedin.com/jobs/view/4442096404/;https://www.linkedin.com/jobs/view/4442096404/;Remote;-;21/07/2026;;Rio de Janeiro;RJ;Região Sudeste;Brasil;América do Sul
207;BairesDev;Elixir Developer - Remote Work;RJ;20/07 16:00;https://www.linkedin.com/jobs/view/4442226032/;https://media.licdn.com/dms/image/v2/D4E0BAQGNvQASzrdL_w/company-logo_100_100/company-logo_100_100/0/1687874736484/bairesdev_logo?e=1785974400&v=beta&t=lxAYMH3NbOhuQTTTJ-m2s7otRNPbs6PHZ0di0MFOz84;Advanced > Information Technology;https://www.linkedin.com/company/bairesdev/about/;-;backend OR java OR (spring AND boot) OR python OR django OR go OR golang OR php OR laravel OR ruby OR (ruby AND rails) OR c++ OR c# OR rust OR scala OR julia OR elixir OR node.js OR (asp.net AND core);bairesdev;2.0;LinkedIn;https://www.linkedin.com/jobs/view/4442226032/;https://www.linkedin.com/jobs/view/4442226032/;Remote;-;21/07/2026;;Rio de Janeiro;RJ;Região Sudeste;Brasil;América do Sul
208;BairesDev;Go-to-Market Engineer - Remote Work;RJ;21/07 11:00;https://www.linkedin.com/jobs/view/4442631848/;https://media.licdn.com/dms/image/v2/D4E0BAQGNvQASzrdL_w/company-logo_100_100/company-logo_100_100/0/1687874736484/bairesdev_logo?e=1785974400&v=beta&t=lxAYMH3NbOhuQTTTJ-m2s7otRNPbs6PHZ0di0MFOz84;Advanced > Information Technology;https://www.linkedin.com/company/bairesdev/about/;-;backend OR java OR (spring AND boot) OR python OR django OR go OR golang OR php OR laravel OR ruby OR (ruby AND rails) OR c++ OR c# OR rust OR scala OR julia OR elixir OR node.js OR (asp.net AND core);bairesdev;2.0;LinkedIn;https://www.linkedin.com/jobs/view/4442631848/;https://www.linkedin.com/jobs/view/4442631848/;Remote;Engenharia Geral;21/07/2026;;Rio de Janeiro;RJ;Região Sudeste;Brasil;América do Sul
209;BairesDev;Ruby Developer - Remote Work;RJ;20/07 18:00;https://www.linkedin.com/jobs/view/4442238056/;https://media.licdn.com/dms/image/v2/D4E0BAQGNvQASzrdL_w/company-logo_100_100/company-logo_100_100/0/1687874736484/bairesdev_logo?e=1785974400&v=beta&t=lxAYMH3NbOhuQTTTJ-m2s7otRNPbs6PHZ0di0MFOz84;Advanced > Information Technology;https://www.linkedin.com/company/bairesdev/about/;-;backend OR java OR (spring AND boot) OR python OR django OR go OR golang OR php OR laravel OR ruby OR (ruby AND rails) OR c++ OR c# OR rust OR scala OR julia OR elixir OR node.js OR (asp.net AND core);bairesdev;2.0;LinkedIn;https://www.linkedin.com/jobs/view/4442238056/;https://www.linkedin.com/jobs/view/4442238056/;Remote;-;21/07/2026;;Rio de Janeiro;RJ;Região Sudeste;Brasil;América do Sul
210;BairesDev;Desenvolvedor Node Backend - Trabalho Remoto;Recife (PE);20/07 14:00;https://www.linkedin.com/jobs/view/4442092608/;https://media.licdn.com/dms/image/v2/D4E0BAQGNvQASzrdL_w/company-logo_100_100/company-logo_100_100/0/1687874736484/bairesdev_logo?e=1785974400&v=beta&t=lxAYMH3NbOhuQTTTJ-m2s7otRNPbs6PHZ0di0MFOz84;-;https://www.linkedin.com/company/bairesdev/about/;-;backend OR java OR (spring AND boot) OR python OR django OR go OR golang OR php OR laravel OR ruby OR (ruby AND rails) OR c++ OR c# OR rust OR scala OR julia OR elixir OR node.js OR (asp.net AND core);bairesdev;2.0;LinkedIn;https://www.linkedin.com/jobs/view/4442092608/;https://www.linkedin.com/jobs/view/4442092608/;Remote;Backend;21/07/2026;Recife;Pernambuco;PE;Região Nordeste;Brasil;América do Sul
211;BairesDev;Desenvolvedor Node.js - Trabalho Remoto;Recife (PE);20/07 14:00;https://www.linkedin.com/jobs/view/4442208057/;https://media.licdn.com/dms/image/v2/D4E0BAQGNvQASzrdL_w/company-logo_100_100/company-logo_100_100/0/1687874736484/bairesdev_logo?e=1785974400&v=beta&t=lxAYMH3NbOhuQTTTJ-m2s7otRNPbs6PHZ0di0MFOz84;-;https://www.linkedin.com/company/bairesdev/about/;-;backend OR java OR (spring AND boot) OR python OR django OR go OR golang OR php OR laravel OR ruby OR (ruby AND rails) OR c++ OR c# OR rust OR scala OR julia OR elixir OR node.js OR (asp.net AND core);bairesdev;2.0;LinkedIn;https://www.linkedin.com/jobs/view/4442208057/;https://www.linkedin.com/jobs/view/4442208057/;Remote;-;21/07/2026;Recife;Pernambuco;PE;Região Nordeste;Brasil;América do Sul
212;BairesDev;Desenvolvedor Python - Trabalho Remoto;Rio de Janeiro (RJ);20/07 17:00;https://www.linkedin.com/jobs/view/4442226396/;https://media.licdn.com/dms/image/v2/D4E0BAQGNvQASzrdL_w/company-logo_100_100/company-logo_100_100/0/1687874736484/bairesdev_logo?e=1785974400&v=beta&t=lxAYMH3NbOhuQTTTJ-m2s7otRNPbs6PHZ0di0MFOz84;-;https://www.linkedin.com/company/bairesdev/about/;-;backend OR java OR (spring AND boot) OR python OR django OR go OR golang OR php OR laravel OR ruby OR (ruby AND rails) OR c++ OR c# OR rust OR scala OR julia OR elixir OR node.js OR (asp.net AND core);bairesdev;2.0;LinkedIn;https://www.linkedin.com/jobs/view/4442226396/;https://www.linkedin.com/jobs/view/4442226396/;Remote;-;21/07/2026;Rio de Janeiro;Rio de Janeiro;RJ;Região Sudeste;Brasil;América do Sul
213;BairesDev;Node.js Software Engineer - Remote Work;Rio de Janeiro (RJ);20/07 14:00;https://www.linkedin.com/jobs/view/4442093643/;https://media.licdn.com/dms/image/v2/D4E0BAQGNvQASzrdL_w/company-logo_100_100/company-logo_100_100/0/1687874736484/bairesdev_logo?e=1785974400&v=beta&t=lxAYMH3NbOhuQTTTJ-m2s7otRNPbs6PHZ0di0MFOz84;Advanced > Information Technology;https://www.linkedin.com/company/bairesdev/about/;Software e Serviços de TI;backend OR java OR (spring AND boot) OR python OR django OR go OR golang OR php OR laravel OR ruby OR (ruby AND rails) OR c++ OR c# OR rust OR scala OR julia OR elixir OR node.js OR (asp.net AND core);bairesdev;2.0;LinkedIn;https://www.linkedin.com/jobs/view/4442093643/;https://www.linkedin.com/jobs/view/4442093643/;Remote;TI/Tech, Engenharia Geral;21/07/2026;Rio de Janeiro;Rio de Janeiro;RJ;Região Sudeste;Brasil;América do Sul
214;BairesDev;Desenvolvedor C++ - Trabalho Remoto;SP;20/07 14:00;https://www.linkedin.com/jobs/view/4442202153/;https://media.licdn.com/dms/image/v2/D4E0BAQGNvQASzrdL_w/company-logo_100_100/company-logo_100_100/0/1687874736484/bairesdev_logo?e=1785974400&v=beta&t=lxAYMH3NbOhuQTTTJ-m2s7otRNPbs6PHZ0di0MFOz84;-;https://www.linkedin.com/company/bairesdev/about/;-;backend OR java OR (spring AND boot) OR python OR django OR go OR golang OR php OR laravel OR ruby OR (ruby AND rails) OR c++ OR c# OR rust OR scala OR julia OR elixir OR node.js OR (asp.net AND core);bairesdev;2.0;LinkedIn;https://www.linkedin.com/jobs/view/4442202153/;https://www.linkedin.com/jobs/view/4442202153/;Remote;-;21/07/2026;;São Paulo;SP;Região Sudeste;Brasil;América do Sul
215;BairesDev;Desenvolvedor C/C++ - Trabalho Remoto;SP;20/07 14:00;https://www.linkedin.com/jobs/view/4442201242/;https://media.licdn.com/dms/image/v2/D4E0BAQGNvQASzrdL_w/company-logo_100_100/company-logo_100_100/0/1687874736484/bairesdev_logo?e=1785974400&v=beta&t=lxAYMH3NbOhuQTTTJ-m2s7otRNPbs6PHZ0di0MFOz84;-;https://www.linkedin.com/company/bairesdev/about/;-;backend OR java OR (spring AND boot) OR python OR django OR go OR golang OR php OR laravel OR ruby OR (ruby AND rails) OR c++ OR c# OR rust OR scala OR julia OR elixir OR node.js OR (asp.net AND core);bairesdev;2.0;LinkedIn;https://www.linkedin.com/jobs/view/4442201242/;https://www.linkedin.com/jobs/view/4442201242/;Remote;-;21/07/2026;;São Paulo;SP;Região Sudeste;Brasil;América do Sul
216;BairesDev;Desenvolvedor Golang - Trabalho Remoto;SP;20/07 16:00;https://www.linkedin.com/jobs/view/4442221176/;https://media.licdn.com/dms/image/v2/D4E0BAQGNvQASzrdL_w/company-logo_100_100/company-logo_100_100/0/1687874736484/bairesdev_logo?e=1785974400&v=beta&t=lxAYMH3NbOhuQTTTJ-m2s7otRNPbs6PHZ0di0MFOz84;-;https://www.linkedin.com/company/bairesdev/about/;-;backend OR java OR (spring AND boot) OR python OR django OR go OR golang OR php OR laravel OR ruby OR (ruby AND rails) OR c++ OR c# OR rust OR scala OR julia OR elixir OR node.js OR (asp.net AND core);bairesdev;2.0;LinkedIn;https://www.linkedin.com/jobs/view/4442221176/;https://www.linkedin.com/jobs/view/4442221176/;Remote;-;21/07/2026;;São Paulo;SP;Região Sudeste;Brasil;América do Sul
217;BairesDev;Desenvolvedor Java Pleno - Trabalho Remoto;SP;20/07 16:00;https://www.linkedin.com/jobs/view/4442209767/;https://media.licdn.com/dms/image/v2/D4E0BAQGNvQASzrdL_w/company-logo_100_100/company-logo_100_100/0/1687874736484/bairesdev_logo?e=1785974400&v=beta&t=lxAYMH3NbOhuQTTTJ-m2s7otRNPbs6PHZ0di0MFOz84;-;https://www.linkedin.com/company/bairesdev/about/;-;backend OR java OR (spring AND boot) OR python OR django OR go OR golang OR php OR laravel OR ruby OR (ruby AND rails) OR c++ OR c# OR rust OR scala OR julia OR elixir OR node.js OR (asp.net AND core);bairesdev;2.0;LinkedIn;https://www.linkedin.com/jobs/view/4442209767/;https://www.linkedin.com/jobs/view/4442209767/;Remote;Mid;21/07/2026;;São Paulo;SP;Região Sudeste;Brasil;América do Sul
218;BairesDev;Desenvolvedor PHP - Trabalho Remoto;SP;20/07 17:00;https://www.linkedin.com/jobs/view/4442215684/;https://media.licdn.com/dms/image/v2/D4E0BAQGNvQASzrdL_w/company-logo_100_100/company-logo_100_100/0/1687874736484/bairesdev_logo?e=1785974400&v=beta&t=lxAYMH3NbOhuQTTTJ-m2s7otRNPbs6PHZ0di0MFOz84;-;https://www.linkedin.com/company/bairesdev/about/;-;backend OR java OR (spring AND boot) OR python OR django OR go OR golang OR php OR laravel OR ruby OR (ruby AND rails) OR c++ OR c# OR rust OR scala OR julia OR elixir OR node.js OR (asp.net AND core);bairesdev;2.0;LinkedIn;https://www.linkedin.com/jobs/view/4442215684/;https://www.linkedin.com/jobs/view/4442215684/;Remote;-;21/07/2026;;São Paulo;SP;Região Sudeste;Brasil;América do Sul
219;BairesDev;Desenvolvedor Python Junior - Trabalho Remoto;SP;20/07 14:00;https://www.linkedin.com/jobs/view/4442200642/;https://media.licdn.com/dms/image/v2/D4E0BAQGNvQASzrdL_w/company-logo_100_100/company-logo_100_100/0/1687874736484/bairesdev_logo?e=1785974400&v=beta&t=lxAYMH3NbOhuQTTTJ-m2s7otRNPbs6PHZ0di0MFOz84;-;https://www.linkedin.com/company/bairesdev/about/;-;backend OR java OR (spring AND boot) OR python OR django OR go OR golang OR php OR laravel OR ruby OR (ruby AND rails) OR c++ OR c# OR rust OR scala OR julia OR elixir OR node.js OR (asp.net AND core);bairesdev;2.0;LinkedIn;https://www.linkedin.com/jobs/view/4442200642/;https://www.linkedin.com/jobs/view/4442200642/;Remote;Junior;21/07/2026;;São Paulo;SP;Região Sudeste;Brasil;América do Sul
220;BairesDev;Elixir Developer - Remote Work;SP;20/07 16:00;https://www.linkedin.com/jobs/view/4442226029/;https://media.licdn.com/dms/image/v2/D4E0BAQGNvQASzrdL_w/company-logo_100_100/company-logo_100_100/0/1687874736484/bairesdev_logo?e=1785974400&v=beta&t=lxAYMH3NbOhuQTTTJ-m2s7otRNPbs6PHZ0di0MFOz84;Advanced > Information Technology;https://www.linkedin.com/company/bairesdev/about/;-;backend OR java OR (spring AND boot) OR python OR django OR go OR golang OR php OR laravel OR ruby OR (ruby AND rails) OR c++ OR c# OR rust OR scala OR julia OR elixir OR node.js OR (asp.net AND core);bairesdev;2.0;LinkedIn;https://www.linkedin.com/jobs/view/4442226029/;https://www.linkedin.com/jobs/view/4442226029/;Remote;-;21/07/2026;;São Paulo;SP;Região Sudeste;Brasil;América do Sul
221;BairesDev;Engenheiro de Software Node.js - Trabalho Remoto;SP;20/07 17:00;https://www.linkedin.com/jobs/view/4442210852/;https://media.licdn.com/dms/image/v2/D4E0BAQGNvQASzrdL_w/company-logo_100_100/company-logo_100_100/0/1687874736484/bairesdev_logo?e=1785974400&v=beta&t=lxAYMH3NbOhuQTTTJ-m2s7otRNPbs6PHZ0di0MFOz84;-;https://www.linkedin.com/company/bairesdev/about/;Software e Serviços de TI;backend OR java OR (spring AND boot) OR python OR django OR go OR golang OR php OR laravel OR ruby OR (ruby AND rails) OR c++ OR c# OR rust OR scala OR julia OR elixir OR node.js OR (asp.net AND core);bairesdev;2.0;LinkedIn;https://www.linkedin.com/jobs/view/4442210852/;https://www.linkedin.com/jobs/view/4442210852/;Remote;TI/Tech;21/07/2026;;São Paulo;SP;Região Sudeste;Brasil;América do Sul
222;BairesDev;Engenheiro de Software Node.js - Trabalho Remoto;SP;20/07 13:00;https://www.linkedin.com/jobs/view/4442082762/;https://media.licdn.com/dms/image/v2/D4E0BAQGNvQASzrdL_w/company-logo_100_100/company-logo_100_100/0/1687874736484/bairesdev_logo?e=1785974400&v=beta&t=lxAYMH3NbOhuQTTTJ-m2s7otRNPbs6PHZ0di0MFOz84;-;https://www.linkedin.com/company/bairesdev/about/;Software e Serviços de TI;backend OR java OR (spring AND boot) OR python OR django OR go OR golang OR php OR laravel OR ruby OR (ruby AND rails) OR c++ OR c# OR rust OR scala OR julia OR elixir OR node.js OR (asp.net AND core);bairesdev;2.0;LinkedIn;https://www.linkedin.com/jobs/view/4442082762/;https://www.linkedin.com/jobs/view/4442082762/;Remote;TI/Tech;21/07/2026;;São Paulo;SP;Região Sudeste;Brasil;América do Sul
223;BairesDev;Go-to-Market Engineer - Remote Work;SP;21/07 11:00;https://www.linkedin.com/jobs/view/4442635692/;https://media.licdn.com/dms/image/v2/D4E0BAQGNvQASzrdL_w/company-logo_100_100/company-logo_100_100/0/1687874736484/bairesdev_logo?e=1785974400&v=beta&t=lxAYMH3NbOhuQTTTJ-m2s7otRNPbs6PHZ0di0MFOz84;Advanced > Information Technology;https://www.linkedin.com/company/bairesdev/about/;-;backend OR java OR (spring AND boot) OR python OR django OR go OR golang OR php OR laravel OR ruby OR (ruby AND rails) OR c++ OR c# OR rust OR scala OR julia OR elixir OR node.js OR (asp.net AND core);bairesdev;2.0;LinkedIn;https://www.linkedin.com/jobs/view/4442635692/;https://www.linkedin.com/jobs/view/4442635692/;Remote;Engenharia Geral;21/07/2026;;São Paulo;SP;Região Sudeste;Brasil;América do Sul
224;BairesDev;Python Tech Lead - Trabalho Remoto;SP;20/07 15:00;https://www.linkedin.com/jobs/view/4442207386/;https://media.licdn.com/dms/image/v2/D4E0BAQGNvQASzrdL_w/company-logo_100_100/company-logo_100_100/0/1687874736484/bairesdev_logo?e=1785974400&v=beta&t=lxAYMH3NbOhuQTTTJ-m2s7otRNPbs6PHZ0di0MFOz84;Middle > Manager;https://www.linkedin.com/company/bairesdev/about/;Software e Serviços de TI;backend OR java OR (spring AND boot) OR python OR django OR go OR golang OR php OR laravel OR ruby OR (ruby AND rails) OR c++ OR c# OR rust OR scala OR julia OR elixir OR node.js OR (asp.net AND core);bairesdev;2.0;LinkedIn;https://www.linkedin.com/jobs/view/4442207386/;https://www.linkedin.com/jobs/view/4442207386/;Remote;Mid, Liderança/Gerência, TI/Tech;21/07/2026;;São Paulo;SP;Região Sudeste;Brasil;América do Sul
225;BairesDev;Tech Lead Java Senior - Trabalho Remoto;SP;20/07 13:00;https://www.linkedin.com/jobs/view/4442083651/;https://media.licdn.com/dms/image/v2/D4E0BAQGNvQASzrdL_w/company-logo_100_100/company-logo_100_100/0/1687874736484/bairesdev_logo?e=1785974400&v=beta&t=lxAYMH3NbOhuQTTTJ-m2s7otRNPbs6PHZ0di0MFOz84;Middle > Manager;https://www.linkedin.com/company/bairesdev/about/;Software e Serviços de TI;backend OR java OR (spring AND boot) OR python OR django OR go OR golang OR php OR laravel OR ruby OR (ruby AND rails) OR c++ OR c# OR rust OR scala OR julia OR elixir OR node.js OR (asp.net AND core);bairesdev;2.0;LinkedIn;https://www.linkedin.com/jobs/view/4442083651/;https://www.linkedin.com/jobs/view/4442083651/;Remote;Senior, Mid, Liderança/Gerência, TI/Tech;21/07/2026;;São Paulo;SP;Região Sudeste;Brasil;América do Sul
226;BairesDev;Backend Engineer (Go) - Remote Work;Salvador (BA);20/07 13:00;https://www.linkedin.com/jobs/view/4442093388/;https://media.licdn.com/dms/image/v2/D4E0BAQGNvQASzrdL_w/company-logo_100_100/company-logo_100_100/0/1687874736484/bairesdev_logo?e=1785974400&v=beta&t=lxAYMH3NbOhuQTTTJ-m2s7otRNPbs6PHZ0di0MFOz84;Advanced > Information Technology;https://www.linkedin.com/company/bairesdev/about/;-;backend OR java OR (spring AND boot) OR python OR django OR go OR golang OR php OR laravel OR ruby OR (ruby AND rails) OR c++ OR c# OR rust OR scala OR julia OR elixir OR node.js OR (asp.net AND core);bairesdev;2.0;LinkedIn;https://www.linkedin.com/jobs/view/4442093388/;https://www.linkedin.com/jobs/view/4442093388/;Remote;Backend, Engenharia Geral;21/07/2026;Salvador;Bahia;BA;Região Nordeste;Brasil;América do Sul
227;BairesDev;Desenvolvedor Junior Node.js - Trabalho Remoto;São Paulo (SP);20/07 14:00;https://www.linkedin.com/jobs/view/4442089885/;https://media.licdn.com/dms/image/v2/D4E0BAQGNvQASzrdL_w/company-logo_100_100/company-logo_100_100/0/1687874736484/bairesdev_logo?e=1785974400&v=beta&t=lxAYMH3NbOhuQTTTJ-m2s7otRNPbs6PHZ0di0MFOz84;-;https://www.linkedin.com/company/bairesdev/about/;-;backend OR java OR (spring AND boot) OR python OR django OR go OR golang OR php OR laravel OR ruby OR (ruby AND rails) OR c++ OR c# OR rust OR scala OR julia OR elixir OR node.js OR (asp.net AND core);bairesdev;2.0;LinkedIn;https://www.linkedin.com/jobs/view/4442089885/;https://www.linkedin.com/jobs/view/4442089885/;Remote;Junior;21/07/2026;São Paulo;São Paulo;SP;Região Sudeste;Brasil;América do Sul
228;BairesDev;Desenvolvedor Python - Trabalho Remoto;São Paulo (SP);20/07 17:00;https://www.linkedin.com/jobs/view/4442232059/;https://media.licdn.com/dms/image/v2/D4E0BAQGNvQASzrdL_w/company-logo_100_100/company-logo_100_100/0/1687874736484/bairesdev_logo?e=1785974400&v=beta&t=lxAYMH3NbOhuQTTTJ-m2s7otRNPbs6PHZ0di0MFOz84;-;https://www.linkedin.com/company/bairesdev/about/;-;backend OR java OR (spring AND boot) OR python OR django OR go OR golang OR php OR laravel OR ruby OR (ruby AND rails) OR c++ OR c# OR rust OR scala OR julia OR elixir OR node.js OR (asp.net AND core);bairesdev;2.0;LinkedIn;https://www.linkedin.com/jobs/view/4442232059/;https://www.linkedin.com/jobs/view/4442232059/;Remote;-;21/07/2026;São Paulo;São Paulo;SP;Região Sudeste;Brasil;América do Sul
229;BairesDev;Engenheiro de Software Node.js - Trabalho Remoto;São Paulo (SP);20/07 17:00;https://www.linkedin.com/jobs/view/4442210705/;https://media.licdn.com/dms/image/v2/D4E0BAQGNvQASzrdL_w/company-logo_100_100/company-logo_100_100/0/1687874736484/bairesdev_logo?e=1785974400&v=beta&t=lxAYMH3NbOhuQTTTJ-m2s7otRNPbs6PHZ0di0MFOz84;-;https://www.linkedin.com/company/bairesdev/about/;Software e Serviços de TI;backend OR java OR (spring AND boot) OR python OR django OR go OR golang OR php OR laravel OR ruby OR (ruby AND rails) OR c++ OR c# OR rust OR scala OR julia OR elixir OR node.js OR (asp.net AND core);bairesdev;2.0;LinkedIn;https://www.linkedin.com/jobs/view/4442210705/;https://www.linkedin.com/jobs/view/4442210705/;Remote;TI/Tech;21/07/2026;São Paulo;São Paulo;SP;Região Sudeste;Brasil;América do Sul
230;Beyond Soluções;Desenvolvedor Fullstack Java/React Sênior (Híbrido);São Paulo (SP);20/07 22:00;https://www.linkedin.com/jobs/view/4442244986/;https://media.licdn.com/dms/image/v2/D4D0BAQHs_WFHCqf9Fg/company-logo_100_100/company-logo_100_100/0/1701378457059/beyond_solucoes_logo?e=1785974400&v=beta&t=u8p5vlvMMthrvwtmYPpn3aujAef06gQ0o4_QiSj3P4I;-;https://www.linkedin.com/company/beyond-solu-es/about/;-;backend OR java OR (spring AND boot) OR python OR django OR go OR golang OR php OR laravel OR ruby OR (ruby AND rails) OR c++ OR c# OR rust OR scala OR julia OR elixir OR node.js OR (asp.net AND core);beyond soluções;1.0;LinkedIn;https://www.linkedin.com/jobs/view/4442244986/;https://www.linkedin.com/jobs/view/4442244986/;Hybrid;Senior, Full Stack;21/07/2026;São Paulo;São Paulo;SP;Região Sudeste;Brasil;América do Sul
231;Beyond Soluções;Tech Lead Java (Híbrido);São Paulo (SP);21/07 11:00;https://www.linkedin.com/jobs/view/4440456709/;https://media.licdn.com/dms/image/v2/D4D0BAQHs_WFHCqf9Fg/company-logo_100_100/company-logo_100_100/0/1701378457059/beyond_solucoes_logo?e=1785974400&v=beta&t=u8p5vlvMMthrvwtmYPpn3aujAef06gQ0o4_QiSj3P4I;Middle > Manager;https://www.linkedin.com/company/beyond-solu-es/about/;Software e Serviços de TI;backend OR java OR (spring AND boot) OR python OR django OR go OR golang OR php OR laravel OR ruby OR (ruby AND rails) OR c++ OR c# OR rust OR scala OR julia OR elixir OR node.js OR (asp.net AND core);beyond soluções;1.0;LinkedIn;https://www.linkedin.com/jobs/view/4440456709/;https://www.linkedin.com/jobs/view/4440456709/;Hybrid;Mid, Liderança/Gerência, TI/Tech;21/07/2026;São Paulo;São Paulo;SP;Região Sudeste;Brasil;América do Sul
232;Brainfarma;Técnico de Manutenção Elétrica I - Anápolis/Go;Anápolis (GO);21/07 11:00;https://www.linkedin.com/jobs/view/4442646155/;https://media.licdn.com/dms/image/v2/C4D0BAQGnPqJo3E1-Iw/company-logo_100_100/company-logo_100_100/0/1630436470392/brainfarma_logo?e=1785974400&v=beta&t=nSCrKmWYm2n6nx3vfP2q7P2qTQtBRd4MTUeb2oy4YkU;-;https://www.linkedin.com/company/brainfarma/about/;-;backend OR java OR (spring AND boot) OR python OR django OR go OR golang OR php OR laravel OR ruby OR (ruby AND rails) OR c++ OR c# OR rust OR scala OR julia OR elixir OR node.js OR (asp.net AND core);brainfarma;1.0;Gupy;https://www.linkedin.com/jobs/view/4442646155/;https://www.linkedin.com/jobs/view/4442646155/;On-site;Engenharia Geral, Sustentação/O&M;21/07/2026;Anápolis;Goiás;GO;Região Centro-Oeste;Brasil;América do Sul
233;Brainfarma;Técnico de Manutenção Mecânica - Anápolis/Go;Anápolis (GO);21/07 11:00;https://www.linkedin.com/jobs/view/4442650074/;https://media.licdn.com/dms/image/v2/C4D0BAQGnPqJo3E1-Iw/company-logo_100_100/company-logo_100_100/0/1630436470392/brainfarma_logo?e=1785974400&v=beta&t=nSCrKmWYm2n6nx3vfP2q7P2qTQtBRd4MTUeb2oy4YkU;-;https://www.linkedin.com/company/brainfarma/about/;-;backend OR java OR (spring AND boot) OR python OR django OR go OR golang OR php OR laravel OR ruby OR (ruby AND rails) OR c++ OR c# OR rust OR scala OR julia OR elixir OR node.js OR (asp.net AND core);brainfarma;1.0;Gupy;https://www.linkedin.com/jobs/view/4442650074/;https://www.linkedin.com/jobs/view/4442650074/;On-site;Engenharia Geral, Sustentação/O&M;21/07/2026;Anápolis;Goiás;GO;Região Centro-Oeste;Brasil;América do Sul
234;Brasilprev;ANALISTA DE SISTEMAS JAVA PLENO;São Paulo (SP);21/07 08:00;https://www.linkedin.com/jobs/view/4442617501/;https://media.licdn.com/dms/image/v2/D4D0BAQHoejNXyD93UA/company-logo_100_100/B4DZXyzoBoG8AQ-/0/1743535374895/brasilprev_logo?e=1785974400&v=beta&t=UnaFvKWxV1GCLTlakG5FOR5Sqy3cAWEf2qhxY8Z4l-k;Advanced > Specialist;https://www.linkedin.com/company/brasilprev/about/;Software e Serviços de TI;backend OR java OR (spring AND boot) OR python OR django OR go OR golang OR php OR laravel OR ruby OR (ruby AND rails) OR c++ OR c# OR rust OR scala OR julia OR elixir OR node.js OR (asp.net AND core);brasilprev;1;;https://www.linkedin.com/jobs/view/4442617501/;https://www.linkedin.com/jobs/view/4442617501/;Hybrid;Mid, Associate, TI/Tech;21/07/2026;São Paulo;São Paulo;SP;Região Sudeste;Brasil;América do Sul
235;Brastel Engenharia;Técnico MultSkill II - GO;Goiânia (GO);21/07 00:00;https://www.linkedin.com/jobs/view/4442267752/;https://media.licdn.com/dms/image/v2/D4E0BAQFJdasRV4sWuQ/company-logo_100_100/B4EZifaZjVGcAU-/0/1755021155044/brastelsolucoes_logo?e=1785974400&v=beta&t=z4dCbG1Yn077KZXoOtMgpC5O6CiBQmMr81Un6Vam1XU;-;https://www.linkedin.com/company/brastel-engenharia/about/;-;backend OR java OR (spring AND boot) OR python OR django OR go OR golang OR php OR laravel OR ruby OR (ruby AND rails) OR c++ OR c# OR rust OR scala OR julia OR elixir OR node.js OR (asp.net AND core);brastel engenharia;1.0;;https://www.linkedin.com/jobs/view/4442267752/;https://www.linkedin.com/jobs/view/4442267752/;On-site;-;21/07/2026;Goiânia;Goiás;GO;Região Centro-Oeste;Brasil;América do Sul
236;BriteCore;Senior Python Backend Engineer;Grande São Paulo (SP) ;21/07 11:00;https://www.linkedin.com/jobs/view/4297223145/;https://media.licdn.com/dms/image/v2/C4E0BAQH0HMMwXpG7Ug/company-logo_100_100/company-logo_100_100/0/1631354363216?e=1785974400&v=beta&t=sjgr730ExlU1y1YYQP4PQrZv8UTSCSPh-sy0WzU5R5E;Advanced > Information Technology;https://www.linkedin.com/company/britecore/about/;Software e Serviços de TI;backend OR java OR (spring AND boot) OR python OR django OR go OR golang OR php OR laravel OR ruby OR (ruby AND rails) OR c++ OR c# OR rust OR scala OR julia OR elixir OR node.js OR (asp.net AND core);britecore;1.0;LinkedIn (Easy Apply);https://www.linkedin.com/jobs/view/4297223145/;https://www.linkedin.com/jobs/view/4297223145/;Remote;Senior, Backend, Engenharia Geral;21/07/2026;;São Paulo;SP;Região Sudeste;Brasil;América do Sul
237;Bunge;Analista Controladoria Operações Júnior - Luziânia/GO;Luziânia (GO);20/07 23:00;https://www.linkedin.com/jobs/view/4443075458/;https://media.licdn.com/dms/image/v2/D560BAQFJQ0GVco3UXw/company-logo_100_100/company-logo_100_100/0/1720012233520/bunge_logo?e=1785974400&v=beta&t=bFHKx0uOgyL7cZtE5uGw9AvQrDgPIfcn7d-Vp5MdavE;Advanced > Specialist;https://www.linkedin.com/company/bunge/about/;-;backend OR java OR (spring AND boot) OR python OR django OR go OR golang OR php OR laravel OR ruby OR (ruby AND rails) OR c++ OR c# OR rust OR scala OR julia OR elixir OR node.js OR (asp.net AND core);bunge;3.0;jobs.bunge.com;https://www.linkedin.com/jobs/view/4443075458/;https://www.linkedin.com/jobs/view/4443075458/;On-site;Junior, Associate;21/07/2026;Luziânia;Goiás;GO;Região Centro-Oeste;Brasil;América do Sul
238;Buriti Empreendimentos;Analista Ambiental (Licenciamento)  - Goiânia/GO;Goiânia (GO);20/07 20:00;https://www.linkedin.com/jobs/view/4440192699/;https://media.licdn.com/dms/image/v2/C4E0BAQEqugX1uGjW5Q/company-logo_100_100/company-logo_100_100/0/1631375298054/buriti_empreendimentos_logo?e=1785974400&v=beta&t=Ek70Rb8Sq-lGzmt6ePTDPBc1JTWyFWpk2ySABJY7bRY;Advanced > Specialist;https://www.linkedin.com/company/buriti-empreendimentos/about/;Software e Serviços de TI;backend OR java OR (spring AND boot) OR python OR django OR go OR golang OR php OR laravel OR ruby OR (ruby AND rails) OR c++ OR c# OR rust OR scala OR julia OR elixir OR node.js OR (asp.net AND core);buriti empreendimentos;1.0;;https://www.linkedin.com/jobs/view/4440192699/;https://www.linkedin.com/jobs/view/4440192699/;On-site;Associate;21/07/2026;Goiânia;Goiás;GO;Região Centro-Oeste;Brasil;América do Sul
239;BuscarVagas - Empregos Brasil;Dev Java Pl – Home Office – Porto Alegre – RS - Seu Novo Emprego;Porto Alegre (RS);21/07 05:00;https://www.linkedin.com/jobs/view/4440437119/;https://media.licdn.com/dms/image/v2/D4D0BAQGegAuLcKhWMg/img-crop_100/B4DZrc3ndQIgAM-/0/1764642161116?e=1785974400&v=beta&t=mENAbVF04MEDndm2svtE1-m9nmjucC3XXniTGyETbVQ;Advanced > Information Technology;https://www.linkedin.com/company/buscarvagas-empregos-brasil/about/;Energia e Combustíveis;backend OR java OR (spring AND boot) OR python OR django OR go OR golang OR php OR laravel OR ruby OR (ruby AND rails) OR c++ OR c# OR rust OR scala OR julia OR elixir OR node.js OR (asp.net AND core);buscarvagas - empregos brasil;2.0;Vagas.com;https://www.linkedin.com/jobs/view/4440437119/;https://www.linkedin.com/jobs/view/4440437119/;Remote;Mid;21/07/2026;;Rio Grande do Sul;RS;Região Sul;Brasil;América do Sul
240;CI&T;Mid Level Developer  GO / Kotlin, Brazil;Brasil;21/07 11:00;https://www.linkedin.com/jobs/view/4443391367/;https://media.licdn.com/dms/image/v2/D4E0BAQHeZyGQWQJb7g/company-logo_100_100/B4EZ89lXBZJEAI-/0/1783444632002/ciandt_logo?e=1785974400&v=beta&t=fkeypj4BDpyxPE_FG8O_3WZxLWKvYJrxgliF3nhQO40;Advanced > Information Technology;https://www.linkedin.com/company/ci-t/about/;-;backend OR java OR (spring AND boot) OR python OR django OR go OR golang OR php OR laravel OR ruby OR (ruby AND rails) OR c++ OR c# OR rust OR scala OR julia OR elixir OR node.js OR (asp.net AND core);ci&t;4.0;LinkedIn (Easy Apply);https://www.linkedin.com/jobs/view/4443391367/;https://www.linkedin.com/jobs/view/4443391367/;Remote;Mid;21/07/2026;;;;;Brasil;América do Sul
241;CI&T;Mid Level Python  Developer , Brazil;Brasil;21/07 02:00;https://www.linkedin.com/jobs/view/4443090901/;https://media.licdn.com/dms/image/v2/D4E0BAQHeZyGQWQJb7g/company-logo_100_100/B4EZ89lXBZJEAI-/0/1783444632002/ciandt_logo?e=1785974400&v=beta&t=fkeypj4BDpyxPE_FG8O_3WZxLWKvYJrxgliF3nhQO40;Advanced > Information Technology;https://www.linkedin.com/company/ci-t/about/;-;backend OR java OR (spring AND boot) OR python OR django OR go OR golang OR php OR laravel OR ruby OR (ruby AND rails) OR c++ OR c# OR rust OR scala OR julia OR elixir OR node.js OR (asp.net AND core);ci&t;4.0;LinkedIn (Easy Apply);https://www.linkedin.com/jobs/view/4443090901/;https://www.linkedin.com/jobs/view/4443090901/;Remote;Mid;21/07/2026;;;;;Brasil;América do Sul
242;CI&T;Senior Developer GO, Brazil;Brasil;21/07 11:00;https://www.linkedin.com/jobs/view/4443367980/;https://media.licdn.com/dms/image/v2/D4E0BAQHeZyGQWQJb7g/company-logo_100_100/B4EZ89lXBZJEAI-/0/1783444632002/ciandt_logo?e=1785974400&v=beta&t=fkeypj4BDpyxPE_FG8O_3WZxLWKvYJrxgliF3nhQO40;Advanced > Information Technology;https://www.linkedin.com/company/ci-t/about/;-;backend OR java OR (spring AND boot) OR python OR django OR go OR golang OR php OR laravel OR ruby OR (ruby AND rails) OR c++ OR c# OR rust OR scala OR julia OR elixir OR node.js OR (asp.net AND core);ci&t;4.0;LinkedIn (Easy Apply);https://www.linkedin.com/jobs/view/4443367980/;https://www.linkedin.com/jobs/view/4443367980/;Remote;Senior;21/07/2026;;;;;Brasil;América do Sul
243;CI&T;Senior FullStack Developer Kotlin/ Nodejs / Java / Reactjs, Brazil;Brasil;21/07 11:00;https://www.linkedin.com/jobs/view/4443381564/;https://media.licdn.com/dms/image/v2/D4E0BAQHeZyGQWQJb7g/company-logo_100_100/B4EZ89lXBZJEAI-/0/1783444632002/ciandt_logo?e=1785974400&v=beta&t=fkeypj4BDpyxPE_FG8O_3WZxLWKvYJrxgliF3nhQO40;Advanced > Information Technology;https://www.linkedin.com/company/ci-t/about/;-;backend OR java OR (spring AND boot) OR python OR django OR go OR golang OR php OR laravel OR ruby OR (ruby AND rails) OR c++ OR c# OR rust OR scala OR julia OR elixir OR node.js OR (asp.net AND core);ci&t;4.0;LinkedIn (Easy Apply);https://www.linkedin.com/jobs/view/4443381564/;https://www.linkedin.com/jobs/view/4443381564/;Remote;Senior, Full Stack;21/07/2026;;;;;Brasil;América do Sul
244;CI&T;Mid-Level Java Developer, São Paulo (Hybrid);São Paulo (SP);21/07 08:00;https://www.linkedin.com/jobs/view/4434907956/;https://media.licdn.com/dms/image/v2/D4E0BAQHeZyGQWQJb7g/company-logo_100_100/B4EZ89lXBZJEAI-/0/1783444632002/ciandt_logo?e=1785974400&v=beta&t=fkeypj4BDpyxPE_FG8O_3WZxLWKvYJrxgliF3nhQO40;Advanced > Information Technology;https://www.linkedin.com/company/ci-t/about/;-;backend OR java OR (spring AND boot) OR python OR django OR go OR golang OR php OR laravel OR ruby OR (ruby AND rails) OR c++ OR c# OR rust OR scala OR julia OR elixir OR node.js OR (asp.net AND core);ci&t;4.0;LinkedIn (Easy Apply);https://www.linkedin.com/jobs/view/4434907956/;https://www.linkedin.com/jobs/view/4434907956/;Hybrid;Mid;21/07/2026;São Paulo;São Paulo;SP;Região Sudeste;Brasil;América do Sul
245;CI&T;Senior Java Developer, São Paulo (Hybrid);São Paulo (SP);21/07 09:00;https://www.linkedin.com/jobs/view/4434914963/;https://media.licdn.com/dms/image/v2/D4E0BAQHeZyGQWQJb7g/company-logo_100_100/B4EZ89lXBZJEAI-/0/1783444632002/ciandt_logo?e=1785974400&v=beta&t=fkeypj4BDpyxPE_FG8O_3WZxLWKvYJrxgliF3nhQO40;Advanced > Information Technology;https://www.linkedin.com/company/ci-t/about/;-;backend OR java OR (spring AND boot) OR python OR django OR go OR golang OR php OR laravel OR ruby OR (ruby AND rails) OR c++ OR c# OR rust OR scala OR julia OR elixir OR node.js OR (asp.net AND core);ci&t;4.0;LinkedIn (Easy Apply);https://www.linkedin.com/jobs/view/4434914963/;https://www.linkedin.com/jobs/view/4434914963/;Hybrid;Senior;21/07/2026;São Paulo;São Paulo;SP;Região Sudeste;Brasil;América do Sul
246;CI&T;Tech Lead Java, São Paulo (Hybrid);São Paulo (SP);21/07 08:00;https://www.linkedin.com/jobs/view/4434928077/;https://media.licdn.com/dms/image/v2/D4E0BAQHeZyGQWQJb7g/company-logo_100_100/B4EZ89lXBZJEAI-/0/1783444632002/ciandt_logo?e=1785974400&v=beta&t=fkeypj4BDpyxPE_FG8O_3WZxLWKvYJrxgliF3nhQO40;Middle > Manager;https://www.linkedin.com/company/ci-t/about/;Software e Serviços de TI;backend OR java OR (spring AND boot) OR python OR django OR go OR golang OR php OR laravel OR ruby OR (ruby AND rails) OR c++ OR c# OR rust OR scala OR julia OR elixir OR node.js OR (asp.net AND core);ci&t;4.0;LinkedIn (Easy Apply);https://www.linkedin.com/jobs/view/4434928077/;https://www.linkedin.com/jobs/view/4434928077/;Hybrid;Mid, Liderança/Gerência, TI/Tech;21/07/2026;São Paulo;São Paulo;SP;Região Sudeste;Brasil;América do Sul
247;COCARI - Cooperativa Agropecuária e Industrial;Estoquista - GO;Campo Alegre de Goiás (GO);21/07 00:00;https://www.linkedin.com/jobs/view/4442287166/;https://media.licdn.com/dms/image/v2/C4D0BAQHH1vTzZRbUSQ/company-logo_100_100/company-logo_100_100/0/1641252308925/cocaricoop_logo?e=1785974400&v=beta&t=h8FjoBuCwYIWloeVUM8PDmGu9iXeTMRoKZoZHfPw8hY;-;https://www.linkedin.com/company/cocari-cooperativa-agropecu-ria-e-industrial/about/;Agro;backend OR java OR (spring AND boot) OR python OR django OR go OR golang OR php OR laravel OR ruby OR (ruby AND rails) OR c++ OR c# OR rust OR scala OR julia OR elixir OR node.js OR (asp.net AND core);cocari - cooperativa agropecuária e industrial;1.0;empregos.com.br;https://www.linkedin.com/jobs/view/4442287166/;https://www.linkedin.com/jobs/view/4442287166/;On-site;-;21/07/2026;Campo Alegre de Goiás;Goiás;GO;Região Centro-Oeste;Brasil;América do Sul
248;COCARI - Cooperativa Agropecuária e Industrial;Assistente administrativo - GO;Silvânia (GO);21/07 00:00;https://www.linkedin.com/jobs/view/4442269887/;https://media.licdn.com/dms/image/v2/C4D0BAQHH1vTzZRbUSQ/company-logo_100_100/company-logo_100_100/0/1641252308925/cocaricoop_logo?e=1785974400&v=beta&t=h8FjoBuCwYIWloeVUM8PDmGu9iXeTMRoKZoZHfPw8hY;-;https://www.linkedin.com/company/cocari-cooperativa-agropecu-ria-e-industrial/about/;Agro;backend OR java OR (spring AND boot) OR python OR django OR go OR golang OR php OR laravel OR ruby OR (ruby AND rails) OR c++ OR c# OR rust OR scala OR julia OR elixir OR node.js OR (asp.net AND core);cocari - cooperativa agropecuária e industrial;1.0;empregos.com.br;https://www.linkedin.com/jobs/view/4442269887/;https://www.linkedin.com/jobs/view/4442269887/;On-site;Associate;21/07/2026;Silvânia;Goiás;GO;Região Centro-Oeste;Brasil;América do Sul
249;COCARI - Cooperativa Agropecuária e Industrial;OPERADOR MÁQUINAS I e II - GO;Silvânia (GO);21/07 00:00;https://www.linkedin.com/jobs/view/4442271514/;https://media.licdn.com/dms/image/v2/C4D0BAQHH1vTzZRbUSQ/company-logo_100_100/company-logo_100_100/0/1641252308925/cocaricoop_logo?e=1785974400&v=beta&t=h8FjoBuCwYIWloeVUM8PDmGu9iXeTMRoKZoZHfPw8hY;-;https://www.linkedin.com/company/cocari-cooperativa-agropecu-ria-e-industrial/about/;Agro;backend OR java OR (spring AND boot) OR python OR django OR go OR golang OR php OR laravel OR ruby OR (ruby AND rails) OR c++ OR c# OR rust OR scala OR julia OR elixir OR node.js OR (asp.net AND core);cocari - cooperativa agropecuária e industrial;1.0;empregos.com.br;https://www.linkedin.com/jobs/view/4442271514/;https://www.linkedin.com/jobs/view/4442271514/;On-site;-;21/07/2026;Silvânia;Goiás;GO;Região Centro-Oeste;Brasil;América do Sul
250;CWI Software;Desenvolvedor(a) Java- Sênior;Brasil;20/07 15:00;https://www.linkedin.com/jobs/view/4442767614/;https://media.licdn.com/dms/image/v2/D4D0BAQEalq6vm3t3-Q/company-logo_100_100/B4DZdp6lJcHMAQ-/0/1749828654033/cwi_software_logo?e=1785974400&v=beta&t=uyDCbcxfHrZ_ytkjYkEEyM_Gw5ZZTVyjnD-BaPbR2ko;-;https://www.linkedin.com/company/cwi-software/about/;Software e Serviços de TI;backend OR java OR (spring AND boot) OR python OR django OR go OR golang OR php OR laravel OR ruby OR (ruby AND rails) OR c++ OR c# OR rust OR scala OR julia OR elixir OR node.js OR (asp.net AND core);cwi software;1.0;;https://www.linkedin.com/jobs/view/4442767614/;https://www.linkedin.com/jobs/view/4442767614/;Remote;Senior;21/07/2026;;;;;Brasil;América do Sul
251;Canonical;Staff Software Engineer for Identity Management (Go/Golang);Brasil;21/07 11:00;https://www.linkedin.com/jobs/view/4434708904/;https://media.licdn.com/dms/image/v2/C560BAQEbIYAkAURcYw/company-logo_100_100/company-logo_100_100/0/1650566107463/canonical_logo?e=1785974400&v=beta&t=GWub3Lt-4fSWlJKmMHP9qMUdbbncL3NCI4wz34g3vKQ;Middle > Manager;https://www.linkedin.com/company/canonical/about/;Software e Serviços de TI;backend OR java OR (spring AND boot) OR python OR django OR go OR golang OR php OR laravel OR ruby OR (ruby AND rails) OR c++ OR c# OR rust OR scala OR julia OR elixir OR node.js OR (asp.net AND core);canonical;3.0;Greenhouse;https://www.linkedin.com/jobs/view/4434708904/;https://www.linkedin.com/jobs/view/4434708904/;Remote;TI/Tech, Engenharia Geral;21/07/2026;;;;;Brasil;América do Sul
252;Capgemini;Analista Desenvolvedor/ Desenvolvedora Java;Barueri (SP);20/07 14:00;https://www.linkedin.com/jobs/view/4442759123/;https://media.licdn.com/dms/image/v2/D4E0BAQHIL3HctxNfvg/company-logo_100_100/B4EZokv7VQIUAQ-/0/1761553135376/capgemini_logo?e=1785974400&v=beta&t=jylcYmYUBlZIdz7otEgiZY5Jo_wx5A-0Z1VZ_3DdN6c;Advanced > Specialist;https://www.linkedin.com/company/capgemini/about/;-;backend OR java OR (spring AND boot) OR python OR django OR go OR golang OR php OR laravel OR ruby OR (ruby AND rails) OR c++ OR c# OR rust OR scala OR julia OR elixir OR node.js OR (asp.net AND core);capgemini;4.0;LinkedIn (Easy Apply);https://www.linkedin.com/jobs/view/4442759123/;https://www.linkedin.com/jobs/view/4442759123/;On-site;Associate;21/07/2026;Barueri;São Paulo;SP;Região Sudeste;Brasil;América do Sul
253;Capgemini;Desenvolvedor/ Desenvolvedora Java;Barueri (SP);20/07 14:00;https://www.linkedin.com/jobs/view/4442762077/;https://media.licdn.com/dms/image/v2/D4E0BAQHIL3HctxNfvg/company-logo_100_100/B4EZokv7VQIUAQ-/0/1761553135376/capgemini_logo?e=1785974400&v=beta&t=jylcYmYUBlZIdz7otEgiZY5Jo_wx5A-0Z1VZ_3DdN6c;-;https://www.linkedin.com/company/capgemini/about/;-;backend OR java OR (spring AND boot) OR python OR django OR go OR golang OR php OR laravel OR ruby OR (ruby AND rails) OR c++ OR c# OR rust OR scala OR julia OR elixir OR node.js OR (asp.net AND core);capgemini;4.0;LinkedIn (Easy Apply);https://www.linkedin.com/jobs/view/4442762077/;https://www.linkedin.com/jobs/view/4442762077/;On-site;-;21/07/2026;Barueri;São Paulo;SP;Região Sudeste;Brasil;América do Sul
254;Capgemini;Desenvolvedor/ Desenvolvedora Java/ Quarkus;Barueri (SP);20/07 14:00;https://www.linkedin.com/jobs/view/4442754408/;https://media.licdn.com/dms/image/v2/D4E0BAQHIL3HctxNfvg/company-logo_100_100/B4EZokv7VQIUAQ-/0/1761553135376/capgemini_logo?e=1785974400&v=beta&t=jylcYmYUBlZIdz7otEgiZY5Jo_wx5A-0Z1VZ_3DdN6c;-;https://www.linkedin.com/company/capgemini/about/;-;backend OR java OR (spring AND boot) OR python OR django OR go OR golang OR php OR laravel OR ruby OR (ruby AND rails) OR c++ OR c# OR rust OR scala OR julia OR elixir OR node.js OR (asp.net AND core);capgemini;4.0;LinkedIn (Easy Apply);https://www.linkedin.com/jobs/view/4442754408/;https://www.linkedin.com/jobs/view/4442754408/;On-site;-;21/07/2026;Barueri;São Paulo;SP;Região Sudeste;Brasil;América do Sul
255;Capgemini;Desenvolvedor(a) de Software Júnior - Java;Recife (PE);20/07 17:00;https://www.linkedin.com/jobs/view/4440178743/;https://media.licdn.com/dms/image/v2/D4E0BAQHIL3HctxNfvg/company-logo_100_100/B4EZokv7VQIUAQ-/0/1761553135376/capgemini_logo?e=1785974400&v=beta&t=jylcYmYUBlZIdz7otEgiZY5Jo_wx5A-0Z1VZ_3DdN6c;-;https://www.linkedin.com/company/capgemini/about/;Software e Serviços de TI;backend OR java OR (spring AND boot) OR python OR django OR go OR golang OR php OR laravel OR ruby OR (ruby AND rails) OR c++ OR c# OR rust OR scala OR julia OR elixir OR node.js OR (asp.net AND core);capgemini;4.0;LinkedIn (Easy Apply);https://www.linkedin.com/jobs/view/4440178743/;https://www.linkedin.com/jobs/view/4440178743/;Hybrid;Junior, TI/Tech;21/07/2026;Recife;Pernambuco;PE;Região Nordeste;Brasil;América do Sul
256;Cargill;Analista de Logística JR - Rio Verde / GO;Rio Verde (GO);20/07 21:00;https://www.linkedin.com/jobs/view/4440410129/;https://media.licdn.com/dms/image/v2/D560BAQE-JavwZhEueQ/company-logo_100_100/B56ZVIHolwGoAQ-/0/1740671715990/cargill_logo?e=1785974400&v=beta&t=qU-b8etdkvlvzAWD7fwb6EcZZr0acTtTM_McI5DYScw;Advanced > Specialist;https://www.linkedin.com/company/cargill/about/;Logística e Supply Chain;backend OR java OR (spring AND boot) OR python OR django OR go OR golang OR php OR laravel OR ruby OR (ruby AND rails) OR c++ OR c# OR rust OR scala OR julia OR elixir OR node.js OR (asp.net AND core);cargill;1.0;careers.cargill.com;https://www.linkedin.com/jobs/view/4440410129/;https://www.linkedin.com/jobs/view/4440410129/;On-site;Junior, Associate, Logística/Supply;21/07/2026;Rio Verde;Goiás;GO;Região Centro-Oeste;Brasil;América do Sul
257;Casa K&M;Auxiliar de logística - Anápolis/GO;Anápolis (GO);20/07 20:00;https://www.linkedin.com/jobs/view/4440185960/;https://media.licdn.com/dms/image/v2/D4D0BAQEe0IuwZjJjKw/company-logo_100_100/company-logo_100_100/0/1728665262710/casa_km_logo?e=1785974400&v=beta&t=i8GAInoUWMofRHKmInxRIPkjaVFju_T-DM7K9xOwCk4;-;https://www.linkedin.com/company/casa-k-m/about/;Logística e Supply Chain;backend OR java OR (spring AND boot) OR python OR django OR go OR golang OR php OR laravel OR ruby OR (ruby AND rails) OR c++ OR c# OR rust OR scala OR julia OR elixir OR node.js OR (asp.net AND core);casa k&m;1;;https://www.linkedin.com/jobs/view/4440185960/;https://www.linkedin.com/jobs/view/4440185960/;On-site;Associate, Logística/Supply;21/07/2026;Anápolis;Goiás;GO;Região Centro-Oeste;Brasil;América do Sul
258;Casa K&M;Operador de empilhadeira - Anápolis/GO;Anápolis (GO);20/07 20:00;https://www.linkedin.com/jobs/view/4440189905/;https://media.licdn.com/dms/image/v2/D4D0BAQEe0IuwZjJjKw/company-logo_100_100/company-logo_100_100/0/1728665262710/casa_km_logo?e=1785974400&v=beta&t=i8GAInoUWMofRHKmInxRIPkjaVFju_T-DM7K9xOwCk4;-;https://www.linkedin.com/company/casa-k-m/about/;-;backend OR java OR (spring AND boot) OR python OR django OR go OR golang OR php OR laravel OR ruby OR (ruby AND rails) OR c++ OR c# OR rust OR scala OR julia OR elixir OR node.js OR (asp.net AND core);casa k&m;1;;https://www.linkedin.com/jobs/view/4440189905/;https://www.linkedin.com/jobs/view/4440189905/;On-site;-;21/07/2026;Anápolis;Goiás;GO;Região Centro-Oeste;Brasil;América do Sul
259;Cical;Analista de Marketing - Trafégo Pago - GO;Goiânia (GO);21/07 00:00;https://www.linkedin.com/jobs/view/4442282153/;https://media.licdn.com/dms/image/v2/D4D0BAQGARzsPoj6-wA/company-logo_100_100/company-logo_100_100/0/1681392840056/cicalbr_logo?e=1785974400&v=beta&t=sqTJAxc441UuQuYALdVWNQjVegd_TBUPZP88ZX6fQSk;Advanced > Specialist;https://www.linkedin.com/company/cical/about/;Marketing e Publicidade Marketing;backend OR java OR (spring AND boot) OR python OR django OR go OR golang OR php OR laravel OR ruby OR (ruby AND rails) OR c++ OR c# OR rust OR scala OR julia OR elixir OR node.js OR (asp.net AND core);cical;1.0;;https://www.linkedin.com/jobs/view/4442282153/;https://www.linkedin.com/jobs/view/4442282153/;On-site;Associate, Marketing/Mídia;21/07/2026;Goiânia;Goiás;GO;Região Centro-Oeste;Brasil;América do Sul
260;ClassPass;Senior Software Engineer, Backend (Remote);Brasil;21/07 07:00;https://www.linkedin.com/jobs/view/4267802307/;https://media.licdn.com/dms/image/v2/D560BAQFm2VYPkA3hjg/company-logo_100_100/company-logo_100_100/0/1689120052565/classpass_logo?e=1785974400&v=beta&t=WGf_2Jf3b6FO43jNjE2Axu-MU7J6ynB3Z2cX_cryf1A;Advanced > Information Technology;https://www.linkedin.com/company/classpass/about/;Software e Serviços de TI;backend OR java OR (spring AND boot) OR python OR django OR go OR golang OR php OR laravel OR ruby OR (ruby AND rails) OR c++ OR c# OR rust OR scala OR julia OR elixir OR node.js OR (asp.net AND core);classpass;1.0;www.playlist.com;https://www.linkedin.com/jobs/view/4267802307/;https://www.linkedin.com/jobs/view/4267802307/;Remote;Senior, TI/Tech, Backend, Engenharia Geral;21/07/2026;;;;;Brasil;América do Sul
261;Clínicas Inteligentes;Auxiliar de Serviços Gerais - GO;Catalão (GO);21/07 00:00;https://www.linkedin.com/jobs/view/4442269611/;https://media.licdn.com/dms/image/v2/C4E0BAQELS3QvPQAEqQ/company-logo_100_100/company-logo_100_100/0/1630612102994/clinicas_inteligentes_logo?e=1785974400&v=beta&t=jlXnc_pRyUZykPOGKsAX_dpzNYvSo6m0AuZyVJpFAqA;-;https://www.linkedin.com/company/cl-nicas-inteligentes/about/;Hardware e Eletrônicos;backend OR java OR (spring AND boot) OR python OR django OR go OR golang OR php OR laravel OR ruby OR (ruby AND rails) OR c++ OR c# OR rust OR scala OR julia OR elixir OR node.js OR (asp.net AND core);clínicas inteligentes;3.0;empregos.com.br;https://www.linkedin.com/jobs/view/4442269611/;https://www.linkedin.com/jobs/view/4442269611/;On-site;Associate;21/07/2026;Catalão;Goiás;GO;Região Centro-Oeste;Brasil;América do Sul
262;Clínicas Inteligentes;Recepcionista - GO;Goianira (GO);21/07 00:00;https://www.linkedin.com/jobs/view/4442287063/;https://media.licdn.com/dms/image/v2/C4E0BAQELS3QvPQAEqQ/company-logo_100_100/company-logo_100_100/0/1630612102994/clinicas_inteligentes_logo?e=1785974400&v=beta&t=jlXnc_pRyUZykPOGKsAX_dpzNYvSo6m0AuZyVJpFAqA;-;https://www.linkedin.com/company/cl-nicas-inteligentes/about/;Hardware e Eletrônicos;backend OR java OR (spring AND boot) OR python OR django OR go OR golang OR php OR laravel OR ruby OR (ruby AND rails) OR c++ OR c# OR rust OR scala OR julia OR elixir OR node.js OR (asp.net AND core);clínicas inteligentes;3.0;empregos.com.br;https://www.linkedin.com/jobs/view/4442287063/;https://www.linkedin.com/jobs/view/4442287063/;On-site;-;21/07/2026;Goianira;Goiás;GO;Região Centro-Oeste;Brasil;América do Sul
263;Clínicas Inteligentes;Técnico de Saúde Bucal - GO;Goiás (GO);21/07 00:00;https://www.linkedin.com/jobs/view/4442271753/;https://media.licdn.com/dms/image/v2/C4E0BAQELS3QvPQAEqQ/company-logo_100_100/company-logo_100_100/0/1630612102994/clinicas_inteligentes_logo?e=1785974400&v=beta&t=jlXnc_pRyUZykPOGKsAX_dpzNYvSo6m0AuZyVJpFAqA;-;https://www.linkedin.com/company/cl-nicas-inteligentes/about/;Hardware e Eletrônicos;backend OR java OR (spring AND boot) OR python OR django OR go OR golang OR php OR laravel OR ruby OR (ruby AND rails) OR c++ OR c# OR rust OR scala OR julia OR elixir OR node.js OR (asp.net AND core);clínicas inteligentes;3.0;empregos.com.br;https://www.linkedin.com/jobs/view/4442271753/;https://www.linkedin.com/jobs/view/4442271753/;On-site;Saúde/Pesquisa;21/07/2026;Goiás;Goiás;GO;Região Centro-Oeste;Brasil;América do Sul
264;Clínicas Inteligentes;Analista Contábil Jr - GO;Goiânia (GO);21/07 00:00;https://www.linkedin.com/jobs/view/4442274441/;https://media.licdn.com/dms/image/v2/C4E0BAQELS3QvPQAEqQ/company-logo_100_100/company-logo_100_100/0/1630612102994/clinicas_inteligentes_logo?e=1785974400&v=beta&t=jlXnc_pRyUZykPOGKsAX_dpzNYvSo6m0AuZyVJpFAqA;Advanced > Specialist;https://www.linkedin.com/company/cl-nicas-inteligentes/about/;Hardware e Eletrônicos;backend OR java OR (spring AND boot) OR python OR django OR go OR golang OR php OR laravel OR ruby OR (ruby AND rails) OR c++ OR c# OR rust OR scala OR julia OR elixir OR node.js OR (asp.net AND core);clínicas inteligentes;3.0;empregos.com.br;https://www.linkedin.com/jobs/view/4442274441/;https://www.linkedin.com/jobs/view/4442274441/;On-site;Junior, Associate;21/07/2026;Goiânia;Goiás;GO;Região Centro-Oeste;Brasil;América do Sul
265;Clínicas Inteligentes;Analista de Novos Projetos - GO;Goiânia (GO);21/07 00:00;https://www.linkedin.com/jobs/view/4442273876/;https://media.licdn.com/dms/image/v2/C4E0BAQELS3QvPQAEqQ/company-logo_100_100/company-logo_100_100/0/1630612102994/clinicas_inteligentes_logo?e=1785974400&v=beta&t=jlXnc_pRyUZykPOGKsAX_dpzNYvSo6m0AuZyVJpFAqA;Advanced > Specialist;https://www.linkedin.com/company/cl-nicas-inteligentes/about/;Hardware e Eletrônicos;backend OR java OR (spring AND boot) OR python OR django OR go OR golang OR php OR laravel OR ruby OR (ruby AND rails) OR c++ OR c# OR rust OR scala OR julia OR elixir OR node.js OR (asp.net AND core);clínicas inteligentes;3.0;empregos.com.br;https://www.linkedin.com/jobs/view/4442273876/;https://www.linkedin.com/jobs/view/4442273876/;On-site;Associate;21/07/2026;Goiânia;Goiás;GO;Região Centro-Oeste;Brasil;América do Sul
266;Clínicas Inteligentes;Assistente de faturamento - GO;Goiânia (GO);21/07 00:00;https://www.linkedin.com/jobs/view/4442268884/;https://media.licdn.com/dms/image/v2/C4E0BAQELS3QvPQAEqQ/company-logo_100_100/company-logo_100_100/0/1630612102994/clinicas_inteligentes_logo?e=1785974400&v=beta&t=jlXnc_pRyUZykPOGKsAX_dpzNYvSo6m0AuZyVJpFAqA;-;https://www.linkedin.com/company/cl-nicas-inteligentes/about/;Hardware e Eletrônicos;backend OR java OR (spring AND boot) OR python OR django OR go OR golang OR php OR laravel OR ruby OR (ruby AND rails) OR c++ OR c# OR rust OR scala OR julia OR elixir OR node.js OR (asp.net AND core);clínicas inteligentes;3.0;empregos.com.br;https://www.linkedin.com/jobs/view/4442268884/;https://www.linkedin.com/jobs/view/4442268884/;On-site;Associate;21/07/2026;Goiânia;Goiás;GO;Região Centro-Oeste;Brasil;América do Sul
267;Clínicas Inteligentes;Assistente de relacionamento comercial - GO;Goiânia (GO);21/07 00:00;https://www.linkedin.com/jobs/view/4442272595/;https://media.licdn.com/dms/image/v2/C4E0BAQELS3QvPQAEqQ/company-logo_100_100/company-logo_100_100/0/1630612102994/clinicas_inteligentes_logo?e=1785974400&v=beta&t=jlXnc_pRyUZykPOGKsAX_dpzNYvSo6m0AuZyVJpFAqA;-;https://www.linkedin.com/company/cl-nicas-inteligentes/about/;Hardware e Eletrônicos;backend OR java OR (spring AND boot) OR python OR django OR go OR golang OR php OR laravel OR ruby OR (ruby AND rails) OR c++ OR c# OR rust OR scala OR julia OR elixir OR node.js OR (asp.net AND core);clínicas inteligentes;3.0;empregos.com.br;https://www.linkedin.com/jobs/view/4442272595/;https://www.linkedin.com/jobs/view/4442272595/;On-site;Associate, Vendas / Comercial;21/07/2026;Goiânia;Goiás;GO;Região Centro-Oeste;Brasil;América do Sul
268;Clínicas Inteligentes;Assistente jurídico - GO;Goiânia (GO);21/07 00:00;https://www.linkedin.com/jobs/view/4442290035/;https://media.licdn.com/dms/image/v2/C4E0BAQELS3QvPQAEqQ/company-logo_100_100/company-logo_100_100/0/1630612102994/clinicas_inteligentes_logo?e=1785974400&v=beta&t=jlXnc_pRyUZykPOGKsAX_dpzNYvSo6m0AuZyVJpFAqA;-;https://www.linkedin.com/company/cl-nicas-inteligentes/about/;Hardware e Eletrônicos;backend OR java OR (spring AND boot) OR python OR django OR go OR golang OR php OR laravel OR ruby OR (ruby AND rails) OR c++ OR c# OR rust OR scala OR julia OR elixir OR node.js OR (asp.net AND core);clínicas inteligentes;3.0;empregos.com.br;https://www.linkedin.com/jobs/view/4442290035/;https://www.linkedin.com/jobs/view/4442290035/;On-site;Associate;21/07/2026;Goiânia;Goiás;GO;Região Centro-Oeste;Brasil;América do Sul
269;Clínicas Inteligentes;Auxiliar Administrativo - av Castelo Branco - GO;Goiânia (GO);21/07 00:00;https://www.linkedin.com/jobs/view/4442282371/;https://media.licdn.com/dms/image/v2/C4E0BAQELS3QvPQAEqQ/company-logo_100_100/company-logo_100_100/0/1630612102994/clinicas_inteligentes_logo?e=1785974400&v=beta&t=jlXnc_pRyUZykPOGKsAX_dpzNYvSo6m0AuZyVJpFAqA;-;https://www.linkedin.com/company/cl-nicas-inteligentes/about/;Hardware e Eletrônicos;backend OR java OR (spring AND boot) OR python OR django OR go OR golang OR php OR laravel OR ruby OR (ruby AND rails) OR c++ OR c# OR rust OR scala OR julia OR elixir OR node.js OR (asp.net AND core);clínicas inteligentes;3.0;empregos.com.br;https://www.linkedin.com/jobs/view/4442282371/;https://www.linkedin.com/jobs/view/4442282371/;On-site;Associate;21/07/2026;Goiânia;Goiás;GO;Região Centro-Oeste;Brasil;América do Sul
270;Clínicas Inteligentes;Auxiliar Administrativo - setor Campinas - GO;Goiânia (GO);21/07 00:00;https://www.linkedin.com/jobs/view/4442271785/;https://media.licdn.com/dms/image/v2/C4E0BAQELS3QvPQAEqQ/company-logo_100_100/company-logo_100_100/0/1630612102994/clinicas_inteligentes_logo?e=1785974400&v=beta&t=jlXnc_pRyUZykPOGKsAX_dpzNYvSo6m0AuZyVJpFAqA;-;https://www.linkedin.com/company/cl-nicas-inteligentes/about/;Hardware e Eletrônicos;backend OR java OR (spring AND boot) OR python OR django OR go OR golang OR php OR laravel OR ruby OR (ruby AND rails) OR c++ OR c# OR rust OR scala OR julia OR elixir OR node.js OR (asp.net AND core);clínicas inteligentes;3.0;empregos.com.br;https://www.linkedin.com/jobs/view/4442271785/;https://www.linkedin.com/jobs/view/4442271785/;On-site;Associate;21/07/2026;Goiânia;Goiás;GO;Região Centro-Oeste;Brasil;América do Sul
271;Clínicas Inteligentes;Auxiliar Administrativo - setor Vila Nova - GO;Goiânia (GO);21/07 00:00;https://www.linkedin.com/jobs/view/4442290060/;https://media.licdn.com/dms/image/v2/C4E0BAQELS3QvPQAEqQ/company-logo_100_100/company-logo_100_100/0/1630612102994/clinicas_inteligentes_logo?e=1785974400&v=beta&t=jlXnc_pRyUZykPOGKsAX_dpzNYvSo6m0AuZyVJpFAqA;-;https://www.linkedin.com/company/cl-nicas-inteligentes/about/;Hardware e Eletrônicos;backend OR java OR (spring AND boot) OR python OR django OR go OR golang OR php OR laravel OR ruby OR (ruby AND rails) OR c++ OR c# OR rust OR scala OR julia OR elixir OR node.js OR (asp.net AND core);clínicas inteligentes;3.0;empregos.com.br;https://www.linkedin.com/jobs/view/4442290060/;https://www.linkedin.com/jobs/view/4442290060/;On-site;Associate;21/07/2026;Goiânia;Goiás;GO;Região Centro-Oeste;Brasil;América do Sul
272;Clínicas Inteligentes;Auxiliar Contábil - GO;Goiânia (GO);21/07 00:00;https://www.linkedin.com/jobs/view/4442281454/;https://media.licdn.com/dms/image/v2/C4E0BAQELS3QvPQAEqQ/company-logo_100_100/company-logo_100_100/0/1630612102994/clinicas_inteligentes_logo?e=1785974400&v=beta&t=jlXnc_pRyUZykPOGKsAX_dpzNYvSo6m0AuZyVJpFAqA;-;https://www.linkedin.com/company/cl-nicas-inteligentes/about/;Hardware e Eletrônicos;backend OR java OR (spring AND boot) OR python OR django OR go OR golang OR php OR laravel OR ruby OR (ruby AND rails) OR c++ OR c# OR rust OR scala OR julia OR elixir OR node.js OR (asp.net AND core);clínicas inteligentes;3.0;empregos.com.br;https://www.linkedin.com/jobs/view/4442281454/;https://www.linkedin.com/jobs/view/4442281454/;On-site;Associate;21/07/2026;Goiânia;Goiás;GO;Região Centro-Oeste;Brasil;América do Sul
273;Clínicas Inteligentes;Auxiliar de Analise de credito - GO;Goiânia (GO);21/07 00:00;https://www.linkedin.com/jobs/view/4442274668/;https://media.licdn.com/dms/image/v2/C4E0BAQELS3QvPQAEqQ/company-logo_100_100/company-logo_100_100/0/1630612102994/clinicas_inteligentes_logo?e=1785974400&v=beta&t=jlXnc_pRyUZykPOGKsAX_dpzNYvSo6m0AuZyVJpFAqA;-;https://www.linkedin.com/company/cl-nicas-inteligentes/about/;Hardware e Eletrônicos;backend OR java OR (spring AND boot) OR python OR django OR go OR golang OR php OR laravel OR ruby OR (ruby AND rails) OR c++ OR c# OR rust OR scala OR julia OR elixir OR node.js OR (asp.net AND core);clínicas inteligentes;3.0;empregos.com.br;https://www.linkedin.com/jobs/view/4442274668/;https://www.linkedin.com/jobs/view/4442274668/;On-site;Associate;21/07/2026;Goiânia;Goiás;GO;Região Centro-Oeste;Brasil;América do Sul
274;Clínicas Inteligentes;Auxiliar de Conferência - GO;Goiânia (GO);21/07 00:00;https://www.linkedin.com/jobs/view/4442284316/;https://media.licdn.com/dms/image/v2/C4E0BAQELS3QvPQAEqQ/company-logo_100_100/company-logo_100_100/0/1630612102994/clinicas_inteligentes_logo?e=1785974400&v=beta&t=jlXnc_pRyUZykPOGKsAX_dpzNYvSo6m0AuZyVJpFAqA;-;https://www.linkedin.com/company/cl-nicas-inteligentes/about/;Hardware e Eletrônicos;backend OR java OR (spring AND boot) OR python OR django OR go OR golang OR php OR laravel OR ruby OR (ruby AND rails) OR c++ OR c# OR rust OR scala OR julia OR elixir OR node.js OR (asp.net AND core);clínicas inteligentes;3.0;empregos.com.br;https://www.linkedin.com/jobs/view/4442284316/;https://www.linkedin.com/jobs/view/4442284316/;On-site;Associate;21/07/2026;Goiânia;Goiás;GO;Região Centro-Oeste;Brasil;América do Sul
275;Clínicas Inteligentes;Auxiliar de Contas a Receber - GO;Goiânia (GO);21/07 00:00;https://www.linkedin.com/jobs/view/4442290102/;https://media.licdn.com/dms/image/v2/C4E0BAQELS3QvPQAEqQ/company-logo_100_100/company-logo_100_100/0/1630612102994/clinicas_inteligentes_logo?e=1785974400&v=beta&t=jlXnc_pRyUZykPOGKsAX_dpzNYvSo6m0AuZyVJpFAqA;-;https://www.linkedin.com/company/cl-nicas-inteligentes/about/;Hardware e Eletrônicos;backend OR java OR (spring AND boot) OR python OR django OR go OR golang OR php OR laravel OR ruby OR (ruby AND rails) OR c++ OR c# OR rust OR scala OR julia OR elixir OR node.js OR (asp.net AND core);clínicas inteligentes;3.0;empregos.com.br;https://www.linkedin.com/jobs/view/4442290102/;https://www.linkedin.com/jobs/view/4442290102/;On-site;Associate;21/07/2026;Goiânia;Goiás;GO;Região Centro-Oeste;Brasil;América do Sul
276;Clínicas Inteligentes;Auxiliar de Saúde Bucal - Goiânia - GO;Goiânia (GO);21/07 00:00;https://www.linkedin.com/jobs/view/4442281264/;https://media.licdn.com/dms/image/v2/C4E0BAQELS3QvPQAEqQ/company-logo_100_100/company-logo_100_100/0/1630612102994/clinicas_inteligentes_logo?e=1785974400&v=beta&t=jlXnc_pRyUZykPOGKsAX_dpzNYvSo6m0AuZyVJpFAqA;-;https://www.linkedin.com/company/cl-nicas-inteligentes/about/;Hardware e Eletrônicos;backend OR java OR (spring AND boot) OR python OR django OR go OR golang OR php OR laravel OR ruby OR (ruby AND rails) OR c++ OR c# OR rust OR scala OR julia OR elixir OR node.js OR (asp.net AND core);clínicas inteligentes;3.0;empregos.com.br;https://www.linkedin.com/jobs/view/4442281264/;https://www.linkedin.com/jobs/view/4442281264/;On-site;Associate, Saúde/Pesquisa;21/07/2026;Goiânia;Goiás;GO;Região Centro-Oeste;Brasil;América do Sul
277;Clínicas Inteligentes;Auxiliar de Serviços Gerais - Centro Goiânia - GO;Goiânia (GO);21/07 00:00;https://www.linkedin.com/jobs/view/4442286160/;https://media.licdn.com/dms/image/v2/C4E0BAQELS3QvPQAEqQ/company-logo_100_100/company-logo_100_100/0/1630612102994/clinicas_inteligentes_logo?e=1785974400&v=beta&t=jlXnc_pRyUZykPOGKsAX_dpzNYvSo6m0AuZyVJpFAqA;-;https://www.linkedin.com/company/cl-nicas-inteligentes/about/;Hardware e Eletrônicos;backend OR java OR (spring AND boot) OR python OR django OR go OR golang OR php OR laravel OR ruby OR (ruby AND rails) OR c++ OR c# OR rust OR scala OR julia OR elixir OR node.js OR (asp.net AND core);clínicas inteligentes;3.0;empregos.com.br;https://www.linkedin.com/jobs/view/4442286160/;https://www.linkedin.com/jobs/view/4442286160/;On-site;Associate;21/07/2026;Goiânia;Goiás;GO;Região Centro-Oeste;Brasil;América do Sul
278;Clínicas Inteligentes;Auxiliar de Serviços Gerais - GO;Goiânia (GO);21/07 00:00;https://www.linkedin.com/jobs/view/4442284292/;https://media.licdn.com/dms/image/v2/C4E0BAQELS3QvPQAEqQ/company-logo_100_100/company-logo_100_100/0/1630612102994/clinicas_inteligentes_logo?e=1785974400&v=beta&t=jlXnc_pRyUZykPOGKsAX_dpzNYvSo6m0AuZyVJpFAqA;-;https://www.linkedin.com/company/cl-nicas-inteligentes/about/;Hardware e Eletrônicos;backend OR java OR (spring AND boot) OR python OR django OR go OR golang OR php OR laravel OR ruby OR (ruby AND rails) OR c++ OR c# OR rust OR scala OR julia OR elixir OR node.js OR (asp.net AND core);clínicas inteligentes;3.0;empregos.com.br;https://www.linkedin.com/jobs/view/4442284292/;https://www.linkedin.com/jobs/view/4442284292/;On-site;Associate;21/07/2026;Goiânia;Goiás;GO;Região Centro-Oeste;Brasil;América do Sul
279;Clínicas Inteligentes;Auxiliar de compras - GO;Goiânia (GO);21/07 00:00;https://www.linkedin.com/jobs/view/4442283067/;https://media.licdn.com/dms/image/v2/C4E0BAQELS3QvPQAEqQ/company-logo_100_100/company-logo_100_100/0/1630612102994/clinicas_inteligentes_logo?e=1785974400&v=beta&t=jlXnc_pRyUZykPOGKsAX_dpzNYvSo6m0AuZyVJpFAqA;-;https://www.linkedin.com/company/cl-nicas-inteligentes/about/;Hardware e Eletrônicos;backend OR java OR (spring AND boot) OR python OR django OR go OR golang OR php OR laravel OR ruby OR (ruby AND rails) OR c++ OR c# OR rust OR scala OR julia OR elixir OR node.js OR (asp.net AND core);clínicas inteligentes;3.0;empregos.com.br;https://www.linkedin.com/jobs/view/4442283067/;https://www.linkedin.com/jobs/view/4442283067/;On-site;Associate;21/07/2026;Goiânia;Goiás;GO;Região Centro-Oeste;Brasil;América do Sul
280;Clínicas Inteligentes;Contador - GO;Goiânia (GO);21/07 00:00;https://www.linkedin.com/jobs/view/4442291055/;https://media.licdn.com/dms/image/v2/C4E0BAQELS3QvPQAEqQ/company-logo_100_100/company-logo_100_100/0/1630612102994/clinicas_inteligentes_logo?e=1785974400&v=beta&t=jlXnc_pRyUZykPOGKsAX_dpzNYvSo6m0AuZyVJpFAqA;-;https://www.linkedin.com/company/cl-nicas-inteligentes/about/;Hardware e Eletrônicos;backend OR java OR (spring AND boot) OR python OR django OR go OR golang OR php OR laravel OR ruby OR (ruby AND rails) OR c++ OR c# OR rust OR scala OR julia OR elixir OR node.js OR (asp.net AND core);clínicas inteligentes;3.0;empregos.com.br;https://www.linkedin.com/jobs/view/4442291055/;https://www.linkedin.com/jobs/view/4442291055/;On-site;-;21/07/2026;Goiânia;Goiás;GO;Região Centro-Oeste;Brasil;América do Sul
281;Clínicas Inteligentes;Contador - GO;Goiânia (GO);21/07 00:00;https://www.linkedin.com/jobs/view/4442267979/;https://media.licdn.com/dms/image/v2/C4E0BAQELS3QvPQAEqQ/company-logo_100_100/company-logo_100_100/0/1630612102994/clinicas_inteligentes_logo?e=1785974400&v=beta&t=jlXnc_pRyUZykPOGKsAX_dpzNYvSo6m0AuZyVJpFAqA;-;https://www.linkedin.com/company/cl-nicas-inteligentes/about/;Hardware e Eletrônicos;backend OR java OR (spring AND boot) OR python OR django OR go OR golang OR php OR laravel OR ruby OR (ruby AND rails) OR c++ OR c# OR rust OR scala OR julia OR elixir OR node.js OR (asp.net AND core);clínicas inteligentes;3.0;empregos.com.br;https://www.linkedin.com/jobs/view/4442267979/;https://www.linkedin.com/jobs/view/4442267979/;On-site;-;21/07/2026;Goiânia;Goiás;GO;Região Centro-Oeste;Brasil;América do Sul
282;Clínicas Inteligentes;Recepcionista - Santo Hilário - GO;Goiânia (GO);21/07 00:00;https://www.linkedin.com/jobs/view/4442289060/;https://media.licdn.com/dms/image/v2/C4E0BAQELS3QvPQAEqQ/company-logo_100_100/company-logo_100_100/0/1630612102994/clinicas_inteligentes_logo?e=1785974400&v=beta&t=jlXnc_pRyUZykPOGKsAX_dpzNYvSo6m0AuZyVJpFAqA;-;https://www.linkedin.com/company/cl-nicas-inteligentes/about/;Hardware e Eletrônicos;backend OR java OR (spring AND boot) OR python OR django OR go OR golang OR php OR laravel OR ruby OR (ruby AND rails) OR c++ OR c# OR rust OR scala OR julia OR elixir OR node.js OR (asp.net AND core);clínicas inteligentes;3.0;empregos.com.br;https://www.linkedin.com/jobs/view/4442289060/;https://www.linkedin.com/jobs/view/4442289060/;On-site;-;21/07/2026;Goiânia;Goiás;GO;Região Centro-Oeste;Brasil;América do Sul
283;Clínicas Inteligentes;Técnico de Saúde Bucal - Goiânia - GO;Goiânia (GO);21/07 00:00;https://www.linkedin.com/jobs/view/4442264941/;https://media.licdn.com/dms/image/v2/C4E0BAQELS3QvPQAEqQ/company-logo_100_100/company-logo_100_100/0/1630612102994/clinicas_inteligentes_logo?e=1785974400&v=beta&t=jlXnc_pRyUZykPOGKsAX_dpzNYvSo6m0AuZyVJpFAqA;-;https://www.linkedin.com/company/cl-nicas-inteligentes/about/;Hardware e Eletrônicos;backend OR java OR (spring AND boot) OR python OR django OR go OR golang OR php OR laravel OR ruby OR (ruby AND rails) OR c++ OR c# OR rust OR scala OR julia OR elixir OR node.js OR (asp.net AND core);clínicas inteligentes;3.0;empregos.com.br;https://www.linkedin.com/jobs/view/4442264941/;https://www.linkedin.com/jobs/view/4442264941/;On-site;Saúde/Pesquisa;21/07/2026;Goiânia;Goiás;GO;Região Centro-Oeste;Brasil;América do Sul
284;Clínicas Inteligentes;Auxiliar de Serviços Gerais - Itumbiara - GO;Itumbiara (GO);21/07 00:00;https://www.linkedin.com/jobs/view/4442280307/;https://media.licdn.com/dms/image/v2/C4E0BAQELS3QvPQAEqQ/company-logo_100_100/company-logo_100_100/0/1630612102994/clinicas_inteligentes_logo?e=1785974400&v=beta&t=jlXnc_pRyUZykPOGKsAX_dpzNYvSo6m0AuZyVJpFAqA;-;https://www.linkedin.com/company/cl-nicas-inteligentes/about/;Hardware e Eletrônicos;backend OR java OR (spring AND boot) OR python OR django OR go OR golang OR php OR laravel OR ruby OR (ruby AND rails) OR c++ OR c# OR rust OR scala OR julia OR elixir OR node.js OR (asp.net AND core);clínicas inteligentes;3.0;empregos.com.br;https://www.linkedin.com/jobs/view/4442280307/;https://www.linkedin.com/jobs/view/4442280307/;On-site;Associate;21/07/2026;Itumbiara;Goiás;GO;Região Centro-Oeste;Brasil;América do Sul
285;Clínicas Inteligentes;Recepcionista - GO;Itumbiara (GO);21/07 00:00;https://www.linkedin.com/jobs/view/4442273731/;https://media.licdn.com/dms/image/v2/C4E0BAQELS3QvPQAEqQ/company-logo_100_100/company-logo_100_100/0/1630612102994/clinicas_inteligentes_logo?e=1785974400&v=beta&t=jlXnc_pRyUZykPOGKsAX_dpzNYvSo6m0AuZyVJpFAqA;-;https://www.linkedin.com/company/cl-nicas-inteligentes/about/;Hardware e Eletrônicos;backend OR java OR (spring AND boot) OR python OR django OR go OR golang OR php OR laravel OR ruby OR (ruby AND rails) OR c++ OR c# OR rust OR scala OR julia OR elixir OR node.js OR (asp.net AND core);clínicas inteligentes;3.0;empregos.com.br;https://www.linkedin.com/jobs/view/4442273731/;https://www.linkedin.com/jobs/view/4442273731/;On-site;-;21/07/2026;Itumbiara;Goiás;GO;Região Centro-Oeste;Brasil;América do Sul
286;Clínicas Inteligentes;Recepcionista - GO;Jataí (GO);21/07 00:00;https://www.linkedin.com/jobs/view/4442275649/;https://media.licdn.com/dms/image/v2/C4E0BAQELS3QvPQAEqQ/company-logo_100_100/company-logo_100_100/0/1630612102994/clinicas_inteligentes_logo?e=1785974400&v=beta&t=jlXnc_pRyUZykPOGKsAX_dpzNYvSo6m0AuZyVJpFAqA;-;https://www.linkedin.com/company/cl-nicas-inteligentes/about/;Hardware e Eletrônicos;backend OR java OR (spring AND boot) OR python OR django OR go OR golang OR php OR laravel OR ruby OR (ruby AND rails) OR c++ OR c# OR rust OR scala OR julia OR elixir OR node.js OR (asp.net AND core);clínicas inteligentes;3.0;empregos.com.br;https://www.linkedin.com/jobs/view/4442275649/;https://www.linkedin.com/jobs/view/4442275649/;On-site;-;21/07/2026;Jataí;Goiás;GO;Região Centro-Oeste;Brasil;América do Sul
287;Clínicas Inteligentes;Recepcionista - GO;Morrinhos (GO);21/07 00:00;https://www.linkedin.com/jobs/view/4442262871/;https://media.licdn.com/dms/image/v2/C4E0BAQELS3QvPQAEqQ/company-logo_100_100/company-logo_100_100/0/1630612102994/clinicas_inteligentes_logo?e=1785974400&v=beta&t=jlXnc_pRyUZykPOGKsAX_dpzNYvSo6m0AuZyVJpFAqA;-;https://www.linkedin.com/company/cl-nicas-inteligentes/about/;Hardware e Eletrônicos;backend OR java OR (spring AND boot) OR python OR django OR go OR golang OR php OR laravel OR ruby OR (ruby AND rails) OR c++ OR c# OR rust OR scala OR julia OR elixir OR node.js OR (asp.net AND core);clínicas inteligentes;3.0;empregos.com.br;https://www.linkedin.com/jobs/view/4442262871/;https://www.linkedin.com/jobs/view/4442262871/;On-site;-;21/07/2026;Morrinhos;Goiás;GO;Região Centro-Oeste;Brasil;América do Sul
288;Clínicas Inteligentes;Recepcionista - GO;Quirinópolis (GO);21/07 00:00;https://www.linkedin.com/jobs/view/4442286135/;https://media.licdn.com/dms/image/v2/C4E0BAQELS3QvPQAEqQ/company-logo_100_100/company-logo_100_100/0/1630612102994/clinicas_inteligentes_logo?e=1785974400&v=beta&t=jlXnc_pRyUZykPOGKsAX_dpzNYvSo6m0AuZyVJpFAqA;-;https://www.linkedin.com/company/cl-nicas-inteligentes/about/;Hardware e Eletrônicos;backend OR java OR (spring AND boot) OR python OR django OR go OR golang OR php OR laravel OR ruby OR (ruby AND rails) OR c++ OR c# OR rust OR scala OR julia OR elixir OR node.js OR (asp.net AND core);clínicas inteligentes;3.0;empregos.com.br;https://www.linkedin.com/jobs/view/4442286135/;https://www.linkedin.com/jobs/view/4442286135/;On-site;-;21/07/2026;Quirinópolis;Goiás;GO;Região Centro-Oeste;Brasil;América do Sul
289;Clínicas Inteligentes;Recepcionista - GO;Rio Verde (GO);21/07 00:00;https://www.linkedin.com/jobs/view/4442274549/;https://media.licdn.com/dms/image/v2/C4E0BAQELS3QvPQAEqQ/company-logo_100_100/company-logo_100_100/0/1630612102994/clinicas_inteligentes_logo?e=1785974400&v=beta&t=jlXnc_pRyUZykPOGKsAX_dpzNYvSo6m0AuZyVJpFAqA;-;https://www.linkedin.com/company/cl-nicas-inteligentes/about/;Hardware e Eletrônicos;backend OR java OR (spring AND boot) OR python OR django OR go OR golang OR php OR laravel OR ruby OR (ruby AND rails) OR c++ OR c# OR rust OR scala OR julia OR elixir OR node.js OR (asp.net AND core);clínicas inteligentes;3.0;empregos.com.br;https://www.linkedin.com/jobs/view/4442274549/;https://www.linkedin.com/jobs/view/4442274549/;On-site;-;21/07/2026;Rio Verde;Goiás;GO;Região Centro-Oeste;Brasil;América do Sul
290;Clínicas Inteligentes;Recepcionista - GO;Rio Verde (GO);21/07 00:00;https://www.linkedin.com/jobs/view/4442268751/;https://media.licdn.com/dms/image/v2/C4E0BAQELS3QvPQAEqQ/company-logo_100_100/company-logo_100_100/0/1630612102994/clinicas_inteligentes_logo?e=1785974400&v=beta&t=jlXnc_pRyUZykPOGKsAX_dpzNYvSo6m0AuZyVJpFAqA;-;https://www.linkedin.com/company/cl-nicas-inteligentes/about/;Hardware e Eletrônicos;backend OR java OR (spring AND boot) OR python OR django OR go OR golang OR php OR laravel OR ruby OR (ruby AND rails) OR c++ OR c# OR rust OR scala OR julia OR elixir OR node.js OR (asp.net AND core);clínicas inteligentes;3.0;empregos.com.br;https://www.linkedin.com/jobs/view/4442268751/;https://www.linkedin.com/jobs/view/4442268751/;On-site;-;21/07/2026;Rio Verde;Goiás;GO;Região Centro-Oeste;Brasil;América do Sul
291;Code Group;Desenvolvedor(a) Backend Sênior (.NET/C#);Grande São Paulo (SP) ;21/07 11:00;https://www.linkedin.com/jobs/view/4440451954/;https://media.licdn.com/dms/image/v2/C4E0BAQG5vstBVawMrg/company-logo_100_100/company-logo_100_100/0/1630621866889?e=1785974400&v=beta&t=Jm4RXq7IQqdmNbs-oZ_hhHJldPr9jf9qs8JjESC5CdY;-;https://www.linkedin.com/company/code-group/about/;-;backend OR java OR (spring AND boot) OR python OR django OR go OR golang OR php OR laravel OR ruby OR (ruby AND rails) OR c++ OR c# OR rust OR scala OR julia OR elixir OR node.js OR (asp.net AND core);code group;1.0;LinkedIn (Easy Apply);https://www.linkedin.com/jobs/view/4440451954/;https://www.linkedin.com/jobs/view/4440451954/;Hybrid;Senior, Backend;21/07/2026;;São Paulo;SP;Região Sudeste;Brasil;América do Sul
292;Code Group;QA Automação Sênior (Java/Selenium);SP;21/07 11:00;https://www.linkedin.com/jobs/view/4440453881/;https://media.licdn.com/dms/image/v2/C4E0BAQG5vstBVawMrg/company-logo_100_100/company-logo_100_100/0/1630621866889?e=1785974400&v=beta&t=Jm4RXq7IQqdmNbs-oZ_hhHJldPr9jf9qs8JjESC5CdY;Advanced > Process & Automation;https://www.linkedin.com/company/code-group/about/;-;backend OR java OR (spring AND boot) OR python OR django OR go OR golang OR php OR laravel OR ruby OR (ruby AND rails) OR c++ OR c# OR rust OR scala OR julia OR elixir OR node.js OR (asp.net AND core);code group;1.0;LinkedIn (Easy Apply);https://www.linkedin.com/jobs/view/4440453881/;https://www.linkedin.com/jobs/view/4440453881/;Hybrid;Senior, Testes / QA;21/07/2026;;São Paulo;SP;Região Sudeste;Brasil;América do Sul
293;Cogna Educação;PROFESSOR - ODONTOLOGIA - ANÁPOLIS/GO;Anápolis (GO);21/07 04:00;https://www.linkedin.com/jobs/view/4442288693/;https://media.licdn.com/dms/image/v2/D4D0BAQELEPfSLRyqxw/company-logo_100_100/B4DZr_xVlBJIAU-/0/1765227715463/cogna_educao_logo?e=1785974400&v=beta&t=jP8H4sqw1H0XtN23-JwDeWPepzFzTRc8c-SMeUOI-lM;-;https://www.linkedin.com/company/cogna-educa-o/about/;Educação;backend OR java OR (spring AND boot) OR python OR django OR go OR golang OR php OR laravel OR ruby OR (ruby AND rails) OR c++ OR c# OR rust OR scala OR julia OR elixir OR node.js OR (asp.net AND core);cogna educação;3.0;Gupy;https://www.linkedin.com/jobs/view/4442288693/;https://www.linkedin.com/jobs/view/4442288693/;On-site;-;21/07/2026;Anápolis;Goiás;GO;Região Centro-Oeste;Brasil;América do Sul
294;Cogna Educação;PROFESSOR - PSICOLOGIA - LUIZIANIA/GO;Luziânia (GO);20/07 16:00;https://www.linkedin.com/jobs/view/4442220284/;https://media.licdn.com/dms/image/v2/D4D0BAQELEPfSLRyqxw/company-logo_100_100/B4DZr_xVlBJIAU-/0/1765227715463/cogna_educao_logo?e=1785974400&v=beta&t=jP8H4sqw1H0XtN23-JwDeWPepzFzTRc8c-SMeUOI-lM;-;https://www.linkedin.com/company/cogna-educa-o/about/;Educação;backend OR java OR (spring AND boot) OR python OR django OR go OR golang OR php OR laravel OR ruby OR (ruby AND rails) OR c++ OR c# OR rust OR scala OR julia OR elixir OR node.js OR (asp.net AND core);cogna educação;3.0;Gupy;https://www.linkedin.com/jobs/view/4442220284/;https://www.linkedin.com/jobs/view/4442220284/;On-site;-;21/07/2026;Luziânia;Goiás;GO;Região Centro-Oeste;Brasil;América do Sul
295;Compass UOL;AI/ML Backend Software Engineer | Senior (Remote);Brasil;20/07 18:00;https://www.linkedin.com/jobs/view/4443006147/;https://media.licdn.com/dms/image/v2/D4D0BAQGS2dYkE6pQUA/company-logo_100_100/B4DZ2b.l4WIkAY-/0/1776438370262/compass_uol_logo?e=1785974400&v=beta&t=yj_WC5qvDq_kUk2bbvwbpoRWqbDuF_i1ZLg1oAxkTI8;Advanced > Information Technology;https://www.linkedin.com/company/compass-uol/about/;Software e Serviços de TI;backend OR java OR (spring AND boot) OR python OR django OR go OR golang OR php OR laravel OR ruby OR (ruby AND rails) OR c++ OR c# OR rust OR scala OR julia OR elixir OR node.js OR (asp.net AND core);compass uol;4.0;Gupy;https://www.linkedin.com/jobs/view/4443006147/;https://www.linkedin.com/jobs/view/4443006147/;Remote;Machine Learning, Inteligência Artificial, Senior, TI/Tech, Backend, Engenharia Geral;21/07/2026;;;;;Brasil;América do Sul
296;Compass UOL;Java Back-End Developer | PL (Remote);Brasil;20/07 12:00;https://www.linkedin.com/jobs/view/4443500106/;https://media.licdn.com/dms/image/v2/D4D0BAQGS2dYkE6pQUA/company-logo_100_100/B4DZ2b.l4WIkAY-/0/1776438370262/compass_uol_logo?e=1785974400&v=beta&t=yj_WC5qvDq_kUk2bbvwbpoRWqbDuF_i1ZLg1oAxkTI8;Advanced > Information Technology;https://www.linkedin.com/company/compass-uol/about/;-;backend OR java OR (spring AND boot) OR python OR django OR go OR golang OR php OR laravel OR ruby OR (ruby AND rails) OR c++ OR c# OR rust OR scala OR julia OR elixir OR node.js OR (asp.net AND core);compass uol;4.0;Gupy;https://www.linkedin.com/jobs/view/4443500106/;https://www.linkedin.com/jobs/view/4443500106/;Remote;Mid, Backend;21/07/2026;;;;;Brasil;América do Sul
297;Compass UOL;Java Back-End Developer | Pleno (Remote);Brasil;20/07 18:00;https://www.linkedin.com/jobs/view/4442797573/;https://media.licdn.com/dms/image/v2/D4D0BAQGS2dYkE6pQUA/company-logo_100_100/B4DZ2b.l4WIkAY-/0/1776438370262/compass_uol_logo?e=1785974400&v=beta&t=yj_WC5qvDq_kUk2bbvwbpoRWqbDuF_i1ZLg1oAxkTI8;Advanced > Information Technology;https://www.linkedin.com/company/compass-uol/about/;-;backend OR java OR (spring AND boot) OR python OR django OR go OR golang OR php OR laravel OR ruby OR (ruby AND rails) OR c++ OR c# OR rust OR scala OR julia OR elixir OR node.js OR (asp.net AND core);compass uol;4.0;Gupy;https://www.linkedin.com/jobs/view/4442797573/;https://www.linkedin.com/jobs/view/4442797573/;Remote;Mid, Backend;21/07/2026;;;;;Brasil;América do Sul
298;Cooperativa COMIGO;CLASSIFICADOR - ARMAZÉM PARAISO - CAIAPONIA GO;Caiapônia (GO);20/07 12:00;https://www.linkedin.com/jobs/view/4442074808/;https://media.licdn.com/dms/image/v2/D4D0BAQGWxZ_Rs93ERA/company-logo_100_100/B4DZx1rZtbIwAQ-/0/1771500838106/cooperativacomigo_logo?e=1785974400&v=beta&t=MMby9GNe9atvWmRgsNROrYjagM9vMgc5SKDs4_H3ZHw;-;https://www.linkedin.com/company/cooperativa-comigo/about/;Software e Serviços de TI;backend OR java OR (spring AND boot) OR python OR django OR go OR golang OR php OR laravel OR ruby OR (ruby AND rails) OR c++ OR c# OR rust OR scala OR julia OR elixir OR node.js OR (asp.net AND core);cooperativa comigo;1.0;;https://www.linkedin.com/jobs/view/4442074808/;https://www.linkedin.com/jobs/view/4442074808/;On-site;-;21/07/2026;Caiapônia;Goiás;GO;Região Centro-Oeste;Brasil;América do Sul
299;Cooperativa COMIGO;LIDER DE OPERAÇÃO - ARMAZEM PARAISO - CAIAPONIA GO;Caiapônia (GO);20/07 12:00;https://www.linkedin.com/jobs/view/4442076743/;https://media.licdn.com/dms/image/v2/D4D0BAQGWxZ_Rs93ERA/company-logo_100_100/B4DZx1rZtbIwAQ-/0/1771500838106/cooperativacomigo_logo?e=1785974400&v=beta&t=MMby9GNe9atvWmRgsNROrYjagM9vMgc5SKDs4_H3ZHw;-;https://www.linkedin.com/company/cooperativa-comigo/about/;Software e Serviços de TI;backend OR java OR (spring AND boot) OR python OR django OR go OR golang OR php OR laravel OR ruby OR (ruby AND rails) OR c++ OR c# OR rust OR scala OR julia OR elixir OR node.js OR (asp.net AND core);cooperativa comigo;1.0;;https://www.linkedin.com/jobs/view/4442076743/;https://www.linkedin.com/jobs/view/4442076743/;On-site;Liderança/Gerência;21/07/2026;Caiapônia;Goiás;GO;Região Centro-Oeste;Brasil;América do Sul
300;Cooperativa COMIGO;TRATORISTA AGRICOLA - FAZENDA FLORESTAL VI - JATAI GO;Jataí (GO);21/07 11:00;https://www.linkedin.com/jobs/view/4442635979/;https://media.licdn.com/dms/image/v2/D4D0BAQGWxZ_Rs93ERA/company-logo_100_100/B4DZx1rZtbIwAQ-/0/1771500838106/cooperativacomigo_logo?e=1785974400&v=beta&t=MMby9GNe9atvWmRgsNROrYjagM9vMgc5SKDs4_H3ZHw;-;https://www.linkedin.com/company/cooperativa-comigo/about/;Agro;backend OR java OR (spring AND boot) OR python OR django OR go OR golang OR php OR laravel OR ruby OR (ruby AND rails) OR c++ OR c# OR rust OR scala OR julia OR elixir OR node.js OR (asp.net AND core);cooperativa comigo;1.0;;https://www.linkedin.com/jobs/view/4442635979/;https://www.linkedin.com/jobs/view/4442635979/;On-site;-;21/07/2026;Jataí;Goiás;GO;Região Centro-Oeste;Brasil;América do Sul
301;Cooperativa COMIGO;APRENDIZ DE OPERADOR DE PROCESSOS INDUSTRIAIS - COMPLEXO INDUSTRIAL - RIO VERDE GO;Rio Verde (GO);20/07 12:00;https://www.linkedin.com/jobs/view/4442642604/;https://media.licdn.com/dms/image/v2/D4D0BAQGWxZ_Rs93ERA/company-logo_100_100/B4DZx1rZtbIwAQ-/0/1771500838106/cooperativacomigo_logo?e=1785974400&v=beta&t=MMby9GNe9atvWmRgsNROrYjagM9vMgc5SKDs4_H3ZHw;Advanced > Process & Automation;https://www.linkedin.com/company/cooperativa-comigo/about/;Manufatura e Produção;backend OR java OR (spring AND boot) OR python OR django OR go OR golang OR php OR laravel OR ruby OR (ruby AND rails) OR c++ OR c# OR rust OR scala OR julia OR elixir OR node.js OR (asp.net AND core);cooperativa comigo;1.0;;https://www.linkedin.com/jobs/view/4442642604/;https://www.linkedin.com/jobs/view/4442642604/;On-site;Intern, Processos/Excelência, Engenharia Geral;21/07/2026;Rio Verde;Goiás;GO;Região Centro-Oeste;Brasil;América do Sul
302;Cooperativa COMIGO;AUXILIAR DE MANUTENÇÃO DE MAQUINAS AGRICOLAS - FAZENDA FLORESTAL V - RIO VERDE GO;Rio Verde (GO);20/07 12:00;https://www.linkedin.com/jobs/view/4442642603/;https://media.licdn.com/dms/image/v2/D4D0BAQGWxZ_Rs93ERA/company-logo_100_100/B4DZx1rZtbIwAQ-/0/1771500838106/cooperativacomigo_logo?e=1785974400&v=beta&t=MMby9GNe9atvWmRgsNROrYjagM9vMgc5SKDs4_H3ZHw;-;https://www.linkedin.com/company/cooperativa-comigo/about/;Agro;backend OR java OR (spring AND boot) OR python OR django OR go OR golang OR php OR laravel OR ruby OR (ruby AND rails) OR c++ OR c# OR rust OR scala OR julia OR elixir OR node.js OR (asp.net AND core);cooperativa comigo;1.0;;https://www.linkedin.com/jobs/view/4442642603/;https://www.linkedin.com/jobs/view/4442642603/;On-site;Associate, Sustentação/O&M;21/07/2026;Rio Verde;Goiás;GO;Região Centro-Oeste;Brasil;América do Sul
303;Cooperativa COMIGO;AUXILIAR DE PRODUÇÃO - FÁBRICA DE RAÇÃO I - COMPLEXO INDUSTRIAL - RIO VERDE GO;Rio Verde (GO);20/07 12:00;https://www.linkedin.com/jobs/view/4442655133/;https://media.licdn.com/dms/image/v2/D4D0BAQGWxZ_Rs93ERA/company-logo_100_100/B4DZx1rZtbIwAQ-/0/1771500838106/cooperativacomigo_logo?e=1785974400&v=beta&t=MMby9GNe9atvWmRgsNROrYjagM9vMgc5SKDs4_H3ZHw;-;https://www.linkedin.com/company/cooperativa-comigo/about/;Manufatura e Produção;backend OR java OR (spring AND boot) OR python OR django OR go OR golang OR php OR laravel OR ruby OR (ruby AND rails) OR c++ OR c# OR rust OR scala OR julia OR elixir OR node.js OR (asp.net AND core);cooperativa comigo;1.0;;https://www.linkedin.com/jobs/view/4442655133/;https://www.linkedin.com/jobs/view/4442655133/;On-site;Associate, Engenharia Geral;21/07/2026;Rio Verde;Goiás;GO;Região Centro-Oeste;Brasil;América do Sul
304;Cooperativa COMIGO;ELETRICISTA INDUSTRIAL I - MANUTENCAO ELETRICA - COMPLEXO INDUSTRIAL - RIO VERDE GO;Rio Verde (GO);20/07 12:00;https://www.linkedin.com/jobs/view/4442092095/;https://media.licdn.com/dms/image/v2/D4D0BAQGWxZ_Rs93ERA/company-logo_100_100/B4DZx1rZtbIwAQ-/0/1771500838106/cooperativacomigo_logo?e=1785974400&v=beta&t=MMby9GNe9atvWmRgsNROrYjagM9vMgc5SKDs4_H3ZHw;-;https://www.linkedin.com/company/cooperativa-comigo/about/;Manufatura e Produção;backend OR java OR (spring AND boot) OR python OR django OR go OR golang OR php OR laravel OR ruby OR (ruby AND rails) OR c++ OR c# OR rust OR scala OR julia OR elixir OR node.js OR (asp.net AND core);cooperativa comigo;1.0;;https://www.linkedin.com/jobs/view/4442092095/;https://www.linkedin.com/jobs/view/4442092095/;On-site;Engenharia Geral;21/07/2026;Rio Verde;Goiás;GO;Região Centro-Oeste;Brasil;América do Sul
305;Credcom Recuperadora de Créditos;AUXILIAR DE SERVIÇOS JURÍDICOS I (NEGOCIADOR EXTRAJUDICIAL) - GO;Goiânia (GO);21/07 00:00;https://www.linkedin.com/jobs/view/4442273877/;https://media.licdn.com/dms/image/v2/C4D0BAQFSMFVfF95ESg/company-logo_100_100/company-logo_100_100/0/1659533630906/credcom_recuperadora_de_crditos_logo?e=1785974400&v=beta&t=FkQqMsrGeAlChss2khzioVItERqpQlKlT5avFrbEmw4;-;https://www.linkedin.com/company/credcom-recuperadora-de-cr-ditos/about/;Jurídico;backend OR java OR (spring AND boot) OR python OR django OR go OR golang OR php OR laravel OR ruby OR (ruby AND rails) OR c++ OR c# OR rust OR scala OR julia OR elixir OR node.js OR (asp.net AND core);credcom recuperadora de créditos;1.0;empregos.com.br;https://www.linkedin.com/jobs/view/4442273877/;https://www.linkedin.com/jobs/view/4442273877/;On-site;Associate;21/07/2026;Goiânia;Goiás;GO;Região Centro-Oeste;Brasil;América do Sul
306;Credcom Recuperadora de Créditos;Analista Jurídico - GO;Goiânia (GO);21/07 00:00;https://www.linkedin.com/jobs/view/4442269722/;https://media.licdn.com/dms/image/v2/C4D0BAQFSMFVfF95ESg/company-logo_100_100/company-logo_100_100/0/1659533630906/credcom_recuperadora_de_crditos_logo?e=1785974400&v=beta&t=FkQqMsrGeAlChss2khzioVItERqpQlKlT5avFrbEmw4;Advanced > Specialist;https://www.linkedin.com/company/credcom-recuperadora-de-cr-ditos/about/;Jurídico;backend OR java OR (spring AND boot) OR python OR django OR go OR golang OR php OR laravel OR ruby OR (ruby AND rails) OR c++ OR c# OR rust OR scala OR julia OR elixir OR node.js OR (asp.net AND core);credcom recuperadora de créditos;1.0;empregos.com.br;https://www.linkedin.com/jobs/view/4442269722/;https://www.linkedin.com/jobs/view/4442269722/;On-site;Associate;21/07/2026;Goiânia;Goiás;GO;Região Centro-Oeste;Brasil;América do Sul
307;Credcom Recuperadora de Créditos;Analista de controladoria - GO;Goiânia (GO);21/07 00:00;https://www.linkedin.com/jobs/view/4442287206/;https://media.licdn.com/dms/image/v2/C4D0BAQFSMFVfF95ESg/company-logo_100_100/company-logo_100_100/0/1659533630906/credcom_recuperadora_de_crditos_logo?e=1785974400&v=beta&t=FkQqMsrGeAlChss2khzioVItERqpQlKlT5avFrbEmw4;Advanced > Specialist;https://www.linkedin.com/company/credcom-recuperadora-de-cr-ditos/about/;Software e Serviços de TI;backend OR java OR (spring AND boot) OR python OR django OR go OR golang OR php OR laravel OR ruby OR (ruby AND rails) OR c++ OR c# OR rust OR scala OR julia OR elixir OR node.js OR (asp.net AND core);credcom recuperadora de créditos;1.0;empregos.com.br;https://www.linkedin.com/jobs/view/4442287206/;https://www.linkedin.com/jobs/view/4442287206/;On-site;Associate;21/07/2026;Goiânia;Goiás;GO;Região Centro-Oeste;Brasil;América do Sul
308;Credcom Recuperadora de Créditos;Controller Jurídico - GO;Goiânia (GO);21/07 00:00;https://www.linkedin.com/jobs/view/4442280260/;https://media.licdn.com/dms/image/v2/C4D0BAQFSMFVfF95ESg/company-logo_100_100/company-logo_100_100/0/1659533630906/credcom_recuperadora_de_crditos_logo?e=1785974400&v=beta&t=FkQqMsrGeAlChss2khzioVItERqpQlKlT5avFrbEmw4;-;https://www.linkedin.com/company/credcom-recuperadora-de-cr-ditos/about/;Jurídico;backend OR java OR (spring AND boot) OR python OR django OR go OR golang OR php OR laravel OR ruby OR (ruby AND rails) OR c++ OR c# OR rust OR scala OR julia OR elixir OR node.js OR (asp.net AND core);credcom recuperadora de créditos;1.0;empregos.com.br;https://www.linkedin.com/jobs/view/4442280260/;https://www.linkedin.com/jobs/view/4442280260/;On-site;-;21/07/2026;Goiânia;Goiás;GO;Região Centro-Oeste;Brasil;América do Sul
309;Cresol Cooperativa;Desenvolvedor de Sistemas | Fullstack | Java e React | Sistemas 1 | Crédito 1 |Cresol Confederação (Remoto);Brasil;21/07 08:00;https://www.linkedin.com/jobs/view/4442619248/;https://media.licdn.com/dms/image/v2/D4D0BAQGu2aUdDcCPeQ/company-logo_100_100/B4DZeonXa6GYAU-/0/1750880581729/cresol_coop_logo?e=1785974400&v=beta&t=UqK2z5lwU6lNevwzUx4m7Zv3gpOHBTDkC13U5hLa2rI;-;https://www.linkedin.com/company/cresol-cooperativa/about/;Software e Serviços de TI;backend OR java OR (spring AND boot) OR python OR django OR go OR golang OR php OR laravel OR ruby OR (ruby AND rails) OR c++ OR c# OR rust OR scala OR julia OR elixir OR node.js OR (asp.net AND core);cresol cooperativa;1.0;;https://www.linkedin.com/jobs/view/4442619248/;https://www.linkedin.com/jobs/view/4442619248/;Remote;TI/Tech, Full Stack;21/07/2026;;;;;Brasil;América do Sul
310;Crossing Hurdles;Backend Engineer (Python / FastAPI) | Remote;Brasil;21/07 05:00;https://www.linkedin.com/jobs/view/4442604193/;https://media.licdn.com/dms/image/v2/D560BAQEGLWHBZmzzcA/company-logo_100_100/B56ZYzlx2LHEAY-/0/1744622264274/crossinghurdles_logo?e=1785974400&v=beta&t=0kASQBH2r3ZKNSUaqKWLU_kr7zjxfxNIyIK8v4ToFoU;Advanced > Information Technology;https://www.linkedin.com/company/crossing-hurdles/about/;-;backend OR java OR (spring AND boot) OR python OR django OR go OR golang OR php OR laravel OR ruby OR (ruby AND rails) OR c++ OR c# OR rust OR scala OR julia OR elixir OR node.js OR (asp.net AND core);crossing hurdles;3.0;LinkedIn (Easy Apply);https://www.linkedin.com/jobs/view/4442604193/;https://www.linkedin.com/jobs/view/4442604193/;Remote;Backend, Engenharia Geral;21/07/2026;;;;;Brasil;América do Sul
311;Crossing Hurdles;Fullstack Developer | Remote;Brasil;20/07 12:00;https://www.linkedin.com/jobs/view/4442089095/;https://media.licdn.com/dms/image/v2/D560BAQEGLWHBZmzzcA/company-logo_100_100/B56ZYzlx2LHEAY-/0/1744622264274/crossinghurdles_logo?e=1785974400&v=beta&t=0kASQBH2r3ZKNSUaqKWLU_kr7zjxfxNIyIK8v4ToFoU;Advanced > Information Technology;https://www.linkedin.com/company/crossing-hurdles/about/;-;backend OR java OR (spring AND boot) OR python OR django OR go OR golang OR php OR laravel OR ruby OR (ruby AND rails) OR c++ OR c# OR rust OR scala OR julia OR elixir OR node.js OR (asp.net AND core);crossing hurdles;3.0;LinkedIn (Easy Apply);https://www.linkedin.com/jobs/view/4442089095/;https://www.linkedin.com/jobs/view/4442089095/;Remote;Full Stack;21/07/2026;;;;;Brasil;América do Sul
312;Crossing Hurdles;Software Engineer (Fullstack) | Remote;Brasil;21/07 03:00;https://www.linkedin.com/jobs/view/4442288570/;https://media.licdn.com/dms/image/v2/D560BAQEGLWHBZmzzcA/company-logo_100_100/B56ZYzlx2LHEAY-/0/1744622264274/crossinghurdles_logo?e=1785974400&v=beta&t=0kASQBH2r3ZKNSUaqKWLU_kr7zjxfxNIyIK8v4ToFoU;Advanced > Information Technology;https://www.linkedin.com/company/crossing-hurdles/about/;Software e Serviços de TI;backend OR java OR (spring AND boot) OR python OR django OR go OR golang OR php OR laravel OR ruby OR (ruby AND rails) OR c++ OR c# OR rust OR scala OR julia OR elixir OR node.js OR (asp.net AND core);crossing hurdles;3.0;LinkedIn (Easy Apply);https://www.linkedin.com/jobs/view/4442288570/;https://www.linkedin.com/jobs/view/4442288570/;Remote;TI/Tech, Full Stack, Engenharia Geral;21/07/2026;;;;;Brasil;América do Sul
313;DB Diagnósticos;ASSISTENTE TECNICO DE LABORATORIO - NOTURNO - GO;Aparecida de Goiânia (GO);21/07 00:00;https://www.linkedin.com/jobs/view/4442283074/;https://media.licdn.com/dms/image/v2/D4D0BAQHDFNMYWSt6tQ/company-logo_100_100/B4DZfHzmvHH4AU-/0/1751403883870/dbdiagnosticos_logo?e=1785974400&v=beta&t=jBU4eDxZKCuW4hnfDxiuOcm3zWnoGAgaTM12mUNYuAM;-;https://www.linkedin.com/company/db-diagn-sticos/about/;Software e Serviços de TI;backend OR java OR (spring AND boot) OR python OR django OR go OR golang OR php OR laravel OR ruby OR (ruby AND rails) OR c++ OR c# OR rust OR scala OR julia OR elixir OR node.js OR (asp.net AND core);db diagnósticos;1.0;empregos.com.br;https://www.linkedin.com/jobs/view/4442283074/;https://www.linkedin.com/jobs/view/4442283074/;On-site;Associate;21/07/2026;Aparecida de Goiânia;Goiás;GO;Região Centro-Oeste;Brasil;América do Sul
314;DB Diagnósticos;AUXILIAR DE LABORATORIO - NOTURNO - GO;Aparecida de Goiânia (GO);21/07 00:00;https://www.linkedin.com/jobs/view/4442264687/;https://media.licdn.com/dms/image/v2/D4D0BAQHDFNMYWSt6tQ/company-logo_100_100/B4DZfHzmvHH4AU-/0/1751403883870/dbdiagnosticos_logo?e=1785974400&v=beta&t=jBU4eDxZKCuW4hnfDxiuOcm3zWnoGAgaTM12mUNYuAM;-;https://www.linkedin.com/company/db-diagn-sticos/about/;Software e Serviços de TI;backend OR java OR (spring AND boot) OR python OR django OR go OR golang OR php OR laravel OR ruby OR (ruby AND rails) OR c++ OR c# OR rust OR scala OR julia OR elixir OR node.js OR (asp.net AND core);db diagnósticos;1.0;empregos.com.br;https://www.linkedin.com/jobs/view/4442264687/;https://www.linkedin.com/jobs/view/4442264687/;On-site;Associate;21/07/2026;Aparecida de Goiânia;Goiás;GO;Região Centro-Oeste;Brasil;América do Sul
315;DB Diagnósticos;Assistente Técnico de Laboratório - Noturno  - GO;Aparecida de Goiânia (GO);21/07 00:00;https://www.linkedin.com/jobs/view/4442281170/;https://media.licdn.com/dms/image/v2/D4D0BAQHDFNMYWSt6tQ/company-logo_100_100/B4DZfHzmvHH4AU-/0/1751403883870/dbdiagnosticos_logo?e=1785974400&v=beta&t=jBU4eDxZKCuW4hnfDxiuOcm3zWnoGAgaTM12mUNYuAM;-;https://www.linkedin.com/company/db-diagn-sticos/about/;Software e Serviços de TI;backend OR java OR (spring AND boot) OR python OR django OR go OR golang OR php OR laravel OR ruby OR (ruby AND rails) OR c++ OR c# OR rust OR scala OR julia OR elixir OR node.js OR (asp.net AND core);db diagnósticos;1.0;empregos.com.br;https://www.linkedin.com/jobs/view/4442281170/;https://www.linkedin.com/jobs/view/4442281170/;On-site;Associate;21/07/2026;Aparecida de Goiânia;Goiás;GO;Região Centro-Oeste;Brasil;América do Sul
316;DB Diagnósticos;Auxiliar de laboratório - GO;Aparecida de Goiânia (GO);21/07 00:00;https://www.linkedin.com/jobs/view/4442260932/;https://media.licdn.com/dms/image/v2/D4D0BAQHDFNMYWSt6tQ/company-logo_100_100/B4DZfHzmvHH4AU-/0/1751403883870/dbdiagnosticos_logo?e=1785974400&v=beta&t=jBU4eDxZKCuW4hnfDxiuOcm3zWnoGAgaTM12mUNYuAM;-;https://www.linkedin.com/company/db-diagn-sticos/about/;Software e Serviços de TI;backend OR java OR (spring AND boot) OR python OR django OR go OR golang OR php OR laravel OR ruby OR (ruby AND rails) OR c++ OR c# OR rust OR scala OR julia OR elixir OR node.js OR (asp.net AND core);db diagnósticos;1.0;empregos.com.br;https://www.linkedin.com/jobs/view/4442260932/;https://www.linkedin.com/jobs/view/4442260932/;On-site;Associate;21/07/2026;Aparecida de Goiânia;Goiás;GO;Região Centro-Oeste;Brasil;América do Sul
317;DB Diagnósticos;Técnico em Manutenção de Equipamentos Hospitalares - GO;Aparecida de Goiânia (GO);21/07 00:00;https://www.linkedin.com/jobs/view/4442282397/;https://media.licdn.com/dms/image/v2/D4D0BAQHDFNMYWSt6tQ/company-logo_100_100/B4DZfHzmvHH4AU-/0/1751403883870/dbdiagnosticos_logo?e=1785974400&v=beta&t=jBU4eDxZKCuW4hnfDxiuOcm3zWnoGAgaTM12mUNYuAM;-;https://www.linkedin.com/company/db-diagn-sticos/about/;Saúde e Hospitais;backend OR java OR (spring AND boot) OR python OR django OR go OR golang OR php OR laravel OR ruby OR (ruby AND rails) OR c++ OR c# OR rust OR scala OR julia OR elixir OR node.js OR (asp.net AND core);db diagnósticos;1.0;empregos.com.br;https://www.linkedin.com/jobs/view/4442282397/;https://www.linkedin.com/jobs/view/4442282397/;On-site;Sustentação/O&M;21/07/2026;Aparecida de Goiânia;Goiás;GO;Região Centro-Oeste;Brasil;América do Sul
318;DBC Company;Desenvolvimento Back-End (Java) Sênior (Vaga Afirmativa);Brasil;21/07 10:00;https://www.linkedin.com/jobs/view/4442619836/;https://media.licdn.com/dms/image/v2/C4D0BAQFszK2MGQUCUA/company-logo_100_100/company-logo_100_100/0/1668687291660?e=1785974400&v=beta&t=y9Ma_0jFUFg8pkGIPKZbfKNovo4V8R__YeM9_jDNvaQ;-;https://www.linkedin.com/company/dbc-company/about/;Software e Serviços de TI;backend OR java OR (spring AND boot) OR python OR django OR go OR golang OR php OR laravel OR ruby OR (ruby AND rails) OR c++ OR c# OR rust OR scala OR julia OR elixir OR node.js OR (asp.net AND core);dbc company;1.0;Vagas.com;https://www.linkedin.com/jobs/view/4442619836/;https://www.linkedin.com/jobs/view/4442619836/;Remote;PCD / Afirmativa, Senior, Backend;21/07/2026;;;;;Brasil;América do Sul
319;DQR Tech;Desenvolvedor Java;SP;21/07 10:00;https://www.linkedin.com/jobs/view/4440459199/;https://media.licdn.com/dms/image/v2/D4D0BAQHQQZzf-Zmxdg/company-logo_100_100/B4DZf2CF3gHAAQ-/0/1752179433391/dqr_tech_logo?e=1785974400&v=beta&t=aSdiRXOKsOrYRZx0sJXUs8K4lY0RkSM5iQaHcJSCkJQ;-;https://www.linkedin.com/company/dqr-tech/about/;Software e Serviços de TI;backend OR java OR (spring AND boot) OR python OR django OR go OR golang OR php OR laravel OR ruby OR (ruby AND rails) OR c++ OR c# OR rust OR scala OR julia OR elixir OR node.js OR (asp.net AND core);dqr tech;1;;https://www.linkedin.com/jobs/view/4440459199/;https://www.linkedin.com/jobs/view/4440459199/;Hybrid;-;21/07/2026;;São Paulo;SP;Região Sudeste;Brasil;América do Sul
320;DisDal Distribuidora;PROMOTOR DE VENDAS - GOIÂNIA e APARECIDA DE GOIÂNIA - GO;Brasil;20/07 22:00;https://www.linkedin.com/jobs/view/4443071238/;https://media.licdn.com/dms/image/v2/D4E0BAQFJabEr5t8AvQ/img-crop_100/img-crop_100/0/1736443200494?e=1785974400&v=beta&t=Y-MYUKoRKoiuHZs3nmWTkHRm2q-l1x9DsdJZW5nDErg;-;https://www.linkedin.com/company/disdal-distribuidora/about/;Vendas e Suporte;backend OR java OR (spring AND boot) OR python OR django OR go OR golang OR php OR laravel OR ruby OR (ruby AND rails) OR c++ OR c# OR rust OR scala OR julia OR elixir OR node.js OR (asp.net AND core);disdal distribuidora;1.0;empregos.com.br;https://www.linkedin.com/jobs/view/4443071238/;https://www.linkedin.com/jobs/view/4443071238/;On-site;Vendas / Comercial;21/07/2026;;;;;Brasil;América do Sul
321;DoorDash;Software Engineer, Backend (All teams) – Brazil – Vaga para mulheres;São Paulo (SP);20/07 12:00;https://www.linkedin.com/jobs/view/4374394105/;https://media.licdn.com/dms/image/v2/D4E0BAQFbAtJ4Rl0SEg/company-logo_100_100/B4EZa2Dj_dHkAQ-/0/1746811109671/doordash_logo?e=1785974400&v=beta&t=pS11tClLj9RrWXKeshDSO4zvT1cvytggnx1iyzaPwNw;Advanced > Information Technology;https://www.linkedin.com/company/doordash/about/;Software e Serviços de TI;backend OR java OR (spring AND boot) OR python OR django OR go OR golang OR php OR laravel OR ruby OR (ruby AND rails) OR c++ OR c# OR rust OR scala OR julia OR elixir OR node.js OR (asp.net AND core);doordash;3.0;Greenhouse;https://www.linkedin.com/jobs/view/4374394105/;https://www.linkedin.com/jobs/view/4374394105/;On-site;TI/Tech, Backend, Engenharia Geral;21/07/2026;São Paulo;São Paulo;SP;Região Sudeste;Brasil;América do Sul
322;ECOM Agroindustrial Corp. Ltd.;Especialista de Desenvolvimento de Sistemas - Solução Azure Cloud [C#/Angular];São Paulo (SP);20/07 16:00;https://www.linkedin.com/jobs/view/4442220125/;https://media.licdn.com/dms/image/v2/C4D0BAQFoTeQO0LlSSw/company-logo_100_100/company-logo_100_100/0/1670599014458/ecom_trading_logo?e=1785974400&v=beta&t=3HrfxwGy1xI5bw7fyOksLab6w_z-KfZtXewQgfVwoOw;Specific > Cloud;https://www.linkedin.com/company/ecom-agroindustrial-corp-ltd/about/;Agro;backend OR java OR (spring AND boot) OR python OR django OR go OR golang OR php OR laravel OR ruby OR (ruby AND rails) OR c++ OR c# OR rust OR scala OR julia OR elixir OR node.js OR (asp.net AND core);ecom agroindustrial corp. ltd.;1.0;;https://www.linkedin.com/jobs/view/4442220125/;https://www.linkedin.com/jobs/view/4442220125/;On-site;Specialist, Cloud (AWS/GCP/Azure), TI/Tech;21/07/2026;São Paulo;São Paulo;SP;Região Sudeste;Brasil;América do Sul
323;EISA - Empresa Interagrícola S.A.;Especialista de Desenvolvimento de Sistemas - Solução Azure Cloud [C#/Angular];São Paulo (SP);20/07 14:00;https://www.linkedin.com/jobs/view/4442758417/;https://media.licdn.com/dms/image/v2/D4D0BAQEvlXugysJQJw/company-logo_100_100/B4DZ8.FNgZGkAI-/0/1783452981493/eisa_empresa_interagr_cola_s_a__logo?e=1785974400&v=beta&t=XiA6U_YutlprkmcSdYKMwpzmcrwU5nqG7bdyiQiblj0;Specific > Cloud;https://www.linkedin.com/company/eisa-empresa-interagr-cola-s-a/about/;Software e Serviços de TI;backend OR java OR (spring AND boot) OR python OR django OR go OR golang OR php OR laravel OR ruby OR (ruby AND rails) OR c++ OR c# OR rust OR scala OR julia OR elixir OR node.js OR (asp.net AND core);eisa - empresa interagrícola s.a.;1.0;;https://www.linkedin.com/jobs/view/4442758417/;https://www.linkedin.com/jobs/view/4442758417/;On-site;Specialist, Cloud (AWS/GCP/Azure), TI/Tech;21/07/2026;São Paulo;São Paulo;SP;Região Sudeste;Brasil;América do Sul
324;EY;Desenvolvedor (a)  Backend Java Pleno - Exclusiva PcD;Recife (PE);20/07 12:00;https://www.linkedin.com/jobs/view/4403772800/;https://media.licdn.com/dms/image/v2/C510BAQGpRhkpxp5A9A/company-logo_100_100/company-logo_100_100/0/1630570672166/ernstandyoung_logo?e=1785974400&v=beta&t=QsXm0lm6EzN9AL1508DcIdveES1JkHKX1-aCrCkXqv4;-;https://www.linkedin.com/company/ey/about/;-;backend OR java OR (spring AND boot) OR python OR django OR go OR golang OR php OR laravel OR ruby OR (ruby AND rails) OR c++ OR c# OR rust OR scala OR julia OR elixir OR node.js OR (asp.net AND core);ey;1.0;LinkedIn;https://www.linkedin.com/jobs/view/4403772800/;https://www.linkedin.com/jobs/view/4403772800/;On-site;PCD / Afirmativa, Mid, Backend;21/07/2026;Recife;Pernambuco;PE;Região Nordeste;Brasil;América do Sul
325;Electra Distribuidora de Peças Ltda;Assistente de logística - GO;Goiânia (GO);21/07 00:00;https://www.linkedin.com/jobs/view/4442276664/;missing logo;-;https://www.linkedin.com/company/electra-distribuidora-de-pe-as-ltda/about/;Logística e Supply Chain;backend OR java OR (spring AND boot) OR python OR django OR go OR golang OR php OR laravel OR ruby OR (ruby AND rails) OR c++ OR c# OR rust OR scala OR julia OR elixir OR node.js OR (asp.net AND core);electra distribuidora de peças ltda;1.0;empregos.com.br;https://www.linkedin.com/jobs/view/4442276664/;https://www.linkedin.com/jobs/view/4442276664/;On-site;Associate, Logística/Supply;21/07/2026;Goiânia;Goiás;GO;Região Centro-Oeste;Brasil;América do Sul
326;Emma of Torre.ai;Senior Backend Engineer - Java, Spring Boot, Python & AWS;Brasil;20/07 21:00;https://www.linkedin.com/jobs/view/4440196848/;https://media.licdn.com/dms/image/v2/D560BAQHHJPlsTIjMIQ/company-logo_100_100/B56ZUvbu3qHQAQ-/0/1740257554392?e=1785974400&v=beta&t=U31_GHvP2xjhhgkcIFJE4rmyWl0Uajll3yWAvktiqSg;Advanced > Information Technology;https://www.linkedin.com/company/emma-of-torre-ai/about/;-;backend OR java OR (spring AND boot) OR python OR django OR go OR golang OR php OR laravel OR ruby OR (ruby AND rails) OR c++ OR c# OR rust OR scala OR julia OR elixir OR node.js OR (asp.net AND core);emma of torre.ai;1.0;;https://www.linkedin.com/jobs/view/4440196848/;https://www.linkedin.com/jobs/view/4440196848/;Remote;Senior, Cloud (AWS/GCP/Azure), Backend, Engenharia Geral;21/07/2026;;;;;Brasil;América do Sul
327;Escritório Naves Contabilidade;Analista Depto Pessoal - GO;Anápolis (GO);21/07 00:00;https://www.linkedin.com/jobs/view/4442282480/;https://media.licdn.com/dms/image/v2/C4D0BAQHr-Gc3zGMwng/company-logo_100_100/company-logo_100_100/0/1653919827659?e=1785974400&v=beta&t=vIYUxuwXAMwWXzH-moVScu2gL-C1BYGRwgsqdvDfUZI;Advanced > Specialist;https://www.linkedin.com/company/escrit-rio-naves-contabilidade/about/;Software e Serviços de TI;backend OR java OR (spring AND boot) OR python OR django OR go OR golang OR php OR laravel OR ruby OR (ruby AND rails) OR c++ OR c# OR rust OR scala OR julia OR elixir OR node.js OR (asp.net AND core);escritório naves contabilidade;1.0;empregos.com.br;https://www.linkedin.com/jobs/view/4442282480/;https://www.linkedin.com/jobs/view/4442282480/;On-site;PCD / Afirmativa, Associate;21/07/2026;Anápolis;Goiás;GO;Região Centro-Oeste;Brasil;América do Sul
328;F1RST Digital Services;Banco de Talentos - IT Analyst III (Java);São Paulo (SP);20/07 17:00;https://www.linkedin.com/jobs/view/4440183413/;https://media.licdn.com/dms/image/v2/D4D0BAQER-V0vPNAbWg/company-logo_100_100/B4DZgepQ4XG8AQ-/0/1752860790963?e=1785974400&v=beta&t=S5rOurU3wNdNuXT6-kTfTxYhkpUi4GzYn-3SqC7ITXY;People;https://www.linkedin.com/company/f1rst-digital-services/about/;Serviços Financeiros;backend OR java OR (spring AND boot) OR python OR django OR go OR golang OR php OR laravel OR ruby OR (ruby AND rails) OR c++ OR c# OR rust OR scala OR julia OR elixir OR node.js OR (asp.net AND core);f1rst digital services;1.0;LinkedIn;https://www.linkedin.com/jobs/view/4440183413/;https://www.linkedin.com/jobs/view/4440183413/;Hybrid;Banco de Talentos;21/07/2026;São Paulo;São Paulo;SP;Região Sudeste;Brasil;América do Sul
329;F1RST Digital Services;Banco de Talentos - IT Engineer Spec IV (Java);São Paulo (SP);20/07 17:00;https://www.linkedin.com/jobs/view/4440194157/;https://media.licdn.com/dms/image/v2/D4D0BAQER-V0vPNAbWg/company-logo_100_100/B4DZgepQ4XG8AQ-/0/1752860790963?e=1785974400&v=beta&t=S5rOurU3wNdNuXT6-kTfTxYhkpUi4GzYn-3SqC7ITXY;People;https://www.linkedin.com/company/f1rst-digital-services/about/;Serviços Financeiros;backend OR java OR (spring AND boot) OR python OR django OR go OR golang OR php OR laravel OR ruby OR (ruby AND rails) OR c++ OR c# OR rust OR scala OR julia OR elixir OR node.js OR (asp.net AND core);f1rst digital services;1.0;LinkedIn;https://www.linkedin.com/jobs/view/4440194157/;https://www.linkedin.com/jobs/view/4440194157/;Hybrid;Banco de Talentos, Engenharia Geral;21/07/2026;São Paulo;São Paulo;SP;Região Sudeste;Brasil;América do Sul
330;FCamara;Pessoa Desenvolvedora Backend Java Microserviços - Pleno;Brasil;20/07 19:00;https://www.linkedin.com/jobs/view/4443010298/;https://media.licdn.com/dms/image/v2/C4D0BAQEzMzmY-T_F1g/company-logo_100_100/company-logo_100_100/0/1670441718552/grupofcamara_logo?e=1785974400&v=beta&t=fqF1h8vTiZCBwY_x9z07EHnShMOvJcnU0GId_X0DBSc;-;https://www.linkedin.com/company/fcamara/about/;-;backend OR java OR (spring AND boot) OR python OR django OR go OR golang OR php OR laravel OR ruby OR (ruby AND rails) OR c++ OR c# OR rust OR scala OR julia OR elixir OR node.js OR (asp.net AND core);fcamara;1.0;LinkedIn (Easy Apply);https://www.linkedin.com/jobs/view/4443010298/;https://www.linkedin.com/jobs/view/4443010298/;Remote;PCD / Afirmativa, Mid, Backend;21/07/2026;;;;;Brasil;América do Sul
331;FCamara;Tech Lead - PHP/React;Brasil;20/07 19:00;https://www.linkedin.com/jobs/view/4443011333/;https://media.licdn.com/dms/image/v2/C4D0BAQEzMzmY-T_F1g/company-logo_100_100/company-logo_100_100/0/1670441718552/grupofcamara_logo?e=1785974400&v=beta&t=fqF1h8vTiZCBwY_x9z07EHnShMOvJcnU0GId_X0DBSc;Middle > Manager;https://www.linkedin.com/company/fcamara/about/;Software e Serviços de TI;backend OR java OR (spring AND boot) OR python OR django OR go OR golang OR php OR laravel OR ruby OR (ruby AND rails) OR c++ OR c# OR rust OR scala OR julia OR elixir OR node.js OR (asp.net AND core);fcamara;1.0;LinkedIn (Easy Apply);https://www.linkedin.com/jobs/view/4443011333/;https://www.linkedin.com/jobs/view/4443011333/;Remote;Mid, Liderança/Gerência, TI/Tech;21/07/2026;;;;;Brasil;América do Sul
332;FCamara;Engenheiro Backend Senior – IoT BMS;Curitiba (PR);20/07 19:00;https://www.linkedin.com/jobs/view/4443009399/;https://media.licdn.com/dms/image/v2/C4D0BAQEzMzmY-T_F1g/company-logo_100_100/company-logo_100_100/0/1670441718552/grupofcamara_logo?e=1785974400&v=beta&t=fqF1h8vTiZCBwY_x9z07EHnShMOvJcnU0GId_X0DBSc;-;https://www.linkedin.com/company/fcamara/about/;-;backend OR java OR (spring AND boot) OR python OR django OR go OR golang OR php OR laravel OR ruby OR (ruby AND rails) OR c++ OR c# OR rust OR scala OR julia OR elixir OR node.js OR (asp.net AND core);fcamara;1.0;LinkedIn (Easy Apply);https://www.linkedin.com/jobs/view/4443009399/;https://www.linkedin.com/jobs/view/4443009399/;Hybrid;Senior, Backend;21/07/2026;Curitiba;Paraná;PR;Região Sul;Brasil;América do Sul
333;FOURSYS;Desenvolvedor Java Sênior;Brasil;20/07 17:00;https://www.linkedin.com/jobs/view/4442790270/;https://media.licdn.com/dms/image/v2/D4D0BAQF6qlnhGHoVZw/company-logo_100_100/B4DZmb3QnoGsAQ-/0/1759256578947/foursys_logo?e=1785974400&v=beta&t=8Tjpcr-w_CiWW9HER6RBVlBWiheAyr3Hu4QCjI6tGiA;-;https://www.linkedin.com/company/foursys/about/;-;backend OR java OR (spring AND boot) OR python OR django OR go OR golang OR php OR laravel OR ruby OR (ruby AND rails) OR c++ OR c# OR rust OR scala OR julia OR elixir OR node.js OR (asp.net AND core);foursys;1.0;LinkedIn (Easy Apply);https://www.linkedin.com/jobs/view/4442790270/;https://www.linkedin.com/jobs/view/4442790270/;Remote;Senior;21/07/2026;;;;;Brasil;América do Sul
334;FOURSYS;Desenvolvedor Java Sênior;Brasil;20/07 17:00;https://www.linkedin.com/jobs/view/4442792102/;https://media.licdn.com/dms/image/v2/D4D0BAQF6qlnhGHoVZw/company-logo_100_100/B4DZmb3QnoGsAQ-/0/1759256578947/foursys_logo?e=1785974400&v=beta&t=8Tjpcr-w_CiWW9HER6RBVlBWiheAyr3Hu4QCjI6tGiA;-;https://www.linkedin.com/company/foursys/about/;-;backend OR java OR (spring AND boot) OR python OR django OR go OR golang OR php OR laravel OR ruby OR (ruby AND rails) OR c++ OR c# OR rust OR scala OR julia OR elixir OR node.js OR (asp.net AND core);foursys;1.0;LinkedIn (Easy Apply);https://www.linkedin.com/jobs/view/4442792102/;https://www.linkedin.com/jobs/view/4442792102/;Remote;Senior;21/07/2026;;;;;Brasil;América do Sul
335;FOURSYS;FullStack Sênior (Python +React);Brasil;20/07 18:00;https://www.linkedin.com/jobs/view/4442787799/;https://media.licdn.com/dms/image/v2/D4D0BAQF6qlnhGHoVZw/company-logo_100_100/B4DZmb3QnoGsAQ-/0/1759256578947/foursys_logo?e=1785974400&v=beta&t=8Tjpcr-w_CiWW9HER6RBVlBWiheAyr3Hu4QCjI6tGiA;-;https://www.linkedin.com/company/foursys/about/;-;backend OR java OR (spring AND boot) OR python OR django OR go OR golang OR php OR laravel OR ruby OR (ruby AND rails) OR c++ OR c# OR rust OR scala OR julia OR elixir OR node.js OR (asp.net AND core);foursys;1.0;LinkedIn (Easy Apply);https://www.linkedin.com/jobs/view/4442787799/;https://www.linkedin.com/jobs/view/4442787799/;Remote;Senior, Full Stack;21/07/2026;;;;;Brasil;América do Sul
336;Farmácias Pague Menos;Atendente de Farmácia - Goiânia/GO;Goiânia (GO);20/07 16:00;https://www.linkedin.com/jobs/view/4442764834/;https://media.licdn.com/dms/image/v2/D4D0BAQFmKtgd_xm4Kw/company-logo_100_100/B4DZ6Eu8pZKEAI-/0/1780343360380/farmaciaspaguemenos_logo?e=1785974400&v=beta&t=lrEBRtnVkfKuPkhotDo_u5NokB9kGj58kBoJJ86vjFY;-;https://www.linkedin.com/company/farm-cias-pague-menos/about/;-;backend OR java OR (spring AND boot) OR python OR django OR go OR golang OR php OR laravel OR ruby OR (ruby AND rails) OR c++ OR c# OR rust OR scala OR julia OR elixir OR node.js OR (asp.net AND core);farmácias pague menos;1.0;Gupy;https://www.linkedin.com/jobs/view/4442764834/;https://www.linkedin.com/jobs/view/4442764834/;On-site;-;21/07/2026;Goiânia;Goiás;GO;Região Centro-Oeste;Brasil;América do Sul
337;Fast Log;Conferente Líder - GO;Senador Canedo (GO);21/07 00:00;https://www.linkedin.com/jobs/view/4442268859/;missing logo;-;https://www.linkedin.com/company/fast-log/about/;-;backend OR java OR (spring AND boot) OR python OR django OR go OR golang OR php OR laravel OR ruby OR (ruby AND rails) OR c++ OR c# OR rust OR scala OR julia OR elixir OR node.js OR (asp.net AND core);fast log;1.0;empregos.com.br;https://www.linkedin.com/jobs/view/4442268859/;https://www.linkedin.com/jobs/view/4442268859/;On-site;Mid, Liderança/Gerência, Coach;21/07/2026;Senador Canedo;Goiás;GO;Região Centro-Oeste;Brasil;América do Sul
338;Foco do Cliente;Cliente Oculto / necessário usar óculos de grau - GO;Rio Verde (GO);21/07 00:00;https://www.linkedin.com/jobs/view/4442285107/;https://media.licdn.com/dms/image/v2/C560BAQHwTWZwj9Ndjg/company-logo_100_100/company-logo_100_100/0/1630670703336/foco_do_cliente_logo?e=1785974400&v=beta&t=aGRBKZZcWKOoxCyr_R9MgNhoUXfUNjnBtdBIonr0hMk;-;https://www.linkedin.com/company/foco-do-cliente/about/;-;backend OR java OR (spring AND boot) OR python OR django OR go OR golang OR php OR laravel OR ruby OR (ruby AND rails) OR c++ OR c# OR rust OR scala OR julia OR elixir OR node.js OR (asp.net AND core);foco do cliente;1.0;;https://www.linkedin.com/jobs/view/4442285107/;https://www.linkedin.com/jobs/view/4442285107/;On-site;-;21/07/2026;Rio Verde;Goiás;GO;Região Centro-Oeste;Brasil;América do Sul
339;Fornax Tecnologia;Desenvolvedor Java Sênior;SP;21/07 10:00;https://www.linkedin.com/jobs/view/4440443901/;https://media.licdn.com/dms/image/v2/D4D0BAQEhSvOASBDXTA/company-logo_100_100/B4DZv7EtptI8AQ-/0/1769443876297/fornax_tecnologia_logo?e=1785974400&v=beta&t=zz15hJifRr7JBwF71IrGFsKEI9DKbyK7XJkDyDrFoKY;-;https://www.linkedin.com/company/fornax-tecnologia/about/;-;backend OR java OR (spring AND boot) OR python OR django OR go OR golang OR php OR laravel OR ruby OR (ruby AND rails) OR c++ OR c# OR rust OR scala OR julia OR elixir OR node.js OR (asp.net AND core);fornax tecnologia;1;;https://www.linkedin.com/jobs/view/4440443901/;https://www.linkedin.com/jobs/view/4440443901/;Hybrid;Senior;21/07/2026;;São Paulo;SP;Região Sudeste;Brasil;América do Sul
340;Foundever;Senior Node.js/AWS Developer;América Latina;21/07 05:00;https://www.linkedin.com/jobs/view/4410523480/;https://media.licdn.com/dms/image/v2/D560BAQHQEcnqj20mLw/company-logo_100_100/B56Zq9KP8KHAAU-/0/1764110172258/foundever_logo?e=1785974400&v=beta&t=d9CvU82DZPKl53D3o47fC7SbhihQWR_whCGyI9TWt4I;Advanced > Information Technology;https://www.linkedin.com/company/foundever/about/;-;backend OR java OR (spring AND boot) OR python OR django OR go OR golang OR php OR laravel OR ruby OR (ruby AND rails) OR c++ OR c# OR rust OR scala OR julia OR elixir OR node.js OR (asp.net AND core);foundever;1.0;jobs.foundever.com;https://www.linkedin.com/jobs/view/4410523480/;https://www.linkedin.com/jobs/view/4410523480/;Remote;Senior, Cloud (AWS/GCP/Azure);21/07/2026;;;;;;América Latina
341;GFT Technologies;Technical Leader Java | Híbrido/SP - 133654;SP;20/07 14:00;https://www.linkedin.com/jobs/view/4440167129/;https://media.licdn.com/dms/image/v2/D4E0BAQFS8Oq_RoTX9Q/company-logo_100_100/B4EZmE9ECUIUAQ-/0/1758872224292/gft_technologies_logo?e=1785974400&v=beta&t=YfjVO92THVrdHEvKm_B0WFnP4CTsgNN5a6oDVW3U8r4;Middle > Manager;https://www.linkedin.com/company/gft-technologies/about/;Software e Serviços de TI;backend OR java OR (spring AND boot) OR python OR django OR go OR golang OR php OR laravel OR ruby OR (ruby AND rails) OR c++ OR c# OR rust OR scala OR julia OR elixir OR node.js OR (asp.net AND core);gft technologies;1.0;LinkedIn (Easy Apply);https://www.linkedin.com/jobs/view/4440167129/;https://www.linkedin.com/jobs/view/4440167129/;Hybrid;Mid, Liderança/Gerência, TI/Tech;21/07/2026;;São Paulo;SP;Região Sudeste;Brasil;América do Sul
342;GO TRANSPORTES;Assistente de Logística Junior - RS;Esteio (RS);21/07 00:00;https://www.linkedin.com/jobs/view/4442267937/;https://media.licdn.com/dms/image/v2/C560BAQHV1LLXNkrEVg/company-logo_100_100/company-logo_100_100/0/1630649251782/go_transportes_es_logo?e=1785974400&v=beta&t=TfZ-EB38dbjHV5mKxxMgT2ZHYGZZ6V7q8UxIFzU6SdI;-;https://www.linkedin.com/company/go-transportes/about/;Logística e Supply Chain;backend OR java OR (spring AND boot) OR python OR django OR go OR golang OR php OR laravel OR ruby OR (ruby AND rails) OR c++ OR c# OR rust OR scala OR julia OR elixir OR node.js OR (asp.net AND core);go transportes;1.0;empregos.com.br;https://www.linkedin.com/jobs/view/4442267937/;https://www.linkedin.com/jobs/view/4442267937/;On-site;Junior, Associate, Logística/Supply;21/07/2026;Esteio;Rio Grande do Sul;RS;Região Sul;Brasil;América do Sul
343;GO TRANSPORTES;Comprador júnior - MA;Viana (ES);21/07 00:00;https://www.linkedin.com/jobs/view/4442269715/;https://media.licdn.com/dms/image/v2/C560BAQHV1LLXNkrEVg/company-logo_100_100/company-logo_100_100/0/1630649251782/go_transportes_es_logo?e=1785974400&v=beta&t=TfZ-EB38dbjHV5mKxxMgT2ZHYGZZ6V7q8UxIFzU6SdI;-;https://www.linkedin.com/company/go-transportes/about/;Transporte e Mobilidade;backend OR java OR (spring AND boot) OR python OR django OR go OR golang OR php OR laravel OR ruby OR (ruby AND rails) OR c++ OR c# OR rust OR scala OR julia OR elixir OR node.js OR (asp.net AND core);go transportes;1.0;empregos.com.br;https://www.linkedin.com/jobs/view/4442269715/;https://www.linkedin.com/jobs/view/4442269715/;On-site;Junior;21/07/2026;;Navarra;NC;;España;
344;GO TRANSPORTES;Motorista cat E - MA;Viana (ES);21/07 00:00;https://www.linkedin.com/jobs/view/4442286133/;https://media.licdn.com/dms/image/v2/C560BAQHV1LLXNkrEVg/company-logo_100_100/company-logo_100_100/0/1630649251782/go_transportes_es_logo?e=1785974400&v=beta&t=TfZ-EB38dbjHV5mKxxMgT2ZHYGZZ6V7q8UxIFzU6SdI;-;https://www.linkedin.com/company/go-transportes/about/;Transporte e Mobilidade;backend OR java OR (spring AND boot) OR python OR django OR go OR golang OR php OR laravel OR ruby OR (ruby AND rails) OR c++ OR c# OR rust OR scala OR julia OR elixir OR node.js OR (asp.net AND core);go transportes;1.0;empregos.com.br;https://www.linkedin.com/jobs/view/4442286133/;https://www.linkedin.com/jobs/view/4442286133/;On-site;-;21/07/2026;;Navarra;NC;;España;
345;GO TRANSPORTES;Programador de Carga Junior - MA;Viana (ES);21/07 00:00;https://www.linkedin.com/jobs/view/4442263871/;https://media.licdn.com/dms/image/v2/C560BAQHV1LLXNkrEVg/company-logo_100_100/company-logo_100_100/0/1630649251782/go_transportes_es_logo?e=1785974400&v=beta&t=TfZ-EB38dbjHV5mKxxMgT2ZHYGZZ6V7q8UxIFzU6SdI;-;https://www.linkedin.com/company/go-transportes/about/;Transporte e Mobilidade;backend OR java OR (spring AND boot) OR python OR django OR go OR golang OR php OR laravel OR ruby OR (ruby AND rails) OR c++ OR c# OR rust OR scala OR julia OR elixir OR node.js OR (asp.net AND core);go transportes;1.0;empregos.com.br;https://www.linkedin.com/jobs/view/4442263871/;https://www.linkedin.com/jobs/view/4442263871/;On-site;Junior;21/07/2026;;Navarra;NC;;España;
346;Garra RH;Auxiliar de estoque - GO;Goiânia (GO);21/07 00:00;https://www.linkedin.com/jobs/view/4442287199/;missing logo;-;https://www.linkedin.com/company/garra-rh/about/;Recursos Humanos;backend OR java OR (spring AND boot) OR python OR django OR go OR golang OR php OR laravel OR ruby OR (ruby AND rails) OR c++ OR c# OR rust OR scala OR julia OR elixir OR node.js OR (asp.net AND core);garra rh;1.0;;https://www.linkedin.com/jobs/view/4442287199/;https://www.linkedin.com/jobs/view/4442287199/;On-site;Associate;21/07/2026;Goiânia;Goiás;GO;Região Centro-Oeste;Brasil;América do Sul
347;Go Echoes;Video Editor & Creative Designer (TikTok & Instagram) - Full Remote;Brasil;20/07 14:00;https://www.linkedin.com/jobs/view/4440165755/;https://media.licdn.com/dms/image/v2/D4E0BAQHnPCqmsxGuXA/company-logo_100_100/B4EZav9nnaHMAU-/0/1746708888504/go_echoes_logo?e=1785974400&v=beta&t=UyDo6iKgODs4M2uzW9EJ1vQjsCe0RpSX8Z4c2f_YDfk;Produtos > Customer Experience;https://www.linkedin.com/company/go-echoes/about/;Software e Serviços de TI;backend OR java OR (spring AND boot) OR python OR django OR go OR golang OR php OR laravel OR ruby OR (ruby AND rails) OR c++ OR c# OR rust OR scala OR julia OR elixir OR node.js OR (asp.net AND core);go echoes;1.0;;https://www.linkedin.com/jobs/view/4440165755/;https://www.linkedin.com/jobs/view/4440165755/;Remote;-;21/07/2026;;;;;Brasil;América do Sul
348;Gran Coffee;Reabastecedor - Goiânia/GO - GO;Goiânia (GO);21/07 00:00;https://www.linkedin.com/jobs/view/4442274648/;https://media.licdn.com/dms/image/v2/C4E0BAQFuIkOtsvqC-A/company-logo_100_100/company-logo_100_100/0/1630643726740/grancoffeeoficial_logo?e=1785974400&v=beta&t=82XfaOPRCe8SyCI8334GbWfvGi28bqerFVHtfucU8EQ;-;https://www.linkedin.com/company/gran-coffee/about/;-;backend OR java OR (spring AND boot) OR python OR django OR go OR golang OR php OR laravel OR ruby OR (ruby AND rails) OR c++ OR c# OR rust OR scala OR julia OR elixir OR node.js OR (asp.net AND core);gran coffee;1.0;empregos.com.br;https://www.linkedin.com/jobs/view/4442274648/;https://www.linkedin.com/jobs/view/4442274648/;On-site;-;21/07/2026;Goiânia;Goiás;GO;Região Centro-Oeste;Brasil;América do Sul
349;Gran Coffee;Técnico Junior - Goiânia/GO - GO;Goiânia (GO);21/07 00:00;https://www.linkedin.com/jobs/view/4442262848/;https://media.licdn.com/dms/image/v2/C4E0BAQFuIkOtsvqC-A/company-logo_100_100/company-logo_100_100/0/1630643726740/grancoffeeoficial_logo?e=1785974400&v=beta&t=82XfaOPRCe8SyCI8334GbWfvGi28bqerFVHtfucU8EQ;-;https://www.linkedin.com/company/gran-coffee/about/;-;backend OR java OR (spring AND boot) OR python OR django OR go OR golang OR php OR laravel OR ruby OR (ruby AND rails) OR c++ OR c# OR rust OR scala OR julia OR elixir OR node.js OR (asp.net AND core);gran coffee;1.0;empregos.com.br;https://www.linkedin.com/jobs/view/4442262848/;https://www.linkedin.com/jobs/view/4442262848/;On-site;Junior;21/07/2026;Goiânia;Goiás;GO;Região Centro-Oeste;Brasil;América do Sul
350;Grupo Boticário;Pessoa Desenvolvedora Fullstack Node.js/React.js Especialista I (Tech Operações);Brasil;21/07 11:00;https://www.linkedin.com/jobs/view/4443382624/;https://media.licdn.com/dms/image/v2/C4D0BAQE2uTXvISMMwA/company-logo_100_100/company-logo_100_100/0/1630548701849/grupo_boticario_logo?e=1785974400&v=beta&t=Mq1yUUFaOmPEiR9CRRyv2qwxXg1gGd76sNgNjDBvnw8;Advanced > Specialist;https://www.linkedin.com/company/grupo-botic-rio/about/;Moda e Beleza;backend OR java OR (spring AND boot) OR python OR django OR go OR golang OR php OR laravel OR ruby OR (ruby AND rails) OR c++ OR c# OR rust OR scala OR julia OR elixir OR node.js OR (asp.net AND core);grupo boticário;5.0;Gupy;https://www.linkedin.com/jobs/view/4443382624/;https://www.linkedin.com/jobs/view/4443382624/;Remote;PCD / Afirmativa, Specialist, TI/Tech, Full Stack;21/07/2026;;;;;Brasil;América do Sul
351;Grupo Ferraz Costa;Auxiliar Administrativo - Universidade Estácio / Goiânia - GO;Grande Goiania;21/07 05:00;https://www.linkedin.com/jobs/view/4443335031/;https://media.licdn.com/dms/image/v2/D4D0BAQHqxwrwzJ0ASQ/company-logo_100_100/company-logo_100_100/0/1689004276746/grupo_ferraz_costa_logo?e=1785974400&v=beta&t=nAgbRrX55g6f4k8LFS7mIGEciak7ph3mIkdcwZC2M5E;-;https://www.linkedin.com/company/grupo-ferraz-costa/about/;Educação;backend OR java OR (spring AND boot) OR python OR django OR go OR golang OR php OR laravel OR ruby OR (ruby AND rails) OR c++ OR c# OR rust OR scala OR julia OR elixir OR node.js OR (asp.net AND core);grupo ferraz costa;1;;https://www.linkedin.com/jobs/view/4443335031/;https://www.linkedin.com/jobs/view/4443335031/;On-site;Associate;21/07/2026;;Rio Grande do Sul;RS;Região Sul;Brasil;América do Sul
352;Grupo Inrise;Assistente Financeiro – Aparecida de Goiânia/GO;Grande Goiania;21/07 11:00;https://www.linkedin.com/jobs/view/4440461461/;https://media.licdn.com/dms/image/v2/C4D0BAQFfJXYsXYYIUw/company-logo_100_100/company-logo_100_100/0/1638304914399/grupo_inrise_logo?e=1785974400&v=beta&t=3D0jf38_CbB6bF_rYYd0aGRgLtt5C9Dq6aXauDzAAOg;-;https://www.linkedin.com/company/grupo-inrise/about/;Serviços Financeiros;backend OR java OR (spring AND boot) OR python OR django OR go OR golang OR php OR laravel OR ruby OR (ruby AND rails) OR c++ OR c# OR rust OR scala OR julia OR elixir OR node.js OR (asp.net AND core);grupo inrise;1;;https://www.linkedin.com/jobs/view/4440461461/;https://www.linkedin.com/jobs/view/4440461461/;On-site;Associate, Financeiro/Fiscal;21/07/2026;;Rio Grande do Sul;RS;Região Sul;Brasil;América do Sul
353;Grupo Navesa;SDR (Sales Development Representative) - GO;Anápolis (GO);21/07 00:00;https://www.linkedin.com/jobs/view/4442263839/;https://media.licdn.com/dms/image/v2/D4D0BAQH8qp8Zz3ot_Q/company-logo_100_100/B4DZy9n8xsHcAQ-/0/1772707892726/grupo_navesa_logo?e=1785974400&v=beta&t=CJ9wfI2hjIS-RWj_s1rBMpFkCiUb0RPVmiQjdoOMeCg;-;https://www.linkedin.com/company/grupo-navesa/about/;Software e Serviços de TI;backend OR java OR (spring AND boot) OR python OR django OR go OR golang OR php OR laravel OR ruby OR (ruby AND rails) OR c++ OR c# OR rust OR scala OR julia OR elixir OR node.js OR (asp.net AND core);grupo navesa;1.0;empregos.com.br;https://www.linkedin.com/jobs/view/4442263839/;https://www.linkedin.com/jobs/view/4442263839/;On-site;Vendas / Comercial;21/07/2026;Anápolis;Goiás;GO;Região Centro-Oeste;Brasil;América do Sul
354;Grupo Navesa;Vendedor de Veículos Novos - GO;Anápolis (GO);21/07 00:00;https://www.linkedin.com/jobs/view/4442286056/;https://media.licdn.com/dms/image/v2/D4D0BAQH8qp8Zz3ot_Q/company-logo_100_100/B4DZy9n8xsHcAQ-/0/1772707892726/grupo_navesa_logo?e=1785974400&v=beta&t=CJ9wfI2hjIS-RWj_s1rBMpFkCiUb0RPVmiQjdoOMeCg;-;https://www.linkedin.com/company/grupo-navesa/about/;Transporte e Mobilidade;backend OR java OR (spring AND boot) OR python OR django OR go OR golang OR php OR laravel OR ruby OR (ruby AND rails) OR c++ OR c# OR rust OR scala OR julia OR elixir OR node.js OR (asp.net AND core);grupo navesa;1.0;empregos.com.br;https://www.linkedin.com/jobs/view/4442286056/;https://www.linkedin.com/jobs/view/4442286056/;On-site;Vendas / Comercial;21/07/2026;Anápolis;Goiás;GO;Região Centro-Oeste;Brasil;América do Sul
355;Grupo Navesa;Alinhador/Balanceador - GWM - GO;Aparecida de Goiânia (GO);21/07 00:00;https://www.linkedin.com/jobs/view/4442276326/;https://media.licdn.com/dms/image/v2/D4D0BAQH8qp8Zz3ot_Q/company-logo_100_100/B4DZy9n8xsHcAQ-/0/1772707892726/grupo_navesa_logo?e=1785974400&v=beta&t=CJ9wfI2hjIS-RWj_s1rBMpFkCiUb0RPVmiQjdoOMeCg;-;https://www.linkedin.com/company/grupo-navesa/about/;-;backend OR java OR (spring AND boot) OR python OR django OR go OR golang OR php OR laravel OR ruby OR (ruby AND rails) OR c++ OR c# OR rust OR scala OR julia OR elixir OR node.js OR (asp.net AND core);grupo navesa;1.0;empregos.com.br;https://www.linkedin.com/jobs/view/4442276326/;https://www.linkedin.com/jobs/view/4442276326/;On-site;-;21/07/2026;Aparecida de Goiânia;Goiás;GO;Região Centro-Oeste;Brasil;América do Sul
356;Grupo Navesa;Auxiliar de Mecânico - GO;Aparecida de Goiânia (GO);21/07 00:00;https://www.linkedin.com/jobs/view/4442270581/;https://media.licdn.com/dms/image/v2/D4D0BAQH8qp8Zz3ot_Q/company-logo_100_100/B4DZy9n8xsHcAQ-/0/1772707892726/grupo_navesa_logo?e=1785974400&v=beta&t=CJ9wfI2hjIS-RWj_s1rBMpFkCiUb0RPVmiQjdoOMeCg;-;https://www.linkedin.com/company/grupo-navesa/about/;-;backend OR java OR (spring AND boot) OR python OR django OR go OR golang OR php OR laravel OR ruby OR (ruby AND rails) OR c++ OR c# OR rust OR scala OR julia OR elixir OR node.js OR (asp.net AND core);grupo navesa;1.0;empregos.com.br;https://www.linkedin.com/jobs/view/4442270581/;https://www.linkedin.com/jobs/view/4442270581/;On-site;Associate;21/07/2026;Aparecida de Goiânia;Goiás;GO;Região Centro-Oeste;Brasil;América do Sul
357;Grupo Navesa;Entregador Técnico de Veículos - GWM - GO;Aparecida de Goiânia (GO);21/07 00:00;https://www.linkedin.com/jobs/view/4442267741/;https://media.licdn.com/dms/image/v2/D4D0BAQH8qp8Zz3ot_Q/company-logo_100_100/B4DZy9n8xsHcAQ-/0/1772707892726/grupo_navesa_logo?e=1785974400&v=beta&t=CJ9wfI2hjIS-RWj_s1rBMpFkCiUb0RPVmiQjdoOMeCg;-;https://www.linkedin.com/company/grupo-navesa/about/;Transporte e Mobilidade;backend OR java OR (spring AND boot) OR python OR django OR go OR golang OR php OR laravel OR ruby OR (ruby AND rails) OR c++ OR c# OR rust OR scala OR julia OR elixir OR node.js OR (asp.net AND core);grupo navesa;1.0;empregos.com.br;https://www.linkedin.com/jobs/view/4442267741/;https://www.linkedin.com/jobs/view/4442267741/;On-site;-;21/07/2026;Aparecida de Goiânia;Goiás;GO;Região Centro-Oeste;Brasil;América do Sul
358;Grupo Navesa;Mecânico - GWM - GO;Aparecida de Goiânia (GO);21/07 00:00;https://www.linkedin.com/jobs/view/4442275754/;https://media.licdn.com/dms/image/v2/D4D0BAQH8qp8Zz3ot_Q/company-logo_100_100/B4DZy9n8xsHcAQ-/0/1772707892726/grupo_navesa_logo?e=1785974400&v=beta&t=CJ9wfI2hjIS-RWj_s1rBMpFkCiUb0RPVmiQjdoOMeCg;-;https://www.linkedin.com/company/grupo-navesa/about/;-;backend OR java OR (spring AND boot) OR python OR django OR go OR golang OR php OR laravel OR ruby OR (ruby AND rails) OR c++ OR c# OR rust OR scala OR julia OR elixir OR node.js OR (asp.net AND core);grupo navesa;1.0;empregos.com.br;https://www.linkedin.com/jobs/view/4442275754/;https://www.linkedin.com/jobs/view/4442275754/;On-site;-;21/07/2026;Aparecida de Goiânia;Goiás;GO;Região Centro-Oeste;Brasil;América do Sul
359;Grupo Navesa;Recepcionista de Serviços - GO;Aparecida de Goiânia (GO);21/07 00:00;https://www.linkedin.com/jobs/view/4442279223/;https://media.licdn.com/dms/image/v2/D4D0BAQH8qp8Zz3ot_Q/company-logo_100_100/B4DZy9n8xsHcAQ-/0/1772707892726/grupo_navesa_logo?e=1785974400&v=beta&t=CJ9wfI2hjIS-RWj_s1rBMpFkCiUb0RPVmiQjdoOMeCg;-;https://www.linkedin.com/company/grupo-navesa/about/;-;backend OR java OR (spring AND boot) OR python OR django OR go OR golang OR php OR laravel OR ruby OR (ruby AND rails) OR c++ OR c# OR rust OR scala OR julia OR elixir OR node.js OR (asp.net AND core);grupo navesa;1.0;empregos.com.br;https://www.linkedin.com/jobs/view/4442279223/;https://www.linkedin.com/jobs/view/4442279223/;On-site;-;21/07/2026;Aparecida de Goiânia;Goiás;GO;Região Centro-Oeste;Brasil;América do Sul
360;Grupo Navesa;Vendedor de Acessórios - GO;Aparecida de Goiânia (GO);21/07 00:00;https://www.linkedin.com/jobs/view/4442267588/;https://media.licdn.com/dms/image/v2/D4D0BAQH8qp8Zz3ot_Q/company-logo_100_100/B4DZy9n8xsHcAQ-/0/1772707892726/grupo_navesa_logo?e=1785974400&v=beta&t=CJ9wfI2hjIS-RWj_s1rBMpFkCiUb0RPVmiQjdoOMeCg;-;https://www.linkedin.com/company/grupo-navesa/about/;-;backend OR java OR (spring AND boot) OR python OR django OR go OR golang OR php OR laravel OR ruby OR (ruby AND rails) OR c++ OR c# OR rust OR scala OR julia OR elixir OR node.js OR (asp.net AND core);grupo navesa;1.0;empregos.com.br;https://www.linkedin.com/jobs/view/4442267588/;https://www.linkedin.com/jobs/view/4442267588/;On-site;Vendas / Comercial;21/07/2026;Aparecida de Goiânia;Goiás;GO;Região Centro-Oeste;Brasil;América do Sul
361;Grupo Navesa;Assistente Administrativo - Contas à Pagar - GO;Goiânia (GO);21/07 00:00;https://www.linkedin.com/jobs/view/4442263825/;https://media.licdn.com/dms/image/v2/D4D0BAQH8qp8Zz3ot_Q/company-logo_100_100/B4DZy9n8xsHcAQ-/0/1772707892726/grupo_navesa_logo?e=1785974400&v=beta&t=CJ9wfI2hjIS-RWj_s1rBMpFkCiUb0RPVmiQjdoOMeCg;-;https://www.linkedin.com/company/grupo-navesa/about/;Software e Serviços de TI;backend OR java OR (spring AND boot) OR python OR django OR go OR golang OR php OR laravel OR ruby OR (ruby AND rails) OR c++ OR c# OR rust OR scala OR julia OR elixir OR node.js OR (asp.net AND core);grupo navesa;1.0;empregos.com.br;https://www.linkedin.com/jobs/view/4442263825/;https://www.linkedin.com/jobs/view/4442263825/;On-site;Associate;21/07/2026;Goiânia;Goiás;GO;Região Centro-Oeste;Brasil;América do Sul
362;Grupo Navesa;Assistente Administrativo - Contas à Receber - GO;Goiânia (GO);21/07 00:00;https://www.linkedin.com/jobs/view/4442262886/;https://media.licdn.com/dms/image/v2/D4D0BAQH8qp8Zz3ot_Q/company-logo_100_100/B4DZy9n8xsHcAQ-/0/1772707892726/grupo_navesa_logo?e=1785974400&v=beta&t=CJ9wfI2hjIS-RWj_s1rBMpFkCiUb0RPVmiQjdoOMeCg;-;https://www.linkedin.com/company/grupo-navesa/about/;Software e Serviços de TI;backend OR java OR (spring AND boot) OR python OR django OR go OR golang OR php OR laravel OR ruby OR (ruby AND rails) OR c++ OR c# OR rust OR scala OR julia OR elixir OR node.js OR (asp.net AND core);grupo navesa;1.0;empregos.com.br;https://www.linkedin.com/jobs/view/4442262886/;https://www.linkedin.com/jobs/view/4442262886/;On-site;Associate;21/07/2026;Goiânia;Goiás;GO;Região Centro-Oeste;Brasil;América do Sul
363;Grupo Navesa;Assistente de Entrega Técnica - GO;Goiânia (GO);21/07 00:00;https://www.linkedin.com/jobs/view/4442273650/;https://media.licdn.com/dms/image/v2/D4D0BAQH8qp8Zz3ot_Q/company-logo_100_100/B4DZy9n8xsHcAQ-/0/1772707892726/grupo_navesa_logo?e=1785974400&v=beta&t=CJ9wfI2hjIS-RWj_s1rBMpFkCiUb0RPVmiQjdoOMeCg;-;https://www.linkedin.com/company/grupo-navesa/about/;-;backend OR java OR (spring AND boot) OR python OR django OR go OR golang OR php OR laravel OR ruby OR (ruby AND rails) OR c++ OR c# OR rust OR scala OR julia OR elixir OR node.js OR (asp.net AND core);grupo navesa;1.0;empregos.com.br;https://www.linkedin.com/jobs/view/4442273650/;https://www.linkedin.com/jobs/view/4442273650/;On-site;Associate;21/07/2026;Goiânia;Goiás;GO;Região Centro-Oeste;Brasil;América do Sul
364;Grupo Navesa;Assistente de Pátio - GWM - GO;Goiânia (GO);21/07 00:00;https://www.linkedin.com/jobs/view/4442279159/;https://media.licdn.com/dms/image/v2/D4D0BAQH8qp8Zz3ot_Q/company-logo_100_100/B4DZy9n8xsHcAQ-/0/1772707892726/grupo_navesa_logo?e=1785974400&v=beta&t=CJ9wfI2hjIS-RWj_s1rBMpFkCiUb0RPVmiQjdoOMeCg;-;https://www.linkedin.com/company/grupo-navesa/about/;Software e Serviços de TI;backend OR java OR (spring AND boot) OR python OR django OR go OR golang OR php OR laravel OR ruby OR (ruby AND rails) OR c++ OR c# OR rust OR scala OR julia OR elixir OR node.js OR (asp.net AND core);grupo navesa;1.0;empregos.com.br;https://www.linkedin.com/jobs/view/4442279159/;https://www.linkedin.com/jobs/view/4442279159/;On-site;Associate;21/07/2026;Goiânia;Goiás;GO;Região Centro-Oeste;Brasil;América do Sul
365;Grupo Navesa;Assistente de Recrutamento e Seleção - GO;Goiânia (GO);21/07 00:00;https://www.linkedin.com/jobs/view/4442269499/;https://media.licdn.com/dms/image/v2/D4D0BAQH8qp8Zz3ot_Q/company-logo_100_100/B4DZy9n8xsHcAQ-/0/1772707892726/grupo_navesa_logo?e=1785974400&v=beta&t=CJ9wfI2hjIS-RWj_s1rBMpFkCiUb0RPVmiQjdoOMeCg;-;https://www.linkedin.com/company/grupo-navesa/about/;Recursos Humanos;backend OR java OR (spring AND boot) OR python OR django OR go OR golang OR php OR laravel OR ruby OR (ruby AND rails) OR c++ OR c# OR rust OR scala OR julia OR elixir OR node.js OR (asp.net AND core);grupo navesa;1.0;empregos.com.br;https://www.linkedin.com/jobs/view/4442269499/;https://www.linkedin.com/jobs/view/4442269499/;On-site;Associate;21/07/2026;Goiânia;Goiás;GO;Região Centro-Oeste;Brasil;América do Sul
366;Grupo Navesa;Assistente de Vendas ao Governo (Licitação) - Renault - GO;Goiânia (GO);21/07 00:00;https://www.linkedin.com/jobs/view/4442284229/;https://media.licdn.com/dms/image/v2/D4D0BAQH8qp8Zz3ot_Q/company-logo_100_100/B4DZy9n8xsHcAQ-/0/1772707892726/grupo_navesa_logo?e=1785974400&v=beta&t=CJ9wfI2hjIS-RWj_s1rBMpFkCiUb0RPVmiQjdoOMeCg;-;https://www.linkedin.com/company/grupo-navesa/about/;Governo e Social;backend OR java OR (spring AND boot) OR python OR django OR go OR golang OR php OR laravel OR ruby OR (ruby AND rails) OR c++ OR c# OR rust OR scala OR julia OR elixir OR node.js OR (asp.net AND core);grupo navesa;1.0;empregos.com.br;https://www.linkedin.com/jobs/view/4442284229/;https://www.linkedin.com/jobs/view/4442284229/;On-site;Associate, Vendas / Comercial;21/07/2026;Goiânia;Goiás;GO;Região Centro-Oeste;Brasil;América do Sul
367;Grupo Navesa;Assistente de vendas - GO;Goiânia (GO);21/07 00:00;https://www.linkedin.com/jobs/view/4442276699/;https://media.licdn.com/dms/image/v2/D4D0BAQH8qp8Zz3ot_Q/company-logo_100_100/B4DZy9n8xsHcAQ-/0/1772707892726/grupo_navesa_logo?e=1785974400&v=beta&t=CJ9wfI2hjIS-RWj_s1rBMpFkCiUb0RPVmiQjdoOMeCg;-;https://www.linkedin.com/company/grupo-navesa/about/;Vendas e Suporte;backend OR java OR (spring AND boot) OR python OR django OR go OR golang OR php OR laravel OR ruby OR (ruby AND rails) OR c++ OR c# OR rust OR scala OR julia OR elixir OR node.js OR (asp.net AND core);grupo navesa;1.0;empregos.com.br;https://www.linkedin.com/jobs/view/4442276699/;https://www.linkedin.com/jobs/view/4442276699/;On-site;Associate, Vendas / Comercial;21/07/2026;Goiânia;Goiás;GO;Região Centro-Oeste;Brasil;América do Sul
368;Grupo Navesa;Auxiliar de Serviços Gerais - GO;Goiânia (GO);21/07 00:00;https://www.linkedin.com/jobs/view/4442282326/;https://media.licdn.com/dms/image/v2/D4D0BAQH8qp8Zz3ot_Q/company-logo_100_100/B4DZy9n8xsHcAQ-/0/1772707892726/grupo_navesa_logo?e=1785974400&v=beta&t=CJ9wfI2hjIS-RWj_s1rBMpFkCiUb0RPVmiQjdoOMeCg;-;https://www.linkedin.com/company/grupo-navesa/about/;-;backend OR java OR (spring AND boot) OR python OR django OR go OR golang OR php OR laravel OR ruby OR (ruby AND rails) OR c++ OR c# OR rust OR scala OR julia OR elixir OR node.js OR (asp.net AND core);grupo navesa;1.0;empregos.com.br;https://www.linkedin.com/jobs/view/4442282326/;https://www.linkedin.com/jobs/view/4442282326/;On-site;Associate;21/07/2026;Goiânia;Goiás;GO;Região Centro-Oeste;Brasil;América do Sul
369;Grupo Navesa;Auxiliar de Serviços Gerais - GO;Goiânia (GO);21/07 00:00;https://www.linkedin.com/jobs/view/4442266744/;https://media.licdn.com/dms/image/v2/D4D0BAQH8qp8Zz3ot_Q/company-logo_100_100/B4DZy9n8xsHcAQ-/0/1772707892726/grupo_navesa_logo?e=1785974400&v=beta&t=CJ9wfI2hjIS-RWj_s1rBMpFkCiUb0RPVmiQjdoOMeCg;-;https://www.linkedin.com/company/grupo-navesa/about/;-;backend OR java OR (spring AND boot) OR python OR django OR go OR golang OR php OR laravel OR ruby OR (ruby AND rails) OR c++ OR c# OR rust OR scala OR julia OR elixir OR node.js OR (asp.net AND core);grupo navesa;1.0;empregos.com.br;https://www.linkedin.com/jobs/view/4442266744/;https://www.linkedin.com/jobs/view/4442266744/;On-site;Associate;21/07/2026;Goiânia;Goiás;GO;Região Centro-Oeste;Brasil;América do Sul
370;Grupo Navesa;Caixa - GO;Goiânia (GO);21/07 00:00;https://www.linkedin.com/jobs/view/4442285099/;https://media.licdn.com/dms/image/v2/D4D0BAQH8qp8Zz3ot_Q/company-logo_100_100/B4DZy9n8xsHcAQ-/0/1772707892726/grupo_navesa_logo?e=1785974400&v=beta&t=CJ9wfI2hjIS-RWj_s1rBMpFkCiUb0RPVmiQjdoOMeCg;-;https://www.linkedin.com/company/grupo-navesa/about/;-;backend OR java OR (spring AND boot) OR python OR django OR go OR golang OR php OR laravel OR ruby OR (ruby AND rails) OR c++ OR c# OR rust OR scala OR julia OR elixir OR node.js OR (asp.net AND core);grupo navesa;1.0;empregos.com.br;https://www.linkedin.com/jobs/view/4442285099/;https://www.linkedin.com/jobs/view/4442285099/;On-site;-;21/07/2026;Goiânia;Goiás;GO;Região Centro-Oeste;Brasil;América do Sul
371;Grupo Navesa;Estoquista - GO;Goiânia (GO);21/07 00:00;https://www.linkedin.com/jobs/view/4442291000/;https://media.licdn.com/dms/image/v2/D4D0BAQH8qp8Zz3ot_Q/company-logo_100_100/B4DZy9n8xsHcAQ-/0/1772707892726/grupo_navesa_logo?e=1785974400&v=beta&t=CJ9wfI2hjIS-RWj_s1rBMpFkCiUb0RPVmiQjdoOMeCg;-;https://www.linkedin.com/company/grupo-navesa/about/;-;backend OR java OR (spring AND boot) OR python OR django OR go OR golang OR php OR laravel OR ruby OR (ruby AND rails) OR c++ OR c# OR rust OR scala OR julia OR elixir OR node.js OR (asp.net AND core);grupo navesa;1.0;empregos.com.br;https://www.linkedin.com/jobs/view/4442291000/;https://www.linkedin.com/jobs/view/4442291000/;On-site;-;21/07/2026;Goiânia;Goiás;GO;Região Centro-Oeste;Brasil;América do Sul
372;Grupo Navesa;Instalador de Acessórios - Renault - GO;Goiânia (GO);21/07 00:00;https://www.linkedin.com/jobs/view/4442283128/;https://media.licdn.com/dms/image/v2/D4D0BAQH8qp8Zz3ot_Q/company-logo_100_100/B4DZy9n8xsHcAQ-/0/1772707892726/grupo_navesa_logo?e=1785974400&v=beta&t=CJ9wfI2hjIS-RWj_s1rBMpFkCiUb0RPVmiQjdoOMeCg;-;https://www.linkedin.com/company/grupo-navesa/about/;-;backend OR java OR (spring AND boot) OR python OR django OR go OR golang OR php OR laravel OR ruby OR (ruby AND rails) OR c++ OR c# OR rust OR scala OR julia OR elixir OR node.js OR (asp.net AND core);grupo navesa;1.0;empregos.com.br;https://www.linkedin.com/jobs/view/4442283128/;https://www.linkedin.com/jobs/view/4442283128/;On-site;-;21/07/2026;Goiânia;Goiás;GO;Região Centro-Oeste;Brasil;América do Sul
373;Grupo Navesa;Jovem Aprendiz - Estoque - GO;Goiânia (GO);21/07 00:00;https://www.linkedin.com/jobs/view/4442280149/;https://media.licdn.com/dms/image/v2/D4D0BAQH8qp8Zz3ot_Q/company-logo_100_100/B4DZy9n8xsHcAQ-/0/1772707892726/grupo_navesa_logo?e=1785974400&v=beta&t=CJ9wfI2hjIS-RWj_s1rBMpFkCiUb0RPVmiQjdoOMeCg;-;https://www.linkedin.com/company/grupo-navesa/about/;-;backend OR java OR (spring AND boot) OR python OR django OR go OR golang OR php OR laravel OR ruby OR (ruby AND rails) OR c++ OR c# OR rust OR scala OR julia OR elixir OR node.js OR (asp.net AND core);grupo navesa;1.0;empregos.com.br;https://www.linkedin.com/jobs/view/4442280149/;https://www.linkedin.com/jobs/view/4442280149/;On-site;Intern;21/07/2026;Goiânia;Goiás;GO;Região Centro-Oeste;Brasil;América do Sul
374;Grupo Navesa;Mecânico - FORD - GO;Goiânia (GO);21/07 00:00;https://www.linkedin.com/jobs/view/4442274778/;https://media.licdn.com/dms/image/v2/D4D0BAQH8qp8Zz3ot_Q/company-logo_100_100/B4DZy9n8xsHcAQ-/0/1772707892726/grupo_navesa_logo?e=1785974400&v=beta&t=CJ9wfI2hjIS-RWj_s1rBMpFkCiUb0RPVmiQjdoOMeCg;-;https://www.linkedin.com/company/grupo-navesa/about/;-;backend OR java OR (spring AND boot) OR python OR django OR go OR golang OR php OR laravel OR ruby OR (ruby AND rails) OR c++ OR c# OR rust OR scala OR julia OR elixir OR node.js OR (asp.net AND core);grupo navesa;1.0;empregos.com.br;https://www.linkedin.com/jobs/view/4442274778/;https://www.linkedin.com/jobs/view/4442274778/;On-site;-;21/07/2026;Goiânia;Goiás;GO;Região Centro-Oeste;Brasil;América do Sul
375;Grupo Navesa;Mecânico - FORD - GO;Goiânia (GO);21/07 00:00;https://www.linkedin.com/jobs/view/4442272827/;https://media.licdn.com/dms/image/v2/D4D0BAQH8qp8Zz3ot_Q/company-logo_100_100/B4DZy9n8xsHcAQ-/0/1772707892726/grupo_navesa_logo?e=1785974400&v=beta&t=CJ9wfI2hjIS-RWj_s1rBMpFkCiUb0RPVmiQjdoOMeCg;-;https://www.linkedin.com/company/grupo-navesa/about/;-;backend OR java OR (spring AND boot) OR python OR django OR go OR golang OR php OR laravel OR ruby OR (ruby AND rails) OR c++ OR c# OR rust OR scala OR julia OR elixir OR node.js OR (asp.net AND core);grupo navesa;1.0;empregos.com.br;https://www.linkedin.com/jobs/view/4442272827/;https://www.linkedin.com/jobs/view/4442272827/;On-site;-;21/07/2026;Goiânia;Goiás;GO;Região Centro-Oeste;Brasil;América do Sul
376;Grupo Navesa;Preparador/ Pintor - GO;Goiânia (GO);21/07 00:00;https://www.linkedin.com/jobs/view/4442278295/;https://media.licdn.com/dms/image/v2/D4D0BAQH8qp8Zz3ot_Q/company-logo_100_100/B4DZy9n8xsHcAQ-/0/1772707892726/grupo_navesa_logo?e=1785974400&v=beta&t=CJ9wfI2hjIS-RWj_s1rBMpFkCiUb0RPVmiQjdoOMeCg;-;https://www.linkedin.com/company/grupo-navesa/about/;-;backend OR java OR (spring AND boot) OR python OR django OR go OR golang OR php OR laravel OR ruby OR (ruby AND rails) OR c++ OR c# OR rust OR scala OR julia OR elixir OR node.js OR (asp.net AND core);grupo navesa;1.0;empregos.com.br;https://www.linkedin.com/jobs/view/4442278295/;https://www.linkedin.com/jobs/view/4442278295/;On-site;-;21/07/2026;Goiânia;Goiás;GO;Região Centro-Oeste;Brasil;América do Sul
377;Grupo Navesa;Recepcionista - GO;Goiânia (GO);21/07 00:00;https://www.linkedin.com/jobs/view/4442276720/;https://media.licdn.com/dms/image/v2/D4D0BAQH8qp8Zz3ot_Q/company-logo_100_100/B4DZy9n8xsHcAQ-/0/1772707892726/grupo_navesa_logo?e=1785974400&v=beta&t=CJ9wfI2hjIS-RWj_s1rBMpFkCiUb0RPVmiQjdoOMeCg;-;https://www.linkedin.com/company/grupo-navesa/about/;-;backend OR java OR (spring AND boot) OR python OR django OR go OR golang OR php OR laravel OR ruby OR (ruby AND rails) OR c++ OR c# OR rust OR scala OR julia OR elixir OR node.js OR (asp.net AND core);grupo navesa;1.0;empregos.com.br;https://www.linkedin.com/jobs/view/4442276720/;https://www.linkedin.com/jobs/view/4442276720/;On-site;-;21/07/2026;Goiânia;Goiás;GO;Região Centro-Oeste;Brasil;América do Sul
378;Grupo Navesa;Vendedor de Veículos Novos - GO;Goiânia (GO);21/07 00:00;https://www.linkedin.com/jobs/view/4442266902/;https://media.licdn.com/dms/image/v2/D4D0BAQH8qp8Zz3ot_Q/company-logo_100_100/B4DZy9n8xsHcAQ-/0/1772707892726/grupo_navesa_logo?e=1785974400&v=beta&t=CJ9wfI2hjIS-RWj_s1rBMpFkCiUb0RPVmiQjdoOMeCg;-;https://www.linkedin.com/company/grupo-navesa/about/;Transporte e Mobilidade;backend OR java OR (spring AND boot) OR python OR django OR go OR golang OR php OR laravel OR ruby OR (ruby AND rails) OR c++ OR c# OR rust OR scala OR julia OR elixir OR node.js OR (asp.net AND core);grupo navesa;1.0;empregos.com.br;https://www.linkedin.com/jobs/view/4442266902/;https://www.linkedin.com/jobs/view/4442266902/;On-site;Vendas / Comercial;21/07/2026;Goiânia;Goiás;GO;Região Centro-Oeste;Brasil;América do Sul
379;Grupo Navesa;Vendedor de Veículos Novos - Geely - GO;Goiânia (GO);21/07 00:00;https://www.linkedin.com/jobs/view/4442277372/;https://media.licdn.com/dms/image/v2/D4D0BAQH8qp8Zz3ot_Q/company-logo_100_100/B4DZy9n8xsHcAQ-/0/1772707892726/grupo_navesa_logo?e=1785974400&v=beta&t=CJ9wfI2hjIS-RWj_s1rBMpFkCiUb0RPVmiQjdoOMeCg;-;https://www.linkedin.com/company/grupo-navesa/about/;Transporte e Mobilidade;backend OR java OR (spring AND boot) OR python OR django OR go OR golang OR php OR laravel OR ruby OR (ruby AND rails) OR c++ OR c# OR rust OR scala OR julia OR elixir OR node.js OR (asp.net AND core);grupo navesa;1.0;empregos.com.br;https://www.linkedin.com/jobs/view/4442277372/;https://www.linkedin.com/jobs/view/4442277372/;On-site;Vendas / Comercial;21/07/2026;Goiânia;Goiás;GO;Região Centro-Oeste;Brasil;América do Sul
380;Grupo Navesa;Vendedor de veículos - Venda Direta Ford - GO;Goiânia (GO);21/07 00:00;https://www.linkedin.com/jobs/view/4442273466/;https://media.licdn.com/dms/image/v2/D4D0BAQH8qp8Zz3ot_Q/company-logo_100_100/B4DZy9n8xsHcAQ-/0/1772707892726/grupo_navesa_logo?e=1785974400&v=beta&t=CJ9wfI2hjIS-RWj_s1rBMpFkCiUb0RPVmiQjdoOMeCg;-;https://www.linkedin.com/company/grupo-navesa/about/;Transporte e Mobilidade;backend OR java OR (spring AND boot) OR python OR django OR go OR golang OR php OR laravel OR ruby OR (ruby AND rails) OR c++ OR c# OR rust OR scala OR julia OR elixir OR node.js OR (asp.net AND core);grupo navesa;1.0;empregos.com.br;https://www.linkedin.com/jobs/view/4442273466/;https://www.linkedin.com/jobs/view/4442273466/;On-site;Vendas / Comercial;21/07/2026;Goiânia;Goiás;GO;Região Centro-Oeste;Brasil;América do Sul
381;Grupo Navesa;Instalador de Acessórios - GWM - GO;Rio Verde (GO);21/07 00:00;https://www.linkedin.com/jobs/view/4442266634/;https://media.licdn.com/dms/image/v2/D4D0BAQH8qp8Zz3ot_Q/company-logo_100_100/B4DZy9n8xsHcAQ-/0/1772707892726/grupo_navesa_logo?e=1785974400&v=beta&t=CJ9wfI2hjIS-RWj_s1rBMpFkCiUb0RPVmiQjdoOMeCg;-;https://www.linkedin.com/company/grupo-navesa/about/;-;backend OR java OR (spring AND boot) OR python OR django OR go OR golang OR php OR laravel OR ruby OR (ruby AND rails) OR c++ OR c# OR rust OR scala OR julia OR elixir OR node.js OR (asp.net AND core);grupo navesa;1.0;empregos.com.br;https://www.linkedin.com/jobs/view/4442266634/;https://www.linkedin.com/jobs/view/4442266634/;On-site;-;21/07/2026;Rio Verde;Goiás;GO;Região Centro-Oeste;Brasil;América do Sul
382;Grupo OLX;Pessoa Desenvolvedora de Software Backend - Senior (Medias);Rio de Janeiro (RJ);20/07 12:00;https://www.linkedin.com/jobs/view/4435349011/;https://media.licdn.com/dms/image/v2/D4D0BAQFYyCLqESAtWg/company-logo_100_100/B4DZ50jNZtJEAI-/0/1780071848050/grupoolx_logo?e=1785974400&v=beta&t=H8Q6qSaoKE_toKH9VuQMlpzk2sJlmqfv0f2g_vQaPJ4;-;https://www.linkedin.com/company/grupo-olx/about/;Mídia e Entretenimento;backend OR java OR (spring AND boot) OR python OR django OR go OR golang OR php OR laravel OR ruby OR (ruby AND rails) OR c++ OR c# OR rust OR scala OR julia OR elixir OR node.js OR (asp.net AND core);grupo olx;1.0;Gupy;https://www.linkedin.com/jobs/view/4435349011/;https://www.linkedin.com/jobs/view/4435349011/;On-site;PCD / Afirmativa, Senior, TI/Tech, Backend, Marketing/Mídia;21/07/2026;Rio de Janeiro;Rio de Janeiro;RJ;Região Sudeste;Brasil;América do Sul
383;Grupo OLX;Pessoa Desenvolvedora de Software Backend Sênior - Search Engine (Vaga Afirmativa para Mulheres);SP;20/07 16:00;https://www.linkedin.com/jobs/view/4442227148/;https://media.licdn.com/dms/image/v2/D4D0BAQFYyCLqESAtWg/company-logo_100_100/B4DZ50jNZtJEAI-/0/1780071848050/grupoolx_logo?e=1785974400&v=beta&t=H8Q6qSaoKE_toKH9VuQMlpzk2sJlmqfv0f2g_vQaPJ4;-;https://www.linkedin.com/company/grupo-olx/about/;Software e Serviços de TI;backend OR java OR (spring AND boot) OR python OR django OR go OR golang OR php OR laravel OR ruby OR (ruby AND rails) OR c++ OR c# OR rust OR scala OR julia OR elixir OR node.js OR (asp.net AND core);grupo olx;1.0;Gupy;https://www.linkedin.com/jobs/view/4442227148/;https://www.linkedin.com/jobs/view/4442227148/;Hybrid;PCD / Afirmativa, Senior, TI/Tech, Backend;21/07/2026;;São Paulo;SP;Região Sudeste;Brasil;América do Sul
384;Grupo Piracanjuba;BANCO DE TALENTOS - PESSOAS COM DEFICIÊNCIA (BELA VISTA DE GOIÁS/GO);Bela Vista de Goiás (GO);21/07 09:00;https://www.linkedin.com/jobs/view/4339314205/;https://media.licdn.com/dms/image/v2/D4D0BAQE64EC-obfbEg/company-logo_100_100/company-logo_100_100/0/1720442281864/grupo_piracanjuba_logo?e=1785974400&v=beta&t=p1mm7mpx2xBb22FiMkJb6mvEyHs0NYSm9Yow81hqyJM;People;https://www.linkedin.com/company/grupo-piracanjuba/about/;Serviços Financeiros;backend OR java OR (spring AND boot) OR python OR django OR go OR golang OR php OR laravel OR ruby OR (ruby AND rails) OR c++ OR c# OR rust OR scala OR julia OR elixir OR node.js OR (asp.net AND core);grupo piracanjuba;1.0;LinkedIn (Easy Apply);https://www.linkedin.com/jobs/view/4339314205/;https://www.linkedin.com/jobs/view/4339314205/;On-site;Banco de Talentos, PCD / Afirmativa;21/07/2026;Bela Vista de Goiás;Goiás;GO;Região Centro-Oeste;Brasil;América do Sul
385;Grupo Piracanjuba;SUPERVISOR MEIO AMBIENTE - BELA VISTA/GO;Bela Vista de Goiás (GO);20/07 20:00;https://www.linkedin.com/jobs/view/4442798998/;https://media.licdn.com/dms/image/v2/D4D0BAQE64EC-obfbEg/company-logo_100_100/company-logo_100_100/0/1720442281864/grupo_piracanjuba_logo?e=1785974400&v=beta&t=p1mm7mpx2xBb22FiMkJb6mvEyHs0NYSm9Yow81hqyJM;Middle > Manager;https://www.linkedin.com/company/grupo-piracanjuba/about/;-;backend OR java OR (spring AND boot) OR python OR django OR go OR golang OR php OR laravel OR ruby OR (ruby AND rails) OR c++ OR c# OR rust OR scala OR julia OR elixir OR node.js OR (asp.net AND core);grupo piracanjuba;1.0;LinkedIn (Easy Apply);https://www.linkedin.com/jobs/view/4442798998/;https://www.linkedin.com/jobs/view/4442798998/;On-site;Mid, Liderança/Gerência;21/07/2026;Bela Vista de Goiás;Goiás;GO;Região Centro-Oeste;Brasil;América do Sul
386;Grupo Piracanjuba;COMPRADOR PLENO I GOIÂNIA/GO;Goiânia (GO);20/07 20:00;https://www.linkedin.com/jobs/view/4443007648/;https://media.licdn.com/dms/image/v2/D4D0BAQE64EC-obfbEg/company-logo_100_100/company-logo_100_100/0/1720442281864/grupo_piracanjuba_logo?e=1785974400&v=beta&t=p1mm7mpx2xBb22FiMkJb6mvEyHs0NYSm9Yow81hqyJM;-;https://www.linkedin.com/company/grupo-piracanjuba/about/;-;backend OR java OR (spring AND boot) OR python OR django OR go OR golang OR php OR laravel OR ruby OR (ruby AND rails) OR c++ OR c# OR rust OR scala OR julia OR elixir OR node.js OR (asp.net AND core);grupo piracanjuba;1.0;LinkedIn (Easy Apply);https://www.linkedin.com/jobs/view/4443007648/;https://www.linkedin.com/jobs/view/4443007648/;On-site;Mid;21/07/2026;Goiânia;Goiás;GO;Região Centro-Oeste;Brasil;América do Sul
387;Grupo Planning;Analista Fiscal - Goiânia GO;Goiânia (GO);20/07 16:00;https://www.linkedin.com/jobs/view/4430297474/;https://media.licdn.com/dms/image/v2/D4D0BAQHmX-xucCoegA/company-logo_100_100/company-logo_100_100/0/1665758208270/grupo_planning_logo?e=1785974400&v=beta&t=jQBiVyFxEN_OueDe9eTSDkFzl7beyLUVHUzG4tqiEVo;Advanced > Specialist;https://www.linkedin.com/company/grupo-planning/about/;-;backend OR java OR (spring AND boot) OR python OR django OR go OR golang OR php OR laravel OR ruby OR (ruby AND rails) OR c++ OR c# OR rust OR scala OR julia OR elixir OR node.js OR (asp.net AND core);grupo planning;1.0;LinkedIn (Easy Apply);https://www.linkedin.com/jobs/view/4430297474/;https://www.linkedin.com/jobs/view/4430297474/;On-site;Associate, Financeiro/Fiscal;21/07/2026;Goiânia;Goiás;GO;Região Centro-Oeste;Brasil;América do Sul
388;Grupo Planning;Gerente Fiscal - Goiânia GO;Goiânia (GO);20/07 16:00;https://www.linkedin.com/jobs/view/4432731166/;https://media.licdn.com/dms/image/v2/D4D0BAQHmX-xucCoegA/company-logo_100_100/company-logo_100_100/0/1665758208270/grupo_planning_logo?e=1785974400&v=beta&t=jQBiVyFxEN_OueDe9eTSDkFzl7beyLUVHUzG4tqiEVo;Middle > Manager;https://www.linkedin.com/company/grupo-planning/about/;-;backend OR java OR (spring AND boot) OR python OR django OR go OR golang OR php OR laravel OR ruby OR (ruby AND rails) OR c++ OR c# OR rust OR scala OR julia OR elixir OR node.js OR (asp.net AND core);grupo planning;1.0;LinkedIn (Easy Apply);https://www.linkedin.com/jobs/view/4432731166/;https://www.linkedin.com/jobs/view/4432731166/;Hybrid;Mid, Liderança/Gerência, Financeiro/Fiscal;21/07/2026;Goiânia;Goiás;GO;Região Centro-Oeste;Brasil;América do Sul
389;Grupo Planning;Gerente de Folha de Pagamento - Goiânia GO;Goiânia (GO);20/07 16:00;https://www.linkedin.com/jobs/view/4438761463/;https://media.licdn.com/dms/image/v2/D4D0BAQHmX-xucCoegA/company-logo_100_100/company-logo_100_100/0/1665758208270/grupo_planning_logo?e=1785974400&v=beta&t=jQBiVyFxEN_OueDe9eTSDkFzl7beyLUVHUzG4tqiEVo;Middle > Manager;https://www.linkedin.com/company/grupo-planning/about/;-;backend OR java OR (spring AND boot) OR python OR django OR go OR golang OR php OR laravel OR ruby OR (ruby AND rails) OR c++ OR c# OR rust OR scala OR julia OR elixir OR node.js OR (asp.net AND core);grupo planning;1.0;LinkedIn (Easy Apply);https://www.linkedin.com/jobs/view/4438761463/;https://www.linkedin.com/jobs/view/4438761463/;On-site;Mid, Liderança/Gerência;21/07/2026;Goiânia;Goiás;GO;Região Centro-Oeste;Brasil;América do Sul
390;Halo Media;Technical Lead - Edge Systems, C/C++/WASM (Client-Facing);América Latina;20/07 12:00;https://www.linkedin.com/jobs/view/4430956033/;https://media.licdn.com/dms/image/v2/D4E0BAQH33dYU7yH9dw/company-logo_100_100/B4EZoB8NIeHEAQ-/0/1760969151356/halo_media_logo?e=1785974400&v=beta&t=Z18tEq0mBm35-vwKXtH3fTF5JZgcemVy3592zfMcoyo;Middle > Manager;https://www.linkedin.com/company/halo-media/about/;Mídia e Entretenimento;backend OR java OR (spring AND boot) OR python OR django OR go OR golang OR php OR laravel OR ruby OR (ruby AND rails) OR c++ OR c# OR rust OR scala OR julia OR elixir OR node.js OR (asp.net AND core);halo media;1.0;LinkedIn (Easy Apply);https://www.linkedin.com/jobs/view/4430956033/;https://www.linkedin.com/jobs/view/4430956033/;Remote;Mid, Liderança/Gerência, TI/Tech;21/07/2026;;;;;;América Latina
391;Hire Feed;C# Developer (Remote);América Latina;21/07 04:00;https://www.linkedin.com/jobs/view/4443319276/;https://media.licdn.com/dms/image/v2/D4D0BAQEeII6H9qdObQ/company-logo_100_100/B4DZ3OfC9fHwAQ-/0/1777285738853/hirefeedd_logo?e=1785974400&v=beta&t=itJMOjyHwuiiSN534o_tHRry3ClyVBz2wnHrOvbQuY4;Advanced > Information Technology;https://www.linkedin.com/company/hire-feed/about/;-;backend OR java OR (spring AND boot) OR python OR django OR go OR golang OR php OR laravel OR ruby OR (ruby AND rails) OR c++ OR c# OR rust OR scala OR julia OR elixir OR node.js OR (asp.net AND core);hire feed;1.0;LinkedIn (Easy Apply);https://www.linkedin.com/jobs/view/4443319276/;https://www.linkedin.com/jobs/view/4443319276/;Remote;-;21/07/2026;;;;;;América Latina
392;Hire Feed;Data Scientist - Python (Remote);América Latina;20/07 12:00;https://www.linkedin.com/jobs/view/4443315239/;https://media.licdn.com/dms/image/v2/D4D0BAQEeII6H9qdObQ/company-logo_100_100/B4DZ3OfC9fHwAQ-/0/1777285738853/hirefeedd_logo?e=1785974400&v=beta&t=itJMOjyHwuiiSN534o_tHRry3ClyVBz2wnHrOvbQuY4;Data & Ai > Data Engineering;https://www.linkedin.com/company/hire-feed/about/;Dados e Analytics;backend OR java OR (spring AND boot) OR python OR django OR go OR golang OR php OR laravel OR ruby OR (ruby AND rails) OR c++ OR c# OR rust OR scala OR julia OR elixir OR node.js OR (asp.net AND core);hire feed;1.0;LinkedIn (Easy Apply);https://www.linkedin.com/jobs/view/4443315239/;https://www.linkedin.com/jobs/view/4443315239/;Remote;Dados/Analytics;21/07/2026;;;;;;América Latina
393;Hire Feed;Go Software Engineer (Remote);América Latina;21/07 03:00;https://www.linkedin.com/jobs/view/4443318201/;https://media.licdn.com/dms/image/v2/D4D0BAQEeII6H9qdObQ/company-logo_100_100/B4DZ3OfC9fHwAQ-/0/1777285738853/hirefeedd_logo?e=1785974400&v=beta&t=itJMOjyHwuiiSN534o_tHRry3ClyVBz2wnHrOvbQuY4;Advanced > Information Technology;https://www.linkedin.com/company/hire-feed/about/;Software e Serviços de TI;backend OR java OR (spring AND boot) OR python OR django OR go OR golang OR php OR laravel OR ruby OR (ruby AND rails) OR c++ OR c# OR rust OR scala OR julia OR elixir OR node.js OR (asp.net AND core);hire feed;1.0;LinkedIn (Easy Apply);https://www.linkedin.com/jobs/view/4443318201/;https://www.linkedin.com/jobs/view/4443318201/;Remote;TI/Tech, Engenharia Geral;21/07/2026;;;;;;América Latina
394;Hire Feed;Java Developer - AI/ML (Remote);América Latina;20/07 12:00;https://www.linkedin.com/jobs/view/4443311466/;https://media.licdn.com/dms/image/v2/D4D0BAQEeII6H9qdObQ/company-logo_100_100/B4DZ3OfC9fHwAQ-/0/1777285738853/hirefeedd_logo?e=1785974400&v=beta&t=itJMOjyHwuiiSN534o_tHRry3ClyVBz2wnHrOvbQuY4;Advanced > Information Technology;https://www.linkedin.com/company/hire-feed/about/;Inteligência Artificial;backend OR java OR (spring AND boot) OR python OR django OR go OR golang OR php OR laravel OR ruby OR (ruby AND rails) OR c++ OR c# OR rust OR scala OR julia OR elixir OR node.js OR (asp.net AND core);hire feed;1.0;LinkedIn (Easy Apply);https://www.linkedin.com/jobs/view/4443311466/;https://www.linkedin.com/jobs/view/4443311466/;Remote;Machine Learning, Inteligência Artificial;21/07/2026;;;;;;América Latina
395;Hire Feed;Python Engineer (Remote);América Latina;20/07 12:00;https://www.linkedin.com/jobs/view/4443313382/;https://media.licdn.com/dms/image/v2/D4D0BAQEeII6H9qdObQ/company-logo_100_100/B4DZ3OfC9fHwAQ-/0/1777285738853/hirefeedd_logo?e=1785974400&v=beta&t=itJMOjyHwuiiSN534o_tHRry3ClyVBz2wnHrOvbQuY4;Advanced > Information Technology;https://www.linkedin.com/company/hire-feed/about/;-;backend OR java OR (spring AND boot) OR python OR django OR go OR golang OR php OR laravel OR ruby OR (ruby AND rails) OR c++ OR c# OR rust OR scala OR julia OR elixir OR node.js OR (asp.net AND core);hire feed;1.0;LinkedIn (Easy Apply);https://www.linkedin.com/jobs/view/4443313382/;https://www.linkedin.com/jobs/view/4443313382/;Remote;Engenharia Geral;21/07/2026;;;;;;América Latina
396;Hire Feed;Ruby Developer (Remote);América Latina;20/07 12:00;https://www.linkedin.com/jobs/view/4443312319/;https://media.licdn.com/dms/image/v2/D4D0BAQEeII6H9qdObQ/company-logo_100_100/B4DZ3OfC9fHwAQ-/0/1777285738853/hirefeedd_logo?e=1785974400&v=beta&t=itJMOjyHwuiiSN534o_tHRry3ClyVBz2wnHrOvbQuY4;Advanced > Information Technology;https://www.linkedin.com/company/hire-feed/about/;-;backend OR java OR (spring AND boot) OR python OR django OR go OR golang OR php OR laravel OR ruby OR (ruby AND rails) OR c++ OR c# OR rust OR scala OR julia OR elixir OR node.js OR (asp.net AND core);hire feed;1.0;LinkedIn (Easy Apply);https://www.linkedin.com/jobs/view/4443312319/;https://www.linkedin.com/jobs/view/4443312319/;Remote;-;21/07/2026;;;;;;América Latina
397;Hire Feed;Senior Backend Engineer (Remote);América Latina;20/07 12:00;https://www.linkedin.com/jobs/view/4443309547/;https://media.licdn.com/dms/image/v2/D4D0BAQEeII6H9qdObQ/company-logo_100_100/B4DZ3OfC9fHwAQ-/0/1777285738853/hirefeedd_logo?e=1785974400&v=beta&t=itJMOjyHwuiiSN534o_tHRry3ClyVBz2wnHrOvbQuY4;Advanced > Information Technology;https://www.linkedin.com/company/hire-feed/about/;-;backend OR java OR (spring AND boot) OR python OR django OR go OR golang OR php OR laravel OR ruby OR (ruby AND rails) OR c++ OR c# OR rust OR scala OR julia OR elixir OR node.js OR (asp.net AND core);hire feed;1.0;LinkedIn (Easy Apply);https://www.linkedin.com/jobs/view/4443309547/;https://www.linkedin.com/jobs/view/4443309547/;Remote;Senior, Backend, Engenharia Geral;21/07/2026;;;;;;América Latina
398;Hire Feed;Software Engineer - Backend (Remote);América Latina;21/07 04:00;https://www.linkedin.com/jobs/view/4443313584/;https://media.licdn.com/dms/image/v2/D4D0BAQEeII6H9qdObQ/company-logo_100_100/B4DZ3OfC9fHwAQ-/0/1777285738853/hirefeedd_logo?e=1785974400&v=beta&t=itJMOjyHwuiiSN534o_tHRry3ClyVBz2wnHrOvbQuY4;Advanced > Information Technology;https://www.linkedin.com/company/hire-feed/about/;Software e Serviços de TI;backend OR java OR (spring AND boot) OR python OR django OR go OR golang OR php OR laravel OR ruby OR (ruby AND rails) OR c++ OR c# OR rust OR scala OR julia OR elixir OR node.js OR (asp.net AND core);hire feed;1.0;LinkedIn (Easy Apply);https://www.linkedin.com/jobs/view/4443313584/;https://www.linkedin.com/jobs/view/4443313584/;Remote;TI/Tech, Backend, Engenharia Geral;21/07/2026;;;;;;América Latina
399;Hire Feed;Software Engineer – Python (Remote);América Latina;21/07 03:00;https://www.linkedin.com/jobs/view/4443300798/;https://media.licdn.com/dms/image/v2/D4D0BAQEeII6H9qdObQ/company-logo_100_100/B4DZ3OfC9fHwAQ-/0/1777285738853/hirefeedd_logo?e=1785974400&v=beta&t=itJMOjyHwuiiSN534o_tHRry3ClyVBz2wnHrOvbQuY4;Advanced > Information Technology;https://www.linkedin.com/company/hire-feed/about/;Software e Serviços de TI;backend OR java OR (spring AND boot) OR python OR django OR go OR golang OR php OR laravel OR ruby OR (ruby AND rails) OR c++ OR c# OR rust OR scala OR julia OR elixir OR node.js OR (asp.net AND core);hire feed;1.0;LinkedIn (Easy Apply);https://www.linkedin.com/jobs/view/4443300798/;https://www.linkedin.com/jobs/view/4443300798/;Remote;TI/Tech, Engenharia Geral;21/07/2026;;;;;;América Latina
400;Hire Feed;Backend Software Developer (Remote);Brasil;21/07 10:00;https://www.linkedin.com/jobs/view/4443354891/;https://media.licdn.com/dms/image/v2/D4D0BAQEeII6H9qdObQ/company-logo_100_100/B4DZ3OfC9fHwAQ-/0/1777285738853/hirefeedd_logo?e=1785974400&v=beta&t=itJMOjyHwuiiSN534o_tHRry3ClyVBz2wnHrOvbQuY4;Advanced > Information Technology;https://www.linkedin.com/company/hire-feed/about/;Software e Serviços de TI;backend OR java OR (spring AND boot) OR python OR django OR go OR golang OR php OR laravel OR ruby OR (ruby AND rails) OR c++ OR c# OR rust OR scala OR julia OR elixir OR node.js OR (asp.net AND core);hire feed;1.0;LinkedIn (Easy Apply);https://www.linkedin.com/jobs/view/4443354891/;https://www.linkedin.com/jobs/view/4443354891/;Remote;TI/Tech, Backend;21/07/2026;;;;;Brasil;América do Sul
401;Hire Feed;Data Scientist - Python (Remote);Brasil;21/07 10:00;https://www.linkedin.com/jobs/view/4443362653/;https://media.licdn.com/dms/image/v2/D4D0BAQEeII6H9qdObQ/company-logo_100_100/B4DZ3OfC9fHwAQ-/0/1777285738853/hirefeedd_logo?e=1785974400&v=beta&t=itJMOjyHwuiiSN534o_tHRry3ClyVBz2wnHrOvbQuY4;Data & Ai > Data Engineering;https://www.linkedin.com/company/hire-feed/about/;Dados e Analytics;backend OR java OR (spring AND boot) OR python OR django OR go OR golang OR php OR laravel OR ruby OR (ruby AND rails) OR c++ OR c# OR rust OR scala OR julia OR elixir OR node.js OR (asp.net AND core);hire feed;1.0;LinkedIn (Easy Apply);https://www.linkedin.com/jobs/view/4443362653/;https://www.linkedin.com/jobs/view/4443362653/;Remote;Dados/Analytics;21/07/2026;;;;;Brasil;América do Sul
402;Hired;Fullstack Developer (React/Node.js) (Remote);América Latina;21/07 03:00;https://www.linkedin.com/jobs/view/4443316069/;https://media.licdn.com/dms/image/v2/D4D0BAQG6dDbCPSmUIg/company-logo_100_100/B4DZ0k8alIKgAQ-/0/1774441311024/hiredddd_logo?e=1785974400&v=beta&t=-zt5S7ccQcSBnoNB1hEqHCM3mhblfC9psqmW60d2BSA;Advanced > Information Technology;https://www.linkedin.com/company/hired/about/;-;backend OR java OR (spring AND boot) OR python OR django OR go OR golang OR php OR laravel OR ruby OR (ruby AND rails) OR c++ OR c# OR rust OR scala OR julia OR elixir OR node.js OR (asp.net AND core);hired;1.0;jobs.micro1.ai;https://www.linkedin.com/jobs/view/4443316069/;https://www.linkedin.com/jobs/view/4443316069/;Remote;Full Stack;21/07/2026;;;;;;América Latina
403;Hunter KA;Desenvolvedor Python - Tech Lead;Porto Alegre (RS);21/07 11:00;https://www.linkedin.com/jobs/view/4440453991/;https://media.licdn.com/dms/image/v2/C560BAQFzUqoBKhvJiQ/company-logo_100_100/company-logo_100_100/0/1634663529087?e=1785974400&v=beta&t=tXUtcXgPdcPUpZYxJiGUe2hEb9yzc2WlCJlJnyWlSFA;Middle > Manager;https://www.linkedin.com/company/hunter-ka/about/;Software e Serviços de TI;backend OR java OR (spring AND boot) OR python OR django OR go OR golang OR php OR laravel OR ruby OR (ruby AND rails) OR c++ OR c# OR rust OR scala OR julia OR elixir OR node.js OR (asp.net AND core);hunter ka;1;;https://www.linkedin.com/jobs/view/4440453991/;https://www.linkedin.com/jobs/view/4440453991/;Hybrid;Mid, Liderança/Gerência, TI/Tech;21/07/2026;;Rio Grande do Sul;RS;Região Sul;Brasil;América do Sul
404;Hypera;Analista Fiscal Júnior - Goiânia/GO - Vaga Exclusiva para pessoas com Deficiência (PCD);Goiânia (GO);21/07 05:00;https://www.linkedin.com/jobs/view/4440422665/;https://media.licdn.com/dms/image/v2/C4D0BAQE3eBSvfckRIg/company-logo_100_100/company-logo_100_100/0/1673963388033/hypera_logo?e=1785974400&v=beta&t=2hVlOcMsWdDIyGUdy3dePDV1m9HL4IKzt9wE0zZPsDg;Advanced > Specialist;https://www.linkedin.com/company/hypera/about/;-;backend OR java OR (spring AND boot) OR python OR django OR go OR golang OR php OR laravel OR ruby OR (ruby AND rails) OR c++ OR c# OR rust OR scala OR julia OR elixir OR node.js OR (asp.net AND core);hypera;1.0;;https://www.linkedin.com/jobs/view/4440422665/;https://www.linkedin.com/jobs/view/4440422665/;On-site;PCD / Afirmativa, Junior, Associate, Financeiro/Fiscal;21/07/2026;Goiânia;Goiás;GO;Região Centro-Oeste;Brasil;América do Sul
405;Igel Embalagens;Analista de Departamento Pessoal - GO;Goiânia (GO);21/07 00:00;https://www.linkedin.com/jobs/view/4442263762/;https://media.licdn.com/dms/image/v2/D4D0BAQHN1omEwtyxiA/company-logo_100_100/company-logo_100_100/0/1738248094613/grafigel_logo?e=1785974400&v=beta&t=vuZN8rifPZaGRPP9MTWzQ3Vodn_y7MYUsfnQMGGKY54;Advanced > Specialist;https://www.linkedin.com/company/igel-embalagens/about/;-;backend OR java OR (spring AND boot) OR python OR django OR go OR golang OR php OR laravel OR ruby OR (ruby AND rails) OR c++ OR c# OR rust OR scala OR julia OR elixir OR node.js OR (asp.net AND core);igel embalagens;1.0;empregos.com.br;https://www.linkedin.com/jobs/view/4442263762/;https://www.linkedin.com/jobs/view/4442263762/;On-site;PCD / Afirmativa, Associate;21/07/2026;Goiânia;Goiás;GO;Região Centro-Oeste;Brasil;América do Sul
406;Iguaçu Máquinas Agrícolas;Consultor de Soluções Avançadas - GO;Goiânia (GO);21/07 00:00;https://www.linkedin.com/jobs/view/4442262861/;https://media.licdn.com/dms/image/v2/D4D0BAQFCjUEDqQQRMw/company-logo_100_100/B4DZmBP6wAJMAQ-/0/1758810058258/iguacumaquinas_logo?e=1785974400&v=beta&t=v27MtTdOml9m4l5aedInPA-1-jMOynwl0nc_Yr-JCw8;Advanced > Specialist;https://www.linkedin.com/company/igua-u-m-quinas-agr-colas/about/;-;backend OR java OR (spring AND boot) OR python OR django OR go OR golang OR php OR laravel OR ruby OR (ruby AND rails) OR c++ OR c# OR rust OR scala OR julia OR elixir OR node.js OR (asp.net AND core);iguaçu máquinas agrícolas;1.0;empregos.com.br;https://www.linkedin.com/jobs/view/4442262861/;https://www.linkedin.com/jobs/view/4442262861/;On-site;Consultor;21/07/2026;Goiânia;Goiás;GO;Região Centro-Oeste;Brasil;América do Sul
407;Iguaçu Máquinas Agrícolas;Supervisor Administrativo de Serviços - GO;Goiânia (GO);21/07 00:00;https://www.linkedin.com/jobs/view/4442264770/;https://media.licdn.com/dms/image/v2/D4D0BAQFCjUEDqQQRMw/company-logo_100_100/B4DZmBP6wAJMAQ-/0/1758810058258/iguacumaquinas_logo?e=1785974400&v=beta&t=v27MtTdOml9m4l5aedInPA-1-jMOynwl0nc_Yr-JCw8;Middle > Manager;https://www.linkedin.com/company/igua-u-m-quinas-agr-colas/about/;Software e Serviços de TI;backend OR java OR (spring AND boot) OR python OR django OR go OR golang OR php OR laravel OR ruby OR (ruby AND rails) OR c++ OR c# OR rust OR scala OR julia OR elixir OR node.js OR (asp.net AND core);iguaçu máquinas agrícolas;1.0;empregos.com.br;https://www.linkedin.com/jobs/view/4442264770/;https://www.linkedin.com/jobs/view/4442264770/;On-site;Mid, Liderança/Gerência;21/07/2026;Goiânia;Goiás;GO;Região Centro-Oeste;Brasil;América do Sul
408;Innvo Labs;Desenvolvedor(a) Java Sênior;SP;21/07 11:00;https://www.linkedin.com/jobs/view/4440466336/;https://media.licdn.com/dms/image/v2/D4D0BAQHY7PmGn-8yLw/company-logo_100_100/B4DZ4cwUf2KYAQ-/0/1778598889917/innvo_logo?e=1785974400&v=beta&t=dmtue07ndWEKfxe4_v-ZMsILqTlPKRlL3jFUVNCiku8;-;https://www.linkedin.com/company/innvo-labs/about/;-;backend OR java OR (spring AND boot) OR python OR django OR go OR golang OR php OR laravel OR ruby OR (ruby AND rails) OR c++ OR c# OR rust OR scala OR julia OR elixir OR node.js OR (asp.net AND core);innvo labs;1;;https://www.linkedin.com/jobs/view/4440466336/;https://www.linkedin.com/jobs/view/4440466336/;Remote;Senior;21/07/2026;;São Paulo;SP;Região Sudeste;Brasil;América do Sul
409;Instituto de Pesquisas ELDORADO;Pessoa Desenvolvedora C#/.Net Sênior;Grande Porto Alegre (RS);20/07 20:00;https://www.linkedin.com/jobs/view/4440194703/;https://media.licdn.com/dms/image/v2/D4D0BAQF63LzFLHiMCw/company-logo_100_100/company-logo_100_100/0/1730468966843/instituto_de_pesquisas_eldorado_logo?e=1785974400&v=beta&t=8WO8l3S5PrByzicO7Gsx0r6CAi4MWKwMuZtR9oK4BhY;-;https://www.linkedin.com/company/instituto-de-pesquisas-eldorado/about/;Software e Serviços de TI;backend OR java OR (spring AND boot) OR python OR django OR go OR golang OR php OR laravel OR ruby OR (ruby AND rails) OR c++ OR c# OR rust OR scala OR julia OR elixir OR node.js OR (asp.net AND core);instituto de pesquisas eldorado;1.0;Gupy;https://www.linkedin.com/jobs/view/4440194703/;https://www.linkedin.com/jobs/view/4440194703/;Hybrid;PCD / Afirmativa, Senior;21/07/2026;;Rio Grande do Sul;RS;Região Sul;Brasil;América do Sul
410;Inteligente Contabilidade e Auditoria;Operador de produção - GO;Rio Verde (GO);21/07 00:00;https://www.linkedin.com/jobs/view/4442284287/;https://media.licdn.com/dms/image/v2/C560BAQFbWM_M_VWSAQ/company-logo_100_100/company-logo_100_100/0/1631341027896?e=1785974400&v=beta&t=asZNnxQfs8-0qesOWQ_E0rkavyc4SbiIGlgLn5lfjSQ;-;https://www.linkedin.com/company/inteligente-contabilidade-e-auditoria/about/;Hardware e Eletrônicos;backend OR java OR (spring AND boot) OR python OR django OR go OR golang OR php OR laravel OR ruby OR (ruby AND rails) OR c++ OR c# OR rust OR scala OR julia OR elixir OR node.js OR (asp.net AND core);inteligente contabilidade e auditoria;1.0;empregos.com.br;https://www.linkedin.com/jobs/view/4442284287/;https://www.linkedin.com/jobs/view/4442284287/;On-site;-;21/07/2026;Rio Verde;Goiás;GO;Região Centro-Oeste;Brasil;América do Sul
411;Jobbol;Estagiário na área de Tecnologia da Informação;São Paulo (SP);20/07 17:00;https://www.linkedin.com/jobs/view/4442797234/;https://media.licdn.com/dms/image/v2/D4D0BAQEUwreILeGS7Q/company-logo_100_100/B4DZ5wJQzAG4AM-/0/1779997937122/jobbol_empregos_logo?e=1785974400&v=beta&t=iW1yIL5t2kl3c8kGnvdi2qcprmOF7RZpY6l4JLBlx_0;-;https://www.linkedin.com/company/jobbol/about/;Software e Serviços de TI;backend OR java OR (spring AND boot) OR python OR django OR go OR golang OR php OR laravel OR ruby OR (ruby AND rails) OR c++ OR c# OR rust OR scala OR julia OR elixir OR node.js OR (asp.net AND core);jobbol;1.0;LinkedIn;https://www.linkedin.com/jobs/view/4442797234/;https://www.linkedin.com/jobs/view/4442797234/;On-site;Intern, TI/Tech;21/07/2026;São Paulo;São Paulo;SP;Região Sudeste;Brasil;América do Sul
412;Jobgether;Desenvolvedor Python Pleno;Brasil;21/07 01:00;https://www.linkedin.com/jobs/view/4443302026/;https://media.licdn.com/dms/image/v2/D4E0BAQHdx4NngvFyPA/company-logo_100_100/B4EZ5GHh6CHEAU-/0/1779292839822/jobgether_logo?e=1785974400&v=beta&t=WBc1f9tcPtDfwlnjCaxKR8dUWGNkR2yxuJ_1vtyRjPM;-;https://www.linkedin.com/company/jobgether/about/;-;backend OR java OR (spring AND boot) OR python OR django OR go OR golang OR php OR laravel OR ruby OR (ruby AND rails) OR c++ OR c# OR rust OR scala OR julia OR elixir OR node.js OR (asp.net AND core);jobgether;1.0;LinkedIn (Easy Apply);https://www.linkedin.com/jobs/view/4443302026/;https://www.linkedin.com/jobs/view/4443302026/;Remote;Mid;21/07/2026;;;;;Brasil;América do Sul
413;Jobgether;Member of Technical Staff, Custody (Backend Engineer);Brasil;21/07 05:00;https://www.linkedin.com/jobs/view/4442605315/;https://media.licdn.com/dms/image/v2/D4E0BAQHdx4NngvFyPA/company-logo_100_100/B4EZ5GHh6CHEAU-/0/1779292839822/jobgether_logo?e=1785974400&v=beta&t=WBc1f9tcPtDfwlnjCaxKR8dUWGNkR2yxuJ_1vtyRjPM;Advanced > Information Technology;https://www.linkedin.com/company/jobgether/about/;Software e Serviços de TI;backend OR java OR (spring AND boot) OR python OR django OR go OR golang OR php OR laravel OR ruby OR (ruby AND rails) OR c++ OR c# OR rust OR scala OR julia OR elixir OR node.js OR (asp.net AND core);jobgether;1.0;LinkedIn (Easy Apply);https://www.linkedin.com/jobs/view/4442605315/;https://www.linkedin.com/jobs/view/4442605315/;Remote;TI/Tech, Backend, Engenharia Geral;21/07/2026;;;;;Brasil;América do Sul
414;Jobgether;RTV - Sede Cidade de Posse/GO;Brasil;21/07 07:00;https://www.linkedin.com/jobs/view/4442297937/;https://media.licdn.com/dms/image/v2/D4E0BAQHdx4NngvFyPA/company-logo_100_100/B4EZ5GHh6CHEAU-/0/1779292839822/jobgether_logo?e=1785974400&v=beta&t=WBc1f9tcPtDfwlnjCaxKR8dUWGNkR2yxuJ_1vtyRjPM;-;https://www.linkedin.com/company/jobgether/about/;-;backend OR java OR (spring AND boot) OR python OR django OR go OR golang OR php OR laravel OR ruby OR (ruby AND rails) OR c++ OR c# OR rust OR scala OR julia OR elixir OR node.js OR (asp.net AND core);jobgether;1.0;LinkedIn (Easy Apply);https://www.linkedin.com/jobs/view/4442297937/;https://www.linkedin.com/jobs/view/4442297937/;Remote;-;21/07/2026;;;;;Brasil;América do Sul
415;Jobgether;Technical Staff, Custody (Backend Engineer);Brasil;21/07 04:00;https://www.linkedin.com/jobs/view/4442601171/;https://media.licdn.com/dms/image/v2/D4E0BAQHdx4NngvFyPA/company-logo_100_100/B4EZ5GHh6CHEAU-/0/1779292839822/jobgether_logo?e=1785974400&v=beta&t=WBc1f9tcPtDfwlnjCaxKR8dUWGNkR2yxuJ_1vtyRjPM;Advanced > Information Technology;https://www.linkedin.com/company/jobgether/about/;Software e Serviços de TI;backend OR java OR (spring AND boot) OR python OR django OR go OR golang OR php OR laravel OR ruby OR (ruby AND rails) OR c++ OR c# OR rust OR scala OR julia OR elixir OR node.js OR (asp.net AND core);jobgether;1.0;LinkedIn (Easy Apply);https://www.linkedin.com/jobs/view/4442601171/;https://www.linkedin.com/jobs/view/4442601171/;Remote;TI/Tech, Backend, Engenharia Geral;21/07/2026;;;;;Brasil;América do Sul
416;KarHub;Backend Developer Go (Golang);Brasil;20/07 14:00;https://www.linkedin.com/jobs/view/4440172589/;https://media.licdn.com/dms/image/v2/D4D0BAQHvciqt00L2kQ/company-logo_100_100/company-logo_100_100/0/1666652820482/karhub_oficial_logo?e=1785974400&v=beta&t=CiwkIvZOowGEMy4tEsuBMHx2xeE8hv00H3spHRKsGyU;Advanced > Information Technology;https://www.linkedin.com/company/karhub/about/;Recursos Humanos;backend OR java OR (spring AND boot) OR python OR django OR go OR golang OR php OR laravel OR ruby OR (ruby AND rails) OR c++ OR c# OR rust OR scala OR julia OR elixir OR node.js OR (asp.net AND core);karhub;1.0;;https://www.linkedin.com/jobs/view/4440172589/;https://www.linkedin.com/jobs/view/4440172589/;Remote;Backend;21/07/2026;;;;;Brasil;América do Sul
417;Life Metrologia E Tecnologia;Tecnico em manutenção equipamentos de laboratorio e hospitalar - GO;Goiânia (GO);21/07 00:00;https://www.linkedin.com/jobs/view/4442285135/;missing logo;-;https://www.linkedin.com/company/life-metrologia-e-tecnologia/about/;Saúde e Hospitais;backend OR java OR (spring AND boot) OR python OR django OR go OR golang OR php OR laravel OR ruby OR (ruby AND rails) OR c++ OR c# OR rust OR scala OR julia OR elixir OR node.js OR (asp.net AND core);life metrologia e tecnologia;1.0;empregos.com.br;https://www.linkedin.com/jobs/view/4442285135/;https://www.linkedin.com/jobs/view/4442285135/;On-site;Sustentação/O&M;21/07/2026;Goiânia;Goiás;GO;Região Centro-Oeste;Brasil;América do Sul
418;Localiza&Co;AGENTE DE HIGIENIZAÇÃO| ANAPOLIS/GO;Anápolis (GO);21/07 08:00;https://www.linkedin.com/jobs/view/4442629065/;https://media.licdn.com/dms/image/v2/D4D0BAQFsXG1Wtlpm7g/company-logo_100_100/company-logo_100_100/0/1715979136145/localizaco_logo?e=1785974400&v=beta&t=ZvcNUuHMFz2xAuH6qnd6flrQPqEegwWQEFbIRy9B8ms;-;https://www.linkedin.com/company/localiza-co/about/;-;backend OR java OR (spring AND boot) OR python OR django OR go OR golang OR php OR laravel OR ruby OR (ruby AND rails) OR c++ OR c# OR rust OR scala OR julia OR elixir OR node.js OR (asp.net AND core);localiza&co;1.0;Gupy;https://www.linkedin.com/jobs/view/4442629065/;https://www.linkedin.com/jobs/view/4442629065/;On-site;-;21/07/2026;Anápolis;Goiás;GO;Região Centro-Oeste;Brasil;América do Sul
419;MBRF;Operador(a) de Logística II (Exclusiva Pessoa com Deficiência - PcD) - Aparecida de Goiânia GO;Aparecida de Goiânia (GO);20/07 18:00;https://www.linkedin.com/jobs/view/4442790643/;https://media.licdn.com/dms/image/v2/D4D0BAQGyi4EOkZFLvg/company-logo_100_100/B4DZ7Q2BsxKcAI-/0/1781620285114/mbrf_global_foods_company_logo?e=1785974400&v=beta&t=AT9fML0bhGhpBrMAZiTBM24WvEw8Ry0pcQRiMhS3MXY;-;https://www.linkedin.com/company/mbrf/about/;Logística e Supply Chain;backend OR java OR (spring AND boot) OR python OR django OR go OR golang OR php OR laravel OR ruby OR (ruby AND rails) OR c++ OR c# OR rust OR scala OR julia OR elixir OR node.js OR (asp.net AND core);mbrf;1.0;LinkedIn;https://www.linkedin.com/jobs/view/4442790643/;https://www.linkedin.com/jobs/view/4442790643/;On-site;PCD / Afirmativa, Logística/Supply;21/07/2026;Aparecida de Goiânia;Goiás;GO;Região Centro-Oeste;Brasil;América do Sul
420;MBRF;Operador(a) de Produção I - Buriti Alegre GO;Buriti Alegre (GO);21/07 09:00;https://www.linkedin.com/jobs/view/3979178162/;https://media.licdn.com/dms/image/v2/D4D0BAQGyi4EOkZFLvg/company-logo_100_100/B4DZ7Q2BsxKcAI-/0/1781620285114/mbrf_global_foods_company_logo?e=1785974400&v=beta&t=AT9fML0bhGhpBrMAZiTBM24WvEw8Ry0pcQRiMhS3MXY;-;https://www.linkedin.com/company/mbrf/about/;Manufatura e Produção;backend OR java OR (spring AND boot) OR python OR django OR go OR golang OR php OR laravel OR ruby OR (ruby AND rails) OR c++ OR c# OR rust OR scala OR julia OR elixir OR node.js OR (asp.net AND core);mbrf;1.0;LinkedIn;https://www.linkedin.com/jobs/view/3979178162/;https://www.linkedin.com/jobs/view/3979178162/;On-site;-;21/07/2026;Buriti Alegre;Goiás;GO;Região Centro-Oeste;Brasil;América do Sul
421;MBRF;Extensionista de Ambiência (Matrizes) - Jataí - GO;Mineiros (GO);21/07 00:00;https://www.linkedin.com/jobs/view/4443078639/;https://media.licdn.com/dms/image/v2/D4D0BAQGyi4EOkZFLvg/company-logo_100_100/B4DZ7Q2BsxKcAI-/0/1781620285114/mbrf_global_foods_company_logo?e=1785974400&v=beta&t=AT9fML0bhGhpBrMAZiTBM24WvEw8Ry0pcQRiMhS3MXY;-;https://www.linkedin.com/company/mbrf/about/;-;backend OR java OR (spring AND boot) OR python OR django OR go OR golang OR php OR laravel OR ruby OR (ruby AND rails) OR c++ OR c# OR rust OR scala OR julia OR elixir OR node.js OR (asp.net AND core);mbrf;1.0;LinkedIn;https://www.linkedin.com/jobs/view/4443078639/;https://www.linkedin.com/jobs/view/4443078639/;On-site;-;21/07/2026;Mineiros;Goiás;GO;Região Centro-Oeste;Brasil;América do Sul
422;MBRF;Operador Estação de Tratamento de Efluentes I - Utilidades - Rio Verde I GO;Rio Verde (GO);21/07 11:00;https://www.linkedin.com/jobs/view/4443379839/;https://media.licdn.com/dms/image/v2/D4D0BAQGyi4EOkZFLvg/company-logo_100_100/B4DZ7Q2BsxKcAI-/0/1781620285114/mbrf_global_foods_company_logo?e=1785974400&v=beta&t=AT9fML0bhGhpBrMAZiTBM24WvEw8Ry0pcQRiMhS3MXY;-;https://www.linkedin.com/company/mbrf/about/;Software e Serviços de TI;backend OR java OR (spring AND boot) OR python OR django OR go OR golang OR php OR laravel OR ruby OR (ruby AND rails) OR c++ OR c# OR rust OR scala OR julia OR elixir OR node.js OR (asp.net AND core);mbrf;1.0;LinkedIn;https://www.linkedin.com/jobs/view/4443379839/;https://www.linkedin.com/jobs/view/4443379839/;On-site;-;21/07/2026;Rio Verde;Goiás;GO;Região Centro-Oeste;Brasil;América do Sul
423;MBRF;Operador Estação de Tratamento de Efluentes II - Utilidades - Rio Verde I GO (Temporária);Rio Verde (GO);21/07 11:00;https://www.linkedin.com/jobs/view/4443379838/;https://media.licdn.com/dms/image/v2/D4D0BAQGyi4EOkZFLvg/company-logo_100_100/B4DZ7Q2BsxKcAI-/0/1781620285114/mbrf_global_foods_company_logo?e=1785974400&v=beta&t=AT9fML0bhGhpBrMAZiTBM24WvEw8Ry0pcQRiMhS3MXY;-;https://www.linkedin.com/company/mbrf/about/;Software e Serviços de TI;backend OR java OR (spring AND boot) OR python OR django OR go OR golang OR php OR laravel OR ruby OR (ruby AND rails) OR c++ OR c# OR rust OR scala OR julia OR elixir OR node.js OR (asp.net AND core);mbrf;1.0;LinkedIn;https://www.linkedin.com/jobs/view/4443379838/;https://www.linkedin.com/jobs/view/4443379838/;On-site;Freelance/PJ;21/07/2026;Rio Verde;Goiás;GO;Região Centro-Oeste;Brasil;América do Sul
424;MBRF;Promotor(a) de Vendas - Goiânia GO;São Paulo (SP);20/07 18:00;https://www.linkedin.com/jobs/view/4442786788/;https://media.licdn.com/dms/image/v2/D4D0BAQGyi4EOkZFLvg/company-logo_100_100/B4DZ7Q2BsxKcAI-/0/1781620285114/mbrf_global_foods_company_logo?e=1785974400&v=beta&t=AT9fML0bhGhpBrMAZiTBM24WvEw8Ry0pcQRiMhS3MXY;-;https://www.linkedin.com/company/mbrf/about/;Vendas e Suporte;backend OR java OR (spring AND boot) OR python OR django OR go OR golang OR php OR laravel OR ruby OR (ruby AND rails) OR c++ OR c# OR rust OR scala OR julia OR elixir OR node.js OR (asp.net AND core);mbrf;1.0;LinkedIn;https://www.linkedin.com/jobs/view/4442786788/;https://www.linkedin.com/jobs/view/4442786788/;On-site;Vendas / Comercial;21/07/2026;São Paulo;São Paulo;SP;Região Sudeste;Brasil;América do Sul
425;MJV Technology & Innovation;Desenvolvedo(a) Java - SENIOR;São Paulo (SP);21/07 11:00;https://www.linkedin.com/jobs/view/4440469105/;https://media.licdn.com/dms/image/v2/D4D0BAQGlEIHzx81JxQ/company-logo_100_100/B4DZd_pzPSGkAU-/0/1750193354321/mjv_tech_and_innovation_logo?e=1785974400&v=beta&t=YP4daKZbMkdvGsn6IcFrsVdCGnbvPzIUO4qUWnAP0fY;-;https://www.linkedin.com/company/mjv-technology-innovation/about/;Software e Serviços de TI;backend OR java OR (spring AND boot) OR python OR django OR go OR golang OR php OR laravel OR ruby OR (ruby AND rails) OR c++ OR c# OR rust OR scala OR julia OR elixir OR node.js OR (asp.net AND core);mjv technology & innovation;1.0;Inhire;https://www.linkedin.com/jobs/view/4440469105/;https://www.linkedin.com/jobs/view/4440469105/;Remote;Senior;21/07/2026;São Paulo;São Paulo;SP;Região Sudeste;Brasil;América do Sul
426;MadeiraMadeira;Pessoa Desenvolvedora Backend Sr.;Curitiba (PR);20/07 15:00;https://www.linkedin.com/jobs/view/4440179166/;https://media.licdn.com/dms/image/v2/D4D0BAQESxLXINUopOw/company-logo_100_100/B4DZr.NRV3JAAU-/0/1765201483737/madeiramadeira_logo?e=1785974400&v=beta&t=V2pmSfZexm_Dd8WWo5ZEUlOs3Z7cJQGB-qD6u90aJtg;-;https://www.linkedin.com/company/madeiramadeira/about/;-;backend OR java OR (spring AND boot) OR python OR django OR go OR golang OR php OR laravel OR ruby OR (ruby AND rails) OR c++ OR c# OR rust OR scala OR julia OR elixir OR node.js OR (asp.net AND core);madeiramadeira;1.0;;https://www.linkedin.com/jobs/view/4440179166/;https://www.linkedin.com/jobs/view/4440179166/;Hybrid;PCD / Afirmativa, Senior, Backend;21/07/2026;Curitiba;Paraná;PR;Região Sul;Brasil;América do Sul
427;Metra Industrial;ASSISTENTE ADMINISTRATIVO  - GO;Goiânia (GO);21/07 00:00;https://www.linkedin.com/jobs/view/4442272812/;https://media.licdn.com/dms/image/v2/C4D0BAQF-k-IrW2W3VA/company-logo_100_100/company-logo_100_100/0/1672851398893/metra_industrial_titano_logo?e=1785974400&v=beta&t=HAD1waDR7F4rZam8Qs02avXN-Yby2TcHs_kSzLlU3J0;-;https://www.linkedin.com/company/metra-industrial/about/;Manufatura e Produção;backend OR java OR (spring AND boot) OR python OR django OR go OR golang OR php OR laravel OR ruby OR (ruby AND rails) OR c++ OR c# OR rust OR scala OR julia OR elixir OR node.js OR (asp.net AND core);metra industrial;1.0;empregos.com.br;https://www.linkedin.com/jobs/view/4442272812/;https://www.linkedin.com/jobs/view/4442272812/;On-site;Associate;21/07/2026;Goiânia;Goiás;GO;Região Centro-Oeste;Brasil;América do Sul
428;Metra Industrial;Ajudante de Carga e Descarga - GO;Goiânia (GO);21/07 00:00;https://www.linkedin.com/jobs/view/4442290051/;https://media.licdn.com/dms/image/v2/C4D0BAQF-k-IrW2W3VA/company-logo_100_100/company-logo_100_100/0/1672851398893/metra_industrial_titano_logo?e=1785974400&v=beta&t=HAD1waDR7F4rZam8Qs02avXN-Yby2TcHs_kSzLlU3J0;-;https://www.linkedin.com/company/metra-industrial/about/;Manufatura e Produção;backend OR java OR (spring AND boot) OR python OR django OR go OR golang OR php OR laravel OR ruby OR (ruby AND rails) OR c++ OR c# OR rust OR scala OR julia OR elixir OR node.js OR (asp.net AND core);metra industrial;1.0;empregos.com.br;https://www.linkedin.com/jobs/view/4442290051/;https://www.linkedin.com/jobs/view/4442290051/;On-site;-;21/07/2026;Goiânia;Goiás;GO;Região Centro-Oeste;Brasil;América do Sul
429;Metra Industrial;Conferente - GO;Goiânia (GO);21/07 00:00;https://www.linkedin.com/jobs/view/4442285350/;https://media.licdn.com/dms/image/v2/C4D0BAQF-k-IrW2W3VA/company-logo_100_100/company-logo_100_100/0/1672851398893/metra_industrial_titano_logo?e=1785974400&v=beta&t=HAD1waDR7F4rZam8Qs02avXN-Yby2TcHs_kSzLlU3J0;-;https://www.linkedin.com/company/metra-industrial/about/;Manufatura e Produção;backend OR java OR (spring AND boot) OR python OR django OR go OR golang OR php OR laravel OR ruby OR (ruby AND rails) OR c++ OR c# OR rust OR scala OR julia OR elixir OR node.js OR (asp.net AND core);metra industrial;1.0;empregos.com.br;https://www.linkedin.com/jobs/view/4442285350/;https://www.linkedin.com/jobs/view/4442285350/;On-site;-;21/07/2026;Goiânia;Goiás;GO;Região Centro-Oeste;Brasil;América do Sul
430;Mk9 Trade Marketing;Promotor de vendas - GO;Caldas Novas (GO);21/07 00:00;https://www.linkedin.com/jobs/view/4442292003/;https://media.licdn.com/dms/image/v2/D4D0BAQE1V1iW_GBz3w/company-logo_100_100/company-logo_100_100/0/1715371270568/mk9_trade_logo?e=1785974400&v=beta&t=GiQjyJBTDCOKO7AwOkub9W07ukdHhC0-Cg5ykNzV55A;-;https://www.linkedin.com/company/mk9-trade-marketing/about/;Marketing e Publicidade Marketing;backend OR java OR (spring AND boot) OR python OR django OR go OR golang OR php OR laravel OR ruby OR (ruby AND rails) OR c++ OR c# OR rust OR scala OR julia OR elixir OR node.js OR (asp.net AND core);mk9 trade marketing;1.0;empregos.com.br;https://www.linkedin.com/jobs/view/4442292003/;https://www.linkedin.com/jobs/view/4442292003/;On-site;Vendas / Comercial;21/07/2026;Caldas Novas;Goiás;GO;Região Centro-Oeste;Brasil;América do Sul
431;Mk9 Trade Marketing;Promotor de vendas - GO;Goianésia (GO);21/07 00:00;https://www.linkedin.com/jobs/view/4442266861/;https://media.licdn.com/dms/image/v2/D4D0BAQE1V1iW_GBz3w/company-logo_100_100/company-logo_100_100/0/1715371270568/mk9_trade_logo?e=1785974400&v=beta&t=GiQjyJBTDCOKO7AwOkub9W07ukdHhC0-Cg5ykNzV55A;-;https://www.linkedin.com/company/mk9-trade-marketing/about/;Marketing e Publicidade Marketing;backend OR java OR (spring AND boot) OR python OR django OR go OR golang OR php OR laravel OR ruby OR (ruby AND rails) OR c++ OR c# OR rust OR scala OR julia OR elixir OR node.js OR (asp.net AND core);mk9 trade marketing;1.0;empregos.com.br;https://www.linkedin.com/jobs/view/4442266861/;https://www.linkedin.com/jobs/view/4442266861/;On-site;Vendas / Comercial;21/07/2026;Goianésia;Goiás;GO;Região Centro-Oeste;Brasil;América do Sul
432;Mk9 Trade Marketing;Promotor de vendas - GO;Goiânia (GO);21/07 00:00;https://www.linkedin.com/jobs/view/4442272672/;https://media.licdn.com/dms/image/v2/D4D0BAQE1V1iW_GBz3w/company-logo_100_100/company-logo_100_100/0/1715371270568/mk9_trade_logo?e=1785974400&v=beta&t=GiQjyJBTDCOKO7AwOkub9W07ukdHhC0-Cg5ykNzV55A;-;https://www.linkedin.com/company/mk9-trade-marketing/about/;Marketing e Publicidade Marketing;backend OR java OR (spring AND boot) OR python OR django OR go OR golang OR php OR laravel OR ruby OR (ruby AND rails) OR c++ OR c# OR rust OR scala OR julia OR elixir OR node.js OR (asp.net AND core);mk9 trade marketing;1.0;empregos.com.br;https://www.linkedin.com/jobs/view/4442272672/;https://www.linkedin.com/jobs/view/4442272672/;On-site;Vendas / Comercial;21/07/2026;Goiânia;Goiás;GO;Região Centro-Oeste;Brasil;América do Sul
433;Mk9 Trade Marketing;Promotor de vendas - GO;Itumbiara (GO);21/07 00:00;https://www.linkedin.com/jobs/view/4442273661/;https://media.licdn.com/dms/image/v2/D4D0BAQE1V1iW_GBz3w/company-logo_100_100/company-logo_100_100/0/1715371270568/mk9_trade_logo?e=1785974400&v=beta&t=GiQjyJBTDCOKO7AwOkub9W07ukdHhC0-Cg5ykNzV55A;-;https://www.linkedin.com/company/mk9-trade-marketing/about/;Marketing e Publicidade Marketing;backend OR java OR (spring AND boot) OR python OR django OR go OR golang OR php OR laravel OR ruby OR (ruby AND rails) OR c++ OR c# OR rust OR scala OR julia OR elixir OR node.js OR (asp.net AND core);mk9 trade marketing;1.0;empregos.com.br;https://www.linkedin.com/jobs/view/4442273661/;https://www.linkedin.com/jobs/view/4442273661/;On-site;Vendas / Comercial;21/07/2026;Itumbiara;Goiás;GO;Região Centro-Oeste;Brasil;América do Sul
434;Nava | Tech for Business;Desenvolvedor(a) Java Sênior;São Paulo (SP);20/07 21:00;https://www.linkedin.com/jobs/view/4443051604/;https://media.licdn.com/dms/image/v2/D4D0BAQHpXmVDvF7gvQ/company-logo_100_100/B4DZkvU3xhJgAQ-/0/1757435624969/nava_technology_logo?e=1785974400&v=beta&t=aDorCFHBem3DpjCwJyK61lr2wP1ri-XO-uYIfO-s8hc;-;https://www.linkedin.com/company/nava-tech-for-business/about/;Software e Serviços de TI;backend OR java OR (spring AND boot) OR python OR django OR go OR golang OR php OR laravel OR ruby OR (ruby AND rails) OR c++ OR c# OR rust OR scala OR julia OR elixir OR node.js OR (asp.net AND core);nava | tech for business;1.0;Inhire;https://www.linkedin.com/jobs/view/4443051604/;https://www.linkedin.com/jobs/view/4443051604/;Hybrid;Senior;21/07/2026;São Paulo;São Paulo;SP;Região Sudeste;Brasil;América do Sul
435;Nio;Engenheiro Backend  Java ou Node.JS (AWS/GCP) - Especialista;Maceió (AL);20/07 20:00;https://www.linkedin.com/jobs/view/4440198561/;https://media.licdn.com/dms/image/v2/D4D0BAQHqtj9qNOaRWQ/company-logo_100_100/B4DZV_prdCHwAQ-/0/1741603387554/niointernet_logo?e=1785974400&v=beta&t=KvWyxPuPgJv_2bjCNnbbjLzmVMT6ur66upopB47UBPg;Advanced > Specialist;https://www.linkedin.com/company/nio/about/;-;backend OR java OR (spring AND boot) OR python OR django OR go OR golang OR php OR laravel OR ruby OR (ruby AND rails) OR c++ OR c# OR rust OR scala OR julia OR elixir OR node.js OR (asp.net AND core);nio;1.0;;https://www.linkedin.com/jobs/view/4440198561/;https://www.linkedin.com/jobs/view/4440198561/;Hybrid;Specialist, Cloud (AWS/GCP/Azure), Backend;21/07/2026;Maceió;Alagoas;AL;Região Nordeste;Brasil;América do Sul
436;Nio;Engenheiro Backend  Java ou Node.JS (AWS/GCP) - Sênior;Maceió (AL);20/07 14:00;https://www.linkedin.com/jobs/view/4440160789/;https://media.licdn.com/dms/image/v2/D4D0BAQHqtj9qNOaRWQ/company-logo_100_100/B4DZV_prdCHwAQ-/0/1741603387554/niointernet_logo?e=1785974400&v=beta&t=KvWyxPuPgJv_2bjCNnbbjLzmVMT6ur66upopB47UBPg;-;https://www.linkedin.com/company/nio/about/;-;backend OR java OR (spring AND boot) OR python OR django OR go OR golang OR php OR laravel OR ruby OR (ruby AND rails) OR c++ OR c# OR rust OR scala OR julia OR elixir OR node.js OR (asp.net AND core);nio;1.0;;https://www.linkedin.com/jobs/view/4440160789/;https://www.linkedin.com/jobs/view/4440160789/;Hybrid;Senior, Cloud (AWS/GCP/Azure), Backend;21/07/2026;Maceió;Alagoas;AL;Região Nordeste;Brasil;América do Sul
437;Nio;Engenheiro Backend Java ou Node.JS (AWS/GCP) - Pleno;Maceió (AL);20/07 20:00;https://www.linkedin.com/jobs/view/4440194740/;https://media.licdn.com/dms/image/v2/D4D0BAQHqtj9qNOaRWQ/company-logo_100_100/B4DZV_prdCHwAQ-/0/1741603387554/niointernet_logo?e=1785974400&v=beta&t=KvWyxPuPgJv_2bjCNnbbjLzmVMT6ur66upopB47UBPg;-;https://www.linkedin.com/company/nio/about/;-;backend OR java OR (spring AND boot) OR python OR django OR go OR golang OR php OR laravel OR ruby OR (ruby AND rails) OR c++ OR c# OR rust OR scala OR julia OR elixir OR node.js OR (asp.net AND core);nio;1.0;;https://www.linkedin.com/jobs/view/4440194740/;https://www.linkedin.com/jobs/view/4440194740/;Hybrid;Mid, Cloud (AWS/GCP/Azure), Backend;21/07/2026;Maceió;Alagoas;AL;Região Nordeste;Brasil;América do Sul
438;Nova Harmonia;ANALISTA DE ENGENHARIA - PLANEJAMENTO - GO;Goiânia (GO);21/07 00:00;https://www.linkedin.com/jobs/view/4442286207/;https://media.licdn.com/dms/image/v2/C4D0BAQFEEh_uJwjA-Q/company-logo_100_100/company-logo_100_100/0/1630494165791?e=1785974400&v=beta&t=7107_bRGDfgRyTAvWKctVhhBZ5Yy6prb0OmYgL-bQlU;Advanced > Specialist;https://www.linkedin.com/company/nova-harmonia/about/;-;backend OR java OR (spring AND boot) OR python OR django OR go OR golang OR php OR laravel OR ruby OR (ruby AND rails) OR c++ OR c# OR rust OR scala OR julia OR elixir OR node.js OR (asp.net AND core);nova harmonia;1.0;empregos.com.br;https://www.linkedin.com/jobs/view/4442286207/;https://www.linkedin.com/jobs/view/4442286207/;On-site;Associate, Engenharia Geral;21/07/2026;Goiânia;Goiás;GO;Região Centro-Oeste;Brasil;América do Sul
439;Nova Harmonia;ANALISTA DE SUPORTE - GO;Goiânia (GO);21/07 00:00;https://www.linkedin.com/jobs/view/4442283306/;https://media.licdn.com/dms/image/v2/C4D0BAQFEEh_uJwjA-Q/company-logo_100_100/company-logo_100_100/0/1630494165791?e=1785974400&v=beta&t=7107_bRGDfgRyTAvWKctVhhBZ5Yy6prb0OmYgL-bQlU;Advanced > Specialist;https://www.linkedin.com/company/nova-harmonia/about/;Vendas e Suporte;backend OR java OR (spring AND boot) OR python OR django OR go OR golang OR php OR laravel OR ruby OR (ruby AND rails) OR c++ OR c# OR rust OR scala OR julia OR elixir OR node.js OR (asp.net AND core);nova harmonia;1.0;empregos.com.br;https://www.linkedin.com/jobs/view/4442283306/;https://www.linkedin.com/jobs/view/4442283306/;On-site;Associate;21/07/2026;Goiânia;Goiás;GO;Região Centro-Oeste;Brasil;América do Sul
440;Nova Harmonia;ASSISTENTE DE COBRANÇA I - GO;Goiânia (GO);21/07 00:00;https://www.linkedin.com/jobs/view/4442287125/;https://media.licdn.com/dms/image/v2/C4D0BAQFEEh_uJwjA-Q/company-logo_100_100/company-logo_100_100/0/1630494165791?e=1785974400&v=beta&t=7107_bRGDfgRyTAvWKctVhhBZ5Yy6prb0OmYgL-bQlU;-;https://www.linkedin.com/company/nova-harmonia/about/;-;backend OR java OR (spring AND boot) OR python OR django OR go OR golang OR php OR laravel OR ruby OR (ruby AND rails) OR c++ OR c# OR rust OR scala OR julia OR elixir OR node.js OR (asp.net AND core);nova harmonia;1.0;empregos.com.br;https://www.linkedin.com/jobs/view/4442287125/;https://www.linkedin.com/jobs/view/4442287125/;On-site;Associate;21/07/2026;Goiânia;Goiás;GO;Região Centro-Oeste;Brasil;América do Sul
441;Nova Harmonia;Assistente financeiro - GO;Goiânia (GO);21/07 00:00;https://www.linkedin.com/jobs/view/4442269719/;https://media.licdn.com/dms/image/v2/C4D0BAQFEEh_uJwjA-Q/company-logo_100_100/company-logo_100_100/0/1630494165791?e=1785974400&v=beta&t=7107_bRGDfgRyTAvWKctVhhBZ5Yy6prb0OmYgL-bQlU;-;https://www.linkedin.com/company/nova-harmonia/about/;Serviços Financeiros;backend OR java OR (spring AND boot) OR python OR django OR go OR golang OR php OR laravel OR ruby OR (ruby AND rails) OR c++ OR c# OR rust OR scala OR julia OR elixir OR node.js OR (asp.net AND core);nova harmonia;1.0;empregos.com.br;https://www.linkedin.com/jobs/view/4442269719/;https://www.linkedin.com/jobs/view/4442269719/;On-site;Associate, Financeiro/Fiscal;21/07/2026;Goiânia;Goiás;GO;Região Centro-Oeste;Brasil;América do Sul
442;OBRAMAX;Vendedor Pleno - Materiais Básicos - Aparecida de Goiânia,GO;Aparecida de Goiânia (GO);21/07 11:00;https://www.linkedin.com/jobs/view/4435894462/;https://media.licdn.com/dms/image/v2/C4E0BAQE3TkZTm3payw/company-logo_100_100/company-logo_100_100/0/1631329670039?e=1785974400&v=beta&t=vcqvl05vLjp_IZhzMvWl9_2jYlQpg40k-086qWlWJa4;-;https://www.linkedin.com/company/obramax/about/;-;backend OR java OR (spring AND boot) OR python OR django OR go OR golang OR php OR laravel OR ruby OR (ruby AND rails) OR c++ OR c# OR rust OR scala OR julia OR elixir OR node.js OR (asp.net AND core);obramax;1.0;carreiras.obramax.com.br;https://www.linkedin.com/jobs/view/4435894462/;https://www.linkedin.com/jobs/view/4435894462/;On-site;Mid, Vendas / Comercial;21/07/2026;Aparecida de Goiânia;Goiás;GO;Região Centro-Oeste;Brasil;América do Sul
443;Oitis Hotel;Auxiliar de lavanderia - GO;Goiânia (GO);21/07 00:00;https://www.linkedin.com/jobs/view/4442290093/;missing logo;-;https://www.linkedin.com/company/oitis-hotel/about/;Software e Serviços de TI;backend OR java OR (spring AND boot) OR python OR django OR go OR golang OR php OR laravel OR ruby OR (ruby AND rails) OR c++ OR c# OR rust OR scala OR julia OR elixir OR node.js OR (asp.net AND core);oitis hotel;1.0;empregos.com.br;https://www.linkedin.com/jobs/view/4442290093/;https://www.linkedin.com/jobs/view/4442290093/;On-site;Associate;21/07/2026;Goiânia;Goiás;GO;Região Centro-Oeste;Brasil;América do Sul
444;Olfar S/A - Alimento e Energia;Coord. de Caldeira/Utilidades - GO;Porangatu (GO);21/07 00:00;https://www.linkedin.com/jobs/view/4442269859/;missing logo;-;https://www.linkedin.com/company/olfar-s-a-alimento-e-energia/about/;Energia e Combustíveis;backend OR java OR (spring AND boot) OR python OR django OR go OR golang OR php OR laravel OR ruby OR (ruby AND rails) OR c++ OR c# OR rust OR scala OR julia OR elixir OR node.js OR (asp.net AND core);olfar s/a - alimento e energia;1.0;empregos.com.br;https://www.linkedin.com/jobs/view/4442269859/;https://www.linkedin.com/jobs/view/4442269859/;On-site;-;21/07/2026;Porangatu;Goiás;GO;Região Centro-Oeste;Brasil;América do Sul
445;Olfar S/A - Alimento e Energia;Coordenador de Manutenção - GO;Porangatu (GO);21/07 00:00;https://www.linkedin.com/jobs/view/4442272699/;missing logo;Middle > Manager;https://www.linkedin.com/company/olfar-s-a-alimento-e-energia/about/;Energia e Combustíveis;backend OR java OR (spring AND boot) OR python OR django OR go OR golang OR php OR laravel OR ruby OR (ruby AND rails) OR c++ OR c# OR rust OR scala OR julia OR elixir OR node.js OR (asp.net AND core);olfar s/a - alimento e energia;1.0;empregos.com.br;https://www.linkedin.com/jobs/view/4442272699/;https://www.linkedin.com/jobs/view/4442272699/;On-site;Mid, Liderança/Gerência, Sustentação/O&M;21/07/2026;Porangatu;Goiás;GO;Região Centro-Oeste;Brasil;América do Sul
446;Olfar S/A - Alimento e Energia;Coordenador de Manutenção - GO;Porangatu (GO);21/07 00:00;https://www.linkedin.com/jobs/view/4442263989/;missing logo;Middle > Manager;https://www.linkedin.com/company/olfar-s-a-alimento-e-energia/about/;Energia e Combustíveis;backend OR java OR (spring AND boot) OR python OR django OR go OR golang OR php OR laravel OR ruby OR (ruby AND rails) OR c++ OR c# OR rust OR scala OR julia OR elixir OR node.js OR (asp.net AND core);olfar s/a - alimento e energia;1.0;empregos.com.br;https://www.linkedin.com/jobs/view/4442263989/;https://www.linkedin.com/jobs/view/4442263989/;On-site;Mid, Liderança/Gerência, Sustentação/O&M;21/07/2026;Porangatu;Goiás;GO;Região Centro-Oeste;Brasil;América do Sul
447;Olfar S/A - Alimento e Energia;Encanador Industrial - GO;Porangatu (GO);21/07 00:00;https://www.linkedin.com/jobs/view/4442263909/;missing logo;-;https://www.linkedin.com/company/olfar-s-a-alimento-e-energia/about/;Energia e Combustíveis;backend OR java OR (spring AND boot) OR python OR django OR go OR golang OR php OR laravel OR ruby OR (ruby AND rails) OR c++ OR c# OR rust OR scala OR julia OR elixir OR node.js OR (asp.net AND core);olfar s/a - alimento e energia;1.0;empregos.com.br;https://www.linkedin.com/jobs/view/4442263909/;https://www.linkedin.com/jobs/view/4442263909/;On-site;Engenharia Geral;21/07/2026;Porangatu;Goiás;GO;Região Centro-Oeste;Brasil;América do Sul
448;Olfar S/A - Alimento e Energia;Encanador Industrial - GO;Porangatu (GO);21/07 00:00;https://www.linkedin.com/jobs/view/4442275478/;missing logo;-;https://www.linkedin.com/company/olfar-s-a-alimento-e-energia/about/;Energia e Combustíveis;backend OR java OR (spring AND boot) OR python OR django OR go OR golang OR php OR laravel OR ruby OR (ruby AND rails) OR c++ OR c# OR rust OR scala OR julia OR elixir OR node.js OR (asp.net AND core);olfar s/a - alimento e energia;1.0;empregos.com.br;https://www.linkedin.com/jobs/view/4442275478/;https://www.linkedin.com/jobs/view/4442275478/;On-site;Engenharia Geral;21/07/2026;Porangatu;Goiás;GO;Região Centro-Oeste;Brasil;América do Sul
449;Olfar S/A - Alimento e Energia;Encanador Industrial - GO;Porangatu (GO);21/07 00:00;https://www.linkedin.com/jobs/view/4442266807/;missing logo;-;https://www.linkedin.com/company/olfar-s-a-alimento-e-energia/about/;Energia e Combustíveis;backend OR java OR (spring AND boot) OR python OR django OR go OR golang OR php OR laravel OR ruby OR (ruby AND rails) OR c++ OR c# OR rust OR scala OR julia OR elixir OR node.js OR (asp.net AND core);olfar s/a - alimento e energia;1.0;empregos.com.br;https://www.linkedin.com/jobs/view/4442266807/;https://www.linkedin.com/jobs/view/4442266807/;On-site;Engenharia Geral;21/07/2026;Porangatu;Goiás;GO;Região Centro-Oeste;Brasil;América do Sul
450;Onfleet;Fullstack Engineer (Rust) - LATAM/Canada;América Latina;20/07 16:00;https://www.linkedin.com/jobs/view/4440171835/;https://media.licdn.com/dms/image/v2/C4D0BAQEHGlYu210RZw/company-logo_100_100/company-logo_100_100/0/1630559570347/onfleet_logo?e=1785974400&v=beta&t=JwncAlCZ4mMUFoIt3s10yfBWUxLHbSqrEvEX_ToUNwA;Advanced > Information Technology;https://www.linkedin.com/company/onfleet/about/;-;backend OR java OR (spring AND boot) OR python OR django OR go OR golang OR php OR laravel OR ruby OR (ruby AND rails) OR c++ OR c# OR rust OR scala OR julia OR elixir OR node.js OR (asp.net AND core);onfleet;1;;https://www.linkedin.com/jobs/view/4440171835/;https://www.linkedin.com/jobs/view/4440171835/;Remote;Full Stack, Engenharia Geral;21/07/2026;;;;;;América Latina
451;Onfleet;Full-Stack Engineer (Rust);Brasil;21/07 05:00;https://www.linkedin.com/jobs/view/4443315715/;https://media.licdn.com/dms/image/v2/C4D0BAQEHGlYu210RZw/company-logo_100_100/company-logo_100_100/0/1630559570347/onfleet_logo?e=1785974400&v=beta&t=JwncAlCZ4mMUFoIt3s10yfBWUxLHbSqrEvEX_ToUNwA;Advanced > Information Technology;https://www.linkedin.com/company/onfleet/about/;-;backend OR java OR (spring AND boot) OR python OR django OR go OR golang OR php OR laravel OR ruby OR (ruby AND rails) OR c++ OR c# OR rust OR scala OR julia OR elixir OR node.js OR (asp.net AND core);onfleet;1;;https://www.linkedin.com/jobs/view/4443315715/;https://www.linkedin.com/jobs/view/4443315715/;Remote;Full Stack, Engenharia Geral;21/07/2026;;;;;Brasil;América do Sul
452;Ouribank;Desenvolvedor(a) Backend Sênior (.NET);São Paulo (SP);21/07 08:00;https://www.linkedin.com/jobs/view/4442620310/;https://media.licdn.com/dms/image/v2/D560BAQFvFY4tGIguxg/company-logo_100_100/B56Z84VAIkGQAI-/0/1783356457717/ouribank_logo?e=1785974400&v=beta&t=aQMdisAsDrkzUphaOBAunPEFTcLBiMWZdCuP-JVpidA;-;https://www.linkedin.com/company/ouribank/about/;Serviços Financeiros;backend OR java OR (spring AND boot) OR python OR django OR go OR golang OR php OR laravel OR ruby OR (ruby AND rails) OR c++ OR c# OR rust OR scala OR julia OR elixir OR node.js OR (asp.net AND core);ouribank;1;;https://www.linkedin.com/jobs/view/4442620310/;https://www.linkedin.com/jobs/view/4442620310/;Hybrid;Senior, Backend;21/07/2026;São Paulo;São Paulo;SP;Região Sudeste;Brasil;América do Sul
453;PagBank;Executivo de Vendas Pl. | Catalão - GO;Catalão (GO);21/07 07:00;https://www.linkedin.com/jobs/view/4434151878/;https://media.licdn.com/dms/image/v2/D4D0BAQFNHYkM6Qxejw/company-logo_100_100/B4DZyexaT9I8AY-/0/1772190279667/pagbank_logo?e=1785974400&v=beta&t=UWZMkYuqQa6DRF4DMEXgYG-8sutldeNA7QJ8FXckWKg;-;https://www.linkedin.com/company/pagbank/about/;Serviços Financeiros;backend OR java OR (spring AND boot) OR python OR django OR go OR golang OR php OR laravel OR ruby OR (ruby AND rails) OR c++ OR c# OR rust OR scala OR julia OR elixir OR node.js OR (asp.net AND core);pagbank;3.0;Gupy;https://www.linkedin.com/jobs/view/4434151878/;https://www.linkedin.com/jobs/view/4434151878/;On-site;Mid, Vendas / Comercial;21/07/2026;Catalão;Goiás;GO;Região Centro-Oeste;Brasil;América do Sul
454;PagBank;Engenheiro de Software Sr. (Java);São Paulo (SP);20/07 17:00;https://www.linkedin.com/jobs/view/4442221679/;https://media.licdn.com/dms/image/v2/D4D0BAQFNHYkM6Qxejw/company-logo_100_100/B4DZyexaT9I8AY-/0/1772190279667/pagbank_logo?e=1785974400&v=beta&t=UWZMkYuqQa6DRF4DMEXgYG-8sutldeNA7QJ8FXckWKg;-;https://www.linkedin.com/company/pagbank/about/;Serviços Financeiros;backend OR java OR (spring AND boot) OR python OR django OR go OR golang OR php OR laravel OR ruby OR (ruby AND rails) OR c++ OR c# OR rust OR scala OR julia OR elixir OR node.js OR (asp.net AND core);pagbank;3.0;Gupy;https://www.linkedin.com/jobs/view/4442221679/;https://www.linkedin.com/jobs/view/4442221679/;Hybrid;Senior, TI/Tech;21/07/2026;São Paulo;São Paulo;SP;Região Sudeste;Brasil;América do Sul
455;PagBank;Engenheiro de Software Sr. (Java);São Paulo (SP);20/07 23:00;https://www.linkedin.com/jobs/view/4442274184/;https://media.licdn.com/dms/image/v2/D4D0BAQFNHYkM6Qxejw/company-logo_100_100/B4DZyexaT9I8AY-/0/1772190279667/pagbank_logo?e=1785974400&v=beta&t=UWZMkYuqQa6DRF4DMEXgYG-8sutldeNA7QJ8FXckWKg;-;https://www.linkedin.com/company/pagbank/about/;Serviços Financeiros;backend OR java OR (spring AND boot) OR python OR django OR go OR golang OR php OR laravel OR ruby OR (ruby AND rails) OR c++ OR c# OR rust OR scala OR julia OR elixir OR node.js OR (asp.net AND core);pagbank;3.0;Gupy;https://www.linkedin.com/jobs/view/4442274184/;https://www.linkedin.com/jobs/view/4442274184/;Remote;Senior, TI/Tech;21/07/2026;São Paulo;São Paulo;SP;Região Sudeste;Brasil;América do Sul
456;PagBank;Engenheiro de Software Sr. (Java);São Paulo (SP);20/07 23:00;https://www.linkedin.com/jobs/view/4442254969/;https://media.licdn.com/dms/image/v2/D4D0BAQFNHYkM6Qxejw/company-logo_100_100/B4DZyexaT9I8AY-/0/1772190279667/pagbank_logo?e=1785974400&v=beta&t=UWZMkYuqQa6DRF4DMEXgYG-8sutldeNA7QJ8FXckWKg;-;https://www.linkedin.com/company/pagbank/about/;Serviços Financeiros;backend OR java OR (spring AND boot) OR python OR django OR go OR golang OR php OR laravel OR ruby OR (ruby AND rails) OR c++ OR c# OR rust OR scala OR julia OR elixir OR node.js OR (asp.net AND core);pagbank;3.0;Gupy;https://www.linkedin.com/jobs/view/4442254969/;https://www.linkedin.com/jobs/view/4442254969/;Remote;Senior, TI/Tech;21/07/2026;São Paulo;São Paulo;SP;Região Sudeste;Brasil;América do Sul
457;Pipa Studios;Tech Lead Backend .NET C# | AI-First Engineering;São Paulo (SP);20/07 22:00;https://www.linkedin.com/jobs/view/4442260373/;https://media.licdn.com/dms/image/v2/C4D0BAQF7yJBqW7gTew/company-logo_100_100/company-logo_100_100/0/1657741350419/pipastudios_logo?e=1785974400&v=beta&t=4TL8fQ_vKCSEY0QiHZY35Jp-8JN5bZ71mIhnRgv7quo;Middle > Manager;https://www.linkedin.com/company/pipa-studios/about/;Inteligência Artificial;backend OR java OR (spring AND boot) OR python OR django OR go OR golang OR php OR laravel OR ruby OR (ruby AND rails) OR c++ OR c# OR rust OR scala OR julia OR elixir OR node.js OR (asp.net AND core);pipa studios;1.0;;https://www.linkedin.com/jobs/view/4442260373/;https://www.linkedin.com/jobs/view/4442260373/;On-site;Inteligência Artificial, Mid, Liderança/Gerência, TI/Tech, Backend, Engenharia Geral;21/07/2026;São Paulo;São Paulo;SP;Região Sudeste;Brasil;América do Sul
458;Proxify;Senior Fullstack Ruby on Rails Developer;América Latina;21/07 06:00;https://www.linkedin.com/jobs/view/4418131293/;https://media.licdn.com/dms/image/v2/C560BAQFVelLHpNdUlw/company-logo_100_100/company-logo_100_100/0/1680002101871/proxify_se_logo?e=1785974400&v=beta&t=LqR5rxfIT9pLVXHhO85W-dvdavut-GKCZEdYD0fF4Ew;Advanced > Information Technology;https://www.linkedin.com/company/proxify/about/;-;backend OR java OR (spring AND boot) OR python OR django OR go OR golang OR php OR laravel OR ruby OR (ruby AND rails) OR c++ OR c# OR rust OR scala OR julia OR elixir OR node.js OR (asp.net AND core);proxify;1.0;apply.proxify.io;https://www.linkedin.com/jobs/view/4418131293/;https://www.linkedin.com/jobs/view/4418131293/;Remote;Senior, Full Stack;21/07/2026;;;;;;América Latina
459;Proxify;Senior Ruby on Rails Developer;América Latina;21/07 06:00;https://www.linkedin.com/jobs/view/4295364324/;https://media.licdn.com/dms/image/v2/C560BAQFVelLHpNdUlw/company-logo_100_100/company-logo_100_100/0/1680002101871/proxify_se_logo?e=1785974400&v=beta&t=LqR5rxfIT9pLVXHhO85W-dvdavut-GKCZEdYD0fF4Ew;Advanced > Information Technology;https://www.linkedin.com/company/proxify/about/;-;backend OR java OR (spring AND boot) OR python OR django OR go OR golang OR php OR laravel OR ruby OR (ruby AND rails) OR c++ OR c# OR rust OR scala OR julia OR elixir OR node.js OR (asp.net AND core);proxify;1.0;apply.proxify.io;https://www.linkedin.com/jobs/view/4295364324/;https://www.linkedin.com/jobs/view/4295364324/;Remote;Senior;21/07/2026;;;;;;América Latina
460;Proxify;Senior Fullstack Ruby on Rails Developer;Brasil;21/07 06:00;https://www.linkedin.com/jobs/view/4418944512/;https://media.licdn.com/dms/image/v2/C560BAQFVelLHpNdUlw/company-logo_100_100/company-logo_100_100/0/1680002101871/proxify_se_logo?e=1785974400&v=beta&t=LqR5rxfIT9pLVXHhO85W-dvdavut-GKCZEdYD0fF4Ew;Advanced > Information Technology;https://www.linkedin.com/company/proxify/about/;-;backend OR java OR (spring AND boot) OR python OR django OR go OR golang OR php OR laravel OR ruby OR (ruby AND rails) OR c++ OR c# OR rust OR scala OR julia OR elixir OR node.js OR (asp.net AND core);proxify;1.0;apply.proxify.io;https://www.linkedin.com/jobs/view/4418944512/;https://www.linkedin.com/jobs/view/4418944512/;Remote;Senior, Full Stack;21/07/2026;;;;;Brasil;América do Sul
461;Qaracter Brasil;Desenvolvedor(a) full stack Java + Angular;SP;20/07 12:00;https://www.linkedin.com/jobs/view/4440148197/;https://media.licdn.com/dms/image/v2/D4D0BAQFnUtGk1SgS8w/company-logo_100_100/company-logo_100_100/0/1699376549487/qaracterbrasil_logo?e=1785974400&v=beta&t=zjBjNS9NKyIYnjMDMcqAHRJeqZYli5OTJzJBwSz-TL0;-;https://www.linkedin.com/company/qaracter-brasil/about/;-;backend OR java OR (spring AND boot) OR python OR django OR go OR golang OR php OR laravel OR ruby OR (ruby AND rails) OR c++ OR c# OR rust OR scala OR julia OR elixir OR node.js OR (asp.net AND core);qaracter brasil;1.0;LinkedIn (Easy Apply);https://www.linkedin.com/jobs/view/4440148197/;https://www.linkedin.com/jobs/view/4440148197/;Hybrid;Full Stack;21/07/2026;;São Paulo;SP;Região Sudeste;Brasil;América do Sul
462;Qubika;Senior Backend Engineer (Go);América Latina;20/07 16:00;https://www.linkedin.com/jobs/view/4440095443/;https://media.licdn.com/dms/image/v2/D4E0BAQFzvHK-9_P_vg/company-logo_100_100/company-logo_100_100/0/1689269712803/moove_it_logo?e=1785974400&v=beta&t=M4ONdN13I_lG8ksXcZPNjLkUzKDqIh326UYsHDGIU8I;Advanced > Information Technology;https://www.linkedin.com/company/qubika/about/;-;backend OR java OR (spring AND boot) OR python OR django OR go OR golang OR php OR laravel OR ruby OR (ruby AND rails) OR c++ OR c# OR rust OR scala OR julia OR elixir OR node.js OR (asp.net AND core);qubika;2.0;;https://www.linkedin.com/jobs/view/4440095443/;https://www.linkedin.com/jobs/view/4440095443/;Remote;Senior, Backend, Engenharia Geral;21/07/2026;;;;;;América Latina
463;Quik Hire Staffing;Go Developer (Remote);América Latina;21/07 03:00;https://www.linkedin.com/jobs/view/4443311529/;https://media.licdn.com/dms/image/v2/D560BAQFYxxMZnepyAw/company-logo_100_100/B56ZsDhgBgI0AQ-/0/1765290672906/quik_hire_staffing_logo?e=1785974400&v=beta&t=SyoEkjzHUKLc_nYdNRuu2Bi53Ih70CeGnogLNT4B3Do;Advanced > Information Technology;https://www.linkedin.com/company/quik-hire-staffing/about/;-;backend OR java OR (spring AND boot) OR python OR django OR go OR golang OR php OR laravel OR ruby OR (ruby AND rails) OR c++ OR c# OR rust OR scala OR julia OR elixir OR node.js OR (asp.net AND core);quik hire staffing;1.0;jobs.micro1.ai;https://www.linkedin.com/jobs/view/4443311529/;https://www.linkedin.com/jobs/view/4443311529/;Remote;-;21/07/2026;;;;;;América Latina
464;Quik Hire Staffing;Java Backend Developer (Remote);América Latina;21/07 03:00;https://www.linkedin.com/jobs/view/4443309432/;https://media.licdn.com/dms/image/v2/D560BAQFYxxMZnepyAw/company-logo_100_100/B56ZsDhgBgI0AQ-/0/1765290672906/quik_hire_staffing_logo?e=1785974400&v=beta&t=SyoEkjzHUKLc_nYdNRuu2Bi53Ih70CeGnogLNT4B3Do;Advanced > Information Technology;https://www.linkedin.com/company/quik-hire-staffing/about/;-;backend OR java OR (spring AND boot) OR python OR django OR go OR golang OR php OR laravel OR ruby OR (ruby AND rails) OR c++ OR c# OR rust OR scala OR julia OR elixir OR node.js OR (asp.net AND core);quik hire staffing;1.0;jobs.micro1.ai;https://www.linkedin.com/jobs/view/4443309432/;https://www.linkedin.com/jobs/view/4443309432/;Remote;Backend;21/07/2026;;;;;;América Latina
465;Quik Hire Staffing;Rust Developer (Remote);América Latina;21/07 03:00;https://www.linkedin.com/jobs/view/4443315123/;https://media.licdn.com/dms/image/v2/D560BAQFYxxMZnepyAw/company-logo_100_100/B56ZsDhgBgI0AQ-/0/1765290672906/quik_hire_staffing_logo?e=1785974400&v=beta&t=SyoEkjzHUKLc_nYdNRuu2Bi53Ih70CeGnogLNT4B3Do;Advanced > Information Technology;https://www.linkedin.com/company/quik-hire-staffing/about/;-;backend OR java OR (spring AND boot) OR python OR django OR go OR golang OR php OR laravel OR ruby OR (ruby AND rails) OR c++ OR c# OR rust OR scala OR julia OR elixir OR node.js OR (asp.net AND core);quik hire staffing;1.0;jobs.micro1.ai;https://www.linkedin.com/jobs/view/4443315123/;https://www.linkedin.com/jobs/view/4443315123/;Remote;-;21/07/2026;;;;;;América Latina
466;Quik Hire Staffing;Senior Python Developer (Remote);América Latina;21/07 03:00;https://www.linkedin.com/jobs/view/4443098796/;https://media.licdn.com/dms/image/v2/D560BAQFYxxMZnepyAw/company-logo_100_100/B56ZsDhgBgI0AQ-/0/1765290672906/quik_hire_staffing_logo?e=1785974400&v=beta&t=SyoEkjzHUKLc_nYdNRuu2Bi53Ih70CeGnogLNT4B3Do;Advanced > Information Technology;https://www.linkedin.com/company/quik-hire-staffing/about/;-;backend OR java OR (spring AND boot) OR python OR django OR go OR golang OR php OR laravel OR ruby OR (ruby AND rails) OR c++ OR c# OR rust OR scala OR julia OR elixir OR node.js OR (asp.net AND core);quik hire staffing;1.0;jobs.micro1.ai;https://www.linkedin.com/jobs/view/4443098796/;https://www.linkedin.com/jobs/view/4443098796/;Remote;Senior;21/07/2026;;;;;;América Latina
467;Remote Leverage;Senior Backend Engineer;América Latina;20/07 19:00;https://www.linkedin.com/jobs/view/4443001908/;https://media.licdn.com/dms/image/v2/D4E0BAQF2iwfYS078vA/company-logo_100_100/B4EZ6y_xwBKYAI-/0/1781119524097/remote_leverage_logo?e=1785974400&v=beta&t=zS4D5oTR_3u6j0Kw0wYu_VZz73CO6oTaiFAxOnNhZDA;Advanced > Information Technology;https://www.linkedin.com/company/remote-leverage/about/;-;backend OR java OR (spring AND boot) OR python OR django OR go OR golang OR php OR laravel OR ruby OR (ruby AND rails) OR c++ OR c# OR rust OR scala OR julia OR elixir OR node.js OR (asp.net AND core);remote leverage;1.0;Recruit CRM;https://www.linkedin.com/jobs/view/4443001908/;https://www.linkedin.com/jobs/view/4443001908/;Remote;Senior, Backend, Engenharia Geral;21/07/2026;;;;;;América Latina
468;Rock Encantech;Desenvolvedor Full Stack Python;Brasil;20/07 15:00;https://www.linkedin.com/jobs/view/4442201756/;https://media.licdn.com/dms/image/v2/D4D0BAQFHc_aTDfIr9Q/company-logo_100_100/company-logo_100_100/0/1735071267252/rock_encantech_logo?e=1785974400&v=beta&t=cP_g7G1eSe7LumpfeF8iUQXUjzMyhHdo9vgHUswdUB4;-;https://www.linkedin.com/company/rock-encantech/about/;Software e Serviços de TI;backend OR java OR (spring AND boot) OR python OR django OR go OR golang OR php OR laravel OR ruby OR (ruby AND rails) OR c++ OR c# OR rust OR scala OR julia OR elixir OR node.js OR (asp.net AND core);rock encantech;1.0;;https://www.linkedin.com/jobs/view/4442201756/;https://www.linkedin.com/jobs/view/4442201756/;Remote;Full Stack;21/07/2026;;;;;Brasil;América do Sul
469;RodeRotas;LAVADOR - GOIÂNIA - GO;Goiânia (GO);21/07 00:00;https://www.linkedin.com/jobs/view/4442289193/;https://media.licdn.com/dms/image/v2/D4D0BAQGe8-M5IW_DIg/company-logo_100_100/B4DZUBHHlkG4AQ-/0/1739480398672/roderotascom_logo?e=1785974400&v=beta&t=4gpGBFLSmCIvw3pHyUJp_m0iaOMvm_WNSoyFsz8Xalk;-;https://www.linkedin.com/company/roderotas/about/;-;backend OR java OR (spring AND boot) OR python OR django OR go OR golang OR php OR laravel OR ruby OR (ruby AND rails) OR c++ OR c# OR rust OR scala OR julia OR elixir OR node.js OR (asp.net AND core);roderotas;1.0;empregos.com.br;https://www.linkedin.com/jobs/view/4442289193/;https://www.linkedin.com/jobs/view/4442289193/;On-site;-;21/07/2026;Goiânia;Goiás;GO;Região Centro-Oeste;Brasil;América do Sul
470;RodeRotas;MOTORISTA ESTADUAL-GOIÂNIA - GO;Goiânia (GO);21/07 00:00;https://www.linkedin.com/jobs/view/4442263947/;https://media.licdn.com/dms/image/v2/D4D0BAQGe8-M5IW_DIg/company-logo_100_100/B4DZUBHHlkG4AQ-/0/1739480398672/roderotascom_logo?e=1785974400&v=beta&t=4gpGBFLSmCIvw3pHyUJp_m0iaOMvm_WNSoyFsz8Xalk;-;https://www.linkedin.com/company/roderotas/about/;-;backend OR java OR (spring AND boot) OR python OR django OR go OR golang OR php OR laravel OR ruby OR (ruby AND rails) OR c++ OR c# OR rust OR scala OR julia OR elixir OR node.js OR (asp.net AND core);roderotas;1.0;empregos.com.br;https://www.linkedin.com/jobs/view/4442263947/;https://www.linkedin.com/jobs/view/4442263947/;On-site;-;21/07/2026;Goiânia;Goiás;GO;Região Centro-Oeste;Brasil;América do Sul
471;Sankhya;Desenvolvedor(a) Sênior (Java);Brasil;21/07 10:00;https://www.linkedin.com/jobs/view/4413621467/;https://media.licdn.com/dms/image/v2/C4E0BAQH5_1d7qNrPKg/company-logo_100_100/company-logo_100_100/0/1630634283529?e=1785974400&v=beta&t=CG4LLYO2e94CI3UiGGRJlk34oRi_hMJBgZgkgoliTdE;-;https://www.linkedin.com/company/sankhya/about/;-;backend OR java OR (spring AND boot) OR python OR django OR go OR golang OR php OR laravel OR ruby OR (ruby AND rails) OR c++ OR c# OR rust OR scala OR julia OR elixir OR node.js OR (asp.net AND core);sankhya;1.0;LinkedIn (Easy Apply);https://www.linkedin.com/jobs/view/4413621467/;https://www.linkedin.com/jobs/view/4413621467/;Remote;Senior;21/07/2026;;;;;Brasil;América do Sul
472;Scala Data Centers;Analista Técnico Pl;Barueri (SP);21/07 11:00;https://www.linkedin.com/jobs/view/4442650045/;https://media.licdn.com/dms/image/v2/D4D0BAQEvtvxG8Iz7RQ/company-logo_100_100/company-logo_100_100/0/1683229449900/scaladatacenters_logo?e=1785974400&v=beta&t=lJJEdINSIyNO5uvDLjYGc14Xec0ZAt3xfVTJxo_Gs6I;Advanced > Specialist;https://www.linkedin.com/company/scala-data-centers/about/;Dados e Analytics;backend OR java OR (spring AND boot) OR python OR django OR go OR golang OR php OR laravel OR ruby OR (ruby AND rails) OR c++ OR c# OR rust OR scala OR julia OR elixir OR node.js OR (asp.net AND core);scala data centers;1.0;LinkedIn (Easy Apply);https://www.linkedin.com/jobs/view/4442650045/;https://www.linkedin.com/jobs/view/4442650045/;On-site;Mid, Associate;21/07/2026;Barueri;São Paulo;SP;Região Sudeste;Brasil;América do Sul
473;Scala Data Centers;Técnico em Segurança do Trabalho Pl;Barueri (SP);21/07 11:00;https://www.linkedin.com/jobs/view/4442652038/;https://media.licdn.com/dms/image/v2/D4D0BAQEvtvxG8Iz7RQ/company-logo_100_100/company-logo_100_100/0/1683229449900/scaladatacenters_logo?e=1785974400&v=beta&t=lJJEdINSIyNO5uvDLjYGc14Xec0ZAt3xfVTJxo_Gs6I;-;https://www.linkedin.com/company/scala-data-centers/about/;Cibersegurança;backend OR java OR (spring AND boot) OR python OR django OR go OR golang OR php OR laravel OR ruby OR (ruby AND rails) OR c++ OR c# OR rust OR scala OR julia OR elixir OR node.js OR (asp.net AND core);scala data centers;1.0;LinkedIn (Easy Apply);https://www.linkedin.com/jobs/view/4442652038/;https://www.linkedin.com/jobs/view/4442652038/;On-site;Mid;21/07/2026;Barueri;São Paulo;SP;Região Sudeste;Brasil;América do Sul
474;Senior Sistemas;Software Developer Java (HCM) - 11584;Blumenau (SC);20/07 19:00;https://www.linkedin.com/jobs/view/4440186735/;https://media.licdn.com/dms/image/v2/C4E0BAQFlbJMLQgUBbQ/company-logo_100_100/company-logo_100_100/0/1631330968616?e=1785974400&v=beta&t=IP2FY4aeKtLiflxQdxf0He7xzZGI-QkIBrRmzIDNCo0;Advanced > Information Technology;https://www.linkedin.com/company/senior-sistemas/about/;Software e Serviços de TI;backend OR java OR (spring AND boot) OR python OR django OR go OR golang OR php OR laravel OR ruby OR (ruby AND rails) OR c++ OR c# OR rust OR scala OR julia OR elixir OR node.js OR (asp.net AND core);senior sistemas;1.0;Senior;https://www.linkedin.com/jobs/view/4440186735/;https://www.linkedin.com/jobs/view/4440186735/;On-site;TI/Tech;21/07/2026;Blumenau;Santa Catarina;SC;Região Sul;Brasil;América do Sul
475;Senior Sistemas;Software Developer Java e Angular (Senior Flow) - 11572;Blumenau (SC);20/07 19:00;https://www.linkedin.com/jobs/view/4440199276/;https://media.licdn.com/dms/image/v2/C4E0BAQFlbJMLQgUBbQ/company-logo_100_100/company-logo_100_100/0/1631330968616?e=1785974400&v=beta&t=IP2FY4aeKtLiflxQdxf0He7xzZGI-QkIBrRmzIDNCo0;Advanced > Information Technology;https://www.linkedin.com/company/senior-sistemas/about/;Software e Serviços de TI;backend OR java OR (spring AND boot) OR python OR django OR go OR golang OR php OR laravel OR ruby OR (ruby AND rails) OR c++ OR c# OR rust OR scala OR julia OR elixir OR node.js OR (asp.net AND core);senior sistemas;1.0;Senior;https://www.linkedin.com/jobs/view/4440199276/;https://www.linkedin.com/jobs/view/4440199276/;On-site;Senior, TI/Tech;21/07/2026;Blumenau;Santa Catarina;SC;Região Sul;Brasil;América do Sul
476;Serasa Experian;Desenvolvedor(a) Back-End Java Sênior;São Paulo (SP);20/07 17:00;https://www.linkedin.com/jobs/view/4443001051/;https://media.licdn.com/dms/image/v2/D4D0BAQGW4EB1A1aUYQ/company-logo_100_100/B4DZyL2uQ_IUAY-/0/1771872904949/serasaexperian_logo?e=1785974400&v=beta&t=Drgb6y--yqNqVd0ejHkLxMKSSOrPRxPo9q6rjge0CQ8;-;https://www.linkedin.com/company/serasa-experian/about/;-;backend OR java OR (spring AND boot) OR python OR django OR go OR golang OR php OR laravel OR ruby OR (ruby AND rails) OR c++ OR c# OR rust OR scala OR julia OR elixir OR node.js OR (asp.net AND core);serasa experian;4.0;Smartrecruiters;https://www.linkedin.com/jobs/view/4443001051/;https://www.linkedin.com/jobs/view/4443001051/;Remote;Senior, Backend;21/07/2026;São Paulo;São Paulo;SP;Região Sudeste;Brasil;América do Sul
477;Serasa Experian;Software Engineer Fullstack Pleno - Java e Angular;São Paulo (SP);21/07 11:00;https://www.linkedin.com/jobs/view/4443385595/;https://media.licdn.com/dms/image/v2/D4D0BAQGW4EB1A1aUYQ/company-logo_100_100/B4DZyL2uQ_IUAY-/0/1771872904949/serasaexperian_logo?e=1785974400&v=beta&t=Drgb6y--yqNqVd0ejHkLxMKSSOrPRxPo9q6rjge0CQ8;Advanced > Information Technology;https://www.linkedin.com/company/serasa-experian/about/;Software e Serviços de TI;backend OR java OR (spring AND boot) OR python OR django OR go OR golang OR php OR laravel OR ruby OR (ruby AND rails) OR c++ OR c# OR rust OR scala OR julia OR elixir OR node.js OR (asp.net AND core);serasa experian;4.0;Smartrecruiters;https://www.linkedin.com/jobs/view/4443385595/;https://www.linkedin.com/jobs/view/4443385595/;Hybrid;Mid, TI/Tech, Full Stack, Engenharia Geral;21/07/2026;São Paulo;São Paulo;SP;Região Sudeste;Brasil;América do Sul
478;Serviços em BIM;MENSAGEIRO IFOOD - GOIÂNIA - GO;Goiânia (GO);21/07 00:00;https://www.linkedin.com/jobs/view/4442280318/;https://media.licdn.com/dms/image/v2/C4D0BAQE89XehLdBsfQ/company-logo_100_100/company-logo_100_100/0/1631346447150?e=1785974400&v=beta&t=Hj_WaTq1Q-ag_6Ba-NbmRc15QYkllTTgK4O1v06Hx5k;-;https://www.linkedin.com/company/servi-os-em-bim/about/;Alimentos e Bebidas;backend OR java OR (spring AND boot) OR python OR django OR go OR golang OR php OR laravel OR ruby OR (ruby AND rails) OR c++ OR c# OR rust OR scala OR julia OR elixir OR node.js OR (asp.net AND core);serviços em bim;1.0;;https://www.linkedin.com/jobs/view/4442280318/;https://www.linkedin.com/jobs/view/4442280318/;On-site;-;21/07/2026;Goiânia;Goiás;GO;Região Centro-Oeste;Brasil;América do Sul
479;Shopee;Analista Generalista de RH Jr - Aparecida/GO;São Paulo (SP);21/07 02:00;https://www.linkedin.com/jobs/view/4412173002/;https://media.licdn.com/dms/image/v2/C560BAQE0iX_dgdH7nA/company-logo_100_100/company-logo_100_100/0/1672279162763/shopee_logo?e=1785974400&v=beta&t=oBcURcOS3Vme5zJajGrp8GD6oxbnpGbKMuU02bunu5c;Advanced > Specialist;https://www.linkedin.com/company/shopee/about/;Recursos Humanos;backend OR java OR (spring AND boot) OR python OR django OR go OR golang OR php OR laravel OR ruby OR (ruby AND rails) OR c++ OR c# OR rust OR scala OR julia OR elixir OR node.js OR (asp.net AND core);shopee;3.0;careers.shopee.sg;https://www.linkedin.com/jobs/view/4412173002/;https://www.linkedin.com/jobs/view/4412173002/;On-site;Junior, Associate;21/07/2026;São Paulo;São Paulo;SP;Região Sudeste;Brasil;América do Sul
480;Shopee;Analista Planejamento Operacional Pleno | Hidrolândia, GO;São Paulo (SP);21/07 02:00;https://www.linkedin.com/jobs/view/4425268794/;https://media.licdn.com/dms/image/v2/C560BAQE0iX_dgdH7nA/company-logo_100_100/company-logo_100_100/0/1672279162763/shopee_logo?e=1785974400&v=beta&t=oBcURcOS3Vme5zJajGrp8GD6oxbnpGbKMuU02bunu5c;Advanced > Specialist;https://www.linkedin.com/company/shopee/about/;-;backend OR java OR (spring AND boot) OR python OR django OR go OR golang OR php OR laravel OR ruby OR (ruby AND rails) OR c++ OR c# OR rust OR scala OR julia OR elixir OR node.js OR (asp.net AND core);shopee;3.0;careers.shopee.sg;https://www.linkedin.com/jobs/view/4425268794/;https://www.linkedin.com/jobs/view/4425268794/;On-site;Mid, Associate;21/07/2026;São Paulo;São Paulo;SP;Região Sudeste;Brasil;América do Sul
481;Shopee;Analista de Facilities Junior - Aparecida/GO;São Paulo (SP);21/07 02:00;https://www.linkedin.com/jobs/view/4426130657/;https://media.licdn.com/dms/image/v2/C560BAQE0iX_dgdH7nA/company-logo_100_100/company-logo_100_100/0/1672279162763/shopee_logo?e=1785974400&v=beta&t=oBcURcOS3Vme5zJajGrp8GD6oxbnpGbKMuU02bunu5c;Advanced > Specialist;https://www.linkedin.com/company/shopee/about/;Software e Serviços de TI;backend OR java OR (spring AND boot) OR python OR django OR go OR golang OR php OR laravel OR ruby OR (ruby AND rails) OR c++ OR c# OR rust OR scala OR julia OR elixir OR node.js OR (asp.net AND core);shopee;3.0;careers.shopee.sg;https://www.linkedin.com/jobs/view/4426130657/;https://www.linkedin.com/jobs/view/4426130657/;On-site;Junior, Associate;21/07/2026;São Paulo;São Paulo;SP;Região Sudeste;Brasil;América do Sul
482;Shopee;Analista de Facilities Junior - Goiania/GO;São Paulo (SP);21/07 02:00;https://www.linkedin.com/jobs/view/4436832900/;https://media.licdn.com/dms/image/v2/C560BAQE0iX_dgdH7nA/company-logo_100_100/company-logo_100_100/0/1672279162763/shopee_logo?e=1785974400&v=beta&t=oBcURcOS3Vme5zJajGrp8GD6oxbnpGbKMuU02bunu5c;Advanced > Specialist;https://www.linkedin.com/company/shopee/about/;Software e Serviços de TI;backend OR java OR (spring AND boot) OR python OR django OR go OR golang OR php OR laravel OR ruby OR (ruby AND rails) OR c++ OR c# OR rust OR scala OR julia OR elixir OR node.js OR (asp.net AND core);shopee;3.0;careers.shopee.sg;https://www.linkedin.com/jobs/view/4436832900/;https://www.linkedin.com/jobs/view/4436832900/;On-site;Junior, Associate;21/07/2026;São Paulo;São Paulo;SP;Região Sudeste;Brasil;América do Sul
483;Shopee;Analista de Inventário - Goiânia/GO;São Paulo (SP);21/07 02:00;https://www.linkedin.com/jobs/view/4377253685/;https://media.licdn.com/dms/image/v2/C560BAQE0iX_dgdH7nA/company-logo_100_100/company-logo_100_100/0/1672279162763/shopee_logo?e=1785974400&v=beta&t=oBcURcOS3Vme5zJajGrp8GD6oxbnpGbKMuU02bunu5c;Advanced > Specialist;https://www.linkedin.com/company/shopee/about/;-;backend OR java OR (spring AND boot) OR python OR django OR go OR golang OR php OR laravel OR ruby OR (ruby AND rails) OR c++ OR c# OR rust OR scala OR julia OR elixir OR node.js OR (asp.net AND core);shopee;3.0;careers.shopee.sg;https://www.linkedin.com/jobs/view/4377253685/;https://www.linkedin.com/jobs/view/4377253685/;On-site;Associate;21/07/2026;São Paulo;São Paulo;SP;Região Sudeste;Brasil;América do Sul
484;Shopee;Analista de Logística Pleno (Controle Operacional) - Goiânia/GO;São Paulo (SP);20/07 12:00;https://www.linkedin.com/jobs/view/4429325721/;https://media.licdn.com/dms/image/v2/C560BAQE0iX_dgdH7nA/company-logo_100_100/company-logo_100_100/0/1672279162763/shopee_logo?e=1785974400&v=beta&t=oBcURcOS3Vme5zJajGrp8GD6oxbnpGbKMuU02bunu5c;Advanced > Specialist;https://www.linkedin.com/company/shopee/about/;Logística e Supply Chain;backend OR java OR (spring AND boot) OR python OR django OR go OR golang OR php OR laravel OR ruby OR (ruby AND rails) OR c++ OR c# OR rust OR scala OR julia OR elixir OR node.js OR (asp.net AND core);shopee;3.0;careers.shopee.sg;https://www.linkedin.com/jobs/view/4429325721/;https://www.linkedin.com/jobs/view/4429325721/;On-site;Mid, Associate, Logística/Supply;21/07/2026;São Paulo;São Paulo;SP;Região Sudeste;Brasil;América do Sul
485;Shopee;Coordenação Sênior de Operações Fulfillment | Hidrolândia GO;São Paulo (SP);21/07 02:00;https://www.linkedin.com/jobs/view/4435269535/;https://media.licdn.com/dms/image/v2/C560BAQE0iX_dgdH7nA/company-logo_100_100/company-logo_100_100/0/1672279162763/shopee_logo?e=1785974400&v=beta&t=oBcURcOS3Vme5zJajGrp8GD6oxbnpGbKMuU02bunu5c;-;https://www.linkedin.com/company/shopee/about/;-;backend OR java OR (spring AND boot) OR python OR django OR go OR golang OR php OR laravel OR ruby OR (ruby AND rails) OR c++ OR c# OR rust OR scala OR julia OR elixir OR node.js OR (asp.net AND core);shopee;3.0;careers.shopee.sg;https://www.linkedin.com/jobs/view/4435269535/;https://www.linkedin.com/jobs/view/4435269535/;On-site;Senior, Mid, Logística/Supply;21/07/2026;São Paulo;São Paulo;SP;Região Sudeste;Brasil;América do Sul
486;Shopee;Operador de Monitoramento de CFTV - Hidrolândia (GO);São Paulo (SP);21/07 02:00;https://www.linkedin.com/jobs/view/4398147674/;https://media.licdn.com/dms/image/v2/C560BAQE0iX_dgdH7nA/company-logo_100_100/company-logo_100_100/0/1672279162763/shopee_logo?e=1785974400&v=beta&t=oBcURcOS3Vme5zJajGrp8GD6oxbnpGbKMuU02bunu5c;-;https://www.linkedin.com/company/shopee/about/;Software e Serviços de TI;backend OR java OR (spring AND boot) OR python OR django OR go OR golang OR php OR laravel OR ruby OR (ruby AND rails) OR c++ OR c# OR rust OR scala OR julia OR elixir OR node.js OR (asp.net AND core);shopee;3.0;careers.shopee.sg;https://www.linkedin.com/jobs/view/4398147674/;https://www.linkedin.com/jobs/view/4398147674/;On-site;-;21/07/2026;São Paulo;São Paulo;SP;Região Sudeste;Brasil;América do Sul
487;Shopee;Supervisão de Operações Fulfillment - Hidrolândia, GO;São Paulo (SP);21/07 02:00;https://www.linkedin.com/jobs/view/4428408383/;https://media.licdn.com/dms/image/v2/C560BAQE0iX_dgdH7nA/company-logo_100_100/company-logo_100_100/0/1672279162763/shopee_logo?e=1785974400&v=beta&t=oBcURcOS3Vme5zJajGrp8GD6oxbnpGbKMuU02bunu5c;-;https://www.linkedin.com/company/shopee/about/;-;backend OR java OR (spring AND boot) OR python OR django OR go OR golang OR php OR laravel OR ruby OR (ruby AND rails) OR c++ OR c# OR rust OR scala OR julia OR elixir OR node.js OR (asp.net AND core);shopee;3.0;careers.shopee.sg;https://www.linkedin.com/jobs/view/4428408383/;https://www.linkedin.com/jobs/view/4428408383/;On-site;Logística/Supply;21/07/2026;São Paulo;São Paulo;SP;Região Sudeste;Brasil;América do Sul
488;Sicredi;CAS | Engenharia de Software SR - Java - Foco em Open Finance;Brasil;21/07 10:00;https://www.linkedin.com/jobs/view/4443361869/;https://media.licdn.com/dms/image/v2/C4E0BAQGnL3LzxJa-xg/company-logo_100_100/company-logo_100_100/0/1630600609502/sicredi_logo?e=1785974400&v=beta&t=P_Q47gv0SLkSQqoXYKZm5MAeb-VHtLC1oxttBU0udl4;-;https://www.linkedin.com/company/sicredi/about/;Serviços Financeiros;backend OR java OR (spring AND boot) OR python OR django OR go OR golang OR php OR laravel OR ruby OR (ruby AND rails) OR c++ OR c# OR rust OR scala OR julia OR elixir OR node.js OR (asp.net AND core);sicredi;1.0;Gupy;https://www.linkedin.com/jobs/view/4443361869/;https://www.linkedin.com/jobs/view/4443361869/;Remote;Senior, TI/Tech, Engenharia Geral;21/07/2026;;;;;Brasil;América do Sul
489;Sicredi;3950 - Auxiliar de Serviços Compartilhados (Rural) - Goiânia/GO;Goiânia (GO);20/07 16:00;https://www.linkedin.com/jobs/view/4442782247/;https://media.licdn.com/dms/image/v2/C4E0BAQGnL3LzxJa-xg/company-logo_100_100/company-logo_100_100/0/1630600609502/sicredi_logo?e=1785974400&v=beta&t=P_Q47gv0SLkSQqoXYKZm5MAeb-VHtLC1oxttBU0udl4;-;https://www.linkedin.com/company/sicredi/about/;Software e Serviços de TI;backend OR java OR (spring AND boot) OR python OR django OR go OR golang OR php OR laravel OR ruby OR (ruby AND rails) OR c++ OR c# OR rust OR scala OR julia OR elixir OR node.js OR (asp.net AND core);sicredi;1.0;Gupy;https://www.linkedin.com/jobs/view/4442782247/;https://www.linkedin.com/jobs/view/4442782247/;On-site;Associate;21/07/2026;Goiânia;Goiás;GO;Região Centro-Oeste;Brasil;América do Sul
490;Sicredi;3950 - Auxiliar de Serviços Compartilhados - Crédito Comercial - Goiânia/GO;Goiânia (GO);20/07 16:00;https://www.linkedin.com/jobs/view/4442777482/;https://media.licdn.com/dms/image/v2/C4E0BAQGnL3LzxJa-xg/company-logo_100_100/company-logo_100_100/0/1630600609502/sicredi_logo?e=1785974400&v=beta&t=P_Q47gv0SLkSQqoXYKZm5MAeb-VHtLC1oxttBU0udl4;-;https://www.linkedin.com/company/sicredi/about/;Software e Serviços de TI;backend OR java OR (spring AND boot) OR python OR django OR go OR golang OR php OR laravel OR ruby OR (ruby AND rails) OR c++ OR c# OR rust OR scala OR julia OR elixir OR node.js OR (asp.net AND core);sicredi;1.0;Gupy;https://www.linkedin.com/jobs/view/4442777482/;https://www.linkedin.com/jobs/view/4442777482/;On-site;Associate, Vendas / Comercial;21/07/2026;Goiânia;Goiás;GO;Região Centro-Oeste;Brasil;América do Sul
491;Smurfit Westrock;Analista de Assistência Técnica | Goiás/GO;Goiânia (GO);21/07 08:00;https://www.linkedin.com/jobs/view/4442611699/;https://media.licdn.com/dms/image/v2/D4E0BAQEusg5RgxfO-g/company-logo_100_100/company-logo_100_100/0/1720456257238/smurfit_westrock_logo?e=1785974400&v=beta&t=SYZplTnAYTM-zQjPf1yL_7jW8pzuFx8Pk9DKd6BiH3Q;Advanced > Specialist;https://www.linkedin.com/company/smurfit-westrock/about/;Software e Serviços de TI;backend OR java OR (spring AND boot) OR python OR django OR go OR golang OR php OR laravel OR ruby OR (ruby AND rails) OR c++ OR c# OR rust OR scala OR julia OR elixir OR node.js OR (asp.net AND core);smurfit westrock;1.0;Gupy;https://www.linkedin.com/jobs/view/4442611699/;https://www.linkedin.com/jobs/view/4442611699/;Hybrid;Associate;21/07/2026;Goiânia;Goiás;GO;Região Centro-Oeste;Brasil;América do Sul
492;Sodiê Doces;Atendente - GO;Goiânia (GO);21/07 00:00;https://www.linkedin.com/jobs/view/4442277738/;https://media.licdn.com/dms/image/v2/D4D0BAQG2JT4CBjigCg/company-logo_100_100/company-logo_100_100/0/1703783372700?e=1785974400&v=beta&t=8w7aarDxLXP1YsGsDWMZ_gFQ4uJZi999sp2dnRPy8Vc;-;https://www.linkedin.com/company/sodi-doces/about/;-;backend OR java OR (spring AND boot) OR python OR django OR go OR golang OR php OR laravel OR ruby OR (ruby AND rails) OR c++ OR c# OR rust OR scala OR julia OR elixir OR node.js OR (asp.net AND core);sodiê doces;1.0;empregos.com.br;https://www.linkedin.com/jobs/view/4442277738/;https://www.linkedin.com/jobs/view/4442277738/;On-site;-;21/07/2026;Goiânia;Goiás;GO;Região Centro-Oeste;Brasil;América do Sul
493;SoftExpert;Desenvolvedor(a) Full Stack Pleno (PHP/Reactjs);Brasil;20/07 20:00;https://www.linkedin.com/jobs/view/4440191841/;https://media.licdn.com/dms/image/v2/D4D0BAQExTcQZSGfiPg/company-logo_100_100/B4DZVHZdY5HYAQ-/0/1740659611633/softexpert_software_logo?e=1785974400&v=beta&t=4XgftWaTh51gyBsgANujwwajmmyfLefGc9nOvQJWQLw;-;https://www.linkedin.com/company/softexpert/about/;-;backend OR java OR (spring AND boot) OR python OR django OR go OR golang OR php OR laravel OR ruby OR (ruby AND rails) OR c++ OR c# OR rust OR scala OR julia OR elixir OR node.js OR (asp.net AND core);softexpert;1.0;;https://www.linkedin.com/jobs/view/4440191841/;https://www.linkedin.com/jobs/view/4440191841/;Remote;Mid, Full Stack;21/07/2026;;;;;Brasil;América do Sul
494;Solfácil;Gerente de Go to Market - BESS Residencial;Grande São Paulo (SP) ;20/07 12:00;https://www.linkedin.com/jobs/view/4441208007/;https://media.licdn.com/dms/image/v2/C4D0BAQFOnyr6OvM2kw/company-logo_100_100/company-logo_100_100/0/1661205879011/solfacil_logo?e=1785974400&v=beta&t=hDj2Lpj69VAA_OlT_nihiX1cuWSJ0rRVjjnOOI11U_g;Middle > Manager;https://www.linkedin.com/company/solf-cil/about/;-;backend OR java OR (spring AND boot) OR python OR django OR go OR golang OR php OR laravel OR ruby OR (ruby AND rails) OR c++ OR c# OR rust OR scala OR julia OR elixir OR node.js OR (asp.net AND core);solfácil;1.0;Inhire;https://www.linkedin.com/jobs/view/4441208007/;https://www.linkedin.com/jobs/view/4441208007/;On-site;Mid, Liderança/Gerência;21/07/2026;;São Paulo;SP;Região Sudeste;Brasil;América do Sul
495;Soma - Gestão Contábil Inteligente;Analista fiscal - GO;Goiânia (GO);21/07 00:00;https://www.linkedin.com/jobs/view/4442268511/;https://media.licdn.com/dms/image/v2/D4E0BAQHRN4hzCvNXxw/company-logo_100_100/B4EZcX4GaBG4Ak-/0/1748452272300/soma_consultoriacontabil_logo?e=1785974400&v=beta&t=ZyB1IKkWZ3aiGo6-3n1PxCFc7kfJPy8hdRCkoGaemMA;Advanced > Specialist;https://www.linkedin.com/company/soma-gest-o-cont-bil-inteligente/about/;Hardware e Eletrônicos;backend OR java OR (spring AND boot) OR python OR django OR go OR golang OR php OR laravel OR ruby OR (ruby AND rails) OR c++ OR c# OR rust OR scala OR julia OR elixir OR node.js OR (asp.net AND core);soma - gestão contábil inteligente;1.0;empregos.com.br;https://www.linkedin.com/jobs/view/4442268511/;https://www.linkedin.com/jobs/view/4442268511/;On-site;Associate, Financeiro/Fiscal;21/07/2026;Goiânia;Goiás;GO;Região Centro-Oeste;Brasil;América do Sul
496;SupportYourApp;(fluent English) Full-Stack Developer (Python/Java/React);Montenegro (RS);21/07 07:00;https://www.linkedin.com/jobs/view/4443356073/;https://media.licdn.com/dms/image/v2/C4E0BAQGWzwUKdqMPmQ/company-logo_100_100/company-logo_100_100/0/1631354878924?e=1785974400&v=beta&t=5l3lHR284IN0CfLjIV6366gdEuvL8UmL_qiiuF8zUQc;Advanced > Information Technology;https://www.linkedin.com/company/supportyourapp/about/;Vendas e Suporte;backend OR java OR (spring AND boot) OR python OR django OR go OR golang OR php OR laravel OR ruby OR (ruby AND rails) OR c++ OR c# OR rust OR scala OR julia OR elixir OR node.js OR (asp.net AND core);supportyourapp;1.0;;https://www.linkedin.com/jobs/view/4443356073/;https://www.linkedin.com/jobs/view/4443356073/;Remote;Inglês Fluente/Avançado, Full Stack;21/07/2026;Montenegro;Rio Grande do Sul;RS;Região Sul;Brasil;América do Sul
497;Suécia Veículos | Caminhões e Ônibus;Consultor de Vendas - Aparecida de Goiania-GO  - (Cópia);Aparecida de Goiânia (GO);20/07 22:00;https://www.linkedin.com/jobs/view/4443056948/;https://media.licdn.com/dms/image/v2/C4D0BAQFC_9bj8hIBsA/company-logo_100_100/company-logo_100_100/0/1656504428471/sueciaveiculos_logo?e=1785974400&v=beta&t=7rMt4znsGTve83xjQeWEJ621ZIrJdMwVnwGDt6ZX4U4;Advanced > Specialist;https://www.linkedin.com/company/su-cia-ve-culos-caminh-es-e-nibus/about/;Transporte e Mobilidade;backend OR java OR (spring AND boot) OR python OR django OR go OR golang OR php OR laravel OR ruby OR (ruby AND rails) OR c++ OR c# OR rust OR scala OR julia OR elixir OR node.js OR (asp.net AND core);suécia veículos | caminhões e ônibus;1.0;LinkedIn;https://www.linkedin.com/jobs/view/4443056948/;https://www.linkedin.com/jobs/view/4443056948/;On-site;Consultor, Vendas / Comercial;21/07/2026;Aparecida de Goiânia;Goiás;GO;Região Centro-Oeste;Brasil;América do Sul
498;Syngenta;Backend Engineer;São Paulo (SP);21/07 09:00;https://www.linkedin.com/jobs/view/4439372912/;https://media.licdn.com/dms/image/v2/D4E0BAQHRsIANXm5wEg/company-logo_100_100/company-logo_100_100/0/1726820689834/syngenta_logo?e=1785974400&v=beta&t=uBFXyOABTY7f5-Ot4sBAJeejHRi3AG1qKzAxMCk5qwA;Advanced > Information Technology;https://www.linkedin.com/company/syngenta/about/;-;backend OR java OR (spring AND boot) OR python OR django OR go OR golang OR php OR laravel OR ruby OR (ruby AND rails) OR c++ OR c# OR rust OR scala OR julia OR elixir OR node.js OR (asp.net AND core);syngenta;1.0;;https://www.linkedin.com/jobs/view/4439372912/;https://www.linkedin.com/jobs/view/4439372912/;On-site;Backend, Engenharia Geral;21/07/2026;São Paulo;São Paulo;SP;Região Sudeste;Brasil;América do Sul
499;TCHÊ Produtos Agrícolas;AUXILIAR ADMINISTRATIVO - Vaga aberta em Palmeiras de GoiásGO - GO;Palmeiras de Goiás (GO);21/07 00:00;https://www.linkedin.com/jobs/view/4442278447/;https://media.licdn.com/dms/image/v2/C560BAQGxyxj6xk24IQ/company-logo_100_100/company-logo_100_100/0/1631374801268?e=1785974400&v=beta&t=DWsq0UCOjWBQRQgIyshvOe8Fsnen_jfg7Nk4yqDPm9k;-;https://www.linkedin.com/company/tch-produtos-agr-colas/about/;Software e Serviços de TI;backend OR java OR (spring AND boot) OR python OR django OR go OR golang OR php OR laravel OR ruby OR (ruby AND rails) OR c++ OR c# OR rust OR scala OR julia OR elixir OR node.js OR (asp.net AND core);tchê produtos agrícolas;1.0;empregos.com.br;https://www.linkedin.com/jobs/view/4442278447/;https://www.linkedin.com/jobs/view/4442278447/;On-site;Associate;21/07/2026;Palmeiras de Goiás;Goiás;GO;Região Centro-Oeste;Brasil;América do Sul
500;TCHÊ Produtos Agrícolas;CONSULTOR DE VENDAS - Vaga aberta em UruaçuGO - GO;Uruaçu (GO);21/07 00:00;https://www.linkedin.com/jobs/view/4442289059/;https://media.licdn.com/dms/image/v2/C560BAQGxyxj6xk24IQ/company-logo_100_100/company-logo_100_100/0/1631374801268?e=1785974400&v=beta&t=DWsq0UCOjWBQRQgIyshvOe8Fsnen_jfg7Nk4yqDPm9k;Advanced > Specialist;https://www.linkedin.com/company/tch-produtos-agr-colas/about/;Vendas e Suporte;backend OR java OR (spring AND boot) OR python OR django OR go OR golang OR php OR laravel OR ruby OR (ruby AND rails) OR c++ OR c# OR rust OR scala OR julia OR elixir OR node.js OR (asp.net AND core);tchê produtos agrícolas;1.0;empregos.com.br;https://www.linkedin.com/jobs/view/4442289059/;https://www.linkedin.com/jobs/view/4442289059/;On-site;Consultor, Vendas / Comercial;21/07/2026;Uruaçu;Goiás;GO;Região Centro-Oeste;Brasil;América do Sul
501;TG4;Programador(a) Pleno — C# / React;RJ;20/07 15:00;https://www.linkedin.com/jobs/view/4440165749/;https://media.licdn.com/dms/image/v2/C4E0BAQEP5vnplNzprA/company-logo_100_100/company-logo_100_100/0/1630603767449/tg4_logo?e=1785974400&v=beta&t=88DWP_ubxlTrsM4a-QQdw2FDKab4ZjMwsg6GS7LZdPs;-;https://www.linkedin.com/company/tg4/about/;-;backend OR java OR (spring AND boot) OR python OR django OR go OR golang OR php OR laravel OR ruby OR (ruby AND rails) OR c++ OR c# OR rust OR scala OR julia OR elixir OR node.js OR (asp.net AND core);tg4;1;;https://www.linkedin.com/jobs/view/4440165749/;https://www.linkedin.com/jobs/view/4440165749/;Remote;Mid;21/07/2026;;Rio de Janeiro;RJ;Região Sudeste;Brasil;América do Sul
502;TIMAC Agro Brasil;CONSULTOR(A) TÉCNICO(A) COMERCIAL - PRODUÇÃO VEGETAL - Itumbiara/GO;Itumbiara (GO);20/07 14:00;https://www.linkedin.com/jobs/view/4440174297/;https://media.licdn.com/dms/image/v2/C4E0BAQG0b68RaHD60w/company-logo_100_100/company-logo_100_100/0/1630607985591/timac_agro_brasil_logo?e=1785974400&v=beta&t=iU32c9uv23ZIeJ9hGAc1o5Klio27ujBHq3OY6pJnZqM;Advanced > Specialist;https://www.linkedin.com/company/timac-agro-brasil/about/;Agro;backend OR java OR (spring AND boot) OR python OR django OR go OR golang OR php OR laravel OR ruby OR (ruby AND rails) OR c++ OR c# OR rust OR scala OR julia OR elixir OR node.js OR (asp.net AND core);timac agro brasil;1.0;Gupy;https://www.linkedin.com/jobs/view/4440174297/;https://www.linkedin.com/jobs/view/4440174297/;On-site;Consultor, Vendas / Comercial;21/07/2026;Itumbiara;Goiás;GO;Região Centro-Oeste;Brasil;América do Sul
503;Tata Consultancy Services;Java Developer;SP;20/07 12:00;https://www.linkedin.com/jobs/view/4384170860/;https://media.licdn.com/dms/image/v2/D4D0BAQGsGR9p4ikS5w/company-logo_100_100/company-logo_100_100/0/1708946550425/tata_consultancy_services_logo?e=1785974400&v=beta&t=fWJmSC6M4wbFpVEpS3etBMsOwblTybBL-BYKiFS_yFA;Advanced > Information Technology;https://www.linkedin.com/company/tata-consultancy-services/about/;-;backend OR java OR (spring AND boot) OR python OR django OR go OR golang OR php OR laravel OR ruby OR (ruby AND rails) OR c++ OR c# OR rust OR scala OR julia OR elixir OR node.js OR (asp.net AND core);tata consultancy services;1.0;LinkedIn;https://www.linkedin.com/jobs/view/4384170860/;https://www.linkedin.com/jobs/view/4384170860/;Hybrid;-;21/07/2026;;São Paulo;SP;Região Sudeste;Brasil;América do Sul
504;Tata Consultancy Services;Java Developer;SP;21/07 12:00;https://www.linkedin.com/jobs/view/4441641689/;https://media.licdn.com/dms/image/v2/D4D0BAQGsGR9p4ikS5w/company-logo_100_100/company-logo_100_100/0/1708946550425/tata_consultancy_services_logo?e=1785974400&v=beta&t=fWJmSC6M4wbFpVEpS3etBMsOwblTybBL-BYKiFS_yFA;Advanced > Information Technology;https://www.linkedin.com/company/tata-consultancy-services/about/;-;backend OR java OR (spring AND boot) OR python OR django OR go OR golang OR php OR laravel OR ruby OR (ruby AND rails) OR c++ OR c# OR rust OR scala OR julia OR elixir OR node.js OR (asp.net AND core);tata consultancy services;1.0;LinkedIn;https://www.linkedin.com/jobs/view/4441641689/;https://www.linkedin.com/jobs/view/4441641689/;Hybrid;-;21/07/2026;;São Paulo;SP;Região Sudeste;Brasil;América do Sul
505;Tool Engenharia e Comércio de Sistemas Ltda.;Eletricista - GO;Aparecida de Goiânia (GO);21/07 00:00;https://www.linkedin.com/jobs/view/4442272581/;https://media.licdn.com/dms/image/v2/C4E0BAQH0EoMe7oMEqQ/company-logo_100_100/company-logo_100_100/0/1631349714202?e=1785974400&v=beta&t=C1dnJeWsvF0t6ZRaC8oBArJvfbkuycjB1uWZYMAldzY;-;https://www.linkedin.com/company/tool-engenharia-e-com-rcio-de-sistemas-ltda/about/;Software e Serviços de TI;backend OR java OR (spring AND boot) OR python OR django OR go OR golang OR php OR laravel OR ruby OR (ruby AND rails) OR c++ OR c# OR rust OR scala OR julia OR elixir OR node.js OR (asp.net AND core);tool engenharia e comércio de sistemas ltda.;1.0;empregos.com.br;https://www.linkedin.com/jobs/view/4442272581/;https://www.linkedin.com/jobs/view/4442272581/;On-site;-;21/07/2026;Aparecida de Goiânia;Goiás;GO;Região Centro-Oeste;Brasil;América do Sul
506;Tool Engenharia e Comércio de Sistemas Ltda.;Eletricista de rede - GO;Aparecida de Goiânia (GO);21/07 00:00;https://www.linkedin.com/jobs/view/4442281500/;https://media.licdn.com/dms/image/v2/C4E0BAQH0EoMe7oMEqQ/company-logo_100_100/company-logo_100_100/0/1631349714202?e=1785974400&v=beta&t=C1dnJeWsvF0t6ZRaC8oBArJvfbkuycjB1uWZYMAldzY;-;https://www.linkedin.com/company/tool-engenharia-e-com-rcio-de-sistemas-ltda/about/;Software e Serviços de TI;backend OR java OR (spring AND boot) OR python OR django OR go OR golang OR php OR laravel OR ruby OR (ruby AND rails) OR c++ OR c# OR rust OR scala OR julia OR elixir OR node.js OR (asp.net AND core);tool engenharia e comércio de sistemas ltda.;1.0;empregos.com.br;https://www.linkedin.com/jobs/view/4442281500/;https://www.linkedin.com/jobs/view/4442281500/;On-site;-;21/07/2026;Aparecida de Goiânia;Goiás;GO;Região Centro-Oeste;Brasil;América do Sul
507;Tool Engenharia e Comércio de Sistemas Ltda.;Orçamentista Projetista - GO;Aparecida de Goiânia (GO);21/07 00:00;https://www.linkedin.com/jobs/view/4442281100/;https://media.licdn.com/dms/image/v2/C4E0BAQH0EoMe7oMEqQ/company-logo_100_100/company-logo_100_100/0/1631349714202?e=1785974400&v=beta&t=C1dnJeWsvF0t6ZRaC8oBArJvfbkuycjB1uWZYMAldzY;-;https://www.linkedin.com/company/tool-engenharia-e-com-rcio-de-sistemas-ltda/about/;Software e Serviços de TI;backend OR java OR (spring AND boot) OR python OR django OR go OR golang OR php OR laravel OR ruby OR (ruby AND rails) OR c++ OR c# OR rust OR scala OR julia OR elixir OR node.js OR (asp.net AND core);tool engenharia e comércio de sistemas ltda.;1.0;empregos.com.br;https://www.linkedin.com/jobs/view/4442281100/;https://www.linkedin.com/jobs/view/4442281100/;On-site;-;21/07/2026;Aparecida de Goiânia;Goiás;GO;Região Centro-Oeste;Brasil;América do Sul
508;Turing;Remote Software Engineer (Go);Brasil;20/07 15:00;https://www.linkedin.com/jobs/view/4442099847/;https://media.licdn.com/dms/image/v2/D4D0BAQEMzTP7ySRl1w/company-logo_100_100/B4DZraOH1PGgAQ-/0/1764597727124?e=1785974400&v=beta&t=jAHOA_3rtt7LGdsm4Vfta_wNnOWchcvDx12b06rJ3Z4;Advanced > Information Technology;https://www.linkedin.com/company/turing/about/;Software e Serviços de TI;backend OR java OR (spring AND boot) OR python OR django OR go OR golang OR php OR laravel OR ruby OR (ruby AND rails) OR c++ OR c# OR rust OR scala OR julia OR elixir OR node.js OR (asp.net AND core);turing;1.0;LinkedIn (Easy Apply);https://www.linkedin.com/jobs/view/4442099847/;https://www.linkedin.com/jobs/view/4442099847/;Remote;TI/Tech, Engenharia Geral;21/07/2026;;;;;Brasil;América do Sul
509;Turing;Remote Software Engineer (Ruby);Brasil;20/07 15:00;https://www.linkedin.com/jobs/view/4442094985/;https://media.licdn.com/dms/image/v2/D4D0BAQEMzTP7ySRl1w/company-logo_100_100/B4DZraOH1PGgAQ-/0/1764597727124?e=1785974400&v=beta&t=jAHOA_3rtt7LGdsm4Vfta_wNnOWchcvDx12b06rJ3Z4;Advanced > Information Technology;https://www.linkedin.com/company/turing/about/;Software e Serviços de TI;backend OR java OR (spring AND boot) OR python OR django OR go OR golang OR php OR laravel OR ruby OR (ruby AND rails) OR c++ OR c# OR rust OR scala OR julia OR elixir OR node.js OR (asp.net AND core);turing;1.0;LinkedIn (Easy Apply);https://www.linkedin.com/jobs/view/4442094985/;https://www.linkedin.com/jobs/view/4442094985/;Remote;TI/Tech, Engenharia Geral;21/07/2026;;;;;Brasil;América do Sul
510;Turing;Remote Software Engineer (Rust);Brasil;20/07 15:00;https://www.linkedin.com/jobs/view/4442206535/;https://media.licdn.com/dms/image/v2/D4D0BAQEMzTP7ySRl1w/company-logo_100_100/B4DZraOH1PGgAQ-/0/1764597727124?e=1785974400&v=beta&t=jAHOA_3rtt7LGdsm4Vfta_wNnOWchcvDx12b06rJ3Z4;Advanced > Information Technology;https://www.linkedin.com/company/turing/about/;Software e Serviços de TI;backend OR java OR (spring AND boot) OR python OR django OR go OR golang OR php OR laravel OR ruby OR (ruby AND rails) OR c++ OR c# OR rust OR scala OR julia OR elixir OR node.js OR (asp.net AND core);turing;1.0;LinkedIn (Easy Apply);https://www.linkedin.com/jobs/view/4442206535/;https://www.linkedin.com/jobs/view/4442206535/;Remote;TI/Tech, Engenharia Geral;21/07/2026;;;;;Brasil;América do Sul
511;Turing;Remote Software Engineer - C#;Brasil;20/07 15:00;https://www.linkedin.com/jobs/view/4442213296/;https://media.licdn.com/dms/image/v2/D4D0BAQEMzTP7ySRl1w/company-logo_100_100/B4DZraOH1PGgAQ-/0/1764597727124?e=1785974400&v=beta&t=jAHOA_3rtt7LGdsm4Vfta_wNnOWchcvDx12b06rJ3Z4;Advanced > Information Technology;https://www.linkedin.com/company/turing/about/;Software e Serviços de TI;backend OR java OR (spring AND boot) OR python OR django OR go OR golang OR php OR laravel OR ruby OR (ruby AND rails) OR c++ OR c# OR rust OR scala OR julia OR elixir OR node.js OR (asp.net AND core);turing;1.0;LinkedIn (Easy Apply);https://www.linkedin.com/jobs/view/4442213296/;https://www.linkedin.com/jobs/view/4442213296/;Remote;TI/Tech, Engenharia Geral;21/07/2026;;;;;Brasil;América do Sul
512;UOL EdTech;Engenheiro de Software Jr. (Node.js/React.js);São Paulo (SP);20/07 12:00;https://www.linkedin.com/jobs/view/4440157473/;https://media.licdn.com/dms/image/v2/D4D0BAQGbOxhTGd8fow/company-logo_100_100/B4DZ2_iZwyJwAQ-/0/1777034960423/uoledtech_para_empresas_logo?e=1785974400&v=beta&t=0SquF-WR459GIeF7d9UqDTBMwjBvx4KXTFvPMItO1jQ;-;https://www.linkedin.com/company/uol-edtech/about/;Educação;backend OR java OR (spring AND boot) OR python OR django OR go OR golang OR php OR laravel OR ruby OR (ruby AND rails) OR c++ OR c# OR rust OR scala OR julia OR elixir OR node.js OR (asp.net AND core);uol edtech;1.0;LinkedIn;https://www.linkedin.com/jobs/view/4440157473/;https://www.linkedin.com/jobs/view/4440157473/;Hybrid;Junior, TI/Tech;21/07/2026;São Paulo;São Paulo;SP;Região Sudeste;Brasil;América do Sul
513;UOL EdTech;Especialista de Engenharia de Software I (Node.js / React.js);São Paulo (SP);20/07 12:00;https://www.linkedin.com/jobs/view/4440161310/;https://media.licdn.com/dms/image/v2/D4D0BAQGbOxhTGd8fow/company-logo_100_100/B4DZ2_iZwyJwAQ-/0/1777034960423/uoledtech_para_empresas_logo?e=1785974400&v=beta&t=0SquF-WR459GIeF7d9UqDTBMwjBvx4KXTFvPMItO1jQ;Advanced > Specialist;https://www.linkedin.com/company/uol-edtech/about/;Educação;backend OR java OR (spring AND boot) OR python OR django OR go OR golang OR php OR laravel OR ruby OR (ruby AND rails) OR c++ OR c# OR rust OR scala OR julia OR elixir OR node.js OR (asp.net AND core);uol edtech;1.0;LinkedIn;https://www.linkedin.com/jobs/view/4440161310/;https://www.linkedin.com/jobs/view/4440161310/;Hybrid;Specialist, TI/Tech, Engenharia Geral;21/07/2026;São Paulo;São Paulo;SP;Região Sudeste;Brasil;América do Sul
514;USYS;Desenvolvedor React Native & C# | Blumenau;Blumenau (SC);21/07 11:00;https://www.linkedin.com/jobs/view/4440457628/;https://media.licdn.com/dms/image/v2/D4D0BAQFOxON9TsLKkA/company-logo_100_100/company-logo_100_100/0/1695217062714/usys_logo?e=1785974400&v=beta&t=FIb7XjNZCWKAVmWf-6qqovu0JZHHh6ybl4e0mF2YXQk;-;https://www.linkedin.com/company/usys/about/;Software e Serviços de TI;backend OR java OR (spring AND boot) OR python OR django OR go OR golang OR php OR laravel OR ruby OR (ruby AND rails) OR c++ OR c# OR rust OR scala OR julia OR elixir OR node.js OR (asp.net AND core);usys;1.0;;https://www.linkedin.com/jobs/view/4440457628/;https://www.linkedin.com/jobs/view/4440457628/;On-site;-;21/07/2026;Blumenau;Santa Catarina;SC;Região Sul;Brasil;América do Sul
515;Uber;Sr Staff Engineer, Backend - Core Services;Grande Rio de Janeiro (RJ);20/07 14:00;https://www.linkedin.com/jobs/view/4442752476/;https://media.licdn.com/dms/image/v2/C4D0BAQFiYnR1Mbtxdg/company-logo_100_100/company-logo_100_100/0/1630552741617/uber_com_logo?e=1785974400&v=beta&t=M7fWHTtDM50HZYDmjEK25x809TzjATZmAikIFfJZRsg;Advanced > Information Technology;https://www.linkedin.com/company/uber/about/;Transporte e Mobilidade;backend OR java OR (spring AND boot) OR python OR django OR go OR golang OR php OR laravel OR ruby OR (ruby AND rails) OR c++ OR c# OR rust OR scala OR julia OR elixir OR node.js OR (asp.net AND core);uber;3.0;LinkedIn;https://www.linkedin.com/jobs/view/4442752476/;https://www.linkedin.com/jobs/view/4442752476/;On-site;Senior, Backend, Engenharia Geral;21/07/2026;;Rio de Janeiro;RJ;Região Sudeste;Brasil;América do Sul
516;Uber;Staff Software Engineer, Backend - Delivery;São Paulo (SP);20/07 14:00;https://www.linkedin.com/jobs/view/4442756384/;https://media.licdn.com/dms/image/v2/C4D0BAQFiYnR1Mbtxdg/company-logo_100_100/company-logo_100_100/0/1630552741617/uber_com_logo?e=1785974400&v=beta&t=M7fWHTtDM50HZYDmjEK25x809TzjATZmAikIFfJZRsg;Advanced > Information Technology;https://www.linkedin.com/company/uber/about/;Software e Serviços de TI;backend OR java OR (spring AND boot) OR python OR django OR go OR golang OR php OR laravel OR ruby OR (ruby AND rails) OR c++ OR c# OR rust OR scala OR julia OR elixir OR node.js OR (asp.net AND core);uber;3.0;LinkedIn;https://www.linkedin.com/jobs/view/4442756384/;https://www.linkedin.com/jobs/view/4442756384/;On-site;TI/Tech, Backend, Delivery/SDM, Engenharia Geral;21/07/2026;São Paulo;São Paulo;SP;Região Sudeste;Brasil;América do Sul
517;UniBF;Desenvolvedor(a) Node.js Pleno - (Cópia);Joinville (SC);20/07 22:00;https://www.linkedin.com/jobs/view/4443055994/;https://media.licdn.com/dms/image/v2/D4D0BAQHbU-KXz48Tzw/company-logo_100_100/B4DZW02oP4HIAY-/0/1742495974997/unibf_logo?e=1785974400&v=beta&t=XpOtmy2VlarP1ILMnAtaxFS7F0WIMNxNBdEDGwTgz7g;-;https://www.linkedin.com/company/unibf/about/;-;backend OR java OR (spring AND boot) OR python OR django OR go OR golang OR php OR laravel OR ruby OR (ruby AND rails) OR c++ OR c# OR rust OR scala OR julia OR elixir OR node.js OR (asp.net AND core);unibf;1;;https://www.linkedin.com/jobs/view/4443055994/;https://www.linkedin.com/jobs/view/4443055994/;On-site;Mid;21/07/2026;Joinville;Santa Catarina;SC;Região Sul;Brasil;América do Sul
518;Unit Tecnologias;Desenvolvedor PHP | Ponta Grossa - PR;Ponta Grossa (PR);20/07 17:00;https://www.linkedin.com/jobs/view/4440149932/;https://media.licdn.com/dms/image/v2/D4D0BAQGFuU5vo8ln3A/company-logo_100_100/company-logo_100_100/0/1691089618492/unittecnologias_logo?e=1785974400&v=beta&t=YGsX6-mCHAFx3v4gK1lDsAOF16dda8NFAbVlO-y-K2E;-;https://www.linkedin.com/company/unit-tecnologias/about/;Software e Serviços de TI;backend OR java OR (spring AND boot) OR python OR django OR go OR golang OR php OR laravel OR ruby OR (ruby AND rails) OR c++ OR c# OR rust OR scala OR julia OR elixir OR node.js OR (asp.net AND core);unit tecnologias;1;;https://www.linkedin.com/jobs/view/4440149932/;https://www.linkedin.com/jobs/view/4440149932/;On-site;-;21/07/2026;Ponta Grossa;Paraná;PR;Região Sul;Brasil;América do Sul
519;VB Alimentos;Supervisor de Administração de Vendas - Goiânia/GO;Goiânia (GO);20/07 20:00;https://www.linkedin.com/jobs/view/4440191811/;https://media.licdn.com/dms/image/v2/D4D0BAQFVWW7cHXkj6A/company-logo_100_100/B4DZvCvlItJgAQ-/0/1768498812089/vbalimentos_logo?e=1785974400&v=beta&t=12FJZqerNdUvfj02mwZlbpC-iGaGSIuunDFtTZCLG2M;Middle > Manager;https://www.linkedin.com/company/vb-alimentos/about/;Alimentos e Bebidas;backend OR java OR (spring AND boot) OR python OR django OR go OR golang OR php OR laravel OR ruby OR (ruby AND rails) OR c++ OR c# OR rust OR scala OR julia OR elixir OR node.js OR (asp.net AND core);vb alimentos;1.0;;https://www.linkedin.com/jobs/view/4440191811/;https://www.linkedin.com/jobs/view/4440191811/;On-site;Mid, Liderança/Gerência, Vendas / Comercial;21/07/2026;Goiânia;Goiás;GO;Região Centro-Oeste;Brasil;América do Sul
520;Valorei;AWS Backend Developer Senior - Seguros;São Paulo (SP);20/07 18:00;https://www.linkedin.com/jobs/view/4440187655/;https://media.licdn.com/dms/image/v2/D4D0BAQEd1ZTbEAdSSA/company-logo_100_100/company-logo_100_100/0/1719256480298/valorei_logo?e=1785974400&v=beta&t=ouCq5lqZm1CQqR4ICtzkQdLhQEtQ3BKm7XAzTwM8j-g;Advanced > Information Technology;https://www.linkedin.com/company/valorei/about/;Seguros e Previdência;backend OR java OR (spring AND boot) OR python OR django OR go OR golang OR php OR laravel OR ruby OR (ruby AND rails) OR c++ OR c# OR rust OR scala OR julia OR elixir OR node.js OR (asp.net AND core);valorei;1.0;;https://www.linkedin.com/jobs/view/4440187655/;https://www.linkedin.com/jobs/view/4440187655/;Hybrid;Senior, Cloud (AWS/GCP/Azure), Backend;21/07/2026;São Paulo;São Paulo;SP;Região Sudeste;Brasil;América do Sul
521;Varella Veículos Pesados;Ajudante de Mecânico - Anápolis - GO;Anápolis (GO);21/07 00:00;https://www.linkedin.com/jobs/view/4442282188/;https://media.licdn.com/dms/image/v2/C4D0BAQETCoHBlp7EDQ/company-logo_100_100/company-logo_100_100/0/1630496286705/varella_veculos_pesados_ltda_logo?e=1785974400&v=beta&t=FSjUIoGSji1F7EikhbbU75EbR7TTMx4lzW7wc3Pdhkg;-;https://www.linkedin.com/company/varella-ve-culos-pesados/about/;Transporte e Mobilidade;backend OR java OR (spring AND boot) OR python OR django OR go OR golang OR php OR laravel OR ruby OR (ruby AND rails) OR c++ OR c# OR rust OR scala OR julia OR elixir OR node.js OR (asp.net AND core);varella veículos pesados;1.0;empregos.com.br;https://www.linkedin.com/jobs/view/4442282188/;https://www.linkedin.com/jobs/view/4442282188/;On-site;-;21/07/2026;Anápolis;Goiás;GO;Região Centro-Oeste;Brasil;América do Sul
522;Varella Veículos Pesados;Auxiliar Administrativo - Orçamentista - GO;Aparecida de Goiânia (GO);21/07 00:00;https://www.linkedin.com/jobs/view/4442263935/;https://media.licdn.com/dms/image/v2/C4D0BAQETCoHBlp7EDQ/company-logo_100_100/company-logo_100_100/0/1630496286705/varella_veculos_pesados_ltda_logo?e=1785974400&v=beta&t=FSjUIoGSji1F7EikhbbU75EbR7TTMx4lzW7wc3Pdhkg;-;https://www.linkedin.com/company/varella-ve-culos-pesados/about/;Software e Serviços de TI;backend OR java OR (spring AND boot) OR python OR django OR go OR golang OR php OR laravel OR ruby OR (ruby AND rails) OR c++ OR c# OR rust OR scala OR julia OR elixir OR node.js OR (asp.net AND core);varella veículos pesados;1.0;empregos.com.br;https://www.linkedin.com/jobs/view/4442263935/;https://www.linkedin.com/jobs/view/4442263935/;On-site;Associate;21/07/2026;Aparecida de Goiânia;Goiás;GO;Região Centro-Oeste;Brasil;América do Sul
523;Varella Veículos Pesados;Consultor de Vendas de Caminhões - GO;Aparecida de Goiânia (GO);21/07 00:00;https://www.linkedin.com/jobs/view/4442279384/;https://media.licdn.com/dms/image/v2/C4D0BAQETCoHBlp7EDQ/company-logo_100_100/company-logo_100_100/0/1630496286705/varella_veculos_pesados_ltda_logo?e=1785974400&v=beta&t=FSjUIoGSji1F7EikhbbU75EbR7TTMx4lzW7wc3Pdhkg;Advanced > Specialist;https://www.linkedin.com/company/varella-ve-culos-pesados/about/;Transporte e Mobilidade;backend OR java OR (spring AND boot) OR python OR django OR go OR golang OR php OR laravel OR ruby OR (ruby AND rails) OR c++ OR c# OR rust OR scala OR julia OR elixir OR node.js OR (asp.net AND core);varella veículos pesados;1.0;empregos.com.br;https://www.linkedin.com/jobs/view/4442279384/;https://www.linkedin.com/jobs/view/4442279384/;On-site;Consultor, Vendas / Comercial;21/07/2026;Aparecida de Goiânia;Goiás;GO;Região Centro-Oeste;Brasil;América do Sul
524;Varella Veículos Pesados;Eletricista - GO;Aparecida de Goiânia (GO);21/07 00:00;https://www.linkedin.com/jobs/view/4442290010/;https://media.licdn.com/dms/image/v2/C4D0BAQETCoHBlp7EDQ/company-logo_100_100/company-logo_100_100/0/1630496286705/varella_veculos_pesados_ltda_logo?e=1785974400&v=beta&t=FSjUIoGSji1F7EikhbbU75EbR7TTMx4lzW7wc3Pdhkg;-;https://www.linkedin.com/company/varella-ve-culos-pesados/about/;Transporte e Mobilidade;backend OR java OR (spring AND boot) OR python OR django OR go OR golang OR php OR laravel OR ruby OR (ruby AND rails) OR c++ OR c# OR rust OR scala OR julia OR elixir OR node.js OR (asp.net AND core);varella veículos pesados;1.0;empregos.com.br;https://www.linkedin.com/jobs/view/4442290010/;https://www.linkedin.com/jobs/view/4442290010/;On-site;-;21/07/2026;Aparecida de Goiânia;Goiás;GO;Região Centro-Oeste;Brasil;América do Sul
525;Varella Veículos Pesados;Executivo de Vendas - GO;Aparecida de Goiânia (GO);21/07 00:00;https://www.linkedin.com/jobs/view/4442275348/;https://media.licdn.com/dms/image/v2/C4D0BAQETCoHBlp7EDQ/company-logo_100_100/company-logo_100_100/0/1630496286705/varella_veculos_pesados_ltda_logo?e=1785974400&v=beta&t=FSjUIoGSji1F7EikhbbU75EbR7TTMx4lzW7wc3Pdhkg;-;https://www.linkedin.com/company/varella-ve-culos-pesados/about/;Software e Serviços de TI;backend OR java OR (spring AND boot) OR python OR django OR go OR golang OR php OR laravel OR ruby OR (ruby AND rails) OR c++ OR c# OR rust OR scala OR julia OR elixir OR node.js OR (asp.net AND core);varella veículos pesados;1.0;empregos.com.br;https://www.linkedin.com/jobs/view/4442275348/;https://www.linkedin.com/jobs/view/4442275348/;On-site;Vendas / Comercial;21/07/2026;Aparecida de Goiânia;Goiás;GO;Região Centro-Oeste;Brasil;América do Sul
526;Varella Veículos Pesados;Mecânico - GO;Aparecida de Goiânia (GO);21/07 00:00;https://www.linkedin.com/jobs/view/4442261817/;https://media.licdn.com/dms/image/v2/C4D0BAQETCoHBlp7EDQ/company-logo_100_100/company-logo_100_100/0/1630496286705/varella_veculos_pesados_ltda_logo?e=1785974400&v=beta&t=FSjUIoGSji1F7EikhbbU75EbR7TTMx4lzW7wc3Pdhkg;-;https://www.linkedin.com/company/varella-ve-culos-pesados/about/;Transporte e Mobilidade;backend OR java OR (spring AND boot) OR python OR django OR go OR golang OR php OR laravel OR ruby OR (ruby AND rails) OR c++ OR c# OR rust OR scala OR julia OR elixir OR node.js OR (asp.net AND core);varella veículos pesados;1.0;empregos.com.br;https://www.linkedin.com/jobs/view/4442261817/;https://www.linkedin.com/jobs/view/4442261817/;On-site;-;21/07/2026;Aparecida de Goiânia;Goiás;GO;Região Centro-Oeste;Brasil;América do Sul
527;Varella Veículos Pesados;Consultor técnico - GO;Rio Verde (GO);21/07 00:00;https://www.linkedin.com/jobs/view/4442275451/;https://media.licdn.com/dms/image/v2/C4D0BAQETCoHBlp7EDQ/company-logo_100_100/company-logo_100_100/0/1630496286705/varella_veculos_pesados_ltda_logo?e=1785974400&v=beta&t=FSjUIoGSji1F7EikhbbU75EbR7TTMx4lzW7wc3Pdhkg;Advanced > Specialist;https://www.linkedin.com/company/varella-ve-culos-pesados/about/;Transporte e Mobilidade;backend OR java OR (spring AND boot) OR python OR django OR go OR golang OR php OR laravel OR ruby OR (ruby AND rails) OR c++ OR c# OR rust OR scala OR julia OR elixir OR node.js OR (asp.net AND core);varella veículos pesados;1.0;empregos.com.br;https://www.linkedin.com/jobs/view/4442275451/;https://www.linkedin.com/jobs/view/4442275451/;On-site;Consultor;21/07/2026;Rio Verde;Goiás;GO;Região Centro-Oeste;Brasil;América do Sul
528;Varella Veículos Pesados;Motorista/entregador - GO;Rio Verde (GO);21/07 00:00;https://www.linkedin.com/jobs/view/4442280520/;https://media.licdn.com/dms/image/v2/C4D0BAQETCoHBlp7EDQ/company-logo_100_100/company-logo_100_100/0/1630496286705/varella_veculos_pesados_ltda_logo?e=1785974400&v=beta&t=FSjUIoGSji1F7EikhbbU75EbR7TTMx4lzW7wc3Pdhkg;-;https://www.linkedin.com/company/varella-ve-culos-pesados/about/;Transporte e Mobilidade;backend OR java OR (spring AND boot) OR python OR django OR go OR golang OR php OR laravel OR ruby OR (ruby AND rails) OR c++ OR c# OR rust OR scala OR julia OR elixir OR node.js OR (asp.net AND core);varella veículos pesados;1.0;empregos.com.br;https://www.linkedin.com/jobs/view/4442280520/;https://www.linkedin.com/jobs/view/4442280520/;On-site;-;21/07/2026;Rio Verde;Goiás;GO;Região Centro-Oeste;Brasil;América do Sul
529;Varella Veículos Pesados;Consultor técnico - GO;Uruaçu (GO);21/07 00:00;https://www.linkedin.com/jobs/view/4442280246/;https://media.licdn.com/dms/image/v2/C4D0BAQETCoHBlp7EDQ/company-logo_100_100/company-logo_100_100/0/1630496286705/varella_veculos_pesados_ltda_logo?e=1785974400&v=beta&t=FSjUIoGSji1F7EikhbbU75EbR7TTMx4lzW7wc3Pdhkg;Advanced > Specialist;https://www.linkedin.com/company/varella-ve-culos-pesados/about/;Transporte e Mobilidade;backend OR java OR (spring AND boot) OR python OR django OR go OR golang OR php OR laravel OR ruby OR (ruby AND rails) OR c++ OR c# OR rust OR scala OR julia OR elixir OR node.js OR (asp.net AND core);varella veículos pesados;1.0;empregos.com.br;https://www.linkedin.com/jobs/view/4442280246/;https://www.linkedin.com/jobs/view/4442280246/;On-site;Consultor;21/07/2026;Uruaçu;Goiás;GO;Região Centro-Oeste;Brasil;América do Sul
530;Viceri SEIDOR;Pessoa Desenvolvedora Full Stack (NodeJS, Angular e Java) - Trainee;Brasil;20/07 20:00;https://www.linkedin.com/jobs/view/4440406121/;https://media.licdn.com/dms/image/v2/D4D0BAQHrvDipHN_Wwg/company-logo_100_100/company-logo_100_100/0/1688386929035/viceri_logo?e=1785974400&v=beta&t=k_Icsdcv2gowhTG-gfOMaet3cDtqeEDjHNDmyg_IJek;-;https://www.linkedin.com/company/viceri-seidor/about/;-;backend OR java OR (spring AND boot) OR python OR django OR go OR golang OR php OR laravel OR ruby OR (ruby AND rails) OR c++ OR c# OR rust OR scala OR julia OR elixir OR node.js OR (asp.net AND core);viceri seidor;1.0;;https://www.linkedin.com/jobs/view/4440406121/;https://www.linkedin.com/jobs/view/4440406121/;Remote;PCD / Afirmativa, Intern, Full Stack;21/07/2026;;;;;Brasil;América do Sul
531;Vivara;Vendedor(a) - Buriti Shopping - Aparecida de Goiania/GO;Aparecida de Goiânia (GO);20/07 20:00;https://www.linkedin.com/jobs/view/4440195703/;https://media.licdn.com/dms/image/v2/C4D0BAQFXF3J3__wSvw/company-logo_100_100/company-logo_100_100/0/1645030480400/vivara_logo?e=1785974400&v=beta&t=qF2DtOvTHdI_6T_hZyuZgH38-rBWzHVDN_LgdkPeCts;-;https://www.linkedin.com/company/vivara/about/;Software e Serviços de TI;backend OR java OR (spring AND boot) OR python OR django OR go OR golang OR php OR laravel OR ruby OR (ruby AND rails) OR c++ OR c# OR rust OR scala OR julia OR elixir OR node.js OR (asp.net AND core);vivara;1.0;;https://www.linkedin.com/jobs/view/4440195703/;https://www.linkedin.com/jobs/view/4440195703/;On-site;Vendas / Comercial;21/07/2026;Aparecida de Goiânia;Goiás;GO;Região Centro-Oeste;Brasil;América do Sul
532;Vivara;Vendedor(a) - Goiania Shopping - Goiania/GO;Goiânia (GO);20/07 20:00;https://www.linkedin.com/jobs/view/4440196681/;https://media.licdn.com/dms/image/v2/C4D0BAQFXF3J3__wSvw/company-logo_100_100/company-logo_100_100/0/1645030480400/vivara_logo?e=1785974400&v=beta&t=qF2DtOvTHdI_6T_hZyuZgH38-rBWzHVDN_LgdkPeCts;-;https://www.linkedin.com/company/vivara/about/;-;backend OR java OR (spring AND boot) OR python OR django OR go OR golang OR php OR laravel OR ruby OR (ruby AND rails) OR c++ OR c# OR rust OR scala OR julia OR elixir OR node.js OR (asp.net AND core);vivara;1.0;;https://www.linkedin.com/jobs/view/4440196681/;https://www.linkedin.com/jobs/view/4440196681/;On-site;Vendas / Comercial;21/07/2026;Goiânia;Goiás;GO;Região Centro-Oeste;Brasil;América do Sul
533;Vivara;Vendedora - Shopping Flamboyant - Goiânia/GO;Goiânia (GO);21/07 08:00;https://www.linkedin.com/jobs/view/4442615461/;https://media.licdn.com/dms/image/v2/C4D0BAQFXF3J3__wSvw/company-logo_100_100/company-logo_100_100/0/1645030480400/vivara_logo?e=1785974400&v=beta&t=qF2DtOvTHdI_6T_hZyuZgH38-rBWzHVDN_LgdkPeCts;-;https://www.linkedin.com/company/vivara/about/;-;backend OR java OR (spring AND boot) OR python OR django OR go OR golang OR php OR laravel OR ruby OR (ruby AND rails) OR c++ OR c# OR rust OR scala OR julia OR elixir OR node.js OR (asp.net AND core);vivara;1.0;;https://www.linkedin.com/jobs/view/4442615461/;https://www.linkedin.com/jobs/view/4442615461/;On-site;Vendas / Comercial;21/07/2026;Goiânia;Goiás;GO;Região Centro-Oeste;Brasil;América do Sul
534;Vivo (Telefônica Brasil);Gerente de Negócios III - Goiânia/GO | Exclusiva para Profissionais de Diversidade (Pretos, Pardos, PCD e LGBTQIA+);Goiânia (GO);21/07 08:00;https://www.linkedin.com/jobs/view/4424093823/;https://media.licdn.com/dms/image/v2/D4D0BAQHykJVibhRnfg/company-logo_100_100/B4DZ83n_bRIEAI-/0/1783344658341/vivo_telefonicabr_logo?e=1785974400&v=beta&t=qhVEuhZAMCpKH-mudNW8taVtSUFNNgsrXV65tkXwxVQ;Middle > Manager;https://www.linkedin.com/company/vivo-telef-nica-brasil/about/;Telecomunicações;backend OR java OR (spring AND boot) OR python OR django OR go OR golang OR php OR laravel OR ruby OR (ruby AND rails) OR c++ OR c# OR rust OR scala OR julia OR elixir OR node.js OR (asp.net AND core);vivo (telefônica brasil);4.0;LinkedIn;https://www.linkedin.com/jobs/view/4424093823/;https://www.linkedin.com/jobs/view/4424093823/;On-site;PCD / Afirmativa, Mid, Gerente de Negócios, Liderança/Gerência;21/07/2026;Goiânia;Goiás;GO;Região Centro-Oeste;Brasil;América do Sul
535;YellowIpe;Desenvolvedor Mainframe & Java | Nível Pleno;Brasil;21/07 11:00;https://www.linkedin.com/jobs/view/4440460675/;https://media.licdn.com/dms/image/v2/D4D0BAQFwszbICDwsbw/company-logo_100_100/B4DZoHkgDoGsAY-/0/1761063600887/yellowipe_logo?e=1785974400&v=beta&t=DeSOmHuZ0PlZjutGDfFZ7g6LE9gZ8VAOcCVk_b3erIg;-;https://www.linkedin.com/company/yellowipe/about/;-;backend OR java OR (spring AND boot) OR python OR django OR go OR golang OR php OR laravel OR ruby OR (ruby AND rails) OR c++ OR c# OR rust OR scala OR julia OR elixir OR node.js OR (asp.net AND core);yellowipe;1.0;;https://www.linkedin.com/jobs/view/4440460675/;https://www.linkedin.com/jobs/view/4440460675/;Remote;Mid, Mainframe;21/07/2026;;;;;Brasil;América do Sul
536;Zup Innovation;Pessoa Desenvolvedora Backend Kotlin Sênior;Brasil;21/07 00:00;https://www.linkedin.com/jobs/view/4442258859/;https://media.licdn.com/dms/image/v2/D4E0BAQEPrNNXCXG9_g/img-crop_100/B4EZfA_oolHcAY-/0/1751289597787?e=1785974400&v=beta&t=rpMyYUIfG9ce6Em1YTV-xvFKBF5-d6p5XFg-ZWd5NYw;-;https://www.linkedin.com/company/zup-innovation/about/;Software e Serviços de TI;backend OR java OR (spring AND boot) OR python OR django OR go OR golang OR php OR laravel OR ruby OR (ruby AND rails) OR c++ OR c# OR rust OR scala OR julia OR elixir OR node.js OR (asp.net AND core);zup innovation;4.0;Greenhouse;https://www.linkedin.com/jobs/view/4442258859/;https://www.linkedin.com/jobs/view/4442258859/;Remote;PCD / Afirmativa, Senior, Backend;21/07/2026;;;;;Brasil;América do Sul
537;Zup Innovation;Pessoa Engenheira Backend Python Sênior;Brasil;20/07 12:00;https://www.linkedin.com/jobs/view/4435467105/;https://media.licdn.com/dms/image/v2/D4E0BAQEPrNNXCXG9_g/img-crop_100/B4EZfA_oolHcAY-/0/1751289597787?e=1785974400&v=beta&t=rpMyYUIfG9ce6Em1YTV-xvFKBF5-d6p5XFg-ZWd5NYw;-;https://www.linkedin.com/company/zup-innovation/about/;Software e Serviços de TI;backend OR java OR (spring AND boot) OR python OR django OR go OR golang OR php OR laravel OR ruby OR (ruby AND rails) OR c++ OR c# OR rust OR scala OR julia OR elixir OR node.js OR (asp.net AND core);zup innovation;4.0;Greenhouse;https://www.linkedin.com/jobs/view/4435467105/;https://www.linkedin.com/jobs/view/4435467105/;Remote;PCD / Afirmativa, Senior, Backend;21/07/2026;;;;;Brasil;América do Sul
538;go.mav;Comunicação e Marketing;São Paulo (SP);21/07 10:00;https://www.linkedin.com/jobs/view/4443006225/;https://media.licdn.com/dms/image/v2/D4D0BAQH7MWcy1_MhDQ/company-logo_100_100/company-logo_100_100/0/1689008506842/gomav_logo?e=1785974400&v=beta&t=X5CtDLElEeeWeuKrGtZhjdk95M2jMC80NEeTS68qtLY;-;https://www.linkedin.com/company/go-mav/about/;Marketing e Publicidade Marketing;backend OR java OR (spring AND boot) OR python OR django OR go OR golang OR php OR laravel OR ruby OR (ruby AND rails) OR c++ OR c# OR rust OR scala OR julia OR elixir OR node.js OR (asp.net AND core);go.mav;1;;https://www.linkedin.com/jobs/view/4443006225/;https://www.linkedin.com/jobs/view/4443006225/;Hybrid;Marketing/Mídia;21/07/2026;São Paulo;São Paulo;SP;Região Sudeste;Brasil;América do Sul
539;innolevels;Analista de BI - GO;Goiás (GO);21/07 00:00;https://www.linkedin.com/jobs/view/4442264899/;https://media.licdn.com/dms/image/v2/C4D0BAQHTJl0dF22boA/company-logo_100_100/company-logo_100_100/0/1662223622824/innolevels_logo?e=1785974400&v=beta&t=tu6mTU6Vl8jM31Y7Wh9nOO3lmSuIbTlkYd784Hs5IVs;Advanced > Specialist;https://www.linkedin.com/company/innolevels/about/;-;backend OR java OR (spring AND boot) OR python OR django OR go OR golang OR php OR laravel OR ruby OR (ruby AND rails) OR c++ OR c# OR rust OR scala OR julia OR elixir OR node.js OR (asp.net AND core);innolevels;1.0;Unknown/Error;https://www.linkedin.com/jobs/view/4442264899/;https://www.linkedin.com/jobs/view/4442264899/;Hybrid;Associate;21/07/2026;Goiás;Goiás;GO;Região Centro-Oeste;Brasil;América do Sul
540;innolevels;Desenvolvedor Back-end Python - RJ;Grande Rio de Janeiro (RJ);21/07 00:00;https://www.linkedin.com/jobs/view/4442281233/;https://media.licdn.com/dms/image/v2/C4D0BAQHTJl0dF22boA/company-logo_100_100/company-logo_100_100/0/1662223622824/innolevels_logo?e=1785974400&v=beta&t=tu6mTU6Vl8jM31Y7Wh9nOO3lmSuIbTlkYd784Hs5IVs;-;https://www.linkedin.com/company/innolevels/about/;-;backend OR java OR (spring AND boot) OR python OR django OR go OR golang OR php OR laravel OR ruby OR (ruby AND rails) OR c++ OR c# OR rust OR scala OR julia OR elixir OR node.js OR (asp.net AND core);innolevels;1.0;Unknown/Error;https://www.linkedin.com/jobs/view/4442281233/;https://www.linkedin.com/jobs/view/4442281233/;Remote;Backend;21/07/2026;;Rio de Janeiro;RJ;Região Sudeste;Brasil;América do Sul
541;innolevels;Desenvolvedor Back-end Python - RJ;Grande Rio de Janeiro (RJ);21/07 00:00;https://www.linkedin.com/jobs/view/4442283303/;https://media.licdn.com/dms/image/v2/C4D0BAQHTJl0dF22boA/company-logo_100_100/company-logo_100_100/0/1662223622824/innolevels_logo?e=1785974400&v=beta&t=tu6mTU6Vl8jM31Y7Wh9nOO3lmSuIbTlkYd784Hs5IVs;-;https://www.linkedin.com/company/innolevels/about/;-;backend OR java OR (spring AND boot) OR python OR django OR go OR golang OR php OR laravel OR ruby OR (ruby AND rails) OR c++ OR c# OR rust OR scala OR julia OR elixir OR node.js OR (asp.net AND core);innolevels;1.0;Unknown/Error;https://www.linkedin.com/jobs/view/4442283303/;https://www.linkedin.com/jobs/view/4442283303/;Remote;Backend;21/07/2026;;Rio de Janeiro;RJ;Região Sudeste;Brasil;América do Sul
542;innolevels;Desenvolvedor Full-Stack PHP Vue.js - RJ;Grande Rio de Janeiro (RJ);21/07 00:00;https://www.linkedin.com/jobs/view/4442281409/;https://media.licdn.com/dms/image/v2/C4D0BAQHTJl0dF22boA/company-logo_100_100/company-logo_100_100/0/1662223622824/innolevels_logo?e=1785974400&v=beta&t=tu6mTU6Vl8jM31Y7Wh9nOO3lmSuIbTlkYd784Hs5IVs;-;https://www.linkedin.com/company/innolevels/about/;-;backend OR java OR (spring AND boot) OR python OR django OR go OR golang OR php OR laravel OR ruby OR (ruby AND rails) OR c++ OR c# OR rust OR scala OR julia OR elixir OR node.js OR (asp.net AND core);innolevels;1.0;Unknown/Error;https://www.linkedin.com/jobs/view/4442281409/;https://www.linkedin.com/jobs/view/4442281409/;Remote;Full Stack;21/07/2026;;Rio de Janeiro;RJ;Região Sudeste;Brasil;América do Sul
543;innolevels;Desenvolvedor Java - RJ;Grande Rio de Janeiro (RJ);21/07 00:00;https://www.linkedin.com/jobs/view/4442266935/;https://media.licdn.com/dms/image/v2/C4D0BAQHTJl0dF22boA/company-logo_100_100/company-logo_100_100/0/1662223622824/innolevels_logo?e=1785974400&v=beta&t=tu6mTU6Vl8jM31Y7Wh9nOO3lmSuIbTlkYd784Hs5IVs;-;https://www.linkedin.com/company/innolevels/about/;-;backend OR java OR (spring AND boot) OR python OR django OR go OR golang OR php OR laravel OR ruby OR (ruby AND rails) OR c++ OR c# OR rust OR scala OR julia OR elixir OR node.js OR (asp.net AND core);innolevels;1.0;Unknown/Error;https://www.linkedin.com/jobs/view/4442266935/;https://www.linkedin.com/jobs/view/4442266935/;Remote;-;21/07/2026;;Rio de Janeiro;RJ;Região Sudeste;Brasil;América do Sul
544;innolevels;Desenvolvedor Mainframe/Java Pleno  - RJ;Grande Rio de Janeiro (RJ);21/07 00:00;https://www.linkedin.com/jobs/view/4442284139/;https://media.licdn.com/dms/image/v2/C4D0BAQHTJl0dF22boA/company-logo_100_100/company-logo_100_100/0/1662223622824/innolevels_logo?e=1785974400&v=beta&t=tu6mTU6Vl8jM31Y7Wh9nOO3lmSuIbTlkYd784Hs5IVs;-;https://www.linkedin.com/company/innolevels/about/;-;backend OR java OR (spring AND boot) OR python OR django OR go OR golang OR php OR laravel OR ruby OR (ruby AND rails) OR c++ OR c# OR rust OR scala OR julia OR elixir OR node.js OR (asp.net AND core);innolevels;1.0;Unknown/Error;https://www.linkedin.com/jobs/view/4442284139/;https://www.linkedin.com/jobs/view/4442284139/;Hybrid;Mid, Mainframe;21/07/2026;;Rio de Janeiro;RJ;Região Sudeste;Brasil;América do Sul
545;innolevels;Desenvolvedor Node.JS - RJ;Grande Rio de Janeiro (RJ);21/07 00:00;https://www.linkedin.com/jobs/view/4442268851/;https://media.licdn.com/dms/image/v2/C4D0BAQHTJl0dF22boA/company-logo_100_100/company-logo_100_100/0/1662223622824/innolevels_logo?e=1785974400&v=beta&t=tu6mTU6Vl8jM31Y7Wh9nOO3lmSuIbTlkYd784Hs5IVs;-;https://www.linkedin.com/company/innolevels/about/;-;backend OR java OR (spring AND boot) OR python OR django OR go OR golang OR php OR laravel OR ruby OR (ruby AND rails) OR c++ OR c# OR rust OR scala OR julia OR elixir OR node.js OR (asp.net AND core);innolevels;1.0;Unknown/Error;https://www.linkedin.com/jobs/view/4442268851/;https://www.linkedin.com/jobs/view/4442268851/;Remote;-;21/07/2026;;Rio de Janeiro;RJ;Região Sudeste;Brasil;América do Sul
546;innolevels;Desenvolvedor Python - RJ;Grande Rio de Janeiro (RJ);21/07 00:00;https://www.linkedin.com/jobs/view/4442264997/;https://media.licdn.com/dms/image/v2/C4D0BAQHTJl0dF22boA/company-logo_100_100/company-logo_100_100/0/1662223622824/innolevels_logo?e=1785974400&v=beta&t=tu6mTU6Vl8jM31Y7Wh9nOO3lmSuIbTlkYd784Hs5IVs;-;https://www.linkedin.com/company/innolevels/about/;-;backend OR java OR (spring AND boot) OR python OR django OR go OR golang OR php OR laravel OR ruby OR (ruby AND rails) OR c++ OR c# OR rust OR scala OR julia OR elixir OR node.js OR (asp.net AND core);innolevels;1.0;Unknown/Error;https://www.linkedin.com/jobs/view/4442264997/;https://www.linkedin.com/jobs/view/4442264997/;Remote;-;21/07/2026;;Rio de Janeiro;RJ;Região Sudeste;Brasil;América do Sul
547;innolevels;Desenvolvedor Python/LLM - RJ;Grande Rio de Janeiro (RJ);21/07 00:00;https://www.linkedin.com/jobs/view/4442275463/;https://media.licdn.com/dms/image/v2/C4D0BAQHTJl0dF22boA/company-logo_100_100/company-logo_100_100/0/1662223622824/innolevels_logo?e=1785974400&v=beta&t=tu6mTU6Vl8jM31Y7Wh9nOO3lmSuIbTlkYd784Hs5IVs;-;https://www.linkedin.com/company/innolevels/about/;-;backend OR java OR (spring AND boot) OR python OR django OR go OR golang OR php OR laravel OR ruby OR (ruby AND rails) OR c++ OR c# OR rust OR scala OR julia OR elixir OR node.js OR (asp.net AND core);innolevels;1.0;Unknown/Error;https://www.linkedin.com/jobs/view/4442275463/;https://www.linkedin.com/jobs/view/4442275463/;Remote;-;21/07/2026;;Rio de Janeiro;RJ;Região Sudeste;Brasil;América do Sul
548;innolevels;Desenvolvedor Back-end Python - SP;Grande São Paulo (SP) ;21/07 00:00;https://www.linkedin.com/jobs/view/4442268647/;https://media.licdn.com/dms/image/v2/C4D0BAQHTJl0dF22boA/company-logo_100_100/company-logo_100_100/0/1662223622824/innolevels_logo?e=1785974400&v=beta&t=tu6mTU6Vl8jM31Y7Wh9nOO3lmSuIbTlkYd784Hs5IVs;-;https://www.linkedin.com/company/innolevels/about/;-;backend OR java OR (spring AND boot) OR python OR django OR go OR golang OR php OR laravel OR ruby OR (ruby AND rails) OR c++ OR c# OR rust OR scala OR julia OR elixir OR node.js OR (asp.net AND core);innolevels;1.0;Unknown/Error;https://www.linkedin.com/jobs/view/4442268647/;https://www.linkedin.com/jobs/view/4442268647/;Remote;Backend;21/07/2026;;São Paulo;SP;Região Sudeste;Brasil;América do Sul
549;innolevels;Desenvolvedor Fullstack Mobile Node.js e React Native  - SP;Grande São Paulo (SP) ;21/07 00:00;https://www.linkedin.com/jobs/view/4442271508/;https://media.licdn.com/dms/image/v2/C4D0BAQHTJl0dF22boA/company-logo_100_100/company-logo_100_100/0/1662223622824/innolevels_logo?e=1785974400&v=beta&t=tu6mTU6Vl8jM31Y7Wh9nOO3lmSuIbTlkYd784Hs5IVs;-;https://www.linkedin.com/company/innolevels/about/;Software e Serviços de TI;backend OR java OR (spring AND boot) OR python OR django OR go OR golang OR php OR laravel OR ruby OR (ruby AND rails) OR c++ OR c# OR rust OR scala OR julia OR elixir OR node.js OR (asp.net AND core);innolevels;1.0;Unknown/Error;https://www.linkedin.com/jobs/view/4442271508/;https://www.linkedin.com/jobs/view/4442271508/;Remote;Full Stack;21/07/2026;;São Paulo;SP;Região Sudeste;Brasil;América do Sul
550;innolevels;Desenvolvedor Fullstack Node.JS - SP;Grande São Paulo (SP) ;21/07 00:00;https://www.linkedin.com/jobs/view/4442268599/;https://media.licdn.com/dms/image/v2/C4D0BAQHTJl0dF22boA/company-logo_100_100/company-logo_100_100/0/1662223622824/innolevels_logo?e=1785974400&v=beta&t=tu6mTU6Vl8jM31Y7Wh9nOO3lmSuIbTlkYd784Hs5IVs;-;https://www.linkedin.com/company/innolevels/about/;-;backend OR java OR (spring AND boot) OR python OR django OR go OR golang OR php OR laravel OR ruby OR (ruby AND rails) OR c++ OR c# OR rust OR scala OR julia OR elixir OR node.js OR (asp.net AND core);innolevels;1.0;Unknown/Error;https://www.linkedin.com/jobs/view/4442268599/;https://www.linkedin.com/jobs/view/4442268599/;Hybrid;Full Stack;21/07/2026;;São Paulo;SP;Região Sudeste;Brasil;América do Sul
551;innolevels;Desenvolvedor Fullstack Node.js e Java Sênior  - SP;Grande São Paulo (SP) ;21/07 00:00;https://www.linkedin.com/jobs/view/4442279145/;https://media.licdn.com/dms/image/v2/C4D0BAQHTJl0dF22boA/company-logo_100_100/company-logo_100_100/0/1662223622824/innolevels_logo?e=1785974400&v=beta&t=tu6mTU6Vl8jM31Y7Wh9nOO3lmSuIbTlkYd784Hs5IVs;-;https://www.linkedin.com/company/innolevels/about/;-;backend OR java OR (spring AND boot) OR python OR django OR go OR golang OR php OR laravel OR ruby OR (ruby AND rails) OR c++ OR c# OR rust OR scala OR julia OR elixir OR node.js OR (asp.net AND core);innolevels;1.0;Unknown/Error;https://www.linkedin.com/jobs/view/4442279145/;https://www.linkedin.com/jobs/view/4442279145/;Remote;Senior, Full Stack;21/07/2026;;São Paulo;SP;Região Sudeste;Brasil;América do Sul
552;innolevels;Desenvolvedor Fullstack Python e Node.js Sênior  - SP;Grande São Paulo (SP) ;21/07 00:00;https://www.linkedin.com/jobs/view/4442281318/;https://media.licdn.com/dms/image/v2/C4D0BAQHTJl0dF22boA/company-logo_100_100/company-logo_100_100/0/1662223622824/innolevels_logo?e=1785974400&v=beta&t=tu6mTU6Vl8jM31Y7Wh9nOO3lmSuIbTlkYd784Hs5IVs;-;https://www.linkedin.com/company/innolevels/about/;-;backend OR java OR (spring AND boot) OR python OR django OR go OR golang OR php OR laravel OR ruby OR (ruby AND rails) OR c++ OR c# OR rust OR scala OR julia OR elixir OR node.js OR (asp.net AND core);innolevels;1.0;Unknown/Error;https://www.linkedin.com/jobs/view/4442281318/;https://www.linkedin.com/jobs/view/4442281318/;Remote;Senior, Full Stack;21/07/2026;;São Paulo;SP;Região Sudeste;Brasil;América do Sul
553;innolevels;Desenvolvedor Java/Camunda (AWS)  - SP;Grande São Paulo (SP) ;21/07 00:00;https://www.linkedin.com/jobs/view/4442279299/;https://media.licdn.com/dms/image/v2/C4D0BAQHTJl0dF22boA/company-logo_100_100/company-logo_100_100/0/1662223622824/innolevels_logo?e=1785974400&v=beta&t=tu6mTU6Vl8jM31Y7Wh9nOO3lmSuIbTlkYd784Hs5IVs;-;https://www.linkedin.com/company/innolevels/about/;-;backend OR java OR (spring AND boot) OR python OR django OR go OR golang OR php OR laravel OR ruby OR (ruby AND rails) OR c++ OR c# OR rust OR scala OR julia OR elixir OR node.js OR (asp.net AND core);innolevels;1.0;Unknown/Error;https://www.linkedin.com/jobs/view/4442279299/;https://www.linkedin.com/jobs/view/4442279299/;Remote;Cloud (AWS/GCP/Azure);21/07/2026;;São Paulo;SP;Região Sudeste;Brasil;América do Sul
554;innolevels;Desenvolvedor Node.JS  - SP;Grande São Paulo (SP) ;21/07 00:00;https://www.linkedin.com/jobs/view/4442273866/;https://media.licdn.com/dms/image/v2/C4D0BAQHTJl0dF22boA/company-logo_100_100/company-logo_100_100/0/1662223622824/innolevels_logo?e=1785974400&v=beta&t=tu6mTU6Vl8jM31Y7Wh9nOO3lmSuIbTlkYd784Hs5IVs;-;https://www.linkedin.com/company/innolevels/about/;-;backend OR java OR (spring AND boot) OR python OR django OR go OR golang OR php OR laravel OR ruby OR (ruby AND rails) OR c++ OR c# OR rust OR scala OR julia OR elixir OR node.js OR (asp.net AND core);innolevels;1.0;Unknown/Error;https://www.linkedin.com/jobs/view/4442273866/;https://www.linkedin.com/jobs/view/4442273866/;Remote;-;21/07/2026;;São Paulo;SP;Região Sudeste;Brasil;América do Sul
555;innolevels;Desenvolvedor Python - SP;Grande São Paulo (SP) ;21/07 00:00;https://www.linkedin.com/jobs/view/4442280606/;https://media.licdn.com/dms/image/v2/C4D0BAQHTJl0dF22boA/company-logo_100_100/company-logo_100_100/0/1662223622824/innolevels_logo?e=1785974400&v=beta&t=tu6mTU6Vl8jM31Y7Wh9nOO3lmSuIbTlkYd784Hs5IVs;-;https://www.linkedin.com/company/innolevels/about/;-;backend OR java OR (spring AND boot) OR python OR django OR go OR golang OR php OR laravel OR ruby OR (ruby AND rails) OR c++ OR c# OR rust OR scala OR julia OR elixir OR node.js OR (asp.net AND core);innolevels;1.0;Unknown/Error;https://www.linkedin.com/jobs/view/4442280606/;https://www.linkedin.com/jobs/view/4442280606/;Remote;-;21/07/2026;;São Paulo;SP;Região Sudeste;Brasil;América do Sul
556;innolevels;Desenvolvedor Python IA Pleno/Sênior  - SP;Grande São Paulo (SP) ;21/07 00:00;https://www.linkedin.com/jobs/view/4442270886/;https://media.licdn.com/dms/image/v2/C4D0BAQHTJl0dF22boA/company-logo_100_100/company-logo_100_100/0/1662223622824/innolevels_logo?e=1785974400&v=beta&t=tu6mTU6Vl8jM31Y7Wh9nOO3lmSuIbTlkYd784Hs5IVs;-;https://www.linkedin.com/company/innolevels/about/;Inteligência Artificial;backend OR java OR (spring AND boot) OR python OR django OR go OR golang OR php OR laravel OR ruby OR (ruby AND rails) OR c++ OR c# OR rust OR scala OR julia OR elixir OR node.js OR (asp.net AND core);innolevels;1.0;Unknown/Error;https://www.linkedin.com/jobs/view/4442270886/;https://www.linkedin.com/jobs/view/4442270886/;Hybrid;Inteligência Artificial, Senior, Mid;21/07/2026;;São Paulo;SP;Região Sudeste;Brasil;América do Sul
557;innolevels;Líder Técnico Node.js  - SP;Grande São Paulo (SP) ;21/07 00:00;https://www.linkedin.com/jobs/view/4442270857/;https://media.licdn.com/dms/image/v2/C4D0BAQHTJl0dF22boA/company-logo_100_100/company-logo_100_100/0/1662223622824/innolevels_logo?e=1785974400&v=beta&t=tu6mTU6Vl8jM31Y7Wh9nOO3lmSuIbTlkYd784Hs5IVs;-;https://www.linkedin.com/company/innolevels/about/;-;backend OR java OR (spring AND boot) OR python OR django OR go OR golang OR php OR laravel OR ruby OR (ruby AND rails) OR c++ OR c# OR rust OR scala OR julia OR elixir OR node.js OR (asp.net AND core);innolevels;1.0;Unknown/Error;https://www.linkedin.com/jobs/view/4442270857/;https://www.linkedin.com/jobs/view/4442270857/;On-site;Mid, Liderança/Gerência, Coach;21/07/2026;;São Paulo;SP;Região Sudeste;Brasil;América do Sul
558;micro1;Backend C#/.NET Developer;América Latina;20/07 14:00;https://www.linkedin.com/jobs/view/4442757231/;https://media.licdn.com/dms/image/v2/D560BAQFSp7eWinmffw/company-logo_100_100/B56Zk8u8FtHcAQ-/0/1757660562030/micro1_logo?e=1785974400&v=beta&t=eQ46WaTxqicG8PQVOVAoZwIGltqOPPMH53u09cT6Ve4;Advanced > Information Technology;https://www.linkedin.com/company/micro1/about/;-;backend OR java OR (spring AND boot) OR python OR django OR go OR golang OR php OR laravel OR ruby OR (ruby AND rails) OR c++ OR c# OR rust OR scala OR julia OR elixir OR node.js OR (asp.net AND core);micro1;1.0;Unknown/Error;https://www.linkedin.com/jobs/view/4442757231/;https://www.linkedin.com/jobs/view/4442757231/;Remote;Backend;21/07/2026;;;;;;América Latina
559;micro1;Backend Engineer;América Latina;20/07 14:00;https://www.linkedin.com/jobs/view/4442763022/;https://media.licdn.com/dms/image/v2/D560BAQFSp7eWinmffw/company-logo_100_100/B56Zk8u8FtHcAQ-/0/1757660562030/micro1_logo?e=1785974400&v=beta&t=eQ46WaTxqicG8PQVOVAoZwIGltqOPPMH53u09cT6Ve4;Advanced > Information Technology;https://www.linkedin.com/company/micro1/about/;-;backend OR java OR (spring AND boot) OR python OR django OR go OR golang OR php OR laravel OR ruby OR (ruby AND rails) OR c++ OR c# OR rust OR scala OR julia OR elixir OR node.js OR (asp.net AND core);micro1;1.0;Unknown/Error;https://www.linkedin.com/jobs/view/4442763022/;https://www.linkedin.com/jobs/view/4442763022/;Remote;Backend, Engenharia Geral;21/07/2026;;;;;;América Latina
560;micro1;C# Developer;América Latina;21/07 11:00;https://www.linkedin.com/jobs/view/4443395217/;https://media.licdn.com/dms/image/v2/D560BAQFSp7eWinmffw/company-logo_100_100/B56Zk8u8FtHcAQ-/0/1757660562030/micro1_logo?e=1785974400&v=beta&t=eQ46WaTxqicG8PQVOVAoZwIGltqOPPMH53u09cT6Ve4;Advanced > Information Technology;https://www.linkedin.com/company/micro1/about/;-;backend OR java OR (spring AND boot) OR python OR django OR go OR golang OR php OR laravel OR ruby OR (ruby AND rails) OR c++ OR c# OR rust OR scala OR julia OR elixir OR node.js OR (asp.net AND core);micro1;1.0;Unknown/Error;https://www.linkedin.com/jobs/view/4443395217/;https://www.linkedin.com/jobs/view/4443395217/;Remote;-;21/07/2026;;;;;;América Latina
561;micro1;Senior Backend Engineer (Node.js, AWS);América Latina;20/07 14:00;https://www.linkedin.com/jobs/view/4442759119/;https://media.licdn.com/dms/image/v2/D560BAQFSp7eWinmffw/company-logo_100_100/B56Zk8u8FtHcAQ-/0/1757660562030/micro1_logo?e=1785974400&v=beta&t=eQ46WaTxqicG8PQVOVAoZwIGltqOPPMH53u09cT6Ve4;Advanced > Information Technology;https://www.linkedin.com/company/micro1/about/;-;backend OR java OR (spring AND boot) OR python OR django OR go OR golang OR php OR laravel OR ruby OR (ruby AND rails) OR c++ OR c# OR rust OR scala OR julia OR elixir OR node.js OR (asp.net AND core);micro1;1.0;Unknown/Error;https://www.linkedin.com/jobs/view/4442759119/;https://www.linkedin.com/jobs/view/4442759119/;Remote;Senior, Cloud (AWS/GCP/Azure), Backend, Engenharia Geral;21/07/2026;;;;;;América Latina
562;ÁLAMO ENGENHARIA SA;Oficial de Manutenção Civil - GO;Goiânia (GO);21/07 00:00;https://www.linkedin.com/jobs/view/4442277422/;https://media.licdn.com/dms/image/v2/D4D0BAQHFP3mA3Ewx5g/company-logo_100_100/company-logo_100_100/0/1683738120111/alamo_engenharia_sa_logo?e=1785974400&v=beta&t=2GDzP4IqENCqGqcaHUl_hBEOT3HbLotEI3F-lls2_JI;-;https://www.linkedin.com/company/lamo-engenharia-sa/about/;-;backend OR java OR (spring AND boot) OR python OR django OR go OR golang OR php OR laravel OR ruby OR (ruby AND rails) OR c++ OR c# OR rust OR scala OR julia OR elixir OR node.js OR (asp.net AND core);álamo engenharia sa;1.0;;https://www.linkedin.com/jobs/view/4442277422/;https://www.linkedin.com/jobs/view/4442277422/;On-site;Obras/Engenharia Civil, Sustentação/O&M;21/07/2026;Goiânia;Goiás;GO;Região Centro-Oeste;Brasil;América do Sul
