Id;Company;Job Title;Location;Published Date;Job Link;Logo;Category;Company Life URL;Industry;Query Parameters;Company_Match;Score;Platform;Job Link_Match;Destination URL;Work Mode;Tags;Capture Date;City;State;UF;Region;Country;Continent
1;4DF Connect;DESENVOLVEDOR FULLSTACK NODE.JS /.NET C# CORE PLENO — REMOTO;Brasil;22/07 21:00;https://www.linkedin.com/jobs/view/4444224465/;https://media.licdn.com/dms/image/v2/D4E0BAQHgznwIT2t3IA/company-logo_100_100/B4EZgUICjYGcAU-/0/1752684309117/4dfconnect_logo?e=1786579200&v=beta&t=t5V5BNjcZI1mbv1nE3OCDHv63JdBNwx1x7UrBmga6yU;-;https://www.linkedin.com/company/4df-connect/about/;-;backend OR java OR (spring AND boot) OR python OR django OR go OR golang OR php OR laravel OR ruby OR (ruby AND rails) OR c++ OR c# OR rust OR scala OR julia OR elixir OR node.js OR (asp.net AND core);4df connect;1.0;LinkedIn;https://www.linkedin.com/jobs/view/4444224465/;https://www.linkedin.com/jobs/view/4444224465/;Remote;Mid, Full Stack;23/07/2026;;;;;Brasil;América do Sul
2;4DF Connect;Desenvolvedor Especialista Python/Net - Inteligência Artificial;Brasil;22/07 15:00;https://www.linkedin.com/jobs/view/4443956350/;https://media.licdn.com/dms/image/v2/D4E0BAQHgznwIT2t3IA/company-logo_100_100/B4EZgUICjYGcAU-/0/1752684309117/4dfconnect_logo?e=1786579200&v=beta&t=t5V5BNjcZI1mbv1nE3OCDHv63JdBNwx1x7UrBmga6yU;Advanced > Specialist;https://www.linkedin.com/company/4df-connect/about/;Hardware e Eletrônicos;backend OR java OR (spring AND boot) OR python OR django OR go OR golang OR php OR laravel OR ruby OR (ruby AND rails) OR c++ OR c# OR rust OR scala OR julia OR elixir OR node.js OR (asp.net AND core);4df connect;1.0;LinkedIn;https://www.linkedin.com/jobs/view/4443956350/;https://www.linkedin.com/jobs/view/4443956350/;Remote;Inteligência Artificial, Specialist;23/07/2026;;;;;Brasil;América do Sul
3;4DF Connect;Desenvolvedor back-end Sênior PHP Laravel;Brasil;22/07 21:00;https://www.linkedin.com/jobs/view/4444227332/;https://media.licdn.com/dms/image/v2/D4E0BAQHgznwIT2t3IA/company-logo_100_100/B4EZgUICjYGcAU-/0/1752684309117/4dfconnect_logo?e=1786579200&v=beta&t=t5V5BNjcZI1mbv1nE3OCDHv63JdBNwx1x7UrBmga6yU;-;https://www.linkedin.com/company/4df-connect/about/;-;backend OR java OR (spring AND boot) OR python OR django OR go OR golang OR php OR laravel OR ruby OR (ruby AND rails) OR c++ OR c# OR rust OR scala OR julia OR elixir OR node.js OR (asp.net AND core);4df connect;1.0;LinkedIn;https://www.linkedin.com/jobs/view/4444227332/;https://www.linkedin.com/jobs/view/4444227332/;Remote;Senior, Backend;23/07/2026;;;;;Brasil;América do Sul
4;4DF Connect;Especialista de Desenvolvimento I (Backend - Foco em Escala e Arquitetura);Brasil;22/07 15:00;https://www.linkedin.com/jobs/view/4443969030/;https://media.licdn.com/dms/image/v2/D4E0BAQHgznwIT2t3IA/company-logo_100_100/B4EZgUICjYGcAU-/0/1752684309117/4dfconnect_logo?e=1786579200&v=beta&t=t5V5BNjcZI1mbv1nE3OCDHv63JdBNwx1x7UrBmga6yU;Advanced > Specialist;https://www.linkedin.com/company/4df-connect/about/;Software e Serviços de TI;backend OR java OR (spring AND boot) OR python OR django OR go OR golang OR php OR laravel OR ruby OR (ruby AND rails) OR c++ OR c# OR rust OR scala OR julia OR elixir OR node.js OR (asp.net AND core);4df connect;1.0;LinkedIn;https://www.linkedin.com/jobs/view/4443969030/;https://www.linkedin.com/jobs/view/4443969030/;Remote;Specialist, Backend;23/07/2026;;;;;Brasil;América do Sul
5;4DF Connect;Desenvolvedor Backend Pleno (Python/FastAPI);Curitiba (PR);22/07 15:00;https://www.linkedin.com/jobs/view/4443955463/;https://media.licdn.com/dms/image/v2/D4E0BAQHgznwIT2t3IA/company-logo_100_100/B4EZgUICjYGcAU-/0/1752684309117/4dfconnect_logo?e=1786579200&v=beta&t=t5V5BNjcZI1mbv1nE3OCDHv63JdBNwx1x7UrBmga6yU;-;https://www.linkedin.com/company/4df-connect/about/;-;backend OR java OR (spring AND boot) OR python OR django OR go OR golang OR php OR laravel OR ruby OR (ruby AND rails) OR c++ OR c# OR rust OR scala OR julia OR elixir OR node.js OR (asp.net AND core);4df connect;1.0;LinkedIn;https://www.linkedin.com/jobs/view/4443955463/;https://www.linkedin.com/jobs/view/4443955463/;Hybrid;Mid, Backend;23/07/2026;Curitiba;Paraná;PR;Região Sul;Brasil;América do Sul
6;4DF Connect;Desenvolvedor Fullstack Pleno (Java & Angular);São Paulo (SP);22/07 21:00;https://www.linkedin.com/jobs/view/4444226393/;https://media.licdn.com/dms/image/v2/D4E0BAQHgznwIT2t3IA/company-logo_100_100/B4EZgUICjYGcAU-/0/1752684309117/4dfconnect_logo?e=1786579200&v=beta&t=t5V5BNjcZI1mbv1nE3OCDHv63JdBNwx1x7UrBmga6yU;-;https://www.linkedin.com/company/4df-connect/about/;-;backend OR java OR (spring AND boot) OR python OR django OR go OR golang OR php OR laravel OR ruby OR (ruby AND rails) OR c++ OR c# OR rust OR scala OR julia OR elixir OR node.js OR (asp.net AND core);4df connect;1.0;LinkedIn;https://www.linkedin.com/jobs/view/4444226393/;https://www.linkedin.com/jobs/view/4444226393/;Hybrid;Mid, Full Stack;23/07/2026;São Paulo;São Paulo;SP;Região Sudeste;Brasil;América do Sul
7;4DF Connect;Desenvolvedor Java Junior;São Paulo (SP);22/07 21:00;https://www.linkedin.com/jobs/view/4444238002/;https://media.licdn.com/dms/image/v2/D4E0BAQHgznwIT2t3IA/company-logo_100_100/B4EZgUICjYGcAU-/0/1752684309117/4dfconnect_logo?e=1786579200&v=beta&t=t5V5BNjcZI1mbv1nE3OCDHv63JdBNwx1x7UrBmga6yU;-;https://www.linkedin.com/company/4df-connect/about/;-;backend OR java OR (spring AND boot) OR python OR django OR go OR golang OR php OR laravel OR ruby OR (ruby AND rails) OR c++ OR c# OR rust OR scala OR julia OR elixir OR node.js OR (asp.net AND core);4df connect;1.0;LinkedIn;https://www.linkedin.com/jobs/view/4444238002/;https://www.linkedin.com/jobs/view/4444238002/;Hybrid;Junior;23/07/2026;São Paulo;São Paulo;SP;Região Sudeste;Brasil;América do Sul
8;4DF Connect;Tech Lead .NET;São Paulo (SP);22/07 21:00;https://www.linkedin.com/jobs/view/4444225436/;https://media.licdn.com/dms/image/v2/D4E0BAQHgznwIT2t3IA/company-logo_100_100/B4EZgUICjYGcAU-/0/1752684309117/4dfconnect_logo?e=1786579200&v=beta&t=t5V5BNjcZI1mbv1nE3OCDHv63JdBNwx1x7UrBmga6yU;Middle > Manager;https://www.linkedin.com/company/4df-connect/about/;Software e Serviços de TI;backend OR java OR (spring AND boot) OR python OR django OR go OR golang OR php OR laravel OR ruby OR (ruby AND rails) OR c++ OR c# OR rust OR scala OR julia OR elixir OR node.js OR (asp.net AND core);4df connect;1.0;LinkedIn;https://www.linkedin.com/jobs/view/4444225436/;https://www.linkedin.com/jobs/view/4444225436/;Hybrid;Mid, Liderança/Gerência, TI/Tech;23/07/2026;São Paulo;São Paulo;SP;Região Sudeste;Brasil;América do Sul
9;ADM;Assistente Comercial - Rio verde GO;Rio Verde (GO);22/07 14:00;https://www.linkedin.com/jobs/view/4441063298/;https://media.licdn.com/dms/image/v2/C560BAQG0X_qChwy0vg/company-logo_100_100/company-logo_100_100/0/1656694101135/adm_logo?e=1786579200&v=beta&t=cOQtbZ8Un3m3vOxInjvnJ_ihVDE3jl6iE2ubeU9d4tE;-;https://www.linkedin.com/company/adm/about/;Vendas e Suporte;backend OR java OR (spring AND boot) OR python OR django OR go OR golang OR php OR laravel OR ruby OR (ruby AND rails) OR c++ OR c# OR rust OR scala OR julia OR elixir OR node.js OR (asp.net AND core);adm;1.0;sjobs.brassring.com;https://www.linkedin.com/jobs/view/4441063298/;https://www.linkedin.com/jobs/view/4441063298/;On-site;Associate, Vendas / Comercial;23/07/2026;Rio Verde;Goiás;GO;Região Centro-Oeste;Brasil;América do Sul
10;ADM;Operador de Programação Logística I - RIO VERDE/GO;Rio Verde (GO);22/07 20:00;https://www.linkedin.com/jobs/view/4441077803/;https://media.licdn.com/dms/image/v2/C560BAQG0X_qChwy0vg/company-logo_100_100/company-logo_100_100/0/1656694101135/adm_logo?e=1786579200&v=beta&t=cOQtbZ8Un3m3vOxInjvnJ_ihVDE3jl6iE2ubeU9d4tE;-;https://www.linkedin.com/company/adm/about/;Logística e Supply Chain;backend OR java OR (spring AND boot) OR python OR django OR go OR golang OR php OR laravel OR ruby OR (ruby AND rails) OR c++ OR c# OR rust OR scala OR julia OR elixir OR node.js OR (asp.net AND core);adm;1.0;sjobs.brassring.com;https://www.linkedin.com/jobs/view/4441077803/;https://www.linkedin.com/jobs/view/4441077803/;On-site;Logística/Supply;23/07/2026;Rio Verde;Goiás;GO;Região Centro-Oeste;Brasil;América do Sul
11;Ahoy by Belago;Desenvolvedor Node e Python;Brasil;22/07 15:00;https://www.linkedin.com/jobs/view/4443948900/;https://media.licdn.com/dms/image/v2/D4D0BAQGEe1exewMgbA/company-logo_100_100/B4DZtcPaEuIAAU-/0/1766779102430/ahoybr_logo?e=1786579200&v=beta&t=VOSy5jy0NaRhbkslF_ytdQTDVYBcQV5piw-hh49-6d0;-;https://www.linkedin.com/company/ahoy-by-belago/about/;-;backend OR java OR (spring AND boot) OR python OR django OR go OR golang OR php OR laravel OR ruby OR (ruby AND rails) OR c++ OR c# OR rust OR scala OR julia OR elixir OR node.js OR (asp.net AND core);ahoy by belago;1.0;LinkedIn (Easy Apply);https://www.linkedin.com/jobs/view/4443948900/;https://www.linkedin.com/jobs/view/4443948900/;Remote;-;23/07/2026;;;;;Brasil;América do Sul
12;Alignerr;Senior C# Full-Stack Engineer — AI Data & Infrastructure;Brasil;22/07 22:00;https://www.linkedin.com/jobs/view/4444239546/;https://media.licdn.com/dms/image/v2/D560BAQHD7jKpwp33DA/company-logo_100_100/B56ZsP32kCG4AQ-/0/1765497858824/alignerr_logo?e=1786579200&v=beta&t=H7eLnFYkCqdYixEOMl6I26Gc9505I5ApMlPWikrURRk;Data & Ai > Data Engineering;https://www.linkedin.com/company/alignerr/about/;Dados e Analytics;backend OR java OR (spring AND boot) OR python OR django OR go OR golang OR php OR laravel OR ruby OR (ruby AND rails) OR c++ OR c# OR rust OR scala OR julia OR elixir OR node.js OR (asp.net AND core);alignerr;1.0;LinkedIn;https://www.linkedin.com/jobs/view/4444239546/;https://www.linkedin.com/jobs/view/4444239546/;Remote;Inteligência Artificial, Senior, Full Stack, Dados/Analytics, Engenharia Geral;23/07/2026;;;;;Brasil;América do Sul
13;Alignerr;Software Engineer - Ruby;Brasil;22/07 22:00;https://www.linkedin.com/jobs/view/4444237764/;https://media.licdn.com/dms/image/v2/D560BAQHD7jKpwp33DA/company-logo_100_100/B56ZsP32kCG4AQ-/0/1765497858824/alignerr_logo?e=1786579200&v=beta&t=H7eLnFYkCqdYixEOMl6I26Gc9505I5ApMlPWikrURRk;Advanced > Information Technology;https://www.linkedin.com/company/alignerr/about/;Software e Serviços de TI;backend OR java OR (spring AND boot) OR python OR django OR go OR golang OR php OR laravel OR ruby OR (ruby AND rails) OR c++ OR c# OR rust OR scala OR julia OR elixir OR node.js OR (asp.net AND core);alignerr;1.0;LinkedIn;https://www.linkedin.com/jobs/view/4444237764/;https://www.linkedin.com/jobs/view/4444237764/;Remote;TI/Tech, Engenharia Geral;23/07/2026;;;;;Brasil;América do Sul
14;AlphaSights;Senior Backend Engineer (Remote) - Brazil;Brasil;22/07 18:00;https://www.linkedin.com/jobs/view/4443422105/;https://media.licdn.com/dms/image/v2/C560BAQFwAv8LC2z7Hg/company-logo_100_100/company-logo_100_100/0/1657205295670?e=1786579200&v=beta&t=bVWaKDyBUCcgsanLQrnPjtHvdksqe3Nar52boDKzmFo;Advanced > Information Technology;https://www.linkedin.com/company/alphasights/about/;-;backend OR java OR (spring AND boot) OR python OR django OR go OR golang OR php OR laravel OR ruby OR (ruby AND rails) OR c++ OR c# OR rust OR scala OR julia OR elixir OR node.js OR (asp.net AND core);alphasights;1.0;www.alphasights.com;https://www.linkedin.com/jobs/view/4443422105/;https://www.linkedin.com/jobs/view/4443422105/;Remote;Senior, Backend, Engenharia Geral;23/07/2026;;;;;Brasil;América do Sul
15;Araguaia;Movimentador de Mercadorias (Anápolis, GO);Anápolis (GO);23/07 08:00;https://www.linkedin.com/jobs/view/4441506682/;https://media.licdn.com/dms/image/v2/C510BAQHtj-rdnmotwQ/company-logo_100_100/company-logo_100_100/0/1631314198953?e=1786579200&v=beta&t=3tNb5X7shn5GJIK6a8cRI491VAClT2S2k40iKHvwBc4;-;https://www.linkedin.com/company/araguaia/about/;-;backend OR java OR (spring AND boot) OR python OR django OR go OR golang OR php OR laravel OR ruby OR (ruby AND rails) OR c++ OR c# OR rust OR scala OR julia OR elixir OR node.js OR (asp.net AND core);araguaia;1.0;Gupy;https://www.linkedin.com/jobs/view/4441506682/;https://www.linkedin.com/jobs/view/4441506682/;On-site;-;23/07/2026;Anápolis;Goiás;GO;Região Centro-Oeste;Brasil;América do Sul
16;Aubay Portugal;AI Java Developer - Realocation to Portugal;Brasil;22/07 14:00;https://www.linkedin.com/jobs/view/4443949356/;https://media.licdn.com/dms/image/v2/D4D0BAQFSexdvK2mWhw/company-logo_100_100/company-logo_100_100/0/1736250958915/aubay_portugal_logo?e=1786579200&v=beta&t=HGmyXm8Dl-2T_y2dNd81cxxjhyc53__I_X3CAkEXsM0;Advanced > Information Technology;https://www.linkedin.com/company/aubay-portugal/about/;Software e Serviços de TI;backend OR java OR (spring AND boot) OR python OR django OR go OR golang OR php OR laravel OR ruby OR (ruby AND rails) OR c++ OR c# OR rust OR scala OR julia OR elixir OR node.js OR (asp.net AND core);aubay portugal;1.0;;https://www.linkedin.com/jobs/view/4443949356/;https://www.linkedin.com/jobs/view/4443949356/;Remote;Inteligência Artificial;23/07/2026;;;;;Brasil;América do Sul
17;BRQ Digital Solutions;Desenvolvedor(a) Back-end Sênior | Java • Python • IA;Brasil;22/07 21:00;https://www.linkedin.com/jobs/view/4444217864/;https://media.licdn.com/dms/image/v2/D4D0BAQHsHMIGkFifsw/company-logo_100_100/B4DZwerWdfIoAQ-/0/1770041207049/brq_logo?e=1786579200&v=beta&t=9aA6sBwfzwiQPs3QNjZCsbwXxryswyhKw2wqrZU1o0c;-;https://www.linkedin.com/company/brq-digital-solutions/about/;Inteligência Artificial;backend OR java OR (spring AND boot) OR python OR django OR go OR golang OR php OR laravel OR ruby OR (ruby AND rails) OR c++ OR c# OR rust OR scala OR julia OR elixir OR node.js OR (asp.net AND core);brq digital solutions;1.0;Inhire;https://www.linkedin.com/jobs/view/4444217864/;https://www.linkedin.com/jobs/view/4444217864/;Remote;Inteligência Artificial, Senior, Backend;23/07/2026;;;;;Brasil;América do Sul
18;BRQ Digital Solutions;Desenvolvedor(a) Java/Python Pleno;Grande Rio de Janeiro (RJ);22/07 21:00;https://www.linkedin.com/jobs/view/4444217862/;https://media.licdn.com/dms/image/v2/D4D0BAQHsHMIGkFifsw/company-logo_100_100/B4DZwerWdfIoAQ-/0/1770041207049/brq_logo?e=1786579200&v=beta&t=9aA6sBwfzwiQPs3QNjZCsbwXxryswyhKw2wqrZU1o0c;-;https://www.linkedin.com/company/brq-digital-solutions/about/;Software e Serviços de TI;backend OR java OR (spring AND boot) OR python OR django OR go OR golang OR php OR laravel OR ruby OR (ruby AND rails) OR c++ OR c# OR rust OR scala OR julia OR elixir OR node.js OR (asp.net AND core);brq digital solutions;1.0;Inhire;https://www.linkedin.com/jobs/view/4444217862/;https://www.linkedin.com/jobs/view/4444217862/;Hybrid;Mid;23/07/2026;;Rio de Janeiro;RJ;Região Sudeste;Brasil;América do Sul
19;BRQ Digital Solutions;Desenvolvedor Back-End Java;São Paulo (SP);23/07 08:00;https://www.linkedin.com/jobs/view/4435844517/;https://media.licdn.com/dms/image/v2/D4D0BAQHsHMIGkFifsw/company-logo_100_100/B4DZwerWdfIoAQ-/0/1770041207049/brq_logo?e=1786579200&v=beta&t=9aA6sBwfzwiQPs3QNjZCsbwXxryswyhKw2wqrZU1o0c;-;https://www.linkedin.com/company/brq-digital-solutions/about/;Software e Serviços de TI;backend OR java OR (spring AND boot) OR python OR django OR go OR golang OR php OR laravel OR ruby OR (ruby AND rails) OR c++ OR c# OR rust OR scala OR julia OR elixir OR node.js OR (asp.net AND core);brq digital solutions;1.0;Inhire;https://www.linkedin.com/jobs/view/4435844517/;https://www.linkedin.com/jobs/view/4435844517/;Hybrid;Backend;23/07/2026;São Paulo;São Paulo;SP;Região Sudeste;Brasil;América do Sul
20;BRQ Digital Solutions;Desenvolvedor(a) Pleno – Integrações e Sistemas (C# / Java);São Paulo (SP);22/07 21:00;https://www.linkedin.com/jobs/view/4444231136/;https://media.licdn.com/dms/image/v2/D4D0BAQHsHMIGkFifsw/company-logo_100_100/B4DZwerWdfIoAQ-/0/1770041207049/brq_logo?e=1786579200&v=beta&t=9aA6sBwfzwiQPs3QNjZCsbwXxryswyhKw2wqrZU1o0c;-;https://www.linkedin.com/company/brq-digital-solutions/about/;Software e Serviços de TI;backend OR java OR (spring AND boot) OR python OR django OR go OR golang OR php OR laravel OR ruby OR (ruby AND rails) OR c++ OR c# OR rust OR scala OR julia OR elixir OR node.js OR (asp.net AND core);brq digital solutions;1.0;Inhire;https://www.linkedin.com/jobs/view/4444231136/;https://www.linkedin.com/jobs/view/4444231136/;Hybrid;Mid, TI/Tech;23/07/2026;São Paulo;São Paulo;SP;Região Sudeste;Brasil;América do Sul
21;Bacio di Latte;Anfitrião(a) de Sorveteria/Cafeteria - Goiânia/GO (Flamboyant Shopping);Goiânia (GO);23/07 01:00;https://www.linkedin.com/jobs/view/4444268313/;https://media.licdn.com/dms/image/v2/D4D0BAQHtHmfcfNWGyA/company-logo_100_100/B4DZujD9_fLkAQ-/0/1767967285649/bacio_di_latte_logo?e=1786579200&v=beta&t=1-1zYxTMB-qU-LVoIt00cP1xIEO3ikKAxlmVTLcdlwQ;-;https://www.linkedin.com/company/bacio-di-latte/about/;Software e Serviços de TI;backend OR java OR (spring AND boot) OR python OR django OR go OR golang OR php OR laravel OR ruby OR (ruby AND rails) OR c++ OR c# OR rust OR scala OR julia OR elixir OR node.js OR (asp.net AND core);bacio di latte;1.0;;https://www.linkedin.com/jobs/view/4444268313/;https://www.linkedin.com/jobs/view/4444268313/;On-site;-;23/07/2026;Goiânia;Goiás;GO;Região Centro-Oeste;Brasil;América do Sul
22;BairesDev;Kafka + Java Staff Engineer - Remote Work | REF#296749;América Latina;22/07 09:00;https://www.linkedin.com/jobs/view/4435342314/;https://media.licdn.com/dms/image/v2/D4E0BAQGNvQASzrdL_w/company-logo_100_100/company-logo_100_100/0/1687874736484/bairesdev_logo?e=1786579200&v=beta&t=551w3BRshcgoa2TCNB0CZcvegaRNfERxPtvjG1kr1Og;Advanced > Information Technology;https://www.linkedin.com/company/bairesdev/about/;-;backend OR java OR (spring AND boot) OR python OR django OR go OR golang OR php OR laravel OR ruby OR (ruby AND rails) OR c++ OR c# OR rust OR scala OR julia OR elixir OR node.js OR (asp.net AND core);bairesdev;2.0;LinkedIn;https://www.linkedin.com/jobs/view/4435342314/;https://www.linkedin.com/jobs/view/4435342314/;Remote;Engenharia Geral;23/07/2026;;;;;;América Latina
23;Beyond Soluções;Tech Lead Java (Híbrido);São Paulo (SP);22/07 22:00;https://www.linkedin.com/jobs/view/4443434924/;https://media.licdn.com/dms/image/v2/D4D0BAQHs_WFHCqf9Fg/company-logo_100_100/company-logo_100_100/0/1701378457059/beyond_solucoes_logo?e=1786579200&v=beta&t=s33I4jKcXP1dYWHDgDbT1z8D4YPU-15hEG_NBCorzyo;Middle > Manager;https://www.linkedin.com/company/beyond-solu-es/about/;Software e Serviços de TI;backend OR java OR (spring AND boot) OR python OR django OR go OR golang OR php OR laravel OR ruby OR (ruby AND rails) OR c++ OR c# OR rust OR scala OR julia OR elixir OR node.js OR (asp.net AND core);beyond soluções;1.0;LinkedIn;https://www.linkedin.com/jobs/view/4443434924/;https://www.linkedin.com/jobs/view/4443434924/;Hybrid;Mid, Liderança/Gerência, TI/Tech;23/07/2026;São Paulo;São Paulo;SP;Região Sudeste;Brasil;América do Sul
24;Bioma;REPRESENTANTE COMERCIAL - PADRE BERNARDO/GO;Padre Bernardo (GO);22/07 23:00;https://www.linkedin.com/jobs/view/4444244831/;https://media.licdn.com/dms/image/v2/D4D0BAQFuWfZsPxkg_g/company-logo_100_100/company-logo_100_100/0/1687546846946/bioma_agro_logo?e=1786579200&v=beta&t=1dKbsHW4Oe-DZLu58KW7zk_zD-6Kzs0CL5hWKNalxpc;-;https://www.linkedin.com/company/bioma/about/;Vendas e Suporte;backend OR java OR (spring AND boot) OR python OR django OR go OR golang OR php OR laravel OR ruby OR (ruby AND rails) OR c++ OR c# OR rust OR scala OR julia OR elixir OR node.js OR (asp.net AND core);bioma;1.0;app.jobconvo.com;https://www.linkedin.com/jobs/view/4444244831/;https://www.linkedin.com/jobs/view/4444244831/;On-site;Vendas / Comercial;23/07/2026;Padre Bernardo;Goiás;GO;Região Centro-Oeste;Brasil;América do Sul
25;Bluesoft Sistemas;Desenvolvedor de Software Java Pleno;Brasil;22/07 16:00;https://www.linkedin.com/jobs/view/4443978435/;https://media.licdn.com/dms/image/v2/D4D0BAQFXPER9lap-aA/company-logo_100_100/company-logo_100_100/0/1686683434458/bluesoftbr_logo?e=1786579200&v=beta&t=aPUFQWPDdsy7PxpRi1h9vZigtpUDgbzF4YaFssnHjho;-;https://www.linkedin.com/company/bluesoft-sistemas/about/;Software e Serviços de TI;backend OR java OR (spring AND boot) OR python OR django OR go OR golang OR php OR laravel OR ruby OR (ruby AND rails) OR c++ OR c# OR rust OR scala OR julia OR elixir OR node.js OR (asp.net AND core);bluesoft sistemas;1.0;LinkedIn (Easy Apply);https://www.linkedin.com/jobs/view/4443978435/;https://www.linkedin.com/jobs/view/4443978435/;Remote;Mid, TI/Tech;23/07/2026;;;;;Brasil;América do Sul
26;BuscarVagas - Empregos Brasil;Consultor/Arquiteto Microserviços Java ( Springboot + Netflix Oss ) – Rio ... - Nova Oportunidade;Grande Rio de Janeiro (RJ);23/07 05:00;https://www.linkedin.com/jobs/view/4444289852/;https://media.licdn.com/dms/image/v2/D4D0BAQGegAuLcKhWMg/img-crop_100/B4DZrc3ndQIgAM-/0/1764642161116?e=1786579200&v=beta&t=9-YVEHVw9ylA2PMNTTSe19w72yJrcaUYul4BSzqdR-4;Advanced > Specialist;https://www.linkedin.com/company/buscarvagas-empregos-brasil/about/;Energia e Combustíveis;backend OR java OR (spring AND boot) OR python OR django OR go OR golang OR php OR laravel OR ruby OR (ruby AND rails) OR c++ OR c# OR rust OR scala OR julia OR elixir OR node.js OR (asp.net AND core);buscarvagas - empregos brasil;2.0;Vagas.com;https://www.linkedin.com/jobs/view/4444289852/;https://www.linkedin.com/jobs/view/4444289852/;On-site;Consultor;23/07/2026;;Rio de Janeiro;RJ;Região Sudeste;Brasil;América do Sul
27;C&A Brasil;Operador de Vendas e Serviços - Goiânia Shopping - GO;Barueri (SP);22/07 20:00;https://www.linkedin.com/jobs/view/4443427424/;https://media.licdn.com/dms/image/v2/D4E0BAQFloo8MBP1MZA/company-logo_100_100/B4EZ0GmpdIIsAY-/0/1773932288493/ca_brasil_logo?e=1786579200&v=beta&t=oNaYtFvBVuetvFVJp85PzvwxYOqOpWCpkviHzaJgZMA;-;https://www.linkedin.com/company/c-a-brasil/about/;Vendas e Suporte;backend OR java OR (spring AND boot) OR python OR django OR go OR golang OR php OR laravel OR ruby OR (ruby AND rails) OR c++ OR c# OR rust OR scala OR julia OR elixir OR node.js OR (asp.net AND core);c&a brasil;1.0;Gupy;https://www.linkedin.com/jobs/view/4443427424/;https://www.linkedin.com/jobs/view/4443427424/;On-site;Vendas / Comercial;23/07/2026;Barueri;São Paulo;SP;Região Sudeste;Brasil;América do Sul
28;C&A Brasil;Operador de Vendas e Serviços - Goiânia Shopping - GO;Goiânia (GO);22/07 20:00;https://www.linkedin.com/jobs/view/4441096024/;https://media.licdn.com/dms/image/v2/D4E0BAQFloo8MBP1MZA/company-logo_100_100/B4EZ0GmpdIIsAY-/0/1773932288493/ca_brasil_logo?e=1786579200&v=beta&t=oNaYtFvBVuetvFVJp85PzvwxYOqOpWCpkviHzaJgZMA;-;https://www.linkedin.com/company/c-a-brasil/about/;Vendas e Suporte;backend OR java OR (spring AND boot) OR python OR django OR go OR golang OR php OR laravel OR ruby OR (ruby AND rails) OR c++ OR c# OR rust OR scala OR julia OR elixir OR node.js OR (asp.net AND core);c&a brasil;1.0;Gupy;https://www.linkedin.com/jobs/view/4441096024/;https://www.linkedin.com/jobs/view/4441096024/;On-site;Vendas / Comercial;23/07/2026;Goiânia;Goiás;GO;Região Centro-Oeste;Brasil;América do Sul
29;CI&T;Mid Level Python  Developer , Brazil;Brasil;23/07 02:00;https://www.linkedin.com/jobs/view/4443480597/;https://media.licdn.com/dms/image/v2/D4E0BAQHeZyGQWQJb7g/company-logo_100_100/B4EZ89lXBZJEAI-/0/1783444632002/ciandt_logo?e=1786579200&v=beta&t=zdiU4-TjKhy1EFENpwOc9iRppgAsgkXSABft4QJ8sVU;Advanced > Information Technology;https://www.linkedin.com/company/ci-t/about/;-;backend OR java OR (spring AND boot) OR python OR django OR go OR golang OR php OR laravel OR ruby OR (ruby AND rails) OR c++ OR c# OR rust OR scala OR julia OR elixir OR node.js OR (asp.net AND core);ci&t;4.0;LinkedIn (Easy Apply);https://www.linkedin.com/jobs/view/4443480597/;https://www.linkedin.com/jobs/view/4443480597/;Remote;Mid;23/07/2026;;;;;Brasil;América do Sul
30;Candidata ai;Desenvolvedor(a) FullStack Java Sênior;Brasil;22/07 22:00;https://www.linkedin.com/jobs/view/4444232641/;https://media.licdn.com/dms/image/v2/D4D0BAQE2fH2l2wNlMQ/company-logo_100_100/company-logo_100_100/0/1734989821316/candidata_ai_logo?e=1786579200&v=beta&t=GqgaRiaCzqGo2knHoea6zCnAQYaYz__kKpYszTtmc-8;-;https://www.linkedin.com/company/candidata-ai/about/;Dados e Analytics;backend OR java OR (spring AND boot) OR python OR django OR go OR golang OR php OR laravel OR ruby OR (ruby AND rails) OR c++ OR c# OR rust OR scala OR julia OR elixir OR node.js OR (asp.net AND core);candidata ai;1.0;www.linkedin.com;https://www.linkedin.com/jobs/view/4444232641/;https://www.linkedin.com/jobs/view/4444232641/;Remote;Senior, Full Stack;23/07/2026;;;;;Brasil;América do Sul
31;Cargill;Auxiliar de Serviços Gerais - Vaga Afirmativa para PcD (Pessoa com Deficiência) - Goianira/GO;Goianira (GO);22/07 15:00;https://www.linkedin.com/jobs/view/4441053962/;https://media.licdn.com/dms/image/v2/D560BAQE-JavwZhEueQ/company-logo_100_100/B56ZVIHolwGoAQ-/0/1740671715990/cargill_logo?e=1786579200&v=beta&t=NxYyF1WBxW7pGQutXVf0mkUlT2eFmRGhn_gFI-O_zWA;-;https://www.linkedin.com/company/cargill/about/;Software e Serviços de TI;backend OR java OR (spring AND boot) OR python OR django OR go OR golang OR php OR laravel OR ruby OR (ruby AND rails) OR c++ OR c# OR rust OR scala OR julia OR elixir OR node.js OR (asp.net AND core);cargill;1.0;careers.cargill.com;https://www.linkedin.com/jobs/view/4441053962/;https://www.linkedin.com/jobs/view/4441053962/;On-site;PCD / Afirmativa, Associate;23/07/2026;Goianira;Goiás;GO;Região Centro-Oeste;Brasil;América do Sul
32;Cargill;Operador(a) I de Refinaria - Rio Verde / GO;Rio Verde (GO);22/07 14:00;https://www.linkedin.com/jobs/view/4431965504/;https://media.licdn.com/dms/image/v2/D560BAQE-JavwZhEueQ/company-logo_100_100/B56ZVIHolwGoAQ-/0/1740671715990/cargill_logo?e=1786579200&v=beta&t=NxYyF1WBxW7pGQutXVf0mkUlT2eFmRGhn_gFI-O_zWA;-;https://www.linkedin.com/company/cargill/about/;-;backend OR java OR (spring AND boot) OR python OR django OR go OR golang OR php OR laravel OR ruby OR (ruby AND rails) OR c++ OR c# OR rust OR scala OR julia OR elixir OR node.js OR (asp.net AND core);cargill;1.0;careers.cargill.com;https://www.linkedin.com/jobs/view/4431965504/;https://www.linkedin.com/jobs/view/4431965504/;On-site;-;23/07/2026;Rio Verde;Goiás;GO;Região Centro-Oeste;Brasil;América do Sul
33;Certsys;DESENVOLVEDOR BAIXA PLATAFORMA (Java);Brasil;23/07 08:00;https://www.linkedin.com/jobs/view/4441518052/;https://media.licdn.com/dms/image/v2/D4D0BAQETo8iQx_T0Qw/company-logo_100_100/company-logo_100_100/0/1727789957028/certsystecnologia_logo?e=1786579200&v=beta&t=9w5-QfYR0Od_1dK6r7DpUArKxQ8dp96nvuWgt0QALrk;-;https://www.linkedin.com/company/certsys/about/;-;backend OR java OR (spring AND boot) OR python OR django OR go OR golang OR php OR laravel OR ruby OR (ruby AND rails) OR c++ OR c# OR rust OR scala OR julia OR elixir OR node.js OR (asp.net AND core);certsys;1.0;Gupy;https://www.linkedin.com/jobs/view/4441518052/;https://www.linkedin.com/jobs/view/4441518052/;Remote;-;23/07/2026;;;;;Brasil;América do Sul
34;Cia. Hering;Hering Loja | Estágio | Hrg - Outlet Shopping Araguaia - GO;Goiânia (GO);23/07 08:00;https://www.linkedin.com/jobs/view/4436155401/;https://media.licdn.com/dms/image/v2/D4E0BAQGYgyXg7qiFiA/company-logo_100_100/B4EZhlrJ0wHEAc-/0/1754052468565/cia_hering_logo?e=1786579200&v=beta&t=3V7-Lob5JIgyvcM7ItW056bJcVB49efe5k2qY2pE9fQ;-;https://www.linkedin.com/company/cia-hering/about/;Recursos Humanos;backend OR java OR (spring AND boot) OR python OR django OR go OR golang OR php OR laravel OR ruby OR (ruby AND rails) OR c++ OR c# OR rust OR scala OR julia OR elixir OR node.js OR (asp.net AND core);cia. hering;1.0;Gupy;https://www.linkedin.com/jobs/view/4436155401/;https://www.linkedin.com/jobs/view/4436155401/;On-site;Intern;23/07/2026;Goiânia;Goiás;GO;Região Centro-Oeste;Brasil;América do Sul
35;Code Group;Desenvolvedor Fullstack Go e Angular Pleno;Brasil;23/07 08:00;https://www.linkedin.com/jobs/view/4441508765/;https://media.licdn.com/dms/image/v2/C4E0BAQG5vstBVawMrg/company-logo_100_100/company-logo_100_100/0/1630621866889?e=1786579200&v=beta&t=fwXCa2ZMky4dmB1MQqcbAdA5z6NuNfjrvhKbkKEjDzs;-;https://www.linkedin.com/company/code-group/about/;-;backend OR java OR (spring AND boot) OR python OR django OR go OR golang OR php OR laravel OR ruby OR (ruby AND rails) OR c++ OR c# OR rust OR scala OR julia OR elixir OR node.js OR (asp.net AND core);code group;1.0;LinkedIn (Easy Apply);https://www.linkedin.com/jobs/view/4441508765/;https://www.linkedin.com/jobs/view/4441508765/;Remote;Mid, Full Stack;23/07/2026;;;;;Brasil;América do Sul
36;CodeRoad Inc;Senior Backend Java Developer;América Latina;22/07 18:00;https://www.linkedin.com/jobs/view/4444207071/;https://media.licdn.com/dms/image/v2/D4D0BAQEZfFd1T-yB5g/company-logo_100_100/B4DZXua2uCHsAQ-/0/1743461772458/coderoad_inc_logo?e=1786579200&v=beta&t=LQZ7VJWwsoyFmMwM9GOj-TDpqdBuVEe3QzHD6d3G9Iw;Advanced > Information Technology;https://www.linkedin.com/company/coderoad-inc/about/;-;backend OR java OR (spring AND boot) OR python OR django OR go OR golang OR php OR laravel OR ruby OR (ruby AND rails) OR c++ OR c# OR rust OR scala OR julia OR elixir OR node.js OR (asp.net AND core);coderoad inc;1.0;;https://www.linkedin.com/jobs/view/4444207071/;https://www.linkedin.com/jobs/view/4444207071/;Remote;Senior, Backend;23/07/2026;;;;;;América Latina
37;CodiLime;Senior Python Developer with Network;Brasil;23/07 08:00;https://www.linkedin.com/jobs/view/4444425572/;https://media.licdn.com/dms/image/v2/C4D0BAQERPJwIcXjazQ/company-logo_100_100/company-logo_100_100/0/1673966572277/codilime_logo?e=1786579200&v=beta&t=tUIIUFWh1EOHF2TTz7PQ-Oaslki14NX0FAPebIdd7zE;Advanced > Information Technology;https://www.linkedin.com/company/codilime/about/;Software e Serviços de TI;backend OR java OR (spring AND boot) OR python OR django OR go OR golang OR php OR laravel OR ruby OR (ruby AND rails) OR c++ OR c# OR rust OR scala OR julia OR elixir OR node.js OR (asp.net AND core);codilime;1.0;;https://www.linkedin.com/jobs/view/4444425572/;https://www.linkedin.com/jobs/view/4444425572/;Remote;Senior, Infraestrutura/Redes;23/07/2026;;;;;Brasil;América do Sul
38;CodiLime;Software Engineer with Go;Brasil;22/07 09:00;https://www.linkedin.com/jobs/view/4444437292/;https://media.licdn.com/dms/image/v2/C4D0BAQERPJwIcXjazQ/company-logo_100_100/company-logo_100_100/0/1673966572277/codilime_logo?e=1786579200&v=beta&t=tUIIUFWh1EOHF2TTz7PQ-Oaslki14NX0FAPebIdd7zE;Advanced > Information Technology;https://www.linkedin.com/company/codilime/about/;Software e Serviços de TI;backend OR java OR (spring AND boot) OR python OR django OR go OR golang OR php OR laravel OR ruby OR (ruby AND rails) OR c++ OR c# OR rust OR scala OR julia OR elixir OR node.js OR (asp.net AND core);codilime;1.0;;https://www.linkedin.com/jobs/view/4444437292/;https://www.linkedin.com/jobs/view/4444437292/;Remote;TI/Tech, Engenharia Geral;23/07/2026;;;;;Brasil;América do Sul
39;Cogna Educação;PROFESSOR A - PSICOLOGIA - GOIANIA/GO;Goiânia (GO);22/07 16:00;https://www.linkedin.com/jobs/view/4443192364/;https://media.licdn.com/dms/image/v2/D4D0BAQELEPfSLRyqxw/company-logo_100_100/B4DZr_xVlBJIAU-/0/1765227715463/cogna_educao_logo?e=1786579200&v=beta&t=m-thluPer_D1SKrCWhROm4ZXsHfwqdcIOzAau74ta8A;-;https://www.linkedin.com/company/cogna-educa-o/about/;Educação;backend OR java OR (spring AND boot) OR python OR django OR go OR golang OR php OR laravel OR ruby OR (ruby AND rails) OR c++ OR c# OR rust OR scala OR julia OR elixir OR node.js OR (asp.net AND core);cogna educação;3.0;Gupy;https://www.linkedin.com/jobs/view/4443192364/;https://www.linkedin.com/jobs/view/4443192364/;On-site;-;23/07/2026;Goiânia;Goiás;GO;Região Centro-Oeste;Brasil;América do Sul
40;Cogny;DESENVOLVIMENTO DE MERCADO - RIO VERDE/GO;Rio Verde (GO);22/07 17:00;https://www.linkedin.com/jobs/view/4443190781/;https://media.licdn.com/dms/image/v2/D4D0BAQGmUXs3LrgjdA/company-logo_100_100/company-logo_100_100/0/1727878036789/cognycsc_logo?e=1786579200&v=beta&t=6ZThX4JE11P6VG19kk1bi6JqNjVdpTUeTeA_hB3hW8E;-;https://www.linkedin.com/company/cogny/about/;Software e Serviços de TI;backend OR java OR (spring AND boot) OR python OR django OR go OR golang OR php OR laravel OR ruby OR (ruby AND rails) OR c++ OR c# OR rust OR scala OR julia OR elixir OR node.js OR (asp.net AND core);cogny;1.0;;https://www.linkedin.com/jobs/view/4443190781/;https://www.linkedin.com/jobs/view/4443190781/;On-site;-;23/07/2026;Rio Verde;Goiás;GO;Região Centro-Oeste;Brasil;América do Sul
41;Compass UOL;Backend & IA Generativa| Engenheiro de Software | Senior(Remote);Brasil;23/07 00:00;https://www.linkedin.com/jobs/view/4444267200/;https://media.licdn.com/dms/image/v2/D4D0BAQGS2dYkE6pQUA/company-logo_100_100/B4DZ2b.l4WIkAY-/0/1776438370262/compass_uol_logo?e=1786579200&v=beta&t=Ra_KqxtnJdYVVW-sclrqOZk6WpGcamUTEC48T90yb28;-;https://www.linkedin.com/company/compass-uol/about/;Inteligência Artificial;backend OR java OR (spring AND boot) OR python OR django OR go OR golang OR php OR laravel OR ruby OR (ruby AND rails) OR c++ OR c# OR rust OR scala OR julia OR elixir OR node.js OR (asp.net AND core);compass uol;4.0;Gupy;https://www.linkedin.com/jobs/view/4444267200/;https://www.linkedin.com/jobs/view/4444267200/;Remote;Inteligência Artificial, Senior, TI/Tech, Backend;23/07/2026;;;;;Brasil;América do Sul
42;Compass UOL;Spring Boot Back-End Developer | Pleno (Remoto);Brasil;22/07 18:00;https://www.linkedin.com/jobs/view/4443995718/;https://media.licdn.com/dms/image/v2/D4D0BAQGS2dYkE6pQUA/company-logo_100_100/B4DZ2b.l4WIkAY-/0/1776438370262/compass_uol_logo?e=1786579200&v=beta&t=Ra_KqxtnJdYVVW-sclrqOZk6WpGcamUTEC48T90yb28;Advanced > Information Technology;https://www.linkedin.com/company/compass-uol/about/;-;backend OR java OR (spring AND boot) OR python OR django OR go OR golang OR php OR laravel OR ruby OR (ruby AND rails) OR c++ OR c# OR rust OR scala OR julia OR elixir OR node.js OR (asp.net AND core);compass uol;4.0;Gupy;https://www.linkedin.com/jobs/view/4443995718/;https://www.linkedin.com/jobs/view/4443995718/;Remote;Mid, Backend;23/07/2026;;;;;Brasil;América do Sul
43;Dress & Go;Consultora de Moda Sênior | Festa e Noivas;São Paulo (SP);22/07 15:00;https://www.linkedin.com/jobs/view/4441063515/;https://media.licdn.com/dms/image/v2/C560BAQHmTqHmrWlD0w/company-logo_100_100/company-logo_100_100/0/1631354675546?e=1786579200&v=beta&t=ZqS0ynZ9JYyEaWYiVSF9IQaHpxLDU7RRQr4_Zu09loE;Advanced > Specialist;https://www.linkedin.com/company/dress-go/about/;Moda e Beleza;backend OR java OR (spring AND boot) OR python OR django OR go OR golang OR php OR laravel OR ruby OR (ruby AND rails) OR c++ OR c# OR rust OR scala OR julia OR elixir OR node.js OR (asp.net AND core);dress & go;1;;https://www.linkedin.com/jobs/view/4441063515/;https://www.linkedin.com/jobs/view/4441063515/;On-site;Senior, Consultor;23/07/2026;São Paulo;São Paulo;SP;Região Sudeste;Brasil;América do Sul
44;EPAM Systems;Senior Automation Tester in Java (Salesforce);Brasil;23/07 08:00;https://www.linkedin.com/jobs/view/4428937917/;https://media.licdn.com/dms/image/v2/D4D0BAQGd7yeYsBtfzw/company-logo_100_100/B4DZuc0QBQH4AQ-/0/1767862501956/epam_systems_logo?e=1786579200&v=beta&t=WXjn-V1yTbeFIzQP7KSh3AfVs9dYTDHOLkMnRMWfYCM;Advanced > Process & Automation;https://www.linkedin.com/company/epam-systems/about/;Software e Serviços de TI;backend OR java OR (spring AND boot) OR python OR django OR go OR golang OR php OR laravel OR ruby OR (ruby AND rails) OR c++ OR c# OR rust OR scala OR julia OR elixir OR node.js OR (asp.net AND core);epam systems;1.0;LinkedIn;https://www.linkedin.com/jobs/view/4428937917/;https://www.linkedin.com/jobs/view/4428937917/;Remote;Senior, Salesforce/CRM, Vendas / Comercial, Testes / QA;23/07/2026;;;;;Brasil;América do Sul
45;EVT IT;Desenvolvedor ETL - Scala (65588);São Paulo (SP);22/07 22:00;https://www.linkedin.com/jobs/view/4443436894/;https://media.licdn.com/dms/image/v2/D4D0BAQG_7GD7TDytvQ/company-logo_100_100/company-logo_100_100/0/1688671566546/evtit_logo?e=1786579200&v=beta&t=MtkFbezKSPdrGz5NwJsvbQhBoyA3WOcqiENDEltn-IY;-;https://www.linkedin.com/company/evt-it/about/;Software e Serviços de TI;backend OR java OR (spring AND boot) OR python OR django OR go OR golang OR php OR laravel OR ruby OR (ruby AND rails) OR c++ OR c# OR rust OR scala OR julia OR elixir OR node.js OR (asp.net AND core);evt it;3.0;Quickin;https://www.linkedin.com/jobs/view/4443436894/;https://www.linkedin.com/jobs/view/4443436894/;Remote;-;23/07/2026;São Paulo;São Paulo;SP;Região Sudeste;Brasil;América do Sul
46;Editora do Brasil;Aprendiz de Assistente Administrativo - GO;Goiânia (GO);22/07 20:00;https://www.linkedin.com/jobs/view/4441088413/;https://media.licdn.com/dms/image/v2/D4D0BAQF8x4JG_qUHxA/company-logo_100_100/B4DZpKR_ECIEAQ-/0/1762182820553/editora_do_brasil_logo?e=1786579200&v=beta&t=kTtDXvhgfcL0eoWVO4ceekxjoGMSL4G7CMZX2ofJQ-M;-;https://www.linkedin.com/company/editora-do-brasil/about/;Software e Serviços de TI;backend OR java OR (spring AND boot) OR python OR django OR go OR golang OR php OR laravel OR ruby OR (ruby AND rails) OR c++ OR c# OR rust OR scala OR julia OR elixir OR node.js OR (asp.net AND core);editora do brasil;1.0;;https://www.linkedin.com/jobs/view/4441088413/;https://www.linkedin.com/jobs/view/4441088413/;On-site;Intern, Associate;23/07/2026;Goiânia;Goiás;GO;Região Centro-Oeste;Brasil;América do Sul
47;Ericsson;Python Developer;Indaiatuba (SP);22/07 14:00;https://www.linkedin.com/jobs/view/4443177215/;https://media.licdn.com/dms/image/v2/D4D0BAQE4si5Pr9mLOw/company-logo_100_100/B4DZ1CtTDxJQAQ-/0/1774940664616/ericsson_logo?e=1786579200&v=beta&t=LZzCo16itGf5DkcFUNCWQUrT2Wd6F7TIbW1SvVYUcdU;Advanced > Information Technology;https://www.linkedin.com/company/ericsson/about/;-;backend OR java OR (spring AND boot) OR python OR django OR go OR golang OR php OR laravel OR ruby OR (ruby AND rails) OR c++ OR c# OR rust OR scala OR julia OR elixir OR node.js OR (asp.net AND core);ericsson;1.0;;https://www.linkedin.com/jobs/view/4443177215/;https://www.linkedin.com/jobs/view/4443177215/;On-site;-;23/07/2026;Indaiatuba;São Paulo;SP;Região Sudeste;Brasil;América do Sul
48;Exadel;Senior Software Engineer (Java, Quarkus);São Paulo (SP);22/07 14:00;https://www.linkedin.com/jobs/view/4403630958/;https://media.licdn.com/dms/image/v2/D4D0BAQFyYBZhERAHMw/company-logo_100_100/B4DZpI3bI.JUAQ-/0/1762159080456/exadel_logo?e=1786579200&v=beta&t=eyyFAl74I2NDn6vvrYmw41MUisJWw2ziAhyxKwXreG0;Advanced > Information Technology;https://www.linkedin.com/company/exadel/about/;Software e Serviços de TI;backend OR java OR (spring AND boot) OR python OR django OR go OR golang OR php OR laravel OR ruby OR (ruby AND rails) OR c++ OR c# OR rust OR scala OR julia OR elixir OR node.js OR (asp.net AND core);exadel;1.0;;https://www.linkedin.com/jobs/view/4403630958/;https://www.linkedin.com/jobs/view/4403630958/;Hybrid;Senior, TI/Tech, Engenharia Geral;23/07/2026;São Paulo;São Paulo;SP;Região Sudeste;Brasil;América do Sul
49;FCamara;Desenvolvedor Java - Senior;Brasil;22/07 19:00;https://www.linkedin.com/jobs/view/4444202546/;https://media.licdn.com/dms/image/v2/C4D0BAQEzMzmY-T_F1g/company-logo_100_100/company-logo_100_100/0/1670441718552/grupofcamara_logo?e=1786579200&v=beta&t=GdvDoY3Al60bl0NhdVrvS7XXM8saUFB-4OwiLhoiO9k;-;https://www.linkedin.com/company/fcamara/about/;-;backend OR java OR (spring AND boot) OR python OR django OR go OR golang OR php OR laravel OR ruby OR (ruby AND rails) OR c++ OR c# OR rust OR scala OR julia OR elixir OR node.js OR (asp.net AND core);fcamara;1.0;LinkedIn (Easy Apply);https://www.linkedin.com/jobs/view/4444202546/;https://www.linkedin.com/jobs/view/4444202546/;Remote;Senior;23/07/2026;;;;;Brasil;América do Sul
50;FCamara;Pessoa Desenvolvedora Backend .NET - Pleno;Rio de Janeiro (RJ);22/07 19:00;https://www.linkedin.com/jobs/view/4443994956/;https://media.licdn.com/dms/image/v2/C4D0BAQEzMzmY-T_F1g/company-logo_100_100/company-logo_100_100/0/1670441718552/grupofcamara_logo?e=1786579200&v=beta&t=GdvDoY3Al60bl0NhdVrvS7XXM8saUFB-4OwiLhoiO9k;-;https://www.linkedin.com/company/fcamara/about/;-;backend OR java OR (spring AND boot) OR python OR django OR go OR golang OR php OR laravel OR ruby OR (ruby AND rails) OR c++ OR c# OR rust OR scala OR julia OR elixir OR node.js OR (asp.net AND core);fcamara;1.0;LinkedIn (Easy Apply);https://www.linkedin.com/jobs/view/4443994956/;https://www.linkedin.com/jobs/view/4443994956/;Hybrid;PCD / Afirmativa, Mid, Backend;23/07/2026;Rio de Janeiro;Rio de Janeiro;RJ;Região Sudeste;Brasil;América do Sul
51;FCamara;Desenvolvedor Backend .NET - Pleno;São Paulo (SP);23/07 08:00;https://www.linkedin.com/jobs/view/4427161075/;https://media.licdn.com/dms/image/v2/C4D0BAQEzMzmY-T_F1g/company-logo_100_100/company-logo_100_100/0/1670441718552/grupofcamara_logo?e=1786579200&v=beta&t=GdvDoY3Al60bl0NhdVrvS7XXM8saUFB-4OwiLhoiO9k;-;https://www.linkedin.com/company/fcamara/about/;-;backend OR java OR (spring AND boot) OR python OR django OR go OR golang OR php OR laravel OR ruby OR (ruby AND rails) OR c++ OR c# OR rust OR scala OR julia OR elixir OR node.js OR (asp.net AND core);fcamara;1.0;LinkedIn (Easy Apply);https://www.linkedin.com/jobs/view/4427161075/;https://www.linkedin.com/jobs/view/4427161075/;Hybrid;Mid, Backend;23/07/2026;São Paulo;São Paulo;SP;Região Sudeste;Brasil;América do Sul
52;Farmácias Pague Menos;Atendente de Farmácia - Rio Verde/GO;Rio Verde (GO);22/07 21:00;https://www.linkedin.com/jobs/view/4444238194/;https://media.licdn.com/dms/image/v2/D4D0BAQFmKtgd_xm4Kw/company-logo_100_100/B4DZ6Eu8pZKEAI-/0/1780343360380/farmaciaspaguemenos_logo?e=1786579200&v=beta&t=JX5gsXP9L-h8qAOhy37Wd5pPNB98zWeoRf_07kIGLGY;-;https://www.linkedin.com/company/farm-cias-pague-menos/about/;-;backend OR java OR (spring AND boot) OR python OR django OR go OR golang OR php OR laravel OR ruby OR (ruby AND rails) OR c++ OR c# OR rust OR scala OR julia OR elixir OR node.js OR (asp.net AND core);farmácias pague menos;1.0;Gupy;https://www.linkedin.com/jobs/view/4444238194/;https://www.linkedin.com/jobs/view/4444238194/;On-site;-;23/07/2026;Rio Verde;Goiás;GO;Região Centro-Oeste;Brasil;América do Sul
53;Francisca Julia Bem-Estar Mental;PORTEIRO / SÃO JOSÉ DOS CAMPOS SP;São José dos Campos (SP);22/07 22:00;https://www.linkedin.com/jobs/view/4444228778/;https://media.licdn.com/dms/image/v2/D4D0BAQHe760RN4JRNg/company-logo_100_100/company-logo_100_100/0/1723578470308?e=1786579200&v=beta&t=AqOdnU7PDf5e14JwQ5DDckBFVkuSIfLbs-PzK9JLla0;-;https://www.linkedin.com/company/francisca-julia-bem-estar-mental/about/;-;backend OR java OR (spring AND boot) OR python OR django OR go OR golang OR php OR laravel OR ruby OR (ruby AND rails) OR c++ OR c# OR rust OR scala OR julia OR elixir OR node.js OR (asp.net AND core);francisca julia bem-estar mental;1.0;LinkedIn;https://www.linkedin.com/jobs/view/4444228778/;https://www.linkedin.com/jobs/view/4444228778/;On-site;-;23/07/2026;São José dos Campos;São Paulo;SP;Região Sudeste;Brasil;América do Sul
54;Fusemachines;Senior Software Engineer (Java);Brasília (DF);22/07 17:00;https://www.linkedin.com/jobs/view/4443998101/;https://media.licdn.com/dms/image/v2/D560BAQFpBPKrtFEh_A/company-logo_100_100/company-logo_100_100/0/1682490056011/fusemachines_logo?e=1786579200&v=beta&t=OnygSyzbHqAAX10rBSnYFOs0kZJYgiiGaWzbGkeO2kU;Advanced > Information Technology;https://www.linkedin.com/company/fusemachines/about/;Software e Serviços de TI;backend OR java OR (spring AND boot) OR python OR django OR go OR golang OR php OR laravel OR ruby OR (ruby AND rails) OR c++ OR c# OR rust OR scala OR julia OR elixir OR node.js OR (asp.net AND core);fusemachines;1.0;;https://www.linkedin.com/jobs/view/4443998101/;https://www.linkedin.com/jobs/view/4443998101/;Remote;Senior, TI/Tech, Engenharia Geral;23/07/2026;;Distrito Federal;DF;Região Centro-Oeste;Brasil;América do Sul
55;GO TRANSPORTES;Assistente de Logística Junior;Esteio (RS);23/07 00:00;https://www.linkedin.com/jobs/view/4443465013/;https://media.licdn.com/dms/image/v2/C560BAQHV1LLXNkrEVg/company-logo_100_100/company-logo_100_100/0/1630649251782/go_transportes_es_logo?e=1786579200&v=beta&t=GanFDv7JJdxaT9SYjs8r5l-GrRE71wpZXsJpQ5fmIpE;-;https://www.linkedin.com/company/go-transportes/about/;Logística e Supply Chain;backend OR java OR (spring AND boot) OR python OR django OR go OR golang OR php OR laravel OR ruby OR (ruby AND rails) OR c++ OR c# OR rust OR scala OR julia OR elixir OR node.js OR (asp.net AND core);go transportes;1.0;empregos.com.br;https://www.linkedin.com/jobs/view/4443465013/;https://www.linkedin.com/jobs/view/4443465013/;On-site;Junior, Associate, Logística/Supply;23/07/2026;Esteio;Rio Grande do Sul;RS;Região Sul;Brasil;América do Sul
56;GO TRANSPORTES;Comprador júnior;Viana (ES);23/07 00:00;https://www.linkedin.com/jobs/view/4443480014/;https://media.licdn.com/dms/image/v2/C560BAQHV1LLXNkrEVg/company-logo_100_100/company-logo_100_100/0/1630649251782/go_transportes_es_logo?e=1786579200&v=beta&t=GanFDv7JJdxaT9SYjs8r5l-GrRE71wpZXsJpQ5fmIpE;-;https://www.linkedin.com/company/go-transportes/about/;Transporte e Mobilidade;backend OR java OR (spring AND boot) OR python OR django OR go OR golang OR php OR laravel OR ruby OR (ruby AND rails) OR c++ OR c# OR rust OR scala OR julia OR elixir OR node.js OR (asp.net AND core);go transportes;1.0;empregos.com.br;https://www.linkedin.com/jobs/view/4443480014/;https://www.linkedin.com/jobs/view/4443480014/;On-site;Junior;23/07/2026;;Navarra;NC;;España;
57;GO TRANSPORTES;Motorista cat E;Viana (ES);23/07 00:00;https://www.linkedin.com/jobs/view/4443452948/;https://media.licdn.com/dms/image/v2/C560BAQHV1LLXNkrEVg/company-logo_100_100/company-logo_100_100/0/1630649251782/go_transportes_es_logo?e=1786579200&v=beta&t=GanFDv7JJdxaT9SYjs8r5l-GrRE71wpZXsJpQ5fmIpE;-;https://www.linkedin.com/company/go-transportes/about/;Transporte e Mobilidade;backend OR java OR (spring AND boot) OR python OR django OR go OR golang OR php OR laravel OR ruby OR (ruby AND rails) OR c++ OR c# OR rust OR scala OR julia OR elixir OR node.js OR (asp.net AND core);go transportes;1.0;empregos.com.br;https://www.linkedin.com/jobs/view/4443452948/;https://www.linkedin.com/jobs/view/4443452948/;On-site;-;23/07/2026;;Navarra;NC;;España;
58;Gestor Consultoria;Planejador de Atendimento e Serviços II (Aparecida de Goiânia-GO);Aparecida de Goiânia (GO);22/07 09:00;https://www.linkedin.com/jobs/view/4441522242/;https://media.licdn.com/dms/image/v2/D4D0BAQEPDOhEPmyT1g/img-crop_100/B4DZfGMutxHMAg-/0/1751376916032?e=1786579200&v=beta&t=DfjENqIG5dMQmGvVkiHtlUOuxF5nI9BmffRtZZw55j8;-;https://www.linkedin.com/company/gestor-consultoria/about/;Consultoria e Assessoria;backend OR java OR (spring AND boot) OR python OR django OR go OR golang OR php OR laravel OR ruby OR (ruby AND rails) OR c++ OR c# OR rust OR scala OR julia OR elixir OR node.js OR (asp.net AND core);gestor consultoria;1.0;LinkedIn (Easy Apply);https://www.linkedin.com/jobs/view/4441522242/;https://www.linkedin.com/jobs/view/4441522242/;On-site;-;23/07/2026;Aparecida de Goiânia;Goiás;GO;Região Centro-Oeste;Brasil;América do Sul
59;Gran Coffee;Reabastecedor - Goiânia/GO;Goiânia (GO);23/07 00:00;https://www.linkedin.com/jobs/view/4443453780/;https://media.licdn.com/dms/image/v2/C4E0BAQFuIkOtsvqC-A/company-logo_100_100/company-logo_100_100/0/1630643726740/grancoffeeoficial_logo?e=1786579200&v=beta&t=r2eo771kh1bGgc7E13WutgMDt-zQQBkLsOOjdZ-NRes;-;https://www.linkedin.com/company/gran-coffee/about/;-;backend OR java OR (spring AND boot) OR python OR django OR go OR golang OR php OR laravel OR ruby OR (ruby AND rails) OR c++ OR c# OR rust OR scala OR julia OR elixir OR node.js OR (asp.net AND core);gran coffee;1.0;empregos.com.br;https://www.linkedin.com/jobs/view/4443453780/;https://www.linkedin.com/jobs/view/4443453780/;On-site;-;23/07/2026;Goiânia;Goiás;GO;Região Centro-Oeste;Brasil;América do Sul
60;Gran Coffee;Técnico Junior - Goiânia/GO;Goiânia (GO);23/07 00:00;https://www.linkedin.com/jobs/view/4443448637/;https://media.licdn.com/dms/image/v2/C4E0BAQFuIkOtsvqC-A/company-logo_100_100/company-logo_100_100/0/1630643726740/grancoffeeoficial_logo?e=1786579200&v=beta&t=r2eo771kh1bGgc7E13WutgMDt-zQQBkLsOOjdZ-NRes;-;https://www.linkedin.com/company/gran-coffee/about/;-;backend OR java OR (spring AND boot) OR python OR django OR go OR golang OR php OR laravel OR ruby OR (ruby AND rails) OR c++ OR c# OR rust OR scala OR julia OR elixir OR node.js OR (asp.net AND core);gran coffee;1.0;empregos.com.br;https://www.linkedin.com/jobs/view/4443448637/;https://www.linkedin.com/jobs/view/4443448637/;On-site;Junior;23/07/2026;Goiânia;Goiás;GO;Região Centro-Oeste;Brasil;América do Sul
61;Grupo Boticário;Pessoa Desenvolvedora Backend (node.js) Especialista II - Internacional;Brasil;22/07 23:00;https://www.linkedin.com/jobs/view/4444248424/;https://media.licdn.com/dms/image/v2/C4D0BAQE2uTXvISMMwA/company-logo_100_100/company-logo_100_100/0/1630548701849/grupo_boticario_logo?e=1786579200&v=beta&t=wdLe6JNFM8AoIRG61BdRlfp668jJzEAJ3UupHAi6z4g;Advanced > Specialist;https://www.linkedin.com/company/grupo-botic-rio/about/;Moda e Beleza;backend OR java OR (spring AND boot) OR python OR django OR go OR golang OR php OR laravel OR ruby OR (ruby AND rails) OR c++ OR c# OR rust OR scala OR julia OR elixir OR node.js OR (asp.net AND core);grupo boticário;5.0;Gupy;https://www.linkedin.com/jobs/view/4444248424/;https://www.linkedin.com/jobs/view/4444248424/;Remote;PCD / Afirmativa, Specialist, Intern, Backend;23/07/2026;;;;;Brasil;América do Sul
62;Grupo Casas Bahia;Pessoa Assessora de Vendas - Exclusiva PCD - Porangatu/GO;Porangatu (GO);22/07 23:00;https://www.linkedin.com/jobs/view/4444266016/;https://media.licdn.com/dms/image/v2/D4D0BAQFbr9CklvtFUQ/company-logo_100_100/company-logo_100_100/0/1735854764145/grupocasasbahia_logo?e=1786579200&v=beta&t=oFzMl3Yp8ntLT9MrkMpgcQ3kIjFhVNRX3RiCeML-RKw;-;https://www.linkedin.com/company/grupo-casas-bahia/about/;Vendas e Suporte;backend OR java OR (spring AND boot) OR python OR django OR go OR golang OR php OR laravel OR ruby OR (ruby AND rails) OR c++ OR c# OR rust OR scala OR julia OR elixir OR node.js OR (asp.net AND core);grupo casas bahia;1.0;Gupy;https://www.linkedin.com/jobs/view/4444266016/;https://www.linkedin.com/jobs/view/4444266016/;On-site;PCD / Afirmativa, Vendas / Comercial;23/07/2026;Porangatu;Goiás;GO;Região Centro-Oeste;Brasil;América do Sul
63;Grupo Casas Bahia;Pessoa Assessora De Vendas| Uruaçu/GO;Uruaçu (GO);22/07 17:00;https://www.linkedin.com/jobs/view/4443987733/;https://media.licdn.com/dms/image/v2/D4D0BAQFbr9CklvtFUQ/company-logo_100_100/company-logo_100_100/0/1735854764145/grupocasasbahia_logo?e=1786579200&v=beta&t=oFzMl3Yp8ntLT9MrkMpgcQ3kIjFhVNRX3RiCeML-RKw;-;https://www.linkedin.com/company/grupo-casas-bahia/about/;Vendas e Suporte;backend OR java OR (spring AND boot) OR python OR django OR go OR golang OR php OR laravel OR ruby OR (ruby AND rails) OR c++ OR c# OR rust OR scala OR julia OR elixir OR node.js OR (asp.net AND core);grupo casas bahia;1.0;Gupy;https://www.linkedin.com/jobs/view/4443987733/;https://www.linkedin.com/jobs/view/4443987733/;On-site;PCD / Afirmativa, Vendas / Comercial;23/07/2026;Uruaçu;Goiás;GO;Região Centro-Oeste;Brasil;América do Sul
64;Grupo Escalada;Desenvolvedor(a) Backend / Dados / Infra;Campinas (SP);22/07 15:00;https://www.linkedin.com/jobs/view/4441048995/;https://media.licdn.com/dms/image/v2/C4D0BAQEg64OVN6vvDA/company-logo_100_100/company-logo_100_100/0/1679391281101/grupo_escalada_logo?e=1786579200&v=beta&t=SZfZdG4FVLxOaFfQxrNsLrseNfbrVD1Mvt_SnsRaWvw;-;https://www.linkedin.com/company/grupo-escalada/about/;Dados e Analytics;backend OR java OR (spring AND boot) OR python OR django OR go OR golang OR php OR laravel OR ruby OR (ruby AND rails) OR c++ OR c# OR rust OR scala OR julia OR elixir OR node.js OR (asp.net AND core);grupo escalada;1;;https://www.linkedin.com/jobs/view/4441048995/;https://www.linkedin.com/jobs/view/4441048995/;On-site;Backend, Dados/Analytics;23/07/2026;Campinas;São Paulo;SP;Região Sudeste;Brasil;América do Sul
65;Grupo Panvel;Desenvolvedor Java Backend Pleno;Eldorado do Sul (RS);23/07 08:00;https://www.linkedin.com/jobs/view/4441504821/;https://media.licdn.com/dms/image/v2/D560BAQEWd2w-KpkfNw/company-logo_100_100/B56ZbE97bsGgAU-/0/1747061291219/grupopanvel_logo?e=1786579200&v=beta&t=C1m9j4uJ_OtGoPvIG1EGRTu8G2cb7Ajwx5TzQ_6vM5U;-;https://www.linkedin.com/company/grupo-panvel/about/;-;backend OR java OR (spring AND boot) OR python OR django OR go OR golang OR php OR laravel OR ruby OR (ruby AND rails) OR c++ OR c# OR rust OR scala OR julia OR elixir OR node.js OR (asp.net AND core);grupo panvel;1.0;;https://www.linkedin.com/jobs/view/4441504821/;https://www.linkedin.com/jobs/view/4441504821/;Hybrid;Mid, Backend;23/07/2026;Eldorado do Sul;Rio Grande do Sul;RS;Região Sul;Brasil;América do Sul
66;Grupo Passalacqua;Supervisor de Armazém | Aparecida de Goiânia/ GO;Aparecida de Goiânia (GO);22/07 20:00;https://www.linkedin.com/jobs/view/4441083648/;https://media.licdn.com/dms/image/v2/D4D0BAQGd2SP_4Jqe-w/company-logo_100_100/company-logo_100_100/0/1706796106140/grupo_passalacqua_logo?e=1786579200&v=beta&t=UAGL0PnEUrAWUoPt1oggRy0Fz5zJ5p10QBY90VlPaVA;Middle > Manager;https://www.linkedin.com/company/grupo-passalacqua/about/;-;backend OR java OR (spring AND boot) OR python OR django OR go OR golang OR php OR laravel OR ruby OR (ruby AND rails) OR c++ OR c# OR rust OR scala OR julia OR elixir OR node.js OR (asp.net AND core);grupo passalacqua;1;;https://www.linkedin.com/jobs/view/4441083648/;https://www.linkedin.com/jobs/view/4441083648/;On-site;Mid, Liderança/Gerência;23/07/2026;Aparecida de Goiânia;Goiás;GO;Região Centro-Oeste;Brasil;América do Sul
67;GrupoNewChase;Desenvolvedor(a) Pleno (Python/RPA);Salvador (BA);23/07 08:00;https://www.linkedin.com/jobs/view/4441503808/;https://media.licdn.com/dms/image/v2/D4D0BAQGmMwkt7BqwIg/company-logo_100_100/B4DZ9ImdTRKsAI-/0/1783629469191/gruponewchase_veiculos_logo?e=1786579200&v=beta&t=yIXmSgNruUFJh1akpC1YUJxBvx4-vayVfEb8_tOrAqM;-;https://www.linkedin.com/company/gruponewchase/about/;-;backend OR java OR (spring AND boot) OR python OR django OR go OR golang OR php OR laravel OR ruby OR (ruby AND rails) OR c++ OR c# OR rust OR scala OR julia OR elixir OR node.js OR (asp.net AND core);gruponewchase;1;;https://www.linkedin.com/jobs/view/4441503808/;https://www.linkedin.com/jobs/view/4441503808/;On-site;Mid;23/07/2026;Salvador;Bahia;BA;Região Nordeste;Brasil;América do Sul
68;Hire Feed;C# Developer (Remote);América Latina;23/07 04:00;https://www.linkedin.com/jobs/view/4444295474/;https://media.licdn.com/dms/image/v2/D4D0BAQEeII6H9qdObQ/company-logo_100_100/B4DZ3OfC9fHwAQ-/0/1777285738853/hirefeedd_logo?e=1786579200&v=beta&t=wsrBj_UgcR1jcGmC6Rm_uhcQtTvppxg0QnO2alGvGcI;Advanced > Information Technology;https://www.linkedin.com/company/hire-feed/about/;-;backend OR java OR (spring AND boot) OR python OR django OR go OR golang OR php OR laravel OR ruby OR (ruby AND rails) OR c++ OR c# OR rust OR scala OR julia OR elixir OR node.js OR (asp.net AND core);hire feed;1.0;LinkedIn (Easy Apply);https://www.linkedin.com/jobs/view/4444295474/;https://www.linkedin.com/jobs/view/4444295474/;Remote;-;23/07/2026;;;;;;América Latina
69;Hire Feed;Data Scientist - Python (Remote);América Latina;23/07 04:00;https://www.linkedin.com/jobs/view/4444281827/;https://media.licdn.com/dms/image/v2/D4D0BAQEeII6H9qdObQ/company-logo_100_100/B4DZ3OfC9fHwAQ-/0/1777285738853/hirefeedd_logo?e=1786579200&v=beta&t=wsrBj_UgcR1jcGmC6Rm_uhcQtTvppxg0QnO2alGvGcI;Data & Ai > Data Engineering;https://www.linkedin.com/company/hire-feed/about/;Dados e Analytics;backend OR java OR (spring AND boot) OR python OR django OR go OR golang OR php OR laravel OR ruby OR (ruby AND rails) OR c++ OR c# OR rust OR scala OR julia OR elixir OR node.js OR (asp.net AND core);hire feed;1.0;LinkedIn (Easy Apply);https://www.linkedin.com/jobs/view/4444281827/;https://www.linkedin.com/jobs/view/4444281827/;Remote;Dados/Analytics;23/07/2026;;;;;;América Latina
70;Hire Feed;Go Software Engineer (Remote);América Latina;23/07 04:00;https://www.linkedin.com/jobs/view/4444275970/;https://media.licdn.com/dms/image/v2/D4D0BAQEeII6H9qdObQ/company-logo_100_100/B4DZ3OfC9fHwAQ-/0/1777285738853/hirefeedd_logo?e=1786579200&v=beta&t=wsrBj_UgcR1jcGmC6Rm_uhcQtTvppxg0QnO2alGvGcI;Advanced > Information Technology;https://www.linkedin.com/company/hire-feed/about/;Software e Serviços de TI;backend OR java OR (spring AND boot) OR python OR django OR go OR golang OR php OR laravel OR ruby OR (ruby AND rails) OR c++ OR c# OR rust OR scala OR julia OR elixir OR node.js OR (asp.net AND core);hire feed;1.0;LinkedIn (Easy Apply);https://www.linkedin.com/jobs/view/4444275970/;https://www.linkedin.com/jobs/view/4444275970/;Remote;TI/Tech, Engenharia Geral;23/07/2026;;;;;;América Latina
71;Hire Feed;Ruby Developer (Remote);América Latina;23/07 04:00;https://www.linkedin.com/jobs/view/4444295207/;https://media.licdn.com/dms/image/v2/D4D0BAQEeII6H9qdObQ/company-logo_100_100/B4DZ3OfC9fHwAQ-/0/1777285738853/hirefeedd_logo?e=1786579200&v=beta&t=wsrBj_UgcR1jcGmC6Rm_uhcQtTvppxg0QnO2alGvGcI;Advanced > Information Technology;https://www.linkedin.com/company/hire-feed/about/;-;backend OR java OR (spring AND boot) OR python OR django OR go OR golang OR php OR laravel OR ruby OR (ruby AND rails) OR c++ OR c# OR rust OR scala OR julia OR elixir OR node.js OR (asp.net AND core);hire feed;1.0;LinkedIn (Easy Apply);https://www.linkedin.com/jobs/view/4444295207/;https://www.linkedin.com/jobs/view/4444295207/;Remote;-;23/07/2026;;;;;;América Latina
72;Hire Feed;Senior Backend Engineer (Remote);América Latina;23/07 04:00;https://www.linkedin.com/jobs/view/4444286476/;https://media.licdn.com/dms/image/v2/D4D0BAQEeII6H9qdObQ/company-logo_100_100/B4DZ3OfC9fHwAQ-/0/1777285738853/hirefeedd_logo?e=1786579200&v=beta&t=wsrBj_UgcR1jcGmC6Rm_uhcQtTvppxg0QnO2alGvGcI;Advanced > Information Technology;https://www.linkedin.com/company/hire-feed/about/;-;backend OR java OR (spring AND boot) OR python OR django OR go OR golang OR php OR laravel OR ruby OR (ruby AND rails) OR c++ OR c# OR rust OR scala OR julia OR elixir OR node.js OR (asp.net AND core);hire feed;1.0;LinkedIn (Easy Apply);https://www.linkedin.com/jobs/view/4444286476/;https://www.linkedin.com/jobs/view/4444286476/;Remote;Senior, Backend, Engenharia Geral;23/07/2026;;;;;;América Latina
73;Hire Feed;Software Engineer - Backend (Remote);América Latina;23/07 04:00;https://www.linkedin.com/jobs/view/4444274740/;https://media.licdn.com/dms/image/v2/D4D0BAQEeII6H9qdObQ/company-logo_100_100/B4DZ3OfC9fHwAQ-/0/1777285738853/hirefeedd_logo?e=1786579200&v=beta&t=wsrBj_UgcR1jcGmC6Rm_uhcQtTvppxg0QnO2alGvGcI;Advanced > Information Technology;https://www.linkedin.com/company/hire-feed/about/;Software e Serviços de TI;backend OR java OR (spring AND boot) OR python OR django OR go OR golang OR php OR laravel OR ruby OR (ruby AND rails) OR c++ OR c# OR rust OR scala OR julia OR elixir OR node.js OR (asp.net AND core);hire feed;1.0;LinkedIn (Easy Apply);https://www.linkedin.com/jobs/view/4444274740/;https://www.linkedin.com/jobs/view/4444274740/;Remote;TI/Tech, Backend, Engenharia Geral;23/07/2026;;;;;;América Latina
74;Hire Feed;Software Engineer – Python (Remote);América Latina;23/07 04:00;https://www.linkedin.com/jobs/view/4444281758/;https://media.licdn.com/dms/image/v2/D4D0BAQEeII6H9qdObQ/company-logo_100_100/B4DZ3OfC9fHwAQ-/0/1777285738853/hirefeedd_logo?e=1786579200&v=beta&t=wsrBj_UgcR1jcGmC6Rm_uhcQtTvppxg0QnO2alGvGcI;Advanced > Information Technology;https://www.linkedin.com/company/hire-feed/about/;Software e Serviços de TI;backend OR java OR (spring AND boot) OR python OR django OR go OR golang OR php OR laravel OR ruby OR (ruby AND rails) OR c++ OR c# OR rust OR scala OR julia OR elixir OR node.js OR (asp.net AND core);hire feed;1.0;LinkedIn (Easy Apply);https://www.linkedin.com/jobs/view/4444281758/;https://www.linkedin.com/jobs/view/4444281758/;Remote;TI/Tech, Engenharia Geral;23/07/2026;;;;;;América Latina
75;Hired;Fullstack Developer (React/Node.js) (Remote);América Latina;23/07 04:00;https://www.linkedin.com/jobs/view/4444293306/;https://media.licdn.com/dms/image/v2/D4D0BAQG6dDbCPSmUIg/company-logo_100_100/B4DZ0k8alIKgAQ-/0/1774441311024/hiredddd_logo?e=1786579200&v=beta&t=SppVus_RCoUGIT1hPbKBgxuG1An9jjMRrqAZYu6y2Ks;Advanced > Information Technology;https://www.linkedin.com/company/hired/about/;-;backend OR java OR (spring AND boot) OR python OR django OR go OR golang OR php OR laravel OR ruby OR (ruby AND rails) OR c++ OR c# OR rust OR scala OR julia OR elixir OR node.js OR (asp.net AND core);hired;1.0;jobs.micro1.ai;https://www.linkedin.com/jobs/view/4444293306/;https://www.linkedin.com/jobs/view/4444293306/;Remote;Full Stack;23/07/2026;;;;;;América Latina
76;Hopper;Senior Backend Engineer - Lodging and Cars;Brasil;23/07 08:00;https://www.linkedin.com/jobs/view/4435026438/;https://media.licdn.com/dms/image/v2/C4D0BAQH3AvtQFmKeXQ/company-logo_100_100/company-logo_100_100/0/1631343924542?e=1786579200&v=beta&t=mpoS3cZt9SWGLxEcJ75WSJvXlCzQWkcWr72m4OWsLsg;Advanced > Information Technology;https://www.linkedin.com/company/hopper/about/;-;backend OR java OR (spring AND boot) OR python OR django OR go OR golang OR php OR laravel OR ruby OR (ruby AND rails) OR c++ OR c# OR rust OR scala OR julia OR elixir OR node.js OR (asp.net AND core);hopper;1.0;LinkedIn;https://www.linkedin.com/jobs/view/4435026438/;https://www.linkedin.com/jobs/view/4435026438/;Remote;Senior, Backend, Engenharia Geral;23/07/2026;;;;;Brasil;América do Sul
77;Hopper;Senior Backend Engineer - Lodging and Cars;Brasil;23/07 08:00;https://www.linkedin.com/jobs/view/4435017697/;https://media.licdn.com/dms/image/v2/C4D0BAQH3AvtQFmKeXQ/company-logo_100_100/company-logo_100_100/0/1631343924542?e=1786579200&v=beta&t=mpoS3cZt9SWGLxEcJ75WSJvXlCzQWkcWr72m4OWsLsg;Advanced > Information Technology;https://www.linkedin.com/company/hopper/about/;-;backend OR java OR (spring AND boot) OR python OR django OR go OR golang OR php OR laravel OR ruby OR (ruby AND rails) OR c++ OR c# OR rust OR scala OR julia OR elixir OR node.js OR (asp.net AND core);hopper;1.0;LinkedIn;https://www.linkedin.com/jobs/view/4435017697/;https://www.linkedin.com/jobs/view/4435017697/;Remote;Senior, Backend, Engenharia Geral;23/07/2026;;;;;Brasil;América do Sul
78;Hopper;Senior Backend Engineer - Lodging and Cars;Rio de Janeiro (RJ);23/07 08:00;https://www.linkedin.com/jobs/view/4435022514/;https://media.licdn.com/dms/image/v2/C4D0BAQH3AvtQFmKeXQ/company-logo_100_100/company-logo_100_100/0/1631343924542?e=1786579200&v=beta&t=mpoS3cZt9SWGLxEcJ75WSJvXlCzQWkcWr72m4OWsLsg;Advanced > Information Technology;https://www.linkedin.com/company/hopper/about/;-;backend OR java OR (spring AND boot) OR python OR django OR go OR golang OR php OR laravel OR ruby OR (ruby AND rails) OR c++ OR c# OR rust OR scala OR julia OR elixir OR node.js OR (asp.net AND core);hopper;1.0;LinkedIn;https://www.linkedin.com/jobs/view/4435022514/;https://www.linkedin.com/jobs/view/4435022514/;Remote;Senior, Backend, Engenharia Geral;23/07/2026;Rio de Janeiro;Rio de Janeiro;RJ;Região Sudeste;Brasil;América do Sul
79;INDI Staffing Services;Python Developer (Junior) - Remote Work;América Latina;22/07 13:00;https://www.linkedin.com/jobs/view/4443938549/;https://media.licdn.com/dms/image/v2/D560BAQErXjIzfHesyQ/company-logo_100_100/company-logo_100_100/0/1666898446316/indi_staffing_services_logo?e=1786579200&v=beta&t=k6j9oEU-MUL4qozFJgI_tMH4tZ57sWn6hKwRgZXTcYQ;Advanced > Information Technology;https://www.linkedin.com/company/indi-staffing-services/about/;-;backend OR java OR (spring AND boot) OR python OR django OR go OR golang OR php OR laravel OR ruby OR (ruby AND rails) OR c++ OR c# OR rust OR scala OR julia OR elixir OR node.js OR (asp.net AND core);indi staffing services;1.0;LinkedIn (Easy Apply);https://www.linkedin.com/jobs/view/4443938549/;https://www.linkedin.com/jobs/view/4443938549/;Remote;Junior;23/07/2026;;;;;;América Latina
80;INDI Staffing Services;Python Engineer - Remote Work;América Latina;22/07 13:00;https://www.linkedin.com/jobs/view/4443937627/;https://media.licdn.com/dms/image/v2/D560BAQErXjIzfHesyQ/company-logo_100_100/company-logo_100_100/0/1666898446316/indi_staffing_services_logo?e=1786579200&v=beta&t=k6j9oEU-MUL4qozFJgI_tMH4tZ57sWn6hKwRgZXTcYQ;Advanced > Information Technology;https://www.linkedin.com/company/indi-staffing-services/about/;-;backend OR java OR (spring AND boot) OR python OR django OR go OR golang OR php OR laravel OR ruby OR (ruby AND rails) OR c++ OR c# OR rust OR scala OR julia OR elixir OR node.js OR (asp.net AND core);indi staffing services;1.0;LinkedIn (Easy Apply);https://www.linkedin.com/jobs/view/4443937627/;https://www.linkedin.com/jobs/view/4443937627/;Remote;Engenharia Geral;23/07/2026;;;;;;América Latina
81;INDI Staffing Services;Semi Senior Rust Developer - Remote Work;América Latina;22/07 14:00;https://www.linkedin.com/jobs/view/4443932832/;https://media.licdn.com/dms/image/v2/D560BAQErXjIzfHesyQ/company-logo_100_100/company-logo_100_100/0/1666898446316/indi_staffing_services_logo?e=1786579200&v=beta&t=k6j9oEU-MUL4qozFJgI_tMH4tZ57sWn6hKwRgZXTcYQ;Advanced > Information Technology;https://www.linkedin.com/company/indi-staffing-services/about/;-;backend OR java OR (spring AND boot) OR python OR django OR go OR golang OR php OR laravel OR ruby OR (ruby AND rails) OR c++ OR c# OR rust OR scala OR julia OR elixir OR node.js OR (asp.net AND core);indi staffing services;1.0;LinkedIn (Easy Apply);https://www.linkedin.com/jobs/view/4443932832/;https://www.linkedin.com/jobs/view/4443932832/;Remote;Senior;23/07/2026;;;;;;América Latina
82;INDI Staffing Services;Senior Python Developer - Remote Work;América Latina;22/07 14:00;https://www.linkedin.com/jobs/view/4443938825/;https://media.licdn.com/dms/image/v2/D560BAQErXjIzfHesyQ/company-logo_100_100/company-logo_100_100/0/1666898446316/indi_staffing_services_logo?e=1786579200&v=beta&t=k6j9oEU-MUL4qozFJgI_tMH4tZ57sWn6hKwRgZXTcYQ;Advanced > Information Technology;https://www.linkedin.com/company/indi-staffing-services/about/;-;backend OR java OR (spring AND boot) OR python OR django OR go OR golang OR php OR laravel OR ruby OR (ruby AND rails) OR c++ OR c# OR rust OR scala OR julia OR elixir OR node.js OR (asp.net AND core);indi staffing services;1.0;LinkedIn (Easy Apply);https://www.linkedin.com/jobs/view/4443938825/;https://www.linkedin.com/jobs/view/4443938825/;Remote;Senior;23/07/2026;;;;;;América Latina
83;INDI Staffing Services;Senior Python Developer - Remote Work;Brasil;22/07 14:00;https://www.linkedin.com/jobs/view/4443949555/;https://media.licdn.com/dms/image/v2/D560BAQErXjIzfHesyQ/company-logo_100_100/company-logo_100_100/0/1666898446316/indi_staffing_services_logo?e=1786579200&v=beta&t=k6j9oEU-MUL4qozFJgI_tMH4tZ57sWn6hKwRgZXTcYQ;Advanced > Information Technology;https://www.linkedin.com/company/indi-staffing-services/about/;-;backend OR java OR (spring AND boot) OR python OR django OR go OR golang OR php OR laravel OR ruby OR (ruby AND rails) OR c++ OR c# OR rust OR scala OR julia OR elixir OR node.js OR (asp.net AND core);indi staffing services;1.0;LinkedIn (Easy Apply);https://www.linkedin.com/jobs/view/4443949555/;https://www.linkedin.com/jobs/view/4443949555/;Remote;Senior;23/07/2026;;;;;Brasil;América do Sul
84;INDI Staffing Services;Semi Senior Rust Developer - Remote Work;Florianópolis (SC);22/07 14:00;https://www.linkedin.com/jobs/view/4443937779/;https://media.licdn.com/dms/image/v2/D560BAQErXjIzfHesyQ/company-logo_100_100/company-logo_100_100/0/1666898446316/indi_staffing_services_logo?e=1786579200&v=beta&t=k6j9oEU-MUL4qozFJgI_tMH4tZ57sWn6hKwRgZXTcYQ;Advanced > Information Technology;https://www.linkedin.com/company/indi-staffing-services/about/;-;backend OR java OR (spring AND boot) OR python OR django OR go OR golang OR php OR laravel OR ruby OR (ruby AND rails) OR c++ OR c# OR rust OR scala OR julia OR elixir OR node.js OR (asp.net AND core);indi staffing services;1.0;LinkedIn (Easy Apply);https://www.linkedin.com/jobs/view/4443937779/;https://www.linkedin.com/jobs/view/4443937779/;Remote;Senior;23/07/2026;Florianópolis;Santa Catarina;SC;Região Sul;Brasil;América do Sul
85;INDI Staffing Services;Senior Elixir Developer - Remote Work;Florianópolis (SC);22/07 14:00;https://www.linkedin.com/jobs/view/4443944566/;https://media.licdn.com/dms/image/v2/D560BAQErXjIzfHesyQ/company-logo_100_100/company-logo_100_100/0/1666898446316/indi_staffing_services_logo?e=1786579200&v=beta&t=k6j9oEU-MUL4qozFJgI_tMH4tZ57sWn6hKwRgZXTcYQ;Advanced > Information Technology;https://www.linkedin.com/company/indi-staffing-services/about/;-;backend OR java OR (spring AND boot) OR python OR django OR go OR golang OR php OR laravel OR ruby OR (ruby AND rails) OR c++ OR c# OR rust OR scala OR julia OR elixir OR node.js OR (asp.net AND core);indi staffing services;1.0;LinkedIn (Easy Apply);https://www.linkedin.com/jobs/view/4443944566/;https://www.linkedin.com/jobs/view/4443944566/;Remote;Senior;23/07/2026;Florianópolis;Santa Catarina;SC;Região Sul;Brasil;América do Sul
86;INDI Staffing Services;Senior Python Developer - Remote Work;Guarulhos (SP);22/07 14:00;https://www.linkedin.com/jobs/view/4443937929/;https://media.licdn.com/dms/image/v2/D560BAQErXjIzfHesyQ/company-logo_100_100/company-logo_100_100/0/1666898446316/indi_staffing_services_logo?e=1786579200&v=beta&t=k6j9oEU-MUL4qozFJgI_tMH4tZ57sWn6hKwRgZXTcYQ;Advanced > Information Technology;https://www.linkedin.com/company/indi-staffing-services/about/;-;backend OR java OR (spring AND boot) OR python OR django OR go OR golang OR php OR laravel OR ruby OR (ruby AND rails) OR c++ OR c# OR rust OR scala OR julia OR elixir OR node.js OR (asp.net AND core);indi staffing services;1.0;LinkedIn (Easy Apply);https://www.linkedin.com/jobs/view/4443937929/;https://www.linkedin.com/jobs/view/4443937929/;Remote;Senior;23/07/2026;Guarulhos;São Paulo;SP;Região Sudeste;Brasil;América do Sul
87;INDI Staffing Services;Senior Python Developer - Remote Work;RJ;22/07 14:00;https://www.linkedin.com/jobs/view/4443937928/;https://media.licdn.com/dms/image/v2/D560BAQErXjIzfHesyQ/company-logo_100_100/company-logo_100_100/0/1666898446316/indi_staffing_services_logo?e=1786579200&v=beta&t=k6j9oEU-MUL4qozFJgI_tMH4tZ57sWn6hKwRgZXTcYQ;Advanced > Information Technology;https://www.linkedin.com/company/indi-staffing-services/about/;-;backend OR java OR (spring AND boot) OR python OR django OR go OR golang OR php OR laravel OR ruby OR (ruby AND rails) OR c++ OR c# OR rust OR scala OR julia OR elixir OR node.js OR (asp.net AND core);indi staffing services;1.0;LinkedIn (Easy Apply);https://www.linkedin.com/jobs/view/4443937928/;https://www.linkedin.com/jobs/view/4443937928/;Remote;Senior;23/07/2026;;Rio de Janeiro;RJ;Região Sudeste;Brasil;América do Sul
88;INDI Staffing Services;Senior Python Developer - Remote Work;SP;22/07 14:00;https://www.linkedin.com/jobs/view/4443940869/;https://media.licdn.com/dms/image/v2/D560BAQErXjIzfHesyQ/company-logo_100_100/company-logo_100_100/0/1666898446316/indi_staffing_services_logo?e=1786579200&v=beta&t=k6j9oEU-MUL4qozFJgI_tMH4tZ57sWn6hKwRgZXTcYQ;Advanced > Information Technology;https://www.linkedin.com/company/indi-staffing-services/about/;-;backend OR java OR (spring AND boot) OR python OR django OR go OR golang OR php OR laravel OR ruby OR (ruby AND rails) OR c++ OR c# OR rust OR scala OR julia OR elixir OR node.js OR (asp.net AND core);indi staffing services;1.0;LinkedIn (Easy Apply);https://www.linkedin.com/jobs/view/4443940869/;https://www.linkedin.com/jobs/view/4443940869/;Remote;Senior;23/07/2026;;São Paulo;SP;Região Sudeste;Brasil;América do Sul
89;INDI Staffing Services;Python Tech Lead - Remote Work;Salvador (BA);22/07 13:00;https://www.linkedin.com/jobs/view/4443950306/;https://media.licdn.com/dms/image/v2/D560BAQErXjIzfHesyQ/company-logo_100_100/company-logo_100_100/0/1666898446316/indi_staffing_services_logo?e=1786579200&v=beta&t=k6j9oEU-MUL4qozFJgI_tMH4tZ57sWn6hKwRgZXTcYQ;Middle > Manager;https://www.linkedin.com/company/indi-staffing-services/about/;Software e Serviços de TI;backend OR java OR (spring AND boot) OR python OR django OR go OR golang OR php OR laravel OR ruby OR (ruby AND rails) OR c++ OR c# OR rust OR scala OR julia OR elixir OR node.js OR (asp.net AND core);indi staffing services;1.0;LinkedIn (Easy Apply);https://www.linkedin.com/jobs/view/4443950306/;https://www.linkedin.com/jobs/view/4443950306/;Remote;Mid, Liderança/Gerência, TI/Tech;23/07/2026;Salvador;Bahia;BA;Região Nordeste;Brasil;América do Sul
90;INFOX Tecnologia da Informação;Desenvolvedor/a Java Sênior;São Paulo (SP);22/07 22:00;https://www.linkedin.com/jobs/view/4443415975/;https://media.licdn.com/dms/image/v2/D4D0BAQFN7R7xTNYuAQ/company-logo_100_100/company-logo_100_100/0/1739192001324/infox_ti_logo?e=1786579200&v=beta&t=ov5-z4Ow5z4T6SVQYcLqNMc-_Xvl0nsjwsDGZvvXAwQ;-;https://www.linkedin.com/company/infox-tecnologia-da-informa-o/about/;Software e Serviços de TI;backend OR java OR (spring AND boot) OR python OR django OR go OR golang OR php OR laravel OR ruby OR (ruby AND rails) OR c++ OR c# OR rust OR scala OR julia OR elixir OR node.js OR (asp.net AND core);infox tecnologia da informação;1.0;Quickin;https://www.linkedin.com/jobs/view/4443415975/;https://www.linkedin.com/jobs/view/4443415975/;Hybrid;Senior;23/07/2026;São Paulo;São Paulo;SP;Região Sudeste;Brasil;América do Sul
91;Itaú Unibanco;Engenharia de Software Sênior - Java;São Paulo (SP);22/07 15:00;https://www.linkedin.com/jobs/view/4441073078/;https://media.licdn.com/dms/image/v2/D4D0BAQGmyPiGIU-69w/company-logo_100_100/B4DZZFc2k4GgAQ-/0/1744921914031/itau_logo?e=1786579200&v=beta&t=se2eTrA7j-MccxABfCVTD3z33xacA6WZW43hEggL0mE;-;https://www.linkedin.com/company/ita-unibanco/about/;Serviços Financeiros;backend OR java OR (spring AND boot) OR python OR django OR go OR golang OR php OR laravel OR ruby OR (ruby AND rails) OR c++ OR c# OR rust OR scala OR julia OR elixir OR node.js OR (asp.net AND core);itaú unibanco;5.0;carreiras.itau.com.br;https://www.linkedin.com/jobs/view/4441073078/;https://www.linkedin.com/jobs/view/4441073078/;Hybrid;Senior, TI/Tech, Engenharia Geral;23/07/2026;São Paulo;São Paulo;SP;Região Sudeste;Brasil;América do Sul
92;Izu Japanese;Supervisor de Delivery - Goiânia GO;Brasil;22/07 22:00;https://www.linkedin.com/jobs/view/4444227880/;https://media.licdn.com/dms/image/v2/D4D0BAQHHsoI7qChkPQ/company-logo_100_100/company-logo_100_100/0/1701787072040/izu_japanese_logo?e=1786579200&v=beta&t=526FUt091stbS4Yi7-Swa5npF9ATKpcaGSXRnz9Eloo;Middle > Manager;https://www.linkedin.com/company/izu-japanese/about/;-;backend OR java OR (spring AND boot) OR python OR django OR go OR golang OR php OR laravel OR ruby OR (ruby AND rails) OR c++ OR c# OR rust OR scala OR julia OR elixir OR node.js OR (asp.net AND core);izu japanese;1;;https://www.linkedin.com/jobs/view/4444227880/;https://www.linkedin.com/jobs/view/4444227880/;On-site;Mid, Liderança/Gerência, Delivery/SDM;23/07/2026;;;;;Brasil;América do Sul
93;JBS Novos Negócios;Frentista I - JBS Novos Negócios | TRS - Mozarlândia/GO;Mozarlândia (GO);22/07 14:00;https://www.linkedin.com/jobs/view/4426345126/;https://media.licdn.com/dms/image/v2/D4D0BAQGR6vTcYYUbWA/company-logo_100_100/company-logo_100_100/0/1707828843031/jbs_novos_negcios_logo?e=1786579200&v=beta&t=gB9sB5w1p2eMUsULWhw0qaoy_L7PpYqpU8Xk3uthcp4;-;https://www.linkedin.com/company/jbs-novos-neg-cios/about/;Software e Serviços de TI;backend OR java OR (spring AND boot) OR python OR django OR go OR golang OR php OR laravel OR ruby OR (ruby AND rails) OR c++ OR c# OR rust OR scala OR julia OR elixir OR node.js OR (asp.net AND core);jbs novos negócios;1.0;;https://www.linkedin.com/jobs/view/4426345126/;https://www.linkedin.com/jobs/view/4426345126/;On-site;-;23/07/2026;Mozarlândia;Goiás;GO;Região Centro-Oeste;Brasil;América do Sul
94;Jobbol;Desenvolvedor Full Stack .NET C#;Belo Horizonte (MG);22/07 23:00;https://www.linkedin.com/jobs/view/4444247781/;https://media.licdn.com/dms/image/v2/D4D0BAQEUwreILeGS7Q/company-logo_100_100/B4DZ5wJQzAG4AM-/0/1779997937122/jobbol_empregos_logo?e=1786579200&v=beta&t=YYFrfT4lCKPg_STs87XLOX_i0UXfEG0_BvlveN-fzn4;-;https://www.linkedin.com/company/jobbol/about/;-;backend OR java OR (spring AND boot) OR python OR django OR go OR golang OR php OR laravel OR ruby OR (ruby AND rails) OR c++ OR c# OR rust OR scala OR julia OR elixir OR node.js OR (asp.net AND core);jobbol;1.0;LinkedIn;https://www.linkedin.com/jobs/view/4444247781/;https://www.linkedin.com/jobs/view/4444247781/;On-site;Full Stack;23/07/2026;Belo Horizonte;Minas Gerais;MG;Região Sudeste;Brasil;América do Sul
95;Jobbol;Analista de Produto de Calibração;Betim (MG);22/07 23:00;https://www.linkedin.com/jobs/view/4444247785/;https://media.licdn.com/dms/image/v2/D4D0BAQEUwreILeGS7Q/company-logo_100_100/B4DZ5wJQzAG4AM-/0/1779997937122/jobbol_empregos_logo?e=1786579200&v=beta&t=YYFrfT4lCKPg_STs87XLOX_i0UXfEG0_BvlveN-fzn4;Advanced > Specialist;https://www.linkedin.com/company/jobbol/about/;-;backend OR java OR (spring AND boot) OR python OR django OR go OR golang OR php OR laravel OR ruby OR (ruby AND rails) OR c++ OR c# OR rust OR scala OR julia OR elixir OR node.js OR (asp.net AND core);jobbol;1.0;LinkedIn;https://www.linkedin.com/jobs/view/4444247785/;https://www.linkedin.com/jobs/view/4444247785/;On-site;Associate;23/07/2026;Betim;Minas Gerais;MG;Região Sudeste;Brasil;América do Sul
96;Jobbol;Desenvolvedor Full Stack .NET C#;Brasília (DF);22/07 23:00;https://www.linkedin.com/jobs/view/4444241933/;https://media.licdn.com/dms/image/v2/D4D0BAQEUwreILeGS7Q/company-logo_100_100/B4DZ5wJQzAG4AM-/0/1779997937122/jobbol_empregos_logo?e=1786579200&v=beta&t=YYFrfT4lCKPg_STs87XLOX_i0UXfEG0_BvlveN-fzn4;-;https://www.linkedin.com/company/jobbol/about/;-;backend OR java OR (spring AND boot) OR python OR django OR go OR golang OR php OR laravel OR ruby OR (ruby AND rails) OR c++ OR c# OR rust OR scala OR julia OR elixir OR node.js OR (asp.net AND core);jobbol;1.0;LinkedIn;https://www.linkedin.com/jobs/view/4444241933/;https://www.linkedin.com/jobs/view/4444241933/;On-site;Full Stack;23/07/2026;;Distrito Federal;DF;Região Centro-Oeste;Brasil;América do Sul
97;Jobbol;Desenvolvedor Full Stack .NET C#;Curitiba (PR);22/07 23:00;https://www.linkedin.com/jobs/view/4444262020/;https://media.licdn.com/dms/image/v2/D4D0BAQEUwreILeGS7Q/company-logo_100_100/B4DZ5wJQzAG4AM-/0/1779997937122/jobbol_empregos_logo?e=1786579200&v=beta&t=YYFrfT4lCKPg_STs87XLOX_i0UXfEG0_BvlveN-fzn4;-;https://www.linkedin.com/company/jobbol/about/;-;backend OR java OR (spring AND boot) OR python OR django OR go OR golang OR php OR laravel OR ruby OR (ruby AND rails) OR c++ OR c# OR rust OR scala OR julia OR elixir OR node.js OR (asp.net AND core);jobbol;1.0;LinkedIn;https://www.linkedin.com/jobs/view/4444262020/;https://www.linkedin.com/jobs/view/4444262020/;On-site;Full Stack;23/07/2026;Curitiba;Paraná;PR;Região Sul;Brasil;América do Sul
98;Jobbol;Desenvolvedor Full Stack .NET C#;Fortaleza (CE);22/07 23:00;https://www.linkedin.com/jobs/view/4444248483/;https://media.licdn.com/dms/image/v2/D4D0BAQEUwreILeGS7Q/company-logo_100_100/B4DZ5wJQzAG4AM-/0/1779997937122/jobbol_empregos_logo?e=1786579200&v=beta&t=YYFrfT4lCKPg_STs87XLOX_i0UXfEG0_BvlveN-fzn4;-;https://www.linkedin.com/company/jobbol/about/;-;backend OR java OR (spring AND boot) OR python OR django OR go OR golang OR php OR laravel OR ruby OR (ruby AND rails) OR c++ OR c# OR rust OR scala OR julia OR elixir OR node.js OR (asp.net AND core);jobbol;1.0;LinkedIn;https://www.linkedin.com/jobs/view/4444248483/;https://www.linkedin.com/jobs/view/4444248483/;On-site;Full Stack;23/07/2026;Fortaleza;Ceará;CE;Região Nordeste;Brasil;América do Sul
99;Jobbol;Desenvolvedor Full Stack .NET C#;Goiânia (GO);22/07 23:00;https://www.linkedin.com/jobs/view/4444247782/;https://media.licdn.com/dms/image/v2/D4D0BAQEUwreILeGS7Q/company-logo_100_100/B4DZ5wJQzAG4AM-/0/1779997937122/jobbol_empregos_logo?e=1786579200&v=beta&t=YYFrfT4lCKPg_STs87XLOX_i0UXfEG0_BvlveN-fzn4;-;https://www.linkedin.com/company/jobbol/about/;-;backend OR java OR (spring AND boot) OR python OR django OR go OR golang OR php OR laravel OR ruby OR (ruby AND rails) OR c++ OR c# OR rust OR scala OR julia OR elixir OR node.js OR (asp.net AND core);jobbol;1.0;LinkedIn;https://www.linkedin.com/jobs/view/4444247782/;https://www.linkedin.com/jobs/view/4444247782/;On-site;Full Stack;23/07/2026;Goiânia;Goiás;GO;Região Centro-Oeste;Brasil;América do Sul
100;Jobbol;Desenvolvedor Full Stack .NET C#;Manaus (AM);22/07 23:00;https://www.linkedin.com/jobs/view/4444239875/;https://media.licdn.com/dms/image/v2/D4D0BAQEUwreILeGS7Q/company-logo_100_100/B4DZ5wJQzAG4AM-/0/1779997937122/jobbol_empregos_logo?e=1786579200&v=beta&t=YYFrfT4lCKPg_STs87XLOX_i0UXfEG0_BvlveN-fzn4;-;https://www.linkedin.com/company/jobbol/about/;-;backend OR java OR (spring AND boot) OR python OR django OR go OR golang OR php OR laravel OR ruby OR (ruby AND rails) OR c++ OR c# OR rust OR scala OR julia OR elixir OR node.js OR (asp.net AND core);jobbol;1.0;LinkedIn;https://www.linkedin.com/jobs/view/4444239875/;https://www.linkedin.com/jobs/view/4444239875/;On-site;Full Stack;23/07/2026;Manaus;Amazonas;AM;Região Norte;Brasil;América do Sul
101;Jobbol;Desenvolvedor Full Stack .NET C#;Recife (PE);22/07 23:00;https://www.linkedin.com/jobs/view/4444239880/;https://media.licdn.com/dms/image/v2/D4D0BAQEUwreILeGS7Q/company-logo_100_100/B4DZ5wJQzAG4AM-/0/1779997937122/jobbol_empregos_logo?e=1786579200&v=beta&t=YYFrfT4lCKPg_STs87XLOX_i0UXfEG0_BvlveN-fzn4;-;https://www.linkedin.com/company/jobbol/about/;-;backend OR java OR (spring AND boot) OR python OR django OR go OR golang OR php OR laravel OR ruby OR (ruby AND rails) OR c++ OR c# OR rust OR scala OR julia OR elixir OR node.js OR (asp.net AND core);jobbol;1.0;LinkedIn;https://www.linkedin.com/jobs/view/4444239880/;https://www.linkedin.com/jobs/view/4444239880/;On-site;Full Stack;23/07/2026;Recife;Pernambuco;PE;Região Nordeste;Brasil;América do Sul
102;Jobbol;Desenvolvedor Full Stack .NET C#;Rio de Janeiro (RJ);22/07 23:00;https://www.linkedin.com/jobs/view/4444251360/;https://media.licdn.com/dms/image/v2/D4D0BAQEUwreILeGS7Q/company-logo_100_100/B4DZ5wJQzAG4AM-/0/1779997937122/jobbol_empregos_logo?e=1786579200&v=beta&t=YYFrfT4lCKPg_STs87XLOX_i0UXfEG0_BvlveN-fzn4;-;https://www.linkedin.com/company/jobbol/about/;-;backend OR java OR (spring AND boot) OR python OR django OR go OR golang OR php OR laravel OR ruby OR (ruby AND rails) OR c++ OR c# OR rust OR scala OR julia OR elixir OR node.js OR (asp.net AND core);jobbol;1.0;LinkedIn;https://www.linkedin.com/jobs/view/4444251360/;https://www.linkedin.com/jobs/view/4444251360/;On-site;Full Stack;23/07/2026;Rio de Janeiro;Rio de Janeiro;RJ;Região Sudeste;Brasil;América do Sul
103;Jobbol;Desenvolvedor Full Stack C#;Rio de Janeiro (RJ);22/07 17:00;https://www.linkedin.com/jobs/view/4443978879/;https://media.licdn.com/dms/image/v2/D4D0BAQEUwreILeGS7Q/company-logo_100_100/B4DZ5wJQzAG4AM-/0/1779997937122/jobbol_empregos_logo?e=1786579200&v=beta&t=YYFrfT4lCKPg_STs87XLOX_i0UXfEG0_BvlveN-fzn4;-;https://www.linkedin.com/company/jobbol/about/;-;backend OR java OR (spring AND boot) OR python OR django OR go OR golang OR php OR laravel OR ruby OR (ruby AND rails) OR c++ OR c# OR rust OR scala OR julia OR elixir OR node.js OR (asp.net AND core);jobbol;1.0;LinkedIn;https://www.linkedin.com/jobs/view/4443978879/;https://www.linkedin.com/jobs/view/4443978879/;On-site;Full Stack;23/07/2026;Rio de Janeiro;Rio de Janeiro;RJ;Região Sudeste;Brasil;América do Sul
104;Jobbol;Desenvolvedor Full Stack .NET C#;Salvador (BA);22/07 23:00;https://www.linkedin.com/jobs/view/4444252290/;https://media.licdn.com/dms/image/v2/D4D0BAQEUwreILeGS7Q/company-logo_100_100/B4DZ5wJQzAG4AM-/0/1779997937122/jobbol_empregos_logo?e=1786579200&v=beta&t=YYFrfT4lCKPg_STs87XLOX_i0UXfEG0_BvlveN-fzn4;-;https://www.linkedin.com/company/jobbol/about/;-;backend OR java OR (spring AND boot) OR python OR django OR go OR golang OR php OR laravel OR ruby OR (ruby AND rails) OR c++ OR c# OR rust OR scala OR julia OR elixir OR node.js OR (asp.net AND core);jobbol;1.0;LinkedIn;https://www.linkedin.com/jobs/view/4444252290/;https://www.linkedin.com/jobs/view/4444252290/;On-site;Full Stack;23/07/2026;Salvador;Bahia;BA;Região Nordeste;Brasil;América do Sul
105;Jobbol;Desenvolvedor Full Stack .NET C#;São Paulo (SP);22/07 23:00;https://www.linkedin.com/jobs/view/4444240901/;https://media.licdn.com/dms/image/v2/D4D0BAQEUwreILeGS7Q/company-logo_100_100/B4DZ5wJQzAG4AM-/0/1779997937122/jobbol_empregos_logo?e=1786579200&v=beta&t=YYFrfT4lCKPg_STs87XLOX_i0UXfEG0_BvlveN-fzn4;-;https://www.linkedin.com/company/jobbol/about/;-;backend OR java OR (spring AND boot) OR python OR django OR go OR golang OR php OR laravel OR ruby OR (ruby AND rails) OR c++ OR c# OR rust OR scala OR julia OR elixir OR node.js OR (asp.net AND core);jobbol;1.0;LinkedIn;https://www.linkedin.com/jobs/view/4444240901/;https://www.linkedin.com/jobs/view/4444240901/;On-site;Full Stack;23/07/2026;São Paulo;São Paulo;SP;Região Sudeste;Brasil;América do Sul
106;Jobbol;Desenvolvedor Java Sênior;São Paulo (SP);22/07 23:00;https://www.linkedin.com/jobs/view/4444254231/;https://media.licdn.com/dms/image/v2/D4D0BAQEUwreILeGS7Q/company-logo_100_100/B4DZ5wJQzAG4AM-/0/1779997937122/jobbol_empregos_logo?e=1786579200&v=beta&t=YYFrfT4lCKPg_STs87XLOX_i0UXfEG0_BvlveN-fzn4;-;https://www.linkedin.com/company/jobbol/about/;-;backend OR java OR (spring AND boot) OR python OR django OR go OR golang OR php OR laravel OR ruby OR (ruby AND rails) OR c++ OR c# OR rust OR scala OR julia OR elixir OR node.js OR (asp.net AND core);jobbol;1.0;LinkedIn;https://www.linkedin.com/jobs/view/4444254231/;https://www.linkedin.com/jobs/view/4444254231/;On-site;Senior;23/07/2026;São Paulo;São Paulo;SP;Região Sudeste;Brasil;América do Sul
107;Jobgether;Desenvolvedor Java Sênior Perfil (microserviços);Brasil;23/07 02:00;https://www.linkedin.com/jobs/view/4444260951/;https://media.licdn.com/dms/image/v2/D4E0BAQHdx4NngvFyPA/company-logo_100_100/B4EZ5GHh6CHEAU-/0/1779292839822/jobgether_logo?e=1786579200&v=beta&t=-cTzMzX8fZaqnJ1_nH0wjEwb7g-ORh9Zq0TMUG21q-A;-;https://www.linkedin.com/company/jobgether/about/;-;backend OR java OR (spring AND boot) OR python OR django OR go OR golang OR php OR laravel OR ruby OR (ruby AND rails) OR c++ OR c# OR rust OR scala OR julia OR elixir OR node.js OR (asp.net AND core);jobgether;1.0;LinkedIn (Easy Apply);https://www.linkedin.com/jobs/view/4444260951/;https://www.linkedin.com/jobs/view/4444260951/;Remote;Senior;23/07/2026;;;;;Brasil;América do Sul
108;Jobgether;Desenvolvedor(a) Full Stack React e C#/.NET Sênior;Brasil;22/07 09:00;https://www.linkedin.com/jobs/view/4443857863/;https://media.licdn.com/dms/image/v2/D4E0BAQHdx4NngvFyPA/company-logo_100_100/B4EZ5GHh6CHEAU-/0/1779292839822/jobgether_logo?e=1786579200&v=beta&t=-cTzMzX8fZaqnJ1_nH0wjEwb7g-ORh9Zq0TMUG21q-A;-;https://www.linkedin.com/company/jobgether/about/;-;backend OR java OR (spring AND boot) OR python OR django OR go OR golang OR php OR laravel OR ruby OR (ruby AND rails) OR c++ OR c# OR rust OR scala OR julia OR elixir OR node.js OR (asp.net AND core);jobgether;1.0;LinkedIn (Easy Apply);https://www.linkedin.com/jobs/view/4443857863/;https://www.linkedin.com/jobs/view/4443857863/;Remote;Senior, Full Stack;23/07/2026;;;;;Brasil;América do Sul
109;Jobgether;Go Developer - AI & ML;Brasil;23/07 04:00;https://www.linkedin.com/jobs/view/4444289299/;https://media.licdn.com/dms/image/v2/D4E0BAQHdx4NngvFyPA/company-logo_100_100/B4EZ5GHh6CHEAU-/0/1779292839822/jobgether_logo?e=1786579200&v=beta&t=-cTzMzX8fZaqnJ1_nH0wjEwb7g-ORh9Zq0TMUG21q-A;Advanced > Information Technology;https://www.linkedin.com/company/jobgether/about/;Inteligência Artificial;backend OR java OR (spring AND boot) OR python OR django OR go OR golang OR php OR laravel OR ruby OR (ruby AND rails) OR c++ OR c# OR rust OR scala OR julia OR elixir OR node.js OR (asp.net AND core);jobgether;1.0;LinkedIn (Easy Apply);https://www.linkedin.com/jobs/view/4444289299/;https://www.linkedin.com/jobs/view/4444289299/;Remote;Machine Learning, Inteligência Artificial;23/07/2026;;;;;Brasil;América do Sul
110;Jobgether;Java Back-End Developer | PL;Brasil;22/07 09:00;https://www.linkedin.com/jobs/view/4443837543/;https://media.licdn.com/dms/image/v2/D4E0BAQHdx4NngvFyPA/company-logo_100_100/B4EZ5GHh6CHEAU-/0/1779292839822/jobgether_logo?e=1786579200&v=beta&t=-cTzMzX8fZaqnJ1_nH0wjEwb7g-ORh9Zq0TMUG21q-A;Advanced > Information Technology;https://www.linkedin.com/company/jobgether/about/;-;backend OR java OR (spring AND boot) OR python OR django OR go OR golang OR php OR laravel OR ruby OR (ruby AND rails) OR c++ OR c# OR rust OR scala OR julia OR elixir OR node.js OR (asp.net AND core);jobgether;1.0;LinkedIn (Easy Apply);https://www.linkedin.com/jobs/view/4443837543/;https://www.linkedin.com/jobs/view/4443837543/;Remote;Mid, Backend;23/07/2026;;;;;Brasil;América do Sul
111;Jobgether;Online Teacher, CS: Intro to Java;Brasil;22/07 09:00;https://www.linkedin.com/jobs/view/4443831658/;https://media.licdn.com/dms/image/v2/D4E0BAQHdx4NngvFyPA/company-logo_100_100/B4EZ5GHh6CHEAU-/0/1779292839822/jobgether_logo?e=1786579200&v=beta&t=-cTzMzX8fZaqnJ1_nH0wjEwb7g-ORh9Zq0TMUG21q-A;-;https://www.linkedin.com/company/jobgether/about/;-;backend OR java OR (spring AND boot) OR python OR django OR go OR golang OR php OR laravel OR ruby OR (ruby AND rails) OR c++ OR c# OR rust OR scala OR julia OR elixir OR node.js OR (asp.net AND core);jobgether;1.0;LinkedIn (Easy Apply);https://www.linkedin.com/jobs/view/4443831658/;https://www.linkedin.com/jobs/view/4443831658/;Remote;-;23/07/2026;;;;;Brasil;América do Sul
112;Jobgether;Pessoa Desenvolvedora Back-end Java Pleno/Sênior;Brasil;23/07 08:00;https://www.linkedin.com/jobs/view/4443830873/;https://media.licdn.com/dms/image/v2/D4E0BAQHdx4NngvFyPA/company-logo_100_100/B4EZ5GHh6CHEAU-/0/1779292839822/jobgether_logo?e=1786579200&v=beta&t=-cTzMzX8fZaqnJ1_nH0wjEwb7g-ORh9Zq0TMUG21q-A;-;https://www.linkedin.com/company/jobgether/about/;-;backend OR java OR (spring AND boot) OR python OR django OR go OR golang OR php OR laravel OR ruby OR (ruby AND rails) OR c++ OR c# OR rust OR scala OR julia OR elixir OR node.js OR (asp.net AND core);jobgether;1.0;LinkedIn (Easy Apply);https://www.linkedin.com/jobs/view/4443830873/;https://www.linkedin.com/jobs/view/4443830873/;Remote;PCD / Afirmativa, Senior, Mid, Backend;23/07/2026;;;;;Brasil;América do Sul
113;Jobgether;Senior Backend Engineer;Brasil;22/07 09:00;https://www.linkedin.com/jobs/view/4443862099/;https://media.licdn.com/dms/image/v2/D4E0BAQHdx4NngvFyPA/company-logo_100_100/B4EZ5GHh6CHEAU-/0/1779292839822/jobgether_logo?e=1786579200&v=beta&t=-cTzMzX8fZaqnJ1_nH0wjEwb7g-ORh9Zq0TMUG21q-A;Advanced > Information Technology;https://www.linkedin.com/company/jobgether/about/;-;backend OR java OR (spring AND boot) OR python OR django OR go OR golang OR php OR laravel OR ruby OR (ruby AND rails) OR c++ OR c# OR rust OR scala OR julia OR elixir OR node.js OR (asp.net AND core);jobgether;1.0;LinkedIn (Easy Apply);https://www.linkedin.com/jobs/view/4443862099/;https://www.linkedin.com/jobs/view/4443862099/;Remote;Senior, Backend, Engenharia Geral;23/07/2026;;;;;Brasil;América do Sul
114;Kaspper;Desenvolvedor FullStack (Java com React) Sênior*;Fortaleza (CE);22/07 18:00;https://www.linkedin.com/jobs/view/4443983991/;https://media.licdn.com/dms/image/v2/C4D0BAQHIACJBeJWKcw/company-logo_100_100/company-logo_100_100/0/1630579325136/kaspper_logo?e=1786579200&v=beta&t=cuIWNuDX5JqFUX7nYIzpigGjX4SE8gdIhn6FuzjOhX8;-;https://www.linkedin.com/company/kaspper/about/;-;backend OR java OR (spring AND boot) OR python OR django OR go OR golang OR php OR laravel OR ruby OR (ruby AND rails) OR c++ OR c# OR rust OR scala OR julia OR elixir OR node.js OR (asp.net AND core);kaspper;1.0;;https://www.linkedin.com/jobs/view/4443983991/;https://www.linkedin.com/jobs/view/4443983991/;Remote;Senior, Full Stack;23/07/2026;Fortaleza;Ceará;CE;Região Nordeste;Brasil;América do Sul
115;Longevitá - Farmácia de Manipulação;Auxiliar de Almoxarifado (Laboratório) | No St. Oeste - GO;Brasil;22/07 22:00;https://www.linkedin.com/jobs/view/4444246305/;https://media.licdn.com/dms/image/v2/D4D0BAQFIVSjl-VZl4Q/company-logo_100_100/company-logo_100_100/0/1738073155625/longevita_farmacia_de_manipulacao_logo?e=1786579200&v=beta&t=pOa4UK_DTIoVILXj5SuVn4NpZu9VBgUCyhGvUMUuSFk;-;https://www.linkedin.com/company/longevit-farm-cia-de-manipula-o/about/;Governo e Social;backend OR java OR (spring AND boot) OR python OR django OR go OR golang OR php OR laravel OR ruby OR (ruby AND rails) OR c++ OR c# OR rust OR scala OR julia OR elixir OR node.js OR (asp.net AND core);longevitá - farmácia de manipulação;1.0;;https://www.linkedin.com/jobs/view/4444246305/;https://www.linkedin.com/jobs/view/4444246305/;On-site;Associate;23/07/2026;;;;;Brasil;América do Sul
116;MBRF;Auxiliar Controladoria (3º turno) - Mineiros - GO;Mineiros (GO);22/07 18:00;https://www.linkedin.com/jobs/view/4443998364/;https://media.licdn.com/dms/image/v2/D4D0BAQGyi4EOkZFLvg/company-logo_100_100/B4DZ7Q2BsxKcAI-/0/1781620285114/mbrf_global_foods_company_logo?e=1786579200&v=beta&t=-04s_6GLBcc7xeiwbpOq3m6FG24YQj6zi8mxpiCiQYM;-;https://www.linkedin.com/company/mbrf/about/;-;backend OR java OR (spring AND boot) OR python OR django OR go OR golang OR php OR laravel OR ruby OR (ruby AND rails) OR c++ OR c# OR rust OR scala OR julia OR elixir OR node.js OR (asp.net AND core);mbrf;1.0;LinkedIn;https://www.linkedin.com/jobs/view/4443998364/;https://www.linkedin.com/jobs/view/4443998364/;On-site;Associate;23/07/2026;Mineiros;Goiás;GO;Região Centro-Oeste;Brasil;América do Sul
117;Mindrift;Freelance Data Scraping Engineer (Python);Belo Horizonte (MG);22/07 09:00;https://www.linkedin.com/jobs/view/4444284632/;https://media.licdn.com/dms/image/v2/D4D0BAQG9ySVGr5NQzQ/company-logo_100_100/company-logo_100_100/0/1725448348201/mindrift_ai_logo?e=1786579200&v=beta&t=cSw52dtRBTpFoLgxEz4vWHNIFAdgxvycCx43YWdnTNs;Data & Ai > Data Engineering;https://www.linkedin.com/company/mindrift/about/;Dados e Analytics;backend OR java OR (spring AND boot) OR python OR django OR go OR golang OR php OR laravel OR ruby OR (ruby AND rails) OR c++ OR c# OR rust OR scala OR julia OR elixir OR node.js OR (asp.net AND core);mindrift;1.0;LinkedIn (Easy Apply);https://www.linkedin.com/jobs/view/4444284632/;https://www.linkedin.com/jobs/view/4444284632/;Remote;Freelance/PJ, Dados/Analytics, Engenharia Geral;23/07/2026;Belo Horizonte;Minas Gerais;MG;Região Sudeste;Brasil;América do Sul
118;Mindrift;Freelance Data Scraping Engineer (Python);Belo Horizonte (MG);22/07 09:00;https://www.linkedin.com/jobs/view/4444292269/;https://media.licdn.com/dms/image/v2/D4D0BAQG9ySVGr5NQzQ/company-logo_100_100/company-logo_100_100/0/1725448348201/mindrift_ai_logo?e=1786579200&v=beta&t=cSw52dtRBTpFoLgxEz4vWHNIFAdgxvycCx43YWdnTNs;Data & Ai > Data Engineering;https://www.linkedin.com/company/mindrift/about/;Dados e Analytics;backend OR java OR (spring AND boot) OR python OR django OR go OR golang OR php OR laravel OR ruby OR (ruby AND rails) OR c++ OR c# OR rust OR scala OR julia OR elixir OR node.js OR (asp.net AND core);mindrift;1.0;LinkedIn (Easy Apply);https://www.linkedin.com/jobs/view/4444292269/;https://www.linkedin.com/jobs/view/4444292269/;Remote;Freelance/PJ, Dados/Analytics, Engenharia Geral;23/07/2026;Belo Horizonte;Minas Gerais;MG;Região Sudeste;Brasil;América do Sul
119;Mindrift;Senior Python Data Scraping Engineer (Freelance);Belo Horizonte (MG);23/07 05:00;https://www.linkedin.com/jobs/view/4444404422/;https://media.licdn.com/dms/image/v2/D4D0BAQG9ySVGr5NQzQ/company-logo_100_100/company-logo_100_100/0/1725448348201/mindrift_ai_logo?e=1786579200&v=beta&t=cSw52dtRBTpFoLgxEz4vWHNIFAdgxvycCx43YWdnTNs;Data & Ai > Data Engineering;https://www.linkedin.com/company/mindrift/about/;Dados e Analytics;backend OR java OR (spring AND boot) OR python OR django OR go OR golang OR php OR laravel OR ruby OR (ruby AND rails) OR c++ OR c# OR rust OR scala OR julia OR elixir OR node.js OR (asp.net AND core);mindrift;1.0;LinkedIn (Easy Apply);https://www.linkedin.com/jobs/view/4444404422/;https://www.linkedin.com/jobs/view/4444404422/;Remote;Freelance/PJ, Senior, Dados/Analytics, Engenharia Geral;23/07/2026;Belo Horizonte;Minas Gerais;MG;Região Sudeste;Brasil;América do Sul
120;Mindrift;Freelance Data Scraping Engineer (Python);Brasil;23/07 04:00;https://www.linkedin.com/jobs/view/4444273951/;https://media.licdn.com/dms/image/v2/D4D0BAQG9ySVGr5NQzQ/company-logo_100_100/company-logo_100_100/0/1725448348201/mindrift_ai_logo?e=1786579200&v=beta&t=cSw52dtRBTpFoLgxEz4vWHNIFAdgxvycCx43YWdnTNs;Data & Ai > Data Engineering;https://www.linkedin.com/company/mindrift/about/;Dados e Analytics;backend OR java OR (spring AND boot) OR python OR django OR go OR golang OR php OR laravel OR ruby OR (ruby AND rails) OR c++ OR c# OR rust OR scala OR julia OR elixir OR node.js OR (asp.net AND core);mindrift;1.0;LinkedIn (Easy Apply);https://www.linkedin.com/jobs/view/4444273951/;https://www.linkedin.com/jobs/view/4444273951/;Remote;Freelance/PJ, Dados/Analytics, Engenharia Geral;23/07/2026;;;;;Brasil;América do Sul
121;Mindrift;Senior Python Data Scraping Engineer (Freelance);Brasil;22/07 09:00;https://www.linkedin.com/jobs/view/4444402422/;https://media.licdn.com/dms/image/v2/D4D0BAQG9ySVGr5NQzQ/company-logo_100_100/company-logo_100_100/0/1725448348201/mindrift_ai_logo?e=1786579200&v=beta&t=cSw52dtRBTpFoLgxEz4vWHNIFAdgxvycCx43YWdnTNs;Data & Ai > Data Engineering;https://www.linkedin.com/company/mindrift/about/;Dados e Analytics;backend OR java OR (spring AND boot) OR python OR django OR go OR golang OR php OR laravel OR ruby OR (ruby AND rails) OR c++ OR c# OR rust OR scala OR julia OR elixir OR node.js OR (asp.net AND core);mindrift;1.0;LinkedIn (Easy Apply);https://www.linkedin.com/jobs/view/4444402422/;https://www.linkedin.com/jobs/view/4444402422/;Remote;Freelance/PJ, Senior, Dados/Analytics, Engenharia Geral;23/07/2026;;;;;Brasil;América do Sul
122;Mindrift;Freelance Data Scraping Engineer (Python);Curitiba (PR);22/07 09:00;https://www.linkedin.com/jobs/view/4444287410/;https://media.licdn.com/dms/image/v2/D4D0BAQG9ySVGr5NQzQ/company-logo_100_100/company-logo_100_100/0/1725448348201/mindrift_ai_logo?e=1786579200&v=beta&t=cSw52dtRBTpFoLgxEz4vWHNIFAdgxvycCx43YWdnTNs;Data & Ai > Data Engineering;https://www.linkedin.com/company/mindrift/about/;Dados e Analytics;backend OR java OR (spring AND boot) OR python OR django OR go OR golang OR php OR laravel OR ruby OR (ruby AND rails) OR c++ OR c# OR rust OR scala OR julia OR elixir OR node.js OR (asp.net AND core);mindrift;1.0;LinkedIn (Easy Apply);https://www.linkedin.com/jobs/view/4444287410/;https://www.linkedin.com/jobs/view/4444287410/;Remote;Freelance/PJ, Dados/Analytics, Engenharia Geral;23/07/2026;Curitiba;Paraná;PR;Região Sul;Brasil;América do Sul
123;Mindrift;Senior Python Data Scraping Engineer (Freelance);Curitiba (PR);23/07 05:00;https://www.linkedin.com/jobs/view/4444414156/;https://media.licdn.com/dms/image/v2/D4D0BAQG9ySVGr5NQzQ/company-logo_100_100/company-logo_100_100/0/1725448348201/mindrift_ai_logo?e=1786579200&v=beta&t=cSw52dtRBTpFoLgxEz4vWHNIFAdgxvycCx43YWdnTNs;Data & Ai > Data Engineering;https://www.linkedin.com/company/mindrift/about/;Dados e Analytics;backend OR java OR (spring AND boot) OR python OR django OR go OR golang OR php OR laravel OR ruby OR (ruby AND rails) OR c++ OR c# OR rust OR scala OR julia OR elixir OR node.js OR (asp.net AND core);mindrift;1.0;LinkedIn (Easy Apply);https://www.linkedin.com/jobs/view/4444414156/;https://www.linkedin.com/jobs/view/4444414156/;Remote;Freelance/PJ, Senior, Dados/Analytics, Engenharia Geral;23/07/2026;Curitiba;Paraná;PR;Região Sul;Brasil;América do Sul
124;Mindrift;Freelance Data Scraping Engineer (Python);Grande Rio de Janeiro (RJ);22/07 09:00;https://www.linkedin.com/jobs/view/4444278672/;https://media.licdn.com/dms/image/v2/D4D0BAQG9ySVGr5NQzQ/company-logo_100_100/company-logo_100_100/0/1725448348201/mindrift_ai_logo?e=1786579200&v=beta&t=cSw52dtRBTpFoLgxEz4vWHNIFAdgxvycCx43YWdnTNs;Data & Ai > Data Engineering;https://www.linkedin.com/company/mindrift/about/;Dados e Analytics;backend OR java OR (spring AND boot) OR python OR django OR go OR golang OR php OR laravel OR ruby OR (ruby AND rails) OR c++ OR c# OR rust OR scala OR julia OR elixir OR node.js OR (asp.net AND core);mindrift;1.0;LinkedIn (Easy Apply);https://www.linkedin.com/jobs/view/4444278672/;https://www.linkedin.com/jobs/view/4444278672/;Remote;Freelance/PJ, Dados/Analytics, Engenharia Geral;23/07/2026;;Rio de Janeiro;RJ;Região Sudeste;Brasil;América do Sul
125;Mindrift;Freelance Data Scraping Engineer (Python);Grande Rio de Janeiro (RJ);22/07 09:00;https://www.linkedin.com/jobs/view/4444285541/;https://media.licdn.com/dms/image/v2/D4D0BAQG9ySVGr5NQzQ/company-logo_100_100/company-logo_100_100/0/1725448348201/mindrift_ai_logo?e=1786579200&v=beta&t=cSw52dtRBTpFoLgxEz4vWHNIFAdgxvycCx43YWdnTNs;Data & Ai > Data Engineering;https://www.linkedin.com/company/mindrift/about/;Dados e Analytics;backend OR java OR (spring AND boot) OR python OR django OR go OR golang OR php OR laravel OR ruby OR (ruby AND rails) OR c++ OR c# OR rust OR scala OR julia OR elixir OR node.js OR (asp.net AND core);mindrift;1.0;LinkedIn (Easy Apply);https://www.linkedin.com/jobs/view/4444285541/;https://www.linkedin.com/jobs/view/4444285541/;Remote;Freelance/PJ, Dados/Analytics, Engenharia Geral;23/07/2026;;Rio de Janeiro;RJ;Região Sudeste;Brasil;América do Sul
126;Mindrift;Senior Python Data Scraping Engineer (Freelance);Grande Rio de Janeiro (RJ);23/07 05:00;https://www.linkedin.com/jobs/view/4444402437/;https://media.licdn.com/dms/image/v2/D4D0BAQG9ySVGr5NQzQ/company-logo_100_100/company-logo_100_100/0/1725448348201/mindrift_ai_logo?e=1786579200&v=beta&t=cSw52dtRBTpFoLgxEz4vWHNIFAdgxvycCx43YWdnTNs;Data & Ai > Data Engineering;https://www.linkedin.com/company/mindrift/about/;Dados e Analytics;backend OR java OR (spring AND boot) OR python OR django OR go OR golang OR php OR laravel OR ruby OR (ruby AND rails) OR c++ OR c# OR rust OR scala OR julia OR elixir OR node.js OR (asp.net AND core);mindrift;1.0;LinkedIn (Easy Apply);https://www.linkedin.com/jobs/view/4444402437/;https://www.linkedin.com/jobs/view/4444402437/;Remote;Freelance/PJ, Senior, Dados/Analytics, Engenharia Geral;23/07/2026;;Rio de Janeiro;RJ;Região Sudeste;Brasil;América do Sul
127;Mindrift;Freelance Data Scraping Engineer (Python);Porto Alegre (RS);22/07 09:00;https://www.linkedin.com/jobs/view/4444281620/;https://media.licdn.com/dms/image/v2/D4D0BAQG9ySVGr5NQzQ/company-logo_100_100/company-logo_100_100/0/1725448348201/mindrift_ai_logo?e=1786579200&v=beta&t=cSw52dtRBTpFoLgxEz4vWHNIFAdgxvycCx43YWdnTNs;Data & Ai > Data Engineering;https://www.linkedin.com/company/mindrift/about/;Dados e Analytics;backend OR java OR (spring AND boot) OR python OR django OR go OR golang OR php OR laravel OR ruby OR (ruby AND rails) OR c++ OR c# OR rust OR scala OR julia OR elixir OR node.js OR (asp.net AND core);mindrift;1.0;LinkedIn (Easy Apply);https://www.linkedin.com/jobs/view/4444281620/;https://www.linkedin.com/jobs/view/4444281620/;Remote;Freelance/PJ, Dados/Analytics, Engenharia Geral;23/07/2026;;Rio Grande do Sul;RS;Região Sul;Brasil;América do Sul
128;Mindrift;Senior Python Data Scraping Engineer (Freelance);Porto Alegre (RS);23/07 05:00;https://www.linkedin.com/jobs/view/4444418092/;https://media.licdn.com/dms/image/v2/D4D0BAQG9ySVGr5NQzQ/company-logo_100_100/company-logo_100_100/0/1725448348201/mindrift_ai_logo?e=1786579200&v=beta&t=cSw52dtRBTpFoLgxEz4vWHNIFAdgxvycCx43YWdnTNs;Data & Ai > Data Engineering;https://www.linkedin.com/company/mindrift/about/;Dados e Analytics;backend OR java OR (spring AND boot) OR python OR django OR go OR golang OR php OR laravel OR ruby OR (ruby AND rails) OR c++ OR c# OR rust OR scala OR julia OR elixir OR node.js OR (asp.net AND core);mindrift;1.0;LinkedIn (Easy Apply);https://www.linkedin.com/jobs/view/4444418092/;https://www.linkedin.com/jobs/view/4444418092/;Remote;Freelance/PJ, Senior, Dados/Analytics, Engenharia Geral;23/07/2026;;Rio Grande do Sul;RS;Região Sul;Brasil;América do Sul
129;Mindrift;Freelance Data Scraping Engineer (Python);São Paulo (SP);22/07 09:00;https://www.linkedin.com/jobs/view/4444286513/;https://media.licdn.com/dms/image/v2/D4D0BAQG9ySVGr5NQzQ/company-logo_100_100/company-logo_100_100/0/1725448348201/mindrift_ai_logo?e=1786579200&v=beta&t=cSw52dtRBTpFoLgxEz4vWHNIFAdgxvycCx43YWdnTNs;Data & Ai > Data Engineering;https://www.linkedin.com/company/mindrift/about/;Dados e Analytics;backend OR java OR (spring AND boot) OR python OR django OR go OR golang OR php OR laravel OR ruby OR (ruby AND rails) OR c++ OR c# OR rust OR scala OR julia OR elixir OR node.js OR (asp.net AND core);mindrift;1.0;LinkedIn (Easy Apply);https://www.linkedin.com/jobs/view/4444286513/;https://www.linkedin.com/jobs/view/4444286513/;Remote;Freelance/PJ, Dados/Analytics, Engenharia Geral;23/07/2026;São Paulo;São Paulo;SP;Região Sudeste;Brasil;América do Sul
130;Mindrift;Freelance Data Scraping Engineer (Python);São Paulo (SP);23/07 03:00;https://www.linkedin.com/jobs/view/4444289336/;https://media.licdn.com/dms/image/v2/D4D0BAQG9ySVGr5NQzQ/company-logo_100_100/company-logo_100_100/0/1725448348201/mindrift_ai_logo?e=1786579200&v=beta&t=cSw52dtRBTpFoLgxEz4vWHNIFAdgxvycCx43YWdnTNs;Data & Ai > Data Engineering;https://www.linkedin.com/company/mindrift/about/;Dados e Analytics;backend OR java OR (spring AND boot) OR python OR django OR go OR golang OR php OR laravel OR ruby OR (ruby AND rails) OR c++ OR c# OR rust OR scala OR julia OR elixir OR node.js OR (asp.net AND core);mindrift;1.0;LinkedIn (Easy Apply);https://www.linkedin.com/jobs/view/4444289336/;https://www.linkedin.com/jobs/view/4444289336/;Remote;Freelance/PJ, Dados/Analytics, Engenharia Geral;23/07/2026;São Paulo;São Paulo;SP;Região Sudeste;Brasil;América do Sul
131;Mindrift;Senior Python Data Scraping Engineer (Freelance);São Paulo (SP);22/07 09:00;https://www.linkedin.com/jobs/view/4444401529/;https://media.licdn.com/dms/image/v2/D4D0BAQG9ySVGr5NQzQ/company-logo_100_100/company-logo_100_100/0/1725448348201/mindrift_ai_logo?e=1786579200&v=beta&t=cSw52dtRBTpFoLgxEz4vWHNIFAdgxvycCx43YWdnTNs;Data & Ai > Data Engineering;https://www.linkedin.com/company/mindrift/about/;Dados e Analytics;backend OR java OR (spring AND boot) OR python OR django OR go OR golang OR php OR laravel OR ruby OR (ruby AND rails) OR c++ OR c# OR rust OR scala OR julia OR elixir OR node.js OR (asp.net AND core);mindrift;1.0;LinkedIn (Easy Apply);https://www.linkedin.com/jobs/view/4444401529/;https://www.linkedin.com/jobs/view/4444401529/;Remote;Freelance/PJ, Senior, Dados/Analytics, Engenharia Geral;23/07/2026;São Paulo;São Paulo;SP;Região Sudeste;Brasil;América do Sul
132;Minerva Foods;Analista de Sistemas Pleno (Fullstack | React.Js|C#);Barretos (SP);23/07 08:00;https://www.linkedin.com/jobs/view/4433985080/;https://media.licdn.com/dms/image/v2/D4D0BAQECpiovp4LEiw/company-logo_100_100/company-logo_100_100/0/1738269649242/minerva_sa_logo?e=1786579200&v=beta&t=Vz20mtPgMzE1xuLP2T93DI7mWXkmYfK6DmH_fnQk1qs;Advanced > Specialist;https://www.linkedin.com/company/minerva-foods/about/;Alimentos e Bebidas;backend OR java OR (spring AND boot) OR python OR django OR go OR golang OR php OR laravel OR ruby OR (ruby AND rails) OR c++ OR c# OR rust OR scala OR julia OR elixir OR node.js OR (asp.net AND core);minerva foods;3.0;;https://www.linkedin.com/jobs/view/4433985080/;https://www.linkedin.com/jobs/view/4433985080/;Remote;Mid, Associate, TI/Tech, Full Stack;23/07/2026;Barretos;São Paulo;SP;Região Sudeste;Brasil;América do Sul
133;Minerva Foods;Analista de Sistemas Sênior (Fullstack | React.Js|C#);Barretos (SP);23/07 08:00;https://www.linkedin.com/jobs/view/4433971769/;https://media.licdn.com/dms/image/v2/D4D0BAQECpiovp4LEiw/company-logo_100_100/company-logo_100_100/0/1738269649242/minerva_sa_logo?e=1786579200&v=beta&t=Vz20mtPgMzE1xuLP2T93DI7mWXkmYfK6DmH_fnQk1qs;Advanced > Specialist;https://www.linkedin.com/company/minerva-foods/about/;Alimentos e Bebidas;backend OR java OR (spring AND boot) OR python OR django OR go OR golang OR php OR laravel OR ruby OR (ruby AND rails) OR c++ OR c# OR rust OR scala OR julia OR elixir OR node.js OR (asp.net AND core);minerva foods;3.0;;https://www.linkedin.com/jobs/view/4433971769/;https://www.linkedin.com/jobs/view/4433971769/;Remote;Senior, Associate, TI/Tech, Full Stack;23/07/2026;Barretos;São Paulo;SP;Região Sudeste;Brasil;América do Sul
134;Mogi I/O : OTT/Podcast/Short Video Apps for you;C++ Algorithm & Coding Challenge Expert;Brasil;23/07 08:00;https://www.linkedin.com/jobs/view/4444412872/;https://media.licdn.com/dms/image/v2/D560BAQHKuLu9a7Xf2A/company-logo_100_100/B56Z1r41FuJ8AU-/0/1775631554110/mogi_i_o_logo?e=1786579200&v=beta&t=Y4k_6sKtxImxevCMl9sLdqhZm2WfmknT9yrysnzBjZg;Advanced > Specialist;https://www.linkedin.com/company/mogi-i-o-ott-podcast-short-video-apps-for-you/about/;Software e Serviços de TI;backend OR java OR (spring AND boot) OR python OR django OR go OR golang OR php OR laravel OR ruby OR (ruby AND rails) OR c++ OR c# OR rust OR scala OR julia OR elixir OR node.js OR (asp.net AND core);mogi i/o : ott/podcast/short video apps for you;1.0;;https://www.linkedin.com/jobs/view/4444412872/;https://www.linkedin.com/jobs/view/4444412872/;Remote;Specialist;23/07/2026;;;;;Brasil;América do Sul
135;Mottu;Software Engineer C# Pleno (Remoto);Brasil;22/07 20:00;https://www.linkedin.com/jobs/view/4444218507/;https://media.licdn.com/dms/image/v2/C4D0BAQHWhVRMY6kTtg/company-logo_100_100/company-logo_100_100/0/1642170007240?e=1786579200&v=beta&t=zmaGbvS9AUuC5KniojMMSbFJaI51X2Qm0CZji0dUsNY;Advanced > Information Technology;https://www.linkedin.com/company/mottu/about/;Software e Serviços de TI;backend OR java OR (spring AND boot) OR python OR django OR go OR golang OR php OR laravel OR ruby OR (ruby AND rails) OR c++ OR c# OR rust OR scala OR julia OR elixir OR node.js OR (asp.net AND core);mottu;1.0;;https://www.linkedin.com/jobs/view/4444218507/;https://www.linkedin.com/jobs/view/4444218507/;Remote;Mid, TI/Tech, Engenharia Geral;23/07/2026;;;;;Brasil;América do Sul
136;Nava | Tech for Business;"Desenvolvedor Fullstack - Java 17/21+; Angular 12+";Brasil;22/07 15:00;https://www.linkedin.com/jobs/view/4443966116/;https://media.licdn.com/dms/image/v2/D4D0BAQHpXmVDvF7gvQ/company-logo_100_100/B4DZkvU3xhJgAQ-/0/1757435624969/nava_technology_logo?e=1786579200&v=beta&t=5dHMLSI5AIik03t8tyjEq4Ba9O1GLOkpVpFbxITykas;-;https://www.linkedin.com/company/nava-tech-for-business/about/;Software e Serviços de TI;backend OR java OR (spring AND boot) OR python OR django OR go OR golang OR php OR laravel OR ruby OR (ruby AND rails) OR c++ OR c# OR rust OR scala OR julia OR elixir OR node.js OR (asp.net AND core);nava | tech for business;1.0;Inhire;https://www.linkedin.com/jobs/view/4443966116/;https://www.linkedin.com/jobs/view/4443966116/;Remote;Full Stack;23/07/2026;;;;;Brasil;América do Sul
137;Newbacon;Desenvolvedor Back-End .NET C# | Híbrido;São Paulo (SP);22/07 15:00;https://www.linkedin.com/jobs/view/4441069242/;https://media.licdn.com/dms/image/v2/C4D0BAQG4tEJtLBG6KQ/company-logo_100_100/company-logo_100_100/0/1631361099940/adagency_logo?e=1786579200&v=beta&t=fkqWm2G35FaFNU4eguFU733ldY2aGpUUZb2_RiRVKBI;-;https://www.linkedin.com/company/newbacon/about/;-;backend OR java OR (spring AND boot) OR python OR django OR go OR golang OR php OR laravel OR ruby OR (ruby AND rails) OR c++ OR c# OR rust OR scala OR julia OR elixir OR node.js OR (asp.net AND core);newbacon;1;;https://www.linkedin.com/jobs/view/4441069242/;https://www.linkedin.com/jobs/view/4441069242/;Hybrid;Backend;23/07/2026;São Paulo;São Paulo;SP;Região Sudeste;Brasil;América do Sul
138;Nortal;Fullstack Node/C# Engineer - Work from home;Grande Brasilia;22/07 16:00;https://www.linkedin.com/jobs/view/4443194301/;https://media.licdn.com/dms/image/v2/D4D0BAQHyq-uNAAkbDw/company-logo_100_100/company-logo_100_100/0/1719836810206/nortal_logo?e=1786579200&v=beta&t=wgTG4bPkf87VcPJLvZwZViyg_s_09pch9tOzDQ_OlpY;Advanced > Information Technology;https://www.linkedin.com/company/nortal/about/;-;backend OR java OR (spring AND boot) OR python OR django OR go OR golang OR php OR laravel OR ruby OR (ruby AND rails) OR c++ OR c# OR rust OR scala OR julia OR elixir OR node.js OR (asp.net AND core);nortal;1.0;LinkedIn (Easy Apply);https://www.linkedin.com/jobs/view/4443194301/;https://www.linkedin.com/jobs/view/4443194301/;Remote;Full Stack, Engenharia Geral;23/07/2026;;Paraná;PR;Região Sul;Brasil;América do Sul
139;Nortal;Fullstack Node/C# Engineer - Work from home;Grande Curitiba (PR);22/07 16:00;https://www.linkedin.com/jobs/view/4443196163/;https://media.licdn.com/dms/image/v2/D4D0BAQHyq-uNAAkbDw/company-logo_100_100/company-logo_100_100/0/1719836810206/nortal_logo?e=1786579200&v=beta&t=wgTG4bPkf87VcPJLvZwZViyg_s_09pch9tOzDQ_OlpY;Advanced > Information Technology;https://www.linkedin.com/company/nortal/about/;-;backend OR java OR (spring AND boot) OR python OR django OR go OR golang OR php OR laravel OR ruby OR (ruby AND rails) OR c++ OR c# OR rust OR scala OR julia OR elixir OR node.js OR (asp.net AND core);nortal;1.0;LinkedIn (Easy Apply);https://www.linkedin.com/jobs/view/4443196163/;https://www.linkedin.com/jobs/view/4443196163/;Remote;Full Stack, Engenharia Geral;23/07/2026;;Paraná;PR;Região Sul;Brasil;América do Sul
140;Nortal;Fullstack Node/C# Engineer - Work from home;Grande São Paulo (SP) ;22/07 16:00;https://www.linkedin.com/jobs/view/4443197159/;https://media.licdn.com/dms/image/v2/D4D0BAQHyq-uNAAkbDw/company-logo_100_100/company-logo_100_100/0/1719836810206/nortal_logo?e=1786579200&v=beta&t=wgTG4bPkf87VcPJLvZwZViyg_s_09pch9tOzDQ_OlpY;Advanced > Information Technology;https://www.linkedin.com/company/nortal/about/;-;backend OR java OR (spring AND boot) OR python OR django OR go OR golang OR php OR laravel OR ruby OR (ruby AND rails) OR c++ OR c# OR rust OR scala OR julia OR elixir OR node.js OR (asp.net AND core);nortal;1.0;LinkedIn (Easy Apply);https://www.linkedin.com/jobs/view/4443197159/;https://www.linkedin.com/jobs/view/4443197159/;Remote;Full Stack, Engenharia Geral;23/07/2026;;São Paulo;SP;Região Sudeste;Brasil;América do Sul
141;OBRAMAX;Operador de Caixa Pleno - Aparecida de Goiânia,GO;Aparecida de Goiânia (GO);22/07 18:00;https://www.linkedin.com/jobs/view/4435898374/;https://media.licdn.com/dms/image/v2/C4E0BAQE3TkZTm3payw/company-logo_100_100/company-logo_100_100/0/1631329670039?e=1786579200&v=beta&t=OW2WpH5EI4qpm6__S1Dk5TQjehhfYO-FGpdJPGm49MI;-;https://www.linkedin.com/company/obramax/about/;-;backend OR java OR (spring AND boot) OR python OR django OR go OR golang OR php OR laravel OR ruby OR (ruby AND rails) OR c++ OR c# OR rust OR scala OR julia OR elixir OR node.js OR (asp.net AND core);obramax;1.0;carreiras.obramax.com.br;https://www.linkedin.com/jobs/view/4435898374/;https://www.linkedin.com/jobs/view/4435898374/;On-site;Mid;23/07/2026;Aparecida de Goiânia;Goiás;GO;Região Centro-Oeste;Brasil;América do Sul
142;PagBank;Executivo de Vendas Pl. | Quirinopolis -GO;Quirinópolis (GO);23/07 07:00;https://www.linkedin.com/jobs/view/4385607207/;https://media.licdn.com/dms/image/v2/D4D0BAQFNHYkM6Qxejw/company-logo_100_100/B4DZyexaT9I8AY-/0/1772190279667/pagbank_logo?e=1786579200&v=beta&t=n8UhqMSIlSyKqMGEJI8oPMDuMlf9kQW-EwDFaBzHRDE;-;https://www.linkedin.com/company/pagbank/about/;Serviços Financeiros;backend OR java OR (spring AND boot) OR python OR django OR go OR golang OR php OR laravel OR ruby OR (ruby AND rails) OR c++ OR c# OR rust OR scala OR julia OR elixir OR node.js OR (asp.net AND core);pagbank;3.0;Gupy;https://www.linkedin.com/jobs/view/4385607207/;https://www.linkedin.com/jobs/view/4385607207/;On-site;Mid, Vendas / Comercial;23/07/2026;Quirinópolis;Goiás;GO;Região Centro-Oeste;Brasil;América do Sul
143;PagBank;Engenheiro de Software Sr. (Java);São Paulo (SP);22/07 17:00;https://www.linkedin.com/jobs/view/4443401379/;https://media.licdn.com/dms/image/v2/D4D0BAQFNHYkM6Qxejw/company-logo_100_100/B4DZyexaT9I8AY-/0/1772190279667/pagbank_logo?e=1786579200&v=beta&t=n8UhqMSIlSyKqMGEJI8oPMDuMlf9kQW-EwDFaBzHRDE;-;https://www.linkedin.com/company/pagbank/about/;Serviços Financeiros;backend OR java OR (spring AND boot) OR python OR django OR go OR golang OR php OR laravel OR ruby OR (ruby AND rails) OR c++ OR c# OR rust OR scala OR julia OR elixir OR node.js OR (asp.net AND core);pagbank;3.0;Gupy;https://www.linkedin.com/jobs/view/4443401379/;https://www.linkedin.com/jobs/view/4443401379/;Hybrid;Senior, TI/Tech;23/07/2026;São Paulo;São Paulo;SP;Região Sudeste;Brasil;América do Sul
144;PagBank;Engenheiro de Software Sr. (Java);São Paulo (SP);23/07 08:00;https://www.linkedin.com/jobs/view/4434678507/;https://media.licdn.com/dms/image/v2/D4D0BAQFNHYkM6Qxejw/company-logo_100_100/B4DZyexaT9I8AY-/0/1772190279667/pagbank_logo?e=1786579200&v=beta&t=n8UhqMSIlSyKqMGEJI8oPMDuMlf9kQW-EwDFaBzHRDE;-;https://www.linkedin.com/company/pagbank/about/;Serviços Financeiros;backend OR java OR (spring AND boot) OR python OR django OR go OR golang OR php OR laravel OR ruby OR (ruby AND rails) OR c++ OR c# OR rust OR scala OR julia OR elixir OR node.js OR (asp.net AND core);pagbank;3.0;Gupy;https://www.linkedin.com/jobs/view/4434678507/;https://www.linkedin.com/jobs/view/4434678507/;Remote;Senior, TI/Tech;23/07/2026;São Paulo;São Paulo;SP;Região Sudeste;Brasil;América do Sul
145;Pasquali Solution;Desenvolvedor Full Stack Python React;São Paulo (SP);22/07 15:00;https://www.linkedin.com/jobs/view/4443962246/;https://media.licdn.com/dms/image/v2/D4D0BAQGOOxnLmQRSVA/company-logo_100_100/company-logo_100_100/0/1664814183509/pasquali_solution_tech_logo?e=1786579200&v=beta&t=L3RqWCSUvhuqgYgDgudzgcvvz6kSQ9i0Hys7ulTS_rs;-;https://www.linkedin.com/company/pasquali-solution/about/;Software e Serviços de TI;backend OR java OR (spring AND boot) OR python OR django OR go OR golang OR php OR laravel OR ruby OR (ruby AND rails) OR c++ OR c# OR rust OR scala OR julia OR elixir OR node.js OR (asp.net AND core);pasquali solution;1.0;LinkedIn (Easy Apply);https://www.linkedin.com/jobs/view/4443962246/;https://www.linkedin.com/jobs/view/4443962246/;Hybrid;Full Stack;23/07/2026;São Paulo;São Paulo;SP;Região Sudeste;Brasil;América do Sul
146;Pop Trade Marketing;Promotor de Vendas Ferista (Alimentar e Farma) Aparecida de Goiânia (GO);Aparecida de Goiânia (GO);22/07 19:00;https://www.linkedin.com/jobs/view/4444210143/;https://media.licdn.com/dms/image/v2/D4D0BAQGaFSuxClteHw/company-logo_100_100/B4DZ2bp.hGG4AQ-/0/1776432966129/pop_trade_marketing_logo?e=1786579200&v=beta&t=lLYse3_Xe32jxjjlZ_Fp2ffsuj0oc2EVfM4BtSlOfz8;-;https://www.linkedin.com/company/pop-trade-marketing/about/;Marketing e Publicidade Marketing;backend OR java OR (spring AND boot) OR python OR django OR go OR golang OR php OR laravel OR ruby OR (ruby AND rails) OR c++ OR c# OR rust OR scala OR julia OR elixir OR node.js OR (asp.net AND core);pop trade marketing;1.0;;https://www.linkedin.com/jobs/view/4444210143/;https://www.linkedin.com/jobs/view/4444210143/;On-site;Vendas / Comercial;23/07/2026;Aparecida de Goiânia;Goiás;GO;Região Centro-Oeste;Brasil;América do Sul
147;Prezensa People Tech;CyberArk SME (Subject Matter Expert) - Sênior (112078);Brasil;22/07 22:00;https://www.linkedin.com/jobs/view/4444233362/;https://media.licdn.com/dms/image/v2/D4D0BAQFHBEsl9wXsRQ/company-logo_100_100/B4DZcykHL_HMAQ-/0/1748900017490/prezensa_logo?e=1786579200&v=beta&t=xRg0pMXDDqQwdA_gusPwY7_nWOxIgBVfaJ9--mEoPpA;Cybersecurity;https://www.linkedin.com/company/prezensa-people-tech/about/;Software e Serviços de TI;backend OR java OR (spring AND boot) OR python OR django OR go OR golang OR php OR laravel OR ruby OR (ruby AND rails) OR c++ OR c# OR rust OR scala OR julia OR elixir OR node.js OR (asp.net AND core);prezensa people tech;1.0;prezensa.com;https://www.linkedin.com/jobs/view/4444233362/;https://www.linkedin.com/jobs/view/4444233362/;Remote;Specialist, Senior, Subject Matter Expert (SME);23/07/2026;;;;;Brasil;América do Sul
148;Psm Company;Desenvolvedor Java;São Paulo (SP);22/07 16:00;https://www.linkedin.com/jobs/view/4441077096/;https://media.licdn.com/dms/image/v2/D4D0BAQHhjrrrQP07GQ/company-logo_100_100/company-logo_100_100/0/1735823239069/psmcompany_logo?e=1786579200&v=beta&t=7hu1bQ3EozN5PSFVZjJf7m7F9gJnIvGV5C2jtZUNdfE;-;https://www.linkedin.com/company/psm-company/about/;-;backend OR java OR (spring AND boot) OR python OR django OR go OR golang OR php OR laravel OR ruby OR (ruby AND rails) OR c++ OR c# OR rust OR scala OR julia OR elixir OR node.js OR (asp.net AND core);psm company;1.0;LinkedIn (Easy Apply);https://www.linkedin.com/jobs/view/4441077096/;https://www.linkedin.com/jobs/view/4441077096/;Hybrid;-;23/07/2026;São Paulo;São Paulo;SP;Região Sudeste;Brasil;América do Sul
149;Quik Hire Staffing;Go Developer (Remote);América Latina;23/07 04:00;https://www.linkedin.com/jobs/view/4444290275/;https://media.licdn.com/dms/image/v2/D560BAQFYxxMZnepyAw/company-logo_100_100/B56ZsDhgBgI0AQ-/0/1765290672906/quik_hire_staffing_logo?e=1786579200&v=beta&t=URxvAxuG1rjw02MblIvMK_VaaK540Cwc-SQqYmRTrmU;Advanced > Information Technology;https://www.linkedin.com/company/quik-hire-staffing/about/;-;backend OR java OR (spring AND boot) OR python OR django OR go OR golang OR php OR laravel OR ruby OR (ruby AND rails) OR c++ OR c# OR rust OR scala OR julia OR elixir OR node.js OR (asp.net AND core);quik hire staffing;1.0;jobs.micro1.ai;https://www.linkedin.com/jobs/view/4444290275/;https://www.linkedin.com/jobs/view/4444290275/;Remote;-;23/07/2026;;;;;;América Latina
150;Quik Hire Staffing;Java Backend Developer (Remote);América Latina;23/07 03:00;https://www.linkedin.com/jobs/view/4444295102/;https://media.licdn.com/dms/image/v2/D560BAQFYxxMZnepyAw/company-logo_100_100/B56ZsDhgBgI0AQ-/0/1765290672906/quik_hire_staffing_logo?e=1786579200&v=beta&t=URxvAxuG1rjw02MblIvMK_VaaK540Cwc-SQqYmRTrmU;Advanced > Information Technology;https://www.linkedin.com/company/quik-hire-staffing/about/;-;backend OR java OR (spring AND boot) OR python OR django OR go OR golang OR php OR laravel OR ruby OR (ruby AND rails) OR c++ OR c# OR rust OR scala OR julia OR elixir OR node.js OR (asp.net AND core);quik hire staffing;1.0;jobs.micro1.ai;https://www.linkedin.com/jobs/view/4444295102/;https://www.linkedin.com/jobs/view/4444295102/;Remote;Backend;23/07/2026;;;;;;América Latina
151;Quik Hire Staffing;Rust Developer (Remote);América Latina;23/07 03:00;https://www.linkedin.com/jobs/view/4444277735/;https://media.licdn.com/dms/image/v2/D560BAQFYxxMZnepyAw/company-logo_100_100/B56ZsDhgBgI0AQ-/0/1765290672906/quik_hire_staffing_logo?e=1786579200&v=beta&t=URxvAxuG1rjw02MblIvMK_VaaK540Cwc-SQqYmRTrmU;Advanced > Information Technology;https://www.linkedin.com/company/quik-hire-staffing/about/;-;backend OR java OR (spring AND boot) OR python OR django OR go OR golang OR php OR laravel OR ruby OR (ruby AND rails) OR c++ OR c# OR rust OR scala OR julia OR elixir OR node.js OR (asp.net AND core);quik hire staffing;1.0;jobs.micro1.ai;https://www.linkedin.com/jobs/view/4444277735/;https://www.linkedin.com/jobs/view/4444277735/;Remote;-;23/07/2026;;;;;;América Latina
152;Quik Hire Staffing;Senior Python Developer (Remote);América Latina;23/07 04:00;https://www.linkedin.com/jobs/view/4444283519/;https://media.licdn.com/dms/image/v2/D560BAQFYxxMZnepyAw/company-logo_100_100/B56ZsDhgBgI0AQ-/0/1765290672906/quik_hire_staffing_logo?e=1786579200&v=beta&t=URxvAxuG1rjw02MblIvMK_VaaK540Cwc-SQqYmRTrmU;Advanced > Information Technology;https://www.linkedin.com/company/quik-hire-staffing/about/;-;backend OR java OR (spring AND boot) OR python OR django OR go OR golang OR php OR laravel OR ruby OR (ruby AND rails) OR c++ OR c# OR rust OR scala OR julia OR elixir OR node.js OR (asp.net AND core);quik hire staffing;1.0;jobs.micro1.ai;https://www.linkedin.com/jobs/view/4444283519/;https://www.linkedin.com/jobs/view/4444283519/;Remote;Senior;23/07/2026;;;;;;América Latina
153;RCB Investimentos;Desenvolvedor(a) Full Stack (C#/ASP.NET);São Paulo (SP);23/07 09:00;https://www.linkedin.com/jobs/view/4441518382/;https://media.licdn.com/dms/image/v2/C4D0BAQGm8PmcqVdZoA/company-logo_100_100/company-logo_100_100/0/1630537721056/rcb_investimentos_logo?e=1786579200&v=beta&t=2OtJ_SEKHEu4xZ1QkPAaV1Tl2ulhy3GbYQLzy_Ygqx4;-;https://www.linkedin.com/company/rcb-investimentos/about/;Serviços Financeiros;backend OR java OR (spring AND boot) OR python OR django OR go OR golang OR php OR laravel OR ruby OR (ruby AND rails) OR c++ OR c# OR rust OR scala OR julia OR elixir OR node.js OR (asp.net AND core);rcb investimentos;1.0;;https://www.linkedin.com/jobs/view/4441518382/;https://www.linkedin.com/jobs/view/4441518382/;Hybrid;Full Stack;23/07/2026;São Paulo;São Paulo;SP;Região Sudeste;Brasil;América do Sul
154;RD Station;Engenharia de Software Backend Sênior - Ruby on Rails- IA | RD Station (Remoto);Brasil;22/07 17:00;https://www.linkedin.com/jobs/view/4443183904/;https://media.licdn.com/dms/image/v2/D4D0BAQFuFR3WmHXFHQ/company-logo_100_100/B4DZd7RgByGsAQ-/0/1750119875130/rd_station_logo?e=1786579200&v=beta&t=eF5h_1X9mm8He5QJ48OfOcHQOLckWc42wsTCLbN7KXQ;-;https://www.linkedin.com/company/rd-station/about/;Inteligência Artificial;backend OR java OR (spring AND boot) OR python OR django OR go OR golang OR php OR laravel OR ruby OR (ruby AND rails) OR c++ OR c# OR rust OR scala OR julia OR elixir OR node.js OR (asp.net AND core);rd station;1.0;LinkedIn (Easy Apply);https://www.linkedin.com/jobs/view/4443183904/;https://www.linkedin.com/jobs/view/4443183904/;Remote;Inteligência Artificial, Senior, TI/Tech, Backend, Engenharia Geral;23/07/2026;;;;;Brasil;América do Sul
155;RD Station;Engenharia de Software Backend Sênior - Ruby on Rails- IA | RD Station (Remoto) afirmativa para mulheres;Brasil;22/07 17:00;https://www.linkedin.com/jobs/view/4443194548/;https://media.licdn.com/dms/image/v2/D4D0BAQFuFR3WmHXFHQ/company-logo_100_100/B4DZd7RgByGsAQ-/0/1750119875130/rd_station_logo?e=1786579200&v=beta&t=eF5h_1X9mm8He5QJ48OfOcHQOLckWc42wsTCLbN7KXQ;-;https://www.linkedin.com/company/rd-station/about/;Inteligência Artificial;backend OR java OR (spring AND boot) OR python OR django OR go OR golang OR php OR laravel OR ruby OR (ruby AND rails) OR c++ OR c# OR rust OR scala OR julia OR elixir OR node.js OR (asp.net AND core);rd station;1.0;LinkedIn (Easy Apply);https://www.linkedin.com/jobs/view/4443194548/;https://www.linkedin.com/jobs/view/4443194548/;Remote;Inteligência Artificial, PCD / Afirmativa, Senior, TI/Tech, Backend, Engenharia Geral;23/07/2026;;;;;Brasil;América do Sul
156;RH Ser Consultoria Empresarial;Desenvolvedor Ruby (Contrato Pj) - Natal - Carreiras Disponíveis;Natal (RN);23/07 05:00;https://www.linkedin.com/jobs/view/4444289908/;https://media.licdn.com/dms/image/v2/C4E0BAQFC399KPceCTQ/company-logo_100_100/company-logo_100_100/0/1630574192193?e=1786579200&v=beta&t=g4FKM-5IcTvZXc76DTd4mbiKNwRBLRjQhhicc-MGsyQ;-;https://www.linkedin.com/company/rh-ser-consultoria-empresarial/about/;Consultoria e Assessoria;backend OR java OR (spring AND boot) OR python OR django OR go OR golang OR php OR laravel OR ruby OR (ruby AND rails) OR c++ OR c# OR rust OR scala OR julia OR elixir OR node.js OR (asp.net AND core);rh ser consultoria empresarial;1.0;Vagas.com;https://www.linkedin.com/jobs/view/4444289908/;https://www.linkedin.com/jobs/view/4444289908/;On-site;Freelance/PJ;23/07/2026;Natal;Rio Grande do Norte;RN;Região Nordeste;Brasil;América do Sul
157;RH Ser Consultoria Empresarial;Desenvolvedor Ruby (Contrato Pj) - Oportunidades Profissionais;Natal (RN);23/07 05:00;https://www.linkedin.com/jobs/view/4444297504/;https://media.licdn.com/dms/image/v2/C4E0BAQFC399KPceCTQ/company-logo_100_100/company-logo_100_100/0/1630574192193?e=1786579200&v=beta&t=g4FKM-5IcTvZXc76DTd4mbiKNwRBLRjQhhicc-MGsyQ;-;https://www.linkedin.com/company/rh-ser-consultoria-empresarial/about/;Consultoria e Assessoria;backend OR java OR (spring AND boot) OR python OR django OR go OR golang OR php OR laravel OR ruby OR (ruby AND rails) OR c++ OR c# OR rust OR scala OR julia OR elixir OR node.js OR (asp.net AND core);rh ser consultoria empresarial;1.0;Vagas.com;https://www.linkedin.com/jobs/view/4444297504/;https://www.linkedin.com/jobs/view/4444297504/;On-site;Freelance/PJ;23/07/2026;Natal;Rio Grande do Norte;RN;Região Nordeste;Brasil;América do Sul
158;Radix;Profissional Liderança Técnica de Software (React + Python);Brasil;23/07 08:00;https://www.linkedin.com/jobs/view/4441515305/;https://media.licdn.com/dms/image/v2/D4D0BAQFGdctkzx8Cfw/company-logo_100_100/B4DZaIREVsG0AU-/0/1746042898188/radixeng_logo?e=1786579200&v=beta&t=AGi7b99mH_4OPMSt7dw6FVXZduGov_kjOVai8CyoyjY;-;https://www.linkedin.com/company/radix/about/;Software e Serviços de TI;backend OR java OR (spring AND boot) OR python OR django OR go OR golang OR php OR laravel OR ruby OR (ruby AND rails) OR c++ OR c# OR rust OR scala OR julia OR elixir OR node.js OR (asp.net AND core);radix;1.0;Inhire;https://www.linkedin.com/jobs/view/4441515305/;https://www.linkedin.com/jobs/view/4441515305/;Remote;Liderança/Gerência, TI/Tech;23/07/2026;;;;;Brasil;América do Sul
159;Radix;Profissional de Desenvolvimento Fullstack Senior (React e Python);Brasil;23/07 08:00;https://www.linkedin.com/jobs/view/4441099969/;https://media.licdn.com/dms/image/v2/D4D0BAQFGdctkzx8Cfw/company-logo_100_100/B4DZaIREVsG0AU-/0/1746042898188/radixeng_logo?e=1786579200&v=beta&t=AGi7b99mH_4OPMSt7dw6FVXZduGov_kjOVai8CyoyjY;-;https://www.linkedin.com/company/radix/about/;Software e Serviços de TI;backend OR java OR (spring AND boot) OR python OR django OR go OR golang OR php OR laravel OR ruby OR (ruby AND rails) OR c++ OR c# OR rust OR scala OR julia OR elixir OR node.js OR (asp.net AND core);radix;1.0;Inhire;https://www.linkedin.com/jobs/view/4441099969/;https://www.linkedin.com/jobs/view/4441099969/;Remote;Senior, Full Stack;23/07/2026;;;;;Brasil;América do Sul
160;Radix;Profissional de Liderança Técnica de Software Fullstack (Python+React);Brasil;23/07 08:00;https://www.linkedin.com/jobs/view/4441509659/;https://media.licdn.com/dms/image/v2/D4D0BAQFGdctkzx8Cfw/company-logo_100_100/B4DZaIREVsG0AU-/0/1746042898188/radixeng_logo?e=1786579200&v=beta&t=AGi7b99mH_4OPMSt7dw6FVXZduGov_kjOVai8CyoyjY;-;https://www.linkedin.com/company/radix/about/;Software e Serviços de TI;backend OR java OR (spring AND boot) OR python OR django OR go OR golang OR php OR laravel OR ruby OR (ruby AND rails) OR c++ OR c# OR rust OR scala OR julia OR elixir OR node.js OR (asp.net AND core);radix;1.0;Inhire;https://www.linkedin.com/jobs/view/4441509659/;https://www.linkedin.com/jobs/view/4441509659/;Remote;Liderança/Gerência, TI/Tech, Full Stack;23/07/2026;;;;;Brasil;América do Sul
161;Rede Drops Motéis;Auxiliar de Higienização 12x36 - Aparecida de Goiânia– GO;Goiânia (GO);23/07 00:00;https://www.linkedin.com/jobs/view/4443458798/;https://media.licdn.com/dms/image/v2/C4D0BAQGRBzf3PnskhQ/company-logo_100_100/company-logo_100_100/0/1677853895209?e=1786579200&v=beta&t=fCWDgHIw98fJto8Si_pSyeCUyBaCT85N9sukq7zBdqU;-;https://www.linkedin.com/company/rede-drops-mot-is/about/;-;backend OR java OR (spring AND boot) OR python OR django OR go OR golang OR php OR laravel OR ruby OR (ruby AND rails) OR c++ OR c# OR rust OR scala OR julia OR elixir OR node.js OR (asp.net AND core);rede drops motéis;1.0;;https://www.linkedin.com/jobs/view/4443458798/;https://www.linkedin.com/jobs/view/4443458798/;On-site;Associate;23/07/2026;Goiânia;Goiás;GO;Região Centro-Oeste;Brasil;América do Sul
162;Rede Drops Motéis;Auxiliar de Limpeza x - Aparecida de Goiânia– GO;Goiânia (GO);23/07 00:00;https://www.linkedin.com/jobs/view/4443458748/;https://media.licdn.com/dms/image/v2/C4D0BAQGRBzf3PnskhQ/company-logo_100_100/company-logo_100_100/0/1677853895209?e=1786579200&v=beta&t=fCWDgHIw98fJto8Si_pSyeCUyBaCT85N9sukq7zBdqU;-;https://www.linkedin.com/company/rede-drops-mot-is/about/;-;backend OR java OR (spring AND boot) OR python OR django OR go OR golang OR php OR laravel OR ruby OR (ruby AND rails) OR c++ OR c# OR rust OR scala OR julia OR elixir OR node.js OR (asp.net AND core);rede drops motéis;1.0;;https://www.linkedin.com/jobs/view/4443458748/;https://www.linkedin.com/jobs/view/4443458748/;On-site;Associate;23/07/2026;Goiânia;Goiás;GO;Região Centro-Oeste;Brasil;América do Sul
163;Ruby Labs;SEO Specialist;Montenegro (RS);22/07 17:00;https://www.linkedin.com/jobs/view/4444200022/;https://media.licdn.com/dms/image/v2/D4D0BAQHag218ZcBdPQ/company-logo_100_100/B4DZYalhpnGkBE-/0/1744202767362/rlabs_company_logo?e=1786579200&v=beta&t=L1j-o5jF_NgmBRfMRmvwiLU87LaIzXcs8wJIdx7t_V4;Advanced > Specialist;https://www.linkedin.com/company/ruby-labs/about/;-;backend OR java OR (spring AND boot) OR python OR django OR go OR golang OR php OR laravel OR ruby OR (ruby AND rails) OR c++ OR c# OR rust OR scala OR julia OR elixir OR node.js OR (asp.net AND core);ruby labs;1.0;jobs.ashbyhq.com;https://www.linkedin.com/jobs/view/4444200022/;https://www.linkedin.com/jobs/view/4444200022/;Remote;Specialist;23/07/2026;Montenegro;Rio Grande do Sul;RS;Região Sul;Brasil;América do Sul
164;SME Careers;Go Engineer;Brasil;23/07 08:00;https://www.linkedin.com/jobs/view/4417471949/;https://media.licdn.com/dms/image/v2/D4E0BAQEdy-TZMZ8ftA/company-logo_100_100/B4EZ7M_nJeJUAI-/0/1781555688717/sme_careers_logo?e=1786579200&v=beta&t=tSKm9pX1G4aCGLPP62jzvWlzAjIjcSR9FUsN1NTXIhQ;Advanced > Information Technology;https://www.linkedin.com/company/sme-careers/about/;-;backend OR java OR (spring AND boot) OR python OR django OR go OR golang OR php OR laravel OR ruby OR (ruby AND rails) OR c++ OR c# OR rust OR scala OR julia OR elixir OR node.js OR (asp.net AND core);sme careers;1.0;;https://www.linkedin.com/jobs/view/4417471949/;https://www.linkedin.com/jobs/view/4417471949/;Remote;Engenharia Geral;23/07/2026;;;;;Brasil;América do Sul
165;SOUTH SYSTEM;Desenvolvedor(a)  Fullstack Pleno;Brasil;22/07 18:00;https://www.linkedin.com/jobs/view/4443999576/;https://media.licdn.com/dms/image/v2/C4D0BAQErlJA-5uR95g/company-logo_100_100/company-logo_100_100/0/1630478999116?e=1786579200&v=beta&t=8iCohW3XW10-g1RE58G5zM_hRzt9nmHAn5m5Tt0kmzo;-;https://www.linkedin.com/company/south-system/about/;-;backend OR java OR (spring AND boot) OR python OR django OR go OR golang OR php OR laravel OR ruby OR (ruby AND rails) OR c++ OR c# OR rust OR scala OR julia OR elixir OR node.js OR (asp.net AND core);south system;1.0;;https://www.linkedin.com/jobs/view/4443999576/;https://www.linkedin.com/jobs/view/4443999576/;Remote;Mid, Full Stack;23/07/2026;;;;;Brasil;América do Sul
166;SYDLE;Desenvolvedor(a) Java;Belo Horizonte (MG);22/07 23:00;https://www.linkedin.com/jobs/view/4444239852/;https://media.licdn.com/dms/image/v2/C4D0BAQG8J8P3_jCo5w/company-logo_100_100/company-logo_100_100/0/1630519600811/sydle_logo?e=1786579200&v=beta&t=Z3It4walUmAXlyIx1iqWLpHoIYmuTJ037RcxrRp5aaE;-;https://www.linkedin.com/company/sydle/about/;-;backend OR java OR (spring AND boot) OR python OR django OR go OR golang OR php OR laravel OR ruby OR (ruby AND rails) OR c++ OR c# OR rust OR scala OR julia OR elixir OR node.js OR (asp.net AND core);sydle;1.0;;https://www.linkedin.com/jobs/view/4444239852/;https://www.linkedin.com/jobs/view/4444239852/;On-site;-;23/07/2026;Belo Horizonte;Minas Gerais;MG;Região Sudeste;Brasil;América do Sul
167;SYDLE;Engenheiro(a) de Software Java;Belo Horizonte (MG);22/07 23:00;https://www.linkedin.com/jobs/view/4444248456/;https://media.licdn.com/dms/image/v2/C4D0BAQG8J8P3_jCo5w/company-logo_100_100/company-logo_100_100/0/1630519600811/sydle_logo?e=1786579200&v=beta&t=Z3It4walUmAXlyIx1iqWLpHoIYmuTJ037RcxrRp5aaE;-;https://www.linkedin.com/company/sydle/about/;Software e Serviços de TI;backend OR java OR (spring AND boot) OR python OR django OR go OR golang OR php OR laravel OR ruby OR (ruby AND rails) OR c++ OR c# OR rust OR scala OR julia OR elixir OR node.js OR (asp.net AND core);sydle;1.0;;https://www.linkedin.com/jobs/view/4444248456/;https://www.linkedin.com/jobs/view/4444248456/;On-site;TI/Tech;23/07/2026;Belo Horizonte;Minas Gerais;MG;Região Sudeste;Brasil;América do Sul
168;Salsa Technology;Senior Software Engineer (Java | Angular | IA);São Paulo (SP);22/07 14:00;https://www.linkedin.com/jobs/view/4441065219/;https://media.licdn.com/dms/image/v2/D4D0BAQFQ0smJfbw_SA/company-logo_100_100/company-logo_100_100/0/1688572251343/salsa_technology_logo?e=1786579200&v=beta&t=vRQ1dkzog1hfAmFl1Z41-B1tYM6S61uyLyKVYPOKXUw;Advanced > Information Technology;https://www.linkedin.com/company/salsa-technology/about/;Inteligência Artificial;backend OR java OR (spring AND boot) OR python OR django OR go OR golang OR php OR laravel OR ruby OR (ruby AND rails) OR c++ OR c# OR rust OR scala OR julia OR elixir OR node.js OR (asp.net AND core);salsa technology;1.0;;https://www.linkedin.com/jobs/view/4441065219/;https://www.linkedin.com/jobs/view/4441065219/;Remote;Inteligência Artificial, Senior, TI/Tech, Engenharia Geral;23/07/2026;São Paulo;São Paulo;SP;Região Sudeste;Brasil;América do Sul
169;Santander;Staff Software Engineer (Java);São Paulo (SP);23/07 07:00;https://www.linkedin.com/jobs/view/4432374571/;https://media.licdn.com/dms/image/v2/D4D0BAQGVRxhl9ugIOA/company-logo_100_100/company-logo_100_100/0/1719830522728/banco_santander_logo?e=1786579200&v=beta&t=HWlcFfI3EDAGKxzgvv3uzRAkBgWz_-ai6d65BFNmKTg;Advanced > Information Technology;https://www.linkedin.com/company/santander/about/;Software e Serviços de TI;backend OR java OR (spring AND boot) OR python OR django OR go OR golang OR php OR laravel OR ruby OR (ruby AND rails) OR c++ OR c# OR rust OR scala OR julia OR elixir OR node.js OR (asp.net AND core);santander;4.0;;https://www.linkedin.com/jobs/view/4432374571/;https://www.linkedin.com/jobs/view/4432374571/;Hybrid;TI/Tech, Engenharia Geral;23/07/2026;São Paulo;São Paulo;SP;Região Sudeste;Brasil;América do Sul
170;Santander Brasil;IT Developer III (Fullstack - Node.js/Angular);São Paulo (SP);23/07 08:00;https://www.linkedin.com/jobs/view/4426333069/;https://media.licdn.com/dms/image/v2/D4D0BAQGO_CAKXyEH2g/company-logo_100_100/B4DZfGdXQHHMAQ-/0/1751381276407/grupo_santander_brasil_logo?e=1786579200&v=beta&t=XafVIVQTi8tcIVnRubonkGEgEu_FqAxMBd6vSeLnqBY;Advanced > Information Technology;https://www.linkedin.com/company/santander-brasil/about/;Software e Serviços de TI;backend OR java OR (spring AND boot) OR python OR django OR go OR golang OR php OR laravel OR ruby OR (ruby AND rails) OR c++ OR c# OR rust OR scala OR julia OR elixir OR node.js OR (asp.net AND core);santander brasil;4.0;Workday;https://www.linkedin.com/jobs/view/4426333069/;https://www.linkedin.com/jobs/view/4426333069/;On-site;Full Stack;23/07/2026;São Paulo;São Paulo;SP;Região Sudeste;Brasil;América do Sul
171;Selbetti Tecnologia;Desenvolvedor Python Pleno;São Paulo (SP);22/07 14:00;https://www.linkedin.com/jobs/view/4441045962/;https://media.licdn.com/dms/image/v2/C4D0BAQFfmskUMxPNHw/company-logo_100_100/company-logo_100_100/0/1650278940409/selbettioficial_logo?e=1786579200&v=beta&t=lKlizfEL2f1enPU2U25bFTgcgP2jqNZtVVmeAuSh-6k;-;https://www.linkedin.com/company/selbetti-tecnologia/about/;Software e Serviços de TI;backend OR java OR (spring AND boot) OR python OR django OR go OR golang OR php OR laravel OR ruby OR (ruby AND rails) OR c++ OR c# OR rust OR scala OR julia OR elixir OR node.js OR (asp.net AND core);selbetti tecnologia;1.0;LinkedIn;https://www.linkedin.com/jobs/view/4441045962/;https://www.linkedin.com/jobs/view/4441045962/;Remote;Mid;23/07/2026;São Paulo;São Paulo;SP;Região Sudeste;Brasil;América do Sul
172;Sem Parar;Vendedor(a) | Rio Verde - GO;Rio Verde (GO);22/07 20:00;https://www.linkedin.com/jobs/view/4441086499/;https://media.licdn.com/dms/image/v2/D4D0BAQHT-R9QCU8Yeg/company-logo_100_100/B4DZpunn17HsAQ-/0/1762792472466/semparar_logo?e=1786579200&v=beta&t=CRTn_hXOvDBfembAG4hspS4C6cxDm9cVHluicHdLpZ8;-;https://www.linkedin.com/company/sem-parar/about/;-;backend OR java OR (spring AND boot) OR python OR django OR go OR golang OR php OR laravel OR ruby OR (ruby AND rails) OR c++ OR c# OR rust OR scala OR julia OR elixir OR node.js OR (asp.net AND core);sem parar;1.0;;https://www.linkedin.com/jobs/view/4441086499/;https://www.linkedin.com/jobs/view/4441086499/;On-site;Vendas / Comercial;23/07/2026;Rio Verde;Goiás;GO;Região Centro-Oeste;Brasil;América do Sul
173;Senior Sistemas;Software Developer C# (Aparecida de Goiânia) - 11587;Aparecida de Goiânia (GO);22/07 19:00;https://www.linkedin.com/jobs/view/4441079630/;https://media.licdn.com/dms/image/v2/C4E0BAQFlbJMLQgUBbQ/company-logo_100_100/company-logo_100_100/0/1631330968616?e=1786579200&v=beta&t=4VrAzxlpMhYXnu6pIRX_zVhJkdtWI4qGSo11rFUa818;Advanced > Information Technology;https://www.linkedin.com/company/senior-sistemas/about/;Software e Serviços de TI;backend OR java OR (spring AND boot) OR python OR django OR go OR golang OR php OR laravel OR ruby OR (ruby AND rails) OR c++ OR c# OR rust OR scala OR julia OR elixir OR node.js OR (asp.net AND core);senior sistemas;1.0;Senior;https://www.linkedin.com/jobs/view/4441079630/;https://www.linkedin.com/jobs/view/4441079630/;On-site;TI/Tech;23/07/2026;Aparecida de Goiânia;Goiás;GO;Região Centro-Oeste;Brasil;América do Sul
174;SiDi;Desenvolvedor Backend Sênior - Spring Boot;Manaus (AM);22/07 16:00;https://www.linkedin.com/jobs/view/4443971564/;https://media.licdn.com/dms/image/v2/D4D0BAQEpl8iPEufIuA/company-logo_100_100/company-logo_100_100/0/1738584184363/segueosidi_logo?e=1786579200&v=beta&t=0-Dc8_Js1R1WAM3pC8un2I9zp74uGa-HW8UcTgcw0Ig;-;https://www.linkedin.com/company/sidi/about/;-;backend OR java OR (spring AND boot) OR python OR django OR go OR golang OR php OR laravel OR ruby OR (ruby AND rails) OR c++ OR c# OR rust OR scala OR julia OR elixir OR node.js OR (asp.net AND core);sidi;1.0;;https://www.linkedin.com/jobs/view/4443971564/;https://www.linkedin.com/jobs/view/4443971564/;Hybrid;Senior, Backend;23/07/2026;Manaus;Amazonas;AM;Região Norte;Brasil;América do Sul
175;Sigma Software Group;Lead/Principal Go Developer (AdTech);Brasília (DF);23/07 06:00;https://www.linkedin.com/jobs/view/4441504343/;https://media.licdn.com/dms/image/v2/D4D0BAQFUAFNR3r4v3w/company-logo_100_100/B4DZTgds1iHkAY-/0/1738932670308/sigma_software_group_logo?e=1786579200&v=beta&t=jTxgkCiOgiTG9ylErwOKbJP27nMPLrwmry8r7UtXaxY;Middle > Manager;https://www.linkedin.com/company/sigma-software-group/about/;Software e Serviços de TI;backend OR java OR (spring AND boot) OR python OR django OR go OR golang OR php OR laravel OR ruby OR (ruby AND rails) OR c++ OR c# OR rust OR scala OR julia OR elixir OR node.js OR (asp.net AND core);sigma software group;1.0;;https://www.linkedin.com/jobs/view/4441504343/;https://www.linkedin.com/jobs/view/4441504343/;On-site;Mid, Liderança/Gerência, TI/Tech;23/07/2026;;Distrito Federal;DF;Região Centro-Oeste;Brasil;América do Sul
176;Softplan;Pessoa Desenvolvedora Fullstack Java/React Senior (Remoto) l 4704;Brasil;22/07 20:00;https://www.linkedin.com/jobs/view/4441088437/;https://media.licdn.com/dms/image/v2/D4D0BAQFEnHNTC6jGgA/company-logo_100_100/B4DZo6hrVzGQAU-/0/1761918498819/softplan_logo?e=1786579200&v=beta&t=rea1s1rCXIY_MUMXoTxDsslv1w2zOHW9RGjHOdo1kE0;-;https://www.linkedin.com/company/softplan/about/;-;backend OR java OR (spring AND boot) OR python OR django OR go OR golang OR php OR laravel OR ruby OR (ruby AND rails) OR c++ OR c# OR rust OR scala OR julia OR elixir OR node.js OR (asp.net AND core);softplan;1.0;;https://www.linkedin.com/jobs/view/4441088437/;https://www.linkedin.com/jobs/view/4441088437/;Remote;PCD / Afirmativa, Senior, Full Stack;23/07/2026;;;;;Brasil;América do Sul
177;Stone;Executivo(a) Comercial Hunter para Grandes Contas | Caldas Novas/GO;Caldas Novas (GO);23/07 08:00;https://www.linkedin.com/jobs/view/4434656518/;https://media.licdn.com/dms/image/v2/D4D0BAQEZQ73DBLnfwg/company-logo_100_100/B4DZ4tXA2qHAAM-/0/1778877468290/stone_co_logo?e=1786579200&v=beta&t=R4mgPEfOILkzcwVAqjxojJhImdW6OhHsGakZbdteqEg;-;https://www.linkedin.com/company/stone/about/;Software e Serviços de TI;backend OR java OR (spring AND boot) OR python OR django OR go OR golang OR php OR laravel OR ruby OR (ruby AND rails) OR c++ OR c# OR rust OR scala OR julia OR elixir OR node.js OR (asp.net AND core);stone;5.0;LinkedIn (Easy Apply);https://www.linkedin.com/jobs/view/4434656518/;https://www.linkedin.com/jobs/view/4434656518/;Hybrid;Vendas / Comercial;23/07/2026;Caldas Novas;Goiás;GO;Região Centro-Oeste;Brasil;América do Sul
178;SumUp;Senior Backend Engineer;Florianópolis (SC);23/07 09:00;https://www.linkedin.com/jobs/view/4423165417/;https://media.licdn.com/dms/image/v2/D560BAQHqwxdI_YvUMg/company-logo_100_100/B56Z6JNPm7I8AI-/0/1780418411178/sumup_logo?e=1786579200&v=beta&t=kOMcp3cwewiWOzRyiUCPO1l7Ry6WxdT6wsiTpHfXjxU;Advanced > Information Technology;https://www.linkedin.com/company/sumup/about/;-;backend OR java OR (spring AND boot) OR python OR django OR go OR golang OR php OR laravel OR ruby OR (ruby AND rails) OR c++ OR c# OR rust OR scala OR julia OR elixir OR node.js OR (asp.net AND core);sumup;1.0;;https://www.linkedin.com/jobs/view/4423165417/;https://www.linkedin.com/jobs/view/4423165417/;On-site;Senior, Backend, Engenharia Geral;23/07/2026;Florianópolis;Santa Catarina;SC;Região Sul;Brasil;América do Sul
179;TOTVS;Especialista em Desenvolvimento Backend (Java);São Paulo (SP);22/07 14:00;https://www.linkedin.com/jobs/view/4441053832/;https://media.licdn.com/dms/image/v2/D4D0BAQEATHMUo8sshg/company-logo_100_100/B4DZd7OnTLHkAQ-/0/1750119118553/totvs_logo?e=1786579200&v=beta&t=WlkJv0V6HiDCYp32IcWMoxwVhKUd80sTKlxuFaGNF6g;Advanced > Specialist;https://www.linkedin.com/company/totvs/about/;Software e Serviços de TI;backend OR java OR (spring AND boot) OR python OR django OR go OR golang OR php OR laravel OR ruby OR (ruby AND rails) OR c++ OR c# OR rust OR scala OR julia OR elixir OR node.js OR (asp.net AND core);totvs;4.0;Totvs;https://www.linkedin.com/jobs/view/4441053832/;https://www.linkedin.com/jobs/view/4441053832/;Hybrid;Specialist, Backend;23/07/2026;São Paulo;São Paulo;SP;Região Sudeste;Brasil;América do Sul
180;TRACTIAN;Senior Backend Engineer;São Paulo (SP);22/07 21:00;https://www.linkedin.com/jobs/view/4443416703/;https://media.licdn.com/dms/image/v2/D4D0BAQFy11_pDnXLDA/company-logo_100_100/company-logo_100_100/0/1705859564086/get_tractian_logo?e=1786579200&v=beta&t=ug_PjoBftgAcNbViPTz9z9aCO-qoD6mSqjkb8W-a0BI;Advanced > Information Technology;https://www.linkedin.com/company/tractian/about/;Software e Serviços de TI;backend OR java OR (spring AND boot) OR python OR django OR go OR golang OR php OR laravel OR ruby OR (ruby AND rails) OR c++ OR c# OR rust OR scala OR julia OR elixir OR node.js OR (asp.net AND core);tractian;1.0;;https://www.linkedin.com/jobs/view/4443416703/;https://www.linkedin.com/jobs/view/4443416703/;Remote;Senior, Backend, Engenharia Geral;23/07/2026;São Paulo;São Paulo;SP;Região Sudeste;Brasil;América do Sul
181;Tahto;ESPECIALISTA EM ATENDIMENTO AO CLIENTE - VOZ/CHAT (PRESENCIAL)  - GOIÂNIA/GO;Goiânia (GO);22/07 20:00;https://www.linkedin.com/jobs/view/4441086510/;https://media.licdn.com/dms/image/v2/D4D0BAQEKhMZ5JgliEQ/company-logo_100_100/B4DZzS8gNZKgAQ-/0/1773065602482/oficialtahto_logo?e=1786579200&v=beta&t=MCfrnQXdc6HPs5MgZkSX4dzxOWLHiFesid8la1qj_As;Advanced > Specialist;https://www.linkedin.com/company/tahto/about/;Vendas e Suporte;backend OR java OR (spring AND boot) OR python OR django OR go OR golang OR php OR laravel OR ruby OR (ruby AND rails) OR c++ OR c# OR rust OR scala OR julia OR elixir OR node.js OR (asp.net AND core);tahto;1.0;;https://www.linkedin.com/jobs/view/4441086510/;https://www.linkedin.com/jobs/view/4441086510/;On-site;Specialist;23/07/2026;Goiânia;Goiás;GO;Região Centro-Oeste;Brasil;América do Sul
182;Tecsa® Group;Desenvolvedor(a) Full-Stack Pleno | .NET, C# & Vue.js;São Paulo (SP);23/07 08:00;https://www.linkedin.com/jobs/view/4441507586/;https://media.licdn.com/dms/image/v2/D4D0BAQEJyxqtvTiQ0w/company-logo_100_100/B4DZrqtfDvIkAQ-/0/1764874384145/tecsa_group_logo?e=1786579200&v=beta&t=CsckThL5MZvA1ZfHIoT6xxf9wsaEGEyz8MnZnIfmAZk;-;https://www.linkedin.com/company/tecsa-group/about/;-;backend OR java OR (spring AND boot) OR python OR django OR go OR golang OR php OR laravel OR ruby OR (ruby AND rails) OR c++ OR c# OR rust OR scala OR julia OR elixir OR node.js OR (asp.net AND core);tecsa® group;1.0;;https://www.linkedin.com/jobs/view/4441507586/;https://www.linkedin.com/jobs/view/4441507586/;Hybrid;Mid, Full Stack;23/07/2026;São Paulo;São Paulo;SP;Região Sudeste;Brasil;América do Sul
183;Tether.io;Backend Engineer - Wallets (100% Remote);Brasil;23/07 08:00;https://www.linkedin.com/jobs/view/4410059890/;https://media.licdn.com/dms/image/v2/D4E0BAQHJph6vT09TdQ/company-logo_100_100/company-logo_100_100/0/1716108635836/tether_logo?e=1786579200&v=beta&t=orsUKxagbloK4tQ3F6R3gfbLkUz0IYgQylL-1Y6aRNk;Advanced > Information Technology;https://www.linkedin.com/company/tether-io/about/;-;backend OR java OR (spring AND boot) OR python OR django OR go OR golang OR php OR laravel OR ruby OR (ruby AND rails) OR c++ OR c# OR rust OR scala OR julia OR elixir OR node.js OR (asp.net AND core);tether.io;1.0;careers.tether.io;https://www.linkedin.com/jobs/view/4410059890/;https://www.linkedin.com/jobs/view/4410059890/;Remote;Backend, Engenharia Geral;23/07/2026;;;;;Brasil;América do Sul
184;The Mosaic Company;Operador(a) de Equipamentos Móveis I - Catalão 2/GO;Catalão (GO);22/07 17:00;https://www.linkedin.com/jobs/view/4427157089/;https://media.licdn.com/dms/image/v2/C560BAQHMV1GdO_3MRA/company-logo_100_100/company-logo_100_100/0/1630618143856/mosaiccompany_logo?e=1786579200&v=beta&t=N9TUmLOE8nvl9ZF4A1c2e4dsGEReLEJCtDE8f45fQYU;-;https://www.linkedin.com/company/the-mosaic-company/about/;-;backend OR java OR (spring AND boot) OR python OR django OR go OR golang OR php OR laravel OR ruby OR (ruby AND rails) OR c++ OR c# OR rust OR scala OR julia OR elixir OR node.js OR (asp.net AND core);the mosaic company;1.0;;https://www.linkedin.com/jobs/view/4427157089/;https://www.linkedin.com/jobs/view/4427157089/;On-site;-;23/07/2026;Catalão;Goiás;GO;Região Centro-Oeste;Brasil;América do Sul
185;Tool Engenharia e Comércio de Sistemas Ltda.;Assistente Administrativo Financeiro - GO - GO;Aparecida de Goiânia (GO);23/07 00:00;https://www.linkedin.com/jobs/view/4443441905/;https://media.licdn.com/dms/image/v2/C4E0BAQH0EoMe7oMEqQ/company-logo_100_100/company-logo_100_100/0/1631349714202?e=1786579200&v=beta&t=EbToMvqpQ9Zn6worj_GQtCT59Dt8mO-JGGwlugdod3o;-;https://www.linkedin.com/company/tool-engenharia-e-com-rcio-de-sistemas-ltda/about/;Serviços Financeiros;backend OR java OR (spring AND boot) OR python OR django OR go OR golang OR php OR laravel OR ruby OR (ruby AND rails) OR c++ OR c# OR rust OR scala OR julia OR elixir OR node.js OR (asp.net AND core);tool engenharia e comércio de sistemas ltda.;1.0;empregos.com.br;https://www.linkedin.com/jobs/view/4443441905/;https://www.linkedin.com/jobs/view/4443441905/;On-site;Associate, Financeiro/Fiscal;23/07/2026;Aparecida de Goiânia;Goiás;GO;Região Centro-Oeste;Brasil;América do Sul
186;Tool Engenharia e Comércio de Sistemas Ltda.;Eletricista de Rede de Distribuição - GO - GO;Aparecida de Goiânia (GO);23/07 00:00;https://www.linkedin.com/jobs/view/4443451809/;https://media.licdn.com/dms/image/v2/C4E0BAQH0EoMe7oMEqQ/company-logo_100_100/company-logo_100_100/0/1631349714202?e=1786579200&v=beta&t=EbToMvqpQ9Zn6worj_GQtCT59Dt8mO-JGGwlugdod3o;-;https://www.linkedin.com/company/tool-engenharia-e-com-rcio-de-sistemas-ltda/about/;Software e Serviços de TI;backend OR java OR (spring AND boot) OR python OR django OR go OR golang OR php OR laravel OR ruby OR (ruby AND rails) OR c++ OR c# OR rust OR scala OR julia OR elixir OR node.js OR (asp.net AND core);tool engenharia e comércio de sistemas ltda.;1.0;empregos.com.br;https://www.linkedin.com/jobs/view/4443451809/;https://www.linkedin.com/jobs/view/4443451809/;On-site;-;23/07/2026;Aparecida de Goiânia;Goiás;GO;Região Centro-Oeste;Brasil;América do Sul
187;Tool Engenharia e Comércio de Sistemas Ltda.;Montador de Painéis - GO - GO;Aparecida de Goiânia (GO);23/07 00:00;https://www.linkedin.com/jobs/view/4443463683/;https://media.licdn.com/dms/image/v2/C4E0BAQH0EoMe7oMEqQ/company-logo_100_100/company-logo_100_100/0/1631349714202?e=1786579200&v=beta&t=EbToMvqpQ9Zn6worj_GQtCT59Dt8mO-JGGwlugdod3o;-;https://www.linkedin.com/company/tool-engenharia-e-com-rcio-de-sistemas-ltda/about/;Software e Serviços de TI;backend OR java OR (spring AND boot) OR python OR django OR go OR golang OR php OR laravel OR ruby OR (ruby AND rails) OR c++ OR c# OR rust OR scala OR julia OR elixir OR node.js OR (asp.net AND core);tool engenharia e comércio de sistemas ltda.;1.0;empregos.com.br;https://www.linkedin.com/jobs/view/4443463683/;https://www.linkedin.com/jobs/view/4443463683/;On-site;-;23/07/2026;Aparecida de Goiânia;Goiás;GO;Região Centro-Oeste;Brasil;América do Sul
188;Tool Engenharia e Comércio de Sistemas Ltda.;Motorista Operador de Munck - GO - GO;Aparecida de Goiânia (GO);23/07 00:00;https://www.linkedin.com/jobs/view/4443450797/;https://media.licdn.com/dms/image/v2/C4E0BAQH0EoMe7oMEqQ/company-logo_100_100/company-logo_100_100/0/1631349714202?e=1786579200&v=beta&t=EbToMvqpQ9Zn6worj_GQtCT59Dt8mO-JGGwlugdod3o;-;https://www.linkedin.com/company/tool-engenharia-e-com-rcio-de-sistemas-ltda/about/;Software e Serviços de TI;backend OR java OR (spring AND boot) OR python OR django OR go OR golang OR php OR laravel OR ruby OR (ruby AND rails) OR c++ OR c# OR rust OR scala OR julia OR elixir OR node.js OR (asp.net AND core);tool engenharia e comércio de sistemas ltda.;1.0;empregos.com.br;https://www.linkedin.com/jobs/view/4443450797/;https://www.linkedin.com/jobs/view/4443450797/;On-site;-;23/07/2026;Aparecida de Goiânia;Goiás;GO;Região Centro-Oeste;Brasil;América do Sul
189;Tool Engenharia e Comércio de Sistemas Ltda.;Operador de Empilhadeira Nível I - GO - GO;Aparecida de Goiânia (GO);23/07 00:00;https://www.linkedin.com/jobs/view/4443463577/;https://media.licdn.com/dms/image/v2/C4E0BAQH0EoMe7oMEqQ/company-logo_100_100/company-logo_100_100/0/1631349714202?e=1786579200&v=beta&t=EbToMvqpQ9Zn6worj_GQtCT59Dt8mO-JGGwlugdod3o;-;https://www.linkedin.com/company/tool-engenharia-e-com-rcio-de-sistemas-ltda/about/;Software e Serviços de TI;backend OR java OR (spring AND boot) OR python OR django OR go OR golang OR php OR laravel OR ruby OR (ruby AND rails) OR c++ OR c# OR rust OR scala OR julia OR elixir OR node.js OR (asp.net AND core);tool engenharia e comércio de sistemas ltda.;1.0;empregos.com.br;https://www.linkedin.com/jobs/view/4443463577/;https://www.linkedin.com/jobs/view/4443463577/;On-site;-;23/07/2026;Aparecida de Goiânia;Goiás;GO;Região Centro-Oeste;Brasil;América do Sul
190;Tool Engenharia e Comércio de Sistemas Ltda.;Orçamentista Projetista - GO - GO;Aparecida de Goiânia (GO);23/07 00:00;https://www.linkedin.com/jobs/view/4443452897/;https://media.licdn.com/dms/image/v2/C4E0BAQH0EoMe7oMEqQ/company-logo_100_100/company-logo_100_100/0/1631349714202?e=1786579200&v=beta&t=EbToMvqpQ9Zn6worj_GQtCT59Dt8mO-JGGwlugdod3o;-;https://www.linkedin.com/company/tool-engenharia-e-com-rcio-de-sistemas-ltda/about/;Software e Serviços de TI;backend OR java OR (spring AND boot) OR python OR django OR go OR golang OR php OR laravel OR ruby OR (ruby AND rails) OR c++ OR c# OR rust OR scala OR julia OR elixir OR node.js OR (asp.net AND core);tool engenharia e comércio de sistemas ltda.;1.0;empregos.com.br;https://www.linkedin.com/jobs/view/4443452897/;https://www.linkedin.com/jobs/view/4443452897/;On-site;-;23/07/2026;Aparecida de Goiânia;Goiás;GO;Região Centro-Oeste;Brasil;América do Sul
191;Tool Engenharia e Comércio de Sistemas Ltda.;Eletricista Montador de Painéis Elétricos - GO - GO - GO;Goiânia (GO);23/07 00:00;https://www.linkedin.com/jobs/view/4443441989/;https://media.licdn.com/dms/image/v2/C4E0BAQH0EoMe7oMEqQ/company-logo_100_100/company-logo_100_100/0/1631349714202?e=1786579200&v=beta&t=EbToMvqpQ9Zn6worj_GQtCT59Dt8mO-JGGwlugdod3o;-;https://www.linkedin.com/company/tool-engenharia-e-com-rcio-de-sistemas-ltda/about/;Software e Serviços de TI;backend OR java OR (spring AND boot) OR python OR django OR go OR golang OR php OR laravel OR ruby OR (ruby AND rails) OR c++ OR c# OR rust OR scala OR julia OR elixir OR node.js OR (asp.net AND core);tool engenharia e comércio de sistemas ltda.;1.0;empregos.com.br;https://www.linkedin.com/jobs/view/4443441989/;https://www.linkedin.com/jobs/view/4443441989/;On-site;-;23/07/2026;Goiânia;Goiás;GO;Região Centro-Oeste;Brasil;América do Sul
192;Tool Engenharia e Comércio de Sistemas Ltda.;Eletricista de Rede A - GO;Goiânia (GO);23/07 00:00;https://www.linkedin.com/jobs/view/4443447775/;https://media.licdn.com/dms/image/v2/C4E0BAQH0EoMe7oMEqQ/company-logo_100_100/company-logo_100_100/0/1631349714202?e=1786579200&v=beta&t=EbToMvqpQ9Zn6worj_GQtCT59Dt8mO-JGGwlugdod3o;-;https://www.linkedin.com/company/tool-engenharia-e-com-rcio-de-sistemas-ltda/about/;Software e Serviços de TI;backend OR java OR (spring AND boot) OR python OR django OR go OR golang OR php OR laravel OR ruby OR (ruby AND rails) OR c++ OR c# OR rust OR scala OR julia OR elixir OR node.js OR (asp.net AND core);tool engenharia e comércio de sistemas ltda.;1.0;empregos.com.br;https://www.linkedin.com/jobs/view/4443447775/;https://www.linkedin.com/jobs/view/4443447775/;On-site;-;23/07/2026;Goiânia;Goiás;GO;Região Centro-Oeste;Brasil;América do Sul
193;Turing;Remote Software Engineer (Go);Brasil;22/07 14:00;https://www.linkedin.com/jobs/view/4443168736/;https://media.licdn.com/dms/image/v2/D4D0BAQEMzTP7ySRl1w/company-logo_100_100/B4DZraOH1PGgAQ-/0/1764597727124?e=1786579200&v=beta&t=SjAGRQ4tSJpATBoQF728zlT0mUVUhJH-aDsJwopsemo;Advanced > Information Technology;https://www.linkedin.com/company/turing/about/;Software e Serviços de TI;backend OR java OR (spring AND boot) OR python OR django OR go OR golang OR php OR laravel OR ruby OR (ruby AND rails) OR c++ OR c# OR rust OR scala OR julia OR elixir OR node.js OR (asp.net AND core);turing;1.0;LinkedIn (Easy Apply);https://www.linkedin.com/jobs/view/4443168736/;https://www.linkedin.com/jobs/view/4443168736/;Remote;TI/Tech, Engenharia Geral;23/07/2026;;;;;Brasil;América do Sul
194;Turing;Remote Software Engineer (Ruby);Brasil;22/07 14:00;https://www.linkedin.com/jobs/view/4443170580/;https://media.licdn.com/dms/image/v2/D4D0BAQEMzTP7ySRl1w/company-logo_100_100/B4DZraOH1PGgAQ-/0/1764597727124?e=1786579200&v=beta&t=SjAGRQ4tSJpATBoQF728zlT0mUVUhJH-aDsJwopsemo;Advanced > Information Technology;https://www.linkedin.com/company/turing/about/;Software e Serviços de TI;backend OR java OR (spring AND boot) OR python OR django OR go OR golang OR php OR laravel OR ruby OR (ruby AND rails) OR c++ OR c# OR rust OR scala OR julia OR elixir OR node.js OR (asp.net AND core);turing;1.0;LinkedIn (Easy Apply);https://www.linkedin.com/jobs/view/4443170580/;https://www.linkedin.com/jobs/view/4443170580/;Remote;TI/Tech, Engenharia Geral;23/07/2026;;;;;Brasil;América do Sul
195;Turing;Remote Software Engineer (Rust);Brasil;22/07 14:00;https://www.linkedin.com/jobs/view/4443168721/;https://media.licdn.com/dms/image/v2/D4D0BAQEMzTP7ySRl1w/company-logo_100_100/B4DZraOH1PGgAQ-/0/1764597727124?e=1786579200&v=beta&t=SjAGRQ4tSJpATBoQF728zlT0mUVUhJH-aDsJwopsemo;Advanced > Information Technology;https://www.linkedin.com/company/turing/about/;Software e Serviços de TI;backend OR java OR (spring AND boot) OR python OR django OR go OR golang OR php OR laravel OR ruby OR (ruby AND rails) OR c++ OR c# OR rust OR scala OR julia OR elixir OR node.js OR (asp.net AND core);turing;1.0;LinkedIn (Easy Apply);https://www.linkedin.com/jobs/view/4443168721/;https://www.linkedin.com/jobs/view/4443168721/;Remote;TI/Tech, Engenharia Geral;23/07/2026;;;;;Brasil;América do Sul
196;Turing;Remote Software Engineer - C#;Brasil;22/07 14:00;https://www.linkedin.com/jobs/view/4443163865/;https://media.licdn.com/dms/image/v2/D4D0BAQEMzTP7ySRl1w/company-logo_100_100/B4DZraOH1PGgAQ-/0/1764597727124?e=1786579200&v=beta&t=SjAGRQ4tSJpATBoQF728zlT0mUVUhJH-aDsJwopsemo;Advanced > Information Technology;https://www.linkedin.com/company/turing/about/;Software e Serviços de TI;backend OR java OR (spring AND boot) OR python OR django OR go OR golang OR php OR laravel OR ruby OR (ruby AND rails) OR c++ OR c# OR rust OR scala OR julia OR elixir OR node.js OR (asp.net AND core);turing;1.0;LinkedIn (Easy Apply);https://www.linkedin.com/jobs/view/4443163865/;https://www.linkedin.com/jobs/view/4443163865/;Remote;TI/Tech, Engenharia Geral;23/07/2026;;;;;Brasil;América do Sul
197;UDS Technology;Desenvolvedor Go | Python | Ruby + IA;Brasil;22/07 13:00;https://www.linkedin.com/jobs/view/4441055490/;https://media.licdn.com/dms/image/v2/D4D0BAQGiuABeev8_CA/company-logo_100_100/company-logo_100_100/0/1697814417324/udstecnologia_logo?e=1786579200&v=beta&t=uOvPjAoHj2GvhnpnruBCDKt4AO72jZvEnUPZuhFuOPE;-;https://www.linkedin.com/company/uds-technology/about/;Inteligência Artificial;backend OR java OR (spring AND boot) OR python OR django OR go OR golang OR php OR laravel OR ruby OR (ruby AND rails) OR c++ OR c# OR rust OR scala OR julia OR elixir OR node.js OR (asp.net AND core);uds technology;1.0;LinkedIn;https://www.linkedin.com/jobs/view/4441055490/;https://www.linkedin.com/jobs/view/4441055490/;Remote;Inteligência Artificial;23/07/2026;;;;;Brasil;América do Sul
198;Unidas;AGENTE OPERAÇÕES LEVES - Goiânia/GO;Goiânia (GO);23/07 07:00;https://www.linkedin.com/jobs/view/4435857145/;https://media.licdn.com/dms/image/v2/C4D0BAQGefDnf-WiCkQ/company-logo_100_100/company-logo_100_100/0/1668430828397/unidas_logo?e=1786579200&v=beta&t=EL81Mu5ZkRex8UkoteW8BvsT-18z_RZ4GIayfmPh4E0;-;https://www.linkedin.com/company/unidas/about/;-;backend OR java OR (spring AND boot) OR python OR django OR go OR golang OR php OR laravel OR ruby OR (ruby AND rails) OR c++ OR c# OR rust OR scala OR julia OR elixir OR node.js OR (asp.net AND core);unidas;3.0;;https://www.linkedin.com/jobs/view/4435857145/;https://www.linkedin.com/jobs/view/4435857145/;On-site;-;23/07/2026;Goiânia;Goiás;GO;Região Centro-Oeste;Brasil;América do Sul
199;Unidas;ANALISTA OPERACOES VEÍCULOS LEVES JR - GOIÂNIA/GO;Goiânia (GO);23/07 07:00;https://www.linkedin.com/jobs/view/4435852566/;https://media.licdn.com/dms/image/v2/C4D0BAQGefDnf-WiCkQ/company-logo_100_100/company-logo_100_100/0/1668430828397/unidas_logo?e=1786579200&v=beta&t=EL81Mu5ZkRex8UkoteW8BvsT-18z_RZ4GIayfmPh4E0;Advanced > Specialist;https://www.linkedin.com/company/unidas/about/;Transporte e Mobilidade;backend OR java OR (spring AND boot) OR python OR django OR go OR golang OR php OR laravel OR ruby OR (ruby AND rails) OR c++ OR c# OR rust OR scala OR julia OR elixir OR node.js OR (asp.net AND core);unidas;3.0;;https://www.linkedin.com/jobs/view/4435852566/;https://www.linkedin.com/jobs/view/4435852566/;On-site;Junior, Associate;23/07/2026;Goiânia;Goiás;GO;Região Centro-Oeste;Brasil;América do Sul
200;Very Good Ventures;Principal Backend & Infrastructure Engineer-Full Time (US /LATAM);Brasil;22/07 20:00;https://www.linkedin.com/jobs/view/4444204759/;https://media.licdn.com/dms/image/v2/C4D0BAQHsghPcnEE8nA/company-logo_100_100/company-logo_100_100/0/1649707103780/very_good_ventures_logo?e=1786579200&v=beta&t=JIDi4VBwuUz78WKLbP8b0VNa7LKns__n8uhzmaKB1NQ;Advanced > Information Technology;https://www.linkedin.com/company/very-good-ventures/about/;Infraestrutura;backend OR java OR (spring AND boot) OR python OR django OR go OR golang OR php OR laravel OR ruby OR (ruby AND rails) OR c++ OR c# OR rust OR scala OR julia OR elixir OR node.js OR (asp.net AND core);very good ventures;1.0;LinkedIn (Easy Apply);https://www.linkedin.com/jobs/view/4444204759/;https://www.linkedin.com/jobs/view/4444204759/;Remote;CLT/Efetivo, Backend, Engenharia Geral;23/07/2026;;;;;Brasil;América do Sul
201;Vivo (Telefônica Brasil);Consultor FullStack - Spring Boot;São Paulo (SP);22/07 20:00;https://www.linkedin.com/jobs/view/4444213647/;https://media.licdn.com/dms/image/v2/D4D0BAQHykJVibhRnfg/company-logo_100_100/B4DZ83n_bRIEAI-/0/1783344658341/vivo_telefonicabr_logo?e=1786579200&v=beta&t=g5HuRZ9F-pPGPk8Qw6-_US54XfsAFpHvShafOOwOfZ4;Advanced > Specialist;https://www.linkedin.com/company/vivo-telef-nica-brasil/about/;Telecomunicações;backend OR java OR (spring AND boot) OR python OR django OR go OR golang OR php OR laravel OR ruby OR (ruby AND rails) OR c++ OR c# OR rust OR scala OR julia OR elixir OR node.js OR (asp.net AND core);vivo (telefônica brasil);4.0;LinkedIn;https://www.linkedin.com/jobs/view/4444213647/;https://www.linkedin.com/jobs/view/4444213647/;Hybrid;Consultor, Full Stack;23/07/2026;São Paulo;São Paulo;SP;Região Sudeste;Brasil;América do Sul
202;Vivo (Telefônica Brasil);Consultor FullStack - Spring Boot;São Paulo (SP);22/07 20:00;https://www.linkedin.com/jobs/view/4444224109/;https://media.licdn.com/dms/image/v2/D4D0BAQHykJVibhRnfg/company-logo_100_100/B4DZ83n_bRIEAI-/0/1783344658341/vivo_telefonicabr_logo?e=1786579200&v=beta&t=g5HuRZ9F-pPGPk8Qw6-_US54XfsAFpHvShafOOwOfZ4;Advanced > Specialist;https://www.linkedin.com/company/vivo-telef-nica-brasil/about/;Telecomunicações;backend OR java OR (spring AND boot) OR python OR django OR go OR golang OR php OR laravel OR ruby OR (ruby AND rails) OR c++ OR c# OR rust OR scala OR julia OR elixir OR node.js OR (asp.net AND core);vivo (telefônica brasil);4.0;LinkedIn;https://www.linkedin.com/jobs/view/4444224109/;https://www.linkedin.com/jobs/view/4444224109/;Hybrid;Consultor, Full Stack;23/07/2026;São Paulo;São Paulo;SP;Região Sudeste;Brasil;América do Sul
203;Wizdaa;Senior Backend Architect  (LATAM);Brasil;22/07 14:00;https://www.linkedin.com/jobs/view/4443799886/;https://media.licdn.com/dms/image/v2/D4E0BAQH_zbw_Q5FAGw/company-logo_100_100/company-logo_100_100/0/1719176170890/wizdaa_logo?e=1786579200&v=beta&t=76U9VikbBspkagvI2BX1nBOmkhN8TiBYVG6ebPkw8Xk;Architecture;https://www.linkedin.com/company/wizdaa/about/;Software e Serviços de TI;backend OR java OR (spring AND boot) OR python OR django OR go OR golang OR php OR laravel OR ruby OR (ruby AND rails) OR c++ OR c# OR rust OR scala OR julia OR elixir OR node.js OR (asp.net AND core);wizdaa;1.0;Zohorecruit;https://www.linkedin.com/jobs/view/4443799886/;https://www.linkedin.com/jobs/view/4443799886/;Remote;Senior, Backend;23/07/2026;;;;;Brasil;América do Sul
204;aTip;Desenvolvedor Java Pleno | Exclusiva para pessoas autistas;Brasil;22/07 23:00;https://www.linkedin.com/jobs/view/4444243713/;https://media.licdn.com/dms/image/v2/D4D0BAQHKkttbr3mVzA/company-logo_100_100/B4DZ8j_ErsIYAI-/0/1783015164975/atipio_logo?e=1786579200&v=beta&t=axIMED-ROMNuP3ZuL4jnqc3_vW8K3cmSTEkxj05Rqd8;-;https://www.linkedin.com/company/atip/about/;Software e Serviços de TI;backend OR java OR (spring AND boot) OR python OR django OR go OR golang OR php OR laravel OR ruby OR (ruby AND rails) OR c++ OR c# OR rust OR scala OR julia OR elixir OR node.js OR (asp.net AND core);atip;1;;https://www.linkedin.com/jobs/view/4444243713/;https://www.linkedin.com/jobs/view/4444243713/;Remote;PCD / Afirmativa, Mid;23/07/2026;;;;;Brasil;América do Sul
205;americanas s.a.;Desenvolvedor Full Stack Pleno (Java e React/Next.js) | Operações Comerciais;Rio de Janeiro (RJ);22/07 15:00;https://www.linkedin.com/jobs/view/4407075156/;https://media.licdn.com/dms/image/v2/D4D0BAQEoMTZW5hktPw/company-logo_100_100/company-logo_100_100/0/1688744936290/americanas_sa_logo?e=1786579200&v=beta&t=iV_sA1bbzWsgyWPYye3v5sSRwFYX98HL6M7neiZoekM;-;https://www.linkedin.com/company/americanas-s-a/about/;-;backend OR java OR (spring AND boot) OR python OR django OR go OR golang OR php OR laravel OR ruby OR (ruby AND rails) OR c++ OR c# OR rust OR scala OR julia OR elixir OR node.js OR (asp.net AND core);americanas s.a.;1.0;Gupy;https://www.linkedin.com/jobs/view/4407075156/;https://www.linkedin.com/jobs/view/4407075156/;On-site;Mid, Full Stack;23/07/2026;Rio de Janeiro;Rio de Janeiro;RJ;Região Sudeste;Brasil;América do Sul
206;innolevels;Desenvolvedor Back-end Python;Grande Rio de Janeiro (RJ);23/07 00:00;https://www.linkedin.com/jobs/view/4443450677/;https://media.licdn.com/dms/image/v2/C4D0BAQHTJl0dF22boA/company-logo_100_100/company-logo_100_100/0/1662223622824/innolevels_logo?e=1786579200&v=beta&t=HpqP2L4DpfAcRa4KyScfrmnmqTeg-La9PHMpU380eWc;-;https://www.linkedin.com/company/innolevels/about/;-;backend OR java OR (spring AND boot) OR python OR django OR go OR golang OR php OR laravel OR ruby OR (ruby AND rails) OR c++ OR c# OR rust OR scala OR julia OR elixir OR node.js OR (asp.net AND core);innolevels;1.0;Unknown/Error;https://www.linkedin.com/jobs/view/4443450677/;https://www.linkedin.com/jobs/view/4443450677/;Remote;Backend;23/07/2026;;Rio de Janeiro;RJ;Região Sudeste;Brasil;América do Sul
207;innolevels;Desenvolvedor Java;Grande Rio de Janeiro (RJ);23/07 00:00;https://www.linkedin.com/jobs/view/4443455937/;https://media.licdn.com/dms/image/v2/C4D0BAQHTJl0dF22boA/company-logo_100_100/company-logo_100_100/0/1662223622824/innolevels_logo?e=1786579200&v=beta&t=HpqP2L4DpfAcRa4KyScfrmnmqTeg-La9PHMpU380eWc;-;https://www.linkedin.com/company/innolevels/about/;-;backend OR java OR (spring AND boot) OR python OR django OR go OR golang OR php OR laravel OR ruby OR (ruby AND rails) OR c++ OR c# OR rust OR scala OR julia OR elixir OR node.js OR (asp.net AND core);innolevels;1.0;Unknown/Error;https://www.linkedin.com/jobs/view/4443455937/;https://www.linkedin.com/jobs/view/4443455937/;Remote;-;23/07/2026;;Rio de Janeiro;RJ;Região Sudeste;Brasil;América do Sul
208;innolevels;Desenvolvedor Mainframe/Java Pleno;Grande Rio de Janeiro (RJ);23/07 00:00;https://www.linkedin.com/jobs/view/4443460992/;https://media.licdn.com/dms/image/v2/C4D0BAQHTJl0dF22boA/company-logo_100_100/company-logo_100_100/0/1662223622824/innolevels_logo?e=1786579200&v=beta&t=HpqP2L4DpfAcRa4KyScfrmnmqTeg-La9PHMpU380eWc;-;https://www.linkedin.com/company/innolevels/about/;-;backend OR java OR (spring AND boot) OR python OR django OR go OR golang OR php OR laravel OR ruby OR (ruby AND rails) OR c++ OR c# OR rust OR scala OR julia OR elixir OR node.js OR (asp.net AND core);innolevels;1.0;Unknown/Error;https://www.linkedin.com/jobs/view/4443460992/;https://www.linkedin.com/jobs/view/4443460992/;Hybrid;Mid, Mainframe;23/07/2026;;Rio de Janeiro;RJ;Região Sudeste;Brasil;América do Sul
209;innolevels;Desenvolvedor Node.JS;Grande Rio de Janeiro (RJ);23/07 00:00;https://www.linkedin.com/jobs/view/4443442855/;https://media.licdn.com/dms/image/v2/C4D0BAQHTJl0dF22boA/company-logo_100_100/company-logo_100_100/0/1662223622824/innolevels_logo?e=1786579200&v=beta&t=HpqP2L4DpfAcRa4KyScfrmnmqTeg-La9PHMpU380eWc;-;https://www.linkedin.com/company/innolevels/about/;-;backend OR java OR (spring AND boot) OR python OR django OR go OR golang OR php OR laravel OR ruby OR (ruby AND rails) OR c++ OR c# OR rust OR scala OR julia OR elixir OR node.js OR (asp.net AND core);innolevels;1.0;Unknown/Error;https://www.linkedin.com/jobs/view/4443442855/;https://www.linkedin.com/jobs/view/4443442855/;Remote;-;23/07/2026;;Rio de Janeiro;RJ;Região Sudeste;Brasil;América do Sul
210;innolevels;Desenvolvedor Python;Grande Rio de Janeiro (RJ);23/07 00:00;https://www.linkedin.com/jobs/view/4443464725/;https://media.licdn.com/dms/image/v2/C4D0BAQHTJl0dF22boA/company-logo_100_100/company-logo_100_100/0/1662223622824/innolevels_logo?e=1786579200&v=beta&t=HpqP2L4DpfAcRa4KyScfrmnmqTeg-La9PHMpU380eWc;-;https://www.linkedin.com/company/innolevels/about/;-;backend OR java OR (spring AND boot) OR python OR django OR go OR golang OR php OR laravel OR ruby OR (ruby AND rails) OR c++ OR c# OR rust OR scala OR julia OR elixir OR node.js OR (asp.net AND core);innolevels;1.0;Unknown/Error;https://www.linkedin.com/jobs/view/4443464725/;https://www.linkedin.com/jobs/view/4443464725/;Remote;-;23/07/2026;;Rio de Janeiro;RJ;Região Sudeste;Brasil;América do Sul
211;innolevels;Desenvolvedor Python/LLM;Grande Rio de Janeiro (RJ);23/07 00:00;https://www.linkedin.com/jobs/view/4443470039/;https://media.licdn.com/dms/image/v2/C4D0BAQHTJl0dF22boA/company-logo_100_100/company-logo_100_100/0/1662223622824/innolevels_logo?e=1786579200&v=beta&t=HpqP2L4DpfAcRa4KyScfrmnmqTeg-La9PHMpU380eWc;-;https://www.linkedin.com/company/innolevels/about/;-;backend OR java OR (spring AND boot) OR python OR django OR go OR golang OR php OR laravel OR ruby OR (ruby AND rails) OR c++ OR c# OR rust OR scala OR julia OR elixir OR node.js OR (asp.net AND core);innolevels;1.0;Unknown/Error;https://www.linkedin.com/jobs/view/4443470039/;https://www.linkedin.com/jobs/view/4443470039/;Remote;-;23/07/2026;;Rio de Janeiro;RJ;Região Sudeste;Brasil;América do Sul
212;innolevels;Desenvolvedor Back-end Python;Grande São Paulo (SP) ;23/07 00:00;https://www.linkedin.com/jobs/view/4443442926/;https://media.licdn.com/dms/image/v2/C4D0BAQHTJl0dF22boA/company-logo_100_100/company-logo_100_100/0/1662223622824/innolevels_logo?e=1786579200&v=beta&t=HpqP2L4DpfAcRa4KyScfrmnmqTeg-La9PHMpU380eWc;-;https://www.linkedin.com/company/innolevels/about/;-;backend OR java OR (spring AND boot) OR python OR django OR go OR golang OR php OR laravel OR ruby OR (ruby AND rails) OR c++ OR c# OR rust OR scala OR julia OR elixir OR node.js OR (asp.net AND core);innolevels;1.0;Unknown/Error;https://www.linkedin.com/jobs/view/4443442926/;https://www.linkedin.com/jobs/view/4443442926/;Remote;Backend;23/07/2026;;São Paulo;SP;Região Sudeste;Brasil;América do Sul
213;innolevels;Desenvolvedor Fullstack Mobile Node.js e React Native;Grande São Paulo (SP) ;23/07 00:00;https://www.linkedin.com/jobs/view/4443449725/;https://media.licdn.com/dms/image/v2/C4D0BAQHTJl0dF22boA/company-logo_100_100/company-logo_100_100/0/1662223622824/innolevels_logo?e=1786579200&v=beta&t=HpqP2L4DpfAcRa4KyScfrmnmqTeg-La9PHMpU380eWc;-;https://www.linkedin.com/company/innolevels/about/;Software e Serviços de TI;backend OR java OR (spring AND boot) OR python OR django OR go OR golang OR php OR laravel OR ruby OR (ruby AND rails) OR c++ OR c# OR rust OR scala OR julia OR elixir OR node.js OR (asp.net AND core);innolevels;1.0;Unknown/Error;https://www.linkedin.com/jobs/view/4443449725/;https://www.linkedin.com/jobs/view/4443449725/;Remote;Full Stack;23/07/2026;;São Paulo;SP;Região Sudeste;Brasil;América do Sul
214;innolevels;Desenvolvedor Fullstack Node.JS;Grande São Paulo (SP) ;23/07 00:00;https://www.linkedin.com/jobs/view/4443449766/;https://media.licdn.com/dms/image/v2/C4D0BAQHTJl0dF22boA/company-logo_100_100/company-logo_100_100/0/1662223622824/innolevels_logo?e=1786579200&v=beta&t=HpqP2L4DpfAcRa4KyScfrmnmqTeg-La9PHMpU380eWc;-;https://www.linkedin.com/company/innolevels/about/;-;backend OR java OR (spring AND boot) OR python OR django OR go OR golang OR php OR laravel OR ruby OR (ruby AND rails) OR c++ OR c# OR rust OR scala OR julia OR elixir OR node.js OR (asp.net AND core);innolevels;1.0;Unknown/Error;https://www.linkedin.com/jobs/view/4443449766/;https://www.linkedin.com/jobs/view/4443449766/;Hybrid;Full Stack;23/07/2026;;São Paulo;SP;Região Sudeste;Brasil;América do Sul
215;innolevels;Desenvolvedor Fullstack Node.js e Java Sênior;Grande São Paulo (SP) ;23/07 00:00;https://www.linkedin.com/jobs/view/4443454749/;https://media.licdn.com/dms/image/v2/C4D0BAQHTJl0dF22boA/company-logo_100_100/company-logo_100_100/0/1662223622824/innolevels_logo?e=1786579200&v=beta&t=HpqP2L4DpfAcRa4KyScfrmnmqTeg-La9PHMpU380eWc;-;https://www.linkedin.com/company/innolevels/about/;-;backend OR java OR (spring AND boot) OR python OR django OR go OR golang OR php OR laravel OR ruby OR (ruby AND rails) OR c++ OR c# OR rust OR scala OR julia OR elixir OR node.js OR (asp.net AND core);innolevels;1.0;Unknown/Error;https://www.linkedin.com/jobs/view/4443454749/;https://www.linkedin.com/jobs/view/4443454749/;Remote;Senior, Full Stack;23/07/2026;;São Paulo;SP;Região Sudeste;Brasil;América do Sul
216;innolevels;Desenvolvedor Java/Camunda (AWS);Grande São Paulo (SP) ;23/07 00:00;https://www.linkedin.com/jobs/view/4443462897/;https://media.licdn.com/dms/image/v2/C4D0BAQHTJl0dF22boA/company-logo_100_100/company-logo_100_100/0/1662223622824/innolevels_logo?e=1786579200&v=beta&t=HpqP2L4DpfAcRa4KyScfrmnmqTeg-La9PHMpU380eWc;-;https://www.linkedin.com/company/innolevels/about/;-;backend OR java OR (spring AND boot) OR python OR django OR go OR golang OR php OR laravel OR ruby OR (ruby AND rails) OR c++ OR c# OR rust OR scala OR julia OR elixir OR node.js OR (asp.net AND core);innolevels;1.0;Unknown/Error;https://www.linkedin.com/jobs/view/4443462897/;https://www.linkedin.com/jobs/view/4443462897/;Remote;Cloud (AWS/GCP/Azure);23/07/2026;;São Paulo;SP;Região Sudeste;Brasil;América do Sul
217;innolevels;Desenvolvedor Python;Grande São Paulo (SP) ;23/07 00:00;https://www.linkedin.com/jobs/view/4443450775/;https://media.licdn.com/dms/image/v2/C4D0BAQHTJl0dF22boA/company-logo_100_100/company-logo_100_100/0/1662223622824/innolevels_logo?e=1786579200&v=beta&t=HpqP2L4DpfAcRa4KyScfrmnmqTeg-La9PHMpU380eWc;-;https://www.linkedin.com/company/innolevels/about/;-;backend OR java OR (spring AND boot) OR python OR django OR go OR golang OR php OR laravel OR ruby OR (ruby AND rails) OR c++ OR c# OR rust OR scala OR julia OR elixir OR node.js OR (asp.net AND core);innolevels;1.0;Unknown/Error;https://www.linkedin.com/jobs/view/4443450775/;https://www.linkedin.com/jobs/view/4443450775/;Remote;-;23/07/2026;;São Paulo;SP;Região Sudeste;Brasil;América do Sul
218;innolevels;Desenvolvedor Python IA Pleno/Sênior;Grande São Paulo (SP) ;23/07 00:00;https://www.linkedin.com/jobs/view/4443443767/;https://media.licdn.com/dms/image/v2/C4D0BAQHTJl0dF22boA/company-logo_100_100/company-logo_100_100/0/1662223622824/innolevels_logo?e=1786579200&v=beta&t=HpqP2L4DpfAcRa4KyScfrmnmqTeg-La9PHMpU380eWc;-;https://www.linkedin.com/company/innolevels/about/;Inteligência Artificial;backend OR java OR (spring AND boot) OR python OR django OR go OR golang OR php OR laravel OR ruby OR (ruby AND rails) OR c++ OR c# OR rust OR scala OR julia OR elixir OR node.js OR (asp.net AND core);innolevels;1.0;Unknown/Error;https://www.linkedin.com/jobs/view/4443443767/;https://www.linkedin.com/jobs/view/4443443767/;Hybrid;Inteligência Artificial, Senior, Mid;23/07/2026;;São Paulo;SP;Região Sudeste;Brasil;América do Sul
219;ília;SR Desenvolvimento Back-end (Golang);Brasil;22/07 20:00;https://www.linkedin.com/jobs/view/4443439335/;https://media.licdn.com/dms/image/v2/D4D0BAQEcfwzf6s9pKQ/company-logo_100_100/company-logo_100_100/0/1738336067721/ilia_digital_logo?e=1786579200&v=beta&t=tptScjlOXHHs-jlOJFeP6hVUgdOsTaiHPiUCjbl7OKs;-;https://www.linkedin.com/company/lia/about/;Software e Serviços de TI;backend OR java OR (spring AND boot) OR python OR django OR go OR golang OR php OR laravel OR ruby OR (ruby AND rails) OR c++ OR c# OR rust OR scala OR julia OR elixir OR node.js OR (asp.net AND core);ília;1.0;Unknown/Error;https://www.linkedin.com/jobs/view/4443439335/;https://www.linkedin.com/jobs/view/4443439335/;Remote;Senior, Backend;23/07/2026;;;;;Brasil;América do Sul
