Id;Company;Job Title;Location;Published Date;Job Link;Logo;Category;Company Life URL;Industry;Query Parameters;Company_Match;Score;Platform;Job Link_Match;Destination URL;Work Mode;Tags;Capture Date;City;State;UF;Region;Country;Continent
1;4DF Connect;Fullstack Angular Java Azure;Brasil;08/10 16:00;https://www.linkedin.com/jobs/view/4476954297/;https://media.licdn.com/dms/image/v2/D4E0BAQHgznwIT2t3IA/company-logo_100_100/B4EZgUICjYGcAU-/0/1752684309117/4dfconnect_logo?e=1793232000&v=beta&t=fqjaXwziLgPFIPf9zfdculZnbBkhqKNDymiAyFXpknc;-;https://www.linkedin.com/company/4df-connect/about/;-;backend OR java OR spring boot OR python OR django OR golang OR php OR laravel OR ruby OR ruby on rails OR c++ OR c# OR rust OR scala OR julia OR elixir OR node.js OR asp.net core;4df connect;1;;https://www.linkedin.com/jobs/view/4476954297/;https://www.linkedin.com/jobs/view/4476954297/;Remote;Cloud (AWS/GCP/Azure), Full Stack;09/10/2026;;;;;Brasil;América do Sul
2;4DF Connect;Staff Engineer - Tech Lead (Projetos Internos);Brasil;08/10 16:00;https://www.linkedin.com/jobs/view/4477424714/;https://media.licdn.com/dms/image/v2/D4E0BAQHgznwIT2t3IA/company-logo_100_100/B4EZgUICjYGcAU-/0/1752684309117/4dfconnect_logo?e=1793232000&v=beta&t=fqjaXwziLgPFIPf9zfdculZnbBkhqKNDymiAyFXpknc;Middle > Manager;https://www.linkedin.com/company/4df-connect/about/;Software e Serviços de TI;backend OR java OR spring boot OR python OR django OR golang OR php OR laravel OR ruby OR ruby on rails OR c++ OR c# OR rust OR scala OR julia OR elixir OR node.js OR asp.net core;4df connect;1;;https://www.linkedin.com/jobs/view/4477424714/;https://www.linkedin.com/jobs/view/4477424714/;Remote;Mid, Intern, Liderança/Gerência, TI/Tech, Engenharia Geral;09/10/2026;;;;;Brasil;América do Sul
3;4DF Connect;Desenvolvedor(a) Backend Sênior (Java e Kotlin) - Híbrido em São Paulo;São Paulo, SP;08/10 16:00;https://www.linkedin.com/jobs/view/4477434290/;https://media.licdn.com/dms/image/v2/D4E0BAQHgznwIT2t3IA/company-logo_100_100/B4EZgUICjYGcAU-/0/1752684309117/4dfconnect_logo?e=1793232000&v=beta&t=fqjaXwziLgPFIPf9zfdculZnbBkhqKNDymiAyFXpknc;-;https://www.linkedin.com/company/4df-connect/about/;-;backend OR java OR spring boot OR python OR django OR golang OR php OR laravel OR ruby OR ruby on rails OR c++ OR c# OR rust OR scala OR julia OR elixir OR node.js OR asp.net core;4df connect;1;;https://www.linkedin.com/jobs/view/4477434290/;https://www.linkedin.com/jobs/view/4477434290/;Hybrid;Senior, Backend;09/10/2026;;São Paulo;SP;Região Sudeste;Brasil;América do Sul
4;7COMm - People and tech to transform;Desenvolvedor FullStack Júnior;São Paulo, SP;08/10 16:00;https://www.linkedin.com/jobs/view/4476229628/;https://media.licdn.com/dms/image/v2/C4E0BAQGxqnPQkRXOEw/company-logo_100_100/company-logo_100_100/0/1644954559095?e=1793232000&v=beta&t=wcQwOKDItqNUWauOFjA-b3zflBKpDzM7is0Awsg4Nv0;-;https://www.linkedin.com/company/7comm-people-and-tech-to-transform/about/;Software e Serviços de TI;backend OR java OR spring boot OR python OR django OR golang OR php OR laravel OR ruby OR ruby on rails OR c++ OR c# OR rust OR scala OR julia OR elixir OR node.js OR asp.net core;7comm - people and tech to transform;1;;https://www.linkedin.com/jobs/view/4476229628/;https://www.linkedin.com/jobs/view/4476229628/;Hybrid;Junior, Full Stack;09/10/2026;;São Paulo;SP;Região Sudeste;Brasil;América do Sul
5;AB InBev;Arquiteto;Campinas, SP;09/10 09:00;https://www.linkedin.com/jobs/view/4419279611/;https://media.licdn.com/dms/image/v2/C560BAQEZRSga0FreWA/company-logo_100_100/company-logo_100_100/0/1656631574816/ab_inbev_logo?e=1793232000&v=beta&t=H9YtLopyoCxJ94Vc5T0LElbzfByaAZx27HFDdYw4O08;Architecture;https://www.linkedin.com/company/ab-inbev/about/;Software e Serviços de TI;backend OR java OR spring boot OR python OR django OR golang OR php OR laravel OR ruby OR ruby on rails OR c++ OR c# OR rust OR scala OR julia OR elixir OR node.js OR asp.net core;ab inbev;1;;https://www.linkedin.com/jobs/view/4419279611/;https://www.linkedin.com/jobs/view/4419279611/;Not informed;-;09/10/2026;;São Paulo;SP;Região Sudeste;Brasil;América do Sul
6;ADP;Senior Developer - WFS;Grande Porto Alegre (RS);08/10 16:00;https://www.linkedin.com/jobs/view/4476996838/;https://media.licdn.com/dms/image/v2/D4E0BAQE2ALnzsL9mlw/company-logo_100_100/B4EZXS9EdvHMAU-/0/1743000979692/adp_logo?e=1793232000&v=beta&t=lwLwx6dFxOzC6gm676EOMoEVIb2jtld2EzzRRQGAziU;Advanced > Information Technology;https://www.linkedin.com/company/adp/about/;-;backend OR java OR spring boot OR python OR django OR golang OR php OR laravel OR ruby OR ruby on rails OR c++ OR c# OR rust OR scala OR julia OR elixir OR node.js OR asp.net core;adp;1;;https://www.linkedin.com/jobs/view/4476996838/;https://www.linkedin.com/jobs/view/4476996838/;On-site;Senior;09/10/2026;;Rio Grande do Sul;RS;Região Sul;Brasil;América do Sul
7;ADP;Senior Developer - WFS;Grande Porto Alegre (RS);08/10 16:00;https://www.linkedin.com/jobs/view/4477108338/;https://media.licdn.com/dms/image/v2/D4E0BAQE2ALnzsL9mlw/company-logo_100_100/B4EZXS9EdvHMAU-/0/1743000979692/adp_logo?e=1793232000&v=beta&t=lwLwx6dFxOzC6gm676EOMoEVIb2jtld2EzzRRQGAziU;Advanced > Information Technology;https://www.linkedin.com/company/adp/about/;-;backend OR java OR spring boot OR python OR django OR golang OR php OR laravel OR ruby OR ruby on rails OR c++ OR c# OR rust OR scala OR julia OR elixir OR node.js OR asp.net core;adp;1;;https://www.linkedin.com/jobs/view/4477108338/;https://www.linkedin.com/jobs/view/4477108338/;On-site;Senior;09/10/2026;;Rio Grande do Sul;RS;Região Sul;Brasil;América do Sul
8;AGX Software;Estagio Desenvolvedor Front/Back/Full Stack;Sorocaba, SP;09/10 15:00;https://www.linkedin.com/jobs/view/4475239880/;https://media.licdn.com/dms/image/v2/C4D0BAQHngns-O3tlPw/company-logo_100_100/company-logo_100_100/0/1630574505028/agx_software_logo?e=1793232000&v=beta&t=rIGkcAT8i4XLVZVwo0vRA4DKT5rueLhM6CuIWvMN7ow;-;https://www.linkedin.com/company/agx-software/about/;Software e Serviços de TI;backend OR java OR spring boot OR python OR django OR golang OR php OR laravel OR ruby OR ruby on rails OR c++ OR c# OR rust OR scala OR julia OR elixir OR node.js OR asp.net core;agx software;1;;https://www.linkedin.com/jobs/view/4475239880/;https://www.linkedin.com/jobs/view/4475239880/;On-site;Intern, Full Stack;09/10/2026;;São Paulo;SP;Região Sudeste;Brasil;América do Sul
9;ATECH – NEGÓCIOS EM TECNOLOGIAS S/A;(Banco de Talentos) Desenvolvedor PL;SP;08/10 16:00;https://www.linkedin.com/jobs/view/4465585788/;https://media.licdn.com/dms/image/v2/D4D0BAQEEg8Mn58U4QA/company-logo_100_100/B4DZsNQx_xLYAU-/0/1765454062051/atech_grupoembraer_logo?e=1793232000&v=beta&t=Nn8yUYtJF6_ndVcOltufjrl75V7P7zvf7YwMs3ORpgU;People;https://www.linkedin.com/company/atech-neg-cios-em-tecnologias-s-a/about/;Serviços Financeiros;backend OR java OR spring boot OR python OR django OR golang OR php OR laravel OR ruby OR ruby on rails OR c++ OR c# OR rust OR scala OR julia OR elixir OR node.js OR asp.net core;atech – negócios em tecnologias s/a;1;;https://www.linkedin.com/jobs/view/4465585788/;https://www.linkedin.com/jobs/view/4465585788/;On-site;Banco de Talentos, Mid;09/10/2026;;São Paulo;SP;Região Sudeste;Brasil;América do Sul
10;ATECH – NEGÓCIOS EM TECNOLOGIAS S/A;PROGRAMA DE ESTÁGIO ATECH! 2027;SP;08/10 16:00;https://www.linkedin.com/jobs/view/4473368642/;https://media.licdn.com/dms/image/v2/D4D0BAQEEg8Mn58U4QA/company-logo_100_100/B4DZsNQx_xLYAU-/0/1765454062051/atech_grupoembraer_logo?e=1793232000&v=beta&t=Nn8yUYtJF6_ndVcOltufjrl75V7P7zvf7YwMs3ORpgU;-;https://www.linkedin.com/company/atech-neg-cios-em-tecnologias-s-a/about/;Software e Serviços de TI;backend OR java OR spring boot OR python OR django OR golang OR php OR laravel OR ruby OR ruby on rails OR c++ OR c# OR rust OR scala OR julia OR elixir OR node.js OR asp.net core;atech – negócios em tecnologias s/a;1;;https://www.linkedin.com/jobs/view/4473368642/;https://www.linkedin.com/jobs/view/4473368642/;On-site;Intern, TI/Tech;09/10/2026;;São Paulo;SP;Região Sudeste;Brasil;América do Sul
11;Accenture Brasil;Desenvolvedor(a) Java Backend com Python - Pleno | Sênior | Especialista;Brasil;09/10 09:00;https://www.linkedin.com/jobs/view/4449995029/;https://media.licdn.com/dms/image/v2/D4D0BAQFxYk90aqWMqA/company-logo_100_100/company-logo_100_100/0/1727873248436/accenturebrasil_logo?e=1793232000&v=beta&t=kcCnhJoD5_UeEnXLsCygddKdT1DHql-5EjE_tWFOeW4;Advanced > Specialist;https://www.linkedin.com/company/accenture-brasil/about/;-;backend OR java OR spring boot OR python OR django OR golang OR php OR laravel OR ruby OR ruby on rails OR c++ OR c# OR rust OR scala OR julia OR elixir OR node.js OR asp.net core;accenture brasil;1;;https://www.linkedin.com/jobs/view/4449995029/;https://www.linkedin.com/jobs/view/4449995029/;Remote;Specialist, Senior, Mid, Backend;09/10/2026;;;;;Brasil;América do Sul
12;Accenture Brasil;Desenvolvedor Sênior Java, GoLang e Spring Boot – Brasil – Inglês Avançado;Campina Grande, PB;09/10 02:00;https://www.linkedin.com/jobs/view/4476250584/;https://media.licdn.com/dms/image/v2/D4D0BAQFxYk90aqWMqA/company-logo_100_100/company-logo_100_100/0/1727873248436/accenturebrasil_logo?e=1793232000&v=beta&t=kcCnhJoD5_UeEnXLsCygddKdT1DHql-5EjE_tWFOeW4;-;https://www.linkedin.com/company/accenture-brasil/about/;-;backend OR java OR spring boot OR python OR django OR golang OR php OR laravel OR ruby OR ruby on rails OR c++ OR c# OR rust OR scala OR julia OR elixir OR node.js OR asp.net core;accenture brasil;1;;https://www.linkedin.com/jobs/view/4476250584/;https://www.linkedin.com/jobs/view/4476250584/;Not informed;Inglês Fluente/Avançado, Senior;09/10/2026;;Paraíba;PB;Região Nordeste;Brasil;América do Sul
13;Accenture Brasil;Desenvolvedor(a) Backend Pleno, Sênior e Especialista;Grande Recife (PE);08/10 16:00;https://www.linkedin.com/jobs/view/4468357408/;https://media.licdn.com/dms/image/v2/D4D0BAQFxYk90aqWMqA/company-logo_100_100/company-logo_100_100/0/1727873248436/accenturebrasil_logo?e=1793232000&v=beta&t=kcCnhJoD5_UeEnXLsCygddKdT1DHql-5EjE_tWFOeW4;Advanced > Specialist;https://www.linkedin.com/company/accenture-brasil/about/;-;backend OR java OR spring boot OR python OR django OR golang OR php OR laravel OR ruby OR ruby on rails OR c++ OR c# OR rust OR scala OR julia OR elixir OR node.js OR asp.net core;accenture brasil;1;;https://www.linkedin.com/jobs/view/4468357408/;https://www.linkedin.com/jobs/view/4468357408/;Not informed;Specialist, Senior, Mid, Backend;09/10/2026;;Pernambuco;PE;Região Nordeste;Brasil;América do Sul
14;Accenture Brasil;Engenheiro(a) de Software Sênior | Java + Python + Cloud;São Paulo, SP;09/10 09:00;https://www.linkedin.com/jobs/view/4467803744/;https://media.licdn.com/dms/image/v2/D4D0BAQFxYk90aqWMqA/company-logo_100_100/company-logo_100_100/0/1727873248436/accenturebrasil_logo?e=1793232000&v=beta&t=kcCnhJoD5_UeEnXLsCygddKdT1DHql-5EjE_tWFOeW4;Specific > Cloud;https://www.linkedin.com/company/accenture-brasil/about/;Software e Serviços de TI;backend OR java OR spring boot OR python OR django OR golang OR php OR laravel OR ruby OR ruby on rails OR c++ OR c# OR rust OR scala OR julia OR elixir OR node.js OR asp.net core;accenture brasil;1;;https://www.linkedin.com/jobs/view/4467803744/;https://www.linkedin.com/jobs/view/4467803744/;Remote;Senior, TI/Tech;09/10/2026;;São Paulo;SP;Região Sudeste;Brasil;América do Sul
15;Accenture Brasil;Especialista em Engenharia de Software e Arquitetura (Java & Cloud) – Híbrido – São Paulo/SP;São Paulo, SP;08/10 16:00;https://www.linkedin.com/jobs/view/4430831121/;https://media.licdn.com/dms/image/v2/D4D0BAQFxYk90aqWMqA/company-logo_100_100/company-logo_100_100/0/1727873248436/accenturebrasil_logo?e=1793232000&v=beta&t=kcCnhJoD5_UeEnXLsCygddKdT1DHql-5EjE_tWFOeW4;Specific > Cloud;https://www.linkedin.com/company/accenture-brasil/about/;Software e Serviços de TI;backend OR java OR spring boot OR python OR django OR golang OR php OR laravel OR ruby OR ruby on rails OR c++ OR c# OR rust OR scala OR julia OR elixir OR node.js OR asp.net core;accenture brasil;1;;https://www.linkedin.com/jobs/view/4430831121/;https://www.linkedin.com/jobs/view/4430831121/;Not informed;Specialist, TI/Tech, Engenharia Geral;09/10/2026;;São Paulo;SP;Região Sudeste;Brasil;América do Sul
16;Addvisor Group;Desenvolvedor Fullstack Pl;Grande Belo Horizonte (MG);08/10 22:00;https://www.linkedin.com/jobs/view/4476230713/;https://media.licdn.com/dms/image/v2/C560BAQERrO4FKqw5Mg/company-logo_100_100/company-logo_100_100/0/1631314677308?e=1793232000&v=beta&t=spYHDuyy47DP6im58ImQiLsoLPYLm9CvGvOzmrKZNZ0;-;https://www.linkedin.com/company/addvisor-group/about/;-;backend OR java OR spring boot OR python OR django OR golang OR php OR laravel OR ruby OR ruby on rails OR c++ OR c# OR rust OR scala OR julia OR elixir OR node.js OR asp.net core;addvisor group;1;;https://www.linkedin.com/jobs/view/4476230713/;https://www.linkedin.com/jobs/view/4476230713/;Remote;Mid, Full Stack;09/10/2026;;Minas Gerais;MG;Região Sudeste;Brasil;América do Sul
17;Advanced Sterilization Products;Software Engineering;Vitoria, Brasil Metropolitan ;09/10 07:00;https://www.linkedin.com/jobs/view/4457960344/;https://media.licdn.com/dms/image/v2/D4E0BAQFcjH6acDpzMQ/company-logo_100_100/B4EZ8d4dRVHAAI-/0/1782912767263?e=1793232000&v=beta&t=Q0_o2wQofEweZEGRXYTiOd2jBvd2C-6sv9hvwYxs2SI;Advanced > Information Technology;https://www.linkedin.com/company/advanced-sterilization-products/about/;Software e Serviços de TI;backend OR java OR spring boot OR python OR django OR golang OR php OR laravel OR ruby OR ruby on rails OR c++ OR c# OR rust OR scala OR julia OR elixir OR node.js OR asp.net core;advanced sterilization products;1;;https://www.linkedin.com/jobs/view/4457960344/;https://www.linkedin.com/jobs/view/4457960344/;On-site;TI/Tech, Engenharia Geral;09/10/2026;;;;;;
18;Ahoy by Belago;desenvolvedor FULLSTACK .NET / ANGULAR;Curitiba, PR;08/10 19:00;https://www.linkedin.com/jobs/view/4477481268/;https://media.licdn.com/dms/image/v2/D4D0BAQGEe1exewMgbA/company-logo_100_100/B4DZtcPaEuIAAU-/0/1766779102430/ahoybr_logo?e=1793232000&v=beta&t=RI_MDe-3zZcg43j49PefqD6XsC4qQNdP3HA0Y2t1NiU;-;https://www.linkedin.com/company/ahoy-by-belago/about/;-;backend OR java OR spring boot OR python OR django OR golang OR php OR laravel OR ruby OR ruby on rails OR c++ OR c# OR rust OR scala OR julia OR elixir OR node.js OR asp.net core;ahoy by belago;1;;https://www.linkedin.com/jobs/view/4477481268/;https://www.linkedin.com/jobs/view/4477481268/;Hybrid;Full Stack;09/10/2026;;Paraná;PR;Região Sul;Brasil;América do Sul
19;Alignerr;Senior C# Full-Stack Engineer — AI Data & Infrastructure;Brasil;08/10 22:00;https://www.linkedin.com/jobs/view/4477605494/;https://media.licdn.com/dms/image/v2/D560BAQHD7jKpwp33DA/company-logo_100_100/B56ZsP32kCG4AQ-/0/1765497858824/alignerr_logo?e=1793232000&v=beta&t=UEj8G2mfrvhB295g0YtuWBPOPamkmoL8pLu-bo4w7QQ;Data & Ai > Data Engineering;https://www.linkedin.com/company/alignerr/about/;Dados e Analytics;backend OR java OR spring boot OR python OR django OR golang OR php OR laravel OR ruby OR ruby on rails OR c++ OR c# OR rust OR scala OR julia OR elixir OR node.js OR asp.net core;alignerr;1;;https://www.linkedin.com/jobs/view/4477605494/;https://www.linkedin.com/jobs/view/4477605494/;Remote;Inteligência Artificial, Senior, Full Stack, Dados/Analytics, Engenharia Geral;09/10/2026;;;;;Brasil;América do Sul
20;Alignerr;Senior Software Engineer — AI Evaluation & Benchmarks;Brasil;08/10 16:00;https://www.linkedin.com/jobs/view/4476954984/;https://media.licdn.com/dms/image/v2/D560BAQHD7jKpwp33DA/company-logo_100_100/B56ZsP32kCG4AQ-/0/1765497858824/alignerr_logo?e=1793232000&v=beta&t=UEj8G2mfrvhB295g0YtuWBPOPamkmoL8pLu-bo4w7QQ;Advanced > Information Technology;https://www.linkedin.com/company/alignerr/about/;Inteligência Artificial;backend OR java OR spring boot OR python OR django OR golang OR php OR laravel OR ruby OR ruby on rails OR c++ OR c# OR rust OR scala OR julia OR elixir OR node.js OR asp.net core;alignerr;1;;https://www.linkedin.com/jobs/view/4476954984/;https://www.linkedin.com/jobs/view/4476954984/;Remote;Inteligência Artificial, Senior, TI/Tech, Engenharia Geral;09/10/2026;;;;;Brasil;América do Sul
21;Alignerr;Software Engineer - Ruby;Brasil;08/10 16:00;https://www.linkedin.com/jobs/view/4476970324/;https://media.licdn.com/dms/image/v2/D560BAQHD7jKpwp33DA/company-logo_100_100/B56ZsP32kCG4AQ-/0/1765497858824/alignerr_logo?e=1793232000&v=beta&t=UEj8G2mfrvhB295g0YtuWBPOPamkmoL8pLu-bo4w7QQ;Advanced > Information Technology;https://www.linkedin.com/company/alignerr/about/;Software e Serviços de TI;backend OR java OR spring boot OR python OR django OR golang OR php OR laravel OR ruby OR ruby on rails OR c++ OR c# OR rust OR scala OR julia OR elixir OR node.js OR asp.net core;alignerr;1;;https://www.linkedin.com/jobs/view/4476970324/;https://www.linkedin.com/jobs/view/4476970324/;Remote;TI/Tech, Engenharia Geral;09/10/2026;;;;;Brasil;América do Sul
22;Alignerr;Senior Software Engineer — Agentic Coding;São Paulo, SP;08/10 22:00;https://www.linkedin.com/jobs/view/4477600694/;https://media.licdn.com/dms/image/v2/D560BAQHD7jKpwp33DA/company-logo_100_100/B56ZsP32kCG4AQ-/0/1765497858824/alignerr_logo?e=1793232000&v=beta&t=UEj8G2mfrvhB295g0YtuWBPOPamkmoL8pLu-bo4w7QQ;Advanced > Information Technology;https://www.linkedin.com/company/alignerr/about/;Software e Serviços de TI;backend OR java OR spring boot OR python OR django OR golang OR php OR laravel OR ruby OR ruby on rails OR c++ OR c# OR rust OR scala OR julia OR elixir OR node.js OR asp.net core;alignerr;1;;https://www.linkedin.com/jobs/view/4477600694/;https://www.linkedin.com/jobs/view/4477600694/;Remote;Senior, TI/Tech, Engenharia Geral;09/10/2026;;São Paulo;SP;Região Sudeste;Brasil;América do Sul
23;Amaris Consulting  | Part of Mantu;Senior Software Engineer;SP;09/10 12:00;https://www.linkedin.com/jobs/view/4440595258/;https://media.licdn.com/dms/image/v2/D4D0BAQHsB8-V6fxAMA/company-logo_100_100/company-logo_100_100/0/1729584227309/amaris_logo?e=1793232000&v=beta&t=ikEI44qhm2bWUe55hddlIhDP_xsHUfu0Q0xo-34Ho18;Advanced > Information Technology;https://www.linkedin.com/company/amaris-consulting-part-of-mantu/about/;Consultoria e Assessoria;backend OR java OR spring boot OR python OR django OR golang OR php OR laravel OR ruby OR ruby on rails OR c++ OR c# OR rust OR scala OR julia OR elixir OR node.js OR asp.net core;amaris consulting  | part of mantu;1;;https://www.linkedin.com/jobs/view/4440595258/;https://www.linkedin.com/jobs/view/4440595258/;Not informed;Senior, TI/Tech, Engenharia Geral;09/10/2026;;São Paulo;SP;Região Sudeste;Brasil;América do Sul
24;Amazon;Desenvolvedor de Software, IES Latech Latam;Grande São Paulo (SP) ;09/10 13:00;https://www.linkedin.com/jobs/view/4459626329/;https://media.licdn.com/dms/image/v2/D560BAQGDLy4STCnHbg/company-logo_100_100/B56ZnZxDipI0AQ-/0/1760295142304/amazon_logo?e=1793232000&v=beta&t=-02TwXcT52LFOEv1aAJ5FtJk56tlyss70uNnh0VBlL0;-;https://www.linkedin.com/company/amazon/about/;Software e Serviços de TI;backend OR java OR spring boot OR python OR django OR golang OR php OR laravel OR ruby OR ruby on rails OR c++ OR c# OR rust OR scala OR julia OR elixir OR node.js OR asp.net core;amazon;1;;https://www.linkedin.com/jobs/view/4459626329/;https://www.linkedin.com/jobs/view/4459626329/;Not informed;TI/Tech;09/10/2026;;São Paulo;SP;Região Sudeste;Brasil;América do Sul
25;Apsen Farmacêutica;Analista de Desenvolvimento Analítico Sr. | Desenvolvimento e Personalização de Sistemas;São Paulo, SP;09/10 14:00;https://www.linkedin.com/jobs/view/4475245398/;https://media.licdn.com/dms/image/v2/D4D0BAQHO2TxYan4jVA/company-logo_100_100/B4DZVJB5ewHkAQ-/0/1740686990231/apsen_logo?e=1793232000&v=beta&t=JyRJS_8gZp7xJKIgkVLKRWLzsbFlnJdudD5gsrHxwL0;Advanced > Specialist;https://www.linkedin.com/company/apsen-farmac-utica/about/;Farmacêutica;backend OR java OR spring boot OR python OR django OR golang OR php OR laravel OR ruby OR ruby on rails OR c++ OR c# OR rust OR scala OR julia OR elixir OR node.js OR asp.net core;apsen farmacêutica;1;;https://www.linkedin.com/jobs/view/4475245398/;https://www.linkedin.com/jobs/view/4475245398/;On-site;Senior, Associate, TI/Tech;09/10/2026;;São Paulo;SP;Região Sudeste;Brasil;América do Sul
26;Aptonet;Senior Python Engineer (Databricks);Brasil;09/10 11:00;https://www.linkedin.com/jobs/view/4476296494/;https://media.licdn.com/dms/image/v2/C4E0BAQELzB-uiG66ng/company-logo_100_100/company-logo_100_100/0/1630567244478/aptonet_inc_logo?e=1793232000&v=beta&t=WtPpiiZANV4rMqjrhzqX78L8Sf4RdEqs867eyCCwwRI;Advanced > Information Technology;https://www.linkedin.com/company/aptonet/about/;Dados e Analytics;backend OR java OR spring boot OR python OR django OR golang OR php OR laravel OR ruby OR ruby on rails OR c++ OR c# OR rust OR scala OR julia OR elixir OR node.js OR asp.net core;aptonet;1;;https://www.linkedin.com/jobs/view/4476296494/;https://www.linkedin.com/jobs/view/4476296494/;Remote;Senior, Engenharia Geral;09/10/2026;;;;;Brasil;América do Sul
27;Artefact;Estágio em Engenharia de Dados - Vaga afirmativa para mulheres cis e trans;Grande São Paulo (SP) ;09/10 09:00;https://www.linkedin.com/jobs/view/4450216124/;https://media.licdn.com/dms/image/v2/D4E0BAQG6mqYmvSCxFQ/company-logo_100_100/B4EZ7LS31fJkAI-/0/1781527182992/artefact_global_logo?e=1793232000&v=beta&t=W20TF50G1T3i9i-nk6cIn8XmFitoia9G8OhkwrYlFxM;-;https://www.linkedin.com/company/artefact/about/;Dados e Analytics;backend OR java OR spring boot OR python OR django OR golang OR php OR laravel OR ruby OR ruby on rails OR c++ OR c# OR rust OR scala OR julia OR elixir OR node.js OR asp.net core;artefact;1;;https://www.linkedin.com/jobs/view/4450216124/;https://www.linkedin.com/jobs/view/4450216124/;Not informed;PCD / Afirmativa, Intern, Dados/Analytics, Engenharia Geral;09/10/2026;;São Paulo;SP;Região Sudeste;Brasil;América do Sul
28;Artefact;Intern Data Engineer Brazil;Grande São Paulo (SP) ;09/10 09:00;https://www.linkedin.com/jobs/view/4432029045/;https://media.licdn.com/dms/image/v2/D4E0BAQG6mqYmvSCxFQ/company-logo_100_100/B4EZ7LS31fJkAI-/0/1781527182992/artefact_global_logo?e=1793232000&v=beta&t=W20TF50G1T3i9i-nk6cIn8XmFitoia9G8OhkwrYlFxM;Data & Ai > Data Engineering;https://www.linkedin.com/company/artefact/about/;Dados e Analytics;backend OR java OR spring boot OR python OR django OR golang OR php OR laravel OR ruby OR ruby on rails OR c++ OR c# OR rust OR scala OR julia OR elixir OR node.js OR asp.net core;artefact;1;;https://www.linkedin.com/jobs/view/4432029045/;https://www.linkedin.com/jobs/view/4432029045/;Not informed;Intern, Dados/Analytics, Engenharia Geral;09/10/2026;;São Paulo;SP;Região Sudeste;Brasil;América do Sul
29;Artefact;Software Engineer - Brasil;Grande São Paulo (SP) ;09/10 08:00;https://www.linkedin.com/jobs/view/4468802836/;https://media.licdn.com/dms/image/v2/D4E0BAQG6mqYmvSCxFQ/company-logo_100_100/B4EZ7LS31fJkAI-/0/1781527182992/artefact_global_logo?e=1793232000&v=beta&t=W20TF50G1T3i9i-nk6cIn8XmFitoia9G8OhkwrYlFxM;Advanced > Information Technology;https://www.linkedin.com/company/artefact/about/;Software e Serviços de TI;backend OR java OR spring boot OR python OR django OR golang OR php OR laravel OR ruby OR ruby on rails OR c++ OR c# OR rust OR scala OR julia OR elixir OR node.js OR asp.net core;artefact;1;;https://www.linkedin.com/jobs/view/4468802836/;https://www.linkedin.com/jobs/view/4468802836/;Not informed;TI/Tech, Engenharia Geral;09/10/2026;;São Paulo;SP;Região Sudeste;Brasil;América do Sul
30;Artefact;Software Engineer Sênior Brazil;Grande São Paulo (SP) ;09/10 08:00;https://www.linkedin.com/jobs/view/4468801800/;https://media.licdn.com/dms/image/v2/D4E0BAQG6mqYmvSCxFQ/company-logo_100_100/B4EZ7LS31fJkAI-/0/1781527182992/artefact_global_logo?e=1793232000&v=beta&t=W20TF50G1T3i9i-nk6cIn8XmFitoia9G8OhkwrYlFxM;Advanced > Information Technology;https://www.linkedin.com/company/artefact/about/;Software e Serviços de TI;backend OR java OR spring boot OR python OR django OR golang OR php OR laravel OR ruby OR ruby on rails OR c++ OR c# OR rust OR scala OR julia OR elixir OR node.js OR asp.net core;artefact;1;;https://www.linkedin.com/jobs/view/4468801800/;https://www.linkedin.com/jobs/view/4468801800/;Not informed;Senior, TI/Tech, Engenharia Geral;09/10/2026;;São Paulo;SP;Região Sudeste;Brasil;América do Sul
31;Arvo;Software Engineer;Brasil;08/10 16:00;https://www.linkedin.com/jobs/view/4474815451/;https://media.licdn.com/dms/image/v2/D4D0BAQGdMEoQWC1Utw/company-logo_100_100/B4DaDpgwCeIgAM-/0/1790624072101/arvo_saude_logo?e=1793232000&v=beta&t=6bq1BNkR4NlswVjViPDh-ODPle_C_FbC_5QBlrdizto;Advanced > Information Technology;https://www.linkedin.com/company/arvo/about/;Software e Serviços de TI;backend OR java OR spring boot OR python OR django OR golang OR php OR laravel OR ruby OR ruby on rails OR c++ OR c# OR rust OR scala OR julia OR elixir OR node.js OR asp.net core;arvo;1;;https://www.linkedin.com/jobs/view/4474815451/;https://www.linkedin.com/jobs/view/4474815451/;Remote;TI/Tech, Engenharia Geral;09/10/2026;;;;;Brasil;América do Sul
32;AspenView Technology Partners;Voice AI Integration Engineer;SP;08/10 16:00;https://www.linkedin.com/jobs/view/4449086758/;https://media.licdn.com/dms/image/v2/D4E0BAQGuTxHpx7S9WQ/company-logo_100_100/B4EZZub1gHHQAQ-/0/1745609513489/aspenview_logo?e=1793232000&v=beta&t=sVCPmm4-Wnof7YL552KtC6HrKqQOjlIm9yUwz-_H0Uw;Advanced > Information Technology;https://www.linkedin.com/company/aspenview-technology-partners/about/;Inteligência Artificial;backend OR java OR spring boot OR python OR django OR golang OR php OR laravel OR ruby OR ruby on rails OR c++ OR c# OR rust OR scala OR julia OR elixir OR node.js OR asp.net core;aspenview technology partners;1;;https://www.linkedin.com/jobs/view/4449086758/;https://www.linkedin.com/jobs/view/4449086758/;Remote;Inteligência Artificial, Engenharia Geral;09/10/2026;;São Paulo;SP;Região Sudeste;Brasil;América do Sul
33;Avanade;Desenvolvedor(a) BackEnd;Recife, PE;08/10 22:00;https://www.linkedin.com/jobs/view/4477611031/;https://media.licdn.com/dms/image/v2/D4D0BAQH9oEH9vWAthw/company-logo_100_100/B4DZf0WkqfH8AY-/0/1752151247860/avanade_logo?e=1793232000&v=beta&t=PuXv4hPwtjQE-viUO7YOZwSUutbNLzothEOVmz1mYDU;-;https://www.linkedin.com/company/avanade/about/;-;backend OR java OR spring boot OR python OR django OR golang OR php OR laravel OR ruby OR ruby on rails OR c++ OR c# OR rust OR scala OR julia OR elixir OR node.js OR asp.net core;avanade;1;;https://www.linkedin.com/jobs/view/4477611031/;https://www.linkedin.com/jobs/view/4477611031/;Not informed;Backend;09/10/2026;;Pernambuco;PE;Região Nordeste;Brasil;América do Sul
34;Avanade;Cientista de Dados Pleno;São Paulo, SP;08/10 16:00;https://www.linkedin.com/jobs/view/4463616391/;https://media.licdn.com/dms/image/v2/D4D0BAQH9oEH9vWAthw/company-logo_100_100/B4DZf0WkqfH8AY-/0/1752151247860/avanade_logo?e=1793232000&v=beta&t=PuXv4hPwtjQE-viUO7YOZwSUutbNLzothEOVmz1mYDU;-;https://www.linkedin.com/company/avanade/about/;Dados e Analytics;backend OR java OR spring boot OR python OR django OR golang OR php OR laravel OR ruby OR ruby on rails OR c++ OR c# OR rust OR scala OR julia OR elixir OR node.js OR asp.net core;avanade;1;;https://www.linkedin.com/jobs/view/4463616391/;https://www.linkedin.com/jobs/view/4463616391/;Not informed;Mid, Dados/Analytics;09/10/2026;;São Paulo;SP;Região Sudeste;Brasil;América do Sul
35;Avanade;Consultor(a) FullStack;São Paulo, SP;09/10 07:00;https://www.linkedin.com/jobs/view/4468311944/;https://media.licdn.com/dms/image/v2/D4D0BAQH9oEH9vWAthw/company-logo_100_100/B4DZf0WkqfH8AY-/0/1752151247860/avanade_logo?e=1793232000&v=beta&t=PuXv4hPwtjQE-viUO7YOZwSUutbNLzothEOVmz1mYDU;Advanced > Specialist;https://www.linkedin.com/company/avanade/about/;-;backend OR java OR spring boot OR python OR django OR golang OR php OR laravel OR ruby OR ruby on rails OR c++ OR c# OR rust OR scala OR julia OR elixir OR node.js OR asp.net core;avanade;1;;https://www.linkedin.com/jobs/view/4468311944/;https://www.linkedin.com/jobs/view/4468311944/;Not informed;Consultor, Full Stack;09/10/2026;;São Paulo;SP;Região Sudeste;Brasil;América do Sul
36;Avanade;Desenvolvedor(a) Back End Senior;São Paulo, SP;09/10 15:00;https://www.linkedin.com/jobs/view/4477834938/;https://media.licdn.com/dms/image/v2/D4D0BAQH9oEH9vWAthw/company-logo_100_100/B4DZf0WkqfH8AY-/0/1752151247860/avanade_logo?e=1793232000&v=beta&t=PuXv4hPwtjQE-viUO7YOZwSUutbNLzothEOVmz1mYDU;-;https://www.linkedin.com/company/avanade/about/;-;backend OR java OR spring boot OR python OR django OR golang OR php OR laravel OR ruby OR ruby on rails OR c++ OR c# OR rust OR scala OR julia OR elixir OR node.js OR asp.net core;avanade;1;;https://www.linkedin.com/jobs/view/4477834938/;https://www.linkedin.com/jobs/view/4477834938/;Not informed;Senior, Backend;09/10/2026;;São Paulo;SP;Região Sudeste;Brasil;América do Sul
37;Avenue;.NET Engineer Pleno;Brasil;08/10 16:00;https://www.linkedin.com/jobs/view/4475970454/;https://media.licdn.com/dms/image/v2/D4D0BAQHg9zkO09R3TQ/company-logo_100_100/company-logo_100_100/0/1721830538581/avenueus_logo?e=1793232000&v=beta&t=A6uYtIFudBJ8URjKMvDxl0vbzO6Fpp-Rm8_C_USMV_8;Advanced > Information Technology;https://www.linkedin.com/company/avenue/about/;-;backend OR java OR spring boot OR python OR django OR golang OR php OR laravel OR ruby OR ruby on rails OR c++ OR c# OR rust OR scala OR julia OR elixir OR node.js OR asp.net core;avenue;1;;https://www.linkedin.com/jobs/view/4475970454/;https://www.linkedin.com/jobs/view/4475970454/;Remote;Mid, Engenharia Geral;09/10/2026;;;;;Brasil;América do Sul
38;Avenue;Back-end Engineer Pleno | Assessoria Humana;Brasil;09/10 13:00;https://www.linkedin.com/jobs/view/4456285474/;https://media.licdn.com/dms/image/v2/D4D0BAQHg9zkO09R3TQ/company-logo_100_100/company-logo_100_100/0/1721830538581/avenueus_logo?e=1793232000&v=beta&t=A6uYtIFudBJ8URjKMvDxl0vbzO6Fpp-Rm8_C_USMV_8;Advanced > Information Technology;https://www.linkedin.com/company/avenue/about/;Consultoria e Assessoria;backend OR java OR spring boot OR python OR django OR golang OR php OR laravel OR ruby OR ruby on rails OR c++ OR c# OR rust OR scala OR julia OR elixir OR node.js OR asp.net core;avenue;1;;https://www.linkedin.com/jobs/view/4456285474/;https://www.linkedin.com/jobs/view/4456285474/;Remote;Mid, Backend, Engenharia Geral;09/10/2026;;;;;Brasil;América do Sul
39;Avenue Code;Senior Backend Engineer (LATAM);Brasil;09/10 14:00;https://www.linkedin.com/jobs/view/4476832115/;https://media.licdn.com/dms/image/v2/D4D0BAQFxvhJ6VqfLqQ/company-logo_100_100/B4DZ2b.IrPGcAQ-/0/1776438250614/avenuecode_logo?e=1793232000&v=beta&t=TUNDpUeR69-u_kIh_s4VQZdk3rAJaYLsH6L6A41r89k;Advanced > Information Technology;https://www.linkedin.com/company/avenue-code/about/;-;backend OR java OR spring boot OR python OR django OR golang OR php OR laravel OR ruby OR ruby on rails OR c++ OR c# OR rust OR scala OR julia OR elixir OR node.js OR asp.net core;avenue code;1;;https://www.linkedin.com/jobs/view/4476832115/;https://www.linkedin.com/jobs/view/4476832115/;Remote;Senior, Backend, Engenharia Geral;09/10/2026;;;;;Brasil;América do Sul
40;Avenue Code;Senior Python AI Engineer;Brasil;09/10 12:00;https://www.linkedin.com/jobs/view/4440299094/;https://media.licdn.com/dms/image/v2/D4D0BAQFxvhJ6VqfLqQ/company-logo_100_100/B4DZ2b.IrPGcAQ-/0/1776438250614/avenuecode_logo?e=1793232000&v=beta&t=TUNDpUeR69-u_kIh_s4VQZdk3rAJaYLsH6L6A41r89k;Advanced > Information Technology;https://www.linkedin.com/company/avenue-code/about/;Inteligência Artificial;backend OR java OR spring boot OR python OR django OR golang OR php OR laravel OR ruby OR ruby on rails OR c++ OR c# OR rust OR scala OR julia OR elixir OR node.js OR asp.net core;avenue code;1;;https://www.linkedin.com/jobs/view/4440299094/;https://www.linkedin.com/jobs/view/4440299094/;Remote;Inteligência Artificial, Senior, Engenharia Geral;09/10/2026;;;;;Brasil;América do Sul
41;BRQ Digital Solutions;Desenvolvedor(a) Backend Java Sênior;Brasil;08/10 16:00;https://www.linkedin.com/jobs/view/4476937934/;https://media.licdn.com/dms/image/v2/D4D0BAQHsHMIGkFifsw/company-logo_100_100/B4DZwerWdfIoAQ-/0/1770041207049/brq_logo?e=1793232000&v=beta&t=8darlejXeTDq1lAyHh7fkzvS5H5N421VgVvUx0LES8k;-;https://www.linkedin.com/company/brq-digital-solutions/about/;Software e Serviços de TI;backend OR java OR spring boot OR python OR django OR golang OR php OR laravel OR ruby OR ruby on rails OR c++ OR c# OR rust OR scala OR julia OR elixir OR node.js OR asp.net core;brq digital solutions;1;;https://www.linkedin.com/jobs/view/4476937934/;https://www.linkedin.com/jobs/view/4476937934/;Remote;Senior, Backend;09/10/2026;;;;;Brasil;América do Sul
42;BRQ Digital Solutions;Desenvolvedor FullStack - Node e Angular;São Paulo, SP;08/10 21:00;https://www.linkedin.com/jobs/view/4477482651/;https://media.licdn.com/dms/image/v2/D4D0BAQHsHMIGkFifsw/company-logo_100_100/B4DZwerWdfIoAQ-/0/1770041207049/brq_logo?e=1793232000&v=beta&t=8darlejXeTDq1lAyHh7fkzvS5H5N421VgVvUx0LES8k;-;https://www.linkedin.com/company/brq-digital-solutions/about/;Software e Serviços de TI;backend OR java OR spring boot OR python OR django OR golang OR php OR laravel OR ruby OR ruby on rails OR c++ OR c# OR rust OR scala OR julia OR elixir OR node.js OR asp.net core;brq digital solutions;1;;https://www.linkedin.com/jobs/view/4477482651/;https://www.linkedin.com/jobs/view/4477482651/;Hybrid;Full Stack;09/10/2026;;São Paulo;SP;Região Sudeste;Brasil;América do Sul
43;BRQ Digital Solutions;Desenvolvedor PL - Python;São Paulo, SP;08/10 21:00;https://www.linkedin.com/jobs/view/4477495202/;https://media.licdn.com/dms/image/v2/D4D0BAQHsHMIGkFifsw/company-logo_100_100/B4DZwerWdfIoAQ-/0/1770041207049/brq_logo?e=1793232000&v=beta&t=8darlejXeTDq1lAyHh7fkzvS5H5N421VgVvUx0LES8k;-;https://www.linkedin.com/company/brq-digital-solutions/about/;Software e Serviços de TI;backend OR java OR spring boot OR python OR django OR golang OR php OR laravel OR ruby OR ruby on rails OR c++ OR c# OR rust OR scala OR julia OR elixir OR node.js OR asp.net core;brq digital solutions;1;;https://www.linkedin.com/jobs/view/4477495202/;https://www.linkedin.com/jobs/view/4477495202/;Hybrid;Mid;09/10/2026;;São Paulo;SP;Região Sudeste;Brasil;América do Sul
44;BRQ Digital Solutions;Desenvolvedor Python SR;São Paulo, SP;08/10 16:00;https://www.linkedin.com/jobs/view/4477426511/;https://media.licdn.com/dms/image/v2/D4D0BAQHsHMIGkFifsw/company-logo_100_100/B4DZwerWdfIoAQ-/0/1770041207049/brq_logo?e=1793232000&v=beta&t=8darlejXeTDq1lAyHh7fkzvS5H5N421VgVvUx0LES8k;-;https://www.linkedin.com/company/brq-digital-solutions/about/;Software e Serviços de TI;backend OR java OR spring boot OR python OR django OR golang OR php OR laravel OR ruby OR ruby on rails OR c++ OR c# OR rust OR scala OR julia OR elixir OR node.js OR asp.net core;brq digital solutions;1;;https://www.linkedin.com/jobs/view/4477426511/;https://www.linkedin.com/jobs/view/4477426511/;Hybrid;Senior;09/10/2026;;São Paulo;SP;Região Sudeste;Brasil;América do Sul
45;BRQ Digital Solutions;Engenheiro(a) de Dados Sênior (Arquitetura, Pipelines & Big Data);São Paulo, SP;08/10 16:00;https://www.linkedin.com/jobs/view/4476939972/;https://media.licdn.com/dms/image/v2/D4D0BAQHsHMIGkFifsw/company-logo_100_100/B4DZwerWdfIoAQ-/0/1770041207049/brq_logo?e=1793232000&v=beta&t=8darlejXeTDq1lAyHh7fkzvS5H5N421VgVvUx0LES8k;Data & Ai > BI Analytics And Big Data;https://www.linkedin.com/company/brq-digital-solutions/about/;Dados e Analytics;backend OR java OR spring boot OR python OR django OR golang OR php OR laravel OR ruby OR ruby on rails OR c++ OR c# OR rust OR scala OR julia OR elixir OR node.js OR asp.net core;brq digital solutions;1;;https://www.linkedin.com/jobs/view/4476939972/;https://www.linkedin.com/jobs/view/4476939972/;Hybrid;Banco de Talentos, Senior, Dados/Analytics;09/10/2026;;São Paulo;SP;Região Sudeste;Brasil;América do Sul
46;BRQ Digital Solutions;Engenheiro(a) de Dados Sênior (Arquitetura, Pipelines & Big Data);São Paulo, SP;08/10 16:00;https://www.linkedin.com/jobs/view/4476953323/;https://media.licdn.com/dms/image/v2/D4D0BAQHsHMIGkFifsw/company-logo_100_100/B4DZwerWdfIoAQ-/0/1770041207049/brq_logo?e=1793232000&v=beta&t=8darlejXeTDq1lAyHh7fkzvS5H5N421VgVvUx0LES8k;Data & Ai > BI Analytics And Big Data;https://www.linkedin.com/company/brq-digital-solutions/about/;Dados e Analytics;backend OR java OR spring boot OR python OR django OR golang OR php OR laravel OR ruby OR ruby on rails OR c++ OR c# OR rust OR scala OR julia OR elixir OR node.js OR asp.net core;brq digital solutions;1;;https://www.linkedin.com/jobs/view/4476953323/;https://www.linkedin.com/jobs/view/4476953323/;Hybrid;Banco de Talentos, Senior, Dados/Analytics;09/10/2026;;São Paulo;SP;Região Sudeste;Brasil;América do Sul
47;BRQ Digital Solutions;Engenheiro(a) de Dados Sênior (Plataforma de Dados, Cloud & Big Data);São Paulo, SP;08/10 16:00;https://www.linkedin.com/jobs/view/4473511162/;https://media.licdn.com/dms/image/v2/D4D0BAQHsHMIGkFifsw/company-logo_100_100/B4DZwerWdfIoAQ-/0/1770041207049/brq_logo?e=1793232000&v=beta&t=8darlejXeTDq1lAyHh7fkzvS5H5N421VgVvUx0LES8k;Data & Ai > BI Analytics And Big Data;https://www.linkedin.com/company/brq-digital-solutions/about/;Dados e Analytics;backend OR java OR spring boot OR python OR django OR golang OR php OR laravel OR ruby OR ruby on rails OR c++ OR c# OR rust OR scala OR julia OR elixir OR node.js OR asp.net core;brq digital solutions;1;;https://www.linkedin.com/jobs/view/4473511162/;https://www.linkedin.com/jobs/view/4473511162/;Hybrid;Senior, Dados/Analytics;09/10/2026;;São Paulo;SP;Região Sudeste;Brasil;América do Sul
48;BTG Pactual;Engenheiro(a) de Software Junior(Full stack) | IT Accounting Clients & Finance Report;Rio de Janeiro, RJ;08/10 20:00;https://www.linkedin.com/jobs/view/4462892770/;https://media.licdn.com/dms/image/v2/C4E0BAQE0wyub1rswiA/company-logo_100_100/company-logo_100_100/0/1654720569889/btgpactual_logo?e=1793232000&v=beta&t=ARmfQdo35TEoH0K0b3DhJOgj5-JfDL5bh8hcKBup6DA;-;https://www.linkedin.com/company/btg-pactual/about/;Serviços Financeiros;backend OR java OR spring boot OR python OR django OR golang OR php OR laravel OR ruby OR ruby on rails OR c++ OR c# OR rust OR scala OR julia OR elixir OR node.js OR asp.net core;btg pactual;1;;https://www.linkedin.com/jobs/view/4462892770/;https://www.linkedin.com/jobs/view/4462892770/;Not informed;Junior, TI/Tech, Full Stack;09/10/2026;;Rio de Janeiro;RJ;Região Sudeste;Brasil;América do Sul
49;BTG Pactual;Desenvolvedor(a) de Automação;São Paulo, SP;08/10 16:00;https://www.linkedin.com/jobs/view/4445280447/;https://media.licdn.com/dms/image/v2/C4E0BAQE0wyub1rswiA/company-logo_100_100/company-logo_100_100/0/1654720569889/btgpactual_logo?e=1793232000&v=beta&t=ARmfQdo35TEoH0K0b3DhJOgj5-JfDL5bh8hcKBup6DA;Advanced > Process & Automation;https://www.linkedin.com/company/btg-pactual/about/;-;backend OR java OR spring boot OR python OR django OR golang OR php OR laravel OR ruby OR ruby on rails OR c++ OR c# OR rust OR scala OR julia OR elixir OR node.js OR asp.net core;btg pactual;1;;https://www.linkedin.com/jobs/view/4445280447/;https://www.linkedin.com/jobs/view/4445280447/;Not informed;-;09/10/2026;;São Paulo;SP;Região Sudeste;Brasil;América do Sul
50;BTG Pactual;Engenheiro de Software - IT Asset Servicing - INR;São Paulo, SP;08/10 20:00;https://www.linkedin.com/jobs/view/4445627629/;https://media.licdn.com/dms/image/v2/C4E0BAQE0wyub1rswiA/company-logo_100_100/company-logo_100_100/0/1654720569889/btgpactual_logo?e=1793232000&v=beta&t=ARmfQdo35TEoH0K0b3DhJOgj5-JfDL5bh8hcKBup6DA;-;https://www.linkedin.com/company/btg-pactual/about/;Software e Serviços de TI;backend OR java OR spring boot OR python OR django OR golang OR php OR laravel OR ruby OR ruby on rails OR c++ OR c# OR rust OR scala OR julia OR elixir OR node.js OR asp.net core;btg pactual;1;;https://www.linkedin.com/jobs/view/4445627629/;https://www.linkedin.com/jobs/view/4445627629/;Not informed;TI/Tech;09/10/2026;;São Paulo;SP;Região Sudeste;Brasil;América do Sul
51;BTG Pactual;Engenheiro de Software Java Sênior |  IT Offshore Platform;São Paulo, SP;08/10 16:00;https://www.linkedin.com/jobs/view/4468274604/;https://media.licdn.com/dms/image/v2/C4E0BAQE0wyub1rswiA/company-logo_100_100/company-logo_100_100/0/1654720569889/btgpactual_logo?e=1793232000&v=beta&t=ARmfQdo35TEoH0K0b3DhJOgj5-JfDL5bh8hcKBup6DA;-;https://www.linkedin.com/company/btg-pactual/about/;Software e Serviços de TI;backend OR java OR spring boot OR python OR django OR golang OR php OR laravel OR ruby OR ruby on rails OR c++ OR c# OR rust OR scala OR julia OR elixir OR node.js OR asp.net core;btg pactual;1;;https://www.linkedin.com/jobs/view/4468274604/;https://www.linkedin.com/jobs/view/4468274604/;Not informed;Senior, TI/Tech;09/10/2026;;São Paulo;SP;Região Sudeste;Brasil;América do Sul
52;BTG Pactual;Engenheiro de Software Sênior - Credit Risk;São Paulo, SP;08/10 16:00;https://www.linkedin.com/jobs/view/4449047017/;https://media.licdn.com/dms/image/v2/C4E0BAQE0wyub1rswiA/company-logo_100_100/company-logo_100_100/0/1654720569889/btgpactual_logo?e=1793232000&v=beta&t=ARmfQdo35TEoH0K0b3DhJOgj5-JfDL5bh8hcKBup6DA;-;https://www.linkedin.com/company/btg-pactual/about/;Software e Serviços de TI;backend OR java OR spring boot OR python OR django OR golang OR php OR laravel OR ruby OR ruby on rails OR c++ OR c# OR rust OR scala OR julia OR elixir OR node.js OR asp.net core;btg pactual;1;;https://www.linkedin.com/jobs/view/4449047017/;https://www.linkedin.com/jobs/view/4449047017/;Not informed;Senior, TI/Tech;09/10/2026;;São Paulo;SP;Região Sudeste;Brasil;América do Sul
53;BairesDev;Desenvolvedor Java Junior - Trabalho Remoto;Brasil;08/10 16:00;https://www.linkedin.com/jobs/view/4475986206/;https://media.licdn.com/dms/image/v2/D4E0BAQGNvQASzrdL_w/company-logo_100_100/company-logo_100_100/0/1687874736484/bairesdev_logo?e=1793232000&v=beta&t=pOQUzlNUgi3-co4_ySLdLosgF4YQMggpphIEqWmlakA;-;https://www.linkedin.com/company/bairesdev/about/;-;backend OR java OR spring boot OR python OR django OR golang OR php OR laravel OR ruby OR ruby on rails OR c++ OR c# OR rust OR scala OR julia OR elixir OR node.js OR asp.net core;bairesdev;1;;https://www.linkedin.com/jobs/view/4475986206/;https://www.linkedin.com/jobs/view/4475986206/;Remote;Junior;09/10/2026;;;;;Brasil;América do Sul
54;BairesDev;Desenvolvedor Junior .NET - Trabalho Remoto;Brasil;08/10 16:00;https://www.linkedin.com/jobs/view/4475983211/;https://media.licdn.com/dms/image/v2/D4E0BAQGNvQASzrdL_w/company-logo_100_100/company-logo_100_100/0/1687874736484/bairesdev_logo?e=1793232000&v=beta&t=pOQUzlNUgi3-co4_ySLdLosgF4YQMggpphIEqWmlakA;-;https://www.linkedin.com/company/bairesdev/about/;-;backend OR java OR spring boot OR python OR django OR golang OR php OR laravel OR ruby OR ruby on rails OR c++ OR c# OR rust OR scala OR julia OR elixir OR node.js OR asp.net core;bairesdev;1;;https://www.linkedin.com/jobs/view/4475983211/;https://www.linkedin.com/jobs/view/4475983211/;Remote;Junior;09/10/2026;;;;;Brasil;América do Sul
55;BairesDev;Desenvolvedor Python (Júnior) - Trabalho Remoto;Brasil;08/10 19:00;https://www.linkedin.com/jobs/view/4476216337/;https://media.licdn.com/dms/image/v2/D4E0BAQGNvQASzrdL_w/company-logo_100_100/company-logo_100_100/0/1687874736484/bairesdev_logo?e=1793232000&v=beta&t=pOQUzlNUgi3-co4_ySLdLosgF4YQMggpphIEqWmlakA;-;https://www.linkedin.com/company/bairesdev/about/;-;backend OR java OR spring boot OR python OR django OR golang OR php OR laravel OR ruby OR ruby on rails OR c++ OR c# OR rust OR scala OR julia OR elixir OR node.js OR asp.net core;bairesdev;1;;https://www.linkedin.com/jobs/view/4476216337/;https://www.linkedin.com/jobs/view/4476216337/;Remote;Junior;09/10/2026;;;;;Brasil;América do Sul
56;BairesDev;Desenvolvedor Python Junior - Trabalho Remoto;Brasil;08/10 19:00;https://www.linkedin.com/jobs/view/4476204783/;https://media.licdn.com/dms/image/v2/D4E0BAQGNvQASzrdL_w/company-logo_100_100/company-logo_100_100/0/1687874736484/bairesdev_logo?e=1793232000&v=beta&t=pOQUzlNUgi3-co4_ySLdLosgF4YQMggpphIEqWmlakA;-;https://www.linkedin.com/company/bairesdev/about/;-;backend OR java OR spring boot OR python OR django OR golang OR php OR laravel OR ruby OR ruby on rails OR c++ OR c# OR rust OR scala OR julia OR elixir OR node.js OR asp.net core;bairesdev;1;;https://www.linkedin.com/jobs/view/4476204783/;https://www.linkedin.com/jobs/view/4476204783/;Remote;Junior;09/10/2026;;;;;Brasil;América do Sul
57;BairesDev;Desenvolvedor Salesforce Commerce Cloud - Trabalho Remoto;Brasil;09/10 13:00;https://www.linkedin.com/jobs/view/4476814815/;https://media.licdn.com/dms/image/v2/D4E0BAQGNvQASzrdL_w/company-logo_100_100/company-logo_100_100/0/1687874736484/bairesdev_logo?e=1793232000&v=beta&t=pOQUzlNUgi3-co4_ySLdLosgF4YQMggpphIEqWmlakA;Specific > Cloud;https://www.linkedin.com/company/bairesdev/about/;Vendas e Suporte;backend OR java OR spring boot OR python OR django OR golang OR php OR laravel OR ruby OR ruby on rails OR c++ OR c# OR rust OR scala OR julia OR elixir OR node.js OR asp.net core;bairesdev;1;;https://www.linkedin.com/jobs/view/4476814815/;https://www.linkedin.com/jobs/view/4476814815/;Remote;Salesforce/CRM, Vendas / Comercial;09/10/2026;;;;;Brasil;América do Sul
58;BairesDev;Desenvolvedor de Software Junior - Trabalho Remoto;Brasil;08/10 16:00;https://www.linkedin.com/jobs/view/4475976426/;https://media.licdn.com/dms/image/v2/D4E0BAQGNvQASzrdL_w/company-logo_100_100/company-logo_100_100/0/1687874736484/bairesdev_logo?e=1793232000&v=beta&t=pOQUzlNUgi3-co4_ySLdLosgF4YQMggpphIEqWmlakA;-;https://www.linkedin.com/company/bairesdev/about/;Software e Serviços de TI;backend OR java OR spring boot OR python OR django OR golang OR php OR laravel OR ruby OR ruby on rails OR c++ OR c# OR rust OR scala OR julia OR elixir OR node.js OR asp.net core;bairesdev;1;;https://www.linkedin.com/jobs/view/4475976426/;https://www.linkedin.com/jobs/view/4475976426/;Remote;Junior, TI/Tech;09/10/2026;;;;;Brasil;América do Sul
59;BairesDev;Desenvolvedor de Software Python - Trabalho Remoto;Brasil;09/10 12:00;https://www.linkedin.com/jobs/view/4476810396/;https://media.licdn.com/dms/image/v2/D4E0BAQGNvQASzrdL_w/company-logo_100_100/company-logo_100_100/0/1687874736484/bairesdev_logo?e=1793232000&v=beta&t=pOQUzlNUgi3-co4_ySLdLosgF4YQMggpphIEqWmlakA;-;https://www.linkedin.com/company/bairesdev/about/;Software e Serviços de TI;backend OR java OR spring boot OR python OR django OR golang OR php OR laravel OR ruby OR ruby on rails OR c++ OR c# OR rust OR scala OR julia OR elixir OR node.js OR asp.net core;bairesdev;1;;https://www.linkedin.com/jobs/view/4476810396/;https://www.linkedin.com/jobs/view/4476810396/;Remote;TI/Tech;09/10/2026;;;;;Brasil;América do Sul
60;BairesDev;Engenheiro Java Júnior - Trabalho Remoto;Brasil;08/10 16:00;https://www.linkedin.com/jobs/view/4475984249/;https://media.licdn.com/dms/image/v2/D4E0BAQGNvQASzrdL_w/company-logo_100_100/company-logo_100_100/0/1687874736484/bairesdev_logo?e=1793232000&v=beta&t=pOQUzlNUgi3-co4_ySLdLosgF4YQMggpphIEqWmlakA;-;https://www.linkedin.com/company/bairesdev/about/;-;backend OR java OR spring boot OR python OR django OR golang OR php OR laravel OR ruby OR ruby on rails OR c++ OR c# OR rust OR scala OR julia OR elixir OR node.js OR asp.net core;bairesdev;1;;https://www.linkedin.com/jobs/view/4475984249/;https://www.linkedin.com/jobs/view/4475984249/;Remote;Junior;09/10/2026;;;;;Brasil;América do Sul
61;BairesDev;Engenheiro de Software Golang - Trabalho Remoto;Brasil;08/10 16:00;https://www.linkedin.com/jobs/view/4475960685/;https://media.licdn.com/dms/image/v2/D4E0BAQGNvQASzrdL_w/company-logo_100_100/company-logo_100_100/0/1687874736484/bairesdev_logo?e=1793232000&v=beta&t=pOQUzlNUgi3-co4_ySLdLosgF4YQMggpphIEqWmlakA;-;https://www.linkedin.com/company/bairesdev/about/;Software e Serviços de TI;backend OR java OR spring boot OR python OR django OR golang OR php OR laravel OR ruby OR ruby on rails OR c++ OR c# OR rust OR scala OR julia OR elixir OR node.js OR asp.net core;bairesdev;1;;https://www.linkedin.com/jobs/view/4475960685/;https://www.linkedin.com/jobs/view/4475960685/;Remote;TI/Tech;09/10/2026;;;;;Brasil;América do Sul
62;BairesDev;Engenheiro de Software Java - Trabalho Remoto;Brasil;08/10 16:00;https://www.linkedin.com/jobs/view/4475974257/;https://media.licdn.com/dms/image/v2/D4E0BAQGNvQASzrdL_w/company-logo_100_100/company-logo_100_100/0/1687874736484/bairesdev_logo?e=1793232000&v=beta&t=pOQUzlNUgi3-co4_ySLdLosgF4YQMggpphIEqWmlakA;-;https://www.linkedin.com/company/bairesdev/about/;Software e Serviços de TI;backend OR java OR spring boot OR python OR django OR golang OR php OR laravel OR ruby OR ruby on rails OR c++ OR c# OR rust OR scala OR julia OR elixir OR node.js OR asp.net core;bairesdev;1;;https://www.linkedin.com/jobs/view/4475974257/;https://www.linkedin.com/jobs/view/4475974257/;Remote;TI/Tech;09/10/2026;;;;;Brasil;América do Sul
63;BairesDev;Engenheiro de Software Node.js - Trabalho Remoto;Brasil;08/10 16:00;https://www.linkedin.com/jobs/view/4475984816/;https://media.licdn.com/dms/image/v2/D4E0BAQGNvQASzrdL_w/company-logo_100_100/company-logo_100_100/0/1687874736484/bairesdev_logo?e=1793232000&v=beta&t=pOQUzlNUgi3-co4_ySLdLosgF4YQMggpphIEqWmlakA;-;https://www.linkedin.com/company/bairesdev/about/;Software e Serviços de TI;backend OR java OR spring boot OR python OR django OR golang OR php OR laravel OR ruby OR ruby on rails OR c++ OR c# OR rust OR scala OR julia OR elixir OR node.js OR asp.net core;bairesdev;1;;https://www.linkedin.com/jobs/view/4475984816/;https://www.linkedin.com/jobs/view/4475984816/;Remote;TI/Tech;09/10/2026;;;;;Brasil;América do Sul
64;BairesDev;Engineering Manager - Remote Work;Brasil;08/10 16:00;https://www.linkedin.com/jobs/view/4475948861/;https://media.licdn.com/dms/image/v2/D4E0BAQGNvQASzrdL_w/company-logo_100_100/company-logo_100_100/0/1687874736484/bairesdev_logo?e=1793232000&v=beta&t=pOQUzlNUgi3-co4_ySLdLosgF4YQMggpphIEqWmlakA;Middle > Manager;https://www.linkedin.com/company/bairesdev/about/;-;backend OR java OR spring boot OR python OR django OR golang OR php OR laravel OR ruby OR ruby on rails OR c++ OR c# OR rust OR scala OR julia OR elixir OR node.js OR asp.net core;bairesdev;1;;https://www.linkedin.com/jobs/view/4475948861/;https://www.linkedin.com/jobs/view/4475948861/;Remote;Liderança/Gerência, Engenharia Geral;09/10/2026;;;;;Brasil;América do Sul
65;BairesDev;Full-stack Python AI Engineer - Remote Work;Brasil;08/10 16:00;https://www.linkedin.com/jobs/view/4475707238/;https://media.licdn.com/dms/image/v2/D4E0BAQGNvQASzrdL_w/company-logo_100_100/company-logo_100_100/0/1687874736484/bairesdev_logo?e=1793232000&v=beta&t=pOQUzlNUgi3-co4_ySLdLosgF4YQMggpphIEqWmlakA;Advanced > Information Technology;https://www.linkedin.com/company/bairesdev/about/;Inteligência Artificial;backend OR java OR spring boot OR python OR django OR golang OR php OR laravel OR ruby OR ruby on rails OR c++ OR c# OR rust OR scala OR julia OR elixir OR node.js OR asp.net core;bairesdev;1;;https://www.linkedin.com/jobs/view/4475707238/;https://www.linkedin.com/jobs/view/4475707238/;Remote;Inteligência Artificial, Full Stack, Engenharia Geral;09/10/2026;;;;;Brasil;América do Sul
66;BairesDev;Fullstack Python + React Engineer - Remote Work;Brasil;08/10 16:00;https://www.linkedin.com/jobs/view/4475487989/;https://media.licdn.com/dms/image/v2/D4E0BAQGNvQASzrdL_w/company-logo_100_100/company-logo_100_100/0/1687874736484/bairesdev_logo?e=1793232000&v=beta&t=pOQUzlNUgi3-co4_ySLdLosgF4YQMggpphIEqWmlakA;Advanced > Information Technology;https://www.linkedin.com/company/bairesdev/about/;-;backend OR java OR spring boot OR python OR django OR golang OR php OR laravel OR ruby OR ruby on rails OR c++ OR c# OR rust OR scala OR julia OR elixir OR node.js OR asp.net core;bairesdev;1;;https://www.linkedin.com/jobs/view/4475487989/;https://www.linkedin.com/jobs/view/4475487989/;Remote;Full Stack, Engenharia Geral;09/10/2026;;;;;Brasil;América do Sul
67;BairesDev;Golang Software Engineer - Remote Work;Brasil;08/10 16:00;https://www.linkedin.com/jobs/view/4475968407/;https://media.licdn.com/dms/image/v2/D4E0BAQGNvQASzrdL_w/company-logo_100_100/company-logo_100_100/0/1687874736484/bairesdev_logo?e=1793232000&v=beta&t=pOQUzlNUgi3-co4_ySLdLosgF4YQMggpphIEqWmlakA;Advanced > Information Technology;https://www.linkedin.com/company/bairesdev/about/;Software e Serviços de TI;backend OR java OR spring boot OR python OR django OR golang OR php OR laravel OR ruby OR ruby on rails OR c++ OR c# OR rust OR scala OR julia OR elixir OR node.js OR asp.net core;bairesdev;1;;https://www.linkedin.com/jobs/view/4475968407/;https://www.linkedin.com/jobs/view/4475968407/;Remote;TI/Tech, Engenharia Geral;09/10/2026;;;;;Brasil;América do Sul
68;BairesDev;Java Software Engineer - Remote Work;Brasil;08/10 16:00;https://www.linkedin.com/jobs/view/4475970437/;https://media.licdn.com/dms/image/v2/D4E0BAQGNvQASzrdL_w/company-logo_100_100/company-logo_100_100/0/1687874736484/bairesdev_logo?e=1793232000&v=beta&t=pOQUzlNUgi3-co4_ySLdLosgF4YQMggpphIEqWmlakA;Advanced > Information Technology;https://www.linkedin.com/company/bairesdev/about/;Software e Serviços de TI;backend OR java OR spring boot OR python OR django OR golang OR php OR laravel OR ruby OR ruby on rails OR c++ OR c# OR rust OR scala OR julia OR elixir OR node.js OR asp.net core;bairesdev;1;;https://www.linkedin.com/jobs/view/4475970437/;https://www.linkedin.com/jobs/view/4475970437/;Remote;TI/Tech, Engenharia Geral;09/10/2026;;;;;Brasil;América do Sul
69;BairesDev;Java Software Engineer - Remote Work;Brasil;08/10 16:00;https://www.linkedin.com/jobs/view/4475972303/;https://media.licdn.com/dms/image/v2/D4E0BAQGNvQASzrdL_w/company-logo_100_100/company-logo_100_100/0/1687874736484/bairesdev_logo?e=1793232000&v=beta&t=pOQUzlNUgi3-co4_ySLdLosgF4YQMggpphIEqWmlakA;Advanced > Information Technology;https://www.linkedin.com/company/bairesdev/about/;Software e Serviços de TI;backend OR java OR spring boot OR python OR django OR golang OR php OR laravel OR ruby OR ruby on rails OR c++ OR c# OR rust OR scala OR julia OR elixir OR node.js OR asp.net core;bairesdev;1;;https://www.linkedin.com/jobs/view/4475972303/;https://www.linkedin.com/jobs/view/4475972303/;Remote;TI/Tech, Engenharia Geral;09/10/2026;;;;;Brasil;América do Sul
70;BairesDev;Junior .NET Developer - Remote Work;Brasil;08/10 16:00;https://www.linkedin.com/jobs/view/4475974491/;https://media.licdn.com/dms/image/v2/D4E0BAQGNvQASzrdL_w/company-logo_100_100/company-logo_100_100/0/1687874736484/bairesdev_logo?e=1793232000&v=beta&t=pOQUzlNUgi3-co4_ySLdLosgF4YQMggpphIEqWmlakA;Advanced > Information Technology;https://www.linkedin.com/company/bairesdev/about/;-;backend OR java OR spring boot OR python OR django OR golang OR php OR laravel OR ruby OR ruby on rails OR c++ OR c# OR rust OR scala OR julia OR elixir OR node.js OR asp.net core;bairesdev;1;;https://www.linkedin.com/jobs/view/4475974491/;https://www.linkedin.com/jobs/view/4475974491/;Remote;Junior;09/10/2026;;;;;Brasil;América do Sul
71;BairesDev;Junior Java Developer - Remote Work;Brasil;08/10 16:00;https://www.linkedin.com/jobs/view/4475982252/;https://media.licdn.com/dms/image/v2/D4E0BAQGNvQASzrdL_w/company-logo_100_100/company-logo_100_100/0/1687874736484/bairesdev_logo?e=1793232000&v=beta&t=pOQUzlNUgi3-co4_ySLdLosgF4YQMggpphIEqWmlakA;Advanced > Information Technology;https://www.linkedin.com/company/bairesdev/about/;-;backend OR java OR spring boot OR python OR django OR golang OR php OR laravel OR ruby OR ruby on rails OR c++ OR c# OR rust OR scala OR julia OR elixir OR node.js OR asp.net core;bairesdev;1;;https://www.linkedin.com/jobs/view/4475982252/;https://www.linkedin.com/jobs/view/4475982252/;Remote;Junior;09/10/2026;;;;;Brasil;América do Sul
72;BairesDev;Junior Software Developer - Remote Work;Brasil;08/10 16:00;https://www.linkedin.com/jobs/view/4475966944/;https://media.licdn.com/dms/image/v2/D4E0BAQGNvQASzrdL_w/company-logo_100_100/company-logo_100_100/0/1687874736484/bairesdev_logo?e=1793232000&v=beta&t=pOQUzlNUgi3-co4_ySLdLosgF4YQMggpphIEqWmlakA;Advanced > Information Technology;https://www.linkedin.com/company/bairesdev/about/;Software e Serviços de TI;backend OR java OR spring boot OR python OR django OR golang OR php OR laravel OR ruby OR ruby on rails OR c++ OR c# OR rust OR scala OR julia OR elixir OR node.js OR asp.net core;bairesdev;1;;https://www.linkedin.com/jobs/view/4475966944/;https://www.linkedin.com/jobs/view/4475966944/;Remote;Junior, TI/Tech;09/10/2026;;;;;Brasil;América do Sul
73;BairesDev;Node.js Senior Tech Lead - Remote Work;Brasil;08/10 16:00;https://www.linkedin.com/jobs/view/4475994370/;https://media.licdn.com/dms/image/v2/D4E0BAQGNvQASzrdL_w/company-logo_100_100/company-logo_100_100/0/1687874736484/bairesdev_logo?e=1793232000&v=beta&t=pOQUzlNUgi3-co4_ySLdLosgF4YQMggpphIEqWmlakA;Middle > Manager;https://www.linkedin.com/company/bairesdev/about/;Software e Serviços de TI;backend OR java OR spring boot OR python OR django OR golang OR php OR laravel OR ruby OR ruby on rails OR c++ OR c# OR rust OR scala OR julia OR elixir OR node.js OR asp.net core;bairesdev;1;;https://www.linkedin.com/jobs/view/4475994370/;https://www.linkedin.com/jobs/view/4475994370/;Remote;Senior, Mid, Liderança/Gerência, TI/Tech;09/10/2026;;;;;Brasil;América do Sul
74;BairesDev;Node.js Software Engineer - Remote Work;Brasil;08/10 16:00;https://www.linkedin.com/jobs/view/4475992524/;https://media.licdn.com/dms/image/v2/D4E0BAQGNvQASzrdL_w/company-logo_100_100/company-logo_100_100/0/1687874736484/bairesdev_logo?e=1793232000&v=beta&t=pOQUzlNUgi3-co4_ySLdLosgF4YQMggpphIEqWmlakA;Advanced > Information Technology;https://www.linkedin.com/company/bairesdev/about/;Software e Serviços de TI;backend OR java OR spring boot OR python OR django OR golang OR php OR laravel OR ruby OR ruby on rails OR c++ OR c# OR rust OR scala OR julia OR elixir OR node.js OR asp.net core;bairesdev;1;;https://www.linkedin.com/jobs/view/4475992524/;https://www.linkedin.com/jobs/view/4475992524/;Remote;TI/Tech, Engenharia Geral;09/10/2026;;;;;Brasil;América do Sul
75;BairesDev;Python + Django Senior Developer - Remote Work;Brasil;08/10 16:00;https://www.linkedin.com/jobs/view/4475491179/;https://media.licdn.com/dms/image/v2/D4E0BAQGNvQASzrdL_w/company-logo_100_100/company-logo_100_100/0/1687874736484/bairesdev_logo?e=1793232000&v=beta&t=pOQUzlNUgi3-co4_ySLdLosgF4YQMggpphIEqWmlakA;Advanced > Information Technology;https://www.linkedin.com/company/bairesdev/about/;-;backend OR java OR spring boot OR python OR django OR golang OR php OR laravel OR ruby OR ruby on rails OR c++ OR c# OR rust OR scala OR julia OR elixir OR node.js OR asp.net core;bairesdev;1;;https://www.linkedin.com/jobs/view/4475491179/;https://www.linkedin.com/jobs/view/4475491179/;Remote;Senior;09/10/2026;;;;;Brasil;América do Sul
76;BairesDev;Python AI Engineer - Remote Work;Brasil;08/10 18:00;https://www.linkedin.com/jobs/view/4475995986/;https://media.licdn.com/dms/image/v2/D4E0BAQGNvQASzrdL_w/company-logo_100_100/company-logo_100_100/0/1687874736484/bairesdev_logo?e=1793232000&v=beta&t=pOQUzlNUgi3-co4_ySLdLosgF4YQMggpphIEqWmlakA;Advanced > Information Technology;https://www.linkedin.com/company/bairesdev/about/;Inteligência Artificial;backend OR java OR spring boot OR python OR django OR golang OR php OR laravel OR ruby OR ruby on rails OR c++ OR c# OR rust OR scala OR julia OR elixir OR node.js OR asp.net core;bairesdev;1;;https://www.linkedin.com/jobs/view/4475995986/;https://www.linkedin.com/jobs/view/4475995986/;Remote;Inteligência Artificial, Engenharia Geral;09/10/2026;;;;;Brasil;América do Sul
77;BairesDev;Ruby on Rails Developer - Remote Work;Brasil;09/10 13:00;https://www.linkedin.com/jobs/view/4476826136/;https://media.licdn.com/dms/image/v2/D4E0BAQGNvQASzrdL_w/company-logo_100_100/company-logo_100_100/0/1687874736484/bairesdev_logo?e=1793232000&v=beta&t=pOQUzlNUgi3-co4_ySLdLosgF4YQMggpphIEqWmlakA;Advanced > Information Technology;https://www.linkedin.com/company/bairesdev/about/;-;backend OR java OR spring boot OR python OR django OR golang OR php OR laravel OR ruby OR ruby on rails OR c++ OR c# OR rust OR scala OR julia OR elixir OR node.js OR asp.net core;bairesdev;1;;https://www.linkedin.com/jobs/view/4476826136/;https://www.linkedin.com/jobs/view/4476826136/;Remote;-;09/10/2026;;;;;Brasil;América do Sul
78;BairesDev;Apache Spark Developer;Brasília, DF;08/10 16:00;https://www.linkedin.com/jobs/view/4475495604/;https://media.licdn.com/dms/image/v2/D4E0BAQGNvQASzrdL_w/company-logo_100_100/company-logo_100_100/0/1687874736484/bairesdev_logo?e=1793232000&v=beta&t=pOQUzlNUgi3-co4_ySLdLosgF4YQMggpphIEqWmlakA;Advanced > Information Technology;https://www.linkedin.com/company/bairesdev/about/;-;backend OR java OR spring boot OR python OR django OR golang OR php OR laravel OR ruby OR ruby on rails OR c++ OR c# OR rust OR scala OR julia OR elixir OR node.js OR asp.net core;bairesdev;1;;https://www.linkedin.com/jobs/view/4475495604/;https://www.linkedin.com/jobs/view/4475495604/;Remote;-;09/10/2026;;Distrito Federal;DF;Região Centro-Oeste;Brasil;América do Sul
79;BairesDev;Desenvolvedor Ruby on Rails - Trabalho Remoto;Brasília, DF;09/10 13:00;https://www.linkedin.com/jobs/view/4476822282/;https://media.licdn.com/dms/image/v2/D4E0BAQGNvQASzrdL_w/company-logo_100_100/company-logo_100_100/0/1687874736484/bairesdev_logo?e=1793232000&v=beta&t=pOQUzlNUgi3-co4_ySLdLosgF4YQMggpphIEqWmlakA;-;https://www.linkedin.com/company/bairesdev/about/;-;backend OR java OR spring boot OR python OR django OR golang OR php OR laravel OR ruby OR ruby on rails OR c++ OR c# OR rust OR scala OR julia OR elixir OR node.js OR asp.net core;bairesdev;1;;https://www.linkedin.com/jobs/view/4476822282/;https://www.linkedin.com/jobs/view/4476822282/;Remote;-;09/10/2026;;Distrito Federal;DF;Região Centro-Oeste;Brasil;América do Sul
80;BairesDev;Apache Spark Developer;Curitiba, PR;08/10 16:00;https://www.linkedin.com/jobs/view/4475704261/;https://media.licdn.com/dms/image/v2/D4E0BAQGNvQASzrdL_w/company-logo_100_100/company-logo_100_100/0/1687874736484/bairesdev_logo?e=1793232000&v=beta&t=pOQUzlNUgi3-co4_ySLdLosgF4YQMggpphIEqWmlakA;Advanced > Information Technology;https://www.linkedin.com/company/bairesdev/about/;-;backend OR java OR spring boot OR python OR django OR golang OR php OR laravel OR ruby OR ruby on rails OR c++ OR c# OR rust OR scala OR julia OR elixir OR node.js OR asp.net core;bairesdev;1;;https://www.linkedin.com/jobs/view/4475704261/;https://www.linkedin.com/jobs/view/4475704261/;Remote;-;09/10/2026;;Paraná;PR;Região Sul;Brasil;América do Sul
81;BairesDev;Golang Developer - Remote Work;Florianópolis, SC;08/10 16:00;https://www.linkedin.com/jobs/view/4475951847/;https://media.licdn.com/dms/image/v2/D4E0BAQGNvQASzrdL_w/company-logo_100_100/company-logo_100_100/0/1687874736484/bairesdev_logo?e=1793232000&v=beta&t=pOQUzlNUgi3-co4_ySLdLosgF4YQMggpphIEqWmlakA;Advanced > Information Technology;https://www.linkedin.com/company/bairesdev/about/;-;backend OR java OR spring boot OR python OR django OR golang OR php OR laravel OR ruby OR ruby on rails OR c++ OR c# OR rust OR scala OR julia OR elixir OR node.js OR asp.net core;bairesdev;1;;https://www.linkedin.com/jobs/view/4475951847/;https://www.linkedin.com/jobs/view/4475951847/;Remote;-;09/10/2026;;Santa Catarina;SC;Região Sul;Brasil;América do Sul
82;BairesDev;Python Tech Lead - Trabalho Remoto;Fortaleza, CE;09/10 12:00;https://www.linkedin.com/jobs/view/4476800753/;https://media.licdn.com/dms/image/v2/D4E0BAQGNvQASzrdL_w/company-logo_100_100/company-logo_100_100/0/1687874736484/bairesdev_logo?e=1793232000&v=beta&t=pOQUzlNUgi3-co4_ySLdLosgF4YQMggpphIEqWmlakA;Middle > Manager;https://www.linkedin.com/company/bairesdev/about/;Software e Serviços de TI;backend OR java OR spring boot OR python OR django OR golang OR php OR laravel OR ruby OR ruby on rails OR c++ OR c# OR rust OR scala OR julia OR elixir OR node.js OR asp.net core;bairesdev;1;;https://www.linkedin.com/jobs/view/4476800753/;https://www.linkedin.com/jobs/view/4476800753/;Remote;Mid, Liderança/Gerência, TI/Tech;09/10/2026;Fortaleza;Ceará;CE;Região Nordeste;Brasil;América do Sul
83;BairesDev;Desenvolvedor PHP - Trabalho Remoto;Goiânia, GO;08/10 16:00;https://www.linkedin.com/jobs/view/4475996309/;https://media.licdn.com/dms/image/v2/D4E0BAQGNvQASzrdL_w/company-logo_100_100/company-logo_100_100/0/1687874736484/bairesdev_logo?e=1793232000&v=beta&t=pOQUzlNUgi3-co4_ySLdLosgF4YQMggpphIEqWmlakA;-;https://www.linkedin.com/company/bairesdev/about/;-;backend OR java OR spring boot OR python OR django OR golang OR php OR laravel OR ruby OR ruby on rails OR c++ OR c# OR rust OR scala OR julia OR elixir OR node.js OR asp.net core;bairesdev;1;;https://www.linkedin.com/jobs/view/4475996309/;https://www.linkedin.com/jobs/view/4475996309/;Remote;-;09/10/2026;;Goiás;GO;Região Centro-Oeste;Brasil;América do Sul
84;BairesDev;Engenheiro Golang - Trabalho Remoto;Goiânia, GO;08/10 16:00;https://www.linkedin.com/jobs/view/4475973016/;https://media.licdn.com/dms/image/v2/D4E0BAQGNvQASzrdL_w/company-logo_100_100/company-logo_100_100/0/1687874736484/bairesdev_logo?e=1793232000&v=beta&t=pOQUzlNUgi3-co4_ySLdLosgF4YQMggpphIEqWmlakA;-;https://www.linkedin.com/company/bairesdev/about/;-;backend OR java OR spring boot OR python OR django OR golang OR php OR laravel OR ruby OR ruby on rails OR c++ OR c# OR rust OR scala OR julia OR elixir OR node.js OR asp.net core;bairesdev;1;;https://www.linkedin.com/jobs/view/4475973016/;https://www.linkedin.com/jobs/view/4475973016/;Remote;-;09/10/2026;;Goiás;GO;Região Centro-Oeste;Brasil;América do Sul
85;BairesDev;Golang Engineer - Remote Work;Goiânia, GO;08/10 16:00;https://www.linkedin.com/jobs/view/4475972007/;https://media.licdn.com/dms/image/v2/D4E0BAQGNvQASzrdL_w/company-logo_100_100/company-logo_100_100/0/1687874736484/bairesdev_logo?e=1793232000&v=beta&t=pOQUzlNUgi3-co4_ySLdLosgF4YQMggpphIEqWmlakA;Advanced > Information Technology;https://www.linkedin.com/company/bairesdev/about/;-;backend OR java OR spring boot OR python OR django OR golang OR php OR laravel OR ruby OR ruby on rails OR c++ OR c# OR rust OR scala OR julia OR elixir OR node.js OR asp.net core;bairesdev;1;;https://www.linkedin.com/jobs/view/4475972007/;https://www.linkedin.com/jobs/view/4475972007/;Remote;Engenharia Geral;09/10/2026;;Goiás;GO;Região Centro-Oeste;Brasil;América do Sul
86;BairesDev;Desenvolvedor Node.js - Trabalho Remoto;Grande Curitiba (PR);08/10 16:00;https://www.linkedin.com/jobs/view/4475977981/;https://media.licdn.com/dms/image/v2/D4E0BAQGNvQASzrdL_w/company-logo_100_100/company-logo_100_100/0/1687874736484/bairesdev_logo?e=1793232000&v=beta&t=pOQUzlNUgi3-co4_ySLdLosgF4YQMggpphIEqWmlakA;-;https://www.linkedin.com/company/bairesdev/about/;-;backend OR java OR spring boot OR python OR django OR golang OR php OR laravel OR ruby OR ruby on rails OR c++ OR c# OR rust OR scala OR julia OR elixir OR node.js OR asp.net core;bairesdev;1;;https://www.linkedin.com/jobs/view/4475977981/;https://www.linkedin.com/jobs/view/4475977981/;Remote;-;09/10/2026;;Paraná;PR;Região Sul;Brasil;América do Sul
87;BairesDev;Desenvolvedor PHP - Trabalho Remoto;Grande Curitiba (PR);08/10 16:00;https://www.linkedin.com/jobs/view/4475991628/;https://media.licdn.com/dms/image/v2/D4E0BAQGNvQASzrdL_w/company-logo_100_100/company-logo_100_100/0/1687874736484/bairesdev_logo?e=1793232000&v=beta&t=pOQUzlNUgi3-co4_ySLdLosgF4YQMggpphIEqWmlakA;-;https://www.linkedin.com/company/bairesdev/about/;-;backend OR java OR spring boot OR python OR django OR golang OR php OR laravel OR ruby OR ruby on rails OR c++ OR c# OR rust OR scala OR julia OR elixir OR node.js OR asp.net core;bairesdev;1;;https://www.linkedin.com/jobs/view/4475991628/;https://www.linkedin.com/jobs/view/4475991628/;Remote;-;09/10/2026;;Paraná;PR;Região Sul;Brasil;América do Sul
88;BairesDev;Engenheiro de Software Node.js - Trabalho Remoto;Grande Curitiba (PR);08/10 16:00;https://www.linkedin.com/jobs/view/4475991511/;https://media.licdn.com/dms/image/v2/D4E0BAQGNvQASzrdL_w/company-logo_100_100/company-logo_100_100/0/1687874736484/bairesdev_logo?e=1793232000&v=beta&t=pOQUzlNUgi3-co4_ySLdLosgF4YQMggpphIEqWmlakA;-;https://www.linkedin.com/company/bairesdev/about/;Software e Serviços de TI;backend OR java OR spring boot OR python OR django OR golang OR php OR laravel OR ruby OR ruby on rails OR c++ OR c# OR rust OR scala OR julia OR elixir OR node.js OR asp.net core;bairesdev;1;;https://www.linkedin.com/jobs/view/4475991511/;https://www.linkedin.com/jobs/view/4475991511/;Remote;TI/Tech;09/10/2026;;Paraná;PR;Região Sul;Brasil;América do Sul
89;BairesDev;Desenvolvedor Salesforce Commerce Cloud - Trabalho Remoto;Grande Salvador (BA);09/10 13:00;https://www.linkedin.com/jobs/view/4476831008/;https://media.licdn.com/dms/image/v2/D4E0BAQGNvQASzrdL_w/company-logo_100_100/company-logo_100_100/0/1687874736484/bairesdev_logo?e=1793232000&v=beta&t=pOQUzlNUgi3-co4_ySLdLosgF4YQMggpphIEqWmlakA;Specific > Cloud;https://www.linkedin.com/company/bairesdev/about/;Vendas e Suporte;backend OR java OR spring boot OR python OR django OR golang OR php OR laravel OR ruby OR ruby on rails OR c++ OR c# OR rust OR scala OR julia OR elixir OR node.js OR asp.net core;bairesdev;1;;https://www.linkedin.com/jobs/view/4476831008/;https://www.linkedin.com/jobs/view/4476831008/;Remote;Salesforce/CRM, Vendas / Comercial;09/10/2026;;Bahia;BA;Região Nordeste;Brasil;América do Sul
90;BairesDev;Desenvolvedor de Software Python - Trabalho Remoto;Grande Salvador (BA);09/10 12:00;https://www.linkedin.com/jobs/view/4476819039/;https://media.licdn.com/dms/image/v2/D4E0BAQGNvQASzrdL_w/company-logo_100_100/company-logo_100_100/0/1687874736484/bairesdev_logo?e=1793232000&v=beta&t=pOQUzlNUgi3-co4_ySLdLosgF4YQMggpphIEqWmlakA;-;https://www.linkedin.com/company/bairesdev/about/;Software e Serviços de TI;backend OR java OR spring boot OR python OR django OR golang OR php OR laravel OR ruby OR ruby on rails OR c++ OR c# OR rust OR scala OR julia OR elixir OR node.js OR asp.net core;bairesdev;1;;https://www.linkedin.com/jobs/view/4476819039/;https://www.linkedin.com/jobs/view/4476819039/;Remote;TI/Tech;09/10/2026;;Bahia;BA;Região Nordeste;Brasil;América do Sul
91;BairesDev;Full-Stack Elixir + React Engineer - Remote Work;Grande Salvador (BA);08/10 16:00;https://www.linkedin.com/jobs/view/4475704258/;https://media.licdn.com/dms/image/v2/D4E0BAQGNvQASzrdL_w/company-logo_100_100/company-logo_100_100/0/1687874736484/bairesdev_logo?e=1793232000&v=beta&t=pOQUzlNUgi3-co4_ySLdLosgF4YQMggpphIEqWmlakA;Advanced > Information Technology;https://www.linkedin.com/company/bairesdev/about/;-;backend OR java OR spring boot OR python OR django OR golang OR php OR laravel OR ruby OR ruby on rails OR c++ OR c# OR rust OR scala OR julia OR elixir OR node.js OR asp.net core;bairesdev;1;;https://www.linkedin.com/jobs/view/4475704258/;https://www.linkedin.com/jobs/view/4475704258/;Remote;Full Stack, Engenharia Geral;09/10/2026;;Bahia;BA;Região Nordeste;Brasil;América do Sul
92;BairesDev;Desenvolvedor Java Junior - Trabalho Remoto;Guarulhos, SP;08/10 16:00;https://www.linkedin.com/jobs/view/4475988050/;https://media.licdn.com/dms/image/v2/D4E0BAQGNvQASzrdL_w/company-logo_100_100/company-logo_100_100/0/1687874736484/bairesdev_logo?e=1793232000&v=beta&t=pOQUzlNUgi3-co4_ySLdLosgF4YQMggpphIEqWmlakA;-;https://www.linkedin.com/company/bairesdev/about/;-;backend OR java OR spring boot OR python OR django OR golang OR php OR laravel OR ruby OR ruby on rails OR c++ OR c# OR rust OR scala OR julia OR elixir OR node.js OR asp.net core;bairesdev;1;;https://www.linkedin.com/jobs/view/4475988050/;https://www.linkedin.com/jobs/view/4475988050/;Remote;Junior;09/10/2026;;São Paulo;SP;Região Sudeste;Brasil;América do Sul
93;BairesDev;Desenvolvedor PHP - Trabalho Remoto;Guarulhos, SP;08/10 16:00;https://www.linkedin.com/jobs/view/4476206069/;https://media.licdn.com/dms/image/v2/D4E0BAQGNvQASzrdL_w/company-logo_100_100/company-logo_100_100/0/1687874736484/bairesdev_logo?e=1793232000&v=beta&t=pOQUzlNUgi3-co4_ySLdLosgF4YQMggpphIEqWmlakA;-;https://www.linkedin.com/company/bairesdev/about/;-;backend OR java OR spring boot OR python OR django OR golang OR php OR laravel OR ruby OR ruby on rails OR c++ OR c# OR rust OR scala OR julia OR elixir OR node.js OR asp.net core;bairesdev;1;;https://www.linkedin.com/jobs/view/4476206069/;https://www.linkedin.com/jobs/view/4476206069/;Remote;-;09/10/2026;;São Paulo;SP;Região Sudeste;Brasil;América do Sul
94;BairesDev;Desenvolvedor Ruby on Rails - Trabalho Remoto;Guarulhos, SP;09/10 13:00;https://www.linkedin.com/jobs/view/4476817554/;https://media.licdn.com/dms/image/v2/D4E0BAQGNvQASzrdL_w/company-logo_100_100/company-logo_100_100/0/1687874736484/bairesdev_logo?e=1793232000&v=beta&t=pOQUzlNUgi3-co4_ySLdLosgF4YQMggpphIEqWmlakA;-;https://www.linkedin.com/company/bairesdev/about/;-;backend OR java OR spring boot OR python OR django OR golang OR php OR laravel OR ruby OR ruby on rails OR c++ OR c# OR rust OR scala OR julia OR elixir OR node.js OR asp.net core;bairesdev;1;;https://www.linkedin.com/jobs/view/4476817554/;https://www.linkedin.com/jobs/view/4476817554/;Remote;-;09/10/2026;;São Paulo;SP;Região Sudeste;Brasil;América do Sul
95;BairesDev;Java Backend Developer - Remote Work;Guarulhos, SP;08/10 16:00;https://www.linkedin.com/jobs/view/4475969458/;https://media.licdn.com/dms/image/v2/D4E0BAQGNvQASzrdL_w/company-logo_100_100/company-logo_100_100/0/1687874736484/bairesdev_logo?e=1793232000&v=beta&t=pOQUzlNUgi3-co4_ySLdLosgF4YQMggpphIEqWmlakA;Advanced > Information Technology;https://www.linkedin.com/company/bairesdev/about/;-;backend OR java OR spring boot OR python OR django OR golang OR php OR laravel OR ruby OR ruby on rails OR c++ OR c# OR rust OR scala OR julia OR elixir OR node.js OR asp.net core;bairesdev;1;;https://www.linkedin.com/jobs/view/4475969458/;https://www.linkedin.com/jobs/view/4475969458/;Remote;Backend;09/10/2026;;São Paulo;SP;Região Sudeste;Brasil;América do Sul
96;BairesDev;Apache Spark Developer;Minas Gerais, Brasil;08/10 16:00;https://www.linkedin.com/jobs/view/4475706226/;https://media.licdn.com/dms/image/v2/D4E0BAQGNvQASzrdL_w/company-logo_100_100/company-logo_100_100/0/1687874736484/bairesdev_logo?e=1793232000&v=beta&t=pOQUzlNUgi3-co4_ySLdLosgF4YQMggpphIEqWmlakA;Advanced > Information Technology;https://www.linkedin.com/company/bairesdev/about/;-;backend OR java OR spring boot OR python OR django OR golang OR php OR laravel OR ruby OR ruby on rails OR c++ OR c# OR rust OR scala OR julia OR elixir OR node.js OR asp.net core;bairesdev;1;;https://www.linkedin.com/jobs/view/4475706226/;https://www.linkedin.com/jobs/view/4475706226/;Remote;-;09/10/2026;;Minas Gerais;MG;Região Sudeste;Brasil;América do Sul
97;BairesDev;Full-stack Python AI Engineer - Remote Work;Minas Gerais, Brasil;08/10 16:00;https://www.linkedin.com/jobs/view/4475492775/;https://media.licdn.com/dms/image/v2/D4E0BAQGNvQASzrdL_w/company-logo_100_100/company-logo_100_100/0/1687874736484/bairesdev_logo?e=1793232000&v=beta&t=pOQUzlNUgi3-co4_ySLdLosgF4YQMggpphIEqWmlakA;Advanced > Information Technology;https://www.linkedin.com/company/bairesdev/about/;Inteligência Artificial;backend OR java OR spring boot OR python OR django OR golang OR php OR laravel OR ruby OR ruby on rails OR c++ OR c# OR rust OR scala OR julia OR elixir OR node.js OR asp.net core;bairesdev;1;;https://www.linkedin.com/jobs/view/4475492775/;https://www.linkedin.com/jobs/view/4475492775/;Remote;Inteligência Artificial, Full Stack, Engenharia Geral;09/10/2026;;Minas Gerais;MG;Região Sudeste;Brasil;América do Sul
98;BairesDev;Fullstack Python + React Engineer - Remote Work;Minas Gerais, Brasil;08/10 16:00;https://www.linkedin.com/jobs/view/4475702549/;https://media.licdn.com/dms/image/v2/D4E0BAQGNvQASzrdL_w/company-logo_100_100/company-logo_100_100/0/1687874736484/bairesdev_logo?e=1793232000&v=beta&t=pOQUzlNUgi3-co4_ySLdLosgF4YQMggpphIEqWmlakA;Advanced > Information Technology;https://www.linkedin.com/company/bairesdev/about/;-;backend OR java OR spring boot OR python OR django OR golang OR php OR laravel OR ruby OR ruby on rails OR c++ OR c# OR rust OR scala OR julia OR elixir OR node.js OR asp.net core;bairesdev;1;;https://www.linkedin.com/jobs/view/4475702549/;https://www.linkedin.com/jobs/view/4475702549/;Remote;Full Stack, Engenharia Geral;09/10/2026;;Minas Gerais;MG;Região Sudeste;Brasil;América do Sul
99;BairesDev;Python AI Engineer - Remote Work;Minas Gerais, Brasil;08/10 19:00;https://www.linkedin.com/jobs/view/4476200830/;https://media.licdn.com/dms/image/v2/D4E0BAQGNvQASzrdL_w/company-logo_100_100/company-logo_100_100/0/1687874736484/bairesdev_logo?e=1793232000&v=beta&t=pOQUzlNUgi3-co4_ySLdLosgF4YQMggpphIEqWmlakA;Advanced > Information Technology;https://www.linkedin.com/company/bairesdev/about/;Inteligência Artificial;backend OR java OR spring boot OR python OR django OR golang OR php OR laravel OR ruby OR ruby on rails OR c++ OR c# OR rust OR scala OR julia OR elixir OR node.js OR asp.net core;bairesdev;1;;https://www.linkedin.com/jobs/view/4476200830/;https://www.linkedin.com/jobs/view/4476200830/;Remote;Inteligência Artificial, Engenharia Geral;09/10/2026;;Minas Gerais;MG;Região Sudeste;Brasil;América do Sul
100;BairesDev;Desenvolvedor Node.js - Trabalho Remoto;Natal, RN;08/10 16:00;https://www.linkedin.com/jobs/view/4475988571/;https://media.licdn.com/dms/image/v2/D4E0BAQGNvQASzrdL_w/company-logo_100_100/company-logo_100_100/0/1687874736484/bairesdev_logo?e=1793232000&v=beta&t=pOQUzlNUgi3-co4_ySLdLosgF4YQMggpphIEqWmlakA;-;https://www.linkedin.com/company/bairesdev/about/;-;backend OR java OR spring boot OR python OR django OR golang OR php OR laravel OR ruby OR ruby on rails OR c++ OR c# OR rust OR scala OR julia OR elixir OR node.js OR asp.net core;bairesdev;1;;https://www.linkedin.com/jobs/view/4475988571/;https://www.linkedin.com/jobs/view/4475988571/;Remote;-;09/10/2026;;Rio Grande do Norte;RN;Região Nordeste;Brasil;América do Sul
101;BairesDev;Desenvolvedor Python Junior - Trabalho Remoto;Porto Alegre, RS;09/10 12:00;https://www.linkedin.com/jobs/view/4476812369/;https://media.licdn.com/dms/image/v2/D4E0BAQGNvQASzrdL_w/company-logo_100_100/company-logo_100_100/0/1687874736484/bairesdev_logo?e=1793232000&v=beta&t=pOQUzlNUgi3-co4_ySLdLosgF4YQMggpphIEqWmlakA;-;https://www.linkedin.com/company/bairesdev/about/;-;backend OR java OR spring boot OR python OR django OR golang OR php OR laravel OR ruby OR ruby on rails OR c++ OR c# OR rust OR scala OR julia OR elixir OR node.js OR asp.net core;bairesdev;1;;https://www.linkedin.com/jobs/view/4476812369/;https://www.linkedin.com/jobs/view/4476812369/;Remote;Junior;09/10/2026;Porto Alegre;Rio Grande do Sul;RS;Região Sul;Brasil;América do Sul
102;BairesDev;Desenvolvedor de Software Python - Trabalho Remoto;Porto Alegre, RS;09/10 12:00;https://www.linkedin.com/jobs/view/4476299788/;https://media.licdn.com/dms/image/v2/D4E0BAQGNvQASzrdL_w/company-logo_100_100/company-logo_100_100/0/1687874736484/bairesdev_logo?e=1793232000&v=beta&t=pOQUzlNUgi3-co4_ySLdLosgF4YQMggpphIEqWmlakA;-;https://www.linkedin.com/company/bairesdev/about/;Software e Serviços de TI;backend OR java OR spring boot OR python OR django OR golang OR php OR laravel OR ruby OR ruby on rails OR c++ OR c# OR rust OR scala OR julia OR elixir OR node.js OR asp.net core;bairesdev;1;;https://www.linkedin.com/jobs/view/4476299788/;https://www.linkedin.com/jobs/view/4476299788/;Remote;TI/Tech;09/10/2026;Porto Alegre;Rio Grande do Sul;RS;Região Sul;Brasil;América do Sul
103;BairesDev;Apache Spark Developer;RJ;08/10 16:00;https://www.linkedin.com/jobs/view/4475486898/;https://media.licdn.com/dms/image/v2/D4E0BAQGNvQASzrdL_w/company-logo_100_100/company-logo_100_100/0/1687874736484/bairesdev_logo?e=1793232000&v=beta&t=pOQUzlNUgi3-co4_ySLdLosgF4YQMggpphIEqWmlakA;Advanced > Information Technology;https://www.linkedin.com/company/bairesdev/about/;-;backend OR java OR spring boot OR python OR django OR golang OR php OR laravel OR ruby OR ruby on rails OR c++ OR c# OR rust OR scala OR julia OR elixir OR node.js OR asp.net core;bairesdev;1;;https://www.linkedin.com/jobs/view/4475486898/;https://www.linkedin.com/jobs/view/4475486898/;Remote;-;09/10/2026;;Rio de Janeiro;RJ;Região Sudeste;Brasil;América do Sul
104;BairesDev;Engenheiro Kafka - Trabalho Remoto;RJ;08/10 16:00;https://www.linkedin.com/jobs/view/4475988157/;https://media.licdn.com/dms/image/v2/D4E0BAQGNvQASzrdL_w/company-logo_100_100/company-logo_100_100/0/1687874736484/bairesdev_logo?e=1793232000&v=beta&t=pOQUzlNUgi3-co4_ySLdLosgF4YQMggpphIEqWmlakA;-;https://www.linkedin.com/company/bairesdev/about/;-;backend OR java OR spring boot OR python OR django OR golang OR php OR laravel OR ruby OR ruby on rails OR c++ OR c# OR rust OR scala OR julia OR elixir OR node.js OR asp.net core;bairesdev;1;;https://www.linkedin.com/jobs/view/4475988157/;https://www.linkedin.com/jobs/view/4475988157/;Remote;-;09/10/2026;;Rio de Janeiro;RJ;Região Sudeste;Brasil;América do Sul
105;BairesDev;Full-stack Python AI Engineer - Remote Work;RJ;08/10 16:00;https://www.linkedin.com/jobs/view/4475496591/;https://media.licdn.com/dms/image/v2/D4E0BAQGNvQASzrdL_w/company-logo_100_100/company-logo_100_100/0/1687874736484/bairesdev_logo?e=1793232000&v=beta&t=pOQUzlNUgi3-co4_ySLdLosgF4YQMggpphIEqWmlakA;Advanced > Information Technology;https://www.linkedin.com/company/bairesdev/about/;Inteligência Artificial;backend OR java OR spring boot OR python OR django OR golang OR php OR laravel OR ruby OR ruby on rails OR c++ OR c# OR rust OR scala OR julia OR elixir OR node.js OR asp.net core;bairesdev;1;;https://www.linkedin.com/jobs/view/4475496591/;https://www.linkedin.com/jobs/view/4475496591/;Remote;Inteligência Artificial, Full Stack, Engenharia Geral;09/10/2026;;Rio de Janeiro;RJ;Região Sudeste;Brasil;América do Sul
106;BairesDev;Fullstack Python + React Engineer - Remote Work;RJ;08/10 16:00;https://www.linkedin.com/jobs/view/4475707433/;https://media.licdn.com/dms/image/v2/D4E0BAQGNvQASzrdL_w/company-logo_100_100/company-logo_100_100/0/1687874736484/bairesdev_logo?e=1793232000&v=beta&t=pOQUzlNUgi3-co4_ySLdLosgF4YQMggpphIEqWmlakA;Advanced > Information Technology;https://www.linkedin.com/company/bairesdev/about/;-;backend OR java OR spring boot OR python OR django OR golang OR php OR laravel OR ruby OR ruby on rails OR c++ OR c# OR rust OR scala OR julia OR elixir OR node.js OR asp.net core;bairesdev;1;;https://www.linkedin.com/jobs/view/4475707433/;https://www.linkedin.com/jobs/view/4475707433/;Remote;Full Stack, Engenharia Geral;09/10/2026;;Rio de Janeiro;RJ;Região Sudeste;Brasil;América do Sul
107;BairesDev;Python AI Engineer - Remote Work;RJ;08/10 19:00;https://www.linkedin.com/jobs/view/4476210514/;https://media.licdn.com/dms/image/v2/D4E0BAQGNvQASzrdL_w/company-logo_100_100/company-logo_100_100/0/1687874736484/bairesdev_logo?e=1793232000&v=beta&t=pOQUzlNUgi3-co4_ySLdLosgF4YQMggpphIEqWmlakA;Advanced > Information Technology;https://www.linkedin.com/company/bairesdev/about/;Inteligência Artificial;backend OR java OR spring boot OR python OR django OR golang OR php OR laravel OR ruby OR ruby on rails OR c++ OR c# OR rust OR scala OR julia OR elixir OR node.js OR asp.net core;bairesdev;1;;https://www.linkedin.com/jobs/view/4476210514/;https://www.linkedin.com/jobs/view/4476210514/;Remote;Inteligência Artificial, Engenharia Geral;09/10/2026;;Rio de Janeiro;RJ;Região Sudeste;Brasil;América do Sul
108;BairesDev;Ruby Developer - Remote Work;RJ;09/10 13:00;https://www.linkedin.com/jobs/view/4476814674/;https://media.licdn.com/dms/image/v2/D4E0BAQGNvQASzrdL_w/company-logo_100_100/company-logo_100_100/0/1687874736484/bairesdev_logo?e=1793232000&v=beta&t=pOQUzlNUgi3-co4_ySLdLosgF4YQMggpphIEqWmlakA;Advanced > Information Technology;https://www.linkedin.com/company/bairesdev/about/;-;backend OR java OR spring boot OR python OR django OR golang OR php OR laravel OR ruby OR ruby on rails OR c++ OR c# OR rust OR scala OR julia OR elixir OR node.js OR asp.net core;bairesdev;1;;https://www.linkedin.com/jobs/view/4476814674/;https://www.linkedin.com/jobs/view/4476814674/;Remote;-;09/10/2026;;Rio de Janeiro;RJ;Região Sudeste;Brasil;América do Sul
109;BairesDev;Apache Spark Developer;Recife, PE;08/10 16:00;https://www.linkedin.com/jobs/view/4475710022/;https://media.licdn.com/dms/image/v2/D4E0BAQGNvQASzrdL_w/company-logo_100_100/company-logo_100_100/0/1687874736484/bairesdev_logo?e=1793232000&v=beta&t=pOQUzlNUgi3-co4_ySLdLosgF4YQMggpphIEqWmlakA;Advanced > Information Technology;https://www.linkedin.com/company/bairesdev/about/;-;backend OR java OR spring boot OR python OR django OR golang OR php OR laravel OR ruby OR ruby on rails OR c++ OR c# OR rust OR scala OR julia OR elixir OR node.js OR asp.net core;bairesdev;1;;https://www.linkedin.com/jobs/view/4475710022/;https://www.linkedin.com/jobs/view/4475710022/;Remote;-;09/10/2026;;Pernambuco;PE;Região Nordeste;Brasil;América do Sul
110;BairesDev;Desenvolvedor Node.js - Trabalho Remoto;Recife, PE;08/10 16:00;https://www.linkedin.com/jobs/view/4475991469/;https://media.licdn.com/dms/image/v2/D4E0BAQGNvQASzrdL_w/company-logo_100_100/company-logo_100_100/0/1687874736484/bairesdev_logo?e=1793232000&v=beta&t=pOQUzlNUgi3-co4_ySLdLosgF4YQMggpphIEqWmlakA;-;https://www.linkedin.com/company/bairesdev/about/;-;backend OR java OR spring boot OR python OR django OR golang OR php OR laravel OR ruby OR ruby on rails OR c++ OR c# OR rust OR scala OR julia OR elixir OR node.js OR asp.net core;bairesdev;1;;https://www.linkedin.com/jobs/view/4475991469/;https://www.linkedin.com/jobs/view/4475991469/;Remote;-;09/10/2026;;Pernambuco;PE;Região Nordeste;Brasil;América do Sul
111;BairesDev;Node.js Developer - Remote Work;Recife, PE;08/10 16:00;https://www.linkedin.com/jobs/view/4475987719/;https://media.licdn.com/dms/image/v2/D4E0BAQGNvQASzrdL_w/company-logo_100_100/company-logo_100_100/0/1687874736484/bairesdev_logo?e=1793232000&v=beta&t=pOQUzlNUgi3-co4_ySLdLosgF4YQMggpphIEqWmlakA;Advanced > Information Technology;https://www.linkedin.com/company/bairesdev/about/;-;backend OR java OR spring boot OR python OR django OR golang OR php OR laravel OR ruby OR ruby on rails OR c++ OR c# OR rust OR scala OR julia OR elixir OR node.js OR asp.net core;bairesdev;1;;https://www.linkedin.com/jobs/view/4475987719/;https://www.linkedin.com/jobs/view/4475987719/;Remote;-;09/10/2026;;Pernambuco;PE;Região Nordeste;Brasil;América do Sul
112;BairesDev;Apache Spark Developer;Rio Grande do Norte, Brasil;08/10 16:00;https://www.linkedin.com/jobs/view/4475490751/;https://media.licdn.com/dms/image/v2/D4E0BAQGNvQASzrdL_w/company-logo_100_100/company-logo_100_100/0/1687874736484/bairesdev_logo?e=1793232000&v=beta&t=pOQUzlNUgi3-co4_ySLdLosgF4YQMggpphIEqWmlakA;Advanced > Information Technology;https://www.linkedin.com/company/bairesdev/about/;-;backend OR java OR spring boot OR python OR django OR golang OR php OR laravel OR ruby OR ruby on rails OR c++ OR c# OR rust OR scala OR julia OR elixir OR node.js OR asp.net core;bairesdev;1;;https://www.linkedin.com/jobs/view/4475490751/;https://www.linkedin.com/jobs/view/4475490751/;Remote;-;09/10/2026;;Rio Grande do Norte;RN;Região Nordeste;Brasil;América do Sul
113;BairesDev;Apache Spark Developer;Rio Grande do Sul, Brasil;08/10 16:00;https://www.linkedin.com/jobs/view/4475705225/;https://media.licdn.com/dms/image/v2/D4E0BAQGNvQASzrdL_w/company-logo_100_100/company-logo_100_100/0/1687874736484/bairesdev_logo?e=1793232000&v=beta&t=pOQUzlNUgi3-co4_ySLdLosgF4YQMggpphIEqWmlakA;Advanced > Information Technology;https://www.linkedin.com/company/bairesdev/about/;-;backend OR java OR spring boot OR python OR django OR golang OR php OR laravel OR ruby OR ruby on rails OR c++ OR c# OR rust OR scala OR julia OR elixir OR node.js OR asp.net core;bairesdev;1;;https://www.linkedin.com/jobs/view/4475705225/;https://www.linkedin.com/jobs/view/4475705225/;Remote;-;09/10/2026;;Rio Grande do Sul;RS;Região Sul;Brasil;América do Sul
114;BairesDev;Desenvolvedor de Software Python - Trabalho Remoto;Rio Grande do Sul, Brasil;09/10 12:00;https://www.linkedin.com/jobs/view/4476803681/;https://media.licdn.com/dms/image/v2/D4E0BAQGNvQASzrdL_w/company-logo_100_100/company-logo_100_100/0/1687874736484/bairesdev_logo?e=1793232000&v=beta&t=pOQUzlNUgi3-co4_ySLdLosgF4YQMggpphIEqWmlakA;-;https://www.linkedin.com/company/bairesdev/about/;Software e Serviços de TI;backend OR java OR spring boot OR python OR django OR golang OR php OR laravel OR ruby OR ruby on rails OR c++ OR c# OR rust OR scala OR julia OR elixir OR node.js OR asp.net core;bairesdev;1;;https://www.linkedin.com/jobs/view/4476803681/;https://www.linkedin.com/jobs/view/4476803681/;Remote;TI/Tech;09/10/2026;;Rio Grande do Sul;RS;Região Sul;Brasil;América do Sul
115;BairesDev;Desenvolvedor Python - Trabalho Remoto;Rio de Janeiro, RJ;09/10 14:00;https://www.linkedin.com/jobs/view/4476837109/;https://media.licdn.com/dms/image/v2/D4E0BAQGNvQASzrdL_w/company-logo_100_100/company-logo_100_100/0/1687874736484/bairesdev_logo?e=1793232000&v=beta&t=pOQUzlNUgi3-co4_ySLdLosgF4YQMggpphIEqWmlakA;-;https://www.linkedin.com/company/bairesdev/about/;-;backend OR java OR spring boot OR python OR django OR golang OR php OR laravel OR ruby OR ruby on rails OR c++ OR c# OR rust OR scala OR julia OR elixir OR node.js OR asp.net core;bairesdev;1;;https://www.linkedin.com/jobs/view/4476837109/;https://www.linkedin.com/jobs/view/4476837109/;Remote;-;09/10/2026;;Rio de Janeiro;RJ;Região Sudeste;Brasil;América do Sul
116;BairesDev;Engenheiro de Software Node.js - Trabalho Remoto;Rio de Janeiro, RJ;09/10 14:00;https://www.linkedin.com/jobs/view/4476835143/;https://media.licdn.com/dms/image/v2/D4E0BAQGNvQASzrdL_w/company-logo_100_100/company-logo_100_100/0/1687874736484/bairesdev_logo?e=1793232000&v=beta&t=pOQUzlNUgi3-co4_ySLdLosgF4YQMggpphIEqWmlakA;-;https://www.linkedin.com/company/bairesdev/about/;Software e Serviços de TI;backend OR java OR spring boot OR python OR django OR golang OR php OR laravel OR ruby OR ruby on rails OR c++ OR c# OR rust OR scala OR julia OR elixir OR node.js OR asp.net core;bairesdev;1;;https://www.linkedin.com/jobs/view/4476835143/;https://www.linkedin.com/jobs/view/4476835143/;Remote;TI/Tech;09/10/2026;;Rio de Janeiro;RJ;Região Sudeste;Brasil;América do Sul
117;BairesDev;Apache Spark Developer;SP;08/10 16:00;https://www.linkedin.com/jobs/view/4475710010/;https://media.licdn.com/dms/image/v2/D4E0BAQGNvQASzrdL_w/company-logo_100_100/company-logo_100_100/0/1687874736484/bairesdev_logo?e=1793232000&v=beta&t=pOQUzlNUgi3-co4_ySLdLosgF4YQMggpphIEqWmlakA;Advanced > Information Technology;https://www.linkedin.com/company/bairesdev/about/;-;backend OR java OR spring boot OR python OR django OR golang OR php OR laravel OR ruby OR ruby on rails OR c++ OR c# OR rust OR scala OR julia OR elixir OR node.js OR asp.net core;bairesdev;1;;https://www.linkedin.com/jobs/view/4475710010/;https://www.linkedin.com/jobs/view/4475710010/;Remote;-;09/10/2026;;São Paulo;SP;Região Sudeste;Brasil;América do Sul
118;BairesDev;Desenvolvedor Golang - Trabalho Remoto;SP;08/10 16:00;https://www.linkedin.com/jobs/view/4475950970/;https://media.licdn.com/dms/image/v2/D4E0BAQGNvQASzrdL_w/company-logo_100_100/company-logo_100_100/0/1687874736484/bairesdev_logo?e=1793232000&v=beta&t=pOQUzlNUgi3-co4_ySLdLosgF4YQMggpphIEqWmlakA;-;https://www.linkedin.com/company/bairesdev/about/;-;backend OR java OR spring boot OR python OR django OR golang OR php OR laravel OR ruby OR ruby on rails OR c++ OR c# OR rust OR scala OR julia OR elixir OR node.js OR asp.net core;bairesdev;1;;https://www.linkedin.com/jobs/view/4475950970/;https://www.linkedin.com/jobs/view/4475950970/;Remote;-;09/10/2026;;São Paulo;SP;Região Sudeste;Brasil;América do Sul
119;BairesDev;Desenvolvedor PHP - Trabalho Remoto;SP;08/10 16:00;https://www.linkedin.com/jobs/view/4475983955/;https://media.licdn.com/dms/image/v2/D4E0BAQGNvQASzrdL_w/company-logo_100_100/company-logo_100_100/0/1687874736484/bairesdev_logo?e=1793232000&v=beta&t=pOQUzlNUgi3-co4_ySLdLosgF4YQMggpphIEqWmlakA;-;https://www.linkedin.com/company/bairesdev/about/;-;backend OR java OR spring boot OR python OR django OR golang OR php OR laravel OR ruby OR ruby on rails OR c++ OR c# OR rust OR scala OR julia OR elixir OR node.js OR asp.net core;bairesdev;1;;https://www.linkedin.com/jobs/view/4475983955/;https://www.linkedin.com/jobs/view/4475983955/;Remote;-;09/10/2026;;São Paulo;SP;Região Sudeste;Brasil;América do Sul
120;BairesDev;Desenvolvedor Python Junior - Trabalho Remoto;SP;08/10 19:00;https://www.linkedin.com/jobs/view/4476205714/;https://media.licdn.com/dms/image/v2/D4E0BAQGNvQASzrdL_w/company-logo_100_100/company-logo_100_100/0/1687874736484/bairesdev_logo?e=1793232000&v=beta&t=pOQUzlNUgi3-co4_ySLdLosgF4YQMggpphIEqWmlakA;-;https://www.linkedin.com/company/bairesdev/about/;-;backend OR java OR spring boot OR python OR django OR golang OR php OR laravel OR ruby OR ruby on rails OR c++ OR c# OR rust OR scala OR julia OR elixir OR node.js OR asp.net core;bairesdev;1;;https://www.linkedin.com/jobs/view/4476205714/;https://www.linkedin.com/jobs/view/4476205714/;Remote;Junior;09/10/2026;;São Paulo;SP;Região Sudeste;Brasil;América do Sul
121;BairesDev;Full-stack Python AI Engineer - Remote Work;SP;08/10 16:00;https://www.linkedin.com/jobs/view/4475708213/;https://media.licdn.com/dms/image/v2/D4E0BAQGNvQASzrdL_w/company-logo_100_100/company-logo_100_100/0/1687874736484/bairesdev_logo?e=1793232000&v=beta&t=pOQUzlNUgi3-co4_ySLdLosgF4YQMggpphIEqWmlakA;Advanced > Information Technology;https://www.linkedin.com/company/bairesdev/about/;Inteligência Artificial;backend OR java OR spring boot OR python OR django OR golang OR php OR laravel OR ruby OR ruby on rails OR c++ OR c# OR rust OR scala OR julia OR elixir OR node.js OR asp.net core;bairesdev;1;;https://www.linkedin.com/jobs/view/4475708213/;https://www.linkedin.com/jobs/view/4475708213/;Remote;Inteligência Artificial, Full Stack, Engenharia Geral;09/10/2026;;São Paulo;SP;Região Sudeste;Brasil;América do Sul
122;BairesDev;Fullstack Python + React Engineer - Remote Work;SP;08/10 16:00;https://www.linkedin.com/jobs/view/4475713013/;https://media.licdn.com/dms/image/v2/D4E0BAQGNvQASzrdL_w/company-logo_100_100/company-logo_100_100/0/1687874736484/bairesdev_logo?e=1793232000&v=beta&t=pOQUzlNUgi3-co4_ySLdLosgF4YQMggpphIEqWmlakA;Advanced > Information Technology;https://www.linkedin.com/company/bairesdev/about/;-;backend OR java OR spring boot OR python OR django OR golang OR php OR laravel OR ruby OR ruby on rails OR c++ OR c# OR rust OR scala OR julia OR elixir OR node.js OR asp.net core;bairesdev;1;;https://www.linkedin.com/jobs/view/4475713013/;https://www.linkedin.com/jobs/view/4475713013/;Remote;Full Stack, Engenharia Geral;09/10/2026;;São Paulo;SP;Região Sudeste;Brasil;América do Sul
123;BairesDev;Node.js Software Engineer - Remote Work;SP;08/10 16:00;https://www.linkedin.com/jobs/view/4475991499/;https://media.licdn.com/dms/image/v2/D4E0BAQGNvQASzrdL_w/company-logo_100_100/company-logo_100_100/0/1687874736484/bairesdev_logo?e=1793232000&v=beta&t=pOQUzlNUgi3-co4_ySLdLosgF4YQMggpphIEqWmlakA;Advanced > Information Technology;https://www.linkedin.com/company/bairesdev/about/;Software e Serviços de TI;backend OR java OR spring boot OR python OR django OR golang OR php OR laravel OR ruby OR ruby on rails OR c++ OR c# OR rust OR scala OR julia OR elixir OR node.js OR asp.net core;bairesdev;1;;https://www.linkedin.com/jobs/view/4475991499/;https://www.linkedin.com/jobs/view/4475991499/;Remote;TI/Tech, Engenharia Geral;09/10/2026;;São Paulo;SP;Região Sudeste;Brasil;América do Sul
124;BairesDev;Python AI Engineer - Remote Work;SP;08/10 19:00;https://www.linkedin.com/jobs/view/4476209507/;https://media.licdn.com/dms/image/v2/D4E0BAQGNvQASzrdL_w/company-logo_100_100/company-logo_100_100/0/1687874736484/bairesdev_logo?e=1793232000&v=beta&t=pOQUzlNUgi3-co4_ySLdLosgF4YQMggpphIEqWmlakA;Advanced > Information Technology;https://www.linkedin.com/company/bairesdev/about/;Inteligência Artificial;backend OR java OR spring boot OR python OR django OR golang OR php OR laravel OR ruby OR ruby on rails OR c++ OR c# OR rust OR scala OR julia OR elixir OR node.js OR asp.net core;bairesdev;1;;https://www.linkedin.com/jobs/view/4476209507/;https://www.linkedin.com/jobs/view/4476209507/;Remote;Inteligência Artificial, Engenharia Geral;09/10/2026;;São Paulo;SP;Região Sudeste;Brasil;América do Sul
125;BairesDev;Python Tech Lead - Trabalho Remoto;SP;09/10 12:00;https://www.linkedin.com/jobs/view/4476298810/;https://media.licdn.com/dms/image/v2/D4E0BAQGNvQASzrdL_w/company-logo_100_100/company-logo_100_100/0/1687874736484/bairesdev_logo?e=1793232000&v=beta&t=pOQUzlNUgi3-co4_ySLdLosgF4YQMggpphIEqWmlakA;Middle > Manager;https://www.linkedin.com/company/bairesdev/about/;Software e Serviços de TI;backend OR java OR spring boot OR python OR django OR golang OR php OR laravel OR ruby OR ruby on rails OR c++ OR c# OR rust OR scala OR julia OR elixir OR node.js OR asp.net core;bairesdev;1;;https://www.linkedin.com/jobs/view/4476298810/;https://www.linkedin.com/jobs/view/4476298810/;Remote;Mid, Liderança/Gerência, TI/Tech;09/10/2026;;São Paulo;SP;Região Sudeste;Brasil;América do Sul
126;BairesDev;Apache Spark Developer;Salvador, BA;08/10 16:00;https://www.linkedin.com/jobs/view/4475494640/;https://media.licdn.com/dms/image/v2/D4E0BAQGNvQASzrdL_w/company-logo_100_100/company-logo_100_100/0/1687874736484/bairesdev_logo?e=1793232000&v=beta&t=pOQUzlNUgi3-co4_ySLdLosgF4YQMggpphIEqWmlakA;Advanced > Information Technology;https://www.linkedin.com/company/bairesdev/about/;-;backend OR java OR spring boot OR python OR django OR golang OR php OR laravel OR ruby OR ruby on rails OR c++ OR c# OR rust OR scala OR julia OR elixir OR node.js OR asp.net core;bairesdev;1;;https://www.linkedin.com/jobs/view/4475494640/;https://www.linkedin.com/jobs/view/4475494640/;Remote;-;09/10/2026;;Bahia;BA;Região Nordeste;Brasil;América do Sul
127;BairesDev;Apache Spark Developer;Santa Catarina, Brasil;08/10 16:00;https://www.linkedin.com/jobs/view/4475492701/;https://media.licdn.com/dms/image/v2/D4E0BAQGNvQASzrdL_w/company-logo_100_100/company-logo_100_100/0/1687874736484/bairesdev_logo?e=1793232000&v=beta&t=pOQUzlNUgi3-co4_ySLdLosgF4YQMggpphIEqWmlakA;Advanced > Information Technology;https://www.linkedin.com/company/bairesdev/about/;-;backend OR java OR spring boot OR python OR django OR golang OR php OR laravel OR ruby OR ruby on rails OR c++ OR c# OR rust OR scala OR julia OR elixir OR node.js OR asp.net core;bairesdev;1;;https://www.linkedin.com/jobs/view/4475492701/;https://www.linkedin.com/jobs/view/4475492701/;Remote;-;09/10/2026;;Santa Catarina;SC;Região Sul;Brasil;América do Sul
128;BairesDev;Desenvolvedor Python - Trabalho Remoto;São Paulo, SP;09/10 14:00;https://www.linkedin.com/jobs/view/4476835159/;https://media.licdn.com/dms/image/v2/D4E0BAQGNvQASzrdL_w/company-logo_100_100/company-logo_100_100/0/1687874736484/bairesdev_logo?e=1793232000&v=beta&t=pOQUzlNUgi3-co4_ySLdLosgF4YQMggpphIEqWmlakA;-;https://www.linkedin.com/company/bairesdev/about/;-;backend OR java OR spring boot OR python OR django OR golang OR php OR laravel OR ruby OR ruby on rails OR c++ OR c# OR rust OR scala OR julia OR elixir OR node.js OR asp.net core;bairesdev;1;;https://www.linkedin.com/jobs/view/4476835159/;https://www.linkedin.com/jobs/view/4476835159/;Remote;-;09/10/2026;;São Paulo;SP;Região Sudeste;Brasil;América do Sul
129;Banco Bradesco;Pessoa Desenvolvedora Backend Java SR;Curitiba, PR;08/10 16:00;https://www.linkedin.com/jobs/view/4465998830/;https://media.licdn.com/dms/image/v2/C4E0BAQEXB9xussWsHQ/company-logo_100_100/company-logo_100_100/0/1680038081185/bradesco_logo?e=1793232000&v=beta&t=USxCXwFPnyg8XcFugcWtmMJw3V_0luS2QuBbULmCVlI;-;https://www.linkedin.com/company/banco-bradesco/about/;Serviços Financeiros;backend OR java OR spring boot OR python OR django OR golang OR php OR laravel OR ruby OR ruby on rails OR c++ OR c# OR rust OR scala OR julia OR elixir OR node.js OR asp.net core;banco bradesco;1;;https://www.linkedin.com/jobs/view/4465998830/;https://www.linkedin.com/jobs/view/4465998830/;On-site;PCD / Afirmativa, Senior, Backend;09/10/2026;;Paraná;PR;Região Sul;Brasil;América do Sul
130;Banco Bradesco;Data Engineer II;Osasco, SP;09/10 08:00;https://www.linkedin.com/jobs/view/4468839583/;https://media.licdn.com/dms/image/v2/C4E0BAQEXB9xussWsHQ/company-logo_100_100/company-logo_100_100/0/1680038081185/bradesco_logo?e=1793232000&v=beta&t=USxCXwFPnyg8XcFugcWtmMJw3V_0luS2QuBbULmCVlI;Data & Ai > Data Engineering;https://www.linkedin.com/company/banco-bradesco/about/;Dados e Analytics;backend OR java OR spring boot OR python OR django OR golang OR php OR laravel OR ruby OR ruby on rails OR c++ OR c# OR rust OR scala OR julia OR elixir OR node.js OR asp.net core;banco bradesco;1;;https://www.linkedin.com/jobs/view/4468839583/;https://www.linkedin.com/jobs/view/4468839583/;Not informed;Dados/Analytics, Engenharia Geral;09/10/2026;;São Paulo;SP;Região Sudeste;Brasil;América do Sul
131;Banco Bradesco;Data Engineer III;Osasco, SP;09/10 07:00;https://www.linkedin.com/jobs/view/4468823901/;https://media.licdn.com/dms/image/v2/C4E0BAQEXB9xussWsHQ/company-logo_100_100/company-logo_100_100/0/1680038081185/bradesco_logo?e=1793232000&v=beta&t=USxCXwFPnyg8XcFugcWtmMJw3V_0luS2QuBbULmCVlI;Data & Ai > Data Engineering;https://www.linkedin.com/company/banco-bradesco/about/;Dados e Analytics;backend OR java OR spring boot OR python OR django OR golang OR php OR laravel OR ruby OR ruby on rails OR c++ OR c# OR rust OR scala OR julia OR elixir OR node.js OR asp.net core;banco bradesco;1;;https://www.linkedin.com/jobs/view/4468823901/;https://www.linkedin.com/jobs/view/4468823901/;Not informed;Dados/Analytics, Engenharia Geral;09/10/2026;;São Paulo;SP;Região Sudeste;Brasil;América do Sul
132;Banco Bradesco;Pessoa Desenvolvedora Backend Java PL;Osasco, SP;09/10 08:00;https://www.linkedin.com/jobs/view/4449688067/;https://media.licdn.com/dms/image/v2/C4E0BAQEXB9xussWsHQ/company-logo_100_100/company-logo_100_100/0/1680038081185/bradesco_logo?e=1793232000&v=beta&t=USxCXwFPnyg8XcFugcWtmMJw3V_0luS2QuBbULmCVlI;-;https://www.linkedin.com/company/banco-bradesco/about/;Serviços Financeiros;backend OR java OR spring boot OR python OR django OR golang OR php OR laravel OR ruby OR ruby on rails OR c++ OR c# OR rust OR scala OR julia OR elixir OR node.js OR asp.net core;banco bradesco;1;;https://www.linkedin.com/jobs/view/4449688067/;https://www.linkedin.com/jobs/view/4449688067/;Not informed;PCD / Afirmativa, Mid, Backend;09/10/2026;;São Paulo;SP;Região Sudeste;Brasil;América do Sul
133;Banco Bradesco;Tech Lead Java;Osasco, SP;08/10 16:00;https://www.linkedin.com/jobs/view/4468246999/;https://media.licdn.com/dms/image/v2/C4E0BAQEXB9xussWsHQ/company-logo_100_100/company-logo_100_100/0/1680038081185/bradesco_logo?e=1793232000&v=beta&t=USxCXwFPnyg8XcFugcWtmMJw3V_0luS2QuBbULmCVlI;Middle > Manager;https://www.linkedin.com/company/banco-bradesco/about/;Serviços Financeiros;backend OR java OR spring boot OR python OR django OR golang OR php OR laravel OR ruby OR ruby on rails OR c++ OR c# OR rust OR scala OR julia OR elixir OR node.js OR asp.net core;banco bradesco;1;;https://www.linkedin.com/jobs/view/4468246999/;https://www.linkedin.com/jobs/view/4468246999/;Not informed;Mid, Liderança/Gerência, TI/Tech;09/10/2026;;São Paulo;SP;Região Sudeste;Brasil;América do Sul
134;BetterEngineer;Staff Engineer (Go + AI Native);Brasil;08/10 17:00;https://www.linkedin.com/jobs/view/4474839894/;https://media.licdn.com/dms/image/v2/D4D0BAQHAxZzW3kfNoA/company-logo_100_100/company-logo_100_100/0/1718148488338/salsamobi_logo?e=1793232000&v=beta&t=cJ4T55XA2l3sPAm3WivAHWTD_8MSmn7gqqA-fQxzmOA;Advanced > Information Technology;https://www.linkedin.com/company/betterengineer/about/;Inteligência Artificial;backend OR java OR spring boot OR python OR django OR golang OR php OR laravel OR ruby OR ruby on rails OR c++ OR c# OR rust OR scala OR julia OR elixir OR node.js OR asp.net core;betterengineer;1;;https://www.linkedin.com/jobs/view/4474839894/;https://www.linkedin.com/jobs/view/4474839894/;Remote;Inteligência Artificial, Engenharia Geral;09/10/2026;;;;;Brasil;América do Sul
135;Blip;Full Stack Midlevel Software Engineer;São Paulo, SP;09/10 10:00;https://www.linkedin.com/jobs/view/4475944577/;https://media.licdn.com/dms/image/v2/D4D0BAQFSz2lrscgbuA/company-logo_100_100/B4DaBEmWAwKQAI-/0/1787857297706/blipbr_logo?e=1793232000&v=beta&t=3nXlLoHlXsPLZrR0IY4cK-NWhUe0Oa6yxGSsbE2s7lw;Advanced > Information Technology;https://www.linkedin.com/company/blip/about/;Software e Serviços de TI;backend OR java OR spring boot OR python OR django OR golang OR php OR laravel OR ruby OR ruby on rails OR c++ OR c# OR rust OR scala OR julia OR elixir OR node.js OR asp.net core;blip;1;;https://www.linkedin.com/jobs/view/4475944577/;https://www.linkedin.com/jobs/view/4475944577/;Remote;Mid, TI/Tech, Full Stack, Engenharia Geral;09/10/2026;;São Paulo;SP;Região Sudeste;Brasil;América do Sul
136;Block Labs;Data Platform Engineer;Montenegro, RS;08/10 16:00;https://www.linkedin.com/jobs/view/4422836523/;https://media.licdn.com/dms/image/v2/D4D0BAQF0huK6mI8ZuA/company-logo_100_100/company-logo_100_100/0/1726738900394/block_labs_web3_logo?e=1793232000&v=beta&t=k_SEvdryeZ7X3Pdz-aM3r3CaiVi1HDzZdfJNgjCWbzU;Data & Ai > Data Engineering;https://www.linkedin.com/company/block-labs/about/;Dados e Analytics;backend OR java OR spring boot OR python OR django OR golang OR php OR laravel OR ruby OR ruby on rails OR c++ OR c# OR rust OR scala OR julia OR elixir OR node.js OR asp.net core;block labs;1;;https://www.linkedin.com/jobs/view/4422836523/;https://www.linkedin.com/jobs/view/4422836523/;Remote;Dados/Analytics, Engenharia Geral;09/10/2026;;Rio Grande do Sul;RS;Região Sul;Brasil;América do Sul
137;Brex;Software Engineer II, Product;São Paulo, SP;08/10 16:00;https://www.linkedin.com/jobs/view/4468292895/;https://media.licdn.com/dms/image/v2/D4D0BAQEV3evMGAGszg/company-logo_100_100/B4DaCSptXZIgAI-/0/1789166802627?e=1793232000&v=beta&t=l4HPdidhoDQECusbGE2p2mHNXp4_3Z6aNPAzY_loSHA;Advanced > Information Technology;https://www.linkedin.com/company/brex/about/;Software e Serviços de TI;backend OR java OR spring boot OR python OR django OR golang OR php OR laravel OR ruby OR ruby on rails OR c++ OR c# OR rust OR scala OR julia OR elixir OR node.js OR asp.net core;brex;1;;https://www.linkedin.com/jobs/view/4468292895/;https://www.linkedin.com/jobs/view/4468292895/;Hybrid;TI/Tech, Engenharia Geral;09/10/2026;;São Paulo;SP;Região Sudeste;Brasil;América do Sul
138;CAST;DESENVOLVEDOR SR;Brasília, DF;09/10 09:00;https://www.linkedin.com/jobs/view/4477672508/;https://media.licdn.com/dms/image/v2/D4D0BAQGdBdpkEyvmZg/company-logo_100_100/B4DaD0JUQvLEAM-/0/1790802478360/cast4it_logo?e=1793232000&v=beta&t=BKWj4PsSOI36z11_PtCykvxsAx3CPjaof9GnyfRYGPo;-;https://www.linkedin.com/company/cast/about/;-;backend OR java OR spring boot OR python OR django OR golang OR php OR laravel OR ruby OR ruby on rails OR c++ OR c# OR rust OR scala OR julia OR elixir OR node.js OR asp.net core;cast;1;;https://www.linkedin.com/jobs/view/4477672508/;https://www.linkedin.com/jobs/view/4477672508/;On-site;Senior;09/10/2026;;Distrito Federal;DF;Região Centro-Oeste;Brasil;América do Sul
139;CBYK Consultoria;Arquiteto de Solução Cloud;SP;09/10 12:00;https://www.linkedin.com/jobs/view/4475231629/;https://media.licdn.com/dms/image/v2/D4D0BAQHuAyGPuST92Q/company-logo_100_100/B4DZuj3ciVGkAQ-/0/1767980780792?e=1793232000&v=beta&t=PMPSXzZnGymxsKESzjtA0r6GqT64fbcATjv171lXcx8;Architecture;https://www.linkedin.com/company/cbyk-consultoria/about/;Consultoria e Assessoria;backend OR java OR spring boot OR python OR django OR golang OR php OR laravel OR ruby OR ruby on rails OR c++ OR c# OR rust OR scala OR julia OR elixir OR node.js OR asp.net core;cbyk consultoria;1;;https://www.linkedin.com/jobs/view/4475231629/;https://www.linkedin.com/jobs/view/4475231629/;Remote;-;09/10/2026;;São Paulo;SP;Região Sudeste;Brasil;América do Sul
140;CESAR;Mid-Level Software Engineer (Python e FastAPI);Brasil;09/10 13:00;https://www.linkedin.com/jobs/view/4477820470/;https://media.licdn.com/dms/image/v2/C4D0BAQEuUnVFeTxb3g/company-logo_100_100/company-logo_100_100/0/1656948837236/cesar_logo?e=1793232000&v=beta&t=s2tcCrHc05tVdyR5mFsBlrDc2Zq1VV8XQbzeZzBuevw;Advanced > Information Technology;https://www.linkedin.com/company/cesar/about/;Software e Serviços de TI;backend OR java OR spring boot OR python OR django OR golang OR php OR laravel OR ruby OR ruby on rails OR c++ OR c# OR rust OR scala OR julia OR elixir OR node.js OR asp.net core;cesar;1;;https://www.linkedin.com/jobs/view/4477820470/;https://www.linkedin.com/jobs/view/4477820470/;Remote;Mid, TI/Tech, Engenharia Geral;09/10/2026;;;;;Brasil;América do Sul
141;CESAR;Senior Fullstack Engineer (Python e React);Brasil;08/10 19:00;https://www.linkedin.com/jobs/view/4476943169/;https://media.licdn.com/dms/image/v2/C4D0BAQEuUnVFeTxb3g/company-logo_100_100/company-logo_100_100/0/1656948837236/cesar_logo?e=1793232000&v=beta&t=s2tcCrHc05tVdyR5mFsBlrDc2Zq1VV8XQbzeZzBuevw;Advanced > Information Technology;https://www.linkedin.com/company/cesar/about/;-;backend OR java OR spring boot OR python OR django OR golang OR php OR laravel OR ruby OR ruby on rails OR c++ OR c# OR rust OR scala OR julia OR elixir OR node.js OR asp.net core;cesar;1;;https://www.linkedin.com/jobs/view/4476943169/;https://www.linkedin.com/jobs/view/4476943169/;Remote;Senior, Full Stack, Engenharia Geral;09/10/2026;;;;;Brasil;América do Sul
142;CI&T;- Senior AI Engineer;Brasil;09/10 09:00;https://www.linkedin.com/jobs/view/4431255386/;https://media.licdn.com/dms/image/v2/D4E0BAQHeZyGQWQJb7g/company-logo_100_100/B4EZ89lXBZJEAI-/0/1783444632002/ciandt_logo?e=1793232000&v=beta&t=4U47Osay6K7hoxSnCUFQXFyKgOM1m3mFgv0sZHrMRvo;Advanced > Information Technology;https://www.linkedin.com/company/ci-t/about/;Inteligência Artificial;backend OR java OR spring boot OR python OR django OR golang OR php OR laravel OR ruby OR ruby on rails OR c++ OR c# OR rust OR scala OR julia OR elixir OR node.js OR asp.net core;ci&t;1;;https://www.linkedin.com/jobs/view/4431255386/;https://www.linkedin.com/jobs/view/4431255386/;Remote;Inteligência Artificial, Senior, Engenharia Geral;09/10/2026;;;;;Brasil;América do Sul
143;CI&T;AI Engineer (Mid Level Developer Backend Java), Brasil;Brasil;08/10 16:00;https://www.linkedin.com/jobs/view/4476920590/;https://media.licdn.com/dms/image/v2/D4E0BAQHeZyGQWQJb7g/company-logo_100_100/B4EZ89lXBZJEAI-/0/1783444632002/ciandt_logo?e=1793232000&v=beta&t=4U47Osay6K7hoxSnCUFQXFyKgOM1m3mFgv0sZHrMRvo;Advanced > Information Technology;https://www.linkedin.com/company/ci-t/about/;-;backend OR java OR spring boot OR python OR django OR golang OR php OR laravel OR ruby OR ruby on rails OR c++ OR c# OR rust OR scala OR julia OR elixir OR node.js OR asp.net core;ci&t;1;;https://www.linkedin.com/jobs/view/4476920590/;https://www.linkedin.com/jobs/view/4476920590/;Remote;Inteligência Artificial, Mid, Backend, Engenharia Geral;09/10/2026;;;;;Brasil;América do Sul
144;CI&T;AI Engineer (Senior Developer Backend Java), Brasil;Brasil;08/10 16:00;https://www.linkedin.com/jobs/view/4476909828/;https://media.licdn.com/dms/image/v2/D4E0BAQHeZyGQWQJb7g/company-logo_100_100/B4EZ89lXBZJEAI-/0/1783444632002/ciandt_logo?e=1793232000&v=beta&t=4U47Osay6K7hoxSnCUFQXFyKgOM1m3mFgv0sZHrMRvo;Advanced > Information Technology;https://www.linkedin.com/company/ci-t/about/;-;backend OR java OR spring boot OR python OR django OR golang OR php OR laravel OR ruby OR ruby on rails OR c++ OR c# OR rust OR scala OR julia OR elixir OR node.js OR asp.net core;ci&t;1;;https://www.linkedin.com/jobs/view/4476909828/;https://www.linkedin.com/jobs/view/4476909828/;Remote;Inteligência Artificial, Senior, Backend, Engenharia Geral;09/10/2026;;;;;Brasil;América do Sul
145;CI&T;Analista de Suporte Pleno (Developer L3);Brasil;08/10 16:00;https://www.linkedin.com/jobs/view/4477443560/;https://media.licdn.com/dms/image/v2/D4E0BAQHeZyGQWQJb7g/company-logo_100_100/B4EZ89lXBZJEAI-/0/1783444632002/ciandt_logo?e=1793232000&v=beta&t=4U47Osay6K7hoxSnCUFQXFyKgOM1m3mFgv0sZHrMRvo;Advanced > Specialist;https://www.linkedin.com/company/ci-t/about/;Vendas e Suporte;backend OR java OR spring boot OR python OR django OR golang OR php OR laravel OR ruby OR ruby on rails OR c++ OR c# OR rust OR scala OR julia OR elixir OR node.js OR asp.net core;ci&t;1;;https://www.linkedin.com/jobs/view/4477443560/;https://www.linkedin.com/jobs/view/4477443560/;Remote;Mid, Associate;09/10/2026;;;;;Brasil;América do Sul
146;CI&T;Junior Java Developer , Brasil;Brasil;08/10 18:00;https://www.linkedin.com/jobs/view/4477466440/;https://media.licdn.com/dms/image/v2/D4E0BAQHeZyGQWQJb7g/company-logo_100_100/B4EZ89lXBZJEAI-/0/1783444632002/ciandt_logo?e=1793232000&v=beta&t=4U47Osay6K7hoxSnCUFQXFyKgOM1m3mFgv0sZHrMRvo;Advanced > Information Technology;https://www.linkedin.com/company/ci-t/about/;-;backend OR java OR spring boot OR python OR django OR golang OR php OR laravel OR ruby OR ruby on rails OR c++ OR c# OR rust OR scala OR julia OR elixir OR node.js OR asp.net core;ci&t;1;;https://www.linkedin.com/jobs/view/4477466440/;https://www.linkedin.com/jobs/view/4477466440/;Remote;Junior;09/10/2026;;;;;Brasil;América do Sul
147;CI&T;Master Generative AI Developer, Brazil;Brasil;08/10 16:00;https://www.linkedin.com/jobs/view/4477422152/;https://media.licdn.com/dms/image/v2/D4E0BAQHeZyGQWQJb7g/company-logo_100_100/B4EZ89lXBZJEAI-/0/1783444632002/ciandt_logo?e=1793232000&v=beta&t=4U47Osay6K7hoxSnCUFQXFyKgOM1m3mFgv0sZHrMRvo;Data & Ai > Generative Ai;https://www.linkedin.com/company/ci-t/about/;Inteligência Artificial;backend OR java OR spring boot OR python OR django OR golang OR php OR laravel OR ruby OR ruby on rails OR c++ OR c# OR rust OR scala OR julia OR elixir OR node.js OR asp.net core;ci&t;1;;https://www.linkedin.com/jobs/view/4477422152/;https://www.linkedin.com/jobs/view/4477422152/;Remote;Inteligência Artificial;09/10/2026;;;;;Brasil;América do Sul
148;CI&T;Mid Level AI I Fullstack (Java I Angular) Developer, Brazil;Brasil;09/10 11:00;https://www.linkedin.com/jobs/view/4477698699/;https://media.licdn.com/dms/image/v2/D4E0BAQHeZyGQWQJb7g/company-logo_100_100/B4EZ89lXBZJEAI-/0/1783444632002/ciandt_logo?e=1793232000&v=beta&t=4U47Osay6K7hoxSnCUFQXFyKgOM1m3mFgv0sZHrMRvo;Advanced > Information Technology;https://www.linkedin.com/company/ci-t/about/;Inteligência Artificial;backend OR java OR spring boot OR python OR django OR golang OR php OR laravel OR ruby OR ruby on rails OR c++ OR c# OR rust OR scala OR julia OR elixir OR node.js OR asp.net core;ci&t;1;;https://www.linkedin.com/jobs/view/4477698699/;https://www.linkedin.com/jobs/view/4477698699/;Remote;Inteligência Artificial, Mid, Full Stack;09/10/2026;;;;;Brasil;América do Sul
149;CI&T;Mid Level Fullstack (Java + Angular)  Developer, Brazil;Brasil;08/10 16:00;https://www.linkedin.com/jobs/view/4477178783/;https://media.licdn.com/dms/image/v2/D4E0BAQHeZyGQWQJb7g/company-logo_100_100/B4EZ89lXBZJEAI-/0/1783444632002/ciandt_logo?e=1793232000&v=beta&t=4U47Osay6K7hoxSnCUFQXFyKgOM1m3mFgv0sZHrMRvo;Advanced > Information Technology;https://www.linkedin.com/company/ci-t/about/;-;backend OR java OR spring boot OR python OR django OR golang OR php OR laravel OR ruby OR ruby on rails OR c++ OR c# OR rust OR scala OR julia OR elixir OR node.js OR asp.net core;ci&t;1;;https://www.linkedin.com/jobs/view/4477178783/;https://www.linkedin.com/jobs/view/4477178783/;Remote;Mid, Full Stack;09/10/2026;;;;;Brasil;América do Sul
150;CI&T;SR. AI Engineer -Foco em Criação e Orquestração de Agentes (Agentic SDLC);Brasil;08/10 17:00;https://www.linkedin.com/jobs/view/4477451831/;https://media.licdn.com/dms/image/v2/D4E0BAQHeZyGQWQJb7g/company-logo_100_100/B4EZ89lXBZJEAI-/0/1783444632002/ciandt_logo?e=1793232000&v=beta&t=4U47Osay6K7hoxSnCUFQXFyKgOM1m3mFgv0sZHrMRvo;Advanced > Information Technology;https://www.linkedin.com/company/ci-t/about/;Inteligência Artificial;backend OR java OR spring boot OR python OR django OR golang OR php OR laravel OR ruby OR ruby on rails OR c++ OR c# OR rust OR scala OR julia OR elixir OR node.js OR asp.net core;ci&t;1;;https://www.linkedin.com/jobs/view/4477451831/;https://www.linkedin.com/jobs/view/4477451831/;Remote;Inteligência Artificial, Senior, Engenharia Geral;09/10/2026;;;;;Brasil;América do Sul
151;CI&T;Senior  Engenheiro DataOps , Brazil;Brasil;08/10 16:00;https://www.linkedin.com/jobs/view/4477183663/;https://media.licdn.com/dms/image/v2/D4E0BAQHeZyGQWQJb7g/company-logo_100_100/B4EZ89lXBZJEAI-/0/1783444632002/ciandt_logo?e=1793232000&v=beta&t=4U47Osay6K7hoxSnCUFQXFyKgOM1m3mFgv0sZHrMRvo;-;https://www.linkedin.com/company/ci-t/about/;Dados e Analytics;backend OR java OR spring boot OR python OR django OR golang OR php OR laravel OR ruby OR ruby on rails OR c++ OR c# OR rust OR scala OR julia OR elixir OR node.js OR asp.net core;ci&t;1;;https://www.linkedin.com/jobs/view/4477183663/;https://www.linkedin.com/jobs/view/4477183663/;Remote;Senior;09/10/2026;;;;;Brasil;América do Sul
152;CI&T;Senior AI Developer, Brazil;Brasil;08/10 17:00;https://www.linkedin.com/jobs/view/4477448765/;https://media.licdn.com/dms/image/v2/D4E0BAQHeZyGQWQJb7g/company-logo_100_100/B4EZ89lXBZJEAI-/0/1783444632002/ciandt_logo?e=1793232000&v=beta&t=4U47Osay6K7hoxSnCUFQXFyKgOM1m3mFgv0sZHrMRvo;Advanced > Information Technology;https://www.linkedin.com/company/ci-t/about/;Inteligência Artificial;backend OR java OR spring boot OR python OR django OR golang OR php OR laravel OR ruby OR ruby on rails OR c++ OR c# OR rust OR scala OR julia OR elixir OR node.js OR asp.net core;ci&t;1;;https://www.linkedin.com/jobs/view/4477448765/;https://www.linkedin.com/jobs/view/4477448765/;Remote;Inteligência Artificial, Senior;09/10/2026;;;;;Brasil;América do Sul
153;CI&T;Senior AI Engineer, Brazil;Brasil;09/10 11:00;https://www.linkedin.com/jobs/view/4477808447/;https://media.licdn.com/dms/image/v2/D4E0BAQHeZyGQWQJb7g/company-logo_100_100/B4EZ89lXBZJEAI-/0/1783444632002/ciandt_logo?e=1793232000&v=beta&t=4U47Osay6K7hoxSnCUFQXFyKgOM1m3mFgv0sZHrMRvo;Advanced > Information Technology;https://www.linkedin.com/company/ci-t/about/;Inteligência Artificial;backend OR java OR spring boot OR python OR django OR golang OR php OR laravel OR ruby OR ruby on rails OR c++ OR c# OR rust OR scala OR julia OR elixir OR node.js OR asp.net core;ci&t;1;;https://www.linkedin.com/jobs/view/4477808447/;https://www.linkedin.com/jobs/view/4477808447/;Remote;Inteligência Artificial, Senior, Engenharia Geral;09/10/2026;;;;;Brasil;América do Sul
154;CI&T;Senior AI I Fullstack (Java I Angular) Developer, Brazil;Brasil;08/10 17:00;https://www.linkedin.com/jobs/view/4477460021/;https://media.licdn.com/dms/image/v2/D4E0BAQHeZyGQWQJb7g/company-logo_100_100/B4EZ89lXBZJEAI-/0/1783444632002/ciandt_logo?e=1793232000&v=beta&t=4U47Osay6K7hoxSnCUFQXFyKgOM1m3mFgv0sZHrMRvo;Advanced > Information Technology;https://www.linkedin.com/company/ci-t/about/;Inteligência Artificial;backend OR java OR spring boot OR python OR django OR golang OR php OR laravel OR ruby OR ruby on rails OR c++ OR c# OR rust OR scala OR julia OR elixir OR node.js OR asp.net core;ci&t;1;;https://www.linkedin.com/jobs/view/4477460021/;https://www.linkedin.com/jobs/view/4477460021/;Remote;Inteligência Artificial, Senior, Full Stack;09/10/2026;;;;;Brasil;América do Sul
155;CI&T;Senior Back End Developer (Python/Golang & AI Integration), Brazil;Brasil;09/10 15:00;https://www.linkedin.com/jobs/view/4477841076/;https://media.licdn.com/dms/image/v2/D4E0BAQHeZyGQWQJb7g/company-logo_100_100/B4EZ89lXBZJEAI-/0/1783444632002/ciandt_logo?e=1793232000&v=beta&t=4U47Osay6K7hoxSnCUFQXFyKgOM1m3mFgv0sZHrMRvo;Advanced > Information Technology;https://www.linkedin.com/company/ci-t/about/;Inteligência Artificial;backend OR java OR spring boot OR python OR django OR golang OR php OR laravel OR ruby OR ruby on rails OR c++ OR c# OR rust OR scala OR julia OR elixir OR node.js OR asp.net core;ci&t;1;;https://www.linkedin.com/jobs/view/4477841076/;https://www.linkedin.com/jobs/view/4477841076/;Remote;Inteligência Artificial, Senior, Backend;09/10/2026;;;;;Brasil;América do Sul
156;CI&T;Senior Backend Engineer (Python), Brazil;Brasil;09/10 11:00;https://www.linkedin.com/jobs/view/4477698759/;https://media.licdn.com/dms/image/v2/D4E0BAQHeZyGQWQJb7g/company-logo_100_100/B4EZ89lXBZJEAI-/0/1783444632002/ciandt_logo?e=1793232000&v=beta&t=4U47Osay6K7hoxSnCUFQXFyKgOM1m3mFgv0sZHrMRvo;Advanced > Information Technology;https://www.linkedin.com/company/ci-t/about/;-;backend OR java OR spring boot OR python OR django OR golang OR php OR laravel OR ruby OR ruby on rails OR c++ OR c# OR rust OR scala OR julia OR elixir OR node.js OR asp.net core;ci&t;1;;https://www.linkedin.com/jobs/view/4477698759/;https://www.linkedin.com/jobs/view/4477698759/;Remote;Senior, Backend, Engenharia Geral;09/10/2026;;;;;Brasil;América do Sul
157;CI&T;Senior Data Developer, Brazil;Brasil;09/10 09:00;https://www.linkedin.com/jobs/view/4459819147/;https://media.licdn.com/dms/image/v2/D4E0BAQHeZyGQWQJb7g/company-logo_100_100/B4EZ89lXBZJEAI-/0/1783444632002/ciandt_logo?e=1793232000&v=beta&t=4U47Osay6K7hoxSnCUFQXFyKgOM1m3mFgv0sZHrMRvo;Data & Ai > Data Engineering;https://www.linkedin.com/company/ci-t/about/;Dados e Analytics;backend OR java OR spring boot OR python OR django OR golang OR php OR laravel OR ruby OR ruby on rails OR c++ OR c# OR rust OR scala OR julia OR elixir OR node.js OR asp.net core;ci&t;1;;https://www.linkedin.com/jobs/view/4459819147/;https://www.linkedin.com/jobs/view/4459819147/;Remote;Senior, Dados/Analytics;09/10/2026;;;;;Brasil;América do Sul
158;CI&T;Senior Data Engineer (Cloud DB Engineer), Brazil;Brasil;08/10 16:00;https://www.linkedin.com/jobs/view/4477170742/;https://media.licdn.com/dms/image/v2/D4E0BAQHeZyGQWQJb7g/company-logo_100_100/B4EZ89lXBZJEAI-/0/1783444632002/ciandt_logo?e=1793232000&v=beta&t=4U47Osay6K7hoxSnCUFQXFyKgOM1m3mFgv0sZHrMRvo;Data & Ai > Data Engineering;https://www.linkedin.com/company/ci-t/about/;Dados e Analytics;backend OR java OR spring boot OR python OR django OR golang OR php OR laravel OR ruby OR ruby on rails OR c++ OR c# OR rust OR scala OR julia OR elixir OR node.js OR asp.net core;ci&t;1;;https://www.linkedin.com/jobs/view/4477170742/;https://www.linkedin.com/jobs/view/4477170742/;Remote;Senior, Dados/Analytics, Engenharia Geral;09/10/2026;;;;;Brasil;América do Sul
159;CI&T;Senior Data Engineer, Brazil;Brasil;09/10 11:00;https://www.linkedin.com/jobs/view/4477699683/;https://media.licdn.com/dms/image/v2/D4E0BAQHeZyGQWQJb7g/company-logo_100_100/B4EZ89lXBZJEAI-/0/1783444632002/ciandt_logo?e=1793232000&v=beta&t=4U47Osay6K7hoxSnCUFQXFyKgOM1m3mFgv0sZHrMRvo;Data & Ai > Data Engineering;https://www.linkedin.com/company/ci-t/about/;Dados e Analytics;backend OR java OR spring boot OR python OR django OR golang OR php OR laravel OR ruby OR ruby on rails OR c++ OR c# OR rust OR scala OR julia OR elixir OR node.js OR asp.net core;ci&t;1;;https://www.linkedin.com/jobs/view/4477699683/;https://www.linkedin.com/jobs/view/4477699683/;Remote;Senior, Dados/Analytics, Engenharia Geral;09/10/2026;;;;;Brasil;América do Sul
160;CI&T;Senior Developer (.NET/React);Brasil;08/10 16:00;https://www.linkedin.com/jobs/view/4459016984/;https://media.licdn.com/dms/image/v2/D4E0BAQHeZyGQWQJb7g/company-logo_100_100/B4EZ89lXBZJEAI-/0/1783444632002/ciandt_logo?e=1793232000&v=beta&t=4U47Osay6K7hoxSnCUFQXFyKgOM1m3mFgv0sZHrMRvo;Advanced > Information Technology;https://www.linkedin.com/company/ci-t/about/;-;backend OR java OR spring boot OR python OR django OR golang OR php OR laravel OR ruby OR ruby on rails OR c++ OR c# OR rust OR scala OR julia OR elixir OR node.js OR asp.net core;ci&t;1;;https://www.linkedin.com/jobs/view/4459016984/;https://www.linkedin.com/jobs/view/4459016984/;Remote;Senior;09/10/2026;;;;;Brasil;América do Sul
161;CI&T;Senior Fullstack Engineer, Brazil;Brasil;09/10 11:00;https://www.linkedin.com/jobs/view/4477812297/;https://media.licdn.com/dms/image/v2/D4E0BAQHeZyGQWQJb7g/company-logo_100_100/B4EZ89lXBZJEAI-/0/1783444632002/ciandt_logo?e=1793232000&v=beta&t=4U47Osay6K7hoxSnCUFQXFyKgOM1m3mFgv0sZHrMRvo;Advanced > Information Technology;https://www.linkedin.com/company/ci-t/about/;-;backend OR java OR spring boot OR python OR django OR golang OR php OR laravel OR ruby OR ruby on rails OR c++ OR c# OR rust OR scala OR julia OR elixir OR node.js OR asp.net core;ci&t;1;;https://www.linkedin.com/jobs/view/4477812297/;https://www.linkedin.com/jobs/view/4477812297/;Remote;Senior, Full Stack, Engenharia Geral;09/10/2026;;;;;Brasil;América do Sul
162;CI&T;Senior Java Developer;Brasil;09/10 16:00;https://www.linkedin.com/jobs/view/4477852336/;https://media.licdn.com/dms/image/v2/D4E0BAQHeZyGQWQJb7g/company-logo_100_100/B4EZ89lXBZJEAI-/0/1783444632002/ciandt_logo?e=1793232000&v=beta&t=4U47Osay6K7hoxSnCUFQXFyKgOM1m3mFgv0sZHrMRvo;Advanced > Information Technology;https://www.linkedin.com/company/ci-t/about/;-;backend OR java OR spring boot OR python OR django OR golang OR php OR laravel OR ruby OR ruby on rails OR c++ OR c# OR rust OR scala OR julia OR elixir OR node.js OR asp.net core;ci&t;1;;https://www.linkedin.com/jobs/view/4477852336/;https://www.linkedin.com/jobs/view/4477852336/;Remote;Senior;09/10/2026;;;;;Brasil;América do Sul
163;CI&T;Senior Java Developer;Brasil;09/10 16:00;https://www.linkedin.com/jobs/view/4477856203/;https://media.licdn.com/dms/image/v2/D4E0BAQHeZyGQWQJb7g/company-logo_100_100/B4EZ89lXBZJEAI-/0/1783444632002/ciandt_logo?e=1793232000&v=beta&t=4U47Osay6K7hoxSnCUFQXFyKgOM1m3mFgv0sZHrMRvo;Advanced > Information Technology;https://www.linkedin.com/company/ci-t/about/;-;backend OR java OR spring boot OR python OR django OR golang OR php OR laravel OR ruby OR ruby on rails OR c++ OR c# OR rust OR scala OR julia OR elixir OR node.js OR asp.net core;ci&t;1;;https://www.linkedin.com/jobs/view/4477856203/;https://www.linkedin.com/jobs/view/4477856203/;Remote;Senior;09/10/2026;;;;;Brasil;América do Sul
164;CI&T;Senior IA Developer Java / Python, Brazil;Campinas, SP;09/10 09:00;https://www.linkedin.com/jobs/view/4459893329/;https://media.licdn.com/dms/image/v2/D4E0BAQHeZyGQWQJb7g/company-logo_100_100/B4EZ89lXBZJEAI-/0/1783444632002/ciandt_logo?e=1793232000&v=beta&t=4U47Osay6K7hoxSnCUFQXFyKgOM1m3mFgv0sZHrMRvo;Advanced > Information Technology;https://www.linkedin.com/company/ci-t/about/;Inteligência Artificial;backend OR java OR spring boot OR python OR django OR golang OR php OR laravel OR ruby OR ruby on rails OR c++ OR c# OR rust OR scala OR julia OR elixir OR node.js OR asp.net core;ci&t;1;;https://www.linkedin.com/jobs/view/4459893329/;https://www.linkedin.com/jobs/view/4459893329/;Remote;Inteligência Artificial, Senior;09/10/2026;;São Paulo;SP;Região Sudeste;Brasil;América do Sul
165;CPQD;Banco de Talentos - Tecnologia - Exclusivo para Pessoas com TEA;Campinas, SP;08/10 16:00;https://www.linkedin.com/jobs/view/4439894623/;https://media.licdn.com/dms/image/v2/D4D0BAQEKMfZjx_RYOQ/company-logo_100_100/B4DZu96Pn_H0AQ-/0/1768417722218/cpqd_logo?e=1793232000&v=beta&t=FPdkAvENqgfBPjmZI8GI9L7XQ7xuds-YjUZZbl3xdU4;People;https://www.linkedin.com/company/cpqd/about/;Serviços Financeiros;backend OR java OR spring boot OR python OR django OR golang OR php OR laravel OR ruby OR ruby on rails OR c++ OR c# OR rust OR scala OR julia OR elixir OR node.js OR asp.net core;cpqd;1;;https://www.linkedin.com/jobs/view/4439894623/;https://www.linkedin.com/jobs/view/4439894623/;Hybrid;Banco de Talentos, PCD / Afirmativa, TI/Tech;09/10/2026;;São Paulo;SP;Região Sudeste;Brasil;América do Sul
166;CSG;Software Dev Engr II;Brasil;08/10 16:00;https://www.linkedin.com/jobs/view/4458372563/;https://media.licdn.com/dms/image/v2/D4E0BAQFl15L25m66Hg/company-logo_100_100/company-logo_100_100/0/1666182239941/csg__logo?e=1793232000&v=beta&t=VlJb4gix18Y1TKy8Rzfhfh9zFXHiTQbM0FqHYEJ8gmE;Advanced > Information Technology;https://www.linkedin.com/company/csg/about/;Software e Serviços de TI;backend OR java OR spring boot OR python OR django OR golang OR php OR laravel OR ruby OR ruby on rails OR c++ OR c# OR rust OR scala OR julia OR elixir OR node.js OR asp.net core;csg;1;;https://www.linkedin.com/jobs/view/4458372563/;https://www.linkedin.com/jobs/view/4458372563/;Remote;TI/Tech;09/10/2026;;;;;Brasil;América do Sul
167;CSG;Software Dev II;Brasil;08/10 16:00;https://www.linkedin.com/jobs/view/4448298209/;https://media.licdn.com/dms/image/v2/D4E0BAQFl15L25m66Hg/company-logo_100_100/company-logo_100_100/0/1666182239941/csg__logo?e=1793232000&v=beta&t=VlJb4gix18Y1TKy8Rzfhfh9zFXHiTQbM0FqHYEJ8gmE;Advanced > Information Technology;https://www.linkedin.com/company/csg/about/;Software e Serviços de TI;backend OR java OR spring boot OR python OR django OR golang OR php OR laravel OR ruby OR ruby on rails OR c++ OR c# OR rust OR scala OR julia OR elixir OR node.js OR asp.net core;csg;1;;https://www.linkedin.com/jobs/view/4448298209/;https://www.linkedin.com/jobs/view/4448298209/;Remote;TI/Tech;09/10/2026;;;;;Brasil;América do Sul
168;Camunda;Senior GTM Systems AI and Automation Engineer;Brasil;08/10 16:00;https://www.linkedin.com/jobs/view/4466210575/;https://media.licdn.com/dms/image/v2/C560BAQGiQbE-OPp1qA/company-logo_100_100/company-logo_100_100/0/1643213812449/camunda_logo?e=1793232000&v=beta&t=nFeFtYhIYxh5N0l6SZyypAmI4kGZGrfsrizFetCXiig;Advanced > Process & Automation;https://www.linkedin.com/company/camunda/about/;Inteligência Artificial;backend OR java OR spring boot OR python OR django OR golang OR php OR laravel OR ruby OR ruby on rails OR c++ OR c# OR rust OR scala OR julia OR elixir OR node.js OR asp.net core;camunda;1;;https://www.linkedin.com/jobs/view/4466210575/;https://www.linkedin.com/jobs/view/4466210575/;Remote;Inteligência Artificial, Senior, Engenharia Geral;09/10/2026;;;;;Brasil;América do Sul
169;Capco;Desenvolvedor Fullstack - COM INGLÊS - Remoto;São Paulo, SP;09/10 11:00;https://www.linkedin.com/jobs/view/4468858066/;https://media.licdn.com/dms/image/v2/D4E0BAQFVit2NSNt1Fg/company-logo_100_100/B4EZ6yBRRFKoAM-/0/1781103138079/capco_logo?e=1793232000&v=beta&t=JB6QZ_toVdOoy3rrag7AH9vd2wMyb5flqTiRH8OqNUU;-;https://www.linkedin.com/company/capco/about/;-;backend OR java OR spring boot OR python OR django OR golang OR php OR laravel OR ruby OR ruby on rails OR c++ OR c# OR rust OR scala OR julia OR elixir OR node.js OR asp.net core;capco;1;;https://www.linkedin.com/jobs/view/4468858066/;https://www.linkedin.com/jobs/view/4468858066/;Hybrid;Full Stack;09/10/2026;;São Paulo;SP;Região Sudeste;Brasil;América do Sul
170;Capco;Desenvolvedor Fullstack Pleno - COM INGLÊS - Remoto;São Paulo, SP;09/10 13:00;https://www.linkedin.com/jobs/view/4468840957/;https://media.licdn.com/dms/image/v2/D4E0BAQFVit2NSNt1Fg/company-logo_100_100/B4EZ6yBRRFKoAM-/0/1781103138079/capco_logo?e=1793232000&v=beta&t=JB6QZ_toVdOoy3rrag7AH9vd2wMyb5flqTiRH8OqNUU;-;https://www.linkedin.com/company/capco/about/;-;backend OR java OR spring boot OR python OR django OR golang OR php OR laravel OR ruby OR ruby on rails OR c++ OR c# OR rust OR scala OR julia OR elixir OR node.js OR asp.net core;capco;1;;https://www.linkedin.com/jobs/view/4468840957/;https://www.linkedin.com/jobs/view/4468840957/;Hybrid;Mid, Full Stack;09/10/2026;;São Paulo;SP;Região Sudeste;Brasil;América do Sul
171;Capco;Desenvolvedor Fullstack Senior - COM INGLÊS - Híbrido - Barueri/SP;São Paulo, SP;09/10 15:00;https://www.linkedin.com/jobs/view/4477836683/;https://media.licdn.com/dms/image/v2/D4E0BAQFVit2NSNt1Fg/company-logo_100_100/B4EZ6yBRRFKoAM-/0/1781103138079/capco_logo?e=1793232000&v=beta&t=JB6QZ_toVdOoy3rrag7AH9vd2wMyb5flqTiRH8OqNUU;-;https://www.linkedin.com/company/capco/about/;-;backend OR java OR spring boot OR python OR django OR golang OR php OR laravel OR ruby OR ruby on rails OR c++ OR c# OR rust OR scala OR julia OR elixir OR node.js OR asp.net core;capco;1;;https://www.linkedin.com/jobs/view/4477836683/;https://www.linkedin.com/jobs/view/4477836683/;Hybrid;Senior, Full Stack;09/10/2026;;São Paulo;SP;Região Sudeste;Brasil;América do Sul
172;Capco;Integration & Database Developer - COM INGLÊS - Remoto;São Paulo, SP;09/10 15:00;https://www.linkedin.com/jobs/view/4477838579/;https://media.licdn.com/dms/image/v2/D4E0BAQFVit2NSNt1Fg/company-logo_100_100/B4EZ6yBRRFKoAM-/0/1781103138079/capco_logo?e=1793232000&v=beta&t=JB6QZ_toVdOoy3rrag7AH9vd2wMyb5flqTiRH8OqNUU;Advanced > Information Technology;https://www.linkedin.com/company/capco/about/;Dados e Analytics;backend OR java OR spring boot OR python OR django OR golang OR php OR laravel OR ruby OR ruby on rails OR c++ OR c# OR rust OR scala OR julia OR elixir OR node.js OR asp.net core;capco;1;;https://www.linkedin.com/jobs/view/4477838579/;https://www.linkedin.com/jobs/view/4477838579/;Hybrid;-;09/10/2026;;São Paulo;SP;Região Sudeste;Brasil;América do Sul
173;Capco;Integration Developer Pleno - COM INGLÊS - Remoto;São Paulo, SP;09/10 15:00;https://www.linkedin.com/jobs/view/4477846192/;https://media.licdn.com/dms/image/v2/D4E0BAQFVit2NSNt1Fg/company-logo_100_100/B4EZ6yBRRFKoAM-/0/1781103138079/capco_logo?e=1793232000&v=beta&t=JB6QZ_toVdOoy3rrag7AH9vd2wMyb5flqTiRH8OqNUU;Advanced > Information Technology;https://www.linkedin.com/company/capco/about/;Software e Serviços de TI;backend OR java OR spring boot OR python OR django OR golang OR php OR laravel OR ruby OR ruby on rails OR c++ OR c# OR rust OR scala OR julia OR elixir OR node.js OR asp.net core;capco;1;;https://www.linkedin.com/jobs/view/4477846192/;https://www.linkedin.com/jobs/view/4477846192/;Hybrid;Mid;09/10/2026;;São Paulo;SP;Região Sudeste;Brasil;América do Sul
174;Capco;QA Testing & Automation Pleno/Senior - COM INGLÊS - Remoto;São Paulo, SP;09/10 15:00;https://www.linkedin.com/jobs/view/4477834819/;https://media.licdn.com/dms/image/v2/D4E0BAQFVit2NSNt1Fg/company-logo_100_100/B4EZ6yBRRFKoAM-/0/1781103138079/capco_logo?e=1793232000&v=beta&t=JB6QZ_toVdOoy3rrag7AH9vd2wMyb5flqTiRH8OqNUU;Advanced > Process & Automation;https://www.linkedin.com/company/capco/about/;Software e Serviços de TI;backend OR java OR spring boot OR python OR django OR golang OR php OR laravel OR ruby OR ruby on rails OR c++ OR c# OR rust OR scala OR julia OR elixir OR node.js OR asp.net core;capco;1;;https://www.linkedin.com/jobs/view/4477834819/;https://www.linkedin.com/jobs/view/4477834819/;Hybrid;Senior, Mid, Testes / QA;09/10/2026;;São Paulo;SP;Região Sudeste;Brasil;América do Sul
175;Capco;Senior Azure Cloud Developer - COM INGLÊS - Remoto;São Paulo, SP;09/10 15:00;https://www.linkedin.com/jobs/view/4477828958/;https://media.licdn.com/dms/image/v2/D4E0BAQFVit2NSNt1Fg/company-logo_100_100/B4EZ6yBRRFKoAM-/0/1781103138079/capco_logo?e=1793232000&v=beta&t=JB6QZ_toVdOoy3rrag7AH9vd2wMyb5flqTiRH8OqNUU;Specific > Cloud;https://www.linkedin.com/company/capco/about/;-;backend OR java OR spring boot OR python OR django OR golang OR php OR laravel OR ruby OR ruby on rails OR c++ OR c# OR rust OR scala OR julia OR elixir OR node.js OR asp.net core;capco;1;;https://www.linkedin.com/jobs/view/4477828958/;https://www.linkedin.com/jobs/view/4477828958/;Hybrid;Senior, Cloud (AWS/GCP/Azure);09/10/2026;;São Paulo;SP;Região Sudeste;Brasil;América do Sul
176;Capco;Senior Fullstack devleoper ( Angular, Java, Oracle) - COM INGLÊS - Remoto;São Paulo, SP;09/10 15:00;https://www.linkedin.com/jobs/view/4477844276/;https://media.licdn.com/dms/image/v2/D4E0BAQFVit2NSNt1Fg/company-logo_100_100/B4EZ6yBRRFKoAM-/0/1781103138079/capco_logo?e=1793232000&v=beta&t=JB6QZ_toVdOoy3rrag7AH9vd2wMyb5flqTiRH8OqNUU;-;https://www.linkedin.com/company/capco/about/;-;backend OR java OR spring boot OR python OR django OR golang OR php OR laravel OR ruby OR ruby on rails OR c++ OR c# OR rust OR scala OR julia OR elixir OR node.js OR asp.net core;capco;1;;https://www.linkedin.com/jobs/view/4477844276/;https://www.linkedin.com/jobs/view/4477844276/;Hybrid;Senior, Full Stack;09/10/2026;;São Paulo;SP;Região Sudeste;Brasil;América do Sul
177;Capco;Sr Integration Developer - (Java e Spring boot) - COM INGLÊS - Remoto;São Paulo, SP;09/10 15:00;https://www.linkedin.com/jobs/view/4477839591/;https://media.licdn.com/dms/image/v2/D4E0BAQFVit2NSNt1Fg/company-logo_100_100/B4EZ6yBRRFKoAM-/0/1781103138079/capco_logo?e=1793232000&v=beta&t=JB6QZ_toVdOoy3rrag7AH9vd2wMyb5flqTiRH8OqNUU;Advanced > Information Technology;https://www.linkedin.com/company/capco/about/;Software e Serviços de TI;backend OR java OR spring boot OR python OR django OR golang OR php OR laravel OR ruby OR ruby on rails OR c++ OR c# OR rust OR scala OR julia OR elixir OR node.js OR asp.net core;capco;1;;https://www.linkedin.com/jobs/view/4477839591/;https://www.linkedin.com/jobs/view/4477839591/;Hybrid;Senior;09/10/2026;;São Paulo;SP;Região Sudeste;Brasil;América do Sul
178;Capgemini;Desenvolvedor/ Desenvolvedora JAVA;Barueri, SP;08/10 20:00;https://www.linkedin.com/jobs/view/4477478489/;https://media.licdn.com/dms/image/v2/D4E0BAQHIL3HctxNfvg/company-logo_100_100/B4EZokv7VQIUAQ-/0/1761553135376/capgemini_logo?e=1793232000&v=beta&t=4IKlIKxtbaBTMpY_ZpBoEpwfwbhktlPr3cm2a42P4iQ;-;https://www.linkedin.com/company/capgemini/about/;-;backend OR java OR spring boot OR python OR django OR golang OR php OR laravel OR ruby OR ruby on rails OR c++ OR c# OR rust OR scala OR julia OR elixir OR node.js OR asp.net core;capgemini;1;;https://www.linkedin.com/jobs/view/4477478489/;https://www.linkedin.com/jobs/view/4477478489/;Not informed;-;09/10/2026;;São Paulo;SP;Região Sudeste;Brasil;América do Sul
179;Capgemini;Desenvolvimento Fullstack;Barueri, SP;09/10 14:00;https://www.linkedin.com/jobs/view/4477832320/;https://media.licdn.com/dms/image/v2/D4E0BAQHIL3HctxNfvg/company-logo_100_100/B4EZokv7VQIUAQ-/0/1761553135376/capgemini_logo?e=1793232000&v=beta&t=4IKlIKxtbaBTMpY_ZpBoEpwfwbhktlPr3cm2a42P4iQ;-;https://www.linkedin.com/company/capgemini/about/;Software e Serviços de TI;backend OR java OR spring boot OR python OR django OR golang OR php OR laravel OR ruby OR ruby on rails OR c++ OR c# OR rust OR scala OR julia OR elixir OR node.js OR asp.net core;capgemini;1;;https://www.linkedin.com/jobs/view/4477832320/;https://www.linkedin.com/jobs/view/4477832320/;Not informed;Full Stack;09/10/2026;;São Paulo;SP;Região Sudeste;Brasil;América do Sul
180;Capgemini;Desenvolvimento Fullstack;Barueri, SP;09/10 14:00;https://www.linkedin.com/jobs/view/4477831331/;https://media.licdn.com/dms/image/v2/D4E0BAQHIL3HctxNfvg/company-logo_100_100/B4EZokv7VQIUAQ-/0/1761553135376/capgemini_logo?e=1793232000&v=beta&t=4IKlIKxtbaBTMpY_ZpBoEpwfwbhktlPr3cm2a42P4iQ;-;https://www.linkedin.com/company/capgemini/about/;Software e Serviços de TI;backend OR java OR spring boot OR python OR django OR golang OR php OR laravel OR ruby OR ruby on rails OR c++ OR c# OR rust OR scala OR julia OR elixir OR node.js OR asp.net core;capgemini;1;;https://www.linkedin.com/jobs/view/4477831331/;https://www.linkedin.com/jobs/view/4477831331/;Not informed;Full Stack;09/10/2026;;São Paulo;SP;Região Sudeste;Brasil;América do Sul
181;Capgemini;Desenvolvimento Fullstack;Barueri, SP;09/10 14:00;https://www.linkedin.com/jobs/view/4477822676/;https://media.licdn.com/dms/image/v2/D4E0BAQHIL3HctxNfvg/company-logo_100_100/B4EZokv7VQIUAQ-/0/1761553135376/capgemini_logo?e=1793232000&v=beta&t=4IKlIKxtbaBTMpY_ZpBoEpwfwbhktlPr3cm2a42P4iQ;-;https://www.linkedin.com/company/capgemini/about/;Software e Serviços de TI;backend OR java OR spring boot OR python OR django OR golang OR php OR laravel OR ruby OR ruby on rails OR c++ OR c# OR rust OR scala OR julia OR elixir OR node.js OR asp.net core;capgemini;1;;https://www.linkedin.com/jobs/view/4477822676/;https://www.linkedin.com/jobs/view/4477822676/;Not informed;Full Stack;09/10/2026;;São Paulo;SP;Região Sudeste;Brasil;América do Sul
182;Capgemini;Engenheiro/Engenheira de Dados Sr;Barueri, SP;08/10 16:00;https://www.linkedin.com/jobs/view/4476936683/;https://media.licdn.com/dms/image/v2/D4E0BAQHIL3HctxNfvg/company-logo_100_100/B4EZokv7VQIUAQ-/0/1761553135376/capgemini_logo?e=1793232000&v=beta&t=4IKlIKxtbaBTMpY_ZpBoEpwfwbhktlPr3cm2a42P4iQ;-;https://www.linkedin.com/company/capgemini/about/;Dados e Analytics;backend OR java OR spring boot OR python OR django OR golang OR php OR laravel OR ruby OR ruby on rails OR c++ OR c# OR rust OR scala OR julia OR elixir OR node.js OR asp.net core;capgemini;1;;https://www.linkedin.com/jobs/view/4476936683/;https://www.linkedin.com/jobs/view/4476936683/;Not informed;Senior, Dados/Analytics;09/10/2026;;São Paulo;SP;Região Sudeste;Brasil;América do Sul
183;Capitani Group;Desenvolvedor(a) Backend Pleno;Brasil;08/10 16:00;https://www.linkedin.com/jobs/view/4477167604/;https://media.licdn.com/dms/image/v2/C4D0BAQFNPiKzvjH9cQ/company-logo_100_100/company-logo_100_100/0/1650388372873/capitani_logo?e=1793232000&v=beta&t=1InuB8egdqMu9yRnRl5qZOqG5NOj5V5fghRsWKLloMs;-;https://www.linkedin.com/company/capitani-group/about/;Software e Serviços de TI;backend OR java OR spring boot OR python OR django OR golang OR php OR laravel OR ruby OR ruby on rails OR c++ OR c# OR rust OR scala OR julia OR elixir OR node.js OR asp.net core;capitani group;1;;https://www.linkedin.com/jobs/view/4477167604/;https://www.linkedin.com/jobs/view/4477167604/;Remote;Mid, Backend;09/10/2026;;;;;Brasil;América do Sul
184;Cargill;Sr. Software Engineer - Pricefx Configuration;SP;08/10 16:00;https://www.linkedin.com/jobs/view/4475977820/;https://media.licdn.com/dms/image/v2/D560BAQE-JavwZhEueQ/company-logo_100_100/B56ZVIHolwGoAQ-/0/1740671715990/cargill_logo?e=1793232000&v=beta&t=w3Qv8wAfZjwKcQfSwgY5gUWmytdnOz1AHQqVI4KB6Sg;Advanced > Information Technology;https://www.linkedin.com/company/cargill/about/;Software e Serviços de TI;backend OR java OR spring boot OR python OR django OR golang OR php OR laravel OR ruby OR ruby on rails OR c++ OR c# OR rust OR scala OR julia OR elixir OR node.js OR asp.net core;cargill;1;;https://www.linkedin.com/jobs/view/4475977820/;https://www.linkedin.com/jobs/view/4475977820/;Hybrid;Senior, TI/Tech, Engenharia Geral;09/10/2026;;São Paulo;SP;Região Sudeste;Brasil;América do Sul
185;Caylent;Principal Cloud Software Architect;Brasil;08/10 16:00;https://www.linkedin.com/jobs/view/4467116283/;https://media.licdn.com/dms/image/v2/D560BAQE4WhSY33g_Ag/company-logo_100_100/company-logo_100_100/0/1734557363884/caylent_logo?e=1793232000&v=beta&t=GRUrTlPRky-lDTff7jaOejA1-8_rejN1CF1XJOqtPmw;Architecture;https://www.linkedin.com/company/caylent/about/;Software e Serviços de TI;backend OR java OR spring boot OR python OR django OR golang OR php OR laravel OR ruby OR ruby on rails OR c++ OR c# OR rust OR scala OR julia OR elixir OR node.js OR asp.net core;caylent;1;;https://www.linkedin.com/jobs/view/4467116283/;https://www.linkedin.com/jobs/view/4467116283/;Remote;TI/Tech;09/10/2026;;;;;Brasil;América do Sul
186;Chainlink Labs;Software Engineer, Data Growth;Brasil;08/10 16:00;https://www.linkedin.com/jobs/view/4421693870/;https://media.licdn.com/dms/image/v2/D560BAQFlZTc9ukNU6A/company-logo_100_100/B56Z9sto4BHcAI-/0/1784235331280/chainlink_labs_logo?e=1793232000&v=beta&t=ZKoohJKSjIO3lqhnQQKTAuH54uAybqa-dhf-Clf9hKw;Data & Ai > Data Engineering;https://www.linkedin.com/company/chainlink-labs/about/;Dados e Analytics;backend OR java OR spring boot OR python OR django OR golang OR php OR laravel OR ruby OR ruby on rails OR c++ OR c# OR rust OR scala OR julia OR elixir OR node.js OR asp.net core;chainlink labs;1;;https://www.linkedin.com/jobs/view/4421693870/;https://www.linkedin.com/jobs/view/4421693870/;Remote;TI/Tech, Dados/Analytics, Engenharia Geral;09/10/2026;;;;;Brasil;América do Sul
187;Ciklum;Lead Java Engineer;Brasil;08/10 16:00;https://www.linkedin.com/jobs/view/4468235209/;https://media.licdn.com/dms/image/v2/C4D0BAQGNh_4pInYIIQ/company-logo_100_100/company-logo_100_100/0/1647617951142/ciklum_logo?e=1793232000&v=beta&t=EvkOTmpazI4mz1FvZc4lgwsjsLYmNtHpdhWuRHVD9S8;Middle > Manager;https://www.linkedin.com/company/ciklum/about/;-;backend OR java OR spring boot OR python OR django OR golang OR php OR laravel OR ruby OR ruby on rails OR c++ OR c# OR rust OR scala OR julia OR elixir OR node.js OR asp.net core;ciklum;1;;https://www.linkedin.com/jobs/view/4468235209/;https://www.linkedin.com/jobs/view/4468235209/;Remote;Mid, Liderança/Gerência, Engenharia Geral;09/10/2026;;;;;Brasil;América do Sul
188;Claro Brasil;Especialista de Sistemas SAP;São Paulo, SP;08/10 16:00;https://www.linkedin.com/jobs/view/4477193962/;https://media.licdn.com/dms/image/v2/C4D0BAQH2gEZpU9Oy5Q/company-logo_100_100/company-logo_100_100/0/1630559270452/clarobrasil_logo?e=1793232000&v=beta&t=iht5MwgSYcwYMBIJ_BUNvtBbPlcI4oDC2hXgnqKHmms;Advanced > Specialist;https://www.linkedin.com/company/claro-brasil/about/;Software e Serviços de TI;backend OR java OR spring boot OR python OR django OR golang OR php OR laravel OR ruby OR ruby on rails OR c++ OR c# OR rust OR scala OR julia OR elixir OR node.js OR asp.net core;claro brasil;1;;https://www.linkedin.com/jobs/view/4477193962/;https://www.linkedin.com/jobs/view/4477193962/;On-site;Specialist, SAP, TI/Tech;09/10/2026;;São Paulo;SP;Região Sudeste;Brasil;América do Sul
189;ClassPass;Software Engineer III - Backend;Brasil;08/10 16:00;https://www.linkedin.com/jobs/view/4474829213/;https://media.licdn.com/dms/image/v2/D560BAQFm2VYPkA3hjg/company-logo_100_100/company-logo_100_100/0/1689120052565/classpass_logo?e=1793232000&v=beta&t=qJNHmQVVwkFKLkebS6Vt0NJFnOqVlC9PboFVM-cC4tc;Advanced > Information Technology;https://www.linkedin.com/company/classpass/about/;Software e Serviços de TI;backend OR java OR spring boot OR python OR django OR golang OR php OR laravel OR ruby OR ruby on rails OR c++ OR c# OR rust OR scala OR julia OR elixir OR node.js OR asp.net core;classpass;1;;https://www.linkedin.com/jobs/view/4474829213/;https://www.linkedin.com/jobs/view/4474829213/;Remote;TI/Tech, Backend, Engenharia Geral;09/10/2026;;;;;Brasil;América do Sul
190;ClassPass;Software Engineer III - Backend;Brasil;08/10 16:00;https://www.linkedin.com/jobs/view/4474824376/;https://media.licdn.com/dms/image/v2/D560BAQFm2VYPkA3hjg/company-logo_100_100/company-logo_100_100/0/1689120052565/classpass_logo?e=1793232000&v=beta&t=qJNHmQVVwkFKLkebS6Vt0NJFnOqVlC9PboFVM-cC4tc;Advanced > Information Technology;https://www.linkedin.com/company/classpass/about/;Software e Serviços de TI;backend OR java OR spring boot OR python OR django OR golang OR php OR laravel OR ruby OR ruby on rails OR c++ OR c# OR rust OR scala OR julia OR elixir OR node.js OR asp.net core;classpass;1;;https://www.linkedin.com/jobs/view/4474824376/;https://www.linkedin.com/jobs/view/4474824376/;Remote;TI/Tech, Backend, Engenharia Geral;09/10/2026;;;;;Brasil;América do Sul
191;Cognizant;Senior PHP Developer;Grande São Paulo (SP) ;08/10 16:00;https://www.linkedin.com/jobs/view/4475497109/;https://media.licdn.com/dms/image/v2/D4E0BAQFZH4svu5BTZA/company-logo_100_100/B4EZk_EfNgHgAU-/0/1757699778309/cognizant_logo?e=1793232000&v=beta&t=hxcfQ3VxwG7kpSUFLmlnHsrIn8h7BdfEIpywtVGxVX4;Advanced > Information Technology;https://www.linkedin.com/company/cognizant/about/;-;backend OR java OR spring boot OR python OR django OR golang OR php OR laravel OR ruby OR ruby on rails OR c++ OR c# OR rust OR scala OR julia OR elixir OR node.js OR asp.net core;cognizant;1;;https://www.linkedin.com/jobs/view/4475497109/;https://www.linkedin.com/jobs/view/4475497109/;Hybrid;Senior;09/10/2026;;São Paulo;SP;Região Sudeste;Brasil;América do Sul
192;Cognizant;Site Reliability Engineer (Azure Cloud);Grande São Paulo (SP) ;08/10 18:00;https://www.linkedin.com/jobs/view/4476203510/;https://media.licdn.com/dms/image/v2/D4E0BAQFZH4svu5BTZA/company-logo_100_100/B4EZk_EfNgHgAU-/0/1757699778309/cognizant_logo?e=1793232000&v=beta&t=hxcfQ3VxwG7kpSUFLmlnHsrIn8h7BdfEIpywtVGxVX4;Specific > Cloud;https://www.linkedin.com/company/cognizant/about/;Software e Serviços de TI;backend OR java OR spring boot OR python OR django OR golang OR php OR laravel OR ruby OR ruby on rails OR c++ OR c# OR rust OR scala OR julia OR elixir OR node.js OR asp.net core;cognizant;1;;https://www.linkedin.com/jobs/view/4476203510/;https://www.linkedin.com/jobs/view/4476203510/;Hybrid;Cloud (AWS/GCP/Azure), DevOps, Engenharia Geral;09/10/2026;;São Paulo;SP;Região Sudeste;Brasil;América do Sul
193;Compass UOL;Desenvolvedor Quarkus;Brasil;08/10 16:00;https://www.linkedin.com/jobs/view/4475963223/;https://media.licdn.com/dms/image/v2/D4D0BAQGS2dYkE6pQUA/company-logo_100_100/B4DZ2b.l4WIkAY-/0/1776438370262/compass_uol_logo?e=1793232000&v=beta&t=D4P7nqsqgfxAP1Ax-rclmz0-E_ue2V_4LygPxIp2X98;-;https://www.linkedin.com/company/compass-uol/about/;-;backend OR java OR spring boot OR python OR django OR golang OR php OR laravel OR ruby OR ruby on rails OR c++ OR c# OR rust OR scala OR julia OR elixir OR node.js OR asp.net core;compass uol;1;;https://www.linkedin.com/jobs/view/4475963223/;https://www.linkedin.com/jobs/view/4475963223/;Remote;-;09/10/2026;;;;;Brasil;América do Sul
194;Contabilizei;[Tecnologia] Gerente de Tecnologia| Growth;Brasil;09/10 10:00;https://www.linkedin.com/jobs/view/4449638890/;https://media.licdn.com/dms/image/v2/C4D0BAQFIobDmaNDEGg/company-logo_100_100/company-logo_100_100/0/1660682467689/contabilizei_logo?e=1793232000&v=beta&t=2gg_rlvtDhkhwSjQg0gpkyAaWfmzPsybBUCUKlSqeM8;Middle > Manager;https://www.linkedin.com/company/contabilizei/about/;-;backend OR java OR spring boot OR python OR django OR golang OR php OR laravel OR ruby OR ruby on rails OR c++ OR c# OR rust OR scala OR julia OR elixir OR node.js OR asp.net core;contabilizei;1;;https://www.linkedin.com/jobs/view/4449638890/;https://www.linkedin.com/jobs/view/4449638890/;Remote;Mid, Liderança/Gerência, TI/Tech;09/10/2026;;;;;Brasil;América do Sul
195;Contato Seguro | Canal de Denúncias;Desenvolvedor Web (a) | Agentes de IA;Grande Porto Alegre (RS);08/10 22:00;https://www.linkedin.com/jobs/view/4477499612/;https://media.licdn.com/dms/image/v2/D4D0BAQElQXhTTOw8QA/company-logo_100_100/company-logo_100_100/0/1737490706499/contatoseguro_logo?e=1793232000&v=beta&t=OHCDwpa135ztcbDIy79kQzDs1-W0DY3DpecOErhWU0A;-;https://www.linkedin.com/company/contato-seguro-canal-de-den-ncias/about/;Inteligência Artificial;backend OR java OR spring boot OR python OR django OR golang OR php OR laravel OR ruby OR ruby on rails OR c++ OR c# OR rust OR scala OR julia OR elixir OR node.js OR asp.net core;contato seguro | canal de denúncias;1;;https://www.linkedin.com/jobs/view/4477499612/;https://www.linkedin.com/jobs/view/4477499612/;Hybrid;Inteligência Artificial;09/10/2026;;Rio Grande do Sul;RS;Região Sul;Brasil;América do Sul
196;Cruzeiro do Sul Educacional;ANALISTA SISTEMAS SR - Fullstack;São Paulo, SP;08/10 16:00;https://www.linkedin.com/jobs/view/4466217794/;https://media.licdn.com/dms/image/v2/D4D0BAQHrH5Mxe7hCeQ/company-logo_100_100/company-logo_100_100/0/1702649536215/cruzeirodosul_educacional_logo?e=1793232000&v=beta&t=Wgkam2rnOei_wlRfEkEU_H_NSGMrQdJPGHGjGGIsNZs;Advanced > Specialist;https://www.linkedin.com/company/cruzeiro-do-sul-educacional/about/;Software e Serviços de TI;backend OR java OR spring boot OR python OR django OR golang OR php OR laravel OR ruby OR ruby on rails OR c++ OR c# OR rust OR scala OR julia OR elixir OR node.js OR asp.net core;cruzeiro do sul educacional;1;;https://www.linkedin.com/jobs/view/4466217794/;https://www.linkedin.com/jobs/view/4466217794/;On-site;Senior, Associate, TI/Tech, Full Stack;09/10/2026;;São Paulo;SP;Região Sudeste;Brasil;América do Sul
197;DBC Company;Analista de Sustentação de Sistemas Sênior – N3;Brasil;08/10 16:00;https://www.linkedin.com/jobs/view/4475944184/;https://media.licdn.com/dms/image/v2/C4D0BAQFszK2MGQUCUA/company-logo_100_100/company-logo_100_100/0/1668687291660?e=1793232000&v=beta&t=Lxx209FhQNXE4QW2dBQVDvGE8HXZIqilIL6gVXPLP1E;Advanced > Specialist;https://www.linkedin.com/company/dbc-company/about/;Software e Serviços de TI;backend OR java OR spring boot OR python OR django OR golang OR php OR laravel OR ruby OR ruby on rails OR c++ OR c# OR rust OR scala OR julia OR elixir OR node.js OR asp.net core;dbc company;1;;https://www.linkedin.com/jobs/view/4475944184/;https://www.linkedin.com/jobs/view/4475944184/;Remote;Senior, Associate, TI/Tech, Sustentação/O&M;09/10/2026;;;;;Brasil;América do Sul
198;DBC Company;Desenvolvedor Java Backend Sênior;Brasil;08/10 16:00;https://www.linkedin.com/jobs/view/4458634054/;https://media.licdn.com/dms/image/v2/C4D0BAQFszK2MGQUCUA/company-logo_100_100/company-logo_100_100/0/1668687291660?e=1793232000&v=beta&t=Lxx209FhQNXE4QW2dBQVDvGE8HXZIqilIL6gVXPLP1E;-;https://www.linkedin.com/company/dbc-company/about/;-;backend OR java OR spring boot OR python OR django OR golang OR php OR laravel OR ruby OR ruby on rails OR c++ OR c# OR rust OR scala OR julia OR elixir OR node.js OR asp.net core;dbc company;1;;https://www.linkedin.com/jobs/view/4458634054/;https://www.linkedin.com/jobs/view/4458634054/;Remote;Senior, Backend;09/10/2026;;;;;Brasil;América do Sul
199;DBC Company;Desenvolvimento Back-End (Java) Sênior (Vaga Afirmativa);Brasil;08/10 16:00;https://www.linkedin.com/jobs/view/4457986578/;https://media.licdn.com/dms/image/v2/C4D0BAQFszK2MGQUCUA/company-logo_100_100/company-logo_100_100/0/1668687291660?e=1793232000&v=beta&t=Lxx209FhQNXE4QW2dBQVDvGE8HXZIqilIL6gVXPLP1E;-;https://www.linkedin.com/company/dbc-company/about/;Software e Serviços de TI;backend OR java OR spring boot OR python OR django OR golang OR php OR laravel OR ruby OR ruby on rails OR c++ OR c# OR rust OR scala OR julia OR elixir OR node.js OR asp.net core;dbc company;1;;https://www.linkedin.com/jobs/view/4457986578/;https://www.linkedin.com/jobs/view/4457986578/;Remote;PCD / Afirmativa, Senior, Backend;09/10/2026;;;;;Brasil;América do Sul
200;DBC Company;Desenvolvimento Back-End (Java) Sênior (Vaga Afirmativa);Brasil;09/10 11:00;https://www.linkedin.com/jobs/view/4457990593/;https://media.licdn.com/dms/image/v2/C4D0BAQFszK2MGQUCUA/company-logo_100_100/company-logo_100_100/0/1668687291660?e=1793232000&v=beta&t=Lxx209FhQNXE4QW2dBQVDvGE8HXZIqilIL6gVXPLP1E;-;https://www.linkedin.com/company/dbc-company/about/;Software e Serviços de TI;backend OR java OR spring boot OR python OR django OR golang OR php OR laravel OR ruby OR ruby on rails OR c++ OR c# OR rust OR scala OR julia OR elixir OR node.js OR asp.net core;dbc company;1;;https://www.linkedin.com/jobs/view/4457990593/;https://www.linkedin.com/jobs/view/4457990593/;Remote;PCD / Afirmativa, Senior, Backend;09/10/2026;;;;;Brasil;América do Sul
201;DBC Company;Desenvolvimento Full-Stack (Java e React) Sênior (Vaga afirmativa);Brasil;09/10 11:00;https://www.linkedin.com/jobs/view/4467571858/;https://media.licdn.com/dms/image/v2/C4D0BAQFszK2MGQUCUA/company-logo_100_100/company-logo_100_100/0/1668687291660?e=1793232000&v=beta&t=Lxx209FhQNXE4QW2dBQVDvGE8HXZIqilIL6gVXPLP1E;-;https://www.linkedin.com/company/dbc-company/about/;Software e Serviços de TI;backend OR java OR spring boot OR python OR django OR golang OR php OR laravel OR ruby OR ruby on rails OR c++ OR c# OR rust OR scala OR julia OR elixir OR node.js OR asp.net core;dbc company;1;;https://www.linkedin.com/jobs/view/4467571858/;https://www.linkedin.com/jobs/view/4467571858/;Remote;PCD / Afirmativa, Senior, Full Stack;09/10/2026;;;;;Brasil;América do Sul
202;DBC Company;IA Engineer Sênior;Brasil;08/10 16:00;https://www.linkedin.com/jobs/view/4476206033/;https://media.licdn.com/dms/image/v2/C4D0BAQFszK2MGQUCUA/company-logo_100_100/company-logo_100_100/0/1668687291660?e=1793232000&v=beta&t=Lxx209FhQNXE4QW2dBQVDvGE8HXZIqilIL6gVXPLP1E;Advanced > Information Technology;https://www.linkedin.com/company/dbc-company/about/;-;backend OR java OR spring boot OR python OR django OR golang OR php OR laravel OR ruby OR ruby on rails OR c++ OR c# OR rust OR scala OR julia OR elixir OR node.js OR asp.net core;dbc company;1;;https://www.linkedin.com/jobs/view/4476206033/;https://www.linkedin.com/jobs/view/4476206033/;Remote;Inteligência Artificial, Senior, Engenharia Geral;09/10/2026;;;;;Brasil;América do Sul
203;DHL Supply Chain;Analista de Sistemas Operacionais JR;Jandira, SP;08/10 16:00;https://www.linkedin.com/jobs/view/4476982334/;https://media.licdn.com/dms/image/v2/D4E0BAQHAczFDtVyvow/company-logo_100_100/B4EZ8hy2W5IsAI-/0/1782978406030/dhl_supply_chain_logo?e=1793232000&v=beta&t=UTrFR_E41IsPnmdxD9uPh1bC9aUKFIIo5mUnwnHePTs;Advanced > Specialist;https://www.linkedin.com/company/dhl-supply-chain/about/;Logística e Supply Chain;backend OR java OR spring boot OR python OR django OR golang OR php OR laravel OR ruby OR ruby on rails OR c++ OR c# OR rust OR scala OR julia OR elixir OR node.js OR asp.net core;dhl supply chain;1;;https://www.linkedin.com/jobs/view/4476982334/;https://www.linkedin.com/jobs/view/4476982334/;On-site;Junior, Associate, TI/Tech;09/10/2026;;São Paulo;SP;Região Sudeste;Brasil;América do Sul
204;DIGISYSTEM - IT Solutions;DESENVOLVEDOR SÊNIOR - JAVA;Brasil;08/10 22:00;https://www.linkedin.com/jobs/view/4477615031/;https://media.licdn.com/dms/image/v2/D4D0BAQGA1uEmsE4iDw/company-logo_100_100/B4DaA1Q1YjHsAI-/0/1787600000776/digisystem_logo?e=1793232000&v=beta&t=rrQJGLu1Tqf8Reon1HlygxAeChUUQHvDE-IuyB9IFDM;-;https://www.linkedin.com/company/digisystem-it-solutions/about/;Software e Serviços de TI;backend OR java OR spring boot OR python OR django OR golang OR php OR laravel OR ruby OR ruby on rails OR c++ OR c# OR rust OR scala OR julia OR elixir OR node.js OR asp.net core;digisystem - it solutions;1;;https://www.linkedin.com/jobs/view/4477615031/;https://www.linkedin.com/jobs/view/4477615031/;Remote;Senior;09/10/2026;;;;;Brasil;América do Sul
205;DIGISYSTEM - IT Solutions;DESENVOLVEDOR SÊNIOR - PHP;Brasil;08/10 22:00;https://www.linkedin.com/jobs/view/4477494922/;https://media.licdn.com/dms/image/v2/D4D0BAQGA1uEmsE4iDw/company-logo_100_100/B4DaA1Q1YjHsAI-/0/1787600000776/digisystem_logo?e=1793232000&v=beta&t=rrQJGLu1Tqf8Reon1HlygxAeChUUQHvDE-IuyB9IFDM;-;https://www.linkedin.com/company/digisystem-it-solutions/about/;Software e Serviços de TI;backend OR java OR spring boot OR python OR django OR golang OR php OR laravel OR ruby OR ruby on rails OR c++ OR c# OR rust OR scala OR julia OR elixir OR node.js OR asp.net core;digisystem - it solutions;1;;https://www.linkedin.com/jobs/view/4477494922/;https://www.linkedin.com/jobs/view/4477494922/;Remote;Senior;09/10/2026;;;;;Brasil;América do Sul
206;DIGISYSTEM - IT Solutions;Analista de IA Generativa / LLM Engineer (AWS);Brasília, DF;08/10 22:00;https://www.linkedin.com/jobs/view/4477603422/;https://media.licdn.com/dms/image/v2/D4D0BAQGA1uEmsE4iDw/company-logo_100_100/B4DaA1Q1YjHsAI-/0/1787600000776/digisystem_logo?e=1793232000&v=beta&t=rrQJGLu1Tqf8Reon1HlygxAeChUUQHvDE-IuyB9IFDM;Advanced > Information Technology;https://www.linkedin.com/company/digisystem-it-solutions/about/;Inteligência Artificial;backend OR java OR spring boot OR python OR django OR golang OR php OR laravel OR ruby OR ruby on rails OR c++ OR c# OR rust OR scala OR julia OR elixir OR node.js OR asp.net core;digisystem - it solutions;1;;https://www.linkedin.com/jobs/view/4477603422/;https://www.linkedin.com/jobs/view/4477603422/;Hybrid;Inteligência Artificial, Associate, Cloud (AWS/GCP/Azure), Engenharia Geral;09/10/2026;;Distrito Federal;DF;Região Centro-Oeste;Brasil;América do Sul
207;DIGISYSTEM - IT Solutions;Analista de Sistemas /Suporte I;Fortaleza, CE;08/10 22:00;https://www.linkedin.com/jobs/view/4477602430/;https://media.licdn.com/dms/image/v2/D4D0BAQGA1uEmsE4iDw/company-logo_100_100/B4DaA1Q1YjHsAI-/0/1787600000776/digisystem_logo?e=1793232000&v=beta&t=rrQJGLu1Tqf8Reon1HlygxAeChUUQHvDE-IuyB9IFDM;Advanced > Specialist;https://www.linkedin.com/company/digisystem-it-solutions/about/;Software e Serviços de TI;backend OR java OR spring boot OR python OR django OR golang OR php OR laravel OR ruby OR ruby on rails OR c++ OR c# OR rust OR scala OR julia OR elixir OR node.js OR asp.net core;digisystem - it solutions;1;;https://www.linkedin.com/jobs/view/4477602430/;https://www.linkedin.com/jobs/view/4477602430/;On-site;Associate, TI/Tech;09/10/2026;Fortaleza;Ceará;CE;Região Nordeste;Brasil;América do Sul
208;DIGISYSTEM - IT Solutions;Analista de Sistemas /Suporte I;Fortaleza, CE;08/10 22:00;https://www.linkedin.com/jobs/view/4477498746/;https://media.licdn.com/dms/image/v2/D4D0BAQGA1uEmsE4iDw/company-logo_100_100/B4DaA1Q1YjHsAI-/0/1787600000776/digisystem_logo?e=1793232000&v=beta&t=rrQJGLu1Tqf8Reon1HlygxAeChUUQHvDE-IuyB9IFDM;Advanced > Specialist;https://www.linkedin.com/company/digisystem-it-solutions/about/;Software e Serviços de TI;backend OR java OR spring boot OR python OR django OR golang OR php OR laravel OR ruby OR ruby on rails OR c++ OR c# OR rust OR scala OR julia OR elixir OR node.js OR asp.net core;digisystem - it solutions;1;;https://www.linkedin.com/jobs/view/4477498746/;https://www.linkedin.com/jobs/view/4477498746/;On-site;Associate, TI/Tech;09/10/2026;Fortaleza;Ceará;CE;Região Nordeste;Brasil;América do Sul
209;DIGISYSTEM - IT Solutions;Analista de Sistemas /Suporte I;Fortaleza, CE;08/10 22:00;https://www.linkedin.com/jobs/view/4477499592/;https://media.licdn.com/dms/image/v2/D4D0BAQGA1uEmsE4iDw/company-logo_100_100/B4DaA1Q1YjHsAI-/0/1787600000776/digisystem_logo?e=1793232000&v=beta&t=rrQJGLu1Tqf8Reon1HlygxAeChUUQHvDE-IuyB9IFDM;Advanced > Specialist;https://www.linkedin.com/company/digisystem-it-solutions/about/;Software e Serviços de TI;backend OR java OR spring boot OR python OR django OR golang OR php OR laravel OR ruby OR ruby on rails OR c++ OR c# OR rust OR scala OR julia OR elixir OR node.js OR asp.net core;digisystem - it solutions;1;;https://www.linkedin.com/jobs/view/4477499592/;https://www.linkedin.com/jobs/view/4477499592/;On-site;Associate, TI/Tech;09/10/2026;Fortaleza;Ceará;CE;Região Nordeste;Brasil;América do Sul
210;DIGISYSTEM - IT Solutions;Analista de Sistemas /Suporte I;Fortaleza, CE;08/10 22:00;https://www.linkedin.com/jobs/view/4477602431/;https://media.licdn.com/dms/image/v2/D4D0BAQGA1uEmsE4iDw/company-logo_100_100/B4DaA1Q1YjHsAI-/0/1787600000776/digisystem_logo?e=1793232000&v=beta&t=rrQJGLu1Tqf8Reon1HlygxAeChUUQHvDE-IuyB9IFDM;Advanced > Specialist;https://www.linkedin.com/company/digisystem-it-solutions/about/;Software e Serviços de TI;backend OR java OR spring boot OR python OR django OR golang OR php OR laravel OR ruby OR ruby on rails OR c++ OR c# OR rust OR scala OR julia OR elixir OR node.js OR asp.net core;digisystem - it solutions;1;;https://www.linkedin.com/jobs/view/4477602431/;https://www.linkedin.com/jobs/view/4477602431/;On-site;Associate, TI/Tech;09/10/2026;Fortaleza;Ceará;CE;Região Nordeste;Brasil;América do Sul
211;DIGISYSTEM - IT Solutions;Analista de Sistemas /Suporte I;Fortaleza, CE;08/10 22:00;https://www.linkedin.com/jobs/view/4477607292/;https://media.licdn.com/dms/image/v2/D4D0BAQGA1uEmsE4iDw/company-logo_100_100/B4DaA1Q1YjHsAI-/0/1787600000776/digisystem_logo?e=1793232000&v=beta&t=rrQJGLu1Tqf8Reon1HlygxAeChUUQHvDE-IuyB9IFDM;Advanced > Specialist;https://www.linkedin.com/company/digisystem-it-solutions/about/;Software e Serviços de TI;backend OR java OR spring boot OR python OR django OR golang OR php OR laravel OR ruby OR ruby on rails OR c++ OR c# OR rust OR scala OR julia OR elixir OR node.js OR asp.net core;digisystem - it solutions;1;;https://www.linkedin.com/jobs/view/4477607292/;https://www.linkedin.com/jobs/view/4477607292/;On-site;Associate, TI/Tech;09/10/2026;Fortaleza;Ceará;CE;Região Nordeste;Brasil;América do Sul
212;DIGISYSTEM - IT Solutions;Analista de Sistemas /Suporte I;Fortaleza, CE;08/10 22:00;https://www.linkedin.com/jobs/view/4477498744/;https://media.licdn.com/dms/image/v2/D4D0BAQGA1uEmsE4iDw/company-logo_100_100/B4DaA1Q1YjHsAI-/0/1787600000776/digisystem_logo?e=1793232000&v=beta&t=rrQJGLu1Tqf8Reon1HlygxAeChUUQHvDE-IuyB9IFDM;Advanced > Specialist;https://www.linkedin.com/company/digisystem-it-solutions/about/;Software e Serviços de TI;backend OR java OR spring boot OR python OR django OR golang OR php OR laravel OR ruby OR ruby on rails OR c++ OR c# OR rust OR scala OR julia OR elixir OR node.js OR asp.net core;digisystem - it solutions;1;;https://www.linkedin.com/jobs/view/4477498744/;https://www.linkedin.com/jobs/view/4477498744/;On-site;Associate, TI/Tech;09/10/2026;Fortaleza;Ceará;CE;Região Nordeste;Brasil;América do Sul
213;DIGISYSTEM - IT Solutions;Analista de Sistemas /Suporte I;Fortaleza, CE;08/10 22:00;https://www.linkedin.com/jobs/view/4477499589/;https://media.licdn.com/dms/image/v2/D4D0BAQGA1uEmsE4iDw/company-logo_100_100/B4DaA1Q1YjHsAI-/0/1787600000776/digisystem_logo?e=1793232000&v=beta&t=rrQJGLu1Tqf8Reon1HlygxAeChUUQHvDE-IuyB9IFDM;Advanced > Specialist;https://www.linkedin.com/company/digisystem-it-solutions/about/;Software e Serviços de TI;backend OR java OR spring boot OR python OR django OR golang OR php OR laravel OR ruby OR ruby on rails OR c++ OR c# OR rust OR scala OR julia OR elixir OR node.js OR asp.net core;digisystem - it solutions;1;;https://www.linkedin.com/jobs/view/4477499589/;https://www.linkedin.com/jobs/view/4477499589/;On-site;Associate, TI/Tech;09/10/2026;Fortaleza;Ceará;CE;Região Nordeste;Brasil;América do Sul
214;DIGISYSTEM - IT Solutions;Analista de Sistemas /Suporte I;Fortaleza, CE;08/10 22:00;https://www.linkedin.com/jobs/view/4477612198/;https://media.licdn.com/dms/image/v2/D4D0BAQGA1uEmsE4iDw/company-logo_100_100/B4DaA1Q1YjHsAI-/0/1787600000776/digisystem_logo?e=1793232000&v=beta&t=rrQJGLu1Tqf8Reon1HlygxAeChUUQHvDE-IuyB9IFDM;Advanced > Specialist;https://www.linkedin.com/company/digisystem-it-solutions/about/;Software e Serviços de TI;backend OR java OR spring boot OR python OR django OR golang OR php OR laravel OR ruby OR ruby on rails OR c++ OR c# OR rust OR scala OR julia OR elixir OR node.js OR asp.net core;digisystem - it solutions;1;;https://www.linkedin.com/jobs/view/4477612198/;https://www.linkedin.com/jobs/view/4477612198/;On-site;Associate, TI/Tech;09/10/2026;Fortaleza;Ceará;CE;Região Nordeste;Brasil;América do Sul
215;DRISHTICON Inc;Full Stack Dotnet Developer;Brasil;08/10 18:00;https://www.linkedin.com/jobs/view/4476200587/;https://media.licdn.com/dms/image/v2/C560BAQFHiHT4mkhcnQ/company-logo_100_100/company-logo_100_100/0/1630668847707/drishticon_logo?e=1793232000&v=beta&t=r_Zu5ge0McKQnuEHERx8hI-DCH2cPrK6rr3yOpBOH-4;Advanced > Information Technology;https://www.linkedin.com/company/drishticon-inc/about/;Software e Serviços de TI;backend OR java OR spring boot OR python OR django OR golang OR php OR laravel OR ruby OR ruby on rails OR c++ OR c# OR rust OR scala OR julia OR elixir OR node.js OR asp.net core;drishticon inc;1;;https://www.linkedin.com/jobs/view/4476200587/;https://www.linkedin.com/jobs/view/4476200587/;Remote;Full Stack;09/10/2026;;;;;Brasil;América do Sul
216;Data Group;Desenvolvedor Java;Brasil;08/10 16:00;https://www.linkedin.com/jobs/view/4474478683/;https://media.licdn.com/dms/image/v2/D4D0BAQFtg58fKtXKBw/company-logo_100_100/B4DaBh4RSbKIAI-/0/1788348536211/datagroup_global_logo?e=1793232000&v=beta&t=JvI20FAs9dR6GHC3i5Z2Gh7wOIvpb1AnC5-ArnVbOp0;-;https://www.linkedin.com/company/data-group/about/;Dados e Analytics;backend OR java OR spring boot OR python OR django OR golang OR php OR laravel OR ruby OR ruby on rails OR c++ OR c# OR rust OR scala OR julia OR elixir OR node.js OR asp.net core;data group;1;;https://www.linkedin.com/jobs/view/4474478683/;https://www.linkedin.com/jobs/view/4474478683/;Remote;-;09/10/2026;;;;;Brasil;América do Sul
217;Data Group;Desenvolvedor Scala;Brasil;08/10 16:00;https://www.linkedin.com/jobs/view/4474476841/;https://media.licdn.com/dms/image/v2/D4D0BAQFtg58fKtXKBw/company-logo_100_100/B4DaBh4RSbKIAI-/0/1788348536211/datagroup_global_logo?e=1793232000&v=beta&t=JvI20FAs9dR6GHC3i5Z2Gh7wOIvpb1AnC5-ArnVbOp0;-;https://www.linkedin.com/company/data-group/about/;Dados e Analytics;backend OR java OR spring boot OR python OR django OR golang OR php OR laravel OR ruby OR ruby on rails OR c++ OR c# OR rust OR scala OR julia OR elixir OR node.js OR asp.net core;data group;1;;https://www.linkedin.com/jobs/view/4474476841/;https://www.linkedin.com/jobs/view/4474476841/;Remote;-;09/10/2026;;;;;Brasil;América do Sul
218;Data Group;Desenvolvedor full stack;Brasil;08/10 16:00;https://www.linkedin.com/jobs/view/4474804939/;https://media.licdn.com/dms/image/v2/D4D0BAQFtg58fKtXKBw/company-logo_100_100/B4DaBh4RSbKIAI-/0/1788348536211/datagroup_global_logo?e=1793232000&v=beta&t=JvI20FAs9dR6GHC3i5Z2Gh7wOIvpb1AnC5-ArnVbOp0;-;https://www.linkedin.com/company/data-group/about/;Dados e Analytics;backend OR java OR spring boot OR python OR django OR golang OR php OR laravel OR ruby OR ruby on rails OR c++ OR c# OR rust OR scala OR julia OR elixir OR node.js OR asp.net core;data group;1;;https://www.linkedin.com/jobs/view/4474804939/;https://www.linkedin.com/jobs/view/4474804939/;Remote;Full Stack;09/10/2026;;;;;Brasil;América do Sul
219;Data Group;Desenvolvedor(a) Java Backend Counterparty Credit Risk;Brasil;08/10 16:00;https://www.linkedin.com/jobs/view/4474495210/;https://media.licdn.com/dms/image/v2/D4D0BAQFtg58fKtXKBw/company-logo_100_100/B4DaBh4RSbKIAI-/0/1788348536211/datagroup_global_logo?e=1793232000&v=beta&t=JvI20FAs9dR6GHC3i5Z2Gh7wOIvpb1AnC5-ArnVbOp0;-;https://www.linkedin.com/company/data-group/about/;Dados e Analytics;backend OR java OR spring boot OR python OR django OR golang OR php OR laravel OR ruby OR ruby on rails OR c++ OR c# OR rust OR scala OR julia OR elixir OR node.js OR asp.net core;data group;1;;https://www.linkedin.com/jobs/view/4474495210/;https://www.linkedin.com/jobs/view/4474495210/;Remote;Backend;09/10/2026;;;;;Brasil;América do Sul
220;Data Group;Desenvolvedor(a) Java Backend | Spring Boot / OpenShift;Brasil;08/10 16:00;https://www.linkedin.com/jobs/view/4474480867/;https://media.licdn.com/dms/image/v2/D4D0BAQFtg58fKtXKBw/company-logo_100_100/B4DaBh4RSbKIAI-/0/1788348536211/datagroup_global_logo?e=1793232000&v=beta&t=JvI20FAs9dR6GHC3i5Z2Gh7wOIvpb1AnC5-ArnVbOp0;-;https://www.linkedin.com/company/data-group/about/;Dados e Analytics;backend OR java OR spring boot OR python OR django OR golang OR php OR laravel OR ruby OR ruby on rails OR c++ OR c# OR rust OR scala OR julia OR elixir OR node.js OR asp.net core;data group;1;;https://www.linkedin.com/jobs/view/4474480867/;https://www.linkedin.com/jobs/view/4474480867/;Remote;Backend;09/10/2026;;;;;Brasil;América do Sul
221;Data Group;Desenvolvedor(a) Java Sênior Real Time;SP;09/10 07:00;https://www.linkedin.com/jobs/view/4474895981/;https://media.licdn.com/dms/image/v2/D4D0BAQFtg58fKtXKBw/company-logo_100_100/B4DaBh4RSbKIAI-/0/1788348536211/datagroup_global_logo?e=1793232000&v=beta&t=JvI20FAs9dR6GHC3i5Z2Gh7wOIvpb1AnC5-ArnVbOp0;-;https://www.linkedin.com/company/data-group/about/;Dados e Analytics;backend OR java OR spring boot OR python OR django OR golang OR php OR laravel OR ruby OR ruby on rails OR c++ OR c# OR rust OR scala OR julia OR elixir OR node.js OR asp.net core;data group;1;;https://www.linkedin.com/jobs/view/4474895981/;https://www.linkedin.com/jobs/view/4474895981/;Hybrid;Senior;09/10/2026;;São Paulo;SP;Região Sudeste;Brasil;América do Sul
222;DataSquads UG;Typesense & Python Developer (m/f/x);Brasília, DF;09/10 04:00;https://www.linkedin.com/jobs/view/4476266585/;https://media.licdn.com/dms/image/v2/D4E0BAQGWzkBGzcXVwQ/company-logo_100_100/B4EZgHxD.8G4AQ-/0/1752476959041?e=1793232000&v=beta&t=tXV3OuE3Y1MKILtsTFLfvQ7VGrnVGGjRj-ori1xOvIg;Advanced > Information Technology;https://www.linkedin.com/company/datasquads-ug/about/;Dados e Analytics;backend OR java OR spring boot OR python OR django OR golang OR php OR laravel OR ruby OR ruby on rails OR c++ OR c# OR rust OR scala OR julia OR elixir OR node.js OR asp.net core;datasquads ug;1;;https://www.linkedin.com/jobs/view/4476266585/;https://www.linkedin.com/jobs/view/4476266585/;Remote;-;09/10/2026;;Distrito Federal;DF;Região Centro-Oeste;Brasil;América do Sul
223;Databricks;Sr. Designated Support Engineer, Apache Spark™;São Paulo, SP;09/10 07:00;https://www.linkedin.com/jobs/view/4466640239/;https://media.licdn.com/dms/image/v2/D560BAQFPIRKiPVETuw/company-logo_100_100/company-logo_100_100/0/1697215766274?e=1793232000&v=beta&t=JHStwCkeWwLU-0D6XPL01ItHDmFkx0Kk8KPKjCISy20;Advanced > Information Technology;https://www.linkedin.com/company/databricks/about/;Dados e Analytics;backend OR java OR spring boot OR python OR django OR golang OR php OR laravel OR ruby OR ruby on rails OR c++ OR c# OR rust OR scala OR julia OR elixir OR node.js OR asp.net core;databricks;1;;https://www.linkedin.com/jobs/view/4466640239/;https://www.linkedin.com/jobs/view/4466640239/;Not informed;Senior, Engenharia Geral;09/10/2026;;São Paulo;SP;Região Sudeste;Brasil;América do Sul
224;Deal;Software Engineer Sênior;Brasil;08/10 16:00;https://www.linkedin.com/jobs/view/4475979550/;https://media.licdn.com/dms/image/v2/D4D0BAQGhr-XGA1-ldQ/company-logo_100_100/company-logo_100_100/0/1709293857040/deal_logo?e=1793232000&v=beta&t=bakx6LEraAUbsfVB3ZhFjq8z3cKXOx6ApMLhVWmr5ww;Advanced > Information Technology;https://www.linkedin.com/company/deal/about/;Software e Serviços de TI;backend OR java OR spring boot OR python OR django OR golang OR php OR laravel OR ruby OR ruby on rails OR c++ OR c# OR rust OR scala OR julia OR elixir OR node.js OR asp.net core;deal;1;;https://www.linkedin.com/jobs/view/4475979550/;https://www.linkedin.com/jobs/view/4475979550/;Remote;Senior, TI/Tech, Engenharia Geral;09/10/2026;;;;;Brasil;América do Sul
225;Dev.Pro;Intermediate Software Engineer (.NET) - OP02272;São Paulo, SP;08/10 16:00;https://www.linkedin.com/jobs/view/4477181452/;https://media.licdn.com/dms/image/v2/C4D0BAQFn2opu_8IJJQ/company-logo_100_100/company-logo_100_100/0/1651225884624/dev_pro_logo?e=1793232000&v=beta&t=fR9uLn0df-gzP4ze5Zti4IgsPxq4oUWLjgtvkvZpxpQ;Advanced > Information Technology;https://www.linkedin.com/company/dev-pro/about/;Mídia e Entretenimento;backend OR java OR spring boot OR python OR django OR golang OR php OR laravel OR ruby OR ruby on rails OR c++ OR c# OR rust OR scala OR julia OR elixir OR node.js OR asp.net core;dev.pro;1;;https://www.linkedin.com/jobs/view/4477181452/;https://www.linkedin.com/jobs/view/4477181452/;Remote;TI/Tech, Marketing/Mídia, Engenharia Geral;09/10/2026;;São Paulo;SP;Região Sudeste;Brasil;América do Sul
226;Dexian;Líder Técnico de Engenharia de Software - Especialista;Barueri, SP;09/10 16:00;https://www.linkedin.com/jobs/view/4476846225/;https://media.licdn.com/dms/image/v2/D560BAQGXx9Ix2Tcwqg/company-logo_100_100/company-logo_100_100/0/1738000396255/dexiansolutions_logo?e=1793232000&v=beta&t=cyWvKw0v4fSmu6kzcOfeHYIQFIzL-T50gfbfsi0gHTA;Advanced > Specialist;https://www.linkedin.com/company/dexian/about/;Software e Serviços de TI;backend OR java OR spring boot OR python OR django OR golang OR php OR laravel OR ruby OR ruby on rails OR c++ OR c# OR rust OR scala OR julia OR elixir OR node.js OR asp.net core;dexian;1;;https://www.linkedin.com/jobs/view/4476846225/;https://www.linkedin.com/jobs/view/4476846225/;Hybrid;Specialist, Mid, Liderança/Gerência, Coach, TI/Tech, Engenharia Geral;09/10/2026;;São Paulo;SP;Região Sudeste;Brasil;América do Sul
227;Dexian Brasil;"""Desenvolvedor Full Stack Senior - Vaga temporária #1014132""";Curitiba, PR;09/10 09:00;https://www.linkedin.com/jobs/view/4476284832/;https://media.licdn.com/dms/image/v2/D560BAQGaZpYWHidaqw/company-logo_100_100/company-logo_100_100/0/1738000677714/dexian_brasil_logo?e=1793232000&v=beta&t=BisIkcD9KhbhY2GRLNA71pGiibnZHgu4rAQxzzEUeGs;-;https://www.linkedin.com/company/dexian-brasil/about/;-;backend OR java OR spring boot OR python OR django OR golang OR php OR laravel OR ruby OR ruby on rails OR c++ OR c# OR rust OR scala OR julia OR elixir OR node.js OR asp.net core;dexian brasil;1;;https://www.linkedin.com/jobs/view/4476284832/;https://www.linkedin.com/jobs/view/4476284832/;Hybrid;Freelance/PJ, Senior, Full Stack;09/10/2026;;Paraná;PR;Região Sul;Brasil;América do Sul
228;DoorDash;Data Engineer – Brazil – Vaga exclusiva para PCD;São Paulo, SP;09/10 06:00;https://www.linkedin.com/jobs/view/4391673838/;https://media.licdn.com/dms/image/v2/D4E0BAQFmucd42O03SQ/company-logo_100_100/B4EaCRrt8LKgAI-/0/1789150552100?e=1793232000&v=beta&t=aygGnDVOq7cqdpC5JgVk3Qs2n7d5RRApUiq5AZwf-dU;Data & Ai > Data Engineering;https://www.linkedin.com/company/doordash/about/;Dados e Analytics;backend OR java OR spring boot OR python OR django OR golang OR php OR laravel OR ruby OR ruby on rails OR c++ OR c# OR rust OR scala OR julia OR elixir OR node.js OR asp.net core;doordash;1;;https://www.linkedin.com/jobs/view/4391673838/;https://www.linkedin.com/jobs/view/4391673838/;On-site;PCD / Afirmativa, Dados/Analytics, Engenharia Geral;09/10/2026;;São Paulo;SP;Região Sudeste;Brasil;América do Sul
229;DoorDash;Data Engineer – Brazil – Vaga para mulheres;São Paulo, SP;09/10 06:00;https://www.linkedin.com/jobs/view/4391655980/;https://media.licdn.com/dms/image/v2/D4E0BAQFmucd42O03SQ/company-logo_100_100/B4EaCRrt8LKgAI-/0/1789150552100?e=1793232000&v=beta&t=aygGnDVOq7cqdpC5JgVk3Qs2n7d5RRApUiq5AZwf-dU;Data & Ai > Data Engineering;https://www.linkedin.com/company/doordash/about/;Dados e Analytics;backend OR java OR spring boot OR python OR django OR golang OR php OR laravel OR ruby OR ruby on rails OR c++ OR c# OR rust OR scala OR julia OR elixir OR node.js OR asp.net core;doordash;1;;https://www.linkedin.com/jobs/view/4391655980/;https://www.linkedin.com/jobs/view/4391655980/;On-site;Dados/Analytics, Engenharia Geral;09/10/2026;;São Paulo;SP;Região Sudeste;Brasil;América do Sul
230;DoorDash;Software Engineer, Backend (All teams) – Brazil – Vaga exclusiva para PCD;São Paulo, SP;09/10 06:00;https://www.linkedin.com/jobs/view/4391666888/;https://media.licdn.com/dms/image/v2/D4E0BAQFmucd42O03SQ/company-logo_100_100/B4EaCRrt8LKgAI-/0/1789150552100?e=1793232000&v=beta&t=aygGnDVOq7cqdpC5JgVk3Qs2n7d5RRApUiq5AZwf-dU;Advanced > Information Technology;https://www.linkedin.com/company/doordash/about/;Software e Serviços de TI;backend OR java OR spring boot OR python OR django OR golang OR php OR laravel OR ruby OR ruby on rails OR c++ OR c# OR rust OR scala OR julia OR elixir OR node.js OR asp.net core;doordash;1;;https://www.linkedin.com/jobs/view/4391666888/;https://www.linkedin.com/jobs/view/4391666888/;On-site;PCD / Afirmativa, TI/Tech, Backend, Engenharia Geral;09/10/2026;;São Paulo;SP;Região Sudeste;Brasil;América do Sul
231;ENGESOFTWARE TECNOLOGIA S.A.;Desenvolvedor(a) Java;Brasil;08/10 16:00;https://www.linkedin.com/jobs/view/4476915766/;https://media.licdn.com/dms/image/v2/D4D0BAQG3saOiDyN3FA/company-logo_100_100/B4DZ.puBXFIEAI-/0/1785258841750/engesoftware_logo?e=1793232000&v=beta&t=WY2PC4ShmaNANWd4MunGue0GQYEiych7qbX1uBIVmDk;-;https://www.linkedin.com/company/engesoftware-tecnologia-s-a/about/;Software e Serviços de TI;backend OR java OR spring boot OR python OR django OR golang OR php OR laravel OR ruby OR ruby on rails OR c++ OR c# OR rust OR scala OR julia OR elixir OR node.js OR asp.net core;engesoftware tecnologia s.a.;1;;https://www.linkedin.com/jobs/view/4476915766/;https://www.linkedin.com/jobs/view/4476915766/;Remote;-;09/10/2026;;;;;Brasil;América do Sul
232;ENGESOFTWARE TECNOLOGIA S.A.;Analista/Desenvolvedor Plataforma Baixa;Brasília, DF;08/10 16:00;https://www.linkedin.com/jobs/view/4476921221/;https://media.licdn.com/dms/image/v2/D4D0BAQG3saOiDyN3FA/company-logo_100_100/B4DZ.puBXFIEAI-/0/1785258841750/engesoftware_logo?e=1793232000&v=beta&t=WY2PC4ShmaNANWd4MunGue0GQYEiych7qbX1uBIVmDk;Advanced > Specialist;https://www.linkedin.com/company/engesoftware-tecnologia-s-a/about/;Software e Serviços de TI;backend OR java OR spring boot OR python OR django OR golang OR php OR laravel OR ruby OR ruby on rails OR c++ OR c# OR rust OR scala OR julia OR elixir OR node.js OR asp.net core;engesoftware tecnologia s.a.;1;;https://www.linkedin.com/jobs/view/4476921221/;https://www.linkedin.com/jobs/view/4476921221/;Hybrid;Associate;09/10/2026;;Distrito Federal;DF;Região Centro-Oeste;Brasil;América do Sul
233;EPAM Systems;.NET Developer;Brasil;08/10 16:00;https://www.linkedin.com/jobs/view/4475734413/;https://media.licdn.com/dms/image/v2/D4D0BAQGd7yeYsBtfzw/company-logo_100_100/B4DZuc0QBQH4AQ-/0/1767862501956/epam_systems_logo?e=1793232000&v=beta&t=StJgkMs-vk5E2YxUR5N69RtK2T33iu1j-Ykdv05PB6o;Advanced > Information Technology;https://www.linkedin.com/company/epam-systems/about/;-;backend OR java OR spring boot OR python OR django OR golang OR php OR laravel OR ruby OR ruby on rails OR c++ OR c# OR rust OR scala OR julia OR elixir OR node.js OR asp.net core;epam systems;1;;https://www.linkedin.com/jobs/view/4475734413/;https://www.linkedin.com/jobs/view/4475734413/;Remote;-;09/10/2026;;;;;Brasil;América do Sul
234;EPAM Systems;AI Engineer Manager (Python);Brasil;08/10 16:00;https://www.linkedin.com/jobs/view/4475739155/;https://media.licdn.com/dms/image/v2/D4D0BAQGd7yeYsBtfzw/company-logo_100_100/B4DZuc0QBQH4AQ-/0/1767862501956/epam_systems_logo?e=1793232000&v=beta&t=StJgkMs-vk5E2YxUR5N69RtK2T33iu1j-Ykdv05PB6o;Middle > Manager;https://www.linkedin.com/company/epam-systems/about/;-;backend OR java OR spring boot OR python OR django OR golang OR php OR laravel OR ruby OR ruby on rails OR c++ OR c# OR rust OR scala OR julia OR elixir OR node.js OR asp.net core;epam systems;1;;https://www.linkedin.com/jobs/view/4475739155/;https://www.linkedin.com/jobs/view/4475739155/;Remote;Inteligência Artificial, Liderança/Gerência, Engenharia Geral;09/10/2026;;;;;Brasil;América do Sul
235;EPAM Systems;AI Platform Software Engineering Manager (Python/FastAPI);Brasil;08/10 16:00;https://www.linkedin.com/jobs/view/4475723741/;https://media.licdn.com/dms/image/v2/D4D0BAQGd7yeYsBtfzw/company-logo_100_100/B4DZuc0QBQH4AQ-/0/1767862501956/epam_systems_logo?e=1793232000&v=beta&t=StJgkMs-vk5E2YxUR5N69RtK2T33iu1j-Ykdv05PB6o;Middle > Manager;https://www.linkedin.com/company/epam-systems/about/;Software e Serviços de TI;backend OR java OR spring boot OR python OR django OR golang OR php OR laravel OR ruby OR ruby on rails OR c++ OR c# OR rust OR scala OR julia OR elixir OR node.js OR asp.net core;epam systems;1;;https://www.linkedin.com/jobs/view/4475723741/;https://www.linkedin.com/jobs/view/4475723741/;Remote;Inteligência Artificial, Liderança/Gerência, TI/Tech, Engenharia Geral;09/10/2026;;;;;Brasil;América do Sul
236;EPAM Systems;Advanced Software Engineering Manager;Brasil;09/10 00:00;https://www.linkedin.com/jobs/view/4476243771/;https://media.licdn.com/dms/image/v2/D4D0BAQGd7yeYsBtfzw/company-logo_100_100/B4DZuc0QBQH4AQ-/0/1767862501956/epam_systems_logo?e=1793232000&v=beta&t=StJgkMs-vk5E2YxUR5N69RtK2T33iu1j-Ykdv05PB6o;Middle > Manager;https://www.linkedin.com/company/epam-systems/about/;Software e Serviços de TI;backend OR java OR spring boot OR python OR django OR golang OR php OR laravel OR ruby OR ruby on rails OR c++ OR c# OR rust OR scala OR julia OR elixir OR node.js OR asp.net core;epam systems;1;;https://www.linkedin.com/jobs/view/4476243771/;https://www.linkedin.com/jobs/view/4476243771/;Remote;Liderança/Gerência, TI/Tech, Engenharia Geral;09/10/2026;;;;;Brasil;América do Sul
237;EPAM Systems;Chief Python AI Solution Engineer;Brasil;08/10 16:00;https://www.linkedin.com/jobs/view/4475722736/;https://media.licdn.com/dms/image/v2/D4D0BAQGd7yeYsBtfzw/company-logo_100_100/B4DZuc0QBQH4AQ-/0/1767862501956/epam_systems_logo?e=1793232000&v=beta&t=StJgkMs-vk5E2YxUR5N69RtK2T33iu1j-Ykdv05PB6o;Advanced > Information Technology;https://www.linkedin.com/company/epam-systems/about/;Inteligência Artificial;backend OR java OR spring boot OR python OR django OR golang OR php OR laravel OR ruby OR ruby on rails OR c++ OR c# OR rust OR scala OR julia OR elixir OR node.js OR asp.net core;epam systems;1;;https://www.linkedin.com/jobs/view/4475722736/;https://www.linkedin.com/jobs/view/4475722736/;Remote;Inteligência Artificial, Engenharia Geral;09/10/2026;;;;;Brasil;América do Sul
238;EPAM Systems;Chief Software Engineer (AI-Powered Financial Assistant);Brasil;09/10 00:00;https://www.linkedin.com/jobs/view/4476242812/;https://media.licdn.com/dms/image/v2/D4D0BAQGd7yeYsBtfzw/company-logo_100_100/B4DZuc0QBQH4AQ-/0/1767862501956/epam_systems_logo?e=1793232000&v=beta&t=StJgkMs-vk5E2YxUR5N69RtK2T33iu1j-Ykdv05PB6o;Advanced > Information Technology;https://www.linkedin.com/company/epam-systems/about/;Software e Serviços de TI;backend OR java OR spring boot OR python OR django OR golang OR php OR laravel OR ruby OR ruby on rails OR c++ OR c# OR rust OR scala OR julia OR elixir OR node.js OR asp.net core;epam systems;1;;https://www.linkedin.com/jobs/view/4476242812/;https://www.linkedin.com/jobs/view/4476242812/;Remote;Inteligência Artificial, Associate, TI/Tech, Engenharia Geral;09/10/2026;;;;;Brasil;América do Sul
239;EPAM Systems;Full-Stack .NET Developer;Brasil;09/10 00:00;https://www.linkedin.com/jobs/view/4476244712/;https://media.licdn.com/dms/image/v2/D4D0BAQGd7yeYsBtfzw/company-logo_100_100/B4DZuc0QBQH4AQ-/0/1767862501956/epam_systems_logo?e=1793232000&v=beta&t=StJgkMs-vk5E2YxUR5N69RtK2T33iu1j-Ykdv05PB6o;Advanced > Information Technology;https://www.linkedin.com/company/epam-systems/about/;-;backend OR java OR spring boot OR python OR django OR golang OR php OR laravel OR ruby OR ruby on rails OR c++ OR c# OR rust OR scala OR julia OR elixir OR node.js OR asp.net core;epam systems;1;;https://www.linkedin.com/jobs/view/4476244712/;https://www.linkedin.com/jobs/view/4476244712/;Remote;Full Stack;09/10/2026;;;;;Brasil;América do Sul
240;EPAM Systems;Full-Stack Developer (.NET);Brasil;08/10 16:00;https://www.linkedin.com/jobs/view/4475727698/;https://media.licdn.com/dms/image/v2/D4D0BAQGd7yeYsBtfzw/company-logo_100_100/B4DZuc0QBQH4AQ-/0/1767862501956/epam_systems_logo?e=1793232000&v=beta&t=StJgkMs-vk5E2YxUR5N69RtK2T33iu1j-Ykdv05PB6o;Advanced > Information Technology;https://www.linkedin.com/company/epam-systems/about/;-;backend OR java OR spring boot OR python OR django OR golang OR php OR laravel OR ruby OR ruby on rails OR c++ OR c# OR rust OR scala OR julia OR elixir OR node.js OR asp.net core;epam systems;1;;https://www.linkedin.com/jobs/view/4475727698/;https://www.linkedin.com/jobs/view/4475727698/;Remote;Full Stack;09/10/2026;;;;;Brasil;América do Sul
241;EPAM Systems;Full-Stack Developer (.NET);Brasil;09/10 00:00;https://www.linkedin.com/jobs/view/4476241882/;https://media.licdn.com/dms/image/v2/D4D0BAQGd7yeYsBtfzw/company-logo_100_100/B4DZuc0QBQH4AQ-/0/1767862501956/epam_systems_logo?e=1793232000&v=beta&t=StJgkMs-vk5E2YxUR5N69RtK2T33iu1j-Ykdv05PB6o;Advanced > Information Technology;https://www.linkedin.com/company/epam-systems/about/;-;backend OR java OR spring boot OR python OR django OR golang OR php OR laravel OR ruby OR ruby on rails OR c++ OR c# OR rust OR scala OR julia OR elixir OR node.js OR asp.net core;epam systems;1;;https://www.linkedin.com/jobs/view/4476241882/;https://www.linkedin.com/jobs/view/4476241882/;Remote;Full Stack;09/10/2026;;;;;Brasil;América do Sul
242;EPAM Systems;Full-Stack Developer (.NET);Brasil;09/10 00:00;https://www.linkedin.com/jobs/view/4476252321/;https://media.licdn.com/dms/image/v2/D4D0BAQGd7yeYsBtfzw/company-logo_100_100/B4DZuc0QBQH4AQ-/0/1767862501956/epam_systems_logo?e=1793232000&v=beta&t=StJgkMs-vk5E2YxUR5N69RtK2T33iu1j-Ykdv05PB6o;Advanced > Information Technology;https://www.linkedin.com/company/epam-systems/about/;-;backend OR java OR spring boot OR python OR django OR golang OR php OR laravel OR ruby OR ruby on rails OR c++ OR c# OR rust OR scala OR julia OR elixir OR node.js OR asp.net core;epam systems;1;;https://www.linkedin.com/jobs/view/4476252321/;https://www.linkedin.com/jobs/view/4476252321/;Remote;Full Stack;09/10/2026;;;;;Brasil;América do Sul
243;EPAM Systems;Full-Stack Developer (.NET);Brasil;09/10 00:00;https://www.linkedin.com/jobs/view/4476248436/;https://media.licdn.com/dms/image/v2/D4D0BAQGd7yeYsBtfzw/company-logo_100_100/B4DZuc0QBQH4AQ-/0/1767862501956/epam_systems_logo?e=1793232000&v=beta&t=StJgkMs-vk5E2YxUR5N69RtK2T33iu1j-Ykdv05PB6o;Advanced > Information Technology;https://www.linkedin.com/company/epam-systems/about/;-;backend OR java OR spring boot OR python OR django OR golang OR php OR laravel OR ruby OR ruby on rails OR c++ OR c# OR rust OR scala OR julia OR elixir OR node.js OR asp.net core;epam systems;1;;https://www.linkedin.com/jobs/view/4476248436/;https://www.linkedin.com/jobs/view/4476248436/;Remote;Full Stack;09/10/2026;;;;;Brasil;América do Sul
244;EPAM Systems;Java Developer;Brasil;09/10 00:00;https://www.linkedin.com/jobs/view/4476262047/;https://media.licdn.com/dms/image/v2/D4D0BAQGd7yeYsBtfzw/company-logo_100_100/B4DZuc0QBQH4AQ-/0/1767862501956/epam_systems_logo?e=1793232000&v=beta&t=StJgkMs-vk5E2YxUR5N69RtK2T33iu1j-Ykdv05PB6o;Advanced > Information Technology;https://www.linkedin.com/company/epam-systems/about/;-;backend OR java OR spring boot OR python OR django OR golang OR php OR laravel OR ruby OR ruby on rails OR c++ OR c# OR rust OR scala OR julia OR elixir OR node.js OR asp.net core;epam systems;1;;https://www.linkedin.com/jobs/view/4476262047/;https://www.linkedin.com/jobs/view/4476262047/;Remote;-;09/10/2026;;;;;Brasil;América do Sul
245;EPAM Systems;Java Developer;Brasil;09/10 00:00;https://www.linkedin.com/jobs/view/4476261102/;https://media.licdn.com/dms/image/v2/D4D0BAQGd7yeYsBtfzw/company-logo_100_100/B4DZuc0QBQH4AQ-/0/1767862501956/epam_systems_logo?e=1793232000&v=beta&t=StJgkMs-vk5E2YxUR5N69RtK2T33iu1j-Ykdv05PB6o;Advanced > Information Technology;https://www.linkedin.com/company/epam-systems/about/;-;backend OR java OR spring boot OR python OR django OR golang OR php OR laravel OR ruby OR ruby on rails OR c++ OR c# OR rust OR scala OR julia OR elixir OR node.js OR asp.net core;epam systems;1;;https://www.linkedin.com/jobs/view/4476261102/;https://www.linkedin.com/jobs/view/4476261102/;Remote;-;09/10/2026;;;;;Brasil;América do Sul
246;EPAM Systems;Lead AI Engineer;Brasil;09/10 00:00;https://www.linkedin.com/jobs/view/4476260095/;https://media.licdn.com/dms/image/v2/D4D0BAQGd7yeYsBtfzw/company-logo_100_100/B4DZuc0QBQH4AQ-/0/1767862501956/epam_systems_logo?e=1793232000&v=beta&t=StJgkMs-vk5E2YxUR5N69RtK2T33iu1j-Ykdv05PB6o;Middle > Manager;https://www.linkedin.com/company/epam-systems/about/;Inteligência Artificial;backend OR java OR spring boot OR python OR django OR golang OR php OR laravel OR ruby OR ruby on rails OR c++ OR c# OR rust OR scala OR julia OR elixir OR node.js OR asp.net core;epam systems;1;;https://www.linkedin.com/jobs/view/4476260095/;https://www.linkedin.com/jobs/view/4476260095/;Remote;Inteligência Artificial, Mid, Liderança/Gerência, Engenharia Geral;09/10/2026;;;;;Brasil;América do Sul
247;EPAM Systems;Lead GenAI Engineer;Brasil;08/10 16:00;https://www.linkedin.com/jobs/view/4475727696/;https://media.licdn.com/dms/image/v2/D4D0BAQGd7yeYsBtfzw/company-logo_100_100/B4DZuc0QBQH4AQ-/0/1767862501956/epam_systems_logo?e=1793232000&v=beta&t=StJgkMs-vk5E2YxUR5N69RtK2T33iu1j-Ykdv05PB6o;Data & Ai > Generative Ai;https://www.linkedin.com/company/epam-systems/about/;-;backend OR java OR spring boot OR python OR django OR golang OR php OR laravel OR ruby OR ruby on rails OR c++ OR c# OR rust OR scala OR julia OR elixir OR node.js OR asp.net core;epam systems;1;;https://www.linkedin.com/jobs/view/4475727696/;https://www.linkedin.com/jobs/view/4475727696/;Remote;Mid, Liderança/Gerência, Engenharia Geral;09/10/2026;;;;;Brasil;América do Sul
248;EPAM Systems;Lead Java Developer;Brasil;08/10 16:00;https://www.linkedin.com/jobs/view/4475730586/;https://media.licdn.com/dms/image/v2/D4D0BAQGd7yeYsBtfzw/company-logo_100_100/B4DZuc0QBQH4AQ-/0/1767862501956/epam_systems_logo?e=1793232000&v=beta&t=StJgkMs-vk5E2YxUR5N69RtK2T33iu1j-Ykdv05PB6o;Middle > Manager;https://www.linkedin.com/company/epam-systems/about/;-;backend OR java OR spring boot OR python OR django OR golang OR php OR laravel OR ruby OR ruby on rails OR c++ OR c# OR rust OR scala OR julia OR elixir OR node.js OR asp.net core;epam systems;1;;https://www.linkedin.com/jobs/view/4475730586/;https://www.linkedin.com/jobs/view/4475730586/;Remote;Mid, Liderança/Gerência;09/10/2026;;;;;Brasil;América do Sul
249;EPAM Systems;Lead Python AI Engineer;Brasil;08/10 16:00;https://www.linkedin.com/jobs/view/4475720940/;https://media.licdn.com/dms/image/v2/D4D0BAQGd7yeYsBtfzw/company-logo_100_100/B4DZuc0QBQH4AQ-/0/1767862501956/epam_systems_logo?e=1793232000&v=beta&t=StJgkMs-vk5E2YxUR5N69RtK2T33iu1j-Ykdv05PB6o;Middle > Manager;https://www.linkedin.com/company/epam-systems/about/;Inteligência Artificial;backend OR java OR spring boot OR python OR django OR golang OR php OR laravel OR ruby OR ruby on rails OR c++ OR c# OR rust OR scala OR julia OR elixir OR node.js OR asp.net core;epam systems;1;;https://www.linkedin.com/jobs/view/4475720940/;https://www.linkedin.com/jobs/view/4475720940/;Remote;Inteligência Artificial, Mid, Liderança/Gerência, Engenharia Geral;09/10/2026;;;;;Brasil;América do Sul
250;EPAM Systems;Lead Python AI Solution Engineer;Brasil;08/10 16:00;https://www.linkedin.com/jobs/view/4475726688/;https://media.licdn.com/dms/image/v2/D4D0BAQGd7yeYsBtfzw/company-logo_100_100/B4DZuc0QBQH4AQ-/0/1767862501956/epam_systems_logo?e=1793232000&v=beta&t=StJgkMs-vk5E2YxUR5N69RtK2T33iu1j-Ykdv05PB6o;Middle > Manager;https://www.linkedin.com/company/epam-systems/about/;Inteligência Artificial;backend OR java OR spring boot OR python OR django OR golang OR php OR laravel OR ruby OR ruby on rails OR c++ OR c# OR rust OR scala OR julia OR elixir OR node.js OR asp.net core;epam systems;1;;https://www.linkedin.com/jobs/view/4475726688/;https://www.linkedin.com/jobs/view/4475726688/;Remote;Inteligência Artificial, Mid, Liderança/Gerência, Engenharia Geral;09/10/2026;;;;;Brasil;América do Sul
251;EPAM Systems;Lead Python Engineer (AI-Powered Financial Assistant);Brasil;08/10 16:00;https://www.linkedin.com/jobs/view/4475734418/;https://media.licdn.com/dms/image/v2/D4D0BAQGd7yeYsBtfzw/company-logo_100_100/B4DZuc0QBQH4AQ-/0/1767862501956/epam_systems_logo?e=1793232000&v=beta&t=StJgkMs-vk5E2YxUR5N69RtK2T33iu1j-Ykdv05PB6o;Middle > Manager;https://www.linkedin.com/company/epam-systems/about/;-;backend OR java OR spring boot OR python OR django OR golang OR php OR laravel OR ruby OR ruby on rails OR c++ OR c# OR rust OR scala OR julia OR elixir OR node.js OR asp.net core;epam systems;1;;https://www.linkedin.com/jobs/view/4475734418/;https://www.linkedin.com/jobs/view/4475734418/;Remote;Inteligência Artificial, Mid, Associate, Liderança/Gerência, Engenharia Geral;09/10/2026;;;;;Brasil;América do Sul
252;EPAM Systems;Senior AI Engineer (Python);Brasil;09/10 00:00;https://www.linkedin.com/jobs/view/4476245690/;https://media.licdn.com/dms/image/v2/D4D0BAQGd7yeYsBtfzw/company-logo_100_100/B4DZuc0QBQH4AQ-/0/1767862501956/epam_systems_logo?e=1793232000&v=beta&t=StJgkMs-vk5E2YxUR5N69RtK2T33iu1j-Ykdv05PB6o;Advanced > Information Technology;https://www.linkedin.com/company/epam-systems/about/;Inteligência Artificial;backend OR java OR spring boot OR python OR django OR golang OR php OR laravel OR ruby OR ruby on rails OR c++ OR c# OR rust OR scala OR julia OR elixir OR node.js OR asp.net core;epam systems;1;;https://www.linkedin.com/jobs/view/4476245690/;https://www.linkedin.com/jobs/view/4476245690/;Remote;Inteligência Artificial, Senior, Engenharia Geral;09/10/2026;;;;;Brasil;América do Sul
253;EPAM Systems;Senior AI Solution Engineer;Brasil;09/10 00:00;https://www.linkedin.com/jobs/view/4476245693/;https://media.licdn.com/dms/image/v2/D4D0BAQGd7yeYsBtfzw/company-logo_100_100/B4DZuc0QBQH4AQ-/0/1767862501956/epam_systems_logo?e=1793232000&v=beta&t=StJgkMs-vk5E2YxUR5N69RtK2T33iu1j-Ykdv05PB6o;Advanced > Information Technology;https://www.linkedin.com/company/epam-systems/about/;Inteligência Artificial;backend OR java OR spring boot OR python OR django OR golang OR php OR laravel OR ruby OR ruby on rails OR c++ OR c# OR rust OR scala OR julia OR elixir OR node.js OR asp.net core;epam systems;1;;https://www.linkedin.com/jobs/view/4476245693/;https://www.linkedin.com/jobs/view/4476245693/;Remote;Inteligência Artificial, Senior, Engenharia Geral;09/10/2026;;;;;Brasil;América do Sul
254;EPAM Systems;Senior Agentic AI Engineer;Brasil;09/10 00:00;https://www.linkedin.com/jobs/view/4476263010/;https://media.licdn.com/dms/image/v2/D4D0BAQGd7yeYsBtfzw/company-logo_100_100/B4DZuc0QBQH4AQ-/0/1767862501956/epam_systems_logo?e=1793232000&v=beta&t=StJgkMs-vk5E2YxUR5N69RtK2T33iu1j-Ykdv05PB6o;Advanced > Information Technology;https://www.linkedin.com/company/epam-systems/about/;Inteligência Artificial;backend OR java OR spring boot OR python OR django OR golang OR php OR laravel OR ruby OR ruby on rails OR c++ OR c# OR rust OR scala OR julia OR elixir OR node.js OR asp.net core;epam systems;1;;https://www.linkedin.com/jobs/view/4476263010/;https://www.linkedin.com/jobs/view/4476263010/;Remote;Inteligência Artificial, Senior, Engenharia Geral;09/10/2026;;;;;Brasil;América do Sul
255;EPAM Systems;Senior Data Software Engineer;Brasil;08/10 16:00;https://www.linkedin.com/jobs/view/4475731578/;https://media.licdn.com/dms/image/v2/D4D0BAQGd7yeYsBtfzw/company-logo_100_100/B4DZuc0QBQH4AQ-/0/1767862501956/epam_systems_logo?e=1793232000&v=beta&t=StJgkMs-vk5E2YxUR5N69RtK2T33iu1j-Ykdv05PB6o;Data & Ai > Data Engineering;https://www.linkedin.com/company/epam-systems/about/;Dados e Analytics;backend OR java OR spring boot OR python OR django OR golang OR php OR laravel OR ruby OR ruby on rails OR c++ OR c# OR rust OR scala OR julia OR elixir OR node.js OR asp.net core;epam systems;1;;https://www.linkedin.com/jobs/view/4475731578/;https://www.linkedin.com/jobs/view/4475731578/;Remote;Senior, TI/Tech, Dados/Analytics, Engenharia Geral;09/10/2026;;;;;Brasil;América do Sul
256;EPAM Systems;Senior Java Developer;Brasil;09/10 00:00;https://www.linkedin.com/jobs/view/4476245701/;https://media.licdn.com/dms/image/v2/D4D0BAQGd7yeYsBtfzw/company-logo_100_100/B4DZuc0QBQH4AQ-/0/1767862501956/epam_systems_logo?e=1793232000&v=beta&t=StJgkMs-vk5E2YxUR5N69RtK2T33iu1j-Ykdv05PB6o;Advanced > Information Technology;https://www.linkedin.com/company/epam-systems/about/;-;backend OR java OR spring boot OR python OR django OR golang OR php OR laravel OR ruby OR ruby on rails OR c++ OR c# OR rust OR scala OR julia OR elixir OR node.js OR asp.net core;epam systems;1;;https://www.linkedin.com/jobs/view/4476245701/;https://www.linkedin.com/jobs/view/4476245701/;Remote;Senior;09/10/2026;;;;;Brasil;América do Sul
257;EPAM Systems;Senior Java Developer;Brasil;09/10 00:00;https://www.linkedin.com/jobs/view/4476244720/;https://media.licdn.com/dms/image/v2/D4D0BAQGd7yeYsBtfzw/company-logo_100_100/B4DZuc0QBQH4AQ-/0/1767862501956/epam_systems_logo?e=1793232000&v=beta&t=StJgkMs-vk5E2YxUR5N69RtK2T33iu1j-Ykdv05PB6o;Advanced > Information Technology;https://www.linkedin.com/company/epam-systems/about/;-;backend OR java OR spring boot OR python OR django OR golang OR php OR laravel OR ruby OR ruby on rails OR c++ OR c# OR rust OR scala OR julia OR elixir OR node.js OR asp.net core;epam systems;1;;https://www.linkedin.com/jobs/view/4476244720/;https://www.linkedin.com/jobs/view/4476244720/;Remote;Senior;09/10/2026;;;;;Brasil;América do Sul
258;EPAM Systems;Senior Python AI Solution Engineer;Brasil;09/10 00:00;https://www.linkedin.com/jobs/view/4476250379/;https://media.licdn.com/dms/image/v2/D4D0BAQGd7yeYsBtfzw/company-logo_100_100/B4DZuc0QBQH4AQ-/0/1767862501956/epam_systems_logo?e=1793232000&v=beta&t=StJgkMs-vk5E2YxUR5N69RtK2T33iu1j-Ykdv05PB6o;Advanced > Information Technology;https://www.linkedin.com/company/epam-systems/about/;Inteligência Artificial;backend OR java OR spring boot OR python OR django OR golang OR php OR laravel OR ruby OR ruby on rails OR c++ OR c# OR rust OR scala OR julia OR elixir OR node.js OR asp.net core;epam systems;1;;https://www.linkedin.com/jobs/view/4476250379/;https://www.linkedin.com/jobs/view/4476250379/;Remote;Inteligência Artificial, Senior, Engenharia Geral;09/10/2026;;;;;Brasil;América do Sul
259;EY;Desenvolvedor (a) Backend Java - Pleno;Belo Horizonte, MG;08/10 22:00;https://www.linkedin.com/jobs/view/4476232516/;https://media.licdn.com/dms/image/v2/C510BAQGpRhkpxp5A9A/company-logo_100_100/company-logo_100_100/0/1630570672166/ernstandyoung_logo?e=1793232000&v=beta&t=6Tvr8-tYM26SrroQcojPXxu3ztebczba02tnnXQQQvU;-;https://www.linkedin.com/company/ey/about/;-;backend OR java OR spring boot OR python OR django OR golang OR php OR laravel OR ruby OR ruby on rails OR c++ OR c# OR rust OR scala OR julia OR elixir OR node.js OR asp.net core;ey;1;;https://www.linkedin.com/jobs/view/4476232516/;https://www.linkedin.com/jobs/view/4476232516/;On-site;Mid, Backend;09/10/2026;;Minas Gerais;MG;Região Sudeste;Brasil;América do Sul
260;EY;Desenvolvedor (a) Backend Java - Pleno;Brasília, DF;08/10 22:00;https://www.linkedin.com/jobs/view/4476228724/;https://media.licdn.com/dms/image/v2/C510BAQGpRhkpxp5A9A/company-logo_100_100/company-logo_100_100/0/1630570672166/ernstandyoung_logo?e=1793232000&v=beta&t=6Tvr8-tYM26SrroQcojPXxu3ztebczba02tnnXQQQvU;-;https://www.linkedin.com/company/ey/about/;-;backend OR java OR spring boot OR python OR django OR golang OR php OR laravel OR ruby OR ruby on rails OR c++ OR c# OR rust OR scala OR julia OR elixir OR node.js OR asp.net core;ey;1;;https://www.linkedin.com/jobs/view/4476228724/;https://www.linkedin.com/jobs/view/4476228724/;On-site;Mid, Backend;09/10/2026;;Distrito Federal;DF;Região Centro-Oeste;Brasil;América do Sul
261;EY;Desenvolvedor (a) Backend Java - Pleno;Campinas, SP;08/10 22:00;https://www.linkedin.com/jobs/view/4476229700/;https://media.licdn.com/dms/image/v2/C510BAQGpRhkpxp5A9A/company-logo_100_100/company-logo_100_100/0/1630570672166/ernstandyoung_logo?e=1793232000&v=beta&t=6Tvr8-tYM26SrroQcojPXxu3ztebczba02tnnXQQQvU;-;https://www.linkedin.com/company/ey/about/;-;backend OR java OR spring boot OR python OR django OR golang OR php OR laravel OR ruby OR ruby on rails OR c++ OR c# OR rust OR scala OR julia OR elixir OR node.js OR asp.net core;ey;1;;https://www.linkedin.com/jobs/view/4476229700/;https://www.linkedin.com/jobs/view/4476229700/;On-site;Mid, Backend;09/10/2026;;São Paulo;SP;Região Sudeste;Brasil;América do Sul
262;EY;Banco de Talentos - Desenvolvedor (a)  Backend Java - Pleno;Recife, PE;08/10 16:00;https://www.linkedin.com/jobs/view/4412151430/;https://media.licdn.com/dms/image/v2/C510BAQGpRhkpxp5A9A/company-logo_100_100/company-logo_100_100/0/1630570672166/ernstandyoung_logo?e=1793232000&v=beta&t=6Tvr8-tYM26SrroQcojPXxu3ztebczba02tnnXQQQvU;People;https://www.linkedin.com/company/ey/about/;Serviços Financeiros;backend OR java OR spring boot OR python OR django OR golang OR php OR laravel OR ruby OR ruby on rails OR c++ OR c# OR rust OR scala OR julia OR elixir OR node.js OR asp.net core;ey;1;;https://www.linkedin.com/jobs/view/4412151430/;https://www.linkedin.com/jobs/view/4412151430/;On-site;Banco de Talentos, Mid, Backend;09/10/2026;;Pernambuco;PE;Região Nordeste;Brasil;América do Sul
263;EY;Desenvolvedor (a) Backend Java - Pleno;Recife, PE;08/10 22:00;https://www.linkedin.com/jobs/view/4476243149/;https://media.licdn.com/dms/image/v2/C510BAQGpRhkpxp5A9A/company-logo_100_100/company-logo_100_100/0/1630570672166/ernstandyoung_logo?e=1793232000&v=beta&t=6Tvr8-tYM26SrroQcojPXxu3ztebczba02tnnXQQQvU;-;https://www.linkedin.com/company/ey/about/;-;backend OR java OR spring boot OR python OR django OR golang OR php OR laravel OR ruby OR ruby on rails OR c++ OR c# OR rust OR scala OR julia OR elixir OR node.js OR asp.net core;ey;1;;https://www.linkedin.com/jobs/view/4476243149/;https://www.linkedin.com/jobs/view/4476243149/;On-site;Mid, Backend;09/10/2026;;Pernambuco;PE;Região Nordeste;Brasil;América do Sul
264;EY;Desenvolvedor (a) Backend Java - Pleno;Rio de Janeiro, RJ;08/10 22:00;https://www.linkedin.com/jobs/view/4476228725/;https://media.licdn.com/dms/image/v2/C510BAQGpRhkpxp5A9A/company-logo_100_100/company-logo_100_100/0/1630570672166/ernstandyoung_logo?e=1793232000&v=beta&t=6Tvr8-tYM26SrroQcojPXxu3ztebczba02tnnXQQQvU;-;https://www.linkedin.com/company/ey/about/;-;backend OR java OR spring boot OR python OR django OR golang OR php OR laravel OR ruby OR ruby on rails OR c++ OR c# OR rust OR scala OR julia OR elixir OR node.js OR asp.net core;ey;1;;https://www.linkedin.com/jobs/view/4476228725/;https://www.linkedin.com/jobs/view/4476228725/;On-site;Mid, Backend;09/10/2026;;Rio de Janeiro;RJ;Região Sudeste;Brasil;América do Sul
265;EY;Desenvolvedor (a) Backend Java - Pleno;São Paulo, SP;08/10 22:00;https://www.linkedin.com/jobs/view/4476228726/;https://media.licdn.com/dms/image/v2/C510BAQGpRhkpxp5A9A/company-logo_100_100/company-logo_100_100/0/1630570672166/ernstandyoung_logo?e=1793232000&v=beta&t=6Tvr8-tYM26SrroQcojPXxu3ztebczba02tnnXQQQvU;-;https://www.linkedin.com/company/ey/about/;-;backend OR java OR spring boot OR python OR django OR golang OR php OR laravel OR ruby OR ruby on rails OR c++ OR c# OR rust OR scala OR julia OR elixir OR node.js OR asp.net core;ey;1;;https://www.linkedin.com/jobs/view/4476228726/;https://www.linkedin.com/jobs/view/4476228726/;On-site;Mid, Backend;09/10/2026;;São Paulo;SP;Região Sudeste;Brasil;América do Sul
266;Elo;Banco de Talentos | Engineer Manager - Liderança Feminina em Tech;São Paulo, SP;09/10 08:00;https://www.linkedin.com/jobs/view/4475216555/;https://media.licdn.com/dms/image/v2/D4D0BAQHgpdHmSMtDZA/company-logo_100_100/company-logo_100_100/0/1716382942425/carto_elo_logo?e=1793232000&v=beta&t=U7xHg5eVT5FHwiuHtmq6cBg_BApDmE6Rfza_HNMHY_w;People;https://www.linkedin.com/company/elo/about/;Serviços Financeiros;backend OR java OR spring boot OR python OR django OR golang OR php OR laravel OR ruby OR ruby on rails OR c++ OR c# OR rust OR scala OR julia OR elixir OR node.js OR asp.net core;elo;1;;https://www.linkedin.com/jobs/view/4475216555/;https://www.linkedin.com/jobs/view/4475216555/;Hybrid;Banco de Talentos, Liderança/Gerência, TI/Tech, Engenharia Geral;09/10/2026;;São Paulo;SP;Região Sudeste;Brasil;América do Sul
267;Equifax;Tech Lead Analytics Platform;Barueri, SP;09/10 15:00;https://www.linkedin.com/jobs/view/4431280734/;https://media.licdn.com/dms/image/v2/D4E0BAQEnTJSK5x_v8Q/company-logo_100_100/company-logo_100_100/0/1719837460563/equifax_logo?e=1793232000&v=beta&t=ksFdLqXhnKlZnBRcVNl5jH8P0FfJkr4UHTFfGEMInmg;Data & Ai > BI Analytics And Big Data;https://www.linkedin.com/company/equifax/about/;Dados e Analytics;backend OR java OR spring boot OR python OR django OR golang OR php OR laravel OR ruby OR ruby on rails OR c++ OR c# OR rust OR scala OR julia OR elixir OR node.js OR asp.net core;equifax;1;;https://www.linkedin.com/jobs/view/4431280734/;https://www.linkedin.com/jobs/view/4431280734/;Not informed;Mid, Liderança/Gerência, TI/Tech, Dados/Analytics;09/10/2026;;São Paulo;SP;Região Sudeste;Brasil;América do Sul
268;Essentia Group - Enhanced Company;Desenvolvedor(a) Full Stack SR - Presencial;Palhoça, SC;08/10 16:00;https://www.linkedin.com/jobs/view/4474482788/;https://media.licdn.com/dms/image/v2/D4D0BAQGW21sIJa82eQ/company-logo_100_100/B4DZoRMITtGkAU-/0/1761224984488/grupoessentia_logo?e=1793232000&v=beta&t=L9MF-lRCaUWW42UeFTUSMlOduje0G9RlKX-dY_XI1fs;-;https://www.linkedin.com/company/essentia-group-enhanced-company/about/;Software e Serviços de TI;backend OR java OR spring boot OR python OR django OR golang OR php OR laravel OR ruby OR ruby on rails OR c++ OR c# OR rust OR scala OR julia OR elixir OR node.js OR asp.net core;essentia group - enhanced company;1;;https://www.linkedin.com/jobs/view/4474482788/;https://www.linkedin.com/jobs/view/4474482788/;On-site;Senior, Full Stack;09/10/2026;;Santa Catarina;SC;Região Sul;Brasil;América do Sul
269;Estapar;Desenvolvedor Back-end Java Jr - Seguros;Brasil;08/10 16:00;https://www.linkedin.com/jobs/view/4476233474/;https://media.licdn.com/dms/image/v2/D4D0BAQE7PJUWRtxbyw/company-logo_100_100/B4DZ.6B52IKkAI-/0/1785532489364/estapar_logo?e=1793232000&v=beta&t=__rTeOdFASbC9nh0bH-CxcAfS-_FX1AZI7O46RAQPYM;-;https://www.linkedin.com/company/estapar/about/;Seguros e Previdência;backend OR java OR spring boot OR python OR django OR golang OR php OR laravel OR ruby OR ruby on rails OR c++ OR c# OR rust OR scala OR julia OR elixir OR node.js OR asp.net core;estapar;1;;https://www.linkedin.com/jobs/view/4476233474/;https://www.linkedin.com/jobs/view/4476233474/;Remote;Junior, Backend;09/10/2026;;;;;Brasil;América do Sul
270;Estapar;Desenvolvedor Back-end Java Jr - TAG;Brasil;08/10 16:00;https://www.linkedin.com/jobs/view/4475988451/;https://media.licdn.com/dms/image/v2/D4D0BAQE7PJUWRtxbyw/company-logo_100_100/B4DZ.6B52IKkAI-/0/1785532489364/estapar_logo?e=1793232000&v=beta&t=__rTeOdFASbC9nh0bH-CxcAfS-_FX1AZI7O46RAQPYM;-;https://www.linkedin.com/company/estapar/about/;-;backend OR java OR spring boot OR python OR django OR golang OR php OR laravel OR ruby OR ruby on rails OR c++ OR c# OR rust OR scala OR julia OR elixir OR node.js OR asp.net core;estapar;1;;https://www.linkedin.com/jobs/view/4475988451/;https://www.linkedin.com/jobs/view/4475988451/;Remote;Junior, Backend;09/10/2026;;;;;Brasil;América do Sul
271;Estapar;Desenvolvedor Back-end Java Sr - Débitos Veiculares;Brasil;08/10 16:00;https://www.linkedin.com/jobs/view/4475992375/;https://media.licdn.com/dms/image/v2/D4D0BAQE7PJUWRtxbyw/company-logo_100_100/B4DZ.6B52IKkAI-/0/1785532489364/estapar_logo?e=1793232000&v=beta&t=__rTeOdFASbC9nh0bH-CxcAfS-_FX1AZI7O46RAQPYM;-;https://www.linkedin.com/company/estapar/about/;Software e Serviços de TI;backend OR java OR spring boot OR python OR django OR golang OR php OR laravel OR ruby OR ruby on rails OR c++ OR c# OR rust OR scala OR julia OR elixir OR node.js OR asp.net core;estapar;1;;https://www.linkedin.com/jobs/view/4475992375/;https://www.linkedin.com/jobs/view/4475992375/;Remote;Senior, Backend;09/10/2026;;;;;Brasil;América do Sul
272;Exadel;Middle/Senior Forward Deployed Engineer (Python, AI);Brasil;08/10 16:00;https://www.linkedin.com/jobs/view/4457154596/;https://media.licdn.com/dms/image/v2/D4D0BAQFyYBZhERAHMw/company-logo_100_100/B4DZpI3bI.JUAQ-/0/1762159080456/exadel_logo?e=1793232000&v=beta&t=6ont0JJuQcdDam9Z66zbdABadCp-VfmVuuOjgaDK8XI;Advanced > Information Technology;https://www.linkedin.com/company/exadel/about/;Inteligência Artificial;backend OR java OR spring boot OR python OR django OR golang OR php OR laravel OR ruby OR ruby on rails OR c++ OR c# OR rust OR scala OR julia OR elixir OR node.js OR asp.net core;exadel;1;;https://www.linkedin.com/jobs/view/4457154596/;https://www.linkedin.com/jobs/view/4457154596/;Remote;Inteligência Artificial, Senior, Mid, Engenharia Geral;09/10/2026;;;;;Brasil;América do Sul
273;Exadel;Middle/Senior Software Engineer (Java);Brasil;09/10 14:00;https://www.linkedin.com/jobs/view/4458927925/;https://media.licdn.com/dms/image/v2/D4D0BAQFyYBZhERAHMw/company-logo_100_100/B4DZpI3bI.JUAQ-/0/1762159080456/exadel_logo?e=1793232000&v=beta&t=6ont0JJuQcdDam9Z66zbdABadCp-VfmVuuOjgaDK8XI;Advanced > Information Technology;https://www.linkedin.com/company/exadel/about/;Software e Serviços de TI;backend OR java OR spring boot OR python OR django OR golang OR php OR laravel OR ruby OR ruby on rails OR c++ OR c# OR rust OR scala OR julia OR elixir OR node.js OR asp.net core;exadel;1;;https://www.linkedin.com/jobs/view/4458927925/;https://www.linkedin.com/jobs/view/4458927925/;Remote;Senior, Mid, TI/Tech, Engenharia Geral;09/10/2026;;;;;Brasil;América do Sul
274;Exadel;Middle/Senior Software Engineer (Java);São Paulo, SP;09/10 14:00;https://www.linkedin.com/jobs/view/4458923943/;https://media.licdn.com/dms/image/v2/D4D0BAQFyYBZhERAHMw/company-logo_100_100/B4DZpI3bI.JUAQ-/0/1762159080456/exadel_logo?e=1793232000&v=beta&t=6ont0JJuQcdDam9Z66zbdABadCp-VfmVuuOjgaDK8XI;Advanced > Information Technology;https://www.linkedin.com/company/exadel/about/;Software e Serviços de TI;backend OR java OR spring boot OR python OR django OR golang OR php OR laravel OR ruby OR ruby on rails OR c++ OR c# OR rust OR scala OR julia OR elixir OR node.js OR asp.net core;exadel;1;;https://www.linkedin.com/jobs/view/4458923943/;https://www.linkedin.com/jobs/view/4458923943/;Not informed;Senior, Mid, TI/Tech, Engenharia Geral;09/10/2026;;São Paulo;SP;Região Sudeste;Brasil;América do Sul
275;Extreme Digital Solutions - EDS;27e5 DESENVOLVEDOR II;Brasil;08/10 16:00;https://www.linkedin.com/jobs/view/4468301398/;https://media.licdn.com/dms/image/v2/D4D0BAQGlkyJOKvz6WQ/company-logo_100_100/company-logo_100_100/0/1718300941618/extremedigitalsolutions_logo?e=1793232000&v=beta&t=CHToyhL8jNSonaOL0EKjNpZict-z5ofxSFdSq0VjViY;-;https://www.linkedin.com/company/extreme-digital-solutions-eds/about/;Software e Serviços de TI;backend OR java OR spring boot OR python OR django OR golang OR php OR laravel OR ruby OR ruby on rails OR c++ OR c# OR rust OR scala OR julia OR elixir OR node.js OR asp.net core;extreme digital solutions - eds;1;;https://www.linkedin.com/jobs/view/4468301398/;https://www.linkedin.com/jobs/view/4468301398/;Remote;-;09/10/2026;;;;;Brasil;América do Sul
276;Extreme Digital Solutions - EDS;Desenvolvedor Fullstack III - Vaga afirmativa para pessoa com deficiência;Grande Rio de Janeiro (RJ);09/10 11:00;https://www.linkedin.com/jobs/view/4440902173/;https://media.licdn.com/dms/image/v2/D4D0BAQGlkyJOKvz6WQ/company-logo_100_100/company-logo_100_100/0/1718300941618/extremedigitalsolutions_logo?e=1793232000&v=beta&t=CHToyhL8jNSonaOL0EKjNpZict-z5ofxSFdSq0VjViY;-;https://www.linkedin.com/company/extreme-digital-solutions-eds/about/;Software e Serviços de TI;backend OR java OR spring boot OR python OR django OR golang OR php OR laravel OR ruby OR ruby on rails OR c++ OR c# OR rust OR scala OR julia OR elixir OR node.js OR asp.net core;extreme digital solutions - eds;1;;https://www.linkedin.com/jobs/view/4440902173/;https://www.linkedin.com/jobs/view/4440902173/;Hybrid;PCD / Afirmativa, Full Stack;09/10/2026;;Rio de Janeiro;RJ;Região Sudeste;Brasil;América do Sul
277;ExxonMobil;Full Stack Developer;Curitiba, PR;08/10 16:00;https://www.linkedin.com/jobs/view/4476944476/;https://media.licdn.com/dms/image/v2/C4D0BAQE_IRWZ2qVHpw/company-logo_100_100/company-logo_100_100/0/1631303598129?e=1793232000&v=beta&t=X3LHVt2fnNCm4ULJ9sulYxwo19TXzQlomDFXCRucBK4;Advanced > Information Technology;https://www.linkedin.com/company/exxonmobil/about/;-;backend OR java OR spring boot OR python OR django OR golang OR php OR laravel OR ruby OR ruby on rails OR c++ OR c# OR rust OR scala OR julia OR elixir OR node.js OR asp.net core;exxonmobil;1;;https://www.linkedin.com/jobs/view/4476944476/;https://www.linkedin.com/jobs/view/4476944476/;Not informed;Full Stack;09/10/2026;;Paraná;PR;Região Sul;Brasil;América do Sul
278;FCamara;Arquiteto de soluções;Belo Horizonte, MG;08/10 16:00;https://www.linkedin.com/jobs/view/4476939217/;https://media.licdn.com/dms/image/v2/C4D0BAQEzMzmY-T_F1g/company-logo_100_100/company-logo_100_100/0/1670441718552/grupofcamara_logo?e=1793232000&v=beta&t=zhMZWjLgcxTakyw5IsbyykZp16v4CeewY3AJJfN1YP4;Architecture;https://www.linkedin.com/company/fcamara/about/;Software e Serviços de TI;backend OR java OR spring boot OR python OR django OR golang OR php OR laravel OR ruby OR ruby on rails OR c++ OR c# OR rust OR scala OR julia OR elixir OR node.js OR asp.net core;fcamara;1;;https://www.linkedin.com/jobs/view/4476939217/;https://www.linkedin.com/jobs/view/4476939217/;On-site;-;09/10/2026;;Minas Gerais;MG;Região Sudeste;Brasil;América do Sul
279;FCamara;Desenvolvedor Python, Automação e Agentes de IA;Belo Horizonte, MG;09/10 14:00;https://www.linkedin.com/jobs/view/4475249214/;https://media.licdn.com/dms/image/v2/C4D0BAQEzMzmY-T_F1g/company-logo_100_100/company-logo_100_100/0/1670441718552/grupofcamara_logo?e=1793232000&v=beta&t=zhMZWjLgcxTakyw5IsbyykZp16v4CeewY3AJJfN1YP4;Advanced > Process & Automation;https://www.linkedin.com/company/fcamara/about/;Inteligência Artificial;backend OR java OR spring boot OR python OR django OR golang OR php OR laravel OR ruby OR ruby on rails OR c++ OR c# OR rust OR scala OR julia OR elixir OR node.js OR asp.net core;fcamara;1;;https://www.linkedin.com/jobs/view/4475249214/;https://www.linkedin.com/jobs/view/4475249214/;Hybrid;Inteligência Artificial;09/10/2026;;Minas Gerais;MG;Região Sudeste;Brasil;América do Sul
280;FCamara;Arquiteto de Soluções - Sênior;Brasil;08/10 16:00;https://www.linkedin.com/jobs/view/4476942018/;https://media.licdn.com/dms/image/v2/C4D0BAQEzMzmY-T_F1g/company-logo_100_100/company-logo_100_100/0/1670441718552/grupofcamara_logo?e=1793232000&v=beta&t=zhMZWjLgcxTakyw5IsbyykZp16v4CeewY3AJJfN1YP4;Architecture;https://www.linkedin.com/company/fcamara/about/;Software e Serviços de TI;backend OR java OR spring boot OR python OR django OR golang OR php OR laravel OR ruby OR ruby on rails OR c++ OR c# OR rust OR scala OR julia OR elixir OR node.js OR asp.net core;fcamara;1;;https://www.linkedin.com/jobs/view/4476942018/;https://www.linkedin.com/jobs/view/4476942018/;Remote;Senior;09/10/2026;;;;;Brasil;América do Sul
281;FCamara;Desenvolvedor Backend;Brasil;08/10 16:00;https://www.linkedin.com/jobs/view/4476939218/;https://media.licdn.com/dms/image/v2/C4D0BAQEzMzmY-T_F1g/company-logo_100_100/company-logo_100_100/0/1670441718552/grupofcamara_logo?e=1793232000&v=beta&t=zhMZWjLgcxTakyw5IsbyykZp16v4CeewY3AJJfN1YP4;-;https://www.linkedin.com/company/fcamara/about/;-;backend OR java OR spring boot OR python OR django OR golang OR php OR laravel OR ruby OR ruby on rails OR c++ OR c# OR rust OR scala OR julia OR elixir OR node.js OR asp.net core;fcamara;1;;https://www.linkedin.com/jobs/view/4476939218/;https://www.linkedin.com/jobs/view/4476939218/;Remote;Backend;09/10/2026;;;;;Brasil;América do Sul
282;FCamara;Desenvolvedor Backend;Brasil;08/10 16:00;https://www.linkedin.com/jobs/view/4476924889/;https://media.licdn.com/dms/image/v2/C4D0BAQEzMzmY-T_F1g/company-logo_100_100/company-logo_100_100/0/1670441718552/grupofcamara_logo?e=1793232000&v=beta&t=zhMZWjLgcxTakyw5IsbyykZp16v4CeewY3AJJfN1YP4;-;https://www.linkedin.com/company/fcamara/about/;-;backend OR java OR spring boot OR python OR django OR golang OR php OR laravel OR ruby OR ruby on rails OR c++ OR c# OR rust OR scala OR julia OR elixir OR node.js OR asp.net core;fcamara;1;;https://www.linkedin.com/jobs/view/4476924889/;https://www.linkedin.com/jobs/view/4476924889/;Remote;Backend;09/10/2026;;;;;Brasil;América do Sul
283;FCamara;Desenvolvedor Backend Kotlin - Sênior;Brasil;09/10 13:00;https://www.linkedin.com/jobs/view/4477816553/;https://media.licdn.com/dms/image/v2/C4D0BAQEzMzmY-T_F1g/company-logo_100_100/company-logo_100_100/0/1670441718552/grupofcamara_logo?e=1793232000&v=beta&t=zhMZWjLgcxTakyw5IsbyykZp16v4CeewY3AJJfN1YP4;-;https://www.linkedin.com/company/fcamara/about/;-;backend OR java OR spring boot OR python OR django OR golang OR php OR laravel OR ruby OR ruby on rails OR c++ OR c# OR rust OR scala OR julia OR elixir OR node.js OR asp.net core;fcamara;1;;https://www.linkedin.com/jobs/view/4477816553/;https://www.linkedin.com/jobs/view/4477816553/;Remote;Senior, Backend;09/10/2026;;;;;Brasil;América do Sul
284;FCamara;Desenvolvedor Full Stack java - Junior;Brasil;08/10 16:00;https://www.linkedin.com/jobs/view/4476931524/;https://media.licdn.com/dms/image/v2/C4D0BAQEzMzmY-T_F1g/company-logo_100_100/company-logo_100_100/0/1670441718552/grupofcamara_logo?e=1793232000&v=beta&t=zhMZWjLgcxTakyw5IsbyykZp16v4CeewY3AJJfN1YP4;-;https://www.linkedin.com/company/fcamara/about/;-;backend OR java OR spring boot OR python OR django OR golang OR php OR laravel OR ruby OR ruby on rails OR c++ OR c# OR rust OR scala OR julia OR elixir OR node.js OR asp.net core;fcamara;1;;https://www.linkedin.com/jobs/view/4476931524/;https://www.linkedin.com/jobs/view/4476931524/;Remote;Junior, Full Stack;09/10/2026;;;;;Brasil;América do Sul
285;FCamara;Desenvolvedor Full Stack java - Sênior;Brasil;08/10 16:00;https://www.linkedin.com/jobs/view/4476920966/;https://media.licdn.com/dms/image/v2/C4D0BAQEzMzmY-T_F1g/company-logo_100_100/company-logo_100_100/0/1670441718552/grupofcamara_logo?e=1793232000&v=beta&t=zhMZWjLgcxTakyw5IsbyykZp16v4CeewY3AJJfN1YP4;-;https://www.linkedin.com/company/fcamara/about/;-;backend OR java OR spring boot OR python OR django OR golang OR php OR laravel OR ruby OR ruby on rails OR c++ OR c# OR rust OR scala OR julia OR elixir OR node.js OR asp.net core;fcamara;1;;https://www.linkedin.com/jobs/view/4476920966/;https://www.linkedin.com/jobs/view/4476920966/;Remote;Senior, Full Stack;09/10/2026;;;;;Brasil;América do Sul
286;FCamara;Desenvolvedor Full Stack java - Sênior;Brasil;08/10 16:00;https://www.linkedin.com/jobs/view/4476933480/;https://media.licdn.com/dms/image/v2/C4D0BAQEzMzmY-T_F1g/company-logo_100_100/company-logo_100_100/0/1670441718552/grupofcamara_logo?e=1793232000&v=beta&t=zhMZWjLgcxTakyw5IsbyykZp16v4CeewY3AJJfN1YP4;-;https://www.linkedin.com/company/fcamara/about/;-;backend OR java OR spring boot OR python OR django OR golang OR php OR laravel OR ruby OR ruby on rails OR c++ OR c# OR rust OR scala OR julia OR elixir OR node.js OR asp.net core;fcamara;1;;https://www.linkedin.com/jobs/view/4476933480/;https://www.linkedin.com/jobs/view/4476933480/;Remote;Senior, Full Stack;09/10/2026;;;;;Brasil;América do Sul
287;FCamara;Pessoa Desenvolvedor (a) Back end Java Sênior;Brasil;09/10 13:00;https://www.linkedin.com/jobs/view/4477818291/;https://media.licdn.com/dms/image/v2/C4D0BAQEzMzmY-T_F1g/company-logo_100_100/company-logo_100_100/0/1670441718552/grupofcamara_logo?e=1793232000&v=beta&t=zhMZWjLgcxTakyw5IsbyykZp16v4CeewY3AJJfN1YP4;-;https://www.linkedin.com/company/fcamara/about/;-;backend OR java OR spring boot OR python OR django OR golang OR php OR laravel OR ruby OR ruby on rails OR c++ OR c# OR rust OR scala OR julia OR elixir OR node.js OR asp.net core;fcamara;1;;https://www.linkedin.com/jobs/view/4477818291/;https://www.linkedin.com/jobs/view/4477818291/;Remote;PCD / Afirmativa, Senior, Backend;09/10/2026;;;;;Brasil;América do Sul
288;FCamara;Desenvolvedor Fullstack - Pleno;Rio de Janeiro, RJ;09/10 08:00;https://www.linkedin.com/jobs/view/4459838655/;https://media.licdn.com/dms/image/v2/C4D0BAQEzMzmY-T_F1g/company-logo_100_100/company-logo_100_100/0/1670441718552/grupofcamara_logo?e=1793232000&v=beta&t=zhMZWjLgcxTakyw5IsbyykZp16v4CeewY3AJJfN1YP4;-;https://www.linkedin.com/company/fcamara/about/;-;backend OR java OR spring boot OR python OR django OR golang OR php OR laravel OR ruby OR ruby on rails OR c++ OR c# OR rust OR scala OR julia OR elixir OR node.js OR asp.net core;fcamara;1;;https://www.linkedin.com/jobs/view/4459838655/;https://www.linkedin.com/jobs/view/4459838655/;Hybrid;Mid, Full Stack;09/10/2026;;Rio de Janeiro;RJ;Região Sudeste;Brasil;América do Sul
289;FCamara;AI Engineer - Sênior;São Paulo, SP;09/10 13:00;https://www.linkedin.com/jobs/view/4477802994/;https://media.licdn.com/dms/image/v2/C4D0BAQEzMzmY-T_F1g/company-logo_100_100/company-logo_100_100/0/1670441718552/grupofcamara_logo?e=1793232000&v=beta&t=zhMZWjLgcxTakyw5IsbyykZp16v4CeewY3AJJfN1YP4;Advanced > Information Technology;https://www.linkedin.com/company/fcamara/about/;-;backend OR java OR spring boot OR python OR django OR golang OR php OR laravel OR ruby OR ruby on rails OR c++ OR c# OR rust OR scala OR julia OR elixir OR node.js OR asp.net core;fcamara;1;;https://www.linkedin.com/jobs/view/4477802994/;https://www.linkedin.com/jobs/view/4477802994/;Hybrid;Inteligência Artificial, Senior, Engenharia Geral;09/10/2026;;São Paulo;SP;Região Sudeste;Brasil;América do Sul
290;FOURSYS;Analista Desenvolvedor Full Stack Sr. (Java | Cloud | Angular) - HÍBRIDO;Barueri, SP;09/10 09:00;https://www.linkedin.com/jobs/view/4477684191/;https://media.licdn.com/dms/image/v2/D4D0BAQF6qlnhGHoVZw/company-logo_100_100/B4DZmb3QnoGsAQ-/0/1759256578947/foursys_logo?e=1793232000&v=beta&t=bWUb5R1oNVj2dMTBWpJkTpSrw258M-lFXhAobVMqkDQ;Specific > Cloud;https://www.linkedin.com/company/foursys/about/;-;backend OR java OR spring boot OR python OR django OR golang OR php OR laravel OR ruby OR ruby on rails OR c++ OR c# OR rust OR scala OR julia OR elixir OR node.js OR asp.net core;foursys;1;;https://www.linkedin.com/jobs/view/4477684191/;https://www.linkedin.com/jobs/view/4477684191/;Hybrid;Senior, Associate, Full Stack;09/10/2026;;São Paulo;SP;Região Sudeste;Brasil;América do Sul
291;FOURSYS;Desenvolvedor FullStack Java | Angular;Barueri, SP;09/10 15:00;https://www.linkedin.com/jobs/view/4477150930/;https://media.licdn.com/dms/image/v2/D4D0BAQF6qlnhGHoVZw/company-logo_100_100/B4DZmb3QnoGsAQ-/0/1759256578947/foursys_logo?e=1793232000&v=beta&t=bWUb5R1oNVj2dMTBWpJkTpSrw258M-lFXhAobVMqkDQ;-;https://www.linkedin.com/company/foursys/about/;-;backend OR java OR spring boot OR python OR django OR golang OR php OR laravel OR ruby OR ruby on rails OR c++ OR c# OR rust OR scala OR julia OR elixir OR node.js OR asp.net core;foursys;1;;https://www.linkedin.com/jobs/view/4477150930/;https://www.linkedin.com/jobs/view/4477150930/;Hybrid;Full Stack;09/10/2026;;São Paulo;SP;Região Sudeste;Brasil;América do Sul
292;FOURSYS;Desenvolvedor de .NET sênior;Grande São Paulo (SP) ;09/10 11:00;https://www.linkedin.com/jobs/view/4476758767/;https://media.licdn.com/dms/image/v2/D4D0BAQF6qlnhGHoVZw/company-logo_100_100/B4DZmb3QnoGsAQ-/0/1759256578947/foursys_logo?e=1793232000&v=beta&t=bWUb5R1oNVj2dMTBWpJkTpSrw258M-lFXhAobVMqkDQ;-;https://www.linkedin.com/company/foursys/about/;-;backend OR java OR spring boot OR python OR django OR golang OR php OR laravel OR ruby OR ruby on rails OR c++ OR c# OR rust OR scala OR julia OR elixir OR node.js OR asp.net core;foursys;1;;https://www.linkedin.com/jobs/view/4476758767/;https://www.linkedin.com/jobs/view/4476758767/;On-site;Senior;09/10/2026;;São Paulo;SP;Região Sudeste;Brasil;América do Sul
293;FOURSYS;Desenvolvedor(a) Java (AWS + IA);Grande São Paulo (SP) ;08/10 16:00;https://www.linkedin.com/jobs/view/4476918762/;https://media.licdn.com/dms/image/v2/D4D0BAQF6qlnhGHoVZw/company-logo_100_100/B4DZmb3QnoGsAQ-/0/1759256578947/foursys_logo?e=1793232000&v=beta&t=bWUb5R1oNVj2dMTBWpJkTpSrw258M-lFXhAobVMqkDQ;-;https://www.linkedin.com/company/foursys/about/;Inteligência Artificial;backend OR java OR spring boot OR python OR django OR golang OR php OR laravel OR ruby OR ruby on rails OR c++ OR c# OR rust OR scala OR julia OR elixir OR node.js OR asp.net core;foursys;1;;https://www.linkedin.com/jobs/view/4476918762/;https://www.linkedin.com/jobs/view/4476918762/;Hybrid;Inteligência Artificial, Cloud (AWS/GCP/Azure);09/10/2026;;São Paulo;SP;Região Sudeste;Brasil;América do Sul
294;First Help Financial;Senior Software Engineer (Java/Python) - São Paulo (Contract);Grande São Paulo (SP) ;08/10 16:00;https://www.linkedin.com/jobs/view/4474494398/;https://media.licdn.com/dms/image/v2/C4E0BAQHY_KNphXAb_g/company-logo_100_100/company-logo_100_100/0/1630579709453/first_help_financial_llc__logo?e=1793232000&v=beta&t=yNW55fMoSEpEnd5pCgEyuLfg5BIa8X_6of51wqpCuNQ;Advanced > Information Technology;https://www.linkedin.com/company/first-help-financial/about/;Software e Serviços de TI;backend OR java OR spring boot OR python OR django OR golang OR php OR laravel OR ruby OR ruby on rails OR c++ OR c# OR rust OR scala OR julia OR elixir OR node.js OR asp.net core;first help financial;1;;https://www.linkedin.com/jobs/view/4474494398/;https://www.linkedin.com/jobs/view/4474494398/;Hybrid;Freelance/PJ, Senior, TI/Tech, Engenharia Geral;09/10/2026;;São Paulo;SP;Região Sudeste;Brasil;América do Sul
295;First Help Financial;Software Engineer (Java/Python) - São Paulo (Contract);São Paulo, SP;08/10 16:00;https://www.linkedin.com/jobs/view/4476962348/;https://media.licdn.com/dms/image/v2/C4E0BAQHY_KNphXAb_g/company-logo_100_100/company-logo_100_100/0/1630579709453/first_help_financial_llc__logo?e=1793232000&v=beta&t=yNW55fMoSEpEnd5pCgEyuLfg5BIa8X_6of51wqpCuNQ;Advanced > Information Technology;https://www.linkedin.com/company/first-help-financial/about/;Software e Serviços de TI;backend OR java OR spring boot OR python OR django OR golang OR php OR laravel OR ruby OR ruby on rails OR c++ OR c# OR rust OR scala OR julia OR elixir OR node.js OR asp.net core;first help financial;1;;https://www.linkedin.com/jobs/view/4476962348/;https://www.linkedin.com/jobs/view/4476962348/;Hybrid;Freelance/PJ, TI/Tech, Engenharia Geral;09/10/2026;;São Paulo;SP;Região Sudeste;Brasil;América do Sul
296;Fiserv;Sr Application Support;São Paulo, SP;09/10 06:00;https://www.linkedin.com/jobs/view/4476267930/;https://media.licdn.com/dms/image/v2/D4E0BAQFY7GLD59Mrkg/company-logo_100_100/company-logo_100_100/0/1727453796678/fiserv_logo?e=1793232000&v=beta&t=FVQ3q55KZ05x6gV37n0FDZTjElRZaPw79Wf4tJ-i_Ds;Leadership > Middle Management > Leader > Application Support;https://www.linkedin.com/company/fiserv/about/;Software e Serviços de TI;backend OR java OR spring boot OR python OR django OR golang OR php OR laravel OR ruby OR ruby on rails OR c++ OR c# OR rust OR scala OR julia OR elixir OR node.js OR asp.net core;fiserv;1;;https://www.linkedin.com/jobs/view/4476267930/;https://www.linkedin.com/jobs/view/4476267930/;Not informed;Senior;09/10/2026;;São Paulo;SP;Região Sudeste;Brasil;América do Sul
297;FullStack;Data Engineer (Python + AWS + DBT) - Remote - Latin America;Belo Horizonte, MG;09/10 10:00;https://www.linkedin.com/jobs/view/4459393721/;https://media.licdn.com/dms/image/v2/D4E0BAQFl6I0phUCDQg/company-logo_100_100/B4EZo1FC7hIIAQ-/0/1761827107300/fullstack_labs_logo?e=1793232000&v=beta&t=prRzbPtncfq0wKEGPplVkKgdjArpNxm180-9MhJovcY;Data & Ai > Data Engineering;https://www.linkedin.com/company/fullstack/about/;Dados e Analytics;backend OR java OR spring boot OR python OR django OR golang OR php OR laravel OR ruby OR ruby on rails OR c++ OR c# OR rust OR scala OR julia OR elixir OR node.js OR asp.net core;fullstack;1;;https://www.linkedin.com/jobs/view/4459393721/;https://www.linkedin.com/jobs/view/4459393721/;Remote;Cloud (AWS/GCP/Azure), Dados/Analytics, Engenharia Geral;09/10/2026;;Minas Gerais;MG;Região Sudeste;Brasil;América do Sul
298;FullStack;DevOps Engineer (AWS) - Remote - Latin America;Belo Horizonte, MG;08/10 16:00;https://www.linkedin.com/jobs/view/4468302961/;https://media.licdn.com/dms/image/v2/D4E0BAQFl6I0phUCDQg/company-logo_100_100/B4EZo1FC7hIIAQ-/0/1761827107300/fullstack_labs_logo?e=1793232000&v=beta&t=prRzbPtncfq0wKEGPplVkKgdjArpNxm180-9MhJovcY;Advanced > Information Technology;https://www.linkedin.com/company/fullstack/about/;Software e Serviços de TI;backend OR java OR spring boot OR python OR django OR golang OR php OR laravel OR ruby OR ruby on rails OR c++ OR c# OR rust OR scala OR julia OR elixir OR node.js OR asp.net core;fullstack;1;;https://www.linkedin.com/jobs/view/4468302961/;https://www.linkedin.com/jobs/view/4468302961/;Remote;Cloud (AWS/GCP/Azure), DevOps, Engenharia Geral;09/10/2026;;Minas Gerais;MG;Região Sudeste;Brasil;América do Sul
299;FullStack;Forward Deployed Engineer (Python + AI) - Remote -Latin America;Belo Horizonte, MG;08/10 16:00;https://www.linkedin.com/jobs/view/4477403938/;https://media.licdn.com/dms/image/v2/D4E0BAQFl6I0phUCDQg/company-logo_100_100/B4EZo1FC7hIIAQ-/0/1761827107300/fullstack_labs_logo?e=1793232000&v=beta&t=prRzbPtncfq0wKEGPplVkKgdjArpNxm180-9MhJovcY;Advanced > Information Technology;https://www.linkedin.com/company/fullstack/about/;Inteligência Artificial;backend OR java OR spring boot OR python OR django OR golang OR php OR laravel OR ruby OR ruby on rails OR c++ OR c# OR rust OR scala OR julia OR elixir OR node.js OR asp.net core;fullstack;1;;https://www.linkedin.com/jobs/view/4477403938/;https://www.linkedin.com/jobs/view/4477403938/;Remote;Inteligência Artificial, Engenharia Geral;09/10/2026;;Minas Gerais;MG;Região Sudeste;Brasil;América do Sul
300;FullStack;Forward Deployed Engineer (TypeScript + AI) - Remote - Latin America;Belo Horizonte, MG;08/10 16:00;https://www.linkedin.com/jobs/view/4477418349/;https://media.licdn.com/dms/image/v2/D4E0BAQFl6I0phUCDQg/company-logo_100_100/B4EZo1FC7hIIAQ-/0/1761827107300/fullstack_labs_logo?e=1793232000&v=beta&t=prRzbPtncfq0wKEGPplVkKgdjArpNxm180-9MhJovcY;Advanced > Information Technology;https://www.linkedin.com/company/fullstack/about/;Inteligência Artificial;backend OR java OR spring boot OR python OR django OR golang OR php OR laravel OR ruby OR ruby on rails OR c++ OR c# OR rust OR scala OR julia OR elixir OR node.js OR asp.net core;fullstack;1;;https://www.linkedin.com/jobs/view/4477418349/;https://www.linkedin.com/jobs/view/4477418349/;Remote;Inteligência Artificial, Engenharia Geral;09/10/2026;;Minas Gerais;MG;Região Sudeste;Brasil;América do Sul
301;FullStack;Data Engineer (Python + AWS + DBT) - Remote - Latin America;Brasil;09/10 10:00;https://www.linkedin.com/jobs/view/4459397695/;https://media.licdn.com/dms/image/v2/D4E0BAQFl6I0phUCDQg/company-logo_100_100/B4EZo1FC7hIIAQ-/0/1761827107300/fullstack_labs_logo?e=1793232000&v=beta&t=prRzbPtncfq0wKEGPplVkKgdjArpNxm180-9MhJovcY;Data & Ai > Data Engineering;https://www.linkedin.com/company/fullstack/about/;Dados e Analytics;backend OR java OR spring boot OR python OR django OR golang OR php OR laravel OR ruby OR ruby on rails OR c++ OR c# OR rust OR scala OR julia OR elixir OR node.js OR asp.net core;fullstack;1;;https://www.linkedin.com/jobs/view/4459397695/;https://www.linkedin.com/jobs/view/4459397695/;Remote;Cloud (AWS/GCP/Azure), Dados/Analytics, Engenharia Geral;09/10/2026;;;;;Brasil;América do Sul
302;FullStack;DevOps Engineer (AWS) - Remote - Latin America;Brasil;08/10 16:00;https://www.linkedin.com/jobs/view/4468303998/;https://media.licdn.com/dms/image/v2/D4E0BAQFl6I0phUCDQg/company-logo_100_100/B4EZo1FC7hIIAQ-/0/1761827107300/fullstack_labs_logo?e=1793232000&v=beta&t=prRzbPtncfq0wKEGPplVkKgdjArpNxm180-9MhJovcY;Advanced > Information Technology;https://www.linkedin.com/company/fullstack/about/;Software e Serviços de TI;backend OR java OR spring boot OR python OR django OR golang OR php OR laravel OR ruby OR ruby on rails OR c++ OR c# OR rust OR scala OR julia OR elixir OR node.js OR asp.net core;fullstack;1;;https://www.linkedin.com/jobs/view/4468303998/;https://www.linkedin.com/jobs/view/4468303998/;Remote;Cloud (AWS/GCP/Azure), DevOps, Engenharia Geral;09/10/2026;;;;;Brasil;América do Sul
303;FullStack;Forward Deployed Engineer (Python + AI) - Remote -Latin America;Brasil;08/10 16:00;https://www.linkedin.com/jobs/view/4477403948/;https://media.licdn.com/dms/image/v2/D4E0BAQFl6I0phUCDQg/company-logo_100_100/B4EZo1FC7hIIAQ-/0/1761827107300/fullstack_labs_logo?e=1793232000&v=beta&t=prRzbPtncfq0wKEGPplVkKgdjArpNxm180-9MhJovcY;Advanced > Information Technology;https://www.linkedin.com/company/fullstack/about/;Inteligência Artificial;backend OR java OR spring boot OR python OR django OR golang OR php OR laravel OR ruby OR ruby on rails OR c++ OR c# OR rust OR scala OR julia OR elixir OR node.js OR asp.net core;fullstack;1;;https://www.linkedin.com/jobs/view/4477403948/;https://www.linkedin.com/jobs/view/4477403948/;Remote;Inteligência Artificial, Engenharia Geral;09/10/2026;;;;;Brasil;América do Sul
304;FullStack;Forward Deployed Engineer (TypeScript + AI) - Remote - Latin America;Brasil;08/10 16:00;https://www.linkedin.com/jobs/view/4477406753/;https://media.licdn.com/dms/image/v2/D4E0BAQFl6I0phUCDQg/company-logo_100_100/B4EZo1FC7hIIAQ-/0/1761827107300/fullstack_labs_logo?e=1793232000&v=beta&t=prRzbPtncfq0wKEGPplVkKgdjArpNxm180-9MhJovcY;Advanced > Information Technology;https://www.linkedin.com/company/fullstack/about/;Inteligência Artificial;backend OR java OR spring boot OR python OR django OR golang OR php OR laravel OR ruby OR ruby on rails OR c++ OR c# OR rust OR scala OR julia OR elixir OR node.js OR asp.net core;fullstack;1;;https://www.linkedin.com/jobs/view/4477406753/;https://www.linkedin.com/jobs/view/4477406753/;Remote;Inteligência Artificial, Engenharia Geral;09/10/2026;;;;;Brasil;América do Sul
305;FullStack;Data Engineer (Python + AWS + DBT) - Remote - Latin America;Brasília, DF;09/10 11:00;https://www.linkedin.com/jobs/view/4459393718/;https://media.licdn.com/dms/image/v2/D4E0BAQFl6I0phUCDQg/company-logo_100_100/B4EZo1FC7hIIAQ-/0/1761827107300/fullstack_labs_logo?e=1793232000&v=beta&t=prRzbPtncfq0wKEGPplVkKgdjArpNxm180-9MhJovcY;Data & Ai > Data Engineering;https://www.linkedin.com/company/fullstack/about/;Dados e Analytics;backend OR java OR spring boot OR python OR django OR golang OR php OR laravel OR ruby OR ruby on rails OR c++ OR c# OR rust OR scala OR julia OR elixir OR node.js OR asp.net core;fullstack;1;;https://www.linkedin.com/jobs/view/4459393718/;https://www.linkedin.com/jobs/view/4459393718/;Remote;Cloud (AWS/GCP/Azure), Dados/Analytics, Engenharia Geral;09/10/2026;;Distrito Federal;DF;Região Centro-Oeste;Brasil;América do Sul
306;FullStack;DevOps Engineer (AWS) - Remote - Latin America;Brasília, DF;08/10 16:00;https://www.linkedin.com/jobs/view/4468320006/;https://media.licdn.com/dms/image/v2/D4E0BAQFl6I0phUCDQg/company-logo_100_100/B4EZo1FC7hIIAQ-/0/1761827107300/fullstack_labs_logo?e=1793232000&v=beta&t=prRzbPtncfq0wKEGPplVkKgdjArpNxm180-9MhJovcY;Advanced > Information Technology;https://www.linkedin.com/company/fullstack/about/;Software e Serviços de TI;backend OR java OR spring boot OR python OR django OR golang OR php OR laravel OR ruby OR ruby on rails OR c++ OR c# OR rust OR scala OR julia OR elixir OR node.js OR asp.net core;fullstack;1;;https://www.linkedin.com/jobs/view/4468320006/;https://www.linkedin.com/jobs/view/4468320006/;Remote;Cloud (AWS/GCP/Azure), DevOps, Engenharia Geral;09/10/2026;;Distrito Federal;DF;Região Centro-Oeste;Brasil;América do Sul
307;FullStack;Forward Deployed Engineer (Python + AI) - Remote -Latin America;Brasília, DF;08/10 16:00;https://www.linkedin.com/jobs/view/4477406745/;https://media.licdn.com/dms/image/v2/D4E0BAQFl6I0phUCDQg/company-logo_100_100/B4EZo1FC7hIIAQ-/0/1761827107300/fullstack_labs_logo?e=1793232000&v=beta&t=prRzbPtncfq0wKEGPplVkKgdjArpNxm180-9MhJovcY;Advanced > Information Technology;https://www.linkedin.com/company/fullstack/about/;Inteligência Artificial;backend OR java OR spring boot OR python OR django OR golang OR php OR laravel OR ruby OR ruby on rails OR c++ OR c# OR rust OR scala OR julia OR elixir OR node.js OR asp.net core;fullstack;1;;https://www.linkedin.com/jobs/view/4477406745/;https://www.linkedin.com/jobs/view/4477406745/;Remote;Inteligência Artificial, Engenharia Geral;09/10/2026;;Distrito Federal;DF;Região Centro-Oeste;Brasil;América do Sul
308;FullStack;Forward Deployed Engineer (TypeScript + AI) - Remote - Latin America;Brasília, DF;08/10 16:00;https://www.linkedin.com/jobs/view/4477418347/;https://media.licdn.com/dms/image/v2/D4E0BAQFl6I0phUCDQg/company-logo_100_100/B4EZo1FC7hIIAQ-/0/1761827107300/fullstack_labs_logo?e=1793232000&v=beta&t=prRzbPtncfq0wKEGPplVkKgdjArpNxm180-9MhJovcY;Advanced > Information Technology;https://www.linkedin.com/company/fullstack/about/;Inteligência Artificial;backend OR java OR spring boot OR python OR django OR golang OR php OR laravel OR ruby OR ruby on rails OR c++ OR c# OR rust OR scala OR julia OR elixir OR node.js OR asp.net core;fullstack;1;;https://www.linkedin.com/jobs/view/4477418347/;https://www.linkedin.com/jobs/view/4477418347/;Remote;Inteligência Artificial, Engenharia Geral;09/10/2026;;Distrito Federal;DF;Região Centro-Oeste;Brasil;América do Sul
309;FullStack;Data Engineer (Python + AWS + DBT) - Remote - Latin America;Curitiba, PR;08/10 16:00;https://www.linkedin.com/jobs/view/4459390683/;https://media.licdn.com/dms/image/v2/D4E0BAQFl6I0phUCDQg/company-logo_100_100/B4EZo1FC7hIIAQ-/0/1761827107300/fullstack_labs_logo?e=1793232000&v=beta&t=prRzbPtncfq0wKEGPplVkKgdjArpNxm180-9MhJovcY;Data & Ai > Data Engineering;https://www.linkedin.com/company/fullstack/about/;Dados e Analytics;backend OR java OR spring boot OR python OR django OR golang OR php OR laravel OR ruby OR ruby on rails OR c++ OR c# OR rust OR scala OR julia OR elixir OR node.js OR asp.net core;fullstack;1;;https://www.linkedin.com/jobs/view/4459390683/;https://www.linkedin.com/jobs/view/4459390683/;Remote;Cloud (AWS/GCP/Azure), Dados/Analytics, Engenharia Geral;09/10/2026;;Paraná;PR;Região Sul;Brasil;América do Sul
310;FullStack;DevOps Engineer (AWS) - Remote - Latin America;Curitiba, PR;08/10 16:00;https://www.linkedin.com/jobs/view/4468320003/;https://media.licdn.com/dms/image/v2/D4E0BAQFl6I0phUCDQg/company-logo_100_100/B4EZo1FC7hIIAQ-/0/1761827107300/fullstack_labs_logo?e=1793232000&v=beta&t=prRzbPtncfq0wKEGPplVkKgdjArpNxm180-9MhJovcY;Advanced > Information Technology;https://www.linkedin.com/company/fullstack/about/;Software e Serviços de TI;backend OR java OR spring boot OR python OR django OR golang OR php OR laravel OR ruby OR ruby on rails OR c++ OR c# OR rust OR scala OR julia OR elixir OR node.js OR asp.net core;fullstack;1;;https://www.linkedin.com/jobs/view/4468320003/;https://www.linkedin.com/jobs/view/4468320003/;Remote;Cloud (AWS/GCP/Azure), DevOps, Engenharia Geral;09/10/2026;;Paraná;PR;Região Sul;Brasil;América do Sul
311;FullStack;Forward Deployed Engineer (Python + AI) - Remote -Latin America;Curitiba, PR;08/10 16:00;https://www.linkedin.com/jobs/view/4477423155/;https://media.licdn.com/dms/image/v2/D4E0BAQFl6I0phUCDQg/company-logo_100_100/B4EZo1FC7hIIAQ-/0/1761827107300/fullstack_labs_logo?e=1793232000&v=beta&t=prRzbPtncfq0wKEGPplVkKgdjArpNxm180-9MhJovcY;Advanced > Information Technology;https://www.linkedin.com/company/fullstack/about/;Inteligência Artificial;backend OR java OR spring boot OR python OR django OR golang OR php OR laravel OR ruby OR ruby on rails OR c++ OR c# OR rust OR scala OR julia OR elixir OR node.js OR asp.net core;fullstack;1;;https://www.linkedin.com/jobs/view/4477423155/;https://www.linkedin.com/jobs/view/4477423155/;Remote;Inteligência Artificial, Engenharia Geral;09/10/2026;;Paraná;PR;Região Sul;Brasil;América do Sul
312;FullStack;Forward Deployed Engineer (TypeScript + AI) - Remote - Latin America;Curitiba, PR;08/10 16:00;https://www.linkedin.com/jobs/view/4477402905/;https://media.licdn.com/dms/image/v2/D4E0BAQFl6I0phUCDQg/company-logo_100_100/B4EZo1FC7hIIAQ-/0/1761827107300/fullstack_labs_logo?e=1793232000&v=beta&t=prRzbPtncfq0wKEGPplVkKgdjArpNxm180-9MhJovcY;Advanced > Information Technology;https://www.linkedin.com/company/fullstack/about/;Inteligência Artificial;backend OR java OR spring boot OR python OR django OR golang OR php OR laravel OR ruby OR ruby on rails OR c++ OR c# OR rust OR scala OR julia OR elixir OR node.js OR asp.net core;fullstack;1;;https://www.linkedin.com/jobs/view/4477402905/;https://www.linkedin.com/jobs/view/4477402905/;Remote;Inteligência Artificial, Engenharia Geral;09/10/2026;;Paraná;PR;Região Sul;Brasil;América do Sul
313;FullStack;Data Engineer (Python + AWS + DBT) - Remote - Latin America;Fortaleza, CE;08/10 16:00;https://www.linkedin.com/jobs/view/4459398686/;https://media.licdn.com/dms/image/v2/D4E0BAQFl6I0phUCDQg/company-logo_100_100/B4EZo1FC7hIIAQ-/0/1761827107300/fullstack_labs_logo?e=1793232000&v=beta&t=prRzbPtncfq0wKEGPplVkKgdjArpNxm180-9MhJovcY;Data & Ai > Data Engineering;https://www.linkedin.com/company/fullstack/about/;Dados e Analytics;backend OR java OR spring boot OR python OR django OR golang OR php OR laravel OR ruby OR ruby on rails OR c++ OR c# OR rust OR scala OR julia OR elixir OR node.js OR asp.net core;fullstack;1;;https://www.linkedin.com/jobs/view/4459398686/;https://www.linkedin.com/jobs/view/4459398686/;Remote;Cloud (AWS/GCP/Azure), Dados/Analytics, Engenharia Geral;09/10/2026;Fortaleza;Ceará;CE;Região Nordeste;Brasil;América do Sul
314;FullStack;DevOps Engineer (AWS) - Remote - Latin America;Fortaleza, CE;08/10 16:00;https://www.linkedin.com/jobs/view/4468299970/;https://media.licdn.com/dms/image/v2/D4E0BAQFl6I0phUCDQg/company-logo_100_100/B4EZo1FC7hIIAQ-/0/1761827107300/fullstack_labs_logo?e=1793232000&v=beta&t=prRzbPtncfq0wKEGPplVkKgdjArpNxm180-9MhJovcY;Advanced > Information Technology;https://www.linkedin.com/company/fullstack/about/;Software e Serviços de TI;backend OR java OR spring boot OR python OR django OR golang OR php OR laravel OR ruby OR ruby on rails OR c++ OR c# OR rust OR scala OR julia OR elixir OR node.js OR asp.net core;fullstack;1;;https://www.linkedin.com/jobs/view/4468299970/;https://www.linkedin.com/jobs/view/4468299970/;Remote;Cloud (AWS/GCP/Azure), DevOps, Engenharia Geral;09/10/2026;Fortaleza;Ceará;CE;Região Nordeste;Brasil;América do Sul
315;FullStack;Forward Deployed Engineer (Python + AI) - Remote -Latin America;Fortaleza, CE;08/10 16:00;https://www.linkedin.com/jobs/view/4477416458/;https://media.licdn.com/dms/image/v2/D4E0BAQFl6I0phUCDQg/company-logo_100_100/B4EZo1FC7hIIAQ-/0/1761827107300/fullstack_labs_logo?e=1793232000&v=beta&t=prRzbPtncfq0wKEGPplVkKgdjArpNxm180-9MhJovcY;Advanced > Information Technology;https://www.linkedin.com/company/fullstack/about/;Inteligência Artificial;backend OR java OR spring boot OR python OR django OR golang OR php OR laravel OR ruby OR ruby on rails OR c++ OR c# OR rust OR scala OR julia OR elixir OR node.js OR asp.net core;fullstack;1;;https://www.linkedin.com/jobs/view/4477416458/;https://www.linkedin.com/jobs/view/4477416458/;Remote;Inteligência Artificial, Engenharia Geral;09/10/2026;Fortaleza;Ceará;CE;Região Nordeste;Brasil;América do Sul
316;FullStack;Forward Deployed Engineer (TypeScript + AI) - Remote - Latin America;Fortaleza, CE;08/10 16:00;https://www.linkedin.com/jobs/view/4477418339/;https://media.licdn.com/dms/image/v2/D4E0BAQFl6I0phUCDQg/company-logo_100_100/B4EZo1FC7hIIAQ-/0/1761827107300/fullstack_labs_logo?e=1793232000&v=beta&t=prRzbPtncfq0wKEGPplVkKgdjArpNxm180-9MhJovcY;Advanced > Information Technology;https://www.linkedin.com/company/fullstack/about/;Inteligência Artificial;backend OR java OR spring boot OR python OR django OR golang OR php OR laravel OR ruby OR ruby on rails OR c++ OR c# OR rust OR scala OR julia OR elixir OR node.js OR asp.net core;fullstack;1;;https://www.linkedin.com/jobs/view/4477418339/;https://www.linkedin.com/jobs/view/4477418339/;Remote;Inteligência Artificial, Engenharia Geral;09/10/2026;Fortaleza;Ceará;CE;Região Nordeste;Brasil;América do Sul
317;FullStack;Data Engineer (Python + AWS + DBT) - Remote - Latin America;Goiânia, GO;08/10 16:00;https://www.linkedin.com/jobs/view/4459399637/;https://media.licdn.com/dms/image/v2/D4E0BAQFl6I0phUCDQg/company-logo_100_100/B4EZo1FC7hIIAQ-/0/1761827107300/fullstack_labs_logo?e=1793232000&v=beta&t=prRzbPtncfq0wKEGPplVkKgdjArpNxm180-9MhJovcY;Data & Ai > Data Engineering;https://www.linkedin.com/company/fullstack/about/;Dados e Analytics;backend OR java OR spring boot OR python OR django OR golang OR php OR laravel OR ruby OR ruby on rails OR c++ OR c# OR rust OR scala OR julia OR elixir OR node.js OR asp.net core;fullstack;1;;https://www.linkedin.com/jobs/view/4459399637/;https://www.linkedin.com/jobs/view/4459399637/;Remote;Cloud (AWS/GCP/Azure), Dados/Analytics, Engenharia Geral;09/10/2026;;Goiás;GO;Região Centro-Oeste;Brasil;América do Sul
318;FullStack;DevOps Engineer (AWS) - Remote - Latin America;Goiânia, GO;08/10 16:00;https://www.linkedin.com/jobs/view/4468315049/;https://media.licdn.com/dms/image/v2/D4E0BAQFl6I0phUCDQg/company-logo_100_100/B4EZo1FC7hIIAQ-/0/1761827107300/fullstack_labs_logo?e=1793232000&v=beta&t=prRzbPtncfq0wKEGPplVkKgdjArpNxm180-9MhJovcY;Advanced > Information Technology;https://www.linkedin.com/company/fullstack/about/;Software e Serviços de TI;backend OR java OR spring boot OR python OR django OR golang OR php OR laravel OR ruby OR ruby on rails OR c++ OR c# OR rust OR scala OR julia OR elixir OR node.js OR asp.net core;fullstack;1;;https://www.linkedin.com/jobs/view/4468315049/;https://www.linkedin.com/jobs/view/4468315049/;Remote;Cloud (AWS/GCP/Azure), DevOps, Engenharia Geral;09/10/2026;;Goiás;GO;Região Centro-Oeste;Brasil;América do Sul
319;FullStack;Forward Deployed Engineer (Python + AI) - Remote -Latin America;Goiânia, GO;08/10 16:00;https://www.linkedin.com/jobs/view/4477423148/;https://media.licdn.com/dms/image/v2/D4E0BAQFl6I0phUCDQg/company-logo_100_100/B4EZo1FC7hIIAQ-/0/1761827107300/fullstack_labs_logo?e=1793232000&v=beta&t=prRzbPtncfq0wKEGPplVkKgdjArpNxm180-9MhJovcY;Advanced > Information Technology;https://www.linkedin.com/company/fullstack/about/;Inteligência Artificial;backend OR java OR spring boot OR python OR django OR golang OR php OR laravel OR ruby OR ruby on rails OR c++ OR c# OR rust OR scala OR julia OR elixir OR node.js OR asp.net core;fullstack;1;;https://www.linkedin.com/jobs/view/4477423148/;https://www.linkedin.com/jobs/view/4477423148/;Remote;Inteligência Artificial, Engenharia Geral;09/10/2026;;Goiás;GO;Região Centro-Oeste;Brasil;América do Sul
320;FullStack;Forward Deployed Engineer (TypeScript + AI) - Remote - Latin America;Goiânia, GO;08/10 16:00;https://www.linkedin.com/jobs/view/4477422180/;https://media.licdn.com/dms/image/v2/D4E0BAQFl6I0phUCDQg/company-logo_100_100/B4EZo1FC7hIIAQ-/0/1761827107300/fullstack_labs_logo?e=1793232000&v=beta&t=prRzbPtncfq0wKEGPplVkKgdjArpNxm180-9MhJovcY;Advanced > Information Technology;https://www.linkedin.com/company/fullstack/about/;Inteligência Artificial;backend OR java OR spring boot OR python OR django OR golang OR php OR laravel OR ruby OR ruby on rails OR c++ OR c# OR rust OR scala OR julia OR elixir OR node.js OR asp.net core;fullstack;1;;https://www.linkedin.com/jobs/view/4477422180/;https://www.linkedin.com/jobs/view/4477422180/;Remote;Inteligência Artificial, Engenharia Geral;09/10/2026;;Goiás;GO;Região Centro-Oeste;Brasil;América do Sul
321;FullStack;Data Engineer (Python + AWS + DBT) - Remote - Latin America;Grande Rio de Janeiro (RJ);09/10 11:00;https://www.linkedin.com/jobs/view/4459388777/;https://media.licdn.com/dms/image/v2/D4E0BAQFl6I0phUCDQg/company-logo_100_100/B4EZo1FC7hIIAQ-/0/1761827107300/fullstack_labs_logo?e=1793232000&v=beta&t=prRzbPtncfq0wKEGPplVkKgdjArpNxm180-9MhJovcY;Data & Ai > Data Engineering;https://www.linkedin.com/company/fullstack/about/;Dados e Analytics;backend OR java OR spring boot OR python OR django OR golang OR php OR laravel OR ruby OR ruby on rails OR c++ OR c# OR rust OR scala OR julia OR elixir OR node.js OR asp.net core;fullstack;1;;https://www.linkedin.com/jobs/view/4459388777/;https://www.linkedin.com/jobs/view/4459388777/;Remote;Cloud (AWS/GCP/Azure), Dados/Analytics, Engenharia Geral;09/10/2026;;Rio de Janeiro;RJ;Região Sudeste;Brasil;América do Sul
322;FullStack;DevOps Engineer (AWS) - Remote - Latin America;Grande Rio de Janeiro (RJ);08/10 16:00;https://www.linkedin.com/jobs/view/4468300984/;https://media.licdn.com/dms/image/v2/D4E0BAQFl6I0phUCDQg/company-logo_100_100/B4EZo1FC7hIIAQ-/0/1761827107300/fullstack_labs_logo?e=1793232000&v=beta&t=prRzbPtncfq0wKEGPplVkKgdjArpNxm180-9MhJovcY;Advanced > Information Technology;https://www.linkedin.com/company/fullstack/about/;Software e Serviços de TI;backend OR java OR spring boot OR python OR django OR golang OR php OR laravel OR ruby OR ruby on rails OR c++ OR c# OR rust OR scala OR julia OR elixir OR node.js OR asp.net core;fullstack;1;;https://www.linkedin.com/jobs/view/4468300984/;https://www.linkedin.com/jobs/view/4468300984/;Remote;Cloud (AWS/GCP/Azure), DevOps, Engenharia Geral;09/10/2026;;Rio de Janeiro;RJ;Região Sudeste;Brasil;América do Sul
323;FullStack;Forward Deployed Engineer (Python + AI) - Remote -Latin America;Grande Rio de Janeiro (RJ);08/10 16:00;https://www.linkedin.com/jobs/view/4477416441/;https://media.licdn.com/dms/image/v2/D4E0BAQFl6I0phUCDQg/company-logo_100_100/B4EZo1FC7hIIAQ-/0/1761827107300/fullstack_labs_logo?e=1793232000&v=beta&t=prRzbPtncfq0wKEGPplVkKgdjArpNxm180-9MhJovcY;Advanced > Information Technology;https://www.linkedin.com/company/fullstack/about/;Inteligência Artificial;backend OR java OR spring boot OR python OR django OR golang OR php OR laravel OR ruby OR ruby on rails OR c++ OR c# OR rust OR scala OR julia OR elixir OR node.js OR asp.net core;fullstack;1;;https://www.linkedin.com/jobs/view/4477416441/;https://www.linkedin.com/jobs/view/4477416441/;Remote;Inteligência Artificial, Engenharia Geral;09/10/2026;;Rio de Janeiro;RJ;Região Sudeste;Brasil;América do Sul
324;FullStack;Forward Deployed Engineer (TypeScript + AI) - Remote - Latin America;Grande Rio de Janeiro (RJ);08/10 16:00;https://www.linkedin.com/jobs/view/4477410588/;https://media.licdn.com/dms/image/v2/D4E0BAQFl6I0phUCDQg/company-logo_100_100/B4EZo1FC7hIIAQ-/0/1761827107300/fullstack_labs_logo?e=1793232000&v=beta&t=prRzbPtncfq0wKEGPplVkKgdjArpNxm180-9MhJovcY;Advanced > Information Technology;https://www.linkedin.com/company/fullstack/about/;Inteligência Artificial;backend OR java OR spring boot OR python OR django OR golang OR php OR laravel OR ruby OR ruby on rails OR c++ OR c# OR rust OR scala OR julia OR elixir OR node.js OR asp.net core;fullstack;1;;https://www.linkedin.com/jobs/view/4477410588/;https://www.linkedin.com/jobs/view/4477410588/;Remote;Inteligência Artificial, Engenharia Geral;09/10/2026;;Rio de Janeiro;RJ;Região Sudeste;Brasil;América do Sul
325;FullStack;Data Engineer (Python + AWS + DBT) - Remote - Latin America;Manaus, AM;08/10 16:00;https://www.linkedin.com/jobs/view/4459395706/;https://media.licdn.com/dms/image/v2/D4E0BAQFl6I0phUCDQg/company-logo_100_100/B4EZo1FC7hIIAQ-/0/1761827107300/fullstack_labs_logo?e=1793232000&v=beta&t=prRzbPtncfq0wKEGPplVkKgdjArpNxm180-9MhJovcY;Data & Ai > Data Engineering;https://www.linkedin.com/company/fullstack/about/;Dados e Analytics;backend OR java OR spring boot OR python OR django OR golang OR php OR laravel OR ruby OR ruby on rails OR c++ OR c# OR rust OR scala OR julia OR elixir OR node.js OR asp.net core;fullstack;1;;https://www.linkedin.com/jobs/view/4459395706/;https://www.linkedin.com/jobs/view/4459395706/;Remote;Cloud (AWS/GCP/Azure), Dados/Analytics, Engenharia Geral;09/10/2026;;Amazonas;AM;Região Norte;Brasil;América do Sul
326;FullStack;DevOps Engineer (AWS) - Remote - Latin America;Manaus, AM;08/10 16:00;https://www.linkedin.com/jobs/view/4468317022/;https://media.licdn.com/dms/image/v2/D4E0BAQFl6I0phUCDQg/company-logo_100_100/B4EZo1FC7hIIAQ-/0/1761827107300/fullstack_labs_logo?e=1793232000&v=beta&t=prRzbPtncfq0wKEGPplVkKgdjArpNxm180-9MhJovcY;Advanced > Information Technology;https://www.linkedin.com/company/fullstack/about/;Software e Serviços de TI;backend OR java OR spring boot OR python OR django OR golang OR php OR laravel OR ruby OR ruby on rails OR c++ OR c# OR rust OR scala OR julia OR elixir OR node.js OR asp.net core;fullstack;1;;https://www.linkedin.com/jobs/view/4468317022/;https://www.linkedin.com/jobs/view/4468317022/;Remote;Cloud (AWS/GCP/Azure), DevOps, Engenharia Geral;09/10/2026;;Amazonas;AM;Região Norte;Brasil;América do Sul
327;FullStack;Forward Deployed Engineer (Python + AI) - Remote -Latin America;Manaus, AM;08/10 16:00;https://www.linkedin.com/jobs/view/4477419298/;https://media.licdn.com/dms/image/v2/D4E0BAQFl6I0phUCDQg/company-logo_100_100/B4EZo1FC7hIIAQ-/0/1761827107300/fullstack_labs_logo?e=1793232000&v=beta&t=prRzbPtncfq0wKEGPplVkKgdjArpNxm180-9MhJovcY;Advanced > Information Technology;https://www.linkedin.com/company/fullstack/about/;Inteligência Artificial;backend OR java OR spring boot OR python OR django OR golang OR php OR laravel OR ruby OR ruby on rails OR c++ OR c# OR rust OR scala OR julia OR elixir OR node.js OR asp.net core;fullstack;1;;https://www.linkedin.com/jobs/view/4477419298/;https://www.linkedin.com/jobs/view/4477419298/;Remote;Inteligência Artificial, Engenharia Geral;09/10/2026;;Amazonas;AM;Região Norte;Brasil;América do Sul
328;FullStack;Forward Deployed Engineer (TypeScript + AI) - Remote - Latin America;Manaus, AM;08/10 16:00;https://www.linkedin.com/jobs/view/4477417345/;https://media.licdn.com/dms/image/v2/D4E0BAQFl6I0phUCDQg/company-logo_100_100/B4EZo1FC7hIIAQ-/0/1761827107300/fullstack_labs_logo?e=1793232000&v=beta&t=prRzbPtncfq0wKEGPplVkKgdjArpNxm180-9MhJovcY;Advanced > Information Technology;https://www.linkedin.com/company/fullstack/about/;Inteligência Artificial;backend OR java OR spring boot OR python OR django OR golang OR php OR laravel OR ruby OR ruby on rails OR c++ OR c# OR rust OR scala OR julia OR elixir OR node.js OR asp.net core;fullstack;1;;https://www.linkedin.com/jobs/view/4477417345/;https://www.linkedin.com/jobs/view/4477417345/;Remote;Inteligência Artificial, Engenharia Geral;09/10/2026;;Amazonas;AM;Região Norte;Brasil;América do Sul
329;FullStack;Data Engineer (Python + AWS + DBT) - Remote - Latin America;Recife, PE;09/10 11:00;https://www.linkedin.com/jobs/view/4459387764/;https://media.licdn.com/dms/image/v2/D4E0BAQFl6I0phUCDQg/company-logo_100_100/B4EZo1FC7hIIAQ-/0/1761827107300/fullstack_labs_logo?e=1793232000&v=beta&t=prRzbPtncfq0wKEGPplVkKgdjArpNxm180-9MhJovcY;Data & Ai > Data Engineering;https://www.linkedin.com/company/fullstack/about/;Dados e Analytics;backend OR java OR spring boot OR python OR django OR golang OR php OR laravel OR ruby OR ruby on rails OR c++ OR c# OR rust OR scala OR julia OR elixir OR node.js OR asp.net core;fullstack;1;;https://www.linkedin.com/jobs/view/4459387764/;https://www.linkedin.com/jobs/view/4459387764/;Remote;Cloud (AWS/GCP/Azure), Dados/Analytics, Engenharia Geral;09/10/2026;;Pernambuco;PE;Região Nordeste;Brasil;América do Sul
330;FullStack;DevOps Engineer (AWS) - Remote - Latin America;Recife, PE;08/10 16:00;https://www.linkedin.com/jobs/view/4468304895/;https://media.licdn.com/dms/image/v2/D4E0BAQFl6I0phUCDQg/company-logo_100_100/B4EZo1FC7hIIAQ-/0/1761827107300/fullstack_labs_logo?e=1793232000&v=beta&t=prRzbPtncfq0wKEGPplVkKgdjArpNxm180-9MhJovcY;Advanced > Information Technology;https://www.linkedin.com/company/fullstack/about/;Software e Serviços de TI;backend OR java OR spring boot OR python OR django OR golang OR php OR laravel OR ruby OR ruby on rails OR c++ OR c# OR rust OR scala OR julia OR elixir OR node.js OR asp.net core;fullstack;1;;https://www.linkedin.com/jobs/view/4468304895/;https://www.linkedin.com/jobs/view/4468304895/;Remote;Cloud (AWS/GCP/Azure), DevOps, Engenharia Geral;09/10/2026;;Pernambuco;PE;Região Nordeste;Brasil;América do Sul
331;FullStack;Forward Deployed Engineer (Python + AI) - Remote -Latin America;Recife, PE;08/10 16:00;https://www.linkedin.com/jobs/view/4477410581/;https://media.licdn.com/dms/image/v2/D4E0BAQFl6I0phUCDQg/company-logo_100_100/B4EZo1FC7hIIAQ-/0/1761827107300/fullstack_labs_logo?e=1793232000&v=beta&t=prRzbPtncfq0wKEGPplVkKgdjArpNxm180-9MhJovcY;Advanced > Information Technology;https://www.linkedin.com/company/fullstack/about/;Inteligência Artificial;backend OR java OR spring boot OR python OR django OR golang OR php OR laravel OR ruby OR ruby on rails OR c++ OR c# OR rust OR scala OR julia OR elixir OR node.js OR asp.net core;fullstack;1;;https://www.linkedin.com/jobs/view/4477410581/;https://www.linkedin.com/jobs/view/4477410581/;Remote;Inteligência Artificial, Engenharia Geral;09/10/2026;;Pernambuco;PE;Região Nordeste;Brasil;América do Sul
332;FullStack;Forward Deployed Engineer (TypeScript + AI) - Remote - Latin America;Recife, PE;08/10 16:00;https://www.linkedin.com/jobs/view/4477405819/;https://media.licdn.com/dms/image/v2/D4E0BAQFl6I0phUCDQg/company-logo_100_100/B4EZo1FC7hIIAQ-/0/1761827107300/fullstack_labs_logo?e=1793232000&v=beta&t=prRzbPtncfq0wKEGPplVkKgdjArpNxm180-9MhJovcY;Advanced > Information Technology;https://www.linkedin.com/company/fullstack/about/;Inteligência Artificial;backend OR java OR spring boot OR python OR django OR golang OR php OR laravel OR ruby OR ruby on rails OR c++ OR c# OR rust OR scala OR julia OR elixir OR node.js OR asp.net core;fullstack;1;;https://www.linkedin.com/jobs/view/4477405819/;https://www.linkedin.com/jobs/view/4477405819/;Remote;Inteligência Artificial, Engenharia Geral;09/10/2026;;Pernambuco;PE;Região Nordeste;Brasil;América do Sul
333;FullStack;Data Engineer (Python + AWS + DBT) - Remote - Latin America;Salvador, BA;08/10 16:00;https://www.linkedin.com/jobs/view/4459393720/;https://media.licdn.com/dms/image/v2/D4E0BAQFl6I0phUCDQg/company-logo_100_100/B4EZo1FC7hIIAQ-/0/1761827107300/fullstack_labs_logo?e=1793232000&v=beta&t=prRzbPtncfq0wKEGPplVkKgdjArpNxm180-9MhJovcY;Data & Ai > Data Engineering;https://www.linkedin.com/company/fullstack/about/;Dados e Analytics;backend OR java OR spring boot OR python OR django OR golang OR php OR laravel OR ruby OR ruby on rails OR c++ OR c# OR rust OR scala OR julia OR elixir OR node.js OR asp.net core;fullstack;1;;https://www.linkedin.com/jobs/view/4459393720/;https://www.linkedin.com/jobs/view/4459393720/;Remote;Cloud (AWS/GCP/Azure), Dados/Analytics, Engenharia Geral;09/10/2026;;Bahia;BA;Região Nordeste;Brasil;América do Sul
334;FullStack;DevOps Engineer (AWS) - Remote - Latin America;Salvador, BA;08/10 16:00;https://www.linkedin.com/jobs/view/4468305331/;https://media.licdn.com/dms/image/v2/D4E0BAQFl6I0phUCDQg/company-logo_100_100/B4EZo1FC7hIIAQ-/0/1761827107300/fullstack_labs_logo?e=1793232000&v=beta&t=prRzbPtncfq0wKEGPplVkKgdjArpNxm180-9MhJovcY;Advanced > Information Technology;https://www.linkedin.com/company/fullstack/about/;Software e Serviços de TI;backend OR java OR spring boot OR python OR django OR golang OR php OR laravel OR ruby OR ruby on rails OR c++ OR c# OR rust OR scala OR julia OR elixir OR node.js OR asp.net core;fullstack;1;;https://www.linkedin.com/jobs/view/4468305331/;https://www.linkedin.com/jobs/view/4468305331/;Remote;Cloud (AWS/GCP/Azure), DevOps, Engenharia Geral;09/10/2026;;Bahia;BA;Região Nordeste;Brasil;América do Sul
335;FullStack;Forward Deployed Engineer (Python + AI) - Remote -Latin America;Salvador, BA;08/10 16:00;https://www.linkedin.com/jobs/view/4477417347/;https://media.licdn.com/dms/image/v2/D4E0BAQFl6I0phUCDQg/company-logo_100_100/B4EZo1FC7hIIAQ-/0/1761827107300/fullstack_labs_logo?e=1793232000&v=beta&t=prRzbPtncfq0wKEGPplVkKgdjArpNxm180-9MhJovcY;Advanced > Information Technology;https://www.linkedin.com/company/fullstack/about/;Inteligência Artificial;backend OR java OR spring boot OR python OR django OR golang OR php OR laravel OR ruby OR ruby on rails OR c++ OR c# OR rust OR scala OR julia OR elixir OR node.js OR asp.net core;fullstack;1;;https://www.linkedin.com/jobs/view/4477417347/;https://www.linkedin.com/jobs/view/4477417347/;Remote;Inteligência Artificial, Engenharia Geral;09/10/2026;;Bahia;BA;Região Nordeste;Brasil;América do Sul
336;FullStack;Forward Deployed Engineer (TypeScript + AI) - Remote - Latin America;Salvador, BA;08/10 16:00;https://www.linkedin.com/jobs/view/4477417343/;https://media.licdn.com/dms/image/v2/D4E0BAQFl6I0phUCDQg/company-logo_100_100/B4EZo1FC7hIIAQ-/0/1761827107300/fullstack_labs_logo?e=1793232000&v=beta&t=prRzbPtncfq0wKEGPplVkKgdjArpNxm180-9MhJovcY;Advanced > Information Technology;https://www.linkedin.com/company/fullstack/about/;Inteligência Artificial;backend OR java OR spring boot OR python OR django OR golang OR php OR laravel OR ruby OR ruby on rails OR c++ OR c# OR rust OR scala OR julia OR elixir OR node.js OR asp.net core;fullstack;1;;https://www.linkedin.com/jobs/view/4477417343/;https://www.linkedin.com/jobs/view/4477417343/;Remote;Inteligência Artificial, Engenharia Geral;09/10/2026;;Bahia;BA;Região Nordeste;Brasil;América do Sul
337;FullStack;Data Engineer (Python + AWS + DBT) - Remote - Latin America;São Paulo, SP;09/10 11:00;https://www.linkedin.com/jobs/view/4459388769/;https://media.licdn.com/dms/image/v2/D4E0BAQFl6I0phUCDQg/company-logo_100_100/B4EZo1FC7hIIAQ-/0/1761827107300/fullstack_labs_logo?e=1793232000&v=beta&t=prRzbPtncfq0wKEGPplVkKgdjArpNxm180-9MhJovcY;Data & Ai > Data Engineering;https://www.linkedin.com/company/fullstack/about/;Dados e Analytics;backend OR java OR spring boot OR python OR django OR golang OR php OR laravel OR ruby OR ruby on rails OR c++ OR c# OR rust OR scala OR julia OR elixir OR node.js OR asp.net core;fullstack;1;;https://www.linkedin.com/jobs/view/4459388769/;https://www.linkedin.com/jobs/view/4459388769/;Remote;Cloud (AWS/GCP/Azure), Dados/Analytics, Engenharia Geral;09/10/2026;;São Paulo;SP;Região Sudeste;Brasil;América do Sul
338;FullStack;DevOps Engineer (AWS) - Remote - Latin America;São Paulo, SP;08/10 16:00;https://www.linkedin.com/jobs/view/4468317021/;https://media.licdn.com/dms/image/v2/D4E0BAQFl6I0phUCDQg/company-logo_100_100/B4EZo1FC7hIIAQ-/0/1761827107300/fullstack_labs_logo?e=1793232000&v=beta&t=prRzbPtncfq0wKEGPplVkKgdjArpNxm180-9MhJovcY;Advanced > Information Technology;https://www.linkedin.com/company/fullstack/about/;Software e Serviços de TI;backend OR java OR spring boot OR python OR django OR golang OR php OR laravel OR ruby OR ruby on rails OR c++ OR c# OR rust OR scala OR julia OR elixir OR node.js OR asp.net core;fullstack;1;;https://www.linkedin.com/jobs/view/4468317021/;https://www.linkedin.com/jobs/view/4468317021/;Remote;Cloud (AWS/GCP/Azure), DevOps, Engenharia Geral;09/10/2026;;São Paulo;SP;Região Sudeste;Brasil;América do Sul
339;FullStack;Forward Deployed Engineer (Python + AI) - Remote -Latin America;São Paulo, SP;08/10 16:00;https://www.linkedin.com/jobs/view/4477408635/;https://media.licdn.com/dms/image/v2/D4E0BAQFl6I0phUCDQg/company-logo_100_100/B4EZo1FC7hIIAQ-/0/1761827107300/fullstack_labs_logo?e=1793232000&v=beta&t=prRzbPtncfq0wKEGPplVkKgdjArpNxm180-9MhJovcY;Advanced > Information Technology;https://www.linkedin.com/company/fullstack/about/;Inteligência Artificial;backend OR java OR spring boot OR python OR django OR golang OR php OR laravel OR ruby OR ruby on rails OR c++ OR c# OR rust OR scala OR julia OR elixir OR node.js OR asp.net core;fullstack;1;;https://www.linkedin.com/jobs/view/4477408635/;https://www.linkedin.com/jobs/view/4477408635/;Remote;Inteligência Artificial, Engenharia Geral;09/10/2026;;São Paulo;SP;Região Sudeste;Brasil;América do Sul
340;FullStack;Forward Deployed Engineer (TypeScript + AI) - Remote - Latin America;São Paulo, SP;08/10 16:00;https://www.linkedin.com/jobs/view/4477410580/;https://media.licdn.com/dms/image/v2/D4E0BAQFl6I0phUCDQg/company-logo_100_100/B4EZo1FC7hIIAQ-/0/1761827107300/fullstack_labs_logo?e=1793232000&v=beta&t=prRzbPtncfq0wKEGPplVkKgdjArpNxm180-9MhJovcY;Advanced > Information Technology;https://www.linkedin.com/company/fullstack/about/;Inteligência Artificial;backend OR java OR spring boot OR python OR django OR golang OR php OR laravel OR ruby OR ruby on rails OR c++ OR c# OR rust OR scala OR julia OR elixir OR node.js OR asp.net core;fullstack;1;;https://www.linkedin.com/jobs/view/4477410580/;https://www.linkedin.com/jobs/view/4477410580/;Remote;Inteligência Artificial, Engenharia Geral;09/10/2026;;São Paulo;SP;Região Sudeste;Brasil;América do Sul
341;Fundação Faculdade de Medicina;Desenvolvedor Sistemas Pleno;São Paulo, SP;08/10 16:00;https://www.linkedin.com/jobs/view/4476209009/;https://media.licdn.com/dms/image/v2/D4D0BAQHOe_5Bj6n4FA/company-logo_100_100/B4DZuTmFJPIIAQ-/0/1767707792473/fundacao_faculdade_de_medicina_logo?e=1793232000&v=beta&t=ErYl6STa_eOJ2jH-QWLZqD_eCE1Z_YcL8r9IqDsv_jk;-;https://www.linkedin.com/company/funda-o-faculdade-de-medicina/about/;Educação;backend OR java OR spring boot OR python OR django OR golang OR php OR laravel OR ruby OR ruby on rails OR c++ OR c# OR rust OR scala OR julia OR elixir OR node.js OR asp.net core;fundação faculdade de medicina;1;;https://www.linkedin.com/jobs/view/4476209009/;https://www.linkedin.com/jobs/view/4476209009/;Not informed;Mid, TI/Tech;09/10/2026;;São Paulo;SP;Região Sudeste;Brasil;América do Sul
342;Félix;Senior Software Engineer (Fintech Platform) (Brazil);Grande Rio de Janeiro (RJ);08/10 16:00;https://www.linkedin.com/jobs/view/4475492219/;https://media.licdn.com/dms/image/v2/D560BAQHKWUuVxgvwfQ/company-logo_100_100/B56ZXRIEUjGoAQ-/0/1742970308165/felix_pago_logo?e=1793232000&v=beta&t=rinHS-6Kyi58PBuZ4qf5RK0zbPOTgktiB_S4KcjYaGg;Advanced > Information Technology;https://www.linkedin.com/company/f-lix/about/;Serviços Financeiros;backend OR java OR spring boot OR python OR django OR golang OR php OR laravel OR ruby OR ruby on rails OR c++ OR c# OR rust OR scala OR julia OR elixir OR node.js OR asp.net core;félix;1;;https://www.linkedin.com/jobs/view/4475492219/;https://www.linkedin.com/jobs/view/4475492219/;Hybrid;Senior, TI/Tech, Engenharia Geral;09/10/2026;;Rio de Janeiro;RJ;Região Sudeste;Brasil;América do Sul
343;GET ITalent Brasil;Desenvolvedor Fullstack;São Paulo, SP;09/10 15:00;https://www.linkedin.com/jobs/view/4475249408/;https://media.licdn.com/dms/image/v2/D4D0BAQH8iS7Taifdsw/company-logo_100_100/company-logo_100_100/0/1698786397819/get_italent_logo?e=1793232000&v=beta&t=tKWyQswAX2feOQBXBuvLl2muKp_ir9lVSTw5901x_Aw;-;https://www.linkedin.com/company/get-italent-brasil/about/;Software e Serviços de TI;backend OR java OR spring boot OR python OR django OR golang OR php OR laravel OR ruby OR ruby on rails OR c++ OR c# OR rust OR scala OR julia OR elixir OR node.js OR asp.net core;get italent brasil;1;;https://www.linkedin.com/jobs/view/4475249408/;https://www.linkedin.com/jobs/view/4475249408/;Hybrid;Full Stack;09/10/2026;;São Paulo;SP;Região Sudeste;Brasil;América do Sul
344;GFT Brasil;Technical Leader | Híbrido/SP - 135210;São Paulo, SP;09/10 11:00;https://www.linkedin.com/jobs/view/4477695779/;https://media.licdn.com/dms/image/v2/D4E0BAQHo8b2c2pSzMw/company-logo_100_100/B4EZmE9mMwIMAU-/0/1758872364214/gft_technologies_brasil_logo?e=1793232000&v=beta&t=Ajf2mCFfdJpgV3ywZ3Ykd-neu-mA7UeYdtRWy8GWYgk;Middle > Manager;https://www.linkedin.com/company/gft-brasil/about/;Software e Serviços de TI;backend OR java OR spring boot OR python OR django OR golang OR php OR laravel OR ruby OR ruby on rails OR c++ OR c# OR rust OR scala OR julia OR elixir OR node.js OR asp.net core;gft brasil;1;;https://www.linkedin.com/jobs/view/4477695779/;https://www.linkedin.com/jobs/view/4477695779/;Hybrid;Mid, Liderança/Gerência, TI/Tech;09/10/2026;;São Paulo;SP;Região Sudeste;Brasil;América do Sul
345;Georgia IT, Inc.;Software Engineer Tech Lead – 100% Remote;Brasil;09/10 12:00;https://www.linkedin.com/jobs/view/4475244004/;https://media.licdn.com/dms/image/v2/C4D0BAQFRR0iVjuD22g/company-logo_100_100/company-logo_100_100/0/1643954719333/georgia_it_inc__logo?e=1793232000&v=beta&t=RWxAtGeCAnBBN2f4eiDCqf7Vftag_DJUT-aBR1RLv9M;Middle > Manager;https://www.linkedin.com/company/georgia-it-inc/about/;Software e Serviços de TI;backend OR java OR spring boot OR python OR django OR golang OR php OR laravel OR ruby OR ruby on rails OR c++ OR c# OR rust OR scala OR julia OR elixir OR node.js OR asp.net core;georgia it, inc.;1;;https://www.linkedin.com/jobs/view/4475244004/;https://www.linkedin.com/jobs/view/4475244004/;Remote;Mid, Liderança/Gerência, TI/Tech, Engenharia Geral;09/10/2026;;;;;Brasil;América do Sul
346;GeorgiaTEK Systems Inc.;Engenheiro de software;Barueri, SP;09/10 08:00;https://www.linkedin.com/jobs/view/4475227067/;https://media.licdn.com/dms/image/v2/C4D0BAQFS2nOc7k3WRA/company-logo_100_100/company-logo_100_100/0/1645584193004/georgiatek_systems_inc_logo?e=1793232000&v=beta&t=0oh1Qxg3vpgEPSPz7bU7N7CvmJ2OPwdJ7ySqq7d34QU;-;https://www.linkedin.com/company/georgiatek-systems-inc/about/;Software e Serviços de TI;backend OR java OR spring boot OR python OR django OR golang OR php OR laravel OR ruby OR ruby on rails OR c++ OR c# OR rust OR scala OR julia OR elixir OR node.js OR asp.net core;georgiatek systems inc.;1;;https://www.linkedin.com/jobs/view/4475227067/;https://www.linkedin.com/jobs/view/4475227067/;Hybrid;TI/Tech;09/10/2026;;São Paulo;SP;Região Sudeste;Brasil;América do Sul
347;GeorgiaTEK Systems Inc.;Senior Java Software Engineer;Barueri, SP;08/10 16:00;https://www.linkedin.com/jobs/view/4474824658/;https://media.licdn.com/dms/image/v2/C4D0BAQFS2nOc7k3WRA/company-logo_100_100/company-logo_100_100/0/1645584193004/georgiatek_systems_inc_logo?e=1793232000&v=beta&t=0oh1Qxg3vpgEPSPz7bU7N7CvmJ2OPwdJ7ySqq7d34QU;Advanced > Information Technology;https://www.linkedin.com/company/georgiatek-systems-inc/about/;Software e Serviços de TI;backend OR java OR spring boot OR python OR django OR golang OR php OR laravel OR ruby OR ruby on rails OR c++ OR c# OR rust OR scala OR julia OR elixir OR node.js OR asp.net core;georgiatek systems inc.;1;;https://www.linkedin.com/jobs/view/4474824658/;https://www.linkedin.com/jobs/view/4474824658/;Hybrid;Senior, TI/Tech, Engenharia Geral;09/10/2026;;São Paulo;SP;Região Sudeste;Brasil;América do Sul
348;GeorgiaTEK Systems Inc.;Senior Software Engineer;Barueri, SP;08/10 16:00;https://www.linkedin.com/jobs/view/4474853112/;https://media.licdn.com/dms/image/v2/C4D0BAQFS2nOc7k3WRA/company-logo_100_100/company-logo_100_100/0/1645584193004/georgiatek_systems_inc_logo?e=1793232000&v=beta&t=0oh1Qxg3vpgEPSPz7bU7N7CvmJ2OPwdJ7ySqq7d34QU;Advanced > Information Technology;https://www.linkedin.com/company/georgiatek-systems-inc/about/;Software e Serviços de TI;backend OR java OR spring boot OR python OR django OR golang OR php OR laravel OR ruby OR ruby on rails OR c++ OR c# OR rust OR scala OR julia OR elixir OR node.js OR asp.net core;georgiatek systems inc.;1;;https://www.linkedin.com/jobs/view/4474853112/;https://www.linkedin.com/jobs/view/4474853112/;Hybrid;Senior, TI/Tech, Engenharia Geral;09/10/2026;;São Paulo;SP;Região Sudeste;Brasil;América do Sul
349;GeorgiaTEK Systems Inc.;Senior Software Engineer - Barueri, São Paulo (Remote);Barueri, SP;08/10 16:00;https://www.linkedin.com/jobs/view/4474838526/;https://media.licdn.com/dms/image/v2/C4D0BAQFS2nOc7k3WRA/company-logo_100_100/company-logo_100_100/0/1645584193004/georgiatek_systems_inc_logo?e=1793232000&v=beta&t=0oh1Qxg3vpgEPSPz7bU7N7CvmJ2OPwdJ7ySqq7d34QU;Advanced > Information Technology;https://www.linkedin.com/company/georgiatek-systems-inc/about/;Software e Serviços de TI;backend OR java OR spring boot OR python OR django OR golang OR php OR laravel OR ruby OR ruby on rails OR c++ OR c# OR rust OR scala OR julia OR elixir OR node.js OR asp.net core;georgiatek systems inc.;1;;https://www.linkedin.com/jobs/view/4474838526/;https://www.linkedin.com/jobs/view/4474838526/;Remote;Senior, TI/Tech, Engenharia Geral;09/10/2026;;São Paulo;SP;Região Sudeste;Brasil;América do Sul
350;GeorgiaTEK Systems Inc.;Software Engineer;Barueri, SP;08/10 16:00;https://www.linkedin.com/jobs/view/4474835766/;https://media.licdn.com/dms/image/v2/C4D0BAQFS2nOc7k3WRA/company-logo_100_100/company-logo_100_100/0/1645584193004/georgiatek_systems_inc_logo?e=1793232000&v=beta&t=0oh1Qxg3vpgEPSPz7bU7N7CvmJ2OPwdJ7ySqq7d34QU;Advanced > Information Technology;https://www.linkedin.com/company/georgiatek-systems-inc/about/;Software e Serviços de TI;backend OR java OR spring boot OR python OR django OR golang OR php OR laravel OR ruby OR ruby on rails OR c++ OR c# OR rust OR scala OR julia OR elixir OR node.js OR asp.net core;georgiatek systems inc.;1;;https://www.linkedin.com/jobs/view/4474835766/;https://www.linkedin.com/jobs/view/4474835766/;Hybrid;TI/Tech, Engenharia Geral;09/10/2026;;São Paulo;SP;Região Sudeste;Brasil;América do Sul
351;GeorgiaTEK Systems Inc.;Software Engineer Tech Lead;Barueri, SP;08/10 16:00;https://www.linkedin.com/jobs/view/4474845251/;https://media.licdn.com/dms/image/v2/C4D0BAQFS2nOc7k3WRA/company-logo_100_100/company-logo_100_100/0/1645584193004/georgiatek_systems_inc_logo?e=1793232000&v=beta&t=0oh1Qxg3vpgEPSPz7bU7N7CvmJ2OPwdJ7ySqq7d34QU;Middle > Manager;https://www.linkedin.com/company/georgiatek-systems-inc/about/;Software e Serviços de TI;backend OR java OR spring boot OR python OR django OR golang OR php OR laravel OR ruby OR ruby on rails OR c++ OR c# OR rust OR scala OR julia OR elixir OR node.js OR asp.net core;georgiatek systems inc.;1;;https://www.linkedin.com/jobs/view/4474845251/;https://www.linkedin.com/jobs/view/4474845251/;Hybrid;Mid, Liderança/Gerência, TI/Tech, Engenharia Geral;09/10/2026;;São Paulo;SP;Região Sudeste;Brasil;América do Sul
352;GeorgiaTEK Systems Inc.;Software Engineer Tech Lead – Remote (Barueri, São Paulo);Barueri, SP;09/10 15:00;https://www.linkedin.com/jobs/view/4475250382/;https://media.licdn.com/dms/image/v2/C4D0BAQFS2nOc7k3WRA/company-logo_100_100/company-logo_100_100/0/1645584193004/georgiatek_systems_inc_logo?e=1793232000&v=beta&t=0oh1Qxg3vpgEPSPz7bU7N7CvmJ2OPwdJ7ySqq7d34QU;Middle > Manager;https://www.linkedin.com/company/georgiatek-systems-inc/about/;Software e Serviços de TI;backend OR java OR spring boot OR python OR django OR golang OR php OR laravel OR ruby OR ruby on rails OR c++ OR c# OR rust OR scala OR julia OR elixir OR node.js OR asp.net core;georgiatek systems inc.;1;;https://www.linkedin.com/jobs/view/4475250382/;https://www.linkedin.com/jobs/view/4475250382/;Remote;Mid, Liderança/Gerência, TI/Tech, Engenharia Geral;09/10/2026;;São Paulo;SP;Região Sudeste;Brasil;América do Sul
353;GeorgiaTEK Systems Inc.;Senior Java Software Engineer;Brasil;08/10 16:00;https://www.linkedin.com/jobs/view/4474831891/;https://media.licdn.com/dms/image/v2/C4D0BAQFS2nOc7k3WRA/company-logo_100_100/company-logo_100_100/0/1645584193004/georgiatek_systems_inc_logo?e=1793232000&v=beta&t=0oh1Qxg3vpgEPSPz7bU7N7CvmJ2OPwdJ7ySqq7d34QU;Advanced > Information Technology;https://www.linkedin.com/company/georgiatek-systems-inc/about/;Software e Serviços de TI;backend OR java OR spring boot OR python OR django OR golang OR php OR laravel OR ruby OR ruby on rails OR c++ OR c# OR rust OR scala OR julia OR elixir OR node.js OR asp.net core;georgiatek systems inc.;1;;https://www.linkedin.com/jobs/view/4474831891/;https://www.linkedin.com/jobs/view/4474831891/;Remote;Senior, TI/Tech, Engenharia Geral;09/10/2026;;;;;Brasil;América do Sul
354;GeorgiaTEK Systems Inc.;Senior Software Engineer;Brasil;08/10 16:00;https://www.linkedin.com/jobs/view/4474819840/;https://media.licdn.com/dms/image/v2/C4D0BAQFS2nOc7k3WRA/company-logo_100_100/company-logo_100_100/0/1645584193004/georgiatek_systems_inc_logo?e=1793232000&v=beta&t=0oh1Qxg3vpgEPSPz7bU7N7CvmJ2OPwdJ7ySqq7d34QU;Advanced > Information Technology;https://www.linkedin.com/company/georgiatek-systems-inc/about/;Software e Serviços de TI;backend OR java OR spring boot OR python OR django OR golang OR php OR laravel OR ruby OR ruby on rails OR c++ OR c# OR rust OR scala OR julia OR elixir OR node.js OR asp.net core;georgiatek systems inc.;1;;https://www.linkedin.com/jobs/view/4474819840/;https://www.linkedin.com/jobs/view/4474819840/;Remote;Senior, TI/Tech, Engenharia Geral;09/10/2026;;;;;Brasil;América do Sul
355;GeorgiaTEK Systems Inc.;Software Engineer;Brasil;09/10 11:00;https://www.linkedin.com/jobs/view/4475238154/;https://media.licdn.com/dms/image/v2/C4D0BAQFS2nOc7k3WRA/company-logo_100_100/company-logo_100_100/0/1645584193004/georgiatek_systems_inc_logo?e=1793232000&v=beta&t=0oh1Qxg3vpgEPSPz7bU7N7CvmJ2OPwdJ7ySqq7d34QU;Advanced > Information Technology;https://www.linkedin.com/company/georgiatek-systems-inc/about/;Software e Serviços de TI;backend OR java OR spring boot OR python OR django OR golang OR php OR laravel OR ruby OR ruby on rails OR c++ OR c# OR rust OR scala OR julia OR elixir OR node.js OR asp.net core;georgiatek systems inc.;1;;https://www.linkedin.com/jobs/view/4475238154/;https://www.linkedin.com/jobs/view/4475238154/;Remote;TI/Tech, Engenharia Geral;09/10/2026;;;;;Brasil;América do Sul
356;GeorgiaTEK Systems Inc.;Software Engineer;Brasil;08/10 16:00;https://www.linkedin.com/jobs/view/4474844399/;https://media.licdn.com/dms/image/v2/C4D0BAQFS2nOc7k3WRA/company-logo_100_100/company-logo_100_100/0/1645584193004/georgiatek_systems_inc_logo?e=1793232000&v=beta&t=0oh1Qxg3vpgEPSPz7bU7N7CvmJ2OPwdJ7ySqq7d34QU;Advanced > Information Technology;https://www.linkedin.com/company/georgiatek-systems-inc/about/;Software e Serviços de TI;backend OR java OR spring boot OR python OR django OR golang OR php OR laravel OR ruby OR ruby on rails OR c++ OR c# OR rust OR scala OR julia OR elixir OR node.js OR asp.net core;georgiatek systems inc.;1;;https://www.linkedin.com/jobs/view/4474844399/;https://www.linkedin.com/jobs/view/4474844399/;Remote;TI/Tech, Engenharia Geral;09/10/2026;;;;;Brasil;América do Sul
357;GeorgiaTEK Systems Inc.;Software Engineer Tech Lead;Brasil;09/10 15:00;https://www.linkedin.com/jobs/view/4475255152/;https://media.licdn.com/dms/image/v2/C4D0BAQFS2nOc7k3WRA/company-logo_100_100/company-logo_100_100/0/1645584193004/georgiatek_systems_inc_logo?e=1793232000&v=beta&t=0oh1Qxg3vpgEPSPz7bU7N7CvmJ2OPwdJ7ySqq7d34QU;Middle > Manager;https://www.linkedin.com/company/georgiatek-systems-inc/about/;Software e Serviços de TI;backend OR java OR spring boot OR python OR django OR golang OR php OR laravel OR ruby OR ruby on rails OR c++ OR c# OR rust OR scala OR julia OR elixir OR node.js OR asp.net core;georgiatek systems inc.;1;;https://www.linkedin.com/jobs/view/4475255152/;https://www.linkedin.com/jobs/view/4475255152/;Remote;Mid, Liderança/Gerência, TI/Tech, Engenharia Geral;09/10/2026;;;;;Brasil;América do Sul
358;GeorgiaTEK Systems Inc.;Software Engineer Tech Lead;Brasil;09/10 05:00;https://www.linkedin.com/jobs/view/4474894482/;https://media.licdn.com/dms/image/v2/C4D0BAQFS2nOc7k3WRA/company-logo_100_100/company-logo_100_100/0/1645584193004/georgiatek_systems_inc_logo?e=1793232000&v=beta&t=0oh1Qxg3vpgEPSPz7bU7N7CvmJ2OPwdJ7ySqq7d34QU;Middle > Manager;https://www.linkedin.com/company/georgiatek-systems-inc/about/;Software e Serviços de TI;backend OR java OR spring boot OR python OR django OR golang OR php OR laravel OR ruby OR ruby on rails OR c++ OR c# OR rust OR scala OR julia OR elixir OR node.js OR asp.net core;georgiatek systems inc.;1;;https://www.linkedin.com/jobs/view/4474894482/;https://www.linkedin.com/jobs/view/4474894482/;Remote;Mid, Liderança/Gerência, TI/Tech, Engenharia Geral;09/10/2026;;;;;Brasil;América do Sul
359;GeorgiaTEK Systems Inc.;Technical Lead;Brasil;09/10 15:00;https://www.linkedin.com/jobs/view/4475239854/;https://media.licdn.com/dms/image/v2/C4D0BAQFS2nOc7k3WRA/company-logo_100_100/company-logo_100_100/0/1645584193004/georgiatek_systems_inc_logo?e=1793232000&v=beta&t=0oh1Qxg3vpgEPSPz7bU7N7CvmJ2OPwdJ7ySqq7d34QU;Middle > Manager;https://www.linkedin.com/company/georgiatek-systems-inc/about/;Software e Serviços de TI;backend OR java OR spring boot OR python OR django OR golang OR php OR laravel OR ruby OR ruby on rails OR c++ OR c# OR rust OR scala OR julia OR elixir OR node.js OR asp.net core;georgiatek systems inc.;1;;https://www.linkedin.com/jobs/view/4475239854/;https://www.linkedin.com/jobs/view/4475239854/;Remote;Mid, Liderança/Gerência, TI/Tech;09/10/2026;;;;;Brasil;América do Sul
360;GeorgiaTEK Systems Inc.;Lead Software Engineer – Java & Cloud;Grande São Paulo (SP) ;08/10 19:00;https://www.linkedin.com/jobs/view/4476213590/;https://media.licdn.com/dms/image/v2/C4D0BAQFS2nOc7k3WRA/company-logo_100_100/company-logo_100_100/0/1645584193004/georgiatek_systems_inc_logo?e=1793232000&v=beta&t=0oh1Qxg3vpgEPSPz7bU7N7CvmJ2OPwdJ7ySqq7d34QU;Specific > Cloud;https://www.linkedin.com/company/georgiatek-systems-inc/about/;Software e Serviços de TI;backend OR java OR spring boot OR python OR django OR golang OR php OR laravel OR ruby OR ruby on rails OR c++ OR c# OR rust OR scala OR julia OR elixir OR node.js OR asp.net core;georgiatek systems inc.;1;;https://www.linkedin.com/jobs/view/4476213590/;https://www.linkedin.com/jobs/view/4476213590/;Hybrid;Mid, Liderança/Gerência, TI/Tech, Engenharia Geral;09/10/2026;;São Paulo;SP;Região Sudeste;Brasil;América do Sul
361;GeorgiaTEK Systems Inc.;Lead Software Engineer;SP;08/10 16:00;https://www.linkedin.com/jobs/view/4474854010/;https://media.licdn.com/dms/image/v2/C4D0BAQFS2nOc7k3WRA/company-logo_100_100/company-logo_100_100/0/1645584193004/georgiatek_systems_inc_logo?e=1793232000&v=beta&t=0oh1Qxg3vpgEPSPz7bU7N7CvmJ2OPwdJ7ySqq7d34QU;Middle > Manager;https://www.linkedin.com/company/georgiatek-systems-inc/about/;Software e Serviços de TI;backend OR java OR spring boot OR python OR django OR golang OR php OR laravel OR ruby OR ruby on rails OR c++ OR c# OR rust OR scala OR julia OR elixir OR node.js OR asp.net core;georgiatek systems inc.;1;;https://www.linkedin.com/jobs/view/4474854010/;https://www.linkedin.com/jobs/view/4474854010/;Hybrid;Mid, Liderança/Gerência, TI/Tech, Engenharia Geral;09/10/2026;;São Paulo;SP;Região Sudeste;Brasil;América do Sul
362;GeorgiaTEK Systems Inc.;Senior Software Engineer;SP;08/10 19:00;https://www.linkedin.com/jobs/view/4476205749/;https://media.licdn.com/dms/image/v2/C4D0BAQFS2nOc7k3WRA/company-logo_100_100/company-logo_100_100/0/1645584193004/georgiatek_systems_inc_logo?e=1793232000&v=beta&t=0oh1Qxg3vpgEPSPz7bU7N7CvmJ2OPwdJ7ySqq7d34QU;Advanced > Information Technology;https://www.linkedin.com/company/georgiatek-systems-inc/about/;Software e Serviços de TI;backend OR java OR spring boot OR python OR django OR golang OR php OR laravel OR ruby OR ruby on rails OR c++ OR c# OR rust OR scala OR julia OR elixir OR node.js OR asp.net core;georgiatek systems inc.;1;;https://www.linkedin.com/jobs/view/4476205749/;https://www.linkedin.com/jobs/view/4476205749/;Hybrid;Senior, TI/Tech, Engenharia Geral;09/10/2026;;São Paulo;SP;Região Sudeste;Brasil;América do Sul
363;Global System™;Devops - SR;Recife, PE;08/10 16:00;https://www.linkedin.com/jobs/view/4476238343/;https://media.licdn.com/dms/image/v2/D4D0BAQFCfipa25NN3Q/company-logo_100_100/B4DZUpno21GcAU-/0/1740160012090/globalsystem_logo?e=1793232000&v=beta&t=l-DqKG7PnMB0rW7uzLqrBPHmLF2Q5Rm0B6rMHufBlms;-;https://www.linkedin.com/company/global-system/about/;-;backend OR java OR spring boot OR python OR django OR golang OR php OR laravel OR ruby OR ruby on rails OR c++ OR c# OR rust OR scala OR julia OR elixir OR node.js OR asp.net core;global system™;1;;https://www.linkedin.com/jobs/view/4476238343/;https://www.linkedin.com/jobs/view/4476238343/;On-site;Senior, DevOps;09/10/2026;;Pernambuco;PE;Região Nordeste;Brasil;América do Sul
364;Global TI;Desenvolvedor full stack;SP;08/10 16:00;https://www.linkedin.com/jobs/view/4474830868/;https://media.licdn.com/dms/image/v2/D4D0BAQHVCmqkB5zWtg/company-logo_100_100/B4DZ.k7F2_I0AI-/0/1785178381980/global_ti_logo?e=1793232000&v=beta&t=QPp3qRb6jhHaOaaMbBYM9n9zj7OpCBJqavtUHe7UqFM;-;https://www.linkedin.com/company/global-ti/about/;Software e Serviços de TI;backend OR java OR spring boot OR python OR django OR golang OR php OR laravel OR ruby OR ruby on rails OR c++ OR c# OR rust OR scala OR julia OR elixir OR node.js OR asp.net core;global ti;1;;https://www.linkedin.com/jobs/view/4474830868/;https://www.linkedin.com/jobs/view/4474830868/;Hybrid;Full Stack;09/10/2026;;São Paulo;SP;Região Sudeste;Brasil;América do Sul
365;Grendene S/A;Desenvolvedor(a) de Sistemas e Processos de Engenharia;Farroupilha, RS;09/10 08:00;https://www.linkedin.com/jobs/view/4475216400/;https://media.licdn.com/dms/image/v2/C4D0BAQFPhF7jCqc3IQ/company-logo_100_100/company-logo_100_100/0/1673005651400/grendene_sa_logo?e=1793232000&v=beta&t=gIp1nNNu_PjndMTq_HUqs2LEVU8TxxqTPla_Hb8YAh8;Advanced > Process & Automation;https://www.linkedin.com/company/grendene-s-a/about/;Software e Serviços de TI;backend OR java OR spring boot OR python OR django OR golang OR php OR laravel OR ruby OR ruby on rails OR c++ OR c# OR rust OR scala OR julia OR elixir OR node.js OR asp.net core;grendene s/a;1;;https://www.linkedin.com/jobs/view/4475216400/;https://www.linkedin.com/jobs/view/4475216400/;On-site;TI/Tech, Processos/Excelência, Engenharia Geral;09/10/2026;;Rio Grande do Sul;RS;Região Sul;Brasil;América do Sul
366;Gringo;Engenheiro(a) de Software;Brasil;09/10 15:00;https://www.linkedin.com/jobs/view/4475253327/;https://media.licdn.com/dms/image/v2/C4D0BAQGIKf264HsvFQ/company-logo_100_100/company-logo_100_100/0/1631741347631?e=1793232000&v=beta&t=fqbgyx3y-mjCE5jwPZ30Yj0gYLQTuLG_gNBDZfTf1fY;-;https://www.linkedin.com/company/gringo/about/;Software e Serviços de TI;backend OR java OR spring boot OR python OR django OR golang OR php OR laravel OR ruby OR ruby on rails OR c++ OR c# OR rust OR scala OR julia OR elixir OR node.js OR asp.net core;gringo;1;;https://www.linkedin.com/jobs/view/4475253327/;https://www.linkedin.com/jobs/view/4475253327/;Remote;TI/Tech;09/10/2026;;;;;Brasil;América do Sul
367;Grupo Boticário;Pessoa Desenvolvedora Full-stack Kotlin/React - Dev II;Brasil;09/10 11:00;https://www.linkedin.com/jobs/view/4477690972/;https://media.licdn.com/dms/image/v2/C4D0BAQE2uTXvISMMwA/company-logo_100_100/company-logo_100_100/0/1630548701849/grupo_boticario_logo?e=1793232000&v=beta&t=x9GDD70IyIjawlE0aM0c3sos1ZXZnuAOAEB0OYhHKRw;Advanced > Information Technology;https://www.linkedin.com/company/grupo-botic-rio/about/;Moda e Beleza;backend OR java OR spring boot OR python OR django OR golang OR php OR laravel OR ruby OR ruby on rails OR c++ OR c# OR rust OR scala OR julia OR elixir OR node.js OR asp.net core;grupo boticário;1;;https://www.linkedin.com/jobs/view/4477690972/;https://www.linkedin.com/jobs/view/4477690972/;Remote;PCD / Afirmativa, Full Stack;09/10/2026;;;;;Brasil;América do Sul
368;Grupo Botuverá;Analista de Programação Júnior - Rondonópolis/MT;Rondonópolis, MT;08/10 16:00;https://www.linkedin.com/jobs/view/4476234426/;https://media.licdn.com/dms/image/v2/C510BAQHNXMN_kXiMpA/company-logo_100_100/company-logo_100_100/0/1631392579704?e=1793232000&v=beta&t=7mCWroxi6lWOfTKPNUry7QiuWKJ0VZgZTUWtoBti0ik;Advanced > Specialist;https://www.linkedin.com/company/grupo-botuver/about/;-;backend OR java OR spring boot OR python OR django OR golang OR php OR laravel OR ruby OR ruby on rails OR c++ OR c# OR rust OR scala OR julia OR elixir OR node.js OR asp.net core;grupo botuverá;1;;https://www.linkedin.com/jobs/view/4476234426/;https://www.linkedin.com/jobs/view/4476234426/;On-site;Junior, Associate;09/10/2026;;Mato Grosso;MT;Região Centro-Oeste;Brasil;América do Sul
369;Grupo Carrefour Brasil;Pessoa Tech Lead II;São Paulo, SP;08/10 16:00;https://www.linkedin.com/jobs/view/4474464879/;https://media.licdn.com/dms/image/v2/D4D0BAQEoVrbH0kGDjw/company-logo_100_100/B4DZ0_Y13UJ4AQ-/0/1774884970760/grupocarrefourbrasil_logo?e=1793232000&v=beta&t=tG3K6hFetImsF2aty46ylIulYFZttYJQ02acx0tMCYA;Middle > Manager;https://www.linkedin.com/company/grupo-carrefour-brasil/about/;Software e Serviços de TI;backend OR java OR spring boot OR python OR django OR golang OR php OR laravel OR ruby OR ruby on rails OR c++ OR c# OR rust OR scala OR julia OR elixir OR node.js OR asp.net core;grupo carrefour brasil;1;;https://www.linkedin.com/jobs/view/4474464879/;https://www.linkedin.com/jobs/view/4474464879/;Hybrid;PCD / Afirmativa, Mid, Liderança/Gerência, TI/Tech;09/10/2026;;São Paulo;SP;Região Sudeste;Brasil;América do Sul
370;Grupo FAN;Estagiário Inovação Jr;Aquiraz, CE;09/10 00:00;https://www.linkedin.com/jobs/view/4474871676/;https://media.licdn.com/dms/image/v2/D4D0BAQFFnMK3fcyZ2w/company-logo_100_100/company-logo_100_100/0/1701871826053/grupofan_logo?e=1793232000&v=beta&t=mgmZx1XoVEdefjLqj4jJAM7hsSK1Blim8qbdZDOoWO4;-;https://www.linkedin.com/company/grupo-fan/about/;-;backend OR java OR spring boot OR python OR django OR golang OR php OR laravel OR ruby OR ruby on rails OR c++ OR c# OR rust OR scala OR julia OR elixir OR node.js OR asp.net core;grupo fan;1;;https://www.linkedin.com/jobs/view/4474871676/;https://www.linkedin.com/jobs/view/4474871676/;On-site;Junior, Intern, Inovação/P&D;09/10/2026;;Ceará;CE;Região Nordeste;Brasil;América do Sul
371;Grupo Muffato;ANALISTA DE PROGRAMAÇÃO I;Brasil;09/10 00:00;https://www.linkedin.com/jobs/view/4474868763/;https://media.licdn.com/dms/image/v2/D4D0BAQEUuTZWsbKZmw/company-logo_100_100/B4DZcNwx4wG8AQ-/0/1748282580980/grupomuffato_logo?e=1793232000&v=beta&t=wf8-giJqlkJDciDKseRpy_18Ju5ARMz7JUzWKo2d5l4;Advanced > Specialist;https://www.linkedin.com/company/grupo-muffato/about/;-;backend OR java OR spring boot OR python OR django OR golang OR php OR laravel OR ruby OR ruby on rails OR c++ OR c# OR rust OR scala OR julia OR elixir OR node.js OR asp.net core;grupo muffato;1;;https://www.linkedin.com/jobs/view/4474868763/;https://www.linkedin.com/jobs/view/4474868763/;On-site;Associate;09/10/2026;;;;;Brasil;América do Sul
372;Grupo Muffato;ANALISTA DE PROGRAMAÇÃO I;Londrina, PR;08/10 16:00;https://www.linkedin.com/jobs/view/4474477734/;https://media.licdn.com/dms/image/v2/D4D0BAQEUuTZWsbKZmw/company-logo_100_100/B4DZcNwx4wG8AQ-/0/1748282580980/grupomuffato_logo?e=1793232000&v=beta&t=wf8-giJqlkJDciDKseRpy_18Ju5ARMz7JUzWKo2d5l4;Advanced > Specialist;https://www.linkedin.com/company/grupo-muffato/about/;-;backend OR java OR spring boot OR python OR django OR golang OR php OR laravel OR ruby OR ruby on rails OR c++ OR c# OR rust OR scala OR julia OR elixir OR node.js OR asp.net core;grupo muffato;1;;https://www.linkedin.com/jobs/view/4474477734/;https://www.linkedin.com/jobs/view/4474477734/;On-site;Associate;09/10/2026;;Paraná;PR;Região Sul;Brasil;América do Sul
373;HCLTech;COTS Lead - Hibrido;Curitiba, PR;08/10 19:00;https://www.linkedin.com/jobs/view/4475996930/;https://media.licdn.com/dms/image/v2/D560BAQFQ04a2301XUA/company-logo_100_100/B56Z_8GT9HHIAU-/0/1786640941074/hcltech_logo?e=1793232000&v=beta&t=9PrVl9mJUrLSq2LhDGcwM65QNj8DKT40h05pTPB5ls8;Middle > Manager;https://www.linkedin.com/company/hcltech/about/;Software e Serviços de TI;backend OR java OR spring boot OR python OR django OR golang OR php OR laravel OR ruby OR ruby on rails OR c++ OR c# OR rust OR scala OR julia OR elixir OR node.js OR asp.net core;hcltech;1;;https://www.linkedin.com/jobs/view/4475996930/;https://www.linkedin.com/jobs/view/4475996930/;Hybrid;Mid, Liderança/Gerência;09/10/2026;;Paraná;PR;Região Sul;Brasil;América do Sul
374;Hays;Desenvolvedor Backend Sênior (E-commerce);Brasil;08/10 16:00;https://www.linkedin.com/jobs/view/4477412711/;https://media.licdn.com/dms/image/v2/D4E0BAQETReujByGYaw/company-logo_100_100/B4EZfKYuQyGwAQ-/0/1751447168431/hays_logo?e=1793232000&v=beta&t=veeZl73bx0WLUaCVqBSqrF5vI30Qc-QBCJzS9VeUJ98;-;https://www.linkedin.com/company/hays/about/;-;backend OR java OR spring boot OR python OR django OR golang OR php OR laravel OR ruby OR ruby on rails OR c++ OR c# OR rust OR scala OR julia OR elixir OR node.js OR asp.net core;hays;1;;https://www.linkedin.com/jobs/view/4477412711/;https://www.linkedin.com/jobs/view/4477412711/;Remote;Senior, Backend;09/10/2026;;;;;Brasil;América do Sul
375;Hays;IT Data Engineer de IA;São Paulo, SP;08/10 16:00;https://www.linkedin.com/jobs/view/4476744504/;https://media.licdn.com/dms/image/v2/D4E0BAQETReujByGYaw/company-logo_100_100/B4EZfKYuQyGwAQ-/0/1751447168431/hays_logo?e=1793232000&v=beta&t=veeZl73bx0WLUaCVqBSqrF5vI30Qc-QBCJzS9VeUJ98;Data & Ai > Data Engineering;https://www.linkedin.com/company/hays/about/;Dados e Analytics;backend OR java OR spring boot OR python OR django OR golang OR php OR laravel OR ruby OR ruby on rails OR c++ OR c# OR rust OR scala OR julia OR elixir OR node.js OR asp.net core;hays;1;;https://www.linkedin.com/jobs/view/4476744504/;https://www.linkedin.com/jobs/view/4476744504/;Hybrid;Inteligência Artificial, Dados/Analytics, Engenharia Geral;09/10/2026;;São Paulo;SP;Região Sudeste;Brasil;América do Sul
376;Hitachi Energy;Technical Leader Manager;Guarulhos, SP;08/10 16:00;https://www.linkedin.com/jobs/view/4476935553/;https://media.licdn.com/dms/image/v2/D4E0BAQFORxmRRI944Q/company-logo_100_100/B4EZZZAW8eHUAY-/0/1745249989009/hitachienergy_logo?e=1793232000&v=beta&t=on6Sx-RHiZEGbVjKeykkzhAUIolBhB4oDDWEca6fzz4;Middle > Manager;https://www.linkedin.com/company/hitachi-energy/about/;Energia e Combustíveis;backend OR java OR spring boot OR python OR django OR golang OR php OR laravel OR ruby OR ruby on rails OR c++ OR c# OR rust OR scala OR julia OR elixir OR node.js OR asp.net core;hitachi energy;1;;https://www.linkedin.com/jobs/view/4476935553/;https://www.linkedin.com/jobs/view/4476935553/;Hybrid;Mid, Liderança/Gerência, TI/Tech;09/10/2026;;São Paulo;SP;Região Sudeste;Brasil;América do Sul
377;Holistiplan;Backend Engineer;Brasil;09/10 12:00;https://www.linkedin.com/jobs/view/4477825061/;https://media.licdn.com/dms/image/v2/D560BAQFEckVO2NiRGg/company-logo_100_100/company-logo_100_100/0/1737126144702/holistiplan_logo?e=1793232000&v=beta&t=ZjanYB5xFPYVzmqj2oQJ_JE4KpXFUOT4IeR33IoO-do;Advanced > Information Technology;https://www.linkedin.com/company/holistiplan/about/;Software e Serviços de TI;backend OR java OR spring boot OR python OR django OR golang OR php OR laravel OR ruby OR ruby on rails OR c++ OR c# OR rust OR scala OR julia OR elixir OR node.js OR asp.net core;holistiplan;1;;https://www.linkedin.com/jobs/view/4477825061/;https://www.linkedin.com/jobs/view/4477825061/;Remote;Backend, Engenharia Geral;09/10/2026;;;;;Brasil;América do Sul
378;Housecall Pro;Senior Software Engineer;Brasil;09/10 10:00;https://www.linkedin.com/jobs/view/4468822782/;https://media.licdn.com/dms/image/v2/D560BAQGCFWjcR89VSg/company-logo_100_100/B56ZxD4No4IEAQ-/0/1770665336021/housecallpro_logo?e=1793232000&v=beta&t=EzOBSqVhamoFCfPIwTL2fvCeHzt1ZZha6dmBvIKlM7w;Advanced > Information Technology;https://www.linkedin.com/company/housecall-pro/about/;Software e Serviços de TI;backend OR java OR spring boot OR python OR django OR golang OR php OR laravel OR ruby OR ruby on rails OR c++ OR c# OR rust OR scala OR julia OR elixir OR node.js OR asp.net core;housecall pro;1;;https://www.linkedin.com/jobs/view/4468822782/;https://www.linkedin.com/jobs/view/4468822782/;Remote;Senior, TI/Tech, Engenharia Geral;09/10/2026;;;;;Brasil;América do Sul
379;IBM;Application Developer - STUDENT CONVERSION;São Paulo, SP;09/10 14:00;https://www.linkedin.com/jobs/view/4475219909/;https://media.licdn.com/dms/image/v2/D560BAQGiz5ecgpCtkA/company-logo_100_100/company-logo_100_100/0/1688684715866/ibm_logo?e=1793232000&v=beta&t=DgkLGwMu-PfHy1TpETxhx_Uzk5i8eBfW5X7cKbOUB_c;Advanced > Information Technology;https://www.linkedin.com/company/ibm/about/;Software e Serviços de TI;backend OR java OR spring boot OR python OR django OR golang OR php OR laravel OR ruby OR ruby on rails OR c++ OR c# OR rust OR scala OR julia OR elixir OR node.js OR asp.net core;ibm;1;;https://www.linkedin.com/jobs/view/4475219909/;https://www.linkedin.com/jobs/view/4475219909/;Hybrid;-;09/10/2026;;São Paulo;SP;Região Sudeste;Brasil;América do Sul
380;INDT Innovation;Desenvolvedor(a) Full-Stack .NET Sênior;SP;09/10 09:00;https://www.linkedin.com/jobs/view/4477667913/;https://media.licdn.com/dms/image/v2/D4D0BAQEL4bt3RJnyaw/company-logo_100_100/B4DZ0wq7zlIIAQ-/0/1774638055229/indt_innovation_logo?e=1793232000&v=beta&t=FDfjpm6OXNi4IbKQ-TUwNbyP1tEnH7mpy4jmsKZC2Po;-;https://www.linkedin.com/company/indt-innovation/about/;Software e Serviços de TI;backend OR java OR spring boot OR python OR django OR golang OR php OR laravel OR ruby OR ruby on rails OR c++ OR c# OR rust OR scala OR julia OR elixir OR node.js OR asp.net core;indt innovation;1;;https://www.linkedin.com/jobs/view/4477667913/;https://www.linkedin.com/jobs/view/4477667913/;Remote;Senior, Full Stack;09/10/2026;;São Paulo;SP;Região Sudeste;Brasil;América do Sul
381;Inetum;Desenvolvedor(a) Full Stack Sênior;São Paulo, SP;08/10 16:00;https://www.linkedin.com/jobs/view/4477428504/;https://media.licdn.com/dms/image/v2/D4E0BAQGXCWtYPQqNWA/company-logo_100_100/B4EZwJQyCRGsAU-/0/1769681920574/inetum_logo?e=1793232000&v=beta&t=qgwfh2nyBYoMU3CUu-2JyhyFKQGELaAvsNnwcgpq0IM;-;https://www.linkedin.com/company/inetum/about/;-;backend OR java OR spring boot OR python OR django OR golang OR php OR laravel OR ruby OR ruby on rails OR c++ OR c# OR rust OR scala OR julia OR elixir OR node.js OR asp.net core;inetum;1;;https://www.linkedin.com/jobs/view/4477428504/;https://www.linkedin.com/jobs/view/4477428504/;On-site;Senior, Full Stack;09/10/2026;;São Paulo;SP;Região Sudeste;Brasil;América do Sul
382;Infios;Senior Software Engineer;Brasil;09/10 10:00;https://www.linkedin.com/jobs/view/4432147103/;https://media.licdn.com/dms/image/v2/D4E0BAQFgx3nbCGNusw/company-logo_100_100/B4EZsTHcD5GoAQ-/0/1765552276026/infios_logo?e=1793232000&v=beta&t=5ScAbT3lv_NGAOOrXlIUAkBwzQ7iWTV4DYkvwzfUj5w;Advanced > Information Technology;https://www.linkedin.com/company/infios/about/;Software e Serviços de TI;backend OR java OR spring boot OR python OR django OR golang OR php OR laravel OR ruby OR ruby on rails OR c++ OR c# OR rust OR scala OR julia OR elixir OR node.js OR asp.net core;infios;1;;https://www.linkedin.com/jobs/view/4432147103/;https://www.linkedin.com/jobs/view/4432147103/;Remote;Senior, TI/Tech, Engenharia Geral;09/10/2026;;;;;Brasil;América do Sul
383;Infios;Software Engineer;Brasil;09/10 11:00;https://www.linkedin.com/jobs/view/4440783699/;https://media.licdn.com/dms/image/v2/D4E0BAQFgx3nbCGNusw/company-logo_100_100/B4EZsTHcD5GoAQ-/0/1765552276026/infios_logo?e=1793232000&v=beta&t=5ScAbT3lv_NGAOOrXlIUAkBwzQ7iWTV4DYkvwzfUj5w;Advanced > Information Technology;https://www.linkedin.com/company/infios/about/;Software e Serviços de TI;backend OR java OR spring boot OR python OR django OR golang OR php OR laravel OR ruby OR ruby on rails OR c++ OR c# OR rust OR scala OR julia OR elixir OR node.js OR asp.net core;infios;1;;https://www.linkedin.com/jobs/view/4440783699/;https://www.linkedin.com/jobs/view/4440783699/;Remote;TI/Tech, Engenharia Geral;09/10/2026;;;;;Brasil;América do Sul
384;Infios;Solution Consultant L3;Brasil;09/10 10:00;https://www.linkedin.com/jobs/view/4424241715/;https://media.licdn.com/dms/image/v2/D4E0BAQFgx3nbCGNusw/company-logo_100_100/B4EZsTHcD5GoAQ-/0/1765552276026/infios_logo?e=1793232000&v=beta&t=5ScAbT3lv_NGAOOrXlIUAkBwzQ7iWTV4DYkvwzfUj5w;Advanced > Specialist;https://www.linkedin.com/company/infios/about/;Software e Serviços de TI;backend OR java OR spring boot OR python OR django OR golang OR php OR laravel OR ruby OR ruby on rails OR c++ OR c# OR rust OR scala OR julia OR elixir OR node.js OR asp.net core;infios;1;;https://www.linkedin.com/jobs/view/4424241715/;https://www.linkedin.com/jobs/view/4424241715/;Remote;Consultor;09/10/2026;;;;;Brasil;América do Sul
385;Infox;Analista de Sistemas Java - Sustentação;São Paulo, SP;08/10 16:00;https://www.linkedin.com/jobs/view/4475710886/;https://media.licdn.com/dms/image/v2/D4D0BAQHVbFfyGKRdPw/company-logo_100_100/B4DZ_dA9vkKgAI-/0/1786119445707/infox_ti_logo?e=1793232000&v=beta&t=k5rckZjQSuTPBjoSgP9KJZ3dR_oh6M5oar_d7AhVAT4;Advanced > Specialist;https://www.linkedin.com/company/infox/about/;Software e Serviços de TI;backend OR java OR spring boot OR python OR django OR golang OR php OR laravel OR ruby OR ruby on rails OR c++ OR c# OR rust OR scala OR julia OR elixir OR node.js OR asp.net core;infox;1;;https://www.linkedin.com/jobs/view/4475710886/;https://www.linkedin.com/jobs/view/4475710886/;Hybrid;Associate, TI/Tech, Sustentação/O&M;09/10/2026;;São Paulo;SP;Região Sudeste;Brasil;América do Sul
386;Innvo Labs;Desenvolvedor .NET Sênior;Curitiba, PR;09/10 13:00;https://www.linkedin.com/jobs/view/4477809874/;https://media.licdn.com/dms/image/v2/D4D0BAQHY7PmGn-8yLw/company-logo_100_100/B4DZ4cwUf2KYAQ-/0/1778598889917/innvo_logo?e=1793232000&v=beta&t=MPG2ZfA7QZisZVNwOrd8pE7hB5v30lMXjpkp5Uhw2uM;-;https://www.linkedin.com/company/innvo-labs/about/;-;backend OR java OR spring boot OR python OR django OR golang OR php OR laravel OR ruby OR ruby on rails OR c++ OR c# OR rust OR scala OR julia OR elixir OR node.js OR asp.net core;innvo labs;1;;https://www.linkedin.com/jobs/view/4477809874/;https://www.linkedin.com/jobs/view/4477809874/;Hybrid;Senior;09/10/2026;;Paraná;PR;Região Sul;Brasil;América do Sul
387;Insightful Consulting;Desenvolvedor full stack;Brasil;09/10 10:00;https://www.linkedin.com/jobs/view/4475230341/;https://media.licdn.com/dms/image/v2/C4D0BAQF9D81ekOGfMA/company-logo_100_100/company-logo_100_100/0/1660845525962/verotthi_consultores_logo?e=1793232000&v=beta&t=A4S7BLuiznJXO_vgS_-avoytml2Tnbi_sA7M-ByMdnY;-;https://www.linkedin.com/company/insightful-consulting/about/;Consultoria e Assessoria;backend OR java OR spring boot OR python OR django OR golang OR php OR laravel OR ruby OR ruby on rails OR c++ OR c# OR rust OR scala OR julia OR elixir OR node.js OR asp.net core;insightful consulting;1;;https://www.linkedin.com/jobs/view/4475230341/;https://www.linkedin.com/jobs/view/4475230341/;Remote;Full Stack;09/10/2026;;;;;Brasil;América do Sul
388;Insper Instituto de Ensino e Pesquisa;Supervisor de Desenvolvimento de Sistemas;São Paulo, SP;08/10 16:00;https://www.linkedin.com/jobs/view/4474886038/;https://media.licdn.com/dms/image/v2/D4D0BAQHZHGPOd3qWCA/company-logo_100_100/B4DZV2VjXzG8AQ-/0/1741447116658/insper_edu_logo?e=1793232000&v=beta&t=sB4N9LFzAxcsU-zGJfKrQd5OQYbZkxDJK54p_dfEKDg;Middle > Manager;https://www.linkedin.com/company/insper-instituto-de-ensino-e-pesquisa/about/;Software e Serviços de TI;backend OR java OR spring boot OR python OR django OR golang OR php OR laravel OR ruby OR ruby on rails OR c++ OR c# OR rust OR scala OR julia OR elixir OR node.js OR asp.net core;insper instituto de ensino e pesquisa;1;;https://www.linkedin.com/jobs/view/4474886038/;https://www.linkedin.com/jobs/view/4474886038/;Hybrid;Mid, Liderança/Gerência, TI/Tech;09/10/2026;;São Paulo;SP;Região Sudeste;Brasil;América do Sul
389;Intelbras;28827 | Pessoa Analista de Desenvolvimento de Produtos II | Back End;São José, SC;08/10 16:00;https://www.linkedin.com/jobs/view/4475703719/;https://media.licdn.com/dms/image/v2/D4D0BAQHOEHcO4IY2Vg/company-logo_100_100/company-logo_100_100/0/1730477660600/intelbras_logo?e=1793232000&v=beta&t=agCP9rpngrdx9ZvDIt3rZJE0__uaTo9UFR9aphWeWmk;Advanced > Specialist;https://www.linkedin.com/company/intelbras/about/;Hardware e Eletrônicos;backend OR java OR spring boot OR python OR django OR golang OR php OR laravel OR ruby OR ruby on rails OR c++ OR c# OR rust OR scala OR julia OR elixir OR node.js OR asp.net core;intelbras;1;;https://www.linkedin.com/jobs/view/4475703719/;https://www.linkedin.com/jobs/view/4475703719/;Not informed;PCD / Afirmativa, Associate, Backend;09/10/2026;;Santa Catarina;SC;Região Sul;Brasil;América do Sul
390;Inter;SOFTWARE DEVELOPER ANALYST I;Belo Horizonte, MG;08/10 16:00;https://www.linkedin.com/jobs/view/4477417673/;https://media.licdn.com/dms/image/v2/D4D0BAQFTJpEKJy3XsA/company-logo_100_100/B4DZip9S2KHwAQ-/0/1755198075652/inter_logo?e=1793232000&v=beta&t=OKVLs4EfAfCTZf-TZ_pLU1c4hZMiUBBQQ4npsoFy8DA;Advanced > Information Technology;https://www.linkedin.com/company/inter/about/;Software e Serviços de TI;backend OR java OR spring boot OR python OR django OR golang OR php OR laravel OR ruby OR ruby on rails OR c++ OR c# OR rust OR scala OR julia OR elixir OR node.js OR asp.net core;inter;1;;https://www.linkedin.com/jobs/view/4477417673/;https://www.linkedin.com/jobs/view/4477417673/;On-site;TI/Tech;09/10/2026;;Minas Gerais;MG;Região Sudeste;Brasil;América do Sul
391;Inter;SOFTWARE DEVELOPER SPECIALIST I;Belo Horizonte, MG;08/10 16:00;https://www.linkedin.com/jobs/view/4468260677/;https://media.licdn.com/dms/image/v2/D4D0BAQFTJpEKJy3XsA/company-logo_100_100/B4DZip9S2KHwAQ-/0/1755198075652/inter_logo?e=1793232000&v=beta&t=OKVLs4EfAfCTZf-TZ_pLU1c4hZMiUBBQQ4npsoFy8DA;Advanced > Information Technology;https://www.linkedin.com/company/inter/about/;Software e Serviços de TI;backend OR java OR spring boot OR python OR django OR golang OR php OR laravel OR ruby OR ruby on rails OR c++ OR c# OR rust OR scala OR julia OR elixir OR node.js OR asp.net core;inter;1;;https://www.linkedin.com/jobs/view/4468260677/;https://www.linkedin.com/jobs/view/4468260677/;On-site;Specialist, TI/Tech;09/10/2026;;Minas Gerais;MG;Região Sudeste;Brasil;América do Sul
392;Inter;SOFTWARE DEVELOPER SPECIALIST II;Belo Horizonte, MG;08/10 16:00;https://www.linkedin.com/jobs/view/4468227016/;https://media.licdn.com/dms/image/v2/D4D0BAQFTJpEKJy3XsA/company-logo_100_100/B4DZip9S2KHwAQ-/0/1755198075652/inter_logo?e=1793232000&v=beta&t=OKVLs4EfAfCTZf-TZ_pLU1c4hZMiUBBQQ4npsoFy8DA;Advanced > Information Technology;https://www.linkedin.com/company/inter/about/;Software e Serviços de TI;backend OR java OR spring boot OR python OR django OR golang OR php OR laravel OR ruby OR ruby on rails OR c++ OR c# OR rust OR scala OR julia OR elixir OR node.js OR asp.net core;inter;1;;https://www.linkedin.com/jobs/view/4468227016/;https://www.linkedin.com/jobs/view/4468227016/;On-site;Specialist, TI/Tech;09/10/2026;;Minas Gerais;MG;Região Sudeste;Brasil;América do Sul
393;Inter;SOFTWARE DEVELOPER MASTER;Curitiba, PR;08/10 16:00;https://www.linkedin.com/jobs/view/4468220397/;https://media.licdn.com/dms/image/v2/D4D0BAQFTJpEKJy3XsA/company-logo_100_100/B4DZip9S2KHwAQ-/0/1755198075652/inter_logo?e=1793232000&v=beta&t=OKVLs4EfAfCTZf-TZ_pLU1c4hZMiUBBQQ4npsoFy8DA;Advanced > Information Technology;https://www.linkedin.com/company/inter/about/;Software e Serviços de TI;backend OR java OR spring boot OR python OR django OR golang OR php OR laravel OR ruby OR ruby on rails OR c++ OR c# OR rust OR scala OR julia OR elixir OR node.js OR asp.net core;inter;1;;https://www.linkedin.com/jobs/view/4468220397/;https://www.linkedin.com/jobs/view/4468220397/;On-site;TI/Tech;09/10/2026;;Paraná;PR;Região Sul;Brasil;América do Sul
394;Inter;SOFTWARE DEVELOPER SENIOR;Curitiba, PR;08/10 16:00;https://www.linkedin.com/jobs/view/4468225368/;https://media.licdn.com/dms/image/v2/D4D0BAQFTJpEKJy3XsA/company-logo_100_100/B4DZip9S2KHwAQ-/0/1755198075652/inter_logo?e=1793232000&v=beta&t=OKVLs4EfAfCTZf-TZ_pLU1c4hZMiUBBQQ4npsoFy8DA;Advanced > Information Technology;https://www.linkedin.com/company/inter/about/;Software e Serviços de TI;backend OR java OR spring boot OR python OR django OR golang OR php OR laravel OR ruby OR ruby on rails OR c++ OR c# OR rust OR scala OR julia OR elixir OR node.js OR asp.net core;inter;1;;https://www.linkedin.com/jobs/view/4468225368/;https://www.linkedin.com/jobs/view/4468225368/;On-site;Senior, TI/Tech;09/10/2026;;Paraná;PR;Região Sul;Brasil;América do Sul
395;Inter;SOFTWARE DEVELOPER SPECIALIST II;Curitiba, PR;08/10 16:00;https://www.linkedin.com/jobs/view/4468225369/;https://media.licdn.com/dms/image/v2/D4D0BAQFTJpEKJy3XsA/company-logo_100_100/B4DZip9S2KHwAQ-/0/1755198075652/inter_logo?e=1793232000&v=beta&t=OKVLs4EfAfCTZf-TZ_pLU1c4hZMiUBBQQ4npsoFy8DA;Advanced > Information Technology;https://www.linkedin.com/company/inter/about/;Software e Serviços de TI;backend OR java OR spring boot OR python OR django OR golang OR php OR laravel OR ruby OR ruby on rails OR c++ OR c# OR rust OR scala OR julia OR elixir OR node.js OR asp.net core;inter;1;;https://www.linkedin.com/jobs/view/4468225369/;https://www.linkedin.com/jobs/view/4468225369/;On-site;Specialist, TI/Tech;09/10/2026;;Paraná;PR;Região Sul;Brasil;América do Sul
396;Inter;SOFTWARE DEVELOPER SPECIALIST I;Recife, PE;08/10 16:00;https://www.linkedin.com/jobs/view/4468266495/;https://media.licdn.com/dms/image/v2/D4D0BAQFTJpEKJy3XsA/company-logo_100_100/B4DZip9S2KHwAQ-/0/1755198075652/inter_logo?e=1793232000&v=beta&t=OKVLs4EfAfCTZf-TZ_pLU1c4hZMiUBBQQ4npsoFy8DA;Advanced > Information Technology;https://www.linkedin.com/company/inter/about/;Software e Serviços de TI;backend OR java OR spring boot OR python OR django OR golang OR php OR laravel OR ruby OR ruby on rails OR c++ OR c# OR rust OR scala OR julia OR elixir OR node.js OR asp.net core;inter;1;;https://www.linkedin.com/jobs/view/4468266495/;https://www.linkedin.com/jobs/view/4468266495/;On-site;Specialist, TI/Tech;09/10/2026;;Pernambuco;PE;Região Nordeste;Brasil;América do Sul
397;Inter;SOFTWARE DEVELOPER SPECIALIST II;Recife, PE;08/10 16:00;https://www.linkedin.com/jobs/view/4468224021/;https://media.licdn.com/dms/image/v2/D4D0BAQFTJpEKJy3XsA/company-logo_100_100/B4DZip9S2KHwAQ-/0/1755198075652/inter_logo?e=1793232000&v=beta&t=OKVLs4EfAfCTZf-TZ_pLU1c4hZMiUBBQQ4npsoFy8DA;Advanced > Information Technology;https://www.linkedin.com/company/inter/about/;Software e Serviços de TI;backend OR java OR spring boot OR python OR django OR golang OR php OR laravel OR ruby OR ruby on rails OR c++ OR c# OR rust OR scala OR julia OR elixir OR node.js OR asp.net core;inter;1;;https://www.linkedin.com/jobs/view/4468224021/;https://www.linkedin.com/jobs/view/4468224021/;On-site;Specialist, TI/Tech;09/10/2026;;Pernambuco;PE;Região Nordeste;Brasil;América do Sul
398;Inter;SOFTWARE DEVELOPER SPECIALIST II;São Paulo, SP;08/10 16:00;https://www.linkedin.com/jobs/view/4468215147/;https://media.licdn.com/dms/image/v2/D4D0BAQFTJpEKJy3XsA/company-logo_100_100/B4DZip9S2KHwAQ-/0/1755198075652/inter_logo?e=1793232000&v=beta&t=OKVLs4EfAfCTZf-TZ_pLU1c4hZMiUBBQQ4npsoFy8DA;Advanced > Information Technology;https://www.linkedin.com/company/inter/about/;Software e Serviços de TI;backend OR java OR spring boot OR python OR django OR golang OR php OR laravel OR ruby OR ruby on rails OR c++ OR c# OR rust OR scala OR julia OR elixir OR node.js OR asp.net core;inter;1;;https://www.linkedin.com/jobs/view/4468215147/;https://www.linkedin.com/jobs/view/4468215147/;On-site;Specialist, TI/Tech;09/10/2026;;São Paulo;SP;Região Sudeste;Brasil;América do Sul
399;Involves;Development Full Stack – Automation & Data (Remote);Brasil;08/10 16:00;https://www.linkedin.com/jobs/view/4476227669/;https://media.licdn.com/dms/image/v2/D4E0BAQERYnG5lj_l_g/company-logo_100_100/company-logo_100_100/0/1666017493013/involves_logo?e=1793232000&v=beta&t=Op3Htd10acdrmPwVTREQg-5J74FKci1D8UjjP80pB_E;Data & Ai > Data Engineering;https://www.linkedin.com/company/involves/about/;Dados e Analytics;backend OR java OR spring boot OR python OR django OR golang OR php OR laravel OR ruby OR ruby on rails OR c++ OR c# OR rust OR scala OR julia OR elixir OR node.js OR asp.net core;involves;1;;https://www.linkedin.com/jobs/view/4476227669/;https://www.linkedin.com/jobs/view/4476227669/;Remote;Full Stack, Dados/Analytics;09/10/2026;;;;;Brasil;América do Sul
400;Itaú Unibanco;Engenharia de Software Backend .Net Pleno | Atendimento Assistido (Vaga Afirmativa para Mulheres);São Paulo, SP;08/10 22:00;https://www.linkedin.com/jobs/view/4477485984/;https://media.licdn.com/dms/image/v2/D4D0BAQGmyPiGIU-69w/company-logo_100_100/B4DZZFc2k4GgAQ-/0/1744921914031/itau_logo?e=1793232000&v=beta&t=kFx6Q-h-tuAs7FXnMYPuiaKzfTMTl3gw0UuocWk9spQ;-;https://www.linkedin.com/company/ita-unibanco/about/;Serviços Financeiros;backend OR java OR spring boot OR python OR django OR golang OR php OR laravel OR ruby OR ruby on rails OR c++ OR c# OR rust OR scala OR julia OR elixir OR node.js OR asp.net core;itaú unibanco;1;;https://www.linkedin.com/jobs/view/4477485984/;https://www.linkedin.com/jobs/view/4477485984/;Not informed;PCD / Afirmativa, Mid, TI/Tech, Backend, Engenharia Geral;09/10/2026;;São Paulo;SP;Região Sudeste;Brasil;América do Sul
401;Iter | Inteligência Jurídica;Artificial Intelligence Engineer;SP;08/10 16:00;https://www.linkedin.com/jobs/view/4474488367/;https://media.licdn.com/dms/image/v2/D4E0BAQGeXo_TadrayQ/company-logo_100_100/B4EaAAeX_GJ8AQ-/0/1786714357965/iter_inteligncia_jurdica_logo?e=1793232000&v=beta&t=LL1xg_3njla_IWrK-nRm4RDLBe5RYgLkPbhmehWvFpg;Advanced > Information Technology;https://www.linkedin.com/company/iter-intelig-ncia-jur-dica/about/;Hardware e Eletrônicos;backend OR java OR spring boot OR python OR django OR golang OR php OR laravel OR ruby OR ruby on rails OR c++ OR c# OR rust OR scala OR julia OR elixir OR node.js OR asp.net core;iter | inteligência jurídica;1;;https://www.linkedin.com/jobs/view/4474488367/;https://www.linkedin.com/jobs/view/4474488367/;On-site;Inteligência Artificial, Engenharia Geral;09/10/2026;;São Paulo;SP;Região Sudeste;Brasil;América do Sul
402;JPMorganChase;Software Engineer II - Java/Spring;São Paulo, SP;08/10 16:00;https://www.linkedin.com/jobs/view/4477145011/;https://media.licdn.com/dms/image/v2/D4E0BAQGxpntCyRgsuA/company-logo_100_100/company-logo_100_100/0/1718711710850/jpmorganchase_logo?e=1793232000&v=beta&t=gau3ilkTiPdrRN2mf5kzcVRA767_ayeLr7ODEzTzXfg;Advanced > Information Technology;https://www.linkedin.com/company/jpmorganchase/about/;Software e Serviços de TI;backend OR java OR spring boot OR python OR django OR golang OR php OR laravel OR ruby OR ruby on rails OR c++ OR c# OR rust OR scala OR julia OR elixir OR node.js OR asp.net core;jpmorganchase;1;;https://www.linkedin.com/jobs/view/4477145011/;https://www.linkedin.com/jobs/view/4477145011/;On-site;TI/Tech, Engenharia Geral;09/10/2026;;São Paulo;SP;Região Sudeste;Brasil;América do Sul
403;Jobbol;Analista de Sistemas;Aparecida de Goiânia, GO;08/10 16:00;https://www.linkedin.com/jobs/view/4476971680/;https://media.licdn.com/dms/image/v2/D4D0BAQEUwreILeGS7Q/company-logo_100_100/B4DZ5wJQzAG4AM-/0/1779997937122/jobbol_empregos_logo?e=1793232000&v=beta&t=iGOz3hyZOiJnlNRxG5Bu7Gj8hiwWBuBUAlwQMU17Gsw;Advanced > Specialist;https://www.linkedin.com/company/jobbol/about/;Software e Serviços de TI;backend OR java OR spring boot OR python OR django OR golang OR php OR laravel OR ruby OR ruby on rails OR c++ OR c# OR rust OR scala OR julia OR elixir OR node.js OR asp.net core;jobbol;1;;https://www.linkedin.com/jobs/view/4476971680/;https://www.linkedin.com/jobs/view/4476971680/;On-site;Associate, TI/Tech;09/10/2026;;Goiás;GO;Região Centro-Oeste;Brasil;América do Sul
404;Jobbol;Desenvolvedor Backend Java Sênior;Belo Horizonte, MG;08/10 17:00;https://www.linkedin.com/jobs/view/4477446979/;https://media.licdn.com/dms/image/v2/D4D0BAQEUwreILeGS7Q/company-logo_100_100/B4DZ5wJQzAG4AM-/0/1779997937122/jobbol_empregos_logo?e=1793232000&v=beta&t=iGOz3hyZOiJnlNRxG5Bu7Gj8hiwWBuBUAlwQMU17Gsw;-;https://www.linkedin.com/company/jobbol/about/;-;backend OR java OR spring boot OR python OR django OR golang OR php OR laravel OR ruby OR ruby on rails OR c++ OR c# OR rust OR scala OR julia OR elixir OR node.js OR asp.net core;jobbol;1;;https://www.linkedin.com/jobs/view/4477446979/;https://www.linkedin.com/jobs/view/4477446979/;On-site;Senior, Backend;09/10/2026;;Minas Gerais;MG;Região Sudeste;Brasil;América do Sul
405;Jobbol;Analista de Sistemas;Belém, PA;08/10 16:00;https://www.linkedin.com/jobs/view/4476979295/;https://media.licdn.com/dms/image/v2/D4D0BAQEUwreILeGS7Q/company-logo_100_100/B4DZ5wJQzAG4AM-/0/1779997937122/jobbol_empregos_logo?e=1793232000&v=beta&t=iGOz3hyZOiJnlNRxG5Bu7Gj8hiwWBuBUAlwQMU17Gsw;Advanced > Specialist;https://www.linkedin.com/company/jobbol/about/;Software e Serviços de TI;backend OR java OR spring boot OR python OR django OR golang OR php OR laravel OR ruby OR ruby on rails OR c++ OR c# OR rust OR scala OR julia OR elixir OR node.js OR asp.net core;jobbol;1;;https://www.linkedin.com/jobs/view/4476979295/;https://www.linkedin.com/jobs/view/4476979295/;On-site;Associate, TI/Tech;09/10/2026;;Pará;PA;Região Norte;Brasil;América do Sul
406;Jobbol;Desenvolvedor Backend Java Sênior;Brasília, DF;08/10 17:00;https://www.linkedin.com/jobs/view/4477467130/;https://media.licdn.com/dms/image/v2/D4D0BAQEUwreILeGS7Q/company-logo_100_100/B4DZ5wJQzAG4AM-/0/1779997937122/jobbol_empregos_logo?e=1793232000&v=beta&t=iGOz3hyZOiJnlNRxG5Bu7Gj8hiwWBuBUAlwQMU17Gsw;-;https://www.linkedin.com/company/jobbol/about/;-;backend OR java OR spring boot OR python OR django OR golang OR php OR laravel OR ruby OR ruby on rails OR c++ OR c# OR rust OR scala OR julia OR elixir OR node.js OR asp.net core;jobbol;1;;https://www.linkedin.com/jobs/view/4477467130/;https://www.linkedin.com/jobs/view/4477467130/;On-site;Senior, Backend;09/10/2026;;Distrito Federal;DF;Região Centro-Oeste;Brasil;América do Sul
407;Jobbol;Analista de TI;Curitiba, PR;08/10 23:00;https://www.linkedin.com/jobs/view/4477601850/;https://media.licdn.com/dms/image/v2/D4D0BAQEUwreILeGS7Q/company-logo_100_100/B4DZ5wJQzAG4AM-/0/1779997937122/jobbol_empregos_logo?e=1793232000&v=beta&t=iGOz3hyZOiJnlNRxG5Bu7Gj8hiwWBuBUAlwQMU17Gsw;Advanced > Specialist;https://www.linkedin.com/company/jobbol/about/;Software e Serviços de TI;backend OR java OR spring boot OR python OR django OR golang OR php OR laravel OR ruby OR ruby on rails OR c++ OR c# OR rust OR scala OR julia OR elixir OR node.js OR asp.net core;jobbol;1;;https://www.linkedin.com/jobs/view/4477601850/;https://www.linkedin.com/jobs/view/4477601850/;On-site;Associate, TI/Tech;09/10/2026;;Paraná;PR;Região Sul;Brasil;América do Sul
408;Jobbol;Desenvolvedor Backend Java Sênior;Curitiba, PR;08/10 17:00;https://www.linkedin.com/jobs/view/4477465225/;https://media.licdn.com/dms/image/v2/D4D0BAQEUwreILeGS7Q/company-logo_100_100/B4DZ5wJQzAG4AM-/0/1779997937122/jobbol_empregos_logo?e=1793232000&v=beta&t=iGOz3hyZOiJnlNRxG5Bu7Gj8hiwWBuBUAlwQMU17Gsw;-;https://www.linkedin.com/company/jobbol/about/;-;backend OR java OR spring boot OR python OR django OR golang OR php OR laravel OR ruby OR ruby on rails OR c++ OR c# OR rust OR scala OR julia OR elixir OR node.js OR asp.net core;jobbol;1;;https://www.linkedin.com/jobs/view/4477465225/;https://www.linkedin.com/jobs/view/4477465225/;On-site;Senior, Backend;09/10/2026;;Paraná;PR;Região Sul;Brasil;América do Sul
409;Jobbol;Desenvolvedor Backend Java Sênior;Fortaleza, CE;08/10 17:00;https://www.linkedin.com/jobs/view/4477456499/;https://media.licdn.com/dms/image/v2/D4D0BAQEUwreILeGS7Q/company-logo_100_100/B4DZ5wJQzAG4AM-/0/1779997937122/jobbol_empregos_logo?e=1793232000&v=beta&t=iGOz3hyZOiJnlNRxG5Bu7Gj8hiwWBuBUAlwQMU17Gsw;-;https://www.linkedin.com/company/jobbol/about/;-;backend OR java OR spring boot OR python OR django OR golang OR php OR laravel OR ruby OR ruby on rails OR c++ OR c# OR rust OR scala OR julia OR elixir OR node.js OR asp.net core;jobbol;1;;https://www.linkedin.com/jobs/view/4477456499/;https://www.linkedin.com/jobs/view/4477456499/;On-site;Senior, Backend;09/10/2026;Fortaleza;Ceará;CE;Região Nordeste;Brasil;América do Sul
410;Jobbol;Desenvolvedor de Sistemas Júnior;Fortaleza, CE;08/10 16:00;https://www.linkedin.com/jobs/view/4476929039/;https://media.licdn.com/dms/image/v2/D4D0BAQEUwreILeGS7Q/company-logo_100_100/B4DZ5wJQzAG4AM-/0/1779997937122/jobbol_empregos_logo?e=1793232000&v=beta&t=iGOz3hyZOiJnlNRxG5Bu7Gj8hiwWBuBUAlwQMU17Gsw;-;https://www.linkedin.com/company/jobbol/about/;Software e Serviços de TI;backend OR java OR spring boot OR python OR django OR golang OR php OR laravel OR ruby OR ruby on rails OR c++ OR c# OR rust OR scala OR julia OR elixir OR node.js OR asp.net core;jobbol;1;;https://www.linkedin.com/jobs/view/4476929039/;https://www.linkedin.com/jobs/view/4476929039/;On-site;Junior, TI/Tech;09/10/2026;Fortaleza;Ceará;CE;Região Nordeste;Brasil;América do Sul
411;Jobbol;Desenvolvedor Backend Java Sênior;Goiânia, GO;08/10 17:00;https://www.linkedin.com/jobs/view/4477459339/;https://media.licdn.com/dms/image/v2/D4D0BAQEUwreILeGS7Q/company-logo_100_100/B4DZ5wJQzAG4AM-/0/1779997937122/jobbol_empregos_logo?e=1793232000&v=beta&t=iGOz3hyZOiJnlNRxG5Bu7Gj8hiwWBuBUAlwQMU17Gsw;-;https://www.linkedin.com/company/jobbol/about/;-;backend OR java OR spring boot OR python OR django OR golang OR php OR laravel OR ruby OR ruby on rails OR c++ OR c# OR rust OR scala OR julia OR elixir OR node.js OR asp.net core;jobbol;1;;https://www.linkedin.com/jobs/view/4477459339/;https://www.linkedin.com/jobs/view/4477459339/;On-site;Senior, Backend;09/10/2026;;Goiás;GO;Região Centro-Oeste;Brasil;América do Sul
412;Jobbol;Desenvolvedor Backend Java Sênior;Manaus, AM;08/10 17:00;https://www.linkedin.com/jobs/view/4477460345/;https://media.licdn.com/dms/image/v2/D4D0BAQEUwreILeGS7Q/company-logo_100_100/B4DZ5wJQzAG4AM-/0/1779997937122/jobbol_empregos_logo?e=1793232000&v=beta&t=iGOz3hyZOiJnlNRxG5Bu7Gj8hiwWBuBUAlwQMU17Gsw;-;https://www.linkedin.com/company/jobbol/about/;-;backend OR java OR spring boot OR python OR django OR golang OR php OR laravel OR ruby OR ruby on rails OR c++ OR c# OR rust OR scala OR julia OR elixir OR node.js OR asp.net core;jobbol;1;;https://www.linkedin.com/jobs/view/4477460345/;https://www.linkedin.com/jobs/view/4477460345/;On-site;Senior, Backend;09/10/2026;;Amazonas;AM;Região Norte;Brasil;América do Sul
413;Jobbol;Analista de Sistema Pleno;Maracanaú, CE;08/10 23:00;https://www.linkedin.com/jobs/view/4477499998/;https://media.licdn.com/dms/image/v2/D4D0BAQEUwreILeGS7Q/company-logo_100_100/B4DZ5wJQzAG4AM-/0/1779997937122/jobbol_empregos_logo?e=1793232000&v=beta&t=iGOz3hyZOiJnlNRxG5Bu7Gj8hiwWBuBUAlwQMU17Gsw;Advanced > Specialist;https://www.linkedin.com/company/jobbol/about/;-;backend OR java OR spring boot OR python OR django OR golang OR php OR laravel OR ruby OR ruby on rails OR c++ OR c# OR rust OR scala OR julia OR elixir OR node.js OR asp.net core;jobbol;1;;https://www.linkedin.com/jobs/view/4477499998/;https://www.linkedin.com/jobs/view/4477499998/;On-site;Mid, Associate;09/10/2026;;Ceará;CE;Região Nordeste;Brasil;América do Sul
414;Jobbol;Desenvolvedor Backend Java Sênior;Recife, PE;08/10 17:00;https://www.linkedin.com/jobs/view/4477467120/;https://media.licdn.com/dms/image/v2/D4D0BAQEUwreILeGS7Q/company-logo_100_100/B4DZ5wJQzAG4AM-/0/1779997937122/jobbol_empregos_logo?e=1793232000&v=beta&t=iGOz3hyZOiJnlNRxG5Bu7Gj8hiwWBuBUAlwQMU17Gsw;-;https://www.linkedin.com/company/jobbol/about/;-;backend OR java OR spring boot OR python OR django OR golang OR php OR laravel OR ruby OR ruby on rails OR c++ OR c# OR rust OR scala OR julia OR elixir OR node.js OR asp.net core;jobbol;1;;https://www.linkedin.com/jobs/view/4477467120/;https://www.linkedin.com/jobs/view/4477467120/;On-site;Senior, Backend;09/10/2026;;Pernambuco;PE;Região Nordeste;Brasil;América do Sul
415;Jobbol;Desenvolvedor Backend Java Sênior;Rio de Janeiro, RJ;08/10 23:00;https://www.linkedin.com/jobs/view/4477446974/;https://media.licdn.com/dms/image/v2/D4D0BAQEUwreILeGS7Q/company-logo_100_100/B4DZ5wJQzAG4AM-/0/1779997937122/jobbol_empregos_logo?e=1793232000&v=beta&t=iGOz3hyZOiJnlNRxG5Bu7Gj8hiwWBuBUAlwQMU17Gsw;-;https://www.linkedin.com/company/jobbol/about/;-;backend OR java OR spring boot OR python OR django OR golang OR php OR laravel OR ruby OR ruby on rails OR c++ OR c# OR rust OR scala OR julia OR elixir OR node.js OR asp.net core;jobbol;1;;https://www.linkedin.com/jobs/view/4477446974/;https://www.linkedin.com/jobs/view/4477446974/;On-site;Senior, Backend;09/10/2026;;Rio de Janeiro;RJ;Região Sudeste;Brasil;América do Sul
416;Jobbol;Desenvolvedor Backend Java Sênior;Salvador, BA;08/10 17:00;https://www.linkedin.com/jobs/view/4477463286/;https://media.licdn.com/dms/image/v2/D4D0BAQEUwreILeGS7Q/company-logo_100_100/B4DZ5wJQzAG4AM-/0/1779997937122/jobbol_empregos_logo?e=1793232000&v=beta&t=iGOz3hyZOiJnlNRxG5Bu7Gj8hiwWBuBUAlwQMU17Gsw;-;https://www.linkedin.com/company/jobbol/about/;-;backend OR java OR spring boot OR python OR django OR golang OR php OR laravel OR ruby OR ruby on rails OR c++ OR c# OR rust OR scala OR julia OR elixir OR node.js OR asp.net core;jobbol;1;;https://www.linkedin.com/jobs/view/4477463286/;https://www.linkedin.com/jobs/view/4477463286/;On-site;Senior, Backend;09/10/2026;;Bahia;BA;Região Nordeste;Brasil;América do Sul
417;Jobbol;Desenvolvedor Backend Java Sênior;São Paulo, SP;08/10 17:00;https://www.linkedin.com/jobs/view/4477446985/;https://media.licdn.com/dms/image/v2/D4D0BAQEUwreILeGS7Q/company-logo_100_100/B4DZ5wJQzAG4AM-/0/1779997937122/jobbol_empregos_logo?e=1793232000&v=beta&t=iGOz3hyZOiJnlNRxG5Bu7Gj8hiwWBuBUAlwQMU17Gsw;-;https://www.linkedin.com/company/jobbol/about/;-;backend OR java OR spring boot OR python OR django OR golang OR php OR laravel OR ruby OR ruby on rails OR c++ OR c# OR rust OR scala OR julia OR elixir OR node.js OR asp.net core;jobbol;1;;https://www.linkedin.com/jobs/view/4477446985/;https://www.linkedin.com/jobs/view/4477446985/;On-site;Senior, Backend;09/10/2026;;São Paulo;SP;Região Sudeste;Brasil;América do Sul
418;Jobbol;Desenvolvedor de Python Sênior;São Paulo, SP;08/10 23:00;https://www.linkedin.com/jobs/view/4476974554/;https://media.licdn.com/dms/image/v2/D4D0BAQEUwreILeGS7Q/company-logo_100_100/B4DZ5wJQzAG4AM-/0/1779997937122/jobbol_empregos_logo?e=1793232000&v=beta&t=iGOz3hyZOiJnlNRxG5Bu7Gj8hiwWBuBUAlwQMU17Gsw;-;https://www.linkedin.com/company/jobbol/about/;-;backend OR java OR spring boot OR python OR django OR golang OR php OR laravel OR ruby OR ruby on rails OR c++ OR c# OR rust OR scala OR julia OR elixir OR node.js OR asp.net core;jobbol;1;;https://www.linkedin.com/jobs/view/4476974554/;https://www.linkedin.com/jobs/view/4476974554/;Hybrid;Senior;09/10/2026;;São Paulo;SP;Região Sudeste;Brasil;América do Sul
419;Jobbol;Desenvolvedor Sênior;Uberaba, MG;08/10 23:00;https://www.linkedin.com/jobs/view/4477619306/;https://media.licdn.com/dms/image/v2/D4D0BAQEUwreILeGS7Q/company-logo_100_100/B4DZ5wJQzAG4AM-/0/1779997937122/jobbol_empregos_logo?e=1793232000&v=beta&t=iGOz3hyZOiJnlNRxG5Bu7Gj8hiwWBuBUAlwQMU17Gsw;-;https://www.linkedin.com/company/jobbol/about/;-;backend OR java OR spring boot OR python OR django OR golang OR php OR laravel OR ruby OR ruby on rails OR c++ OR c# OR rust OR scala OR julia OR elixir OR node.js OR asp.net core;jobbol;1;;https://www.linkedin.com/jobs/view/4477619306/;https://www.linkedin.com/jobs/view/4477619306/;On-site;Senior;09/10/2026;;Minas Gerais;MG;Região Sudeste;Brasil;América do Sul
420;Jobgether;.NET Backend Developer Pleno;Brasil;09/10 01:00;https://www.linkedin.com/jobs/view/4476244681/;https://media.licdn.com/dms/image/v2/D4E0BAQHdx4NngvFyPA/company-logo_100_100/B4EZ5GHh6CHEAU-/0/1779292839822/jobgether_logo?e=1793232000&v=beta&t=kSI7SX02aB5mcVCIf28tO8GYPEuDlpHP7i05VpHE7pA;Advanced > Information Technology;https://www.linkedin.com/company/jobgether/about/;-;backend OR java OR spring boot OR python OR django OR golang OR php OR laravel OR ruby OR ruby on rails OR c++ OR c# OR rust OR scala OR julia OR elixir OR node.js OR asp.net core;jobgether;1;;https://www.linkedin.com/jobs/view/4476244681/;https://www.linkedin.com/jobs/view/4476244681/;Remote;Mid, Backend;09/10/2026;;;;;Brasil;América do Sul
421;Jobgether;.Net Developer;Brasil;09/10 02:00;https://www.linkedin.com/jobs/view/4476246918/;https://media.licdn.com/dms/image/v2/D4E0BAQHdx4NngvFyPA/company-logo_100_100/B4EZ5GHh6CHEAU-/0/1779292839822/jobgether_logo?e=1793232000&v=beta&t=kSI7SX02aB5mcVCIf28tO8GYPEuDlpHP7i05VpHE7pA;Advanced > Information Technology;https://www.linkedin.com/company/jobgether/about/;-;backend OR java OR spring boot OR python OR django OR golang OR php OR laravel OR ruby OR ruby on rails OR c++ OR c# OR rust OR scala OR julia OR elixir OR node.js OR asp.net core;jobgether;1;;https://www.linkedin.com/jobs/view/4476246918/;https://www.linkedin.com/jobs/view/4476246918/;Remote;-;09/10/2026;;;;;Brasil;América do Sul
422;Jobgether;.Net Developer;Brasil;09/10 06:00;https://www.linkedin.com/jobs/view/4476269753/;https://media.licdn.com/dms/image/v2/D4E0BAQHdx4NngvFyPA/company-logo_100_100/B4EZ5GHh6CHEAU-/0/1779292839822/jobgether_logo?e=1793232000&v=beta&t=kSI7SX02aB5mcVCIf28tO8GYPEuDlpHP7i05VpHE7pA;Advanced > Information Technology;https://www.linkedin.com/company/jobgether/about/;-;backend OR java OR spring boot OR python OR django OR golang OR php OR laravel OR ruby OR ruby on rails OR c++ OR c# OR rust OR scala OR julia OR elixir OR node.js OR asp.net core;jobgether;1;;https://www.linkedin.com/jobs/view/4476269753/;https://www.linkedin.com/jobs/view/4476269753/;Remote;-;09/10/2026;;;;;Brasil;América do Sul
423;Jobgether;AI Engineer (Mid Level Developer Backend Java);Brasil;08/10 22:00;https://www.linkedin.com/jobs/view/4476243183/;https://media.licdn.com/dms/image/v2/D4E0BAQHdx4NngvFyPA/company-logo_100_100/B4EZ5GHh6CHEAU-/0/1779292839822/jobgether_logo?e=1793232000&v=beta&t=kSI7SX02aB5mcVCIf28tO8GYPEuDlpHP7i05VpHE7pA;Advanced > Information Technology;https://www.linkedin.com/company/jobgether/about/;-;backend OR java OR spring boot OR python OR django OR golang OR php OR laravel OR ruby OR ruby on rails OR c++ OR c# OR rust OR scala OR julia OR elixir OR node.js OR asp.net core;jobgether;1;;https://www.linkedin.com/jobs/view/4476243183/;https://www.linkedin.com/jobs/view/4476243183/;Remote;Inteligência Artificial, Mid, Backend, Engenharia Geral;09/10/2026;;;;;Brasil;América do Sul
424;Jobgether;Arquiteto de Soluções - Sênior;Brasil;08/10 16:00;https://www.linkedin.com/jobs/view/4475740090/;https://media.licdn.com/dms/image/v2/D4E0BAQHdx4NngvFyPA/company-logo_100_100/B4EZ5GHh6CHEAU-/0/1779292839822/jobgether_logo?e=1793232000&v=beta&t=kSI7SX02aB5mcVCIf28tO8GYPEuDlpHP7i05VpHE7pA;Architecture;https://www.linkedin.com/company/jobgether/about/;Software e Serviços de TI;backend OR java OR spring boot OR python OR django OR golang OR php OR laravel OR ruby OR ruby on rails OR c++ OR c# OR rust OR scala OR julia OR elixir OR node.js OR asp.net core;jobgether;1;;https://www.linkedin.com/jobs/view/4475740090/;https://www.linkedin.com/jobs/view/4475740090/;Remote;Senior;09/10/2026;;;;;Brasil;América do Sul
425;Jobgether;Backend Engineer - Python [Talents Bench];Brasil;08/10 16:00;https://www.linkedin.com/jobs/view/4475720539/;https://media.licdn.com/dms/image/v2/D4E0BAQHdx4NngvFyPA/company-logo_100_100/B4EZ5GHh6CHEAU-/0/1779292839822/jobgether_logo?e=1793232000&v=beta&t=kSI7SX02aB5mcVCIf28tO8GYPEuDlpHP7i05VpHE7pA;Advanced > Information Technology;https://www.linkedin.com/company/jobgether/about/;-;backend OR java OR spring boot OR python OR django OR golang OR php OR laravel OR ruby OR ruby on rails OR c++ OR c# OR rust OR scala OR julia OR elixir OR node.js OR asp.net core;jobgether;1;;https://www.linkedin.com/jobs/view/4475720539/;https://www.linkedin.com/jobs/view/4475720539/;Remote;Backend, Engenharia Geral;09/10/2026;;;;;Brasil;América do Sul
426;Jobgether;Desenvolvedor Full Stack;Brasil;08/10 16:00;https://www.linkedin.com/jobs/view/4475718463/;https://media.licdn.com/dms/image/v2/D4E0BAQHdx4NngvFyPA/company-logo_100_100/B4EZ5GHh6CHEAU-/0/1779292839822/jobgether_logo?e=1793232000&v=beta&t=kSI7SX02aB5mcVCIf28tO8GYPEuDlpHP7i05VpHE7pA;-;https://www.linkedin.com/company/jobgether/about/;-;backend OR java OR spring boot OR python OR django OR golang OR php OR laravel OR ruby OR ruby on rails OR c++ OR c# OR rust OR scala OR julia OR elixir OR node.js OR asp.net core;jobgether;1;;https://www.linkedin.com/jobs/view/4475718463/;https://www.linkedin.com/jobs/view/4475718463/;Remote;Full Stack;09/10/2026;;;;;Brasil;América do Sul
427;Jobgether;Desenvolvedor Full Stack java - Junior;Brasil;08/10 16:00;https://www.linkedin.com/jobs/view/4475730548/;https://media.licdn.com/dms/image/v2/D4E0BAQHdx4NngvFyPA/company-logo_100_100/B4EZ5GHh6CHEAU-/0/1779292839822/jobgether_logo?e=1793232000&v=beta&t=kSI7SX02aB5mcVCIf28tO8GYPEuDlpHP7i05VpHE7pA;-;https://www.linkedin.com/company/jobgether/about/;-;backend OR java OR spring boot OR python OR django OR golang OR php OR laravel OR ruby OR ruby on rails OR c++ OR c# OR rust OR scala OR julia OR elixir OR node.js OR asp.net core;jobgether;1;;https://www.linkedin.com/jobs/view/4475730548/;https://www.linkedin.com/jobs/view/4475730548/;Remote;Junior, Full Stack;09/10/2026;;;;;Brasil;América do Sul
428;Jobgether;Desenvolvedor Full Stack java - Sênior;Brasil;08/10 16:00;https://www.linkedin.com/jobs/view/4475730537/;https://media.licdn.com/dms/image/v2/D4E0BAQHdx4NngvFyPA/company-logo_100_100/B4EZ5GHh6CHEAU-/0/1779292839822/jobgether_logo?e=1793232000&v=beta&t=kSI7SX02aB5mcVCIf28tO8GYPEuDlpHP7i05VpHE7pA;-;https://www.linkedin.com/company/jobgether/about/;-;backend OR java OR spring boot OR python OR django OR golang OR php OR laravel OR ruby OR ruby on rails OR c++ OR c# OR rust OR scala OR julia OR elixir OR node.js OR asp.net core;jobgether;1;;https://www.linkedin.com/jobs/view/4475730537/;https://www.linkedin.com/jobs/view/4475730537/;Remote;Senior, Full Stack;09/10/2026;;;;;Brasil;América do Sul
429;Jobgether;Desenvolvedor FullStack Java;Brasil;08/10 21:00;https://www.linkedin.com/jobs/view/4476233397/;https://media.licdn.com/dms/image/v2/D4E0BAQHdx4NngvFyPA/company-logo_100_100/B4EZ5GHh6CHEAU-/0/1779292839822/jobgether_logo?e=1793232000&v=beta&t=kSI7SX02aB5mcVCIf28tO8GYPEuDlpHP7i05VpHE7pA;-;https://www.linkedin.com/company/jobgether/about/;-;backend OR java OR spring boot OR python OR django OR golang OR php OR laravel OR ruby OR ruby on rails OR c++ OR c# OR rust OR scala OR julia OR elixir OR node.js OR asp.net core;jobgether;1;;https://www.linkedin.com/jobs/view/4476233397/;https://www.linkedin.com/jobs/view/4476233397/;Remote;Full Stack;09/10/2026;;;;;Brasil;América do Sul
430;Jobgether;Full-Stack Software Engineer - PHP/Angular;Brasil;08/10 22:00;https://www.linkedin.com/jobs/view/4476243172/;https://media.licdn.com/dms/image/v2/D4E0BAQHdx4NngvFyPA/company-logo_100_100/B4EZ5GHh6CHEAU-/0/1779292839822/jobgether_logo?e=1793232000&v=beta&t=kSI7SX02aB5mcVCIf28tO8GYPEuDlpHP7i05VpHE7pA;Advanced > Information Technology;https://www.linkedin.com/company/jobgether/about/;Software e Serviços de TI;backend OR java OR spring boot OR python OR django OR golang OR php OR laravel OR ruby OR ruby on rails OR c++ OR c# OR rust OR scala OR julia OR elixir OR node.js OR asp.net core;jobgether;1;;https://www.linkedin.com/jobs/view/4476243172/;https://www.linkedin.com/jobs/view/4476243172/;Remote;TI/Tech, Full Stack, Engenharia Geral;09/10/2026;;;;;Brasil;América do Sul
431;Jobgether;Fullstack AI Engineer - Sênior;Brasil;08/10 16:00;https://www.linkedin.com/jobs/view/4475703996/;https://media.licdn.com/dms/image/v2/D4E0BAQHdx4NngvFyPA/company-logo_100_100/B4EZ5GHh6CHEAU-/0/1779292839822/jobgether_logo?e=1793232000&v=beta&t=kSI7SX02aB5mcVCIf28tO8GYPEuDlpHP7i05VpHE7pA;Advanced > Information Technology;https://www.linkedin.com/company/jobgether/about/;Inteligência Artificial;backend OR java OR spring boot OR python OR django OR golang OR php OR laravel OR ruby OR ruby on rails OR c++ OR c# OR rust OR scala OR julia OR elixir OR node.js OR asp.net core;jobgether;1;;https://www.linkedin.com/jobs/view/4475703996/;https://www.linkedin.com/jobs/view/4475703996/;Remote;Inteligência Artificial, Senior, Full Stack, Engenharia Geral;09/10/2026;;;;;Brasil;América do Sul
432;Jobgether;Lead Engineer/ Architect (.NET) - Industrial;Brasil;08/10 21:00;https://www.linkedin.com/jobs/view/4475981257/;https://media.licdn.com/dms/image/v2/D4E0BAQHdx4NngvFyPA/company-logo_100_100/B4EZ5GHh6CHEAU-/0/1779292839822/jobgether_logo?e=1793232000&v=beta&t=kSI7SX02aB5mcVCIf28tO8GYPEuDlpHP7i05VpHE7pA;Architecture;https://www.linkedin.com/company/jobgether/about/;Manufatura e Produção;backend OR java OR spring boot OR python OR django OR golang OR php OR laravel OR ruby OR ruby on rails OR c++ OR c# OR rust OR scala OR julia OR elixir OR node.js OR asp.net core;jobgether;1;;https://www.linkedin.com/jobs/view/4475981257/;https://www.linkedin.com/jobs/view/4475981257/;Remote;Mid, Liderança/Gerência, Engenharia Geral;09/10/2026;;;;;Brasil;América do Sul
433;Jobgether;Pessoa Desenvolvedora Back end Java Pleno;Brasil;09/10 01:00;https://www.linkedin.com/jobs/view/4476262006/;https://media.licdn.com/dms/image/v2/D4E0BAQHdx4NngvFyPA/company-logo_100_100/B4EZ5GHh6CHEAU-/0/1779292839822/jobgether_logo?e=1793232000&v=beta&t=kSI7SX02aB5mcVCIf28tO8GYPEuDlpHP7i05VpHE7pA;-;https://www.linkedin.com/company/jobgether/about/;-;backend OR java OR spring boot OR python OR django OR golang OR php OR laravel OR ruby OR ruby on rails OR c++ OR c# OR rust OR scala OR julia OR elixir OR node.js OR asp.net core;jobgether;1;;https://www.linkedin.com/jobs/view/4476262006/;https://www.linkedin.com/jobs/view/4476262006/;Remote;PCD / Afirmativa, Mid, Backend;09/10/2026;;;;;Brasil;América do Sul
434;Jobgether;Pessoa Desenvolvedora Java Sr;Brasil;08/10 16:00;https://www.linkedin.com/jobs/view/4475730187/;https://media.licdn.com/dms/image/v2/D4E0BAQHdx4NngvFyPA/company-logo_100_100/B4EZ5GHh6CHEAU-/0/1779292839822/jobgether_logo?e=1793232000&v=beta&t=kSI7SX02aB5mcVCIf28tO8GYPEuDlpHP7i05VpHE7pA;-;https://www.linkedin.com/company/jobgether/about/;-;backend OR java OR spring boot OR python OR django OR golang OR php OR laravel OR ruby OR ruby on rails OR c++ OR c# OR rust OR scala OR julia OR elixir OR node.js OR asp.net core;jobgether;1;;https://www.linkedin.com/jobs/view/4475730187/;https://www.linkedin.com/jobs/view/4475730187/;Remote;PCD / Afirmativa, Senior;09/10/2026;;;;;Brasil;América do Sul
435;Jobgether;Senior Back end Developer [java];Brasil;08/10 21:00;https://www.linkedin.com/jobs/view/4476238283/;https://media.licdn.com/dms/image/v2/D4E0BAQHdx4NngvFyPA/company-logo_100_100/B4EZ5GHh6CHEAU-/0/1779292839822/jobgether_logo?e=1793232000&v=beta&t=kSI7SX02aB5mcVCIf28tO8GYPEuDlpHP7i05VpHE7pA;Advanced > Information Technology;https://www.linkedin.com/company/jobgether/about/;-;backend OR java OR spring boot OR python OR django OR golang OR php OR laravel OR ruby OR ruby on rails OR c++ OR c# OR rust OR scala OR julia OR elixir OR node.js OR asp.net core;jobgether;1;;https://www.linkedin.com/jobs/view/4476238283/;https://www.linkedin.com/jobs/view/4476238283/;Remote;Senior, Backend;09/10/2026;;;;;Brasil;América do Sul
436;Jobgether;Senior Software Engineer | AI SaaS Software;Brasil;09/10 06:00;https://www.linkedin.com/jobs/view/4476277473/;https://media.licdn.com/dms/image/v2/D4E0BAQHdx4NngvFyPA/company-logo_100_100/B4EZ5GHh6CHEAU-/0/1779292839822/jobgether_logo?e=1793232000&v=beta&t=kSI7SX02aB5mcVCIf28tO8GYPEuDlpHP7i05VpHE7pA;Advanced > Information Technology;https://www.linkedin.com/company/jobgether/about/;Inteligência Artificial;backend OR java OR spring boot OR python OR django OR golang OR php OR laravel OR ruby OR ruby on rails OR c++ OR c# OR rust OR scala OR julia OR elixir OR node.js OR asp.net core;jobgether;1;;https://www.linkedin.com/jobs/view/4476277473/;https://www.linkedin.com/jobs/view/4476277473/;Remote;Inteligência Artificial, Senior, TI/Tech, Engenharia Geral;09/10/2026;;;;;Brasil;América do Sul
437;Jobgether;Software Engineer, Trust & Safety;Brasil;09/10 04:00;https://www.linkedin.com/jobs/view/4476276050/;https://media.licdn.com/dms/image/v2/D4E0BAQHdx4NngvFyPA/company-logo_100_100/B4EZ5GHh6CHEAU-/0/1779292839822/jobgether_logo?e=1793232000&v=beta&t=kSI7SX02aB5mcVCIf28tO8GYPEuDlpHP7i05VpHE7pA;Advanced > Information Technology;https://www.linkedin.com/company/jobgether/about/;Software e Serviços de TI;backend OR java OR spring boot OR python OR django OR golang OR php OR laravel OR ruby OR ruby on rails OR c++ OR c# OR rust OR scala OR julia OR elixir OR node.js OR asp.net core;jobgether;1;;https://www.linkedin.com/jobs/view/4476276050/;https://www.linkedin.com/jobs/view/4476276050/;Remote;TI/Tech, Engenharia Geral;09/10/2026;;;;;Brasil;América do Sul
438;Jobgether;Tech Lead FullStack;Brasil;08/10 16:00;https://www.linkedin.com/jobs/view/4475728216/;https://media.licdn.com/dms/image/v2/D4E0BAQHdx4NngvFyPA/company-logo_100_100/B4EZ5GHh6CHEAU-/0/1779292839822/jobgether_logo?e=1793232000&v=beta&t=kSI7SX02aB5mcVCIf28tO8GYPEuDlpHP7i05VpHE7pA;Middle > Manager;https://www.linkedin.com/company/jobgether/about/;Software e Serviços de TI;backend OR java OR spring boot OR python OR django OR golang OR php OR laravel OR ruby OR ruby on rails OR c++ OR c# OR rust OR scala OR julia OR elixir OR node.js OR asp.net core;jobgether;1;;https://www.linkedin.com/jobs/view/4475728216/;https://www.linkedin.com/jobs/view/4475728216/;Remote;Mid, Liderança/Gerência, TI/Tech, Full Stack;09/10/2026;;;;;Brasil;América do Sul
439;John Deere;Software Engineer - Indaiatuba/SP;Indaiatuba, SP;08/10 16:00;https://www.linkedin.com/jobs/view/4475700661/;https://media.licdn.com/dms/image/v2/D560BAQE-28uQ6kKubA/company-logo_100_100/B56ZzSzjoeGQAQ-/0/1773063256957/john_deere_logo?e=1793232000&v=beta&t=GiIF0RjYEN1NGvcua3bEn86RReUdrSJUIon3cXd-c-4;Advanced > Information Technology;https://www.linkedin.com/company/john-deere/about/;Software e Serviços de TI;backend OR java OR spring boot OR python OR django OR golang OR php OR laravel OR ruby OR ruby on rails OR c++ OR c# OR rust OR scala OR julia OR elixir OR node.js OR asp.net core;john deere;1;;https://www.linkedin.com/jobs/view/4475700661/;https://www.linkedin.com/jobs/view/4475700661/;Not informed;TI/Tech, Engenharia Geral;09/10/2026;;São Paulo;SP;Região Sudeste;Brasil;América do Sul
440;KPMG Brazil;Analista de Dados e IA Pleno;São Paulo, SP;08/10 20:00;https://www.linkedin.com/jobs/view/4474858550/;https://media.licdn.com/dms/image/v2/D4D0BAQHkowtw04N-Cg/company-logo_100_100/B4DZgOWPycHYAU-/0/1752587370080/kpmg_brasil_logo?e=1793232000&v=beta&t=91PD6HXXc_LCOvE9CGahN4GT063-vpbkk0OZGd3eazg;Advanced > Specialist;https://www.linkedin.com/company/kpmg-brazil/about/;Dados e Analytics;backend OR java OR spring boot OR python OR django OR golang OR php OR laravel OR ruby OR ruby on rails OR c++ OR c# OR rust OR scala OR julia OR elixir OR node.js OR asp.net core;kpmg brazil;1;;https://www.linkedin.com/jobs/view/4474858550/;https://www.linkedin.com/jobs/view/4474858550/;Hybrid;Inteligência Artificial, Mid, Associate, Dados/Analytics;09/10/2026;;São Paulo;SP;Região Sudeste;Brasil;América do Sul
441;Keeggo;Analista de Desenvolvimento FullStack - Senior - Java & Angular;São Paulo, SP;08/10 20:00;https://www.linkedin.com/jobs/view/4474851690/;https://media.licdn.com/dms/image/v2/D4D0BAQEccDrJhu6sEw/company-logo_100_100/B4DZorwnSBJEAU-/0/1761670755890/keeggo_logo?e=1793232000&v=beta&t=3rH4z0PiDF0OdJZRFvHHJpoM7zOgjY_wy1DKc09e3BE;Advanced > Specialist;https://www.linkedin.com/company/keeggo/about/;Software e Serviços de TI;backend OR java OR spring boot OR python OR django OR golang OR php OR laravel OR ruby OR ruby on rails OR c++ OR c# OR rust OR scala OR julia OR elixir OR node.js OR asp.net core;keeggo;1;;https://www.linkedin.com/jobs/view/4474851690/;https://www.linkedin.com/jobs/view/4474851690/;Hybrid;Senior, Associate, Full Stack;09/10/2026;;São Paulo;SP;Região Sudeste;Brasil;América do Sul
442;Keyrus;AI Engineer SR;São Paulo, SP;08/10 16:00;https://www.linkedin.com/jobs/view/4448595026/;https://media.licdn.com/dms/image/v2/D4E0BAQFtMePGBVzHBw/company-logo_100_100/B4EZ7KQsSXKoAI-/0/1781509834309/keyrus_logo?e=1793232000&v=beta&t=ZassHpFBo3cCZsQeqKzcrZVaqcRNXQx_jJJQOqe_T7s;Advanced > Information Technology;https://www.linkedin.com/company/keyrus/about/;-;backend OR java OR spring boot OR python OR django OR golang OR php OR laravel OR ruby OR ruby on rails OR c++ OR c# OR rust OR scala OR julia OR elixir OR node.js OR asp.net core;keyrus;1;;https://www.linkedin.com/jobs/view/4448595026/;https://www.linkedin.com/jobs/view/4448595026/;Remote;Inteligência Artificial, Senior, Engenharia Geral;09/10/2026;;São Paulo;SP;Região Sudeste;Brasil;América do Sul
443;Knewin;Pessoa Desenvolvedora Fullstack .NET JR;Florianópolis, SC;09/10 16:00;https://www.linkedin.com/jobs/view/4476830773/;https://media.licdn.com/dms/image/v2/D4D0BAQG34P0l_r5XPA/company-logo_100_100/company-logo_100_100/0/1721250499384/knewinoficial_logo?e=1793232000&v=beta&t=vNcyACIrYctIv0x1xZnbJs_FgvwdlHBOow-hFHQ5bUw;-;https://www.linkedin.com/company/knewin/about/;-;backend OR java OR spring boot OR python OR django OR golang OR php OR laravel OR ruby OR ruby on rails OR c++ OR c# OR rust OR scala OR julia OR elixir OR node.js OR asp.net core;knewin;1;;https://www.linkedin.com/jobs/view/4476830773/;https://www.linkedin.com/jobs/view/4476830773/;Remote;PCD / Afirmativa, Junior, Full Stack;09/10/2026;;Santa Catarina;SC;Região Sul;Brasil;América do Sul
444;Koin;Engenheiro de Dados Pleno;SP;08/10 16:00;https://www.linkedin.com/jobs/view/4474815723/;https://media.licdn.com/dms/image/v2/D4D0BAQGRVrW3G_TMaA/company-logo_100_100/company-logo_100_100/0/1734693767589?e=1793232000&v=beta&t=73BuhWBL7jJp-zi1Tf24ZAi47mF_TpI9JoK2IlNuv9o;-;https://www.linkedin.com/company/koin/about/;Dados e Analytics;backend OR java OR spring boot OR python OR django OR golang OR php OR laravel OR ruby OR ruby on rails OR c++ OR c# OR rust OR scala OR julia OR elixir OR node.js OR asp.net core;koin;1;;https://www.linkedin.com/jobs/view/4474815723/;https://www.linkedin.com/jobs/view/4474815723/;Hybrid;Mid, Dados/Analytics;09/10/2026;;São Paulo;SP;Região Sudeste;Brasil;América do Sul
445;Kraken;Senior Software Engineer - Rust - Consumer;Brasil;08/10 16:00;https://www.linkedin.com/jobs/view/4475719856/;https://media.licdn.com/dms/image/v2/D4E0BAQFm8yg0gGJN1A/company-logo_100_100/company-logo_100_100/0/1697458897774/krakenfx_logo?e=1793232000&v=beta&t=-2qSbyQCqQCfQGTTRjk0K0m7rB8H5MsZUzKVvbpesGE;Advanced > Information Technology;https://www.linkedin.com/company/kraken/about/;Bens de Consumo (FMCG);backend OR java OR spring boot OR python OR django OR golang OR php OR laravel OR ruby OR ruby on rails OR c++ OR c# OR rust OR scala OR julia OR elixir OR node.js OR asp.net core;kraken;1;;https://www.linkedin.com/jobs/view/4475719856/;https://www.linkedin.com/jobs/view/4475719856/;Remote;Senior, TI/Tech, Engenharia Geral;09/10/2026;;;;;Brasil;América do Sul
446;Kraken;Senior Software Engineer - Rust - Payward Services;Brasil;08/10 16:00;https://www.linkedin.com/jobs/view/4439459649/;https://media.licdn.com/dms/image/v2/D4E0BAQFm8yg0gGJN1A/company-logo_100_100/company-logo_100_100/0/1697458897774/krakenfx_logo?e=1793232000&v=beta&t=-2qSbyQCqQCfQGTTRjk0K0m7rB8H5MsZUzKVvbpesGE;Advanced > Information Technology;https://www.linkedin.com/company/kraken/about/;Software e Serviços de TI;backend OR java OR spring boot OR python OR django OR golang OR php OR laravel OR ruby OR ruby on rails OR c++ OR c# OR rust OR scala OR julia OR elixir OR node.js OR asp.net core;kraken;1;;https://www.linkedin.com/jobs/view/4439459649/;https://www.linkedin.com/jobs/view/4439459649/;Remote;Senior, TI/Tech, Engenharia Geral;09/10/2026;;;;;Brasil;América do Sul
447;LEVTY;Engenheiro (a) de software;Juiz de Fora, MG;09/10 12:00;https://www.linkedin.com/jobs/view/4476801983/;https://media.licdn.com/dms/image/v2/C4D0BAQGj9qhOkYAytQ/company-logo_100_100/company-logo_100_100/0/1630552030514/levty_logo?e=1793232000&v=beta&t=-TDtysQy7UsuWeW-zn24W4WpRzU_KDWpY39MsuaJ0l0;-;https://www.linkedin.com/company/levty/about/;Software e Serviços de TI;backend OR java OR spring boot OR python OR django OR golang OR php OR laravel OR ruby OR ruby on rails OR c++ OR c# OR rust OR scala OR julia OR elixir OR node.js OR asp.net core;levty;1;;https://www.linkedin.com/jobs/view/4476801983/;https://www.linkedin.com/jobs/view/4476801983/;On-site;TI/Tech;09/10/2026;;Minas Gerais;MG;Região Sudeste;Brasil;América do Sul
448;LEVTY;Trainee - Desenvolvimento de software;Lavras, MG;09/10 13:00;https://www.linkedin.com/jobs/view/4476808757/;https://media.licdn.com/dms/image/v2/C4D0BAQGj9qhOkYAytQ/company-logo_100_100/company-logo_100_100/0/1630552030514/levty_logo?e=1793232000&v=beta&t=-TDtysQy7UsuWeW-zn24W4WpRzU_KDWpY39MsuaJ0l0;-;https://www.linkedin.com/company/levty/about/;Software e Serviços de TI;backend OR java OR spring boot OR python OR django OR golang OR php OR laravel OR ruby OR ruby on rails OR c++ OR c# OR rust OR scala OR julia OR elixir OR node.js OR asp.net core;levty;1;;https://www.linkedin.com/jobs/view/4476808757/;https://www.linkedin.com/jobs/view/4476808757/;On-site;Intern, TI/Tech;09/10/2026;;Minas Gerais;MG;Região Sudeste;Brasil;América do Sul
449;LEVTY;Líder técnico de equipe;Uberlândia, MG;09/10 12:00;https://www.linkedin.com/jobs/view/4476821110/;https://media.licdn.com/dms/image/v2/C4D0BAQGj9qhOkYAytQ/company-logo_100_100/company-logo_100_100/0/1630552030514/levty_logo?e=1793232000&v=beta&t=-TDtysQy7UsuWeW-zn24W4WpRzU_KDWpY39MsuaJ0l0;-;https://www.linkedin.com/company/levty/about/;-;backend OR java OR spring boot OR python OR django OR golang OR php OR laravel OR ruby OR ruby on rails OR c++ OR c# OR rust OR scala OR julia OR elixir OR node.js OR asp.net core;levty;1;;https://www.linkedin.com/jobs/view/4476821110/;https://www.linkedin.com/jobs/view/4476821110/;On-site;Mid, Liderança/Gerência, Coach;09/10/2026;;Minas Gerais;MG;Região Sudeste;Brasil;América do Sul
450;LPDB Advogados Associados;Tech Lead;Porto Alegre, RS;09/10 11:00;https://www.linkedin.com/jobs/view/4476806269/;https://media.licdn.com/dms/image/v2/D4D0BAQEtpH_2tBsh9g/company-logo_100_100/B4DZpK47r3G8AU-/0/1762193030389/lpdbadvogados_logo?e=1793232000&v=beta&t=VNg2hpOsRK_tA5A56Xop5IKWeKYLqabIYkXXsYquHmg;Middle > Manager;https://www.linkedin.com/company/lpdb-advogados-associados/about/;Jurídico;backend OR java OR spring boot OR python OR django OR golang OR php OR laravel OR ruby OR ruby on rails OR c++ OR c# OR rust OR scala OR julia OR elixir OR node.js OR asp.net core;lpdb advogados associados;1;;https://www.linkedin.com/jobs/view/4476806269/;https://www.linkedin.com/jobs/view/4476806269/;On-site;Mid, Liderança/Gerência, TI/Tech;09/10/2026;Porto Alegre;Rio Grande do Sul;RS;Região Sul;Brasil;América do Sul
451;LUZA Group;DESENVOLVEDOR - FULL STACK -SR;Pernambuco, Brasil;09/10 11:00;https://www.linkedin.com/jobs/view/4476802537/;https://media.licdn.com/dms/image/v2/D4D0BAQH9o89gJ0S2GQ/company-logo_100_100/B4DZ7XO8i5HEAI-/0/1781727480290/luza_group_logo?e=1793232000&v=beta&t=1jO5kH0xpFaz3-XVhnvtAo6E4CnQ7NbAxBCxP-O9iFs;-;https://www.linkedin.com/company/luza-group/about/;-;backend OR java OR spring boot OR python OR django OR golang OR php OR laravel OR ruby OR ruby on rails OR c++ OR c# OR rust OR scala OR julia OR elixir OR node.js OR asp.net core;luza group;1;;https://www.linkedin.com/jobs/view/4476802537/;https://www.linkedin.com/jobs/view/4476802537/;On-site;Senior, Full Stack;09/10/2026;;Pernambuco;PE;Região Nordeste;Brasil;América do Sul
452;LWSA;LWSA | Staff Engineer - Tech Lead (Projetos Internos) | Híbrido/Remoto;São Paulo, SP;08/10 16:00;https://www.linkedin.com/jobs/view/4474833814/;https://media.licdn.com/dms/image/v2/D4E0BAQEILaIDd9tmcA/company-logo_100_100/company-logo_100_100/0/1699567665294/locawebcompany_logo?e=1793232000&v=beta&t=XbS8AiuKjTPjZNTAaS7fvG7kPOgbwMD6ZMbhMo1j9mM;Middle > Manager;https://www.linkedin.com/company/lwsa/about/;Software e Serviços de TI;backend OR java OR spring boot OR python OR django OR golang OR php OR laravel OR ruby OR ruby on rails OR c++ OR c# OR rust OR scala OR julia OR elixir OR node.js OR asp.net core;lwsa;1;;https://www.linkedin.com/jobs/view/4474833814/;https://www.linkedin.com/jobs/view/4474833814/;Hybrid;Mid, Intern, Liderança/Gerência, TI/Tech, Engenharia Geral;09/10/2026;;São Paulo;SP;Região Sudeste;Brasil;América do Sul
453;Language Services Associates;Software Developer;Brasil;08/10 16:00;https://www.linkedin.com/jobs/view/4449370093/;https://media.licdn.com/dms/image/v2/D560BAQGHYRhJgalmkw/company-logo_100_100/company-logo_100_100/0/1729875193919/language_services_associates_logo?e=1793232000&v=beta&t=kAtC0mf8OV42USnRmKGO1NqljJF_XU2XzjbBzJ9Amus;Advanced > Information Technology;https://www.linkedin.com/company/language-services-associates/about/;Software e Serviços de TI;backend OR java OR spring boot OR python OR django OR golang OR php OR laravel OR ruby OR ruby on rails OR c++ OR c# OR rust OR scala OR julia OR elixir OR node.js OR asp.net core;language services associates;1;;https://www.linkedin.com/jobs/view/4449370093/;https://www.linkedin.com/jobs/view/4449370093/;Remote;TI/Tech;09/10/2026;;;;;Brasil;América do Sul
454;Leaf Consulting;Arquiteto de soluções;Vitória, ES;08/10 17:00;https://www.linkedin.com/jobs/view/4474843788/;https://media.licdn.com/dms/image/v2/D4D0BAQEikVwUd2crEQ/company-logo_100_100/B4DZY_f3nIHwAQ-/0/1744822041500/leafconsultoria_logo?e=1793232000&v=beta&t=7TSg29-yw_W9w_IBBk6JtHlMLxfIEdfWUTPxNQ2cZjI;Architecture;https://www.linkedin.com/company/leaf-consulting/about/;Consultoria e Assessoria;backend OR java OR spring boot OR python OR django OR golang OR php OR laravel OR ruby OR ruby on rails OR c++ OR c# OR rust OR scala OR julia OR elixir OR node.js OR asp.net core;leaf consulting;1;;https://www.linkedin.com/jobs/view/4474843788/;https://www.linkedin.com/jobs/view/4474843788/;On-site;-;09/10/2026;Vitoria-Gasteiz;Euskadi;PV;;España;
455;Leef Tecnologia em Negócios;Programador / Desenvolvedor - Porto Alegre - Procura-se Profissional;Porto Alegre, RS;09/10 05:00;https://www.linkedin.com/jobs/view/4474888947/;https://media.licdn.com/dms/image/v2/D4D0BAQGfilsi-HYIOQ/company-logo_100_100/B4DZbZHZR.GYAQ-/0/1747399317002/leeftecnologiaemnegocios_logo?e=1793232000&v=beta&t=bTMTNxKUjrHtfm-z94806XMki0w8As2PrpuNx9QrjnY;-;https://www.linkedin.com/company/leef-tecnologia-em-neg-cios/about/;-;backend OR java OR spring boot OR python OR django OR golang OR php OR laravel OR ruby OR ruby on rails OR c++ OR c# OR rust OR scala OR julia OR elixir OR node.js OR asp.net core;leef tecnologia em negócios;1;;https://www.linkedin.com/jobs/view/4474888947/;https://www.linkedin.com/jobs/view/4474888947/;On-site;-;09/10/2026;Porto Alegre;Rio Grande do Sul;RS;Região Sul;Brasil;América do Sul
456;Lello Condomínios;Desenvolvedor III (Remoto);Brasil;08/10 22:00;https://www.linkedin.com/jobs/view/4477607285/;https://media.licdn.com/dms/image/v2/D4D0BAQEIVtWxXN1X1w/company-logo_100_100/B4DZnOSE7HHsAQ-/0/1760102469784/lellocondominios_logo?e=1793232000&v=beta&t=AfLTQuVfQ9-8Mdkgf0ohOEyyIW2pJzqeThLTbxnnTJU;-;https://www.linkedin.com/company/lello-condom-nios/about/;-;backend OR java OR spring boot OR python OR django OR golang OR php OR laravel OR ruby OR ruby on rails OR c++ OR c# OR rust OR scala OR julia OR elixir OR node.js OR asp.net core;lello condomínios;1;;https://www.linkedin.com/jobs/view/4477607285/;https://www.linkedin.com/jobs/view/4477607285/;Remote;-;09/10/2026;;;;;Brasil;América do Sul
457;LexisNexis Risk Solutions;Technical Account Manager - Enterprise Support Engineer;São Paulo, SP;09/10 12:00;https://www.linkedin.com/jobs/view/4476808482/;https://media.licdn.com/dms/image/v2/C560BAQG_htUOuNnFUQ/company-logo_100_100/company-logo_100_100/0/1631362037672?e=1793232000&v=beta&t=qrNa-5nXI5ve-qS0iIxP99N5PTfy8_7utfjUz5e82m4;Specific > Sales > Account;https://www.linkedin.com/company/lexisnexis-risk-solutions/about/;Software e Serviços de TI;backend OR java OR spring boot OR python OR django OR golang OR php OR laravel OR ruby OR ruby on rails OR c++ OR c# OR rust OR scala OR julia OR elixir OR node.js OR asp.net core;lexisnexis risk solutions;1;;https://www.linkedin.com/jobs/view/4476808482/;https://www.linkedin.com/jobs/view/4476808482/;Hybrid;Liderança/Gerência, TI/Tech, Engenharia Geral, Executivo de Contas;09/10/2026;;São Paulo;SP;Região Sudeste;Brasil;América do Sul
458;Link | Linkroad;Desenvolvedor(a) Sênior .NET (Setor Financeiro);São Paulo, SP;08/10 17:00;https://www.linkedin.com/jobs/view/4474853175/;https://media.licdn.com/dms/image/v2/D4E0BAQHQ1JmyimHSpA/company-logo_100_100/B4EZxyWNqDJYAQ-/0/1771444952199/link_consulting_logo?e=1793232000&v=beta&t=rjOLgQFUhffoofHFLzVHH1UbxYWAl6csmdSWV228yNg;-;https://www.linkedin.com/company/link-linkroad/about/;Serviços Financeiros;backend OR java OR spring boot OR python OR django OR golang OR php OR laravel OR ruby OR ruby on rails OR c++ OR c# OR rust OR scala OR julia OR elixir OR node.js OR asp.net core;link | linkroad;1;;https://www.linkedin.com/jobs/view/4474853175/;https://www.linkedin.com/jobs/view/4474853175/;Hybrid;Senior, Financeiro/Fiscal;09/10/2026;;São Paulo;SP;Região Sudeste;Brasil;América do Sul
459;Localiza&Co;SOFTWARE DEVELOPER PLENO - .NET | REMOTO;Brasil;08/10 18:00;https://www.linkedin.com/jobs/view/4474852565/;https://media.licdn.com/dms/image/v2/D4D0BAQFsXG1Wtlpm7g/company-logo_100_100/company-logo_100_100/0/1715979136145/localizaco_logo?e=1793232000&v=beta&t=y0oXmhdLcF2-DX2-2JFexk4GdNZSnHTtT_4iuBgyfzw;Advanced > Information Technology;https://www.linkedin.com/company/localiza-co/about/;Software e Serviços de TI;backend OR java OR spring boot OR python OR django OR golang OR php OR laravel OR ruby OR ruby on rails OR c++ OR c# OR rust OR scala OR julia OR elixir OR node.js OR asp.net core;localiza&co;1;;https://www.linkedin.com/jobs/view/4474852565/;https://www.linkedin.com/jobs/view/4474852565/;Remote;Mid, TI/Tech;09/10/2026;;;;;Brasil;América do Sul
460;M7 Soluções Financeiras;Desenvolvedor Sênior;Fortaleza, CE;08/10 21:00;https://www.linkedin.com/jobs/view/4476832494/;https://media.licdn.com/dms/image/v2/D4E0BAQGk-ZZaY7NpyQ/company-logo_100_100/B4EZ26t3.1H0AY-/0/1776954081780/m7_servicos_financeiros_logo?e=1793232000&v=beta&t=a--NoBKE9Giq99OcbgCjGwhXLWwed29OuNIrrVh4JJY;-;https://www.linkedin.com/company/m7-solu-es-financeiras/about/;Serviços Financeiros;backend OR java OR spring boot OR python OR django OR golang OR php OR laravel OR ruby OR ruby on rails OR c++ OR c# OR rust OR scala OR julia OR elixir OR node.js OR asp.net core;m7 soluções financeiras;1;;https://www.linkedin.com/jobs/view/4476832494/;https://www.linkedin.com/jobs/view/4476832494/;Hybrid;Senior;09/10/2026;Fortaleza;Ceará;CE;Região Nordeste;Brasil;América do Sul
461;MBRF;Estágio em Desenvolvimento Backend .NET - Curitiba PR;Curitiba, PR;08/10 16:00;https://www.linkedin.com/jobs/view/4477401060/;https://media.licdn.com/dms/image/v2/D4D0BAQFjupLSVLOtdQ/company-logo_100_100/B4DaCqU9urIMAQ-/0/1789564018198/mbrf_global_foods_company_logo?e=1793232000&v=beta&t=nm01ehfcGtMm1gfAmu2aIqrBcVvbiRwcHkEc1gKfEJk;-;https://www.linkedin.com/company/mbrf/about/;Software e Serviços de TI;backend OR java OR spring boot OR python OR django OR golang OR php OR laravel OR ruby OR ruby on rails OR c++ OR c# OR rust OR scala OR julia OR elixir OR node.js OR asp.net core;mbrf;1;;https://www.linkedin.com/jobs/view/4477401060/;https://www.linkedin.com/jobs/view/4477401060/;On-site;Intern, Backend;09/10/2026;;Paraná;PR;Região Sul;Brasil;América do Sul
462;MJV Technology & Innovation;Pessoa Desenvolvedora Back-end (Java + Python);São Paulo, SP;08/10 16:00;https://www.linkedin.com/jobs/view/4476224737/;https://media.licdn.com/dms/image/v2/D4D0BAQGlEIHzx81JxQ/company-logo_100_100/B4DZd_pzPSGkAU-/0/1750193354321/mjv_tech_and_innovation_logo?e=1793232000&v=beta&t=aFtDVRM1MmG8gBmPfbuz_IW96STE6KlkWHVkxSLZytc;-;https://www.linkedin.com/company/mjv-technology-innovation/about/;Software e Serviços de TI;backend OR java OR spring boot OR python OR django OR golang OR php OR laravel OR ruby OR ruby on rails OR c++ OR c# OR rust OR scala OR julia OR elixir OR node.js OR asp.net core;mjv technology & innovation;1;;https://www.linkedin.com/jobs/view/4476224737/;https://www.linkedin.com/jobs/view/4476224737/;On-site;PCD / Afirmativa, Backend;09/10/2026;;São Paulo;SP;Região Sudeste;Brasil;América do Sul
463;Maitha Tech;Engenheiro de software sênior;São Paulo, SP;08/10 16:00;https://www.linkedin.com/jobs/view/4477192231/;https://media.licdn.com/dms/image/v2/D4D0BAQEKflHwLmOIVQ/company-logo_100_100/B4DZ9rCJsZKsAM-/0/1784207154295/maitha_tech_logo?e=1793232000&v=beta&t=6oCjn4QA3wfhSpBTuPLaOhvMi625C3l7v7AyuBsvd1k;-;https://www.linkedin.com/company/maitha-tech/about/;Software e Serviços de TI;backend OR java OR spring boot OR python OR django OR golang OR php OR laravel OR ruby OR ruby on rails OR c++ OR c# OR rust OR scala OR julia OR elixir OR node.js OR asp.net core;maitha tech;1;;https://www.linkedin.com/jobs/view/4477192231/;https://www.linkedin.com/jobs/view/4477192231/;Remote;Senior, TI/Tech;09/10/2026;;São Paulo;SP;Região Sudeste;Brasil;América do Sul
464;Mercado Livre Brasil;Analista de Automação de Processos - Mercado Envios;Osasco, SP;08/10 16:00;https://www.linkedin.com/jobs/view/4474826127/;https://media.licdn.com/dms/image/v2/D4D0BAQE4q-iBP4fZ0g/company-logo_100_100/B4DZUUipIKG8AQ-/0/1739806380950/mercadolivre_com_logo?e=1793232000&v=beta&t=AP_wNfe1bQczzZm3fbuVyDSXgrfVATls5FhIfRBGRpA;Advanced > Process & Automation;https://www.linkedin.com/company/mercado-livre-brasil/about/;Varejo e E-commerce;backend OR java OR spring boot OR python OR django OR golang OR php OR laravel OR ruby OR ruby on rails OR c++ OR c# OR rust OR scala OR julia OR elixir OR node.js OR asp.net core;mercado livre brasil;1;;https://www.linkedin.com/jobs/view/4474826127/;https://www.linkedin.com/jobs/view/4474826127/;On-site;Associate, Processos/Excelência;09/10/2026;;São Paulo;SP;Região Sudeste;Brasil;América do Sul
465;Mercado Livre Brasil;Software Technical Leader - o11y Platform;Osasco, SP;08/10 17:00;https://www.linkedin.com/jobs/view/4474857143/;https://media.licdn.com/dms/image/v2/D4D0BAQE4q-iBP4fZ0g/company-logo_100_100/B4DZUUipIKG8AQ-/0/1739806380950/mercadolivre_com_logo?e=1793232000&v=beta&t=AP_wNfe1bQczzZm3fbuVyDSXgrfVATls5FhIfRBGRpA;Middle > Manager;https://www.linkedin.com/company/mercado-livre-brasil/about/;Software e Serviços de TI;backend OR java OR spring boot OR python OR django OR golang OR php OR laravel OR ruby OR ruby on rails OR c++ OR c# OR rust OR scala OR julia OR elixir OR node.js OR asp.net core;mercado livre brasil;1;;https://www.linkedin.com/jobs/view/4474857143/;https://www.linkedin.com/jobs/view/4474857143/;Hybrid;Mid, Liderança/Gerência, TI/Tech;09/10/2026;;São Paulo;SP;Região Sudeste;Brasil;América do Sul
466;Microsoft;Cloud Solution Architect - Cloud & AI Apps;Brasília, DF;09/10 15:00;https://www.linkedin.com/jobs/view/4460344547/;https://media.licdn.com/dms/image/v2/D560BAQH32RJQCl3dDQ/company-logo_100_100/B56ZYQ0mrGGoAU-/0/1744038948046/microsoft_logo?e=1793232000&v=beta&t=TYtcfgrDGRsf2Baj7hl2QZkMARiISbrJA4bmMTUH0-w;Architecture > Solutions Architect;https://www.linkedin.com/company/microsoft/about/;Inteligência Artificial;backend OR java OR spring boot OR python OR django OR golang OR php OR laravel OR ruby OR ruby on rails OR c++ OR c# OR rust OR scala OR julia OR elixir OR node.js OR asp.net core;microsoft;1;;https://www.linkedin.com/jobs/view/4460344547/;https://www.linkedin.com/jobs/view/4460344547/;Hybrid;Inteligência Artificial;09/10/2026;;Distrito Federal;DF;Região Centro-Oeste;Brasil;América do Sul
467;Mindbody;Software Engineer III | FullStack;Brasil;08/10 16:00;https://www.linkedin.com/jobs/view/4466235753/;https://media.licdn.com/dms/image/v2/D4E0BAQFH1JcVlFk-fA/company-logo_100_100/B4EZXSeaMXGwAQ-/0/1742992942213/mindbody_logo?e=1793232000&v=beta&t=pETqHEvxWnu1yIPtTBrxwDmjxUL65jrkruzloD8AnlQ;Advanced > Information Technology;https://www.linkedin.com/company/mindbody/about/;Software e Serviços de TI;backend OR java OR spring boot OR python OR django OR golang OR php OR laravel OR ruby OR ruby on rails OR c++ OR c# OR rust OR scala OR julia OR elixir OR node.js OR asp.net core;mindbody;1;;https://www.linkedin.com/jobs/view/4466235753/;https://www.linkedin.com/jobs/view/4466235753/;Remote;TI/Tech, Full Stack, Engenharia Geral;09/10/2026;;;;;Brasil;América do Sul
468;Minsait;Analista de sistemas Pleno;São Paulo, SP;09/10 15:00;https://www.linkedin.com/jobs/view/4475246512/;https://media.licdn.com/dms/image/v2/D4E0BAQGubnL3V3JUGw/company-logo_100_100/B4EZ8SOZfiJUAI-/0/1782717192383/minsait_logo?e=1793232000&v=beta&t=xBK88BcGKV69Ag2m0ODuzhxruKjP5AKYolDapekvv8M;Advanced > Specialist;https://www.linkedin.com/company/minsait/about/;Software e Serviços de TI;backend OR java OR spring boot OR python OR django OR golang OR php OR laravel OR ruby OR ruby on rails OR c++ OR c# OR rust OR scala OR julia OR elixir OR node.js OR asp.net core;minsait;1;;https://www.linkedin.com/jobs/view/4475246512/;https://www.linkedin.com/jobs/view/4475246512/;Hybrid;Mid, Associate, TI/Tech;09/10/2026;;São Paulo;SP;Região Sudeste;Brasil;América do Sul
469;Mottu;Engenheiro de Dados Sênior;Brasil;09/10 14:00;https://www.linkedin.com/jobs/view/4473036267/;https://media.licdn.com/dms/image/v2/C4D0BAQHWhVRMY6kTtg/company-logo_100_100/company-logo_100_100/0/1642170007240?e=1793232000&v=beta&t=aQV4u2wwNGPJW0a5miQnECEuLZTWXegLHrRfgcFppGw;-;https://www.linkedin.com/company/mottu/about/;Dados e Analytics;backend OR java OR spring boot OR python OR django OR golang OR php OR laravel OR ruby OR ruby on rails OR c++ OR c# OR rust OR scala OR julia OR elixir OR node.js OR asp.net core;mottu;1;;https://www.linkedin.com/jobs/view/4473036267/;https://www.linkedin.com/jobs/view/4473036267/;Remote;Senior, Dados/Analytics;09/10/2026;;;;;Brasil;América do Sul
470;Mottu;Software Engineer C# Pleno;São Paulo, SP;09/10 14:00;https://www.linkedin.com/jobs/view/4477830454/;https://media.licdn.com/dms/image/v2/C4D0BAQHWhVRMY6kTtg/company-logo_100_100/company-logo_100_100/0/1642170007240?e=1793232000&v=beta&t=aQV4u2wwNGPJW0a5miQnECEuLZTWXegLHrRfgcFppGw;Advanced > Information Technology;https://www.linkedin.com/company/mottu/about/;Software e Serviços de TI;backend OR java OR spring boot OR python OR django OR golang OR php OR laravel OR ruby OR ruby on rails OR c++ OR c# OR rust OR scala OR julia OR elixir OR node.js OR asp.net core;mottu;1;;https://www.linkedin.com/jobs/view/4477830454/;https://www.linkedin.com/jobs/view/4477830454/;On-site;Mid, TI/Tech, Engenharia Geral;09/10/2026;;São Paulo;SP;Região Sudeste;Brasil;América do Sul
471;Mottu;Software Engineer C# Sênior;São Paulo, SP;09/10 14:00;https://www.linkedin.com/jobs/view/4477820792/;https://media.licdn.com/dms/image/v2/C4D0BAQHWhVRMY6kTtg/company-logo_100_100/company-logo_100_100/0/1642170007240?e=1793232000&v=beta&t=aQV4u2wwNGPJW0a5miQnECEuLZTWXegLHrRfgcFppGw;Advanced > Information Technology;https://www.linkedin.com/company/mottu/about/;Software e Serviços de TI;backend OR java OR spring boot OR python OR django OR golang OR php OR laravel OR ruby OR ruby on rails OR c++ OR c# OR rust OR scala OR julia OR elixir OR node.js OR asp.net core;mottu;1;;https://www.linkedin.com/jobs/view/4477820792/;https://www.linkedin.com/jobs/view/4477820792/;On-site;Senior, TI/Tech, Engenharia Geral;09/10/2026;;São Paulo;SP;Região Sudeste;Brasil;América do Sul
472;MrBeast;Senior Full Stack Engineer;São Paulo, SP;08/10 16:00;https://www.linkedin.com/jobs/view/4466248204/;https://media.licdn.com/dms/image/v2/D560BAQFYEoit_kRdLw/company-logo_100_100/B56ZnJa66RJoAQ-/0/1760020901938/mrbeastyoutube_logo?e=1793232000&v=beta&t=EVOSWyeaanhs6tcG45j5CmvpR5Gwn9fHgDXX3hQxZXc;Advanced > Information Technology;https://www.linkedin.com/company/mrbeast/about/;-;backend OR java OR spring boot OR python OR django OR golang OR php OR laravel OR ruby OR ruby on rails OR c++ OR c# OR rust OR scala OR julia OR elixir OR node.js OR asp.net core;mrbeast;1;;https://www.linkedin.com/jobs/view/4466248204/;https://www.linkedin.com/jobs/view/4466248204/;Not informed;Senior, Full Stack, Engenharia Geral;09/10/2026;;São Paulo;SP;Região Sudeste;Brasil;América do Sul
473;NOUS LATAM;Node/React TECH LEAD (BRL 23-24K/month CLT + benefits + bonus);São Paulo, SP;08/10 16:00;https://www.linkedin.com/jobs/view/4474816975/;https://media.licdn.com/dms/image/v2/C4D0BAQFYRH7noPA56w/company-logo_100_100/company-logo_100_100/0/1669136242286?e=1793232000&v=beta&t=Vrqotss-UriJS1h8CQxGivkYWOVPlp-kjrXZQ3Ryh-o;Middle > Manager;https://www.linkedin.com/company/nous-latam/about/;Software e Serviços de TI;backend OR java OR spring boot OR python OR django OR golang OR php OR laravel OR ruby OR ruby on rails OR c++ OR c# OR rust OR scala OR julia OR elixir OR node.js OR asp.net core;nous latam;1;;https://www.linkedin.com/jobs/view/4474816975/;https://www.linkedin.com/jobs/view/4474816975/;Hybrid;CLT/Efetivo, Mid, Liderança/Gerência, TI/Tech;09/10/2026;;São Paulo;SP;Região Sudeste;Brasil;América do Sul
474;NOUS LATAM;Senior Typescript (Node/React) Developer (BRL 15-16K/month CLT + benefits + bonus);São Paulo, SP;08/10 16:00;https://www.linkedin.com/jobs/view/4476201176/;https://media.licdn.com/dms/image/v2/C4D0BAQFYRH7noPA56w/company-logo_100_100/company-logo_100_100/0/1669136242286?e=1793232000&v=beta&t=Vrqotss-UriJS1h8CQxGivkYWOVPlp-kjrXZQ3Ryh-o;Advanced > Information Technology;https://www.linkedin.com/company/nous-latam/about/;Software e Serviços de TI;backend OR java OR spring boot OR python OR django OR golang OR php OR laravel OR ruby OR ruby on rails OR c++ OR c# OR rust OR scala OR julia OR elixir OR node.js OR asp.net core;nous latam;1;;https://www.linkedin.com/jobs/view/4476201176/;https://www.linkedin.com/jobs/view/4476201176/;Hybrid;CLT/Efetivo, Senior;09/10/2026;;São Paulo;SP;Região Sudeste;Brasil;América do Sul
475;Nava | Tech for Business;Desenvolvedor(a) .Net Sênior;Brasil;09/10 10:00;https://www.linkedin.com/jobs/view/4475215818/;https://media.licdn.com/dms/image/v2/D4D0BAQHpXmVDvF7gvQ/company-logo_100_100/B4DZkvU3xhJgAQ-/0/1757435624969/nava_technology_logo?e=1793232000&v=beta&t=Yo2tfy0HGHc9GHkYRg1ocvEkAVCEmDyb7VYKPy52eHY;-;https://www.linkedin.com/company/nava-tech-for-business/about/;Software e Serviços de TI;backend OR java OR spring boot OR python OR django OR golang OR php OR laravel OR ruby OR ruby on rails OR c++ OR c# OR rust OR scala OR julia OR elixir OR node.js OR asp.net core;nava | tech for business;1;;https://www.linkedin.com/jobs/view/4475215818/;https://www.linkedin.com/jobs/view/4475215818/;Remote;Senior;09/10/2026;;;;;Brasil;América do Sul
476;Nava | Tech for Business;Desenvolvedor(a) FullStack .NET + React (ou Angular) Pleno/Sênior;Grande São Paulo (SP) ;08/10 16:00;https://www.linkedin.com/jobs/view/4477166534/;https://media.licdn.com/dms/image/v2/D4D0BAQHpXmVDvF7gvQ/company-logo_100_100/B4DZkvU3xhJgAQ-/0/1757435624969/nava_technology_logo?e=1793232000&v=beta&t=Yo2tfy0HGHc9GHkYRg1ocvEkAVCEmDyb7VYKPy52eHY;-;https://www.linkedin.com/company/nava-tech-for-business/about/;Software e Serviços de TI;backend OR java OR spring boot OR python OR django OR golang OR php OR laravel OR ruby OR ruby on rails OR c++ OR c# OR rust OR scala OR julia OR elixir OR node.js OR asp.net core;nava | tech for business;1;;https://www.linkedin.com/jobs/view/4477166534/;https://www.linkedin.com/jobs/view/4477166534/;Hybrid;Senior, Mid, Full Stack;09/10/2026;;São Paulo;SP;Região Sudeste;Brasil;América do Sul
477;Nava | Tech for Business;Engenheiro (a) Software Sr;Grande São Paulo (SP) ;08/10 16:00;https://www.linkedin.com/jobs/view/4474810624/;https://media.licdn.com/dms/image/v2/D4D0BAQHpXmVDvF7gvQ/company-logo_100_100/B4DZkvU3xhJgAQ-/0/1757435624969/nava_technology_logo?e=1793232000&v=beta&t=Yo2tfy0HGHc9GHkYRg1ocvEkAVCEmDyb7VYKPy52eHY;-;https://www.linkedin.com/company/nava-tech-for-business/about/;Software e Serviços de TI;backend OR java OR spring boot OR python OR django OR golang OR php OR laravel OR ruby OR ruby on rails OR c++ OR c# OR rust OR scala OR julia OR elixir OR node.js OR asp.net core;nava | tech for business;1;;https://www.linkedin.com/jobs/view/4474810624/;https://www.linkedin.com/jobs/view/4474810624/;Hybrid;Senior, TI/Tech;09/10/2026;;São Paulo;SP;Região Sudeste;Brasil;América do Sul
478;Nava | Tech for Business;Desenvolvedor Full Stack Sênior | Java + Angular e/ou React;São Paulo, SP;08/10 16:00;https://www.linkedin.com/jobs/view/4474809836/;https://media.licdn.com/dms/image/v2/D4D0BAQHpXmVDvF7gvQ/company-logo_100_100/B4DZkvU3xhJgAQ-/0/1757435624969/nava_technology_logo?e=1793232000&v=beta&t=Yo2tfy0HGHc9GHkYRg1ocvEkAVCEmDyb7VYKPy52eHY;-;https://www.linkedin.com/company/nava-tech-for-business/about/;Software e Serviços de TI;backend OR java OR spring boot OR python OR django OR golang OR php OR laravel OR ruby OR ruby on rails OR c++ OR c# OR rust OR scala OR julia OR elixir OR node.js OR asp.net core;nava | tech for business;1;;https://www.linkedin.com/jobs/view/4474809836/;https://www.linkedin.com/jobs/view/4474809836/;Hybrid;Senior, Full Stack;09/10/2026;;São Paulo;SP;Região Sudeste;Brasil;América do Sul
479;Nava | Tech for Business;Desenvolvedor Full Stack Sênior/Adquirência;São Paulo, SP;08/10 16:00;https://www.linkedin.com/jobs/view/4477426591/;https://media.licdn.com/dms/image/v2/D4D0BAQHpXmVDvF7gvQ/company-logo_100_100/B4DZkvU3xhJgAQ-/0/1757435624969/nava_technology_logo?e=1793232000&v=beta&t=Yo2tfy0HGHc9GHkYRg1ocvEkAVCEmDyb7VYKPy52eHY;-;https://www.linkedin.com/company/nava-tech-for-business/about/;Software e Serviços de TI;backend OR java OR spring boot OR python OR django OR golang OR php OR laravel OR ruby OR ruby on rails OR c++ OR c# OR rust OR scala OR julia OR elixir OR node.js OR asp.net core;nava | tech for business;1;;https://www.linkedin.com/jobs/view/4477426591/;https://www.linkedin.com/jobs/view/4477426591/;Hybrid;Senior, Full Stack;09/10/2026;;São Paulo;SP;Região Sudeste;Brasil;América do Sul
480;Nava | Tech for Business;Desenvolvedor(a) FullStack .NET + React Pleno ou Sênior;São Paulo, SP;08/10 16:00;https://www.linkedin.com/jobs/view/4476947635/;https://media.licdn.com/dms/image/v2/D4D0BAQHpXmVDvF7gvQ/company-logo_100_100/B4DZkvU3xhJgAQ-/0/1757435624969/nava_technology_logo?e=1793232000&v=beta&t=Yo2tfy0HGHc9GHkYRg1ocvEkAVCEmDyb7VYKPy52eHY;-;https://www.linkedin.com/company/nava-tech-for-business/about/;Software e Serviços de TI;backend OR java OR spring boot OR python OR django OR golang OR php OR laravel OR ruby OR ruby on rails OR c++ OR c# OR rust OR scala OR julia OR elixir OR node.js OR asp.net core;nava | tech for business;1;;https://www.linkedin.com/jobs/view/4476947635/;https://www.linkedin.com/jobs/view/4476947635/;Hybrid;Senior, Mid, Full Stack;09/10/2026;;São Paulo;SP;Região Sudeste;Brasil;América do Sul
481;Nava | Tech for Business;Desenvolvedor(a) Fullstack | Adquirência;São Paulo, SP;08/10 16:00;https://www.linkedin.com/jobs/view/4475997015/;https://media.licdn.com/dms/image/v2/D4D0BAQHpXmVDvF7gvQ/company-logo_100_100/B4DZkvU3xhJgAQ-/0/1757435624969/nava_technology_logo?e=1793232000&v=beta&t=Yo2tfy0HGHc9GHkYRg1ocvEkAVCEmDyb7VYKPy52eHY;-;https://www.linkedin.com/company/nava-tech-for-business/about/;Software e Serviços de TI;backend OR java OR spring boot OR python OR django OR golang OR php OR laravel OR ruby OR ruby on rails OR c++ OR c# OR rust OR scala OR julia OR elixir OR node.js OR asp.net core;nava | tech for business;1;;https://www.linkedin.com/jobs/view/4475997015/;https://www.linkedin.com/jobs/view/4475997015/;Hybrid;Full Stack;09/10/2026;;São Paulo;SP;Região Sudeste;Brasil;América do Sul
482;Nava | Tech for Business;Engenheiro de software Adquirência;São Paulo, SP;09/10 11:00;https://www.linkedin.com/jobs/view/4475231445/;https://media.licdn.com/dms/image/v2/D4D0BAQHpXmVDvF7gvQ/company-logo_100_100/B4DZkvU3xhJgAQ-/0/1757435624969/nava_technology_logo?e=1793232000&v=beta&t=Yo2tfy0HGHc9GHkYRg1ocvEkAVCEmDyb7VYKPy52eHY;-;https://www.linkedin.com/company/nava-tech-for-business/about/;Software e Serviços de TI;backend OR java OR spring boot OR python OR django OR golang OR php OR laravel OR ruby OR ruby on rails OR c++ OR c# OR rust OR scala OR julia OR elixir OR node.js OR asp.net core;nava | tech for business;1;;https://www.linkedin.com/jobs/view/4475231445/;https://www.linkedin.com/jobs/view/4475231445/;Hybrid;TI/Tech;09/10/2026;;São Paulo;SP;Região Sudeste;Brasil;América do Sul
483;NetSource;Desenvolvedor(a) de Software Sênior;São Paulo, SP;08/10 16:00;https://www.linkedin.com/jobs/view/4476930472/;missing logo;-;https://www.linkedin.com/company/netsource/about/;Software e Serviços de TI;backend OR java OR spring boot OR python OR django OR golang OR php OR laravel OR ruby OR ruby on rails OR c++ OR c# OR rust OR scala OR julia OR elixir OR node.js OR asp.net core;netsource;1;;https://www.linkedin.com/jobs/view/4476930472/;https://www.linkedin.com/jobs/view/4476930472/;Remote;Senior, TI/Tech;09/10/2026;;São Paulo;SP;Região Sudeste;Brasil;América do Sul
484;NetSource;QA Engineer – Automação de Testes;São Paulo, SP;08/10 16:00;https://www.linkedin.com/jobs/view/4476929540/;missing logo;Advanced > Process & Automation;https://www.linkedin.com/company/netsource/about/;-;backend OR java OR spring boot OR python OR django OR golang OR php OR laravel OR ruby OR ruby on rails OR c++ OR c# OR rust OR scala OR julia OR elixir OR node.js OR asp.net core;netsource;1;;https://www.linkedin.com/jobs/view/4476929540/;https://www.linkedin.com/jobs/view/4476929540/;Hybrid;Engenharia Geral, Testes / QA;09/10/2026;;São Paulo;SP;Região Sudeste;Brasil;América do Sul
485;Nevada Co.;Engenheiro de software;Belo Horizonte, MG;08/10 20:00;https://www.linkedin.com/jobs/view/4477479672/;https://media.licdn.com/dms/image/v2/D4D0BAQHZUpL9wYjnHA/company-logo_100_100/B4DZmX60qcJYAQ-/0/1759190404788?e=1793232000&v=beta&t=BoL9YbTbT0jIton0uoOp5owZjUbhXGhjrhuFjaqYclg;-;https://www.linkedin.com/company/nevada-co/about/;Software e Serviços de TI;backend OR java OR spring boot OR python OR django OR golang OR php OR laravel OR ruby OR ruby on rails OR c++ OR c# OR rust OR scala OR julia OR elixir OR node.js OR asp.net core;nevada co.;1;;https://www.linkedin.com/jobs/view/4477479672/;https://www.linkedin.com/jobs/view/4477479672/;Hybrid;TI/Tech;09/10/2026;;Minas Gerais;MG;Região Sudeste;Brasil;América do Sul
486;Nfq Advisory, Solutions, Outsourcing;Desenvolvedor(a) - Backend Java (Híbrido em SP);São Paulo, SP;09/10 14:00;https://www.linkedin.com/jobs/view/4477832553/;https://media.licdn.com/dms/image/v2/D4D0BAQHZu8t21Vva-w/company-logo_100_100/B4DZoHaTrDKQAQ-/0/1761060928543/nfq_advisory_logo?e=1793232000&v=beta&t=dVsPZuBjVm0OZoKKA8Xm_Ai7VK9eHl8hvBHIsRSRimc;-;https://www.linkedin.com/company/nfq-advisory-solutions-outsourcing/about/;Software e Serviços de TI;backend OR java OR spring boot OR python OR django OR golang OR php OR laravel OR ruby OR ruby on rails OR c++ OR c# OR rust OR scala OR julia OR elixir OR node.js OR asp.net core;nfq advisory, solutions, outsourcing;1;;https://www.linkedin.com/jobs/view/4477832553/;https://www.linkedin.com/jobs/view/4477832553/;Hybrid;Backend;09/10/2026;;São Paulo;SP;Região Sudeste;Brasil;América do Sul
487;Nortal;(1529) Senior Software Engineer Ruby on Rails;Grande Rio de Janeiro (RJ);09/10 11:00;https://www.linkedin.com/jobs/view/4450240846/;https://media.licdn.com/dms/image/v2/D4D0BAQHyq-uNAAkbDw/company-logo_100_100/company-logo_100_100/0/1719836810206/nortal_logo?e=1793232000&v=beta&t=JZOE3iSb9PZDkaer2FZ8oE-Ml7Tu5eZzMPdxtqhjMQY;Advanced > Information Technology;https://www.linkedin.com/company/nortal/about/;Software e Serviços de TI;backend OR java OR spring boot OR python OR django OR golang OR php OR laravel OR ruby OR ruby on rails OR c++ OR c# OR rust OR scala OR julia OR elixir OR node.js OR asp.net core;nortal;1;;https://www.linkedin.com/jobs/view/4450240846/;https://www.linkedin.com/jobs/view/4450240846/;Remote;Senior, TI/Tech, Engenharia Geral;09/10/2026;;Rio de Janeiro;RJ;Região Sudeste;Brasil;América do Sul
488;Nortal;(1599) Senior AI Agentic Engineer;São Paulo, SP;08/10 16:00;https://www.linkedin.com/jobs/view/4477194909/;https://media.licdn.com/dms/image/v2/D4D0BAQHyq-uNAAkbDw/company-logo_100_100/company-logo_100_100/0/1719836810206/nortal_logo?e=1793232000&v=beta&t=JZOE3iSb9PZDkaer2FZ8oE-Ml7Tu5eZzMPdxtqhjMQY;Advanced > Information Technology;https://www.linkedin.com/company/nortal/about/;Inteligência Artificial;backend OR java OR spring boot OR python OR django OR golang OR php OR laravel OR ruby OR ruby on rails OR c++ OR c# OR rust OR scala OR julia OR elixir OR node.js OR asp.net core;nortal;1;;https://www.linkedin.com/jobs/view/4477194909/;https://www.linkedin.com/jobs/view/4477194909/;Remote;Inteligência Artificial, Senior, Engenharia Geral;09/10/2026;;São Paulo;SP;Região Sudeste;Brasil;América do Sul
489;Nubank;Staff Software Engineer - Deposits;Belo Horizonte, MG;09/10 10:00;https://www.linkedin.com/jobs/view/4468821064/;https://media.licdn.com/dms/image/v2/C4D0BAQE2EnQJeawjAA/company-logo_100_100/company-logo_100_100/0/1657129831483/nubank_logo?e=1793232000&v=beta&t=RPwpNzIhoRL3TW4CBpRwqHmvoI3OipfKOhCVVu8sl7o;Advanced > Information Technology;https://www.linkedin.com/company/nubank/about/;Serviços Financeiros;backend OR java OR spring boot OR python OR django OR golang OR php OR laravel OR ruby OR ruby on rails OR c++ OR c# OR rust OR scala OR julia OR elixir OR node.js OR asp.net core;nubank;1;;https://www.linkedin.com/jobs/view/4468821064/;https://www.linkedin.com/jobs/view/4468821064/;Hybrid;TI/Tech, Engenharia Geral;09/10/2026;;Minas Gerais;MG;Região Sudeste;Brasil;América do Sul
490;Nubank;Staff Software Engineer - Deposits;Campinas, SP;09/10 11:00;https://www.linkedin.com/jobs/view/4468807739/;https://media.licdn.com/dms/image/v2/C4D0BAQE2EnQJeawjAA/company-logo_100_100/company-logo_100_100/0/1657129831483/nubank_logo?e=1793232000&v=beta&t=RPwpNzIhoRL3TW4CBpRwqHmvoI3OipfKOhCVVu8sl7o;Advanced > Information Technology;https://www.linkedin.com/company/nubank/about/;Serviços Financeiros;backend OR java OR spring boot OR python OR django OR golang OR php OR laravel OR ruby OR ruby on rails OR c++ OR c# OR rust OR scala OR julia OR elixir OR node.js OR asp.net core;nubank;1;;https://www.linkedin.com/jobs/view/4468807739/;https://www.linkedin.com/jobs/view/4468807739/;On-site;TI/Tech, Engenharia Geral;09/10/2026;;São Paulo;SP;Região Sudeste;Brasil;América do Sul
491;Nubank;Staff Software Engineer - Lending Foundations (Policy & Data Platform);Campinas, SP;09/10 11:00;https://www.linkedin.com/jobs/view/4459892948/;https://media.licdn.com/dms/image/v2/C4D0BAQE2EnQJeawjAA/company-logo_100_100/company-logo_100_100/0/1657129831483/nubank_logo?e=1793232000&v=beta&t=RPwpNzIhoRL3TW4CBpRwqHmvoI3OipfKOhCVVu8sl7o;Data & Ai > Data Engineering;https://www.linkedin.com/company/nubank/about/;Dados e Analytics;backend OR java OR spring boot OR python OR django OR golang OR php OR laravel OR ruby OR ruby on rails OR c++ OR c# OR rust OR scala OR julia OR elixir OR node.js OR asp.net core;nubank;1;;https://www.linkedin.com/jobs/view/4459892948/;https://www.linkedin.com/jobs/view/4459892948/;Hybrid;TI/Tech, Dados/Analytics, Engenharia Geral;09/10/2026;;São Paulo;SP;Região Sudeste;Brasil;América do Sul
492;Nubank;Staff Software Engineer - Deposits;Rio de Janeiro, RJ;09/10 11:00;https://www.linkedin.com/jobs/view/4468802847/;https://media.licdn.com/dms/image/v2/C4D0BAQE2EnQJeawjAA/company-logo_100_100/company-logo_100_100/0/1657129831483/nubank_logo?e=1793232000&v=beta&t=RPwpNzIhoRL3TW4CBpRwqHmvoI3OipfKOhCVVu8sl7o;Advanced > Information Technology;https://www.linkedin.com/company/nubank/about/;Serviços Financeiros;backend OR java OR spring boot OR python OR django OR golang OR php OR laravel OR ruby OR ruby on rails OR c++ OR c# OR rust OR scala OR julia OR elixir OR node.js OR asp.net core;nubank;1;;https://www.linkedin.com/jobs/view/4468802847/;https://www.linkedin.com/jobs/view/4468802847/;On-site;TI/Tech, Engenharia Geral;09/10/2026;;Rio de Janeiro;RJ;Região Sudeste;Brasil;América do Sul
493;Nubank;Staff Software Engineer - Deposits;São Paulo, SP;09/10 11:00;https://www.linkedin.com/jobs/view/4468816523/;https://media.licdn.com/dms/image/v2/C4D0BAQE2EnQJeawjAA/company-logo_100_100/company-logo_100_100/0/1657129831483/nubank_logo?e=1793232000&v=beta&t=RPwpNzIhoRL3TW4CBpRwqHmvoI3OipfKOhCVVu8sl7o;Advanced > Information Technology;https://www.linkedin.com/company/nubank/about/;Serviços Financeiros;backend OR java OR spring boot OR python OR django OR golang OR php OR laravel OR ruby OR ruby on rails OR c++ OR c# OR rust OR scala OR julia OR elixir OR node.js OR asp.net core;nubank;1;;https://www.linkedin.com/jobs/view/4468816523/;https://www.linkedin.com/jobs/view/4468816523/;Hybrid;TI/Tech, Engenharia Geral;09/10/2026;;São Paulo;SP;Região Sudeste;Brasil;América do Sul
494;Nubank;Staff Software Engineer - Lending Foundations (Policy & Data Platform);São Paulo, SP;09/10 11:00;https://www.linkedin.com/jobs/view/4459896951/;https://media.licdn.com/dms/image/v2/C4D0BAQE2EnQJeawjAA/company-logo_100_100/company-logo_100_100/0/1657129831483/nubank_logo?e=1793232000&v=beta&t=RPwpNzIhoRL3TW4CBpRwqHmvoI3OipfKOhCVVu8sl7o;Data & Ai > Data Engineering;https://www.linkedin.com/company/nubank/about/;Dados e Analytics;backend OR java OR spring boot OR python OR django OR golang OR php OR laravel OR ruby OR ruby on rails OR c++ OR c# OR rust OR scala OR julia OR elixir OR node.js OR asp.net core;nubank;1;;https://www.linkedin.com/jobs/view/4459896951/;https://www.linkedin.com/jobs/view/4459896951/;Hybrid;TI/Tech, Dados/Analytics, Engenharia Geral;09/10/2026;;São Paulo;SP;Região Sudeste;Brasil;América do Sul
495;PagBank;Engenheiro de Software Sr. (Java);Brasil;09/10 11:00;https://www.linkedin.com/jobs/view/4476810203/;https://media.licdn.com/dms/image/v2/D4D0BAQFNHYkM6Qxejw/company-logo_100_100/B4DZyexaT9I8AY-/0/1772190279667/pagbank_logo?e=1793232000&v=beta&t=z4IfNq9CooibTvh6wAMPZUMPs769LdzvqOOBY_Y2sqg;-;https://www.linkedin.com/company/pagbank/about/;Serviços Financeiros;backend OR java OR spring boot OR python OR django OR golang OR php OR laravel OR ruby OR ruby on rails OR c++ OR c# OR rust OR scala OR julia OR elixir OR node.js OR asp.net core;pagbank;1;;https://www.linkedin.com/jobs/view/4476810203/;https://www.linkedin.com/jobs/view/4476810203/;Remote;Senior, TI/Tech;09/10/2026;;;;;Brasil;América do Sul
496;PagBank;Engenheiro de Software Sr. (Java);Brasil;09/10 07:00;https://www.linkedin.com/jobs/view/4467591463/;https://media.licdn.com/dms/image/v2/D4D0BAQFNHYkM6Qxejw/company-logo_100_100/B4DZyexaT9I8AY-/0/1772190279667/pagbank_logo?e=1793232000&v=beta&t=z4IfNq9CooibTvh6wAMPZUMPs769LdzvqOOBY_Y2sqg;-;https://www.linkedin.com/company/pagbank/about/;Serviços Financeiros;backend OR java OR spring boot OR python OR django OR golang OR php OR laravel OR ruby OR ruby on rails OR c++ OR c# OR rust OR scala OR julia OR elixir OR node.js OR asp.net core;pagbank;1;;https://www.linkedin.com/jobs/view/4467591463/;https://www.linkedin.com/jobs/view/4467591463/;Remote;Senior, TI/Tech;09/10/2026;;;;;Brasil;América do Sul
497;PagBank;Engenheiro de Qualidade de Software Sr.;São Paulo, SP;08/10 17:00;https://www.linkedin.com/jobs/view/4476206298/;https://media.licdn.com/dms/image/v2/D4D0BAQFNHYkM6Qxejw/company-logo_100_100/B4DZyexaT9I8AY-/0/1772190279667/pagbank_logo?e=1793232000&v=beta&t=z4IfNq9CooibTvh6wAMPZUMPs769LdzvqOOBY_Y2sqg;-;https://www.linkedin.com/company/pagbank/about/;Serviços Financeiros;backend OR java OR spring boot OR python OR django OR golang OR php OR laravel OR ruby OR ruby on rails OR c++ OR c# OR rust OR scala OR julia OR elixir OR node.js OR asp.net core;pagbank;1;;https://www.linkedin.com/jobs/view/4476206298/;https://www.linkedin.com/jobs/view/4476206298/;Hybrid;Senior, TI/Tech;09/10/2026;;São Paulo;SP;Região Sudeste;Brasil;América do Sul
498;PagueVeloz;Analista de Desenvolvimento Sênior;São Paulo, SP;08/10 19:00;https://www.linkedin.com/jobs/view/4477475343/;https://media.licdn.com/dms/image/v2/D4D0BAQGih09j0rV43Q/company-logo_100_100/B4DZrfW8ePJEAc-/0/1764683928260/pagueveloz_logo?e=1793232000&v=beta&t=bmTynPxmjh9TPxvoekOvfOYkpZHYMxiaeEKcgNp5V6E;Advanced > Specialist;https://www.linkedin.com/company/pagueveloz/about/;Software e Serviços de TI;backend OR java OR spring boot OR python OR django OR golang OR php OR laravel OR ruby OR ruby on rails OR c++ OR c# OR rust OR scala OR julia OR elixir OR node.js OR asp.net core;pagueveloz;1;;https://www.linkedin.com/jobs/view/4477475343/;https://www.linkedin.com/jobs/view/4477475343/;Hybrid;Senior, Associate;09/10/2026;;São Paulo;SP;Região Sudeste;Brasil;América do Sul
499;PagueVeloz;Analista de Desenvolvimento de Software Sênior;São Paulo, SP;08/10 18:00;https://www.linkedin.com/jobs/view/4477475234/;https://media.licdn.com/dms/image/v2/D4D0BAQGih09j0rV43Q/company-logo_100_100/B4DZrfW8ePJEAc-/0/1764683928260/pagueveloz_logo?e=1793232000&v=beta&t=bmTynPxmjh9TPxvoekOvfOYkpZHYMxiaeEKcgNp5V6E;Advanced > Specialist;https://www.linkedin.com/company/pagueveloz/about/;Software e Serviços de TI;backend OR java OR spring boot OR python OR django OR golang OR php OR laravel OR ruby OR ruby on rails OR c++ OR c# OR rust OR scala OR julia OR elixir OR node.js OR asp.net core;pagueveloz;1;;https://www.linkedin.com/jobs/view/4477475234/;https://www.linkedin.com/jobs/view/4477475234/;Hybrid;Senior, Associate, TI/Tech;09/10/2026;;São Paulo;SP;Região Sudeste;Brasil;América do Sul
500;PagueVeloz;Especialista I de TI;São Paulo, SP;08/10 18:00;https://www.linkedin.com/jobs/view/4477472268/;https://media.licdn.com/dms/image/v2/D4D0BAQGih09j0rV43Q/company-logo_100_100/B4DZrfW8ePJEAc-/0/1764683928260/pagueveloz_logo?e=1793232000&v=beta&t=bmTynPxmjh9TPxvoekOvfOYkpZHYMxiaeEKcgNp5V6E;Advanced > Specialist;https://www.linkedin.com/company/pagueveloz/about/;Software e Serviços de TI;backend OR java OR spring boot OR python OR django OR golang OR php OR laravel OR ruby OR ruby on rails OR c++ OR c# OR rust OR scala OR julia OR elixir OR node.js OR asp.net core;pagueveloz;1;;https://www.linkedin.com/jobs/view/4477472268/;https://www.linkedin.com/jobs/view/4477472268/;Hybrid;Specialist, TI/Tech;09/10/2026;;São Paulo;SP;Região Sudeste;Brasil;América do Sul
501;Performa_IT;Desenvolvedor .NET Sênior;São Paulo, SP;09/10 13:00;https://www.linkedin.com/jobs/view/4475230910/;https://media.licdn.com/dms/image/v2/D4D0BAQFZwYNuqbGz0g/img-crop_100/B4DZW1_HuOGkAM-/0/1742514978333?e=1793232000&v=beta&t=B-zbrVWCh6EH0nA3GPQ5bwStzC2pBxrG4Af5pjbqsrU;-;https://www.linkedin.com/company/performa-it/about/;Software e Serviços de TI;backend OR java OR spring boot OR python OR django OR golang OR php OR laravel OR ruby OR ruby on rails OR c++ OR c# OR rust OR scala OR julia OR elixir OR node.js OR asp.net core;performa_it;1;;https://www.linkedin.com/jobs/view/4475230910/;https://www.linkedin.com/jobs/view/4475230910/;Hybrid;Senior;09/10/2026;;São Paulo;SP;Região Sudeste;Brasil;América do Sul
502;Platform Builders;Arquiteto(a) de Soluções Sênior;Brasil;08/10 21:00;https://www.linkedin.com/jobs/view/4476824807/;https://media.licdn.com/dms/image/v2/C560BAQHMjfT2f8er3g/company-logo_100_100/company-logo_100_100/0/1630575167215/platformbuilders_logo?e=1793232000&v=beta&t=7ij7Ql0u_gNfLfBV6z2ANucScMiV___h3APAPugcmJY;Architecture;https://www.linkedin.com/company/platform-builders/about/;Software e Serviços de TI;backend OR java OR spring boot OR python OR django OR golang OR php OR laravel OR ruby OR ruby on rails OR c++ OR c# OR rust OR scala OR julia OR elixir OR node.js OR asp.net core;platform builders;1;;https://www.linkedin.com/jobs/view/4476824807/;https://www.linkedin.com/jobs/view/4476824807/;Remote;Senior;09/10/2026;;;;;Brasil;América do Sul
503;Platform Science;Software Engineer Senior;Londrina, PR;08/10 16:00;https://www.linkedin.com/jobs/view/4457271256/;https://media.licdn.com/dms/image/v2/C560BAQFwDh5F4FjKSg/company-logo_100_100/company-logo_100_100/0/1630640177343/platform_science_logo?e=1793232000&v=beta&t=BRHQA8OUmXxRZhIfThJBcefP8_gU6Mka49Y8lArHsWI;Advanced > Information Technology;https://www.linkedin.com/company/platform-science/about/;Software e Serviços de TI;backend OR java OR spring boot OR python OR django OR golang OR php OR laravel OR ruby OR ruby on rails OR c++ OR c# OR rust OR scala OR julia OR elixir OR node.js OR asp.net core;platform science;1;;https://www.linkedin.com/jobs/view/4457271256/;https://www.linkedin.com/jobs/view/4457271256/;Not informed;Senior, TI/Tech, Engenharia Geral;09/10/2026;;Paraná;PR;Região Sul;Brasil;América do Sul
504;Porto;Analista de Engenharia de Software Sênior;São Paulo, SP;08/10 21:00;https://www.linkedin.com/jobs/view/4477476806/;https://media.licdn.com/dms/image/v2/C4D0BAQHdvjiq_3u9SQ/company-logo_100_100/company-logo_100_100/0/1651181402504?e=1793232000&v=beta&t=liOIl2AJ1HrDF7NdyZ2w_KWvzqShQngEaQybYbMqIM0;Advanced > Specialist;https://www.linkedin.com/company/porto/about/;Software e Serviços de TI;backend OR java OR spring boot OR python OR django OR golang OR php OR laravel OR ruby OR ruby on rails OR c++ OR c# OR rust OR scala OR julia OR elixir OR node.js OR asp.net core;porto;1;;https://www.linkedin.com/jobs/view/4477476806/;https://www.linkedin.com/jobs/view/4477476806/;Not informed;Senior, Associate, TI/Tech, Engenharia Geral;09/10/2026;;São Paulo;SP;Região Sudeste;Brasil;América do Sul
505;Privacy;Tech Lead;São Paulo, SP;08/10 16:00;https://www.linkedin.com/jobs/view/4477173344/;https://media.licdn.com/dms/image/v2/D4D0BAQGN1U2dPixN9g/company-logo_100_100/B4DZ4cqi7TJ8AU-/0/1778597376129/sejaprivacy_logo?e=1793232000&v=beta&t=VwhNHnC8UW8Vz9b950WdzV_Y9LVJe1rQaB7Vk_zsYmU;Middle > Manager;https://www.linkedin.com/company/privacy/about/;Software e Serviços de TI;backend OR java OR spring boot OR python OR django OR golang OR php OR laravel OR ruby OR ruby on rails OR c++ OR c# OR rust OR scala OR julia OR elixir OR node.js OR asp.net core;privacy;1;;https://www.linkedin.com/jobs/view/4477173344/;https://www.linkedin.com/jobs/view/4477173344/;On-site;Mid, Liderança/Gerência, TI/Tech;09/10/2026;;São Paulo;SP;Região Sudeste;Brasil;América do Sul
506;ProFUSION;Software Developer;Brasil;09/10 11:00;https://www.linkedin.com/jobs/view/4451222448/;https://media.licdn.com/dms/image/v2/C4D0BAQHKY2dmLsCYpA/company-logo_100_100/company-logo_100_100/0/1630578730316/profusion_mobi_logo?e=1793232000&v=beta&t=ReEB2vgcwnwxYfP-8ohgT6YKV0IdDpkQA26FfuzsxZ8;Advanced > Information Technology;https://www.linkedin.com/company/profusion/about/;Software e Serviços de TI;backend OR java OR spring boot OR python OR django OR golang OR php OR laravel OR ruby OR ruby on rails OR c++ OR c# OR rust OR scala OR julia OR elixir OR node.js OR asp.net core;profusion;1;;https://www.linkedin.com/jobs/view/4451222448/;https://www.linkedin.com/jobs/view/4451222448/;Remote;TI/Tech;09/10/2026;;;;;Brasil;América do Sul
507;Pyyne;Software Engineer (Python);Brasil;08/10 16:00;https://www.linkedin.com/jobs/view/4476910919/;https://media.licdn.com/dms/image/v2/D4E0BAQHZlVmnSkySgQ/company-logo_100_100/company-logo_100_100/0/1723641315634/pyyne_digital_logo?e=1793232000&v=beta&t=KMfdLUGAx2B--uWUPBYJQX38RNYrmhuAy8FU_9mnVBI;Advanced > Information Technology;https://www.linkedin.com/company/pyyne/about/;Software e Serviços de TI;backend OR java OR spring boot OR python OR django OR golang OR php OR laravel OR ruby OR ruby on rails OR c++ OR c# OR rust OR scala OR julia OR elixir OR node.js OR asp.net core;pyyne;1;;https://www.linkedin.com/jobs/view/4476910919/;https://www.linkedin.com/jobs/view/4476910919/;Remote;TI/Tech, Engenharia Geral;09/10/2026;;;;;Brasil;América do Sul
508;Quality Digital;Arquiteto de Soluções VTEX;Grande São Paulo (SP) ;08/10 16:00;https://www.linkedin.com/jobs/view/4475975354/;https://media.licdn.com/dms/image/v2/D4D0BAQFGFZ92Yq8iOg/company-logo_100_100/B4DZgewRZ8GQAU-/0/1752862628198/qualitydigital_logo?e=1793232000&v=beta&t=O5_6usWjWz62R_7Y3jD-Wo8hdI0O_p73G1oQmkrkA1U;Architecture;https://www.linkedin.com/company/quality-digital/about/;Software e Serviços de TI;backend OR java OR spring boot OR python OR django OR golang OR php OR laravel OR ruby OR ruby on rails OR c++ OR c# OR rust OR scala OR julia OR elixir OR node.js OR asp.net core;quality digital;1;;https://www.linkedin.com/jobs/view/4475975354/;https://www.linkedin.com/jobs/view/4475975354/;Hybrid;-;09/10/2026;;São Paulo;SP;Região Sudeste;Brasil;América do Sul
509;Quectel;Software Engineer;Manaus, AM;09/10 15:00;https://www.linkedin.com/jobs/view/4461361048/;https://media.licdn.com/dms/image/v2/C4D0BAQFW__kmrViHGA/company-logo_100_100/company-logo_100_100/0/1630556645348/quectel_wireless_solutions_logo?e=1793232000&v=beta&t=-asRPQ7xhwvX-bam-nbP0aoMuZkk4Ay7Tg2YF-bhBlU;Advanced > Information Technology;https://www.linkedin.com/company/quectel/about/;Software e Serviços de TI;backend OR java OR spring boot OR python OR django OR golang OR php OR laravel OR ruby OR ruby on rails OR c++ OR c# OR rust OR scala OR julia OR elixir OR node.js OR asp.net core;quectel;1;;https://www.linkedin.com/jobs/view/4461361048/;https://www.linkedin.com/jobs/view/4461361048/;On-site;TI/Tech, Engenharia Geral;09/10/2026;;Amazonas;AM;Região Norte;Brasil;América do Sul
510;QuintoAndar;Grupo QuintoAndar | Senior Software Engineer;São Paulo, SP;08/10 16:00;https://www.linkedin.com/jobs/view/4305639955/;https://media.licdn.com/dms/image/v2/D4D0BAQGetnGZOz9xfg/company-logo_100_100/B4DZ9byoi3HEAI-/0/1783951428019/quintoandar_com_br_logo?e=1793232000&v=beta&t=_KIV5nlW_ButqvjEP9svrOYxwIzGvj1McuXopbpYaCE;Advanced > Information Technology;https://www.linkedin.com/company/quintoandar/about/;Mercado Imobiliário;backend OR java OR spring boot OR python OR django OR golang OR php OR laravel OR ruby OR ruby on rails OR c++ OR c# OR rust OR scala OR julia OR elixir OR node.js OR asp.net core;quintoandar;1;;https://www.linkedin.com/jobs/view/4305639955/;https://www.linkedin.com/jobs/view/4305639955/;Remote;Senior, TI/Tech, Engenharia Geral;09/10/2026;;São Paulo;SP;Região Sudeste;Brasil;América do Sul
511;QuintoAndar;Grupo QuintoAndar | Senior Software Engineer (Women Applicants Only);São Paulo, SP;09/10 11:00;https://www.linkedin.com/jobs/view/4358578736/;https://media.licdn.com/dms/image/v2/D4D0BAQGetnGZOz9xfg/company-logo_100_100/B4DZ9byoi3HEAI-/0/1783951428019/quintoandar_com_br_logo?e=1793232000&v=beta&t=_KIV5nlW_ButqvjEP9svrOYxwIzGvj1McuXopbpYaCE;Advanced > Information Technology;https://www.linkedin.com/company/quintoandar/about/;Mercado Imobiliário;backend OR java OR spring boot OR python OR django OR golang OR php OR laravel OR ruby OR ruby on rails OR c++ OR c# OR rust OR scala OR julia OR elixir OR node.js OR asp.net core;quintoandar;1;;https://www.linkedin.com/jobs/view/4358578736/;https://www.linkedin.com/jobs/view/4358578736/;Remote;Senior, TI/Tech, Engenharia Geral;09/10/2026;;São Paulo;SP;Região Sudeste;Brasil;América do Sul
512;Quorum;Staff Software Engineer;Brasil;09/10 11:00;https://www.linkedin.com/jobs/view/4477807428/;https://media.licdn.com/dms/image/v2/D4E0BAQE4XJ6QKfh7eA/company-logo_100_100/B4EZjHvRnjHgAU-/0/1755697716124/quorum_analytics_inc__logo?e=1793232000&v=beta&t=7p_WEMqGONzn1lIDT-Fj4jOwwZSrKENYX9gqtGLcewI;Advanced > Information Technology;https://www.linkedin.com/company/quorum/about/;Software e Serviços de TI;backend OR java OR spring boot OR python OR django OR golang OR php OR laravel OR ruby OR ruby on rails OR c++ OR c# OR rust OR scala OR julia OR elixir OR node.js OR asp.net core;quorum;1;;https://www.linkedin.com/jobs/view/4477807428/;https://www.linkedin.com/jobs/view/4477807428/;Remote;TI/Tech, Engenharia Geral;09/10/2026;;;;;Brasil;América do Sul
513;RJDI Monza;Programador;Rio de Janeiro, RJ;09/10 14:00;https://www.linkedin.com/jobs/view/4476830267/;https://media.licdn.com/dms/image/v2/D4D0BAQHRxgtf_IsPPw/company-logo_100_100/B4DZo7kCbiHwAQ-/0/1761935894856/rj_real_estate_desenvolvimento_imobilirio_logo?e=1793232000&v=beta&t=7L1fDPMR6opzcryt9_1EfAW7XpjRsdoOG4v60b308fw;-;https://www.linkedin.com/company/rjdi-monza/about/;-;backend OR java OR spring boot OR python OR django OR golang OR php OR laravel OR ruby OR ruby on rails OR c++ OR c# OR rust OR scala OR julia OR elixir OR node.js OR asp.net core;rjdi monza;1;;https://www.linkedin.com/jobs/view/4476830267/;https://www.linkedin.com/jobs/view/4476830267/;On-site;-;09/10/2026;;Rio de Janeiro;RJ;Região Sudeste;Brasil;América do Sul
514;Robert Half;Senior Software Engineer - AI & Automation;São Paulo, SP;08/10 16:00;https://www.linkedin.com/jobs/view/4474820986/;https://media.licdn.com/dms/image/v2/D560BAQFP6-a3z7Fm8Q/company-logo_100_100/company-logo_100_100/0/1696341221977/robert_half_international_logo?e=1793232000&v=beta&t=rPt_IeSArWjnddvv0NXAp-qQoHHZq04tYh5X4kGxmCE;Advanced > Process & Automation;https://www.linkedin.com/company/robert-half/about/;Inteligência Artificial;backend OR java OR spring boot OR python OR django OR golang OR php OR laravel OR ruby OR ruby on rails OR c++ OR c# OR rust OR scala OR julia OR elixir OR node.js OR asp.net core;robert half;1;;https://www.linkedin.com/jobs/view/4474820986/;https://www.linkedin.com/jobs/view/4474820986/;Not informed;Inteligência Artificial, Senior, TI/Tech, Engenharia Geral;09/10/2026;;São Paulo;SP;Região Sudeste;Brasil;América do Sul
515;RodOil;Desenvolvedor de Software Full Stack | CRIE;Caxias do Sul, RS;08/10 16:00;https://www.linkedin.com/jobs/view/4475796382/;https://media.licdn.com/dms/image/v2/C4D0BAQG05NT4U3p5Lg/company-logo_100_100/company-logo_100_100/0/1660581720242/rodoil_distribuidora_logo?e=1793232000&v=beta&t=2zkDEuCvWCOAxd-AbIjwDc6Ne60ivA3kN2r7YQTWwPo;-;https://www.linkedin.com/company/rodoil/about/;Energia e Combustíveis;backend OR java OR spring boot OR python OR django OR golang OR php OR laravel OR ruby OR ruby on rails OR c++ OR c# OR rust OR scala OR julia OR elixir OR node.js OR asp.net core;rodoil;1;;https://www.linkedin.com/jobs/view/4475796382/;https://www.linkedin.com/jobs/view/4475796382/;On-site;TI/Tech, Full Stack;09/10/2026;;Rio Grande do Sul;RS;Região Sul;Brasil;América do Sul
516;Rooby HR;Arquitetura de IA e Aplicações;São Paulo, SP;08/10 16:00;https://www.linkedin.com/jobs/view/4474818743/;https://media.licdn.com/dms/image/v2/D4D0BAQGvHfVJFrrLLw/company-logo_100_100/company-logo_100_100/0/1723747087610/rooby_hr_logo?e=1793232000&v=beta&t=EQOL6Bpt3F7WPoytLYCE9aGijwBG2BmLyPJuYpdeMDE;-;https://www.linkedin.com/company/rooby-hr/about/;Inteligência Artificial;backend OR java OR spring boot OR python OR django OR golang OR php OR laravel OR ruby OR ruby on rails OR c++ OR c# OR rust OR scala OR julia OR elixir OR node.js OR asp.net core;rooby hr;1;;https://www.linkedin.com/jobs/view/4474818743/;https://www.linkedin.com/jobs/view/4474818743/;On-site;Inteligência Artificial, TI/Tech;09/10/2026;;São Paulo;SP;Região Sudeste;Brasil;América do Sul
517;SAP;Senior Application Engineering - SAP Customer Experience;Grande São Paulo (SP) ;08/10 16:00;https://www.linkedin.com/jobs/view/4474474706/;https://media.licdn.com/dms/image/v2/D560BAQGmwwo0aq4jVA/company-logo_100_100/company-logo_100_100/0/1723034255614/sap_logo?e=1793232000&v=beta&t=e8_TLC_8I0pL3Vm5iyjS5RliV8v4RT0T9m8zIEQJnD0;Produtos > Customer Experience;https://www.linkedin.com/company/sap/about/;Software e Serviços de TI;backend OR java OR spring boot OR python OR django OR golang OR php OR laravel OR ruby OR ruby on rails OR c++ OR c# OR rust OR scala OR julia OR elixir OR node.js OR asp.net core;sap;1;;https://www.linkedin.com/jobs/view/4474474706/;https://www.linkedin.com/jobs/view/4474474706/;Hybrid;Senior, SAP, Engenharia Geral;09/10/2026;;São Paulo;SP;Região Sudeste;Brasil;América do Sul
518;SAP;Senior Backend and AI Engineer - SAP Concur;São Leopoldo, RS;08/10 16:00;https://www.linkedin.com/jobs/view/4475970397/;https://media.licdn.com/dms/image/v2/D560BAQGmwwo0aq4jVA/company-logo_100_100/company-logo_100_100/0/1723034255614/sap_logo?e=1793232000&v=beta&t=e8_TLC_8I0pL3Vm5iyjS5RliV8v4RT0T9m8zIEQJnD0;Advanced > Information Technology;https://www.linkedin.com/company/sap/about/;Inteligência Artificial;backend OR java OR spring boot OR python OR django OR golang OR php OR laravel OR ruby OR ruby on rails OR c++ OR c# OR rust OR scala OR julia OR elixir OR node.js OR asp.net core;sap;1;;https://www.linkedin.com/jobs/view/4475970397/;https://www.linkedin.com/jobs/view/4475970397/;Hybrid;Inteligência Artificial, Senior, SAP, Backend, Engenharia Geral;09/10/2026;;Rio Grande do Sul;RS;Região Sul;Brasil;América do Sul
519;SONDA;Arquiteto(a) de Software;Federal District, Brasil;08/10 17:00;https://www.linkedin.com/jobs/view/4477466224/;https://media.licdn.com/dms/image/v2/D4D0BAQFVqJqzQaOcmA/company-logo_100_100/B4DZ35TgVVJkAI-/0/1778004133504/sonda_logo?e=1793232000&v=beta&t=iOx4vC5A7ri959BDU85_1Dy5gUBhfUfg7SWI3_oORys;Architecture;https://www.linkedin.com/company/sonda/about/;Software e Serviços de TI;backend OR java OR spring boot OR python OR django OR golang OR php OR laravel OR ruby OR ruby on rails OR c++ OR c# OR rust OR scala OR julia OR elixir OR node.js OR asp.net core;sonda;1;;https://www.linkedin.com/jobs/view/4477466224/;https://www.linkedin.com/jobs/view/4477466224/;Remote;TI/Tech;09/10/2026;;Distrito Federal;DF;Região Centro-Oeste;Brasil;América do Sul
520;SOUTH SYSTEM;Desenvolvedor(a)  JAVA Sênior;Brasil;09/10 09:00;https://www.linkedin.com/jobs/view/4468806905/;https://media.licdn.com/dms/image/v2/C4D0BAQErlJA-5uR95g/company-logo_100_100/company-logo_100_100/0/1630478999116?e=1793232000&v=beta&t=GhxuCqYW9fnCdRRJnUVuj9h0SzeAdZNp7mcwQsT4X5s;-;https://www.linkedin.com/company/south-system/about/;-;backend OR java OR spring boot OR python OR django OR golang OR php OR laravel OR ruby OR ruby on rails OR c++ OR c# OR rust OR scala OR julia OR elixir OR node.js OR asp.net core;south system;1;;https://www.linkedin.com/jobs/view/4468806905/;https://www.linkedin.com/jobs/view/4468806905/;Remote;Senior;09/10/2026;;;;;Brasil;América do Sul
521;SOUTH SYSTEM;Desenvolvedor(a)  JAVA Sênior;Brasil;09/10 11:00;https://www.linkedin.com/jobs/view/4468804930/;https://media.licdn.com/dms/image/v2/C4D0BAQErlJA-5uR95g/company-logo_100_100/company-logo_100_100/0/1630478999116?e=1793232000&v=beta&t=GhxuCqYW9fnCdRRJnUVuj9h0SzeAdZNp7mcwQsT4X5s;-;https://www.linkedin.com/company/south-system/about/;-;backend OR java OR spring boot OR python OR django OR golang OR php OR laravel OR ruby OR ruby on rails OR c++ OR c# OR rust OR scala OR julia OR elixir OR node.js OR asp.net core;south system;1;;https://www.linkedin.com/jobs/view/4468804930/;https://www.linkedin.com/jobs/view/4468804930/;Remote;Senior;09/10/2026;;;;;Brasil;América do Sul
522;Santander;IT Analyst II (C# + Angular);São Paulo, SP;08/10 16:00;https://www.linkedin.com/jobs/view/4468328680/;https://media.licdn.com/dms/image/v2/D4D0BAQGVRxhl9ugIOA/company-logo_100_100/company-logo_100_100/0/1719830522728/banco_santander_logo?e=1793232000&v=beta&t=1hCKaxaljOP69m_9B7RqeDHE4741gOMhozdaeK7KkJ0;Advanced > Specialist;https://www.linkedin.com/company/santander/about/;Software e Serviços de TI;backend OR java OR spring boot OR python OR django OR golang OR php OR laravel OR ruby OR ruby on rails OR c++ OR c# OR rust OR scala OR julia OR elixir OR node.js OR asp.net core;santander;1;;https://www.linkedin.com/jobs/view/4468328680/;https://www.linkedin.com/jobs/view/4468328680/;Hybrid;-;09/10/2026;;São Paulo;SP;Região Sudeste;Brasil;América do Sul
523;Santander;IT Analyst II - Node.js, Angular/React;São Paulo, SP;08/10 22:00;https://www.linkedin.com/jobs/view/4477602203/;https://media.licdn.com/dms/image/v2/D4D0BAQGVRxhl9ugIOA/company-logo_100_100/company-logo_100_100/0/1719830522728/banco_santander_logo?e=1793232000&v=beta&t=1hCKaxaljOP69m_9B7RqeDHE4741gOMhozdaeK7KkJ0;Advanced > Specialist;https://www.linkedin.com/company/santander/about/;Software e Serviços de TI;backend OR java OR spring boot OR python OR django OR golang OR php OR laravel OR ruby OR ruby on rails OR c++ OR c# OR rust OR scala OR julia OR elixir OR node.js OR asp.net core;santander;1;;https://www.linkedin.com/jobs/view/4477602203/;https://www.linkedin.com/jobs/view/4477602203/;Hybrid;-;09/10/2026;;São Paulo;SP;Região Sudeste;Brasil;América do Sul
524;Santander;IT Analyst III (C# + Angular);São Paulo, SP;08/10 16:00;https://www.linkedin.com/jobs/view/4468331008/;https://media.licdn.com/dms/image/v2/D4D0BAQGVRxhl9ugIOA/company-logo_100_100/company-logo_100_100/0/1719830522728/banco_santander_logo?e=1793232000&v=beta&t=1hCKaxaljOP69m_9B7RqeDHE4741gOMhozdaeK7KkJ0;Advanced > Specialist;https://www.linkedin.com/company/santander/about/;Software e Serviços de TI;backend OR java OR spring boot OR python OR django OR golang OR php OR laravel OR ruby OR ruby on rails OR c++ OR c# OR rust OR scala OR julia OR elixir OR node.js OR asp.net core;santander;1;;https://www.linkedin.com/jobs/view/4468331008/;https://www.linkedin.com/jobs/view/4468331008/;Hybrid;-;09/10/2026;;São Paulo;SP;Região Sudeste;Brasil;América do Sul
525;Santander;IT Engineer Spec IV (.Net);São Paulo, SP;08/10 16:00;https://www.linkedin.com/jobs/view/4477444233/;https://media.licdn.com/dms/image/v2/D4D0BAQGVRxhl9ugIOA/company-logo_100_100/company-logo_100_100/0/1719830522728/banco_santander_logo?e=1793232000&v=beta&t=1hCKaxaljOP69m_9B7RqeDHE4741gOMhozdaeK7KkJ0;Advanced > Information Technology;https://www.linkedin.com/company/santander/about/;Software e Serviços de TI;backend OR java OR spring boot OR python OR django OR golang OR php OR laravel OR ruby OR ruby on rails OR c++ OR c# OR rust OR scala OR julia OR elixir OR node.js OR asp.net core;santander;1;;https://www.linkedin.com/jobs/view/4477444233/;https://www.linkedin.com/jobs/view/4477444233/;Hybrid;Engenharia Geral;09/10/2026;;São Paulo;SP;Região Sudeste;Brasil;América do Sul
526;Scania Latin America;Desenvolvedor(a) TI Sênior (Contrato determinado por 12 meses);São Bernardo do Campo, SP;08/10 17:00;https://www.linkedin.com/jobs/view/4476209224/;https://media.licdn.com/dms/image/v2/D4D0BAQFU9kghIx7ptA/company-logo_100_100/B4DZqoBcgKGgAU-/0/1763755543368/scania_latinamerica_logo?e=1793232000&v=beta&t=gI_y6yoly8vLpBmSDILf20S_vj8M6GkizKtOVCWx7mI;-;https://www.linkedin.com/company/scania-latin-america/about/;Software e Serviços de TI;backend OR java OR spring boot OR python OR django OR golang OR php OR laravel OR ruby OR ruby on rails OR c++ OR c# OR rust OR scala OR julia OR elixir OR node.js OR asp.net core;scania latin america;1;;https://www.linkedin.com/jobs/view/4476209224/;https://www.linkedin.com/jobs/view/4476209224/;Not informed;Senior, TI/Tech;09/10/2026;;São Paulo;SP;Região Sudeste;Brasil;América do Sul
527;Scopic;Remote Solutions Architect;Brasil;08/10 16:00;https://www.linkedin.com/jobs/view/4477141176/;https://media.licdn.com/dms/image/v2/D4D0BAQFW2a2IoyCD3A/company-logo_100_100/B4DZgTv4pLGkAY-/0/1752677977053/scopic_software_logo?e=1793232000&v=beta&t=USd8PTvmvZROIoieORz7uogPdTOrWzkFVE11z5PNSJY;Architecture > Solutions Architect;https://www.linkedin.com/company/scopic/about/;Software e Serviços de TI;backend OR java OR spring boot OR python OR django OR golang OR php OR laravel OR ruby OR ruby on rails OR c++ OR c# OR rust OR scala OR julia OR elixir OR node.js OR asp.net core;scopic;1;;https://www.linkedin.com/jobs/view/4477141176/;https://www.linkedin.com/jobs/view/4477141176/;Remote;-;09/10/2026;;;;;Brasil;América do Sul
528;Search Atlas;Senior FullStack Engineer (Django/Next);Brasil;09/10 13:00;https://www.linkedin.com/jobs/view/4477815877/;https://media.licdn.com/dms/image/v2/D4E0BAQEJAC1Thjw5bg/company-logo_100_100/B4EZkVdvw7HoAQ-/0/1757001743887/searchatlas_logo?e=1793232000&v=beta&t=Pn5RIC7b9obvhyRzCZPmqN3RT16ifZRS1E8vUggCNUk;Advanced > Information Technology;https://www.linkedin.com/company/search-atlas/about/;-;backend OR java OR spring boot OR python OR django OR golang OR php OR laravel OR ruby OR ruby on rails OR c++ OR c# OR rust OR scala OR julia OR elixir OR node.js OR asp.net core;search atlas;1;;https://www.linkedin.com/jobs/view/4477815877/;https://www.linkedin.com/jobs/view/4477815877/;Remote;Senior, Full Stack, Engenharia Geral;09/10/2026;;;;;Brasil;América do Sul
529;Senior Sistemas;Software Developer I - .NET/Angular - Hypnobox;São Paulo, SP;08/10 16:00;https://www.linkedin.com/jobs/view/4474491182/;https://media.licdn.com/dms/image/v2/C4E0BAQFlbJMLQgUBbQ/company-logo_100_100/company-logo_100_100/0/1631330968616?e=1793232000&v=beta&t=p-iS-MNtwprxJE-6kWokNqRU4OM2CdOeSaZlSw3kNKg;Advanced > Information Technology;https://www.linkedin.com/company/senior-sistemas/about/;Software e Serviços de TI;backend OR java OR spring boot OR python OR django OR golang OR php OR laravel OR ruby OR ruby on rails OR c++ OR c# OR rust OR scala OR julia OR elixir OR node.js OR asp.net core;senior sistemas;1;;https://www.linkedin.com/jobs/view/4474491182/;https://www.linkedin.com/jobs/view/4474491182/;Not informed;TI/Tech;09/10/2026;;São Paulo;SP;Região Sudeste;Brasil;América do Sul
530;Serasa Experian;Analista de Desenvolvimento Sênior;São Paulo, SP;08/10 23:00;https://www.linkedin.com/jobs/view/4477610662/;https://media.licdn.com/dms/image/v2/D4D0BAQGW4EB1A1aUYQ/company-logo_100_100/B4DZyL2uQ_IUAY-/0/1771872904949/serasaexperian_logo?e=1793232000&v=beta&t=S_ZuAhDfLClDUxLQgoPcT2g3R5fGHGzuyDlDeohbfag;Advanced > Specialist;https://www.linkedin.com/company/serasa-experian/about/;Software e Serviços de TI;backend OR java OR spring boot OR python OR django OR golang OR php OR laravel OR ruby OR ruby on rails OR c++ OR c# OR rust OR scala OR julia OR elixir OR node.js OR asp.net core;serasa experian;1;;https://www.linkedin.com/jobs/view/4477610662/;https://www.linkedin.com/jobs/view/4477610662/;Hybrid;Senior, Associate;09/10/2026;;São Paulo;SP;Região Sudeste;Brasil;América do Sul
531;Serasa Experian;Analista de Desenvolvimento de Software II;São Paulo, SP;09/10 06:00;https://www.linkedin.com/jobs/view/4468803652/;https://media.licdn.com/dms/image/v2/D4D0BAQGW4EB1A1aUYQ/company-logo_100_100/B4DZyL2uQ_IUAY-/0/1771872904949/serasaexperian_logo?e=1793232000&v=beta&t=S_ZuAhDfLClDUxLQgoPcT2g3R5fGHGzuyDlDeohbfag;Advanced > Specialist;https://www.linkedin.com/company/serasa-experian/about/;Software e Serviços de TI;backend OR java OR spring boot OR python OR django OR golang OR php OR laravel OR ruby OR ruby on rails OR c++ OR c# OR rust OR scala OR julia OR elixir OR node.js OR asp.net core;serasa experian;1;;https://www.linkedin.com/jobs/view/4468803652/;https://www.linkedin.com/jobs/view/4468803652/;Hybrid;Associate, TI/Tech;09/10/2026;;São Paulo;SP;Região Sudeste;Brasil;América do Sul
532;Serasa Experian;Analista de Desenvolvimento de Software Sênior;São Paulo, SP;08/10 23:00;https://www.linkedin.com/jobs/view/4477602878/;https://media.licdn.com/dms/image/v2/D4D0BAQGW4EB1A1aUYQ/company-logo_100_100/B4DZyL2uQ_IUAY-/0/1771872904949/serasaexperian_logo?e=1793232000&v=beta&t=S_ZuAhDfLClDUxLQgoPcT2g3R5fGHGzuyDlDeohbfag;Advanced > Specialist;https://www.linkedin.com/company/serasa-experian/about/;Software e Serviços de TI;backend OR java OR spring boot OR python OR django OR golang OR php OR laravel OR ruby OR ruby on rails OR c++ OR c# OR rust OR scala OR julia OR elixir OR node.js OR asp.net core;serasa experian;1;;https://www.linkedin.com/jobs/view/4477602878/;https://www.linkedin.com/jobs/view/4477602878/;Hybrid;Senior, Associate, TI/Tech;09/10/2026;;São Paulo;SP;Região Sudeste;Brasil;América do Sul
533;Serasa Experian;Especialista I de TI;São Paulo, SP;08/10 23:00;https://www.linkedin.com/jobs/view/4477608728/;https://media.licdn.com/dms/image/v2/D4D0BAQGW4EB1A1aUYQ/company-logo_100_100/B4DZyL2uQ_IUAY-/0/1771872904949/serasaexperian_logo?e=1793232000&v=beta&t=S_ZuAhDfLClDUxLQgoPcT2g3R5fGHGzuyDlDeohbfag;Advanced > Specialist;https://www.linkedin.com/company/serasa-experian/about/;Software e Serviços de TI;backend OR java OR spring boot OR python OR django OR golang OR php OR laravel OR ruby OR ruby on rails OR c++ OR c# OR rust OR scala OR julia OR elixir OR node.js OR asp.net core;serasa experian;1;;https://www.linkedin.com/jobs/view/4477608728/;https://www.linkedin.com/jobs/view/4477608728/;Hybrid;Specialist, TI/Tech;09/10/2026;;São Paulo;SP;Região Sudeste;Brasil;América do Sul
534;Sezzle;Senior Payments Engineer — Acquiring & Payment Processing;Brasil;08/10 16:00;https://www.linkedin.com/jobs/view/4431710625/;https://media.licdn.com/dms/image/v2/D560BAQH2qkiee35g6Q/company-logo_100_100/B56aEWvANeK8AI-/0/1791382783050/sezzle_logo?e=1793232000&v=beta&t=QbxDlGqI8JVpb8uFBBjb8MLX_pGZAxTJv1r5jJzl-FY;Advanced > Information Technology;https://www.linkedin.com/company/sezzle/about/;-;backend OR java OR spring boot OR python OR django OR golang OR php OR laravel OR ruby OR ruby on rails OR c++ OR c# OR rust OR scala OR julia OR elixir OR node.js OR asp.net core;sezzle;1;;https://www.linkedin.com/jobs/view/4431710625/;https://www.linkedin.com/jobs/view/4431710625/;Remote;Senior, Engenharia Geral;09/10/2026;;;;;Brasil;América do Sul
535;Shopee;Analista de Automação Júnior - São Paulo/SP;São Paulo, SP;08/10 16:00;https://www.linkedin.com/jobs/view/4475986162/;https://media.licdn.com/dms/image/v2/C560BAQE0iX_dgdH7nA/company-logo_100_100/company-logo_100_100/0/1672279162763/shopee_logo?e=1793232000&v=beta&t=aLJWv5dIRlUo71P8bO1mhbtVhOwbo8WfI1vUtWbCZDA;Advanced > Process & Automation;https://www.linkedin.com/company/shopee/about/;-;backend OR java OR spring boot OR python OR django OR golang OR php OR laravel OR ruby OR ruby on rails OR c++ OR c# OR rust OR scala OR julia OR elixir OR node.js OR asp.net core;shopee;1;;https://www.linkedin.com/jobs/view/4475986162/;https://www.linkedin.com/jobs/view/4475986162/;Not informed;Junior, Associate;09/10/2026;;São Paulo;SP;Região Sudeste;Brasil;América do Sul
536;Sicredi;CAS | Engenharia de Software JR - (Preferencialmente para Pessoas com Deficiência);Brasil;08/10 22:00;https://www.linkedin.com/jobs/view/4477495802/;https://media.licdn.com/dms/image/v2/C4E0BAQGnL3LzxJa-xg/company-logo_100_100/company-logo_100_100/0/1630600609502/sicredi_logo?e=1793232000&v=beta&t=iUCkuFF1Me0yQGbku1OBxybMpcPbSAowYhMyYJpCfEE;-;https://www.linkedin.com/company/sicredi/about/;Software e Serviços de TI;backend OR java OR spring boot OR python OR django OR golang OR php OR laravel OR ruby OR ruby on rails OR c++ OR c# OR rust OR scala OR julia OR elixir OR node.js OR asp.net core;sicredi;1;;https://www.linkedin.com/jobs/view/4477495802/;https://www.linkedin.com/jobs/view/4477495802/;Remote;PCD / Afirmativa, Junior, TI/Tech, Engenharia Geral;09/10/2026;;;;;Brasil;América do Sul
537;Sicredi;CAS | Engenharia de Software PL;Brasil;08/10 22:00;https://www.linkedin.com/jobs/view/4477493851/;https://media.licdn.com/dms/image/v2/C4E0BAQGnL3LzxJa-xg/company-logo_100_100/company-logo_100_100/0/1630600609502/sicredi_logo?e=1793232000&v=beta&t=iUCkuFF1Me0yQGbku1OBxybMpcPbSAowYhMyYJpCfEE;-;https://www.linkedin.com/company/sicredi/about/;Software e Serviços de TI;backend OR java OR spring boot OR python OR django OR golang OR php OR laravel OR ruby OR ruby on rails OR c++ OR c# OR rust OR scala OR julia OR elixir OR node.js OR asp.net core;sicredi;1;;https://www.linkedin.com/jobs/view/4477493851/;https://www.linkedin.com/jobs/view/4477493851/;Remote;Mid, TI/Tech, Engenharia Geral;09/10/2026;;;;;Brasil;América do Sul
538;Sicredi;CAS | Engenharia de Software SR;Brasil;08/10 22:00;https://www.linkedin.com/jobs/view/4477606214/;https://media.licdn.com/dms/image/v2/C4E0BAQGnL3LzxJa-xg/company-logo_100_100/company-logo_100_100/0/1630600609502/sicredi_logo?e=1793232000&v=beta&t=iUCkuFF1Me0yQGbku1OBxybMpcPbSAowYhMyYJpCfEE;-;https://www.linkedin.com/company/sicredi/about/;Software e Serviços de TI;backend OR java OR spring boot OR python OR django OR golang OR php OR laravel OR ruby OR ruby on rails OR c++ OR c# OR rust OR scala OR julia OR elixir OR node.js OR asp.net core;sicredi;1;;https://www.linkedin.com/jobs/view/4477606214/;https://www.linkedin.com/jobs/view/4477606214/;Remote;Senior, TI/Tech, Engenharia Geral;09/10/2026;;;;;Brasil;América do Sul
539;Siemens Energy;Senior Software Engineer;Rio de Janeiro, RJ;08/10 16:00;https://www.linkedin.com/jobs/view/4475498766/;https://media.licdn.com/dms/image/v2/D4D0BAQFEP39qSjZBGQ/company-logo_100_100/B4DZ82RPxaHgAQ-/0/1783321919016/siemens_energy_logo?e=1793232000&v=beta&t=wLkMTwn3NYBI-r4QaVPXuEOi5kMocolYQpD2xS6I8Gk;Advanced > Information Technology;https://www.linkedin.com/company/siemens-energy/about/;Energia e Combustíveis;backend OR java OR spring boot OR python OR django OR golang OR php OR laravel OR ruby OR ruby on rails OR c++ OR c# OR rust OR scala OR julia OR elixir OR node.js OR asp.net core;siemens energy;1;;https://www.linkedin.com/jobs/view/4475498766/;https://www.linkedin.com/jobs/view/4475498766/;Not informed;Senior, TI/Tech, Engenharia Geral;09/10/2026;;Rio de Janeiro;RJ;Região Sudeste;Brasil;América do Sul
540;Sigma Software;Senior/Principal Data Engineer;Grande São Paulo (SP) ;08/10 16:00;https://www.linkedin.com/jobs/view/4474855000/;https://media.licdn.com/dms/image/v2/D4D0BAQFUAFNR3r4v3w/company-logo_100_100/B4DZTgds1iHkAY-/0/1738932670308/sigma_software_group_logo?e=1793232000&v=beta&t=g1QUWKx0vD9wBHlXQ7jxY90jWYQXpbBdcvf-VAVyFBE;Data & Ai > Data Engineering;https://www.linkedin.com/company/sigma-software/about/;Dados e Analytics;backend OR java OR spring boot OR python OR django OR golang OR php OR laravel OR ruby OR ruby on rails OR c++ OR c# OR rust OR scala OR julia OR elixir OR node.js OR asp.net core;sigma software;1;;https://www.linkedin.com/jobs/view/4474855000/;https://www.linkedin.com/jobs/view/4474855000/;Not informed;Senior, Dados/Analytics, Engenharia Geral;09/10/2026;;São Paulo;SP;Região Sudeste;Brasil;América do Sul
541;Sillion - Serviços de Tecnologia;Estágio em Desenvolvimento Full Stack;Belo Horizonte, MG;08/10 16:00;https://www.linkedin.com/jobs/view/4474866960/;https://media.licdn.com/dms/image/v2/D4D0BAQFUZojMLY7ymA/company-logo_100_100/company-logo_100_100/0/1739377845397/sillion_logo?e=1793232000&v=beta&t=OQYJ5nAKDeUvTdagqpiDZdhvoeVY9XLeMm2FJk7B28o;-;https://www.linkedin.com/company/sillion-servi-os-de-tecnologia/about/;Software e Serviços de TI;backend OR java OR spring boot OR python OR django OR golang OR php OR laravel OR ruby OR ruby on rails OR c++ OR c# OR rust OR scala OR julia OR elixir OR node.js OR asp.net core;sillion - serviços de tecnologia;1;;https://www.linkedin.com/jobs/view/4474866960/;https://www.linkedin.com/jobs/view/4474866960/;On-site;Intern, Full Stack;09/10/2026;;Minas Gerais;MG;Região Sudeste;Brasil;América do Sul
542;Skydropx LATAM;Desenvolvedor de Automações Jr;Curitiba, PR;09/10 15:00;https://www.linkedin.com/jobs/view/4476844027/;https://media.licdn.com/dms/image/v2/D4D0BAQEFfyjXoVpm0w/company-logo_100_100/B4DZiZ2nwhGsAQ-/0/1754927889909/skydropxlatam_logo?e=1793232000&v=beta&t=4eDCuG9c4erBX1g7PxSsFSeLXX5r7oy5SUhg4py03Kk;-;https://www.linkedin.com/company/skydropx-latam/about/;-;backend OR java OR spring boot OR python OR django OR golang OR php OR laravel OR ruby OR ruby on rails OR c++ OR c# OR rust OR scala OR julia OR elixir OR node.js OR asp.net core;skydropx latam;1;;https://www.linkedin.com/jobs/view/4476844027/;https://www.linkedin.com/jobs/view/4476844027/;Hybrid;Junior;09/10/2026;;Paraná;PR;Região Sul;Brasil;América do Sul
543;Solfácil;Staff Platform Engineer;São Paulo, SP;09/10 15:00;https://www.linkedin.com/jobs/view/4448227811/;https://media.licdn.com/dms/image/v2/C4D0BAQFOnyr6OvM2kw/company-logo_100_100/company-logo_100_100/0/1661205879011/solfacil_logo?e=1793232000&v=beta&t=4SiI0RDJNNb4dYszs5NXqwoLEwWt06MAnfCrCXgYY7o;Advanced > Information Technology;https://www.linkedin.com/company/solf-cil/about/;-;backend OR java OR spring boot OR python OR django OR golang OR php OR laravel OR ruby OR ruby on rails OR c++ OR c# OR rust OR scala OR julia OR elixir OR node.js OR asp.net core;solfácil;1;;https://www.linkedin.com/jobs/view/4448227811/;https://www.linkedin.com/jobs/view/4448227811/;Hybrid;Engenharia Geral;09/10/2026;;São Paulo;SP;Região Sudeste;Brasil;América do Sul
544;Solutis Tecnologias;Desenvolvedor (a) Back End Java Sênior | Híbrido em Interlagos;São Paulo, SP;08/10 16:00;https://www.linkedin.com/jobs/view/4468330247/;https://media.licdn.com/dms/image/v2/D4D0BAQGO2Kr3t0TGYg/company-logo_100_100/B4DaApCCmOHcAI-/0/1787394796140/solutis_tecnologias_logo?e=1793232000&v=beta&t=kCbL49dRE3B7h98OGLB_ZYryTfW560QYPyFwunepPkY;-;https://www.linkedin.com/company/solutis-tecnologias/about/;Software e Serviços de TI;backend OR java OR spring boot OR python OR django OR golang OR php OR laravel OR ruby OR ruby on rails OR c++ OR c# OR rust OR scala OR julia OR elixir OR node.js OR asp.net core;solutis tecnologias;1;;https://www.linkedin.com/jobs/view/4468330247/;https://www.linkedin.com/jobs/view/4468330247/;Hybrid;Senior, Backend;09/10/2026;;São Paulo;SP;Região Sudeste;Brasil;América do Sul
545;Spiralyze;Project Manager;SP;09/10 04:00;https://www.linkedin.com/jobs/view/4476272102/;https://media.licdn.com/dms/image/v2/C4E0BAQHZdQ7C18-VSw/company-logo_100_100/company-logo_100_100/0/1630577185951/spiralyze_logo?e=1793232000&v=beta&t=Oa4JAnA5fauksxi8xu7dt2yFSl_MXvYj191UKCoymIw;Portfolio > Projetos > Project Manager;https://www.linkedin.com/company/spiralyze/about/;-;backend OR java OR spring boot OR python OR django OR golang OR php OR laravel OR ruby OR ruby on rails OR c++ OR c# OR rust OR scala OR julia OR elixir OR node.js OR asp.net core;spiralyze;1;;https://www.linkedin.com/jobs/view/4476272102/;https://www.linkedin.com/jobs/view/4476272102/;Remote;Liderança/Gerência;09/10/2026;;São Paulo;SP;Região Sudeste;Brasil;América do Sul
546;Spotx;Desenvolvedor(a) Fullstack – Squad Lead;Vitória, ES;08/10 16:00;https://www.linkedin.com/jobs/view/4475487792/;https://media.licdn.com/dms/image/v2/D4D0BAQFPhPRVFRn5-Q/company-logo_100_100/B4DZu8ymSnIEAQ-/0/1768398939910/spotx_log_logo?e=1793232000&v=beta&t=9rzJJdIk_PdIHC2uSVm-R9WiH_BcMdAmaitlfy9W8mw;Agility > Squad Leader;https://www.linkedin.com/company/spotx/about/;-;backend OR java OR spring boot OR python OR django OR golang OR php OR laravel OR ruby OR ruby on rails OR c++ OR c# OR rust OR scala OR julia OR elixir OR node.js OR asp.net core;spotx;1;;https://www.linkedin.com/jobs/view/4475487792/;https://www.linkedin.com/jobs/view/4475487792/;Hybrid;Mid, Liderança/Gerência, Full Stack, Squad Leader;09/10/2026;Vitoria-Gasteiz;Euskadi;PV;;España;
547;Staffer;Desenvolvedor Full Stack Sr;São Paulo, SP;08/10 16:00;https://www.linkedin.com/jobs/view/4476969186/;https://media.licdn.com/dms/image/v2/D4D0BAQFpXorXWRJkxA/company-logo_100_100/B4DZYf63eSG8AU-/0/1744292247823/stafferoutsourcing_logo?e=1793232000&v=beta&t=2n_D63KasrTGh0nNwDpM6SgSxnyBfI2a01mATTsgiQY;-;https://www.linkedin.com/company/staffer/about/;-;backend OR java OR spring boot OR python OR django OR golang OR php OR laravel OR ruby OR ruby on rails OR c++ OR c# OR rust OR scala OR julia OR elixir OR node.js OR asp.net core;staffer;1;;https://www.linkedin.com/jobs/view/4476969186/;https://www.linkedin.com/jobs/view/4476969186/;Hybrid;Senior, Full Stack;09/10/2026;;São Paulo;SP;Região Sudeste;Brasil;América do Sul
548;Stefanini Brasil;ANALISTA DESENVOLVEDOR PL - Adobe Experience Manager (AEM);Brasil;08/10 16:00;https://www.linkedin.com/jobs/view/4476933102/;https://media.licdn.com/dms/image/v2/D4D0BAQFOPyOhO4wTTg/company-logo_100_100/company-logo_100_100/0/1719784126380/stefanini_brasil_logo?e=1793232000&v=beta&t=JfXb9DcunCpfxl2Q3QC2V3KCqeM_p9fB82B_Ch5jxv4;Middle > Manager;https://www.linkedin.com/company/stefanini-brasil/about/;-;backend OR java OR spring boot OR python OR django OR golang OR php OR laravel OR ruby OR ruby on rails OR c++ OR c# OR rust OR scala OR julia OR elixir OR node.js OR asp.net core;stefanini brasil;1;;https://www.linkedin.com/jobs/view/4476933102/;https://www.linkedin.com/jobs/view/4476933102/;Remote;Mid, Associate, Liderança/Gerência;09/10/2026;;;;;Brasil;América do Sul
549;Stefanini Brasil;ARQUITETO SOFTWARE III;Brasil;09/10 00:00;https://www.linkedin.com/jobs/view/4477603968/;https://media.licdn.com/dms/image/v2/D4D0BAQFOPyOhO4wTTg/company-logo_100_100/company-logo_100_100/0/1719784126380/stefanini_brasil_logo?e=1793232000&v=beta&t=JfXb9DcunCpfxl2Q3QC2V3KCqeM_p9fB82B_Ch5jxv4;Architecture;https://www.linkedin.com/company/stefanini-brasil/about/;Software e Serviços de TI;backend OR java OR spring boot OR python OR django OR golang OR php OR laravel OR ruby OR ruby on rails OR c++ OR c# OR rust OR scala OR julia OR elixir OR node.js OR asp.net core;stefanini brasil;1;;https://www.linkedin.com/jobs/view/4477603968/;https://www.linkedin.com/jobs/view/4477603968/;Remote;TI/Tech;09/10/2026;;;;;Brasil;América do Sul
550;Stefanini Brasil;Analista Sistemas Hospitalares Pleno;Brasil;09/10 14:00;https://www.linkedin.com/jobs/view/4468818784/;https://media.licdn.com/dms/image/v2/D4D0BAQFOPyOhO4wTTg/company-logo_100_100/company-logo_100_100/0/1719784126380/stefanini_brasil_logo?e=1793232000&v=beta&t=JfXb9DcunCpfxl2Q3QC2V3KCqeM_p9fB82B_Ch5jxv4;Advanced > Specialist;https://www.linkedin.com/company/stefanini-brasil/about/;Saúde e Hospitais;backend OR java OR spring boot OR python OR django OR golang OR php OR laravel OR ruby OR ruby on rails OR c++ OR c# OR rust OR scala OR julia OR elixir OR node.js OR asp.net core;stefanini brasil;1;;https://www.linkedin.com/jobs/view/4468818784/;https://www.linkedin.com/jobs/view/4468818784/;Remote;Mid, Associate, TI/Tech;09/10/2026;;;;;Brasil;América do Sul
551;Stefanini Brasil;Desenvolvedor Back-end JAVA + Kotlin;Brasil;08/10 16:00;https://www.linkedin.com/jobs/view/4476966973/;https://media.licdn.com/dms/image/v2/D4D0BAQFOPyOhO4wTTg/company-logo_100_100/company-logo_100_100/0/1719784126380/stefanini_brasil_logo?e=1793232000&v=beta&t=JfXb9DcunCpfxl2Q3QC2V3KCqeM_p9fB82B_Ch5jxv4;-;https://www.linkedin.com/company/stefanini-brasil/about/;-;backend OR java OR spring boot OR python OR django OR golang OR php OR laravel OR ruby OR ruby on rails OR c++ OR c# OR rust OR scala OR julia OR elixir OR node.js OR asp.net core;stefanini brasil;1;;https://www.linkedin.com/jobs/view/4476966973/;https://www.linkedin.com/jobs/view/4476966973/;Remote;Backend;09/10/2026;;;;;Brasil;América do Sul
552;Stefanini Brasil;LIDER TECNICO JAVA;Brasil;08/10 16:00;https://www.linkedin.com/jobs/view/4476977557/;https://media.licdn.com/dms/image/v2/D4D0BAQFOPyOhO4wTTg/company-logo_100_100/company-logo_100_100/0/1719784126380/stefanini_brasil_logo?e=1793232000&v=beta&t=JfXb9DcunCpfxl2Q3QC2V3KCqeM_p9fB82B_Ch5jxv4;-;https://www.linkedin.com/company/stefanini-brasil/about/;-;backend OR java OR spring boot OR python OR django OR golang OR php OR laravel OR ruby OR ruby on rails OR c++ OR c# OR rust OR scala OR julia OR elixir OR node.js OR asp.net core;stefanini brasil;1;;https://www.linkedin.com/jobs/view/4476977557/;https://www.linkedin.com/jobs/view/4476977557/;Remote;Liderança/Gerência;09/10/2026;;;;;Brasil;América do Sul
553;Stefanini Brasil;ANALISTA DESENVOLVEDOR SR (Java e React);Brasília, DF;08/10 16:00;https://www.linkedin.com/jobs/view/4476983252/;https://media.licdn.com/dms/image/v2/D4D0BAQFOPyOhO4wTTg/company-logo_100_100/company-logo_100_100/0/1719784126380/stefanini_brasil_logo?e=1793232000&v=beta&t=JfXb9DcunCpfxl2Q3QC2V3KCqeM_p9fB82B_Ch5jxv4;Advanced > Specialist;https://www.linkedin.com/company/stefanini-brasil/about/;-;backend OR java OR spring boot OR python OR django OR golang OR php OR laravel OR ruby OR ruby on rails OR c++ OR c# OR rust OR scala OR julia OR elixir OR node.js OR asp.net core;stefanini brasil;1;;https://www.linkedin.com/jobs/view/4476983252/;https://www.linkedin.com/jobs/view/4476983252/;On-site;Senior, Associate;09/10/2026;;Distrito Federal;DF;Região Centro-Oeste;Brasil;América do Sul
554;Stefanini Brasil;Desenvolvedor Java Especialista;SP;08/10 16:00;https://www.linkedin.com/jobs/view/4477409860/;https://media.licdn.com/dms/image/v2/D4D0BAQFOPyOhO4wTTg/company-logo_100_100/company-logo_100_100/0/1719784126380/stefanini_brasil_logo?e=1793232000&v=beta&t=JfXb9DcunCpfxl2Q3QC2V3KCqeM_p9fB82B_Ch5jxv4;Advanced > Specialist;https://www.linkedin.com/company/stefanini-brasil/about/;-;backend OR java OR spring boot OR python OR django OR golang OR php OR laravel OR ruby OR ruby on rails OR c++ OR c# OR rust OR scala OR julia OR elixir OR node.js OR asp.net core;stefanini brasil;1;;https://www.linkedin.com/jobs/view/4477409860/;https://www.linkedin.com/jobs/view/4477409860/;Hybrid;Specialist;09/10/2026;;São Paulo;SP;Região Sudeste;Brasil;América do Sul
555;Stefanini Brasil;Desenvolvedor Java Pleno;SP;08/10 16:00;https://www.linkedin.com/jobs/view/4477420544/;https://media.licdn.com/dms/image/v2/D4D0BAQFOPyOhO4wTTg/company-logo_100_100/company-logo_100_100/0/1719784126380/stefanini_brasil_logo?e=1793232000&v=beta&t=JfXb9DcunCpfxl2Q3QC2V3KCqeM_p9fB82B_Ch5jxv4;-;https://www.linkedin.com/company/stefanini-brasil/about/;-;backend OR java OR spring boot OR python OR django OR golang OR php OR laravel OR ruby OR ruby on rails OR c++ OR c# OR rust OR scala OR julia OR elixir OR node.js OR asp.net core;stefanini brasil;1;;https://www.linkedin.com/jobs/view/4477420544/;https://www.linkedin.com/jobs/view/4477420544/;Hybrid;Mid;09/10/2026;;São Paulo;SP;Região Sudeste;Brasil;América do Sul
556;Stone;SOFTWARE ENGINEER GO PLENO;Brasil;08/10 16:00;https://www.linkedin.com/jobs/view/4477414718/;https://media.licdn.com/dms/image/v2/D4D0BAQEZQ73DBLnfwg/company-logo_100_100/B4DZ4tXA2qHAAM-/0/1778877468290/stone_co_logo?e=1793232000&v=beta&t=y-5qwcy6OpAgEvkZiGp_K564iB7x_PtcUEhhbVLjd4s;Advanced > Information Technology;https://www.linkedin.com/company/stone/about/;Software e Serviços de TI;backend OR java OR spring boot OR python OR django OR golang OR php OR laravel OR ruby OR ruby on rails OR c++ OR c# OR rust OR scala OR julia OR elixir OR node.js OR asp.net core;stone;1;;https://www.linkedin.com/jobs/view/4477414718/;https://www.linkedin.com/jobs/view/4477414718/;Remote;Mid, TI/Tech, Engenharia Geral;09/10/2026;;;;;Brasil;América do Sul
557;SumUp;(Senior) Backend Engineer;São Paulo, SP;08/10 16:00;https://www.linkedin.com/jobs/view/4446246404/;https://media.licdn.com/dms/image/v2/D560BAQHqwxdI_YvUMg/company-logo_100_100/B56Z6JNPm7I8AI-/0/1780418411178/sumup_logo?e=1793232000&v=beta&t=3VcmRT4G4oQRyAiWTN_xaeJe8CBfME1ceNmyQgHmbGQ;Advanced > Information Technology;https://www.linkedin.com/company/sumup/about/;-;backend OR java OR spring boot OR python OR django OR golang OR php OR laravel OR ruby OR ruby on rails OR c++ OR c# OR rust OR scala OR julia OR elixir OR node.js OR asp.net core;sumup;1;;https://www.linkedin.com/jobs/view/4446246404/;https://www.linkedin.com/jobs/view/4446246404/;Not informed;Senior, Backend, Engenharia Geral;09/10/2026;;São Paulo;SP;Região Sudeste;Brasil;América do Sul
558;Surf;ANALISTA DE DADOS PLENO - DATA PLATFORM E CLOUD;São Paulo, SP;08/10 20:00;https://www.linkedin.com/jobs/view/4474865197/;https://media.licdn.com/dms/image/v2/D4D0BAQGsIUz-KW7NAg/company-logo_100_100/B4DZ0MqKRZJoAQ-/0/1774033872362/surf_ondadigital_logo?e=1793232000&v=beta&t=-5WCBjwX-BHzlrtnFXCA4-udaF4i_cRO_XDN-xfksGU;Data & Ai > Data Engineering;https://www.linkedin.com/company/surf/about/;Dados e Analytics;backend OR java OR spring boot OR python OR django OR golang OR php OR laravel OR ruby OR ruby on rails OR c++ OR c# OR rust OR scala OR julia OR elixir OR node.js OR asp.net core;surf;1;;https://www.linkedin.com/jobs/view/4474865197/;https://www.linkedin.com/jobs/view/4474865197/;On-site;Mid, Associate, Dados/Analytics;09/10/2026;;São Paulo;SP;Região Sudeste;Brasil;América do Sul
559;T-Systems do Brasil;DevOps Engineer | Linux & Docker (Projeto Internacional);Brasil;09/10 14:00;https://www.linkedin.com/jobs/view/4476835308/;https://media.licdn.com/dms/image/v2/C4D0BAQFTnWJqS62jRw/company-logo_100_100/company-logo_100_100/0/1672928607598/tsystems_brasil_logo?e=1793232000&v=beta&t=dWmUVBcX7SaIbu0ZQ1CjaSUmwBNELLW7gWVSgJqYjHA;Advanced > Information Technology;https://www.linkedin.com/company/t-systems-do-brasil/about/;-;backend OR java OR spring boot OR python OR django OR golang OR php OR laravel OR ruby OR ruby on rails OR c++ OR c# OR rust OR scala OR julia OR elixir OR node.js OR asp.net core;t-systems do brasil;1;;https://www.linkedin.com/jobs/view/4476835308/;https://www.linkedin.com/jobs/view/4476835308/;Remote;Intern, DevOps, Engenharia Geral;09/10/2026;;;;;Brasil;América do Sul
560;TGS;Solutions Architect Lead;Grande Rio de Janeiro (RJ);08/10 23:00;https://www.linkedin.com/jobs/view/4474857949/;https://media.licdn.com/dms/image/v2/D4E0BAQGIjxM5msJz9w/company-logo_100_100/company-logo_100_100/0/1719847350843/tgs_220114_logo?e=1793232000&v=beta&t=9VRnbXuK3C8_fd_7ZEGH4OhCqOHlwQxeTs_ddDj7v5E;Architecture > Solutions Architect;https://www.linkedin.com/company/tgs/about/;Software e Serviços de TI;backend OR java OR spring boot OR python OR django OR golang OR php OR laravel OR ruby OR ruby on rails OR c++ OR c# OR rust OR scala OR julia OR elixir OR node.js OR asp.net core;tgs;1;;https://www.linkedin.com/jobs/view/4474857949/;https://www.linkedin.com/jobs/view/4474857949/;Not informed;Mid, Liderança/Gerência;09/10/2026;;Rio de Janeiro;RJ;Região Sudeste;Brasil;América do Sul
561;TOTVS;Engenharia de Software Júnior - .NET/Angular;Belo Horizonte, MG;08/10 16:00;https://www.linkedin.com/jobs/view/4474805882/;https://media.licdn.com/dms/image/v2/D4D0BAQEATHMUo8sshg/company-logo_100_100/B4DZd7OnTLHkAQ-/0/1750119118553/totvs_logo?e=1793232000&v=beta&t=QTKlfUI5uu6Fgoiqddi3In3Qd0r3duJPi0GVhPAJwTw;-;https://www.linkedin.com/company/totvs/about/;Software e Serviços de TI;backend OR java OR spring boot OR python OR django OR golang OR php OR laravel OR ruby OR ruby on rails OR c++ OR c# OR rust OR scala OR julia OR elixir OR node.js OR asp.net core;totvs;1;;https://www.linkedin.com/jobs/view/4474805882/;https://www.linkedin.com/jobs/view/4474805882/;Hybrid;Junior, TI/Tech, Engenharia Geral;09/10/2026;;Minas Gerais;MG;Região Sudeste;Brasil;América do Sul
562;TOTVS;Engenharia de Software Sênior - C#/Angular;Belo Horizonte, MG;08/10 16:00;https://www.linkedin.com/jobs/view/4474815970/;https://media.licdn.com/dms/image/v2/D4D0BAQEATHMUo8sshg/company-logo_100_100/B4DZd7OnTLHkAQ-/0/1750119118553/totvs_logo?e=1793232000&v=beta&t=QTKlfUI5uu6Fgoiqddi3In3Qd0r3duJPi0GVhPAJwTw;-;https://www.linkedin.com/company/totvs/about/;Software e Serviços de TI;backend OR java OR spring boot OR python OR django OR golang OR php OR laravel OR ruby OR ruby on rails OR c++ OR c# OR rust OR scala OR julia OR elixir OR node.js OR asp.net core;totvs;1;;https://www.linkedin.com/jobs/view/4474815970/;https://www.linkedin.com/jobs/view/4474815970/;Hybrid;Senior, TI/Tech, Engenharia Geral;09/10/2026;;Minas Gerais;MG;Região Sudeste;Brasil;América do Sul
563;TOTVS;[Tech] Especialista em Engenharia de Qualidade de Software - Python/Angular;SP;09/10 16:00;https://www.linkedin.com/jobs/view/4475261136/;https://media.licdn.com/dms/image/v2/D4D0BAQEATHMUo8sshg/company-logo_100_100/B4DZd7OnTLHkAQ-/0/1750119118553/totvs_logo?e=1793232000&v=beta&t=QTKlfUI5uu6Fgoiqddi3In3Qd0r3duJPi0GVhPAJwTw;Advanced > Specialist;https://www.linkedin.com/company/totvs/about/;Software e Serviços de TI;backend OR java OR spring boot OR python OR django OR golang OR php OR laravel OR ruby OR ruby on rails OR c++ OR c# OR rust OR scala OR julia OR elixir OR node.js OR asp.net core;totvs;1;;https://www.linkedin.com/jobs/view/4475261136/;https://www.linkedin.com/jobs/view/4475261136/;Remote;Specialist, TI/Tech, Engenharia Geral;09/10/2026;;São Paulo;SP;Região Sudeste;Brasil;América do Sul
564;Tata Consultancy Services;Senior Software Engineer (Scala);Brasil;09/10 12:00;https://www.linkedin.com/jobs/view/4466096525/;https://media.licdn.com/dms/image/v2/D4D0BAQGsGR9p4ikS5w/company-logo_100_100/company-logo_100_100/0/1708946550425/tata_consultancy_services_logo?e=1793232000&v=beta&t=z_KF_YA-qc-E-kBmrKc6LeXztwGLwkHON9ZlASFpwvY;Advanced > Information Technology;https://www.linkedin.com/company/tata-consultancy-services/about/;Software e Serviços de TI;backend OR java OR spring boot OR python OR django OR golang OR php OR laravel OR ruby OR ruby on rails OR c++ OR c# OR rust OR scala OR julia OR elixir OR node.js OR asp.net core;tata consultancy services;1;;https://www.linkedin.com/jobs/view/4466096525/;https://www.linkedin.com/jobs/view/4466096525/;Remote;Senior, TI/Tech, Engenharia Geral;09/10/2026;;;;;Brasil;América do Sul
565;Tata Consultancy Services;Mean Stack Developer;SP;09/10 12:00;https://www.linkedin.com/jobs/view/4477822186/;https://media.licdn.com/dms/image/v2/D4D0BAQGsGR9p4ikS5w/company-logo_100_100/company-logo_100_100/0/1708946550425/tata_consultancy_services_logo?e=1793232000&v=beta&t=z_KF_YA-qc-E-kBmrKc6LeXztwGLwkHON9ZlASFpwvY;Advanced > Information Technology;https://www.linkedin.com/company/tata-consultancy-services/about/;-;backend OR java OR spring boot OR python OR django OR golang OR php OR laravel OR ruby OR ruby on rails OR c++ OR c# OR rust OR scala OR julia OR elixir OR node.js OR asp.net core;tata consultancy services;1;;https://www.linkedin.com/jobs/view/4477822186/;https://www.linkedin.com/jobs/view/4477822186/;Hybrid;-;09/10/2026;;São Paulo;SP;Região Sudeste;Brasil;América do Sul
566;Telnyx;Forward Deployed Engineer, Brazil;São Paulo, SP;09/10 10:00;https://www.linkedin.com/jobs/view/4468864154/;https://media.licdn.com/dms/image/v2/D560BAQEA6ADmnJr6QQ/company-logo_100_100/B56ZiLKqXOG4AQ-/0/1754681485056/telnyx_logo?e=1793232000&v=beta&t=-Tum1hnSWH1rNLD1OHbZYAS9oUsnyIfCdv-j4HKO4QA;Advanced > Information Technology;https://www.linkedin.com/company/telnyx/about/;-;backend OR java OR spring boot OR python OR django OR golang OR php OR laravel OR ruby OR ruby on rails OR c++ OR c# OR rust OR scala OR julia OR elixir OR node.js OR asp.net core;telnyx;1;;https://www.linkedin.com/jobs/view/4468864154/;https://www.linkedin.com/jobs/view/4468864154/;Not informed;Engenharia Geral;09/10/2026;;São Paulo;SP;Região Sudeste;Brasil;América do Sul
567;Toku;Product Engineer BR;Grande São Paulo (SP) ;09/10 08:00;https://www.linkedin.com/jobs/view/4441229893/;https://media.licdn.com/dms/image/v2/D4E0BAQHOzdxx7n-B1g/company-logo_100_100/B4EZx70IrcIkAQ-/0/1771603790870/trytoku_logo?e=1793232000&v=beta&t=CCmXd4r4RDtt2AyvXaoz-_yU2SGkMMjB9s-Vh5XZs-A;Advanced > Information Technology;https://www.linkedin.com/company/toku/about/;-;backend OR java OR spring boot OR python OR django OR golang OR php OR laravel OR ruby OR ruby on rails OR c++ OR c# OR rust OR scala OR julia OR elixir OR node.js OR asp.net core;toku;1;;https://www.linkedin.com/jobs/view/4441229893/;https://www.linkedin.com/jobs/view/4441229893/;Hybrid;Engenharia Geral;09/10/2026;;São Paulo;SP;Região Sudeste;Brasil;América do Sul
568;Trinus Co;Desenvolvedor de Software Junior;Goiânia, GO;08/10 16:00;https://www.linkedin.com/jobs/view/4475996052/;https://media.licdn.com/dms/image/v2/D4D0BAQEzoTnAjKeCjQ/company-logo_100_100/B4DZaHfHfBGwAQ-/0/1746029804010/trinus_co_logo?e=1793232000&v=beta&t=nsnf6Sf8GkFSQ74Ar6taGOm8ZgFT1k5e1qddI4bI88Q;-;https://www.linkedin.com/company/trinus-co/about/;Software e Serviços de TI;backend OR java OR spring boot OR python OR django OR golang OR php OR laravel OR ruby OR ruby on rails OR c++ OR c# OR rust OR scala OR julia OR elixir OR node.js OR asp.net core;trinus co;1;;https://www.linkedin.com/jobs/view/4475996052/;https://www.linkedin.com/jobs/view/4475996052/;On-site;Junior, TI/Tech;09/10/2026;;Goiás;GO;Região Centro-Oeste;Brasil;América do Sul
569;TurnKey Tech Staffing;Engineering Manager;Brasil;08/10 16:00;https://www.linkedin.com/jobs/view/4477169206/;https://media.licdn.com/dms/image/v2/D4E0BAQGrRK7QUsykhg/company-logo_100_100/company-logo_100_100/0/1719845930158/turnkey_staffing_logo?e=1793232000&v=beta&t=0NaK5IEENhJEuXfTrwsKX6qGIAX_k8GuB8qrZEEPNu8;Middle > Manager;https://www.linkedin.com/company/turnkey-tech-staffing/about/;Software e Serviços de TI;backend OR java OR spring boot OR python OR django OR golang OR php OR laravel OR ruby OR ruby on rails OR c++ OR c# OR rust OR scala OR julia OR elixir OR node.js OR asp.net core;turnkey tech staffing;1;;https://www.linkedin.com/jobs/view/4477169206/;https://www.linkedin.com/jobs/view/4477169206/;Remote;Liderança/Gerência, Engenharia Geral;09/10/2026;;;;;Brasil;América do Sul
570;UOL;Engenheiro de Software Pl. (Full Stack);São Paulo, SP;08/10 16:00;https://www.linkedin.com/jobs/view/4457984674/;https://media.licdn.com/dms/image/v2/D4D0BAQH7Gs8wiH6ZEw/company-logo_100_100/B4DZt54e9AI8AQ-/0/1767276409054/uol_logo?e=1793232000&v=beta&t=woZMX5P1-BAyGGqxXpXyvFzN2LkkSpNmqjvZyni3Hp4;-;https://www.linkedin.com/company/uol/about/;Software e Serviços de TI;backend OR java OR spring boot OR python OR django OR golang OR php OR laravel OR ruby OR ruby on rails OR c++ OR c# OR rust OR scala OR julia OR elixir OR node.js OR asp.net core;uol;1;;https://www.linkedin.com/jobs/view/4457984674/;https://www.linkedin.com/jobs/view/4457984674/;Not informed;Mid, TI/Tech, Full Stack;09/10/2026;;São Paulo;SP;Região Sudeste;Brasil;América do Sul
571;UltraCon Consultoria;Arquiteto de Integração (Desenvolvimento Hands-on | webMethods e Spring Boot);São Paulo, SP;09/10 10:00;https://www.linkedin.com/jobs/view/4475227331/;https://media.licdn.com/dms/image/v2/D4D0BAQG-oSfuKQkM8g/company-logo_100_100/B4DZo8OqIKIAAQ-/0/1761947067281/ultracon_logo?e=1793232000&v=beta&t=iUfRjyQBgkB3v7zoM3y9MT9xUR6ps6EtBb7aRfNTxwQ;Architecture;https://www.linkedin.com/company/ultracon-consultoria/about/;Consultoria e Assessoria;backend OR java OR spring boot OR python OR django OR golang OR php OR laravel OR ruby OR ruby on rails OR c++ OR c# OR rust OR scala OR julia OR elixir OR node.js OR asp.net core;ultracon consultoria;1;;https://www.linkedin.com/jobs/view/4475227331/;https://www.linkedin.com/jobs/view/4475227331/;Hybrid;-;09/10/2026;;São Paulo;SP;Região Sudeste;Brasil;América do Sul
572;Valorizza;Área de Desenvolvimento;Caxias do Sul, RS;08/10 20:00;https://www.linkedin.com/jobs/view/4476209880/;https://media.licdn.com/dms/image/v2/D4D0BAQHtrMg4tnfSAw/company-logo_100_100/company-logo_100_100/0/1699386217565/valorizza_logo?e=1793232000&v=beta&t=vgdd34W_6ZnLtJUTddgzwfpjJgU8YC_yDTBp4H19WN8;-;https://www.linkedin.com/company/valorizza/about/;Software e Serviços de TI;backend OR java OR spring boot OR python OR django OR golang OR php OR laravel OR ruby OR ruby on rails OR c++ OR c# OR rust OR scala OR julia OR elixir OR node.js OR asp.net core;valorizza;1;;https://www.linkedin.com/jobs/view/4476209880/;https://www.linkedin.com/jobs/view/4476209880/;On-site;-;09/10/2026;;Rio Grande do Sul;RS;Região Sul;Brasil;América do Sul
573;Verity Group;.NET Backend Developer Pleno - REMOTO;Brasil;09/10 08:00;https://www.linkedin.com/jobs/view/4475210611/;https://media.licdn.com/dms/image/v2/D560BAQF0wKfjAB0xAg/company-logo_100_100/company-logo_100_100/0/1732730785506/veritydigital_logo?e=1793232000&v=beta&t=YAAuB2ttM7SBnJ2fcGqrLMDAcR6K28JYCYptz1JTJvY;Advanced > Information Technology;https://www.linkedin.com/company/verity-group/about/;Software e Serviços de TI;backend OR java OR spring boot OR python OR django OR golang OR php OR laravel OR ruby OR ruby on rails OR c++ OR c# OR rust OR scala OR julia OR elixir OR node.js OR asp.net core;verity group;1;;https://www.linkedin.com/jobs/view/4475210611/;https://www.linkedin.com/jobs/view/4475210611/;Remote;Mid, Backend;09/10/2026;;;;;Brasil;América do Sul
574;Verity Group;Tech Lead - HÍBRIDO;São Paulo, SP;09/10 08:00;https://www.linkedin.com/jobs/view/4475217235/;https://media.licdn.com/dms/image/v2/D560BAQF0wKfjAB0xAg/company-logo_100_100/company-logo_100_100/0/1732730785506/veritydigital_logo?e=1793232000&v=beta&t=YAAuB2ttM7SBnJ2fcGqrLMDAcR6K28JYCYptz1JTJvY;Middle > Manager;https://www.linkedin.com/company/verity-group/about/;Software e Serviços de TI;backend OR java OR spring boot OR python OR django OR golang OR php OR laravel OR ruby OR ruby on rails OR c++ OR c# OR rust OR scala OR julia OR elixir OR node.js OR asp.net core;verity group;1;;https://www.linkedin.com/jobs/view/4475217235/;https://www.linkedin.com/jobs/view/4475217235/;Hybrid;Mid, Liderança/Gerência, TI/Tech;09/10/2026;;São Paulo;SP;Região Sudeste;Brasil;América do Sul
575;Visie;Desenvolvedor(a) Full Stack;São Paulo, SP;09/10 15:00;https://www.linkedin.com/jobs/view/4477851258/;https://media.licdn.com/dms/image/v2/C4D0BAQG-_9rAMFVjTQ/company-logo_100_100/company-logo_100_100/0/1631368769629/visie_logo?e=1793232000&v=beta&t=I0lUiR3zKEShSNLFknhIG1Swb6y8ckxI6aFu5jy0meY;-;https://www.linkedin.com/company/visie/about/;-;backend OR java OR spring boot OR python OR django OR golang OR php OR laravel OR ruby OR ruby on rails OR c++ OR c# OR rust OR scala OR julia OR elixir OR node.js OR asp.net core;visie;1;;https://www.linkedin.com/jobs/view/4477851258/;https://www.linkedin.com/jobs/view/4477851258/;Remote;Full Stack;09/10/2026;;São Paulo;SP;Região Sudeste;Brasil;América do Sul
576;Vitru Educação;Analista de Sistemas Júnior (Remoto);Brasil;08/10 17:00;https://www.linkedin.com/jobs/view/4474858016/;https://media.licdn.com/dms/image/v2/D4D0BAQES50jKvBKlyg/company-logo_100_100/company-logo_100_100/0/1719257503633/vitrueducation_logo?e=1793232000&v=beta&t=XlqH1NO_3do-IZoUPw-IvsMsM96imU6ySQ18Rkn33c8;Advanced > Specialist;https://www.linkedin.com/company/vitru-educa-o/about/;Educação;backend OR java OR spring boot OR python OR django OR golang OR php OR laravel OR ruby OR ruby on rails OR c++ OR c# OR rust OR scala OR julia OR elixir OR node.js OR asp.net core;vitru educação;1;;https://www.linkedin.com/jobs/view/4474858016/;https://www.linkedin.com/jobs/view/4474858016/;Remote;Junior, Associate, TI/Tech;09/10/2026;;;;;Brasil;América do Sul
577;Vortigo Digital;Senior Software Developer (.NET);Brasil;08/10 16:00;https://www.linkedin.com/jobs/view/4475480705/;https://media.licdn.com/dms/image/v2/D4E0BAQF1fp2q0M5HdQ/company-logo_100_100/B4EZsnxoLIJgAc-/0/1765898880384/vortigo_logo?e=1793232000&v=beta&t=UL1ETFuMROuaTM4KQzkHDWnGcYis8geQcSWudjtcEcg;Advanced > Information Technology;https://www.linkedin.com/company/vortigo-digital/about/;Software e Serviços de TI;backend OR java OR spring boot OR python OR django OR golang OR php OR laravel OR ruby OR ruby on rails OR c++ OR c# OR rust OR scala OR julia OR elixir OR node.js OR asp.net core;vortigo digital;1;;https://www.linkedin.com/jobs/view/4475480705/;https://www.linkedin.com/jobs/view/4475480705/;Remote;Senior, TI/Tech;09/10/2026;;;;;Brasil;América do Sul
578;WEX;Senior Software Engineer;Grande São Paulo (SP) ;08/10 16:00;https://www.linkedin.com/jobs/view/4477422275/;https://media.licdn.com/dms/image/v2/D560BAQEqDSQp6mtoSw/company-logo_100_100/B56Zx8YMCPJUAU-/0/1771613242228/wexinc_logo?e=1793232000&v=beta&t=SzCvv44umka5D9lwOaIc9MZgII_g4BKvPpQyaPiASz0;Advanced > Information Technology;https://www.linkedin.com/company/wex/about/;Software e Serviços de TI;backend OR java OR spring boot OR python OR django OR golang OR php OR laravel OR ruby OR ruby on rails OR c++ OR c# OR rust OR scala OR julia OR elixir OR node.js OR asp.net core;wex;1;;https://www.linkedin.com/jobs/view/4477422275/;https://www.linkedin.com/jobs/view/4477422275/;Remote;Senior, TI/Tech, Engenharia Geral;09/10/2026;;São Paulo;SP;Região Sudeste;Brasil;América do Sul
579;WEX;Software Development Engineer 2;SP;08/10 20:00;https://www.linkedin.com/jobs/view/4477476613/;https://media.licdn.com/dms/image/v2/D560BAQEqDSQp6mtoSw/company-logo_100_100/B56Zx8YMCPJUAU-/0/1771613242228/wexinc_logo?e=1793232000&v=beta&t=SzCvv44umka5D9lwOaIc9MZgII_g4BKvPpQyaPiASz0;Advanced > Information Technology;https://www.linkedin.com/company/wex/about/;Software e Serviços de TI;backend OR java OR spring boot OR python OR django OR golang OR php OR laravel OR ruby OR ruby on rails OR c++ OR c# OR rust OR scala OR julia OR elixir OR node.js OR asp.net core;wex;1;;https://www.linkedin.com/jobs/view/4477476613/;https://www.linkedin.com/jobs/view/4477476613/;Remote;TI/Tech, Engenharia Geral;09/10/2026;;São Paulo;SP;Região Sudeste;Brasil;América do Sul
580;WEX;Staff DevOps Engineer;SP;09/10 15:00;https://www.linkedin.com/jobs/view/4450661066/;https://media.licdn.com/dms/image/v2/D560BAQEqDSQp6mtoSw/company-logo_100_100/B56Zx8YMCPJUAU-/0/1771613242228/wexinc_logo?e=1793232000&v=beta&t=SzCvv44umka5D9lwOaIc9MZgII_g4BKvPpQyaPiASz0;Advanced > Information Technology;https://www.linkedin.com/company/wex/about/;-;backend OR java OR spring boot OR python OR django OR golang OR php OR laravel OR ruby OR ruby on rails OR c++ OR c# OR rust OR scala OR julia OR elixir OR node.js OR asp.net core;wex;1;;https://www.linkedin.com/jobs/view/4450661066/;https://www.linkedin.com/jobs/view/4450661066/;Remote;DevOps, Engenharia Geral;09/10/2026;;São Paulo;SP;Região Sudeste;Brasil;América do Sul
581;Webmotors;Desenvolvedor Back-end Pl | .NET;São Paulo, SP;08/10 16:00;https://www.linkedin.com/jobs/view/4475702758/;https://media.licdn.com/dms/image/v2/D4D0BAQHtKmx0gsQJlQ/company-logo_100_100/B4DaD.fusfGUAI-/0/1790976126110/webmotors_logo?e=1793232000&v=beta&t=sn2rYSbObZFo5Y4ZtwWaZsSkiNc8dwAEcdRTt-D5I74;-;https://www.linkedin.com/company/webmotors/about/;-;backend OR java OR spring boot OR python OR django OR golang OR php OR laravel OR ruby OR ruby on rails OR c++ OR c# OR rust OR scala OR julia OR elixir OR node.js OR asp.net core;webmotors;1;;https://www.linkedin.com/jobs/view/4475702758/;https://www.linkedin.com/jobs/view/4475702758/;Hybrid;Mid, Backend;09/10/2026;;São Paulo;SP;Região Sudeste;Brasil;América do Sul
582;Wiley;Senior Fullstack Engineer;Brasil;08/10 20:00;https://www.linkedin.com/jobs/view/4474859438/;https://media.licdn.com/dms/image/v2/D4E0BAQE2nt6I63vFBQ/company-logo_100_100/B4EZnJ588IKwAQ-/0/1760029036678/john_wiley_and_sons_logo?e=1793232000&v=beta&t=ssrml9Kzo3Crr3ZNkdqX1uGT6PdcNjxWyMjHq6krGCE;Advanced > Information Technology;https://www.linkedin.com/company/wiley/about/;-;backend OR java OR spring boot OR python OR django OR golang OR php OR laravel OR ruby OR ruby on rails OR c++ OR c# OR rust OR scala OR julia OR elixir OR node.js OR asp.net core;wiley;1;;https://www.linkedin.com/jobs/view/4474859438/;https://www.linkedin.com/jobs/view/4474859438/;Remote;Senior, Full Stack, Engenharia Geral;09/10/2026;;;;;Brasil;América do Sul
583;Wiley;Senior Software Engineer - Quality & Automation;Brasil;08/10 16:00;https://www.linkedin.com/jobs/view/4475904024/;https://media.licdn.com/dms/image/v2/D4E0BAQE2nt6I63vFBQ/company-logo_100_100/B4EZnJ588IKwAQ-/0/1760029036678/john_wiley_and_sons_logo?e=1793232000&v=beta&t=ssrml9Kzo3Crr3ZNkdqX1uGT6PdcNjxWyMjHq6krGCE;Advanced > Process & Automation;https://www.linkedin.com/company/wiley/about/;Software e Serviços de TI;backend OR java OR spring boot OR python OR django OR golang OR php OR laravel OR ruby OR ruby on rails OR c++ OR c# OR rust OR scala OR julia OR elixir OR node.js OR asp.net core;wiley;1;;https://www.linkedin.com/jobs/view/4475904024/;https://www.linkedin.com/jobs/view/4475904024/;Remote;Senior, TI/Tech, Engenharia Geral, Testes / QA;09/10/2026;;;;;Brasil;América do Sul
584;Win Carreira;7636 DESENVOLVEDOR(A) DELPHI;Passo Fundo, RS;09/10 00:00;https://www.linkedin.com/jobs/view/4474868915/;https://media.licdn.com/dms/image/v2/D4D0BAQGDbT14W9M35Q/company-logo_100_100/company-logo_100_100/0/1728738361504/win_carreira_logo?e=1793232000&v=beta&t=TZS0gOHuMGIVTKGbJ73ewrXRO5k4z7_AIBBpOZMn8kE;-;https://www.linkedin.com/company/win-carreira/about/;-;backend OR java OR spring boot OR python OR django OR golang OR php OR laravel OR ruby OR ruby on rails OR c++ OR c# OR rust OR scala OR julia OR elixir OR node.js OR asp.net core;win carreira;1;;https://www.linkedin.com/jobs/view/4474868915/;https://www.linkedin.com/jobs/view/4474868915/;On-site;-;09/10/2026;;Rio Grande do Sul;RS;Região Sul;Brasil;América do Sul
585;ZANC Assessoria Nacional de Cobrança;Desenvolvedor Full Stack Nodejs - Porto Alegre - Procura-se Profissional;Porto Alegre, RS;09/10 05:00;https://www.linkedin.com/jobs/view/4474894590/;https://media.licdn.com/dms/image/v2/D4D0BAQEO2eMPt_XXbg/company-logo_100_100/company-logo_100_100/0/1696862232579/zanc_logo?e=1793232000&v=beta&t=VwELa-YhLk16QNEG2Ja_ScMo6ipOPPuzDLz5rZibFtI;-;https://www.linkedin.com/company/zanc-assessoria-nacional-de-cobran-a/about/;Consultoria e Assessoria;backend OR java OR spring boot OR python OR django OR golang OR php OR laravel OR ruby OR ruby on rails OR c++ OR c# OR rust OR scala OR julia OR elixir OR node.js OR asp.net core;zanc assessoria nacional de cobrança;1;;https://www.linkedin.com/jobs/view/4474894590/;https://www.linkedin.com/jobs/view/4474894590/;On-site;Full Stack;09/10/2026;Porto Alegre;Rio Grande do Sul;RS;Região Sul;Brasil;América do Sul
586;ZANC Assessoria Nacional de Cobrança;Estágio Desenvolvimento - Porto Alegre - Procura-se Profissional;Porto Alegre, RS;09/10 05:00;https://www.linkedin.com/jobs/view/4475206182/;https://media.licdn.com/dms/image/v2/D4D0BAQEO2eMPt_XXbg/company-logo_100_100/company-logo_100_100/0/1696862232579/zanc_logo?e=1793232000&v=beta&t=VwELa-YhLk16QNEG2Ja_ScMo6ipOPPuzDLz5rZibFtI;-;https://www.linkedin.com/company/zanc-assessoria-nacional-de-cobran-a/about/;Consultoria e Assessoria;backend OR java OR spring boot OR python OR django OR golang OR php OR laravel OR ruby OR ruby on rails OR c++ OR c# OR rust OR scala OR julia OR elixir OR node.js OR asp.net core;zanc assessoria nacional de cobrança;1;;https://www.linkedin.com/jobs/view/4475206182/;https://www.linkedin.com/jobs/view/4475206182/;On-site;Intern;09/10/2026;Porto Alegre;Rio Grande do Sul;RS;Região Sul;Brasil;América do Sul
587;Zallpy Digital;Senior Java Backend Engineer;Brasil;09/10 13:00;https://www.linkedin.com/jobs/view/4467811251/;https://media.licdn.com/dms/image/v2/D560BAQGDyO2Jo8nezQ/company-logo_100_100/B56Z.uDzHyJgAI-/0/1785331659466/zallpy_digital_logo?e=1793232000&v=beta&t=VcE389rU6DN9p39qoBqk9GMk_ugdxD_YR2tSxKrbVHs;Advanced > Information Technology;https://www.linkedin.com/company/zallpy-digital/about/;Software e Serviços de TI;backend OR java OR spring boot OR python OR django OR golang OR php OR laravel OR ruby OR ruby on rails OR c++ OR c# OR rust OR scala OR julia OR elixir OR node.js OR asp.net core;zallpy digital;1;;https://www.linkedin.com/jobs/view/4467811251/;https://www.linkedin.com/jobs/view/4467811251/;Remote;Senior, Backend, Engenharia Geral;09/10/2026;;;;;Brasil;América do Sul
588;Zallpy Digital;Full Stack Software Engineer (AI-Assisted Development);Grande Porto Alegre (RS);09/10 13:00;https://www.linkedin.com/jobs/view/4467595497/;https://media.licdn.com/dms/image/v2/D560BAQGDyO2Jo8nezQ/company-logo_100_100/B56Z.uDzHyJgAI-/0/1785331659466/zallpy_digital_logo?e=1793232000&v=beta&t=VcE389rU6DN9p39qoBqk9GMk_ugdxD_YR2tSxKrbVHs;Advanced > Information Technology;https://www.linkedin.com/company/zallpy-digital/about/;Software e Serviços de TI;backend OR java OR spring boot OR python OR django OR golang OR php OR laravel OR ruby OR ruby on rails OR c++ OR c# OR rust OR scala OR julia OR elixir OR node.js OR asp.net core;zallpy digital;1;;https://www.linkedin.com/jobs/view/4467595497/;https://www.linkedin.com/jobs/view/4467595497/;Hybrid;Inteligência Artificial, TI/Tech, Full Stack, Engenharia Geral;09/10/2026;;Rio Grande do Sul;RS;Região Sul;Brasil;América do Sul
589;abler Vagas;Full Stack Developer;Brasil;08/10 16:00;https://www.linkedin.com/jobs/view/4476937464/;https://media.licdn.com/dms/image/v2/D560BAQG5WYTGCgaQ2Q/company-logo_100_100/B56aD4Ei3bKQAM-/0/1790868336447/abler_vagas_br_logo?e=1793232000&v=beta&t=6xSW30jMtq-2jK1yyp-RXxbWdyCfafyQNT_crd4R9Ic;Advanced > Information Technology;https://www.linkedin.com/company/abler-vagas/about/;Energia e Combustíveis;backend OR java OR spring boot OR python OR django OR golang OR php OR laravel OR ruby OR ruby on rails OR c++ OR c# OR rust OR scala OR julia OR elixir OR node.js OR asp.net core;abler vagas;1;;https://www.linkedin.com/jobs/view/4476937464/;https://www.linkedin.com/jobs/view/4476937464/;Remote;Full Stack;09/10/2026;;;;;Brasil;América do Sul
590;americanas s.a.;Engenheiro de Dados Sênior | Tecnologia;Grande São Paulo (SP) ;08/10 16:00;https://www.linkedin.com/jobs/view/4474838709/;https://media.licdn.com/dms/image/v2/D4D0BAQEoMTZW5hktPw/company-logo_100_100/company-logo_100_100/0/1688744936290/americanas_sa_logo?e=1793232000&v=beta&t=xyGLveAfiCNBaIoqK54UFozJ49-kN7_07HWKxjtt3SU;-;https://www.linkedin.com/company/americanas-s-a/about/;Dados e Analytics;backend OR java OR spring boot OR python OR django OR golang OR php OR laravel OR ruby OR ruby on rails OR c++ OR c# OR rust OR scala OR julia OR elixir OR node.js OR asp.net core;americanas s.a.;1;;https://www.linkedin.com/jobs/view/4474838709/;https://www.linkedin.com/jobs/view/4474838709/;On-site;Senior, TI/Tech, Dados/Analytics;09/10/2026;;São Paulo;SP;Região Sudeste;Brasil;América do Sul
591;bio meds Brasil;Analista de Sistemas e Dados;Florianópolis, SC;08/10 16:00;https://www.linkedin.com/jobs/view/4475728104/;https://media.licdn.com/dms/image/v2/D4D0BAQE8lz0-7Mpbhg/company-logo_100_100/B4DZg3kNXtGsAQ-/0/1753278896385/bio_meds_brasil_logo?e=1793232000&v=beta&t=X_ovmE9E4BjV1aSLyGvYqZ1zwTc62a6kEF4FR4V7fUw;Advanced > Specialist;https://www.linkedin.com/company/bio-meds-brasil/about/;Dados e Analytics;backend OR java OR spring boot OR python OR django OR golang OR php OR laravel OR ruby OR ruby on rails OR c++ OR c# OR rust OR scala OR julia OR elixir OR node.js OR asp.net core;bio meds brasil;1;;https://www.linkedin.com/jobs/view/4475728104/;https://www.linkedin.com/jobs/view/4475728104/;On-site;Associate, TI/Tech, Dados/Analytics;09/10/2026;;Santa Catarina;SC;Região Sul;Brasil;América do Sul
592;bp;Software Developer;São Paulo, SP;09/10 07:00;https://www.linkedin.com/jobs/view/4469109159/;https://media.licdn.com/dms/image/v2/D4E0BAQFJIiZN5WCYAA/company-logo_100_100/company-logo_100_100/0/1719826788213/bp_logo?e=1793232000&v=beta&t=z4VEwKf1qXGm6Zoo7JtW84xONWh800JNR6dx6TcosNc;Advanced > Information Technology;https://www.linkedin.com/company/bp/about/;Software e Serviços de TI;backend OR java OR spring boot OR python OR django OR golang OR php OR laravel OR ruby OR ruby on rails OR c++ OR c# OR rust OR scala OR julia OR elixir OR node.js OR asp.net core;bp;1;;https://www.linkedin.com/jobs/view/4469109159/;https://www.linkedin.com/jobs/view/4469109159/;Hybrid;TI/Tech;09/10/2026;;São Paulo;SP;Região Sudeste;Brasil;América do Sul
593;echo_lab_tech;(Estágio) Engenharia de Software - Hibrido | Palhoça/SC;Florianópolis, SC;09/10 13:00;https://www.linkedin.com/jobs/view/4475239426/;https://media.licdn.com/dms/image/v2/D4D0BAQEe-2Tqvnl7kA/company-logo_100_100/B4DaBPC6lJIQAI-/0/1788032559819/echolabtech_logo?e=1793232000&v=beta&t=Jq-z8kdCO0gxXOb40W9OcSn58lwbDW2P4gn6V-s0C80;-;https://www.linkedin.com/company/echo-lab-tech/about/;Software e Serviços de TI;backend OR java OR spring boot OR python OR django OR golang OR php OR laravel OR ruby OR ruby on rails OR c++ OR c# OR rust OR scala OR julia OR elixir OR node.js OR asp.net core;echo_lab_tech;1;;https://www.linkedin.com/jobs/view/4475239426/;https://www.linkedin.com/jobs/view/4475239426/;On-site;Intern, TI/Tech, Engenharia Geral;09/10/2026;;Santa Catarina;SC;Região Sul;Brasil;América do Sul
594;hub xp;Desenvolvedor(a) Backend Pleno | Python;São Paulo, SP;09/10 14:00;https://www.linkedin.com/jobs/view/4477829485/;https://media.licdn.com/dms/image/v2/D4D0BAQG2iSbH5tgVQg/company-logo_100_100/B4DZ5GbK3wI8AI-/0/1779297988287/hubxp_logo?e=1793232000&v=beta&t=dT1_ZhbbAwb0mvAIwAlkAYgZPnxrelE4WVnLUcbxIHY;-;https://www.linkedin.com/company/hub-xp/about/;-;backend OR java OR spring boot OR python OR django OR golang OR php OR laravel OR ruby OR ruby on rails OR c++ OR c# OR rust OR scala OR julia OR elixir OR node.js OR asp.net core;hub xp;1;;https://www.linkedin.com/jobs/view/4477829485/;https://www.linkedin.com/jobs/view/4477829485/;Remote;Mid, Backend;09/10/2026;;São Paulo;SP;Região Sudeste;Brasil;América do Sul
595;hub xp;Desenvolvedor(a) Backend Sênior | Python;São Paulo, SP;09/10 14:00;https://www.linkedin.com/jobs/view/4477826598/;https://media.licdn.com/dms/image/v2/D4D0BAQG2iSbH5tgVQg/company-logo_100_100/B4DZ5GbK3wI8AI-/0/1779297988287/hubxp_logo?e=1793232000&v=beta&t=dT1_ZhbbAwb0mvAIwAlkAYgZPnxrelE4WVnLUcbxIHY;-;https://www.linkedin.com/company/hub-xp/about/;-;backend OR java OR spring boot OR python OR django OR golang OR php OR laravel OR ruby OR ruby on rails OR c++ OR c# OR rust OR scala OR julia OR elixir OR node.js OR asp.net core;hub xp;1;;https://www.linkedin.com/jobs/view/4477826598/;https://www.linkedin.com/jobs/view/4477826598/;Remote;Senior, Backend;09/10/2026;;São Paulo;SP;Região Sudeste;Brasil;América do Sul
596;ilegra;[059] Pessoa Desenvolvedora Fullstack Sênior (Java/React);Indaiatuba, SP;08/10 18:00;https://www.linkedin.com/jobs/view/4477468457/;https://media.licdn.com/dms/image/v2/D4D0BAQF2gxBc1d1YqA/company-logo_100_100/B4DZ0.1cP9JMAQ-/0/1774875690975/ilegra_logo?e=1793232000&v=beta&t=J9puZbDY-RGhxFZxPWwcPz6IPxtkcM148sP9EQnW-io;-;https://www.linkedin.com/company/ilegra/about/;-;backend OR java OR spring boot OR python OR django OR golang OR php OR laravel OR ruby OR ruby on rails OR c++ OR c# OR rust OR scala OR julia OR elixir OR node.js OR asp.net core;ilegra;1;;https://www.linkedin.com/jobs/view/4477468457/;https://www.linkedin.com/jobs/view/4477468457/;Hybrid;PCD / Afirmativa, Senior, Full Stack;09/10/2026;;São Paulo;SP;Região Sudeste;Brasil;América do Sul
597;innolevels;Arquiteto Devops;Grande Rio de Janeiro (RJ);09/10 00:00;https://www.linkedin.com/jobs/view/4474866723/;https://media.licdn.com/dms/image/v2/C4D0BAQHTJl0dF22boA/company-logo_100_100/company-logo_100_100/0/1662223622824/innolevels_logo?e=1793232000&v=beta&t=6gaugj_7k-QAfKweIwQuVJKXbgFnpmyFSrAiD1O4M28;Architecture;https://www.linkedin.com/company/innolevels/about/;Software e Serviços de TI;backend OR java OR spring boot OR python OR django OR golang OR php OR laravel OR ruby OR ruby on rails OR c++ OR c# OR rust OR scala OR julia OR elixir OR node.js OR asp.net core;innolevels;1;;https://www.linkedin.com/jobs/view/4474866723/;https://www.linkedin.com/jobs/view/4474866723/;Remote;DevOps;09/10/2026;;Rio de Janeiro;RJ;Região Sudeste;Brasil;América do Sul
598;innolevels;Desenvolvedor Full Stack IA;Grande Rio de Janeiro (RJ);09/10 00:00;https://www.linkedin.com/jobs/view/4474880112/;https://media.licdn.com/dms/image/v2/C4D0BAQHTJl0dF22boA/company-logo_100_100/company-logo_100_100/0/1662223622824/innolevels_logo?e=1793232000&v=beta&t=6gaugj_7k-QAfKweIwQuVJKXbgFnpmyFSrAiD1O4M28;-;https://www.linkedin.com/company/innolevels/about/;Inteligência Artificial;backend OR java OR spring boot OR python OR django OR golang OR php OR laravel OR ruby OR ruby on rails OR c++ OR c# OR rust OR scala OR julia OR elixir OR node.js OR asp.net core;innolevels;1;;https://www.linkedin.com/jobs/view/4474880112/;https://www.linkedin.com/jobs/view/4474880112/;Remote;Inteligência Artificial, Full Stack;09/10/2026;;Rio de Janeiro;RJ;Região Sudeste;Brasil;América do Sul
599;innolevels;Desenvolvedor Python/LLM;Grande Rio de Janeiro (RJ);09/10 00:00;https://www.linkedin.com/jobs/view/4474887074/;https://media.licdn.com/dms/image/v2/C4D0BAQHTJl0dF22boA/company-logo_100_100/company-logo_100_100/0/1662223622824/innolevels_logo?e=1793232000&v=beta&t=6gaugj_7k-QAfKweIwQuVJKXbgFnpmyFSrAiD1O4M28;-;https://www.linkedin.com/company/innolevels/about/;-;backend OR java OR spring boot OR python OR django OR golang OR php OR laravel OR ruby OR ruby on rails OR c++ OR c# OR rust OR scala OR julia OR elixir OR node.js OR asp.net core;innolevels;1;;https://www.linkedin.com/jobs/view/4474887074/;https://www.linkedin.com/jobs/view/4474887074/;Hybrid;-;09/10/2026;;Rio de Janeiro;RJ;Região Sudeste;Brasil;América do Sul
600;innolevels;Analista Desenvolvedor;Grande São Paulo (SP) ;09/10 00:00;https://www.linkedin.com/jobs/view/4474881011/;https://media.licdn.com/dms/image/v2/C4D0BAQHTJl0dF22boA/company-logo_100_100/company-logo_100_100/0/1662223622824/innolevels_logo?e=1793232000&v=beta&t=6gaugj_7k-QAfKweIwQuVJKXbgFnpmyFSrAiD1O4M28;Advanced > Specialist;https://www.linkedin.com/company/innolevels/about/;-;backend OR java OR spring boot OR python OR django OR golang OR php OR laravel OR ruby OR ruby on rails OR c++ OR c# OR rust OR scala OR julia OR elixir OR node.js OR asp.net core;innolevels;1;;https://www.linkedin.com/jobs/view/4474881011/;https://www.linkedin.com/jobs/view/4474881011/;On-site;Associate;09/10/2026;;São Paulo;SP;Região Sudeste;Brasil;América do Sul
601;innolevels;Desenvolvedor Full Stack Node.js;Grande São Paulo (SP) ;09/10 00:00;https://www.linkedin.com/jobs/view/4474878337/;https://media.licdn.com/dms/image/v2/C4D0BAQHTJl0dF22boA/company-logo_100_100/company-logo_100_100/0/1662223622824/innolevels_logo?e=1793232000&v=beta&t=6gaugj_7k-QAfKweIwQuVJKXbgFnpmyFSrAiD1O4M28;-;https://www.linkedin.com/company/innolevels/about/;-;backend OR java OR spring boot OR python OR django OR golang OR php OR laravel OR ruby OR ruby on rails OR c++ OR c# OR rust OR scala OR julia OR elixir OR node.js OR asp.net core;innolevels;1;;https://www.linkedin.com/jobs/view/4474878337/;https://www.linkedin.com/jobs/view/4474878337/;Hybrid;Full Stack;09/10/2026;;São Paulo;SP;Região Sudeste;Brasil;América do Sul
602;innolevels;Desenvolvedor Java;Grande São Paulo (SP) ;09/10 00:00;https://www.linkedin.com/jobs/view/4474872350/;https://media.licdn.com/dms/image/v2/C4D0BAQHTJl0dF22boA/company-logo_100_100/company-logo_100_100/0/1662223622824/innolevels_logo?e=1793232000&v=beta&t=6gaugj_7k-QAfKweIwQuVJKXbgFnpmyFSrAiD1O4M28;-;https://www.linkedin.com/company/innolevels/about/;-;backend OR java OR spring boot OR python OR django OR golang OR php OR laravel OR ruby OR ruby on rails OR c++ OR c# OR rust OR scala OR julia OR elixir OR node.js OR asp.net core;innolevels;1;;https://www.linkedin.com/jobs/view/4474872350/;https://www.linkedin.com/jobs/view/4474872350/;Hybrid;-;09/10/2026;;São Paulo;SP;Região Sudeste;Brasil;América do Sul
603;innolevels;Desenvolvedor Oracle;Grande São Paulo (SP) ;09/10 00:00;https://www.linkedin.com/jobs/view/4474880210/;https://media.licdn.com/dms/image/v2/C4D0BAQHTJl0dF22boA/company-logo_100_100/company-logo_100_100/0/1662223622824/innolevels_logo?e=1793232000&v=beta&t=6gaugj_7k-QAfKweIwQuVJKXbgFnpmyFSrAiD1O4M28;-;https://www.linkedin.com/company/innolevels/about/;-;backend OR java OR spring boot OR python OR django OR golang OR php OR laravel OR ruby OR ruby on rails OR c++ OR c# OR rust OR scala OR julia OR elixir OR node.js OR asp.net core;innolevels;1;;https://www.linkedin.com/jobs/view/4474880210/;https://www.linkedin.com/jobs/view/4474880210/;Remote;-;09/10/2026;;São Paulo;SP;Região Sudeste;Brasil;América do Sul
604;innolevels;Desenvolvedor Python;Grande São Paulo (SP) ;09/10 00:00;https://www.linkedin.com/jobs/view/4474870515/;https://media.licdn.com/dms/image/v2/C4D0BAQHTJl0dF22boA/company-logo_100_100/company-logo_100_100/0/1662223622824/innolevels_logo?e=1793232000&v=beta&t=6gaugj_7k-QAfKweIwQuVJKXbgFnpmyFSrAiD1O4M28;-;https://www.linkedin.com/company/innolevels/about/;-;backend OR java OR spring boot OR python OR django OR golang OR php OR laravel OR ruby OR ruby on rails OR c++ OR c# OR rust OR scala OR julia OR elixir OR node.js OR asp.net core;innolevels;1;;https://www.linkedin.com/jobs/view/4474870515/;https://www.linkedin.com/jobs/view/4474870515/;Hybrid;-;09/10/2026;;São Paulo;SP;Região Sudeste;Brasil;América do Sul
605;nstech;Staff AI Engineer;Brasil;09/10 13:00;https://www.linkedin.com/jobs/view/4475242353/;https://media.licdn.com/dms/image/v2/D4D0BAQFh1FnjVanFDw/company-logo_100_100/company-logo_100_100/0/1685727222379/nstechlog_logo?e=1793232000&v=beta&t=RhvXdDIThVJNoeK0MLLKxrrvnIWRG-4hWGPh_5P89zE;Advanced > Information Technology;https://www.linkedin.com/company/nstech/about/;Inteligência Artificial;backend OR java OR spring boot OR python OR django OR golang OR php OR laravel OR ruby OR ruby on rails OR c++ OR c# OR rust OR scala OR julia OR elixir OR node.js OR asp.net core;nstech;1;;https://www.linkedin.com/jobs/view/4475242353/;https://www.linkedin.com/jobs/view/4475242353/;Remote;Inteligência Artificial, Engenharia Geral;09/10/2026;;;;;Brasil;América do Sul
606;omytotem;Desenvolvedor(a) Full Stack Pleno ou Sênior — PHP/Laravel;Criciúma, SC;08/10 23:00;https://www.linkedin.com/jobs/view/4476548697/;https://media.licdn.com/dms/image/v2/D4D0BAQESASbUg_3Wrw/company-logo_100_100/B4DaEMJdg0JMAU-/0/1791205170724/omytotem_logo?e=1793232000&v=beta&t=Cz2NP0ZyaKUs4akg1BpcL3Pv0GWRhZBBlrTMpi2UJIU;-;https://www.linkedin.com/company/omytotem/about/;-;backend OR java OR spring boot OR python OR django OR golang OR php OR laravel OR ruby OR ruby on rails OR c++ OR c# OR rust OR scala OR julia OR elixir OR node.js OR asp.net core;omytotem;1;;https://www.linkedin.com/jobs/view/4476548697/;https://www.linkedin.com/jobs/view/4476548697/;On-site;Senior, Mid, Full Stack;09/10/2026;;Santa Catarina;SC;Região Sul;Brasil;América do Sul
607;oportunidade;Staff Engineer/Especialista de Engenharia de Software | Sistemas Críticos & .NET - Hibrido/SP;Grande São Paulo (SP) ;09/10 10:00;https://www.linkedin.com/jobs/view/4475217675/;missing logo;Advanced > Information Technology;https://www.linkedin.com/company/oportunidade/about/;Software e Serviços de TI;backend OR java OR spring boot OR python OR django OR golang OR php OR laravel OR ruby OR ruby on rails OR c++ OR c# OR rust OR scala OR julia OR elixir OR node.js OR asp.net core;oportunidade;1;;https://www.linkedin.com/jobs/view/4475217675/;https://www.linkedin.com/jobs/view/4475217675/;Hybrid;Specialist, TI/Tech, Engenharia Geral;09/10/2026;;São Paulo;SP;Região Sudeste;Brasil;América do Sul
608;talent's club;Estágio em Desenvolvimento C/C++ - Home Office Brasil;Grande São Paulo (SP) ;08/10 22:00;https://www.linkedin.com/jobs/view/4476229780/;https://media.licdn.com/dms/image/v2/D4D0BAQF1dFa6jsuwkw/company-logo_100_100/company-logo_100_100/0/1720449879789/talentsclub_logo?e=1793232000&v=beta&t=FM-Bb7ppBUo46ZkaUWfb0dGNRpPoYHsdDwVukpVz9uI;-;https://www.linkedin.com/company/talent-s-club/about/;Software e Serviços de TI;backend OR java OR spring boot OR python OR django OR golang OR php OR laravel OR ruby OR ruby on rails OR c++ OR c# OR rust OR scala OR julia OR elixir OR node.js OR asp.net core;talent's club;1;;https://www.linkedin.com/jobs/view/4476229780/;https://www.linkedin.com/jobs/view/4476229780/;Remote;Intern;09/10/2026;;São Paulo;SP;Região Sudeste;Brasil;América do Sul
609;wevy;Desenvolvedor Júnior;Brasil;08/10 16:00;https://www.linkedin.com/jobs/view/4476236394/;https://media.licdn.com/dms/image/v2/D4D0BAQHCtnwbcO27tg/company-logo_100_100/B4DZ0wWvHUH4AQ-/0/1774632760201/wevy_cloud_logo?e=1793232000&v=beta&t=OaVxgfF9hZeFaqaKfJIrXoKfhFahLYGXgK7DNKbOwLs;-;https://www.linkedin.com/company/wevy/about/;-;backend OR java OR spring boot OR python OR django OR golang OR php OR laravel OR ruby OR ruby on rails OR c++ OR c# OR rust OR scala OR julia OR elixir OR node.js OR asp.net core;wevy;1;;https://www.linkedin.com/jobs/view/4476236394/;https://www.linkedin.com/jobs/view/4476236394/;Remote;Junior;09/10/2026;;;;;Brasil;América do Sul
610;ília;Arquitetura de Soluções;Barueri, SP;09/10 15:00;https://www.linkedin.com/jobs/view/4477846030/;https://media.licdn.com/dms/image/v2/D4D0BAQEcfwzf6s9pKQ/company-logo_100_100/company-logo_100_100/0/1738336067721/ilia_digital_logo?e=1793232000&v=beta&t=zZqXaMBq9KRWdg0nxm2N9P9wxK8bh_tRsQNny6eGhKo;-;https://www.linkedin.com/company/lia/about/;Software e Serviços de TI;backend OR java OR spring boot OR python OR django OR golang OR php OR laravel OR ruby OR ruby on rails OR c++ OR c# OR rust OR scala OR julia OR elixir OR node.js OR asp.net core;ília;1;;https://www.linkedin.com/jobs/view/4477846030/;https://www.linkedin.com/jobs/view/4477846030/;Remote;-;09/10/2026;;São Paulo;SP;Região Sudeste;Brasil;América do Sul
611;ília;PL Desenvolvimento Full Stack (Java e React);Brasil;08/10 16:00;https://www.linkedin.com/jobs/view/4476931953/;https://media.licdn.com/dms/image/v2/D4D0BAQEcfwzf6s9pKQ/company-logo_100_100/company-logo_100_100/0/1738336067721/ilia_digital_logo?e=1793232000&v=beta&t=zZqXaMBq9KRWdg0nxm2N9P9wxK8bh_tRsQNny6eGhKo;-;https://www.linkedin.com/company/lia/about/;Software e Serviços de TI;backend OR java OR spring boot OR python OR django OR golang OR php OR laravel OR ruby OR ruby on rails OR c++ OR c# OR rust OR scala OR julia OR elixir OR node.js OR asp.net core;ília;1;;https://www.linkedin.com/jobs/view/4476931953/;https://www.linkedin.com/jobs/view/4476931953/;Remote;Mid, Full Stack;09/10/2026;;;;;Brasil;América do Sul
