Id;Company;Job Title;Location;Published Date;Job Link;Logo;Category;Company Life URL;Industry;Query Parameters;Company_Match;Score;Platform;Job Link_Match;Destination URL;Work Mode;Tags;Capture Date;City;State;UF;Region;Country;Continent
1;3 Corações S/A;AUXILIAR DE PRODUCAO I;Araçariguama (SP);05/08 20:00;https://www.linkedin.com/jobs/view/4448078476/;https://media.licdn.com/dms/image/v2/D4D0BAQHaKIaxwU8jkw/company-logo_100_100/company-logo_100_100/0/1735839498852/3coracoes_logo?e=1787788800&v=beta&t=Az8S3fmrm-WFONe68yO9xFDCvJxFdsRHq5vTFUfaI_o;-;https://www.linkedin.com/company/3-cora-es-s-a/about/;-;(3 AND Corações AND S/A) OR (Anheuser-Busch AND InBev) OR (AB AND InBev) OR Bauducco OR Cargill OR (Coca-Cola AND FEMSA) OR Danone OR Diageo OR (General AND Mills) OR (Grupo AND Boticário) OR Heineken OR Henkel OR JBS OR Kimberly-Clark OR (Kraft AND Heinz) OR L'Oréal OR (Lindt AND Sprüngli AND Brasil) OR (Louis AND Vuitton) OR Natura OR Nestlé OR PepsiCo OR (Philip AND Morris AND International) OR (Red AND Bull) OR (The AND HEINEKEN AND Company) OR Unilever OR (Whirlpool AND Corporation);3 corações s/a;1;;https://www.linkedin.com/jobs/view/4448078476/;https://www.linkedin.com/jobs/view/4448078476/;On-site;Associate;06/08/2026;Araçariguama;São Paulo;SP;Região Sudeste;Brasil;América do Sul
2;3 Corações S/A;ANALISTA ADMINISTRATIVO JR (GERENCIAMENTO DE RISCOS);Eusébio (CE);05/08 20:00;https://www.linkedin.com/jobs/view/4448061580/;https://media.licdn.com/dms/image/v2/D4D0BAQHaKIaxwU8jkw/company-logo_100_100/company-logo_100_100/0/1735839498852/3coracoes_logo?e=1787788800&v=beta&t=Az8S3fmrm-WFONe68yO9xFDCvJxFdsRHq5vTFUfaI_o;Advanced > Specialist;https://www.linkedin.com/company/3-cora-es-s-a/about/;Software e Serviços de TI;(3 AND Corações AND S/A) OR (Anheuser-Busch AND InBev) OR (AB AND InBev) OR Bauducco OR Cargill OR (Coca-Cola AND FEMSA) OR Danone OR Diageo OR (General AND Mills) OR (Grupo AND Boticário) OR Heineken OR Henkel OR JBS OR Kimberly-Clark OR (Kraft AND Heinz) OR L'Oréal OR (Lindt AND Sprüngli AND Brasil) OR (Louis AND Vuitton) OR Natura OR Nestlé OR PepsiCo OR (Philip AND Morris AND International) OR (Red AND Bull) OR (The AND HEINEKEN AND Company) OR Unilever OR (Whirlpool AND Corporation);3 corações s/a;1;;https://www.linkedin.com/jobs/view/4448061580/;https://www.linkedin.com/jobs/view/4448061580/;On-site;Junior, Associate;06/08/2026;Eusébio;Ceará;CE;Região Nordeste;Brasil;América do Sul
3;3 Corações S/A;ANALISTA DE LOGISTICA JR (ROTEIRIZAÇÃO);Eusébio (CE);06/08 08:00;https://www.linkedin.com/jobs/view/4448421010/;https://media.licdn.com/dms/image/v2/D4D0BAQHaKIaxwU8jkw/company-logo_100_100/company-logo_100_100/0/1735839498852/3coracoes_logo?e=1787788800&v=beta&t=Az8S3fmrm-WFONe68yO9xFDCvJxFdsRHq5vTFUfaI_o;Advanced > Specialist;https://www.linkedin.com/company/3-cora-es-s-a/about/;Software e Serviços de TI;(3 AND Corações AND S/A) OR (Anheuser-Busch AND InBev) OR (AB AND InBev) OR Bauducco OR Cargill OR (Coca-Cola AND FEMSA) OR Danone OR Diageo OR (General AND Mills) OR (Grupo AND Boticário) OR Heineken OR Henkel OR JBS OR Kimberly-Clark OR (Kraft AND Heinz) OR L'Oréal OR (Lindt AND Sprüngli AND Brasil) OR (Louis AND Vuitton) OR Natura OR Nestlé OR PepsiCo OR (Philip AND Morris AND International) OR (Red AND Bull) OR (The AND HEINEKEN AND Company) OR Unilever OR (Whirlpool AND Corporation);3 corações s/a;1;;https://www.linkedin.com/jobs/view/4448421010/;https://www.linkedin.com/jobs/view/4448421010/;On-site;Junior, Associate;06/08/2026;Eusébio;Ceará;CE;Região Nordeste;Brasil;América do Sul
4;3 Corações S/A;AUXILIAR DE PRODUCAO I;Montes Claros (MG);05/08 20:00;https://www.linkedin.com/jobs/view/4448071503/;https://media.licdn.com/dms/image/v2/D4D0BAQHaKIaxwU8jkw/company-logo_100_100/company-logo_100_100/0/1735839498852/3coracoes_logo?e=1787788800&v=beta&t=Az8S3fmrm-WFONe68yO9xFDCvJxFdsRHq5vTFUfaI_o;-;https://www.linkedin.com/company/3-cora-es-s-a/about/;-;(3 AND Corações AND S/A) OR (Anheuser-Busch AND InBev) OR (AB AND InBev) OR Bauducco OR Cargill OR (Coca-Cola AND FEMSA) OR Danone OR Diageo OR (General AND Mills) OR (Grupo AND Boticário) OR Heineken OR Henkel OR JBS OR Kimberly-Clark OR (Kraft AND Heinz) OR L'Oréal OR (Lindt AND Sprüngli AND Brasil) OR (Louis AND Vuitton) OR Natura OR Nestlé OR PepsiCo OR (Philip AND Morris AND International) OR (Red AND Bull) OR (The AND HEINEKEN AND Company) OR Unilever OR (Whirlpool AND Corporation);3 corações s/a;1;;https://www.linkedin.com/jobs/view/4448071503/;https://www.linkedin.com/jobs/view/4448071503/;On-site;Associate;06/08/2026;Montes Claros;Minas Gerais;MG;Região Sudeste;Brasil;América do Sul
5;3 Corações S/A;VENDEDOR RESERVA - SETE LAGOAS/MG E REGIÃO;Sete Lagoas (MG);06/08 08:00;https://www.linkedin.com/jobs/view/4448421012/;https://media.licdn.com/dms/image/v2/D4D0BAQHaKIaxwU8jkw/company-logo_100_100/company-logo_100_100/0/1735839498852/3coracoes_logo?e=1787788800&v=beta&t=Az8S3fmrm-WFONe68yO9xFDCvJxFdsRHq5vTFUfaI_o;-;https://www.linkedin.com/company/3-cora-es-s-a/about/;-;(3 AND Corações AND S/A) OR (Anheuser-Busch AND InBev) OR (AB AND InBev) OR Bauducco OR Cargill OR (Coca-Cola AND FEMSA) OR Danone OR Diageo OR (General AND Mills) OR (Grupo AND Boticário) OR Heineken OR Henkel OR JBS OR Kimberly-Clark OR (Kraft AND Heinz) OR L'Oréal OR (Lindt AND Sprüngli AND Brasil) OR (Louis AND Vuitton) OR Natura OR Nestlé OR PepsiCo OR (Philip AND Morris AND International) OR (Red AND Bull) OR (The AND HEINEKEN AND Company) OR Unilever OR (Whirlpool AND Corporation);3 corações s/a;1;;https://www.linkedin.com/jobs/view/4448421012/;https://www.linkedin.com/jobs/view/4448421012/;On-site;Vendas / Comercial;06/08/2026;Sete Lagoas;Minas Gerais;MG;Região Sudeste;Brasil;América do Sul
6;3 Corações S/A;AUXILIAR DE EXPEDICAO - TERESINA PI;Teresina (PI);06/08 19:00;https://www.linkedin.com/jobs/view/4448474768/;https://media.licdn.com/dms/image/v2/D4D0BAQHaKIaxwU8jkw/company-logo_100_100/company-logo_100_100/0/1735839498852/3coracoes_logo?e=1787788800&v=beta&t=Az8S3fmrm-WFONe68yO9xFDCvJxFdsRHq5vTFUfaI_o;-;https://www.linkedin.com/company/3-cora-es-s-a/about/;-;(3 AND Corações AND S/A) OR (Anheuser-Busch AND InBev) OR (AB AND InBev) OR Bauducco OR Cargill OR (Coca-Cola AND FEMSA) OR Danone OR Diageo OR (General AND Mills) OR (Grupo AND Boticário) OR Heineken OR Henkel OR JBS OR Kimberly-Clark OR (Kraft AND Heinz) OR L'Oréal OR (Lindt AND Sprüngli AND Brasil) OR (Louis AND Vuitton) OR Natura OR Nestlé OR PepsiCo OR (Philip AND Morris AND International) OR (Red AND Bull) OR (The AND HEINEKEN AND Company) OR Unilever OR (Whirlpool AND Corporation);3 corações s/a;1;;https://www.linkedin.com/jobs/view/4448474768/;https://www.linkedin.com/jobs/view/4448474768/;On-site;Associate;06/08/2026;;Piauí;PI;Região Nordeste;Brasil;América do Sul
7;AB InBev;Analista de GRC;Campinas (SP);06/08 11:00;https://www.linkedin.com/jobs/view/4420124996/;https://media.licdn.com/dms/image/v2/C560BAQEZRSga0FreWA/company-logo_100_100/company-logo_100_100/0/1656631574816/ab_inbev_logo?e=1787788800&v=beta&t=-RqKfRYb4hCDztp-LQNu-CkywDkW3pY-47C3XjOMoQc;Advanced > Specialist;https://www.linkedin.com/company/ab-inbev/about/;-;(3 AND Corações AND S/A) OR (Anheuser-Busch AND InBev) OR (AB AND InBev) OR Bauducco OR Cargill OR (Coca-Cola AND FEMSA) OR Danone OR Diageo OR (General AND Mills) OR (Grupo AND Boticário) OR Heineken OR Henkel OR JBS OR Kimberly-Clark OR (Kraft AND Heinz) OR L'Oréal OR (Lindt AND Sprüngli AND Brasil) OR (Louis AND Vuitton) OR Natura OR Nestlé OR PepsiCo OR (Philip AND Morris AND International) OR (Red AND Bull) OR (The AND HEINEKEN AND Company) OR Unilever OR (Whirlpool AND Corporation);ab inbev;1;;https://www.linkedin.com/jobs/view/4420124996/;https://www.linkedin.com/jobs/view/4420124996/;On-site;Associate;06/08/2026;Campinas;São Paulo;SP;Região Sudeste;Brasil;América do Sul
8;AB InBev;ESPECIALISTA/GERENTE DE PLANEJAMENTO FINANCEIRO - PEOPLE;Campinas (SP);06/08 10:00;https://www.linkedin.com/jobs/view/4419299276/;https://media.licdn.com/dms/image/v2/C560BAQEZRSga0FreWA/company-logo_100_100/company-logo_100_100/0/1656631574816/ab_inbev_logo?e=1787788800&v=beta&t=-RqKfRYb4hCDztp-LQNu-CkywDkW3pY-47C3XjOMoQc;People;https://www.linkedin.com/company/ab-inbev/about/;Serviços Financeiros;(3 AND Corações AND S/A) OR (Anheuser-Busch AND InBev) OR (AB AND InBev) OR Bauducco OR Cargill OR (Coca-Cola AND FEMSA) OR Danone OR Diageo OR (General AND Mills) OR (Grupo AND Boticário) OR Heineken OR Henkel OR JBS OR Kimberly-Clark OR (Kraft AND Heinz) OR L'Oréal OR (Lindt AND Sprüngli AND Brasil) OR (Louis AND Vuitton) OR Natura OR Nestlé OR PepsiCo OR (Philip AND Morris AND International) OR (Red AND Bull) OR (The AND HEINEKEN AND Company) OR Unilever OR (Whirlpool AND Corporation);ab inbev;1;;https://www.linkedin.com/jobs/view/4419299276/;https://www.linkedin.com/jobs/view/4419299276/;On-site;Specialist, Mid, Liderança/Gerência, Financeiro/Fiscal;06/08/2026;Campinas;São Paulo;SP;Região Sudeste;Brasil;América do Sul
9;AB InBev;Especialista Global – IT Strategy and Performance;Campinas (SP);06/08 09:00;https://www.linkedin.com/jobs/view/4438424307/;https://media.licdn.com/dms/image/v2/C560BAQEZRSga0FreWA/company-logo_100_100/company-logo_100_100/0/1656631574816/ab_inbev_logo?e=1787788800&v=beta&t=-RqKfRYb4hCDztp-LQNu-CkywDkW3pY-47C3XjOMoQc;Advanced > Specialist;https://www.linkedin.com/company/ab-inbev/about/;Software e Serviços de TI;(3 AND Corações AND S/A) OR (Anheuser-Busch AND InBev) OR (AB AND InBev) OR Bauducco OR Cargill OR (Coca-Cola AND FEMSA) OR Danone OR Diageo OR (General AND Mills) OR (Grupo AND Boticário) OR Heineken OR Henkel OR JBS OR Kimberly-Clark OR (Kraft AND Heinz) OR L'Oréal OR (Lindt AND Sprüngli AND Brasil) OR (Louis AND Vuitton) OR Natura OR Nestlé OR PepsiCo OR (Philip AND Morris AND International) OR (Red AND Bull) OR (The AND HEINEKEN AND Company) OR Unilever OR (Whirlpool AND Corporation);ab inbev;1;;https://www.linkedin.com/jobs/view/4438424307/;https://www.linkedin.com/jobs/view/4438424307/;On-site;Specialist;06/08/2026;Campinas;São Paulo;SP;Região Sudeste;Brasil;América do Sul
10;Ambev;Vendedor(a) Externo - Representante de Vendas (CDD Blumenau/SC);Blumenau (SC);06/08 09:00;https://www.linkedin.com/jobs/view/4431281100/;https://media.licdn.com/dms/image/v2/D4E0BAQGehmQW7ITyRQ/company-logo_100_100/B4EZ.6DSqeKcAI-/0/1785532853302/ambev_logo?e=1787788800&v=beta&t=3oRiNvJozmO2lbRHhHNI8Tr9SCoVnU4QjJju8S8dSOI;-;https://www.linkedin.com/company/ambev/about/;Alimentos e Bebidas;(3 AND Corações AND S/A) OR (Anheuser-Busch AND InBev) OR (AB AND InBev) OR Bauducco OR Cargill OR (Coca-Cola AND FEMSA) OR Danone OR Diageo OR (General AND Mills) OR (Grupo AND Boticário) OR Heineken OR Henkel OR JBS OR Kimberly-Clark OR (Kraft AND Heinz) OR L'Oréal OR (Lindt AND Sprüngli AND Brasil) OR (Louis AND Vuitton) OR Natura OR Nestlé OR PepsiCo OR (Philip AND Morris AND International) OR (Red AND Bull) OR (The AND HEINEKEN AND Company) OR Unilever OR (Whirlpool AND Corporation);ambev;1;;https://www.linkedin.com/jobs/view/4431281100/;https://www.linkedin.com/jobs/view/4431281100/;On-site;Vendas / Comercial;06/08/2026;Blumenau;Santa Catarina;SC;Região Sul;Brasil;América do Sul
11;Ambev;Técnico/Técnica de Segurança do Trabalho (CDD Guanambi/BA);Guanambi (BA);06/08 09:00;https://www.linkedin.com/jobs/view/4440287534/;https://media.licdn.com/dms/image/v2/D4E0BAQGehmQW7ITyRQ/company-logo_100_100/B4EZ.6DSqeKcAI-/0/1785532853302/ambev_logo?e=1787788800&v=beta&t=3oRiNvJozmO2lbRHhHNI8Tr9SCoVnU4QjJju8S8dSOI;-;https://www.linkedin.com/company/ambev/about/;Alimentos e Bebidas;(3 AND Corações AND S/A) OR (Anheuser-Busch AND InBev) OR (AB AND InBev) OR Bauducco OR Cargill OR (Coca-Cola AND FEMSA) OR Danone OR Diageo OR (General AND Mills) OR (Grupo AND Boticário) OR Heineken OR Henkel OR JBS OR Kimberly-Clark OR (Kraft AND Heinz) OR L'Oréal OR (Lindt AND Sprüngli AND Brasil) OR (Louis AND Vuitton) OR Natura OR Nestlé OR PepsiCo OR (Philip AND Morris AND International) OR (Red AND Bull) OR (The AND HEINEKEN AND Company) OR Unilever OR (Whirlpool AND Corporation);ambev;1;;https://www.linkedin.com/jobs/view/4440287534/;https://www.linkedin.com/jobs/view/4440287534/;On-site;-;06/08/2026;Guanambi;Bahia;BA;Região Nordeste;Brasil;América do Sul
12;Ambev;Aprendiz (CDD Guarulhos/SP);Guarulhos (SP);05/08 20:00;https://www.linkedin.com/jobs/view/4449799614/;https://media.licdn.com/dms/image/v2/D4E0BAQGehmQW7ITyRQ/company-logo_100_100/B4EZ.6DSqeKcAI-/0/1785532853302/ambev_logo?e=1787788800&v=beta&t=3oRiNvJozmO2lbRHhHNI8Tr9SCoVnU4QjJju8S8dSOI;-;https://www.linkedin.com/company/ambev/about/;Alimentos e Bebidas;(3 AND Corações AND S/A) OR (Anheuser-Busch AND InBev) OR (AB AND InBev) OR Bauducco OR Cargill OR (Coca-Cola AND FEMSA) OR Danone OR Diageo OR (General AND Mills) OR (Grupo AND Boticário) OR Heineken OR Henkel OR JBS OR Kimberly-Clark OR (Kraft AND Heinz) OR L'Oréal OR (Lindt AND Sprüngli AND Brasil) OR (Louis AND Vuitton) OR Natura OR Nestlé OR PepsiCo OR (Philip AND Morris AND International) OR (Red AND Bull) OR (The AND HEINEKEN AND Company) OR Unilever OR (Whirlpool AND Corporation);ambev;1;;https://www.linkedin.com/jobs/view/4449799614/;https://www.linkedin.com/jobs/view/4449799614/;On-site;Intern;06/08/2026;Guarulhos;São Paulo;SP;Região Sudeste;Brasil;América do Sul
13;Ambev;AMBEV | Técnico(a) Químico Qualidade - Jaguariúna/SP;Jaguariúna (SP);06/08 19:00;https://www.linkedin.com/jobs/view/4449784960/;https://media.licdn.com/dms/image/v2/D4E0BAQGehmQW7ITyRQ/company-logo_100_100/B4EZ.6DSqeKcAI-/0/1785532853302/ambev_logo?e=1787788800&v=beta&t=3oRiNvJozmO2lbRHhHNI8Tr9SCoVnU4QjJju8S8dSOI;-;https://www.linkedin.com/company/ambev/about/;Alimentos e Bebidas;(3 AND Corações AND S/A) OR (Anheuser-Busch AND InBev) OR (AB AND InBev) OR Bauducco OR Cargill OR (Coca-Cola AND FEMSA) OR Danone OR Diageo OR (General AND Mills) OR (Grupo AND Boticário) OR Heineken OR Henkel OR JBS OR Kimberly-Clark OR (Kraft AND Heinz) OR L'Oréal OR (Lindt AND Sprüngli AND Brasil) OR (Louis AND Vuitton) OR Natura OR Nestlé OR PepsiCo OR (Philip AND Morris AND International) OR (Red AND Bull) OR (The AND HEINEKEN AND Company) OR Unilever OR (Whirlpool AND Corporation);ambev;1;;https://www.linkedin.com/jobs/view/4449784960/;https://www.linkedin.com/jobs/view/4449784960/;On-site;-;06/08/2026;Jaguariúna;São Paulo;SP;Região Sudeste;Brasil;América do Sul
14;Ambev;Ambev | Técnico(a) em Elétrica (Cervejaria Jaguariúna);Jaguariúna (SP);06/08 14:00;https://www.linkedin.com/jobs/view/4449773193/;https://media.licdn.com/dms/image/v2/D4E0BAQGehmQW7ITyRQ/company-logo_100_100/B4EZ.6DSqeKcAI-/0/1785532853302/ambev_logo?e=1787788800&v=beta&t=3oRiNvJozmO2lbRHhHNI8Tr9SCoVnU4QjJju8S8dSOI;-;https://www.linkedin.com/company/ambev/about/;Alimentos e Bebidas;(3 AND Corações AND S/A) OR (Anheuser-Busch AND InBev) OR (AB AND InBev) OR Bauducco OR Cargill OR (Coca-Cola AND FEMSA) OR Danone OR Diageo OR (General AND Mills) OR (Grupo AND Boticário) OR Heineken OR Henkel OR JBS OR Kimberly-Clark OR (Kraft AND Heinz) OR L'Oréal OR (Lindt AND Sprüngli AND Brasil) OR (Louis AND Vuitton) OR Natura OR Nestlé OR PepsiCo OR (Philip AND Morris AND International) OR (Red AND Bull) OR (The AND HEINEKEN AND Company) OR Unilever OR (Whirlpool AND Corporation);ambev;1;;https://www.linkedin.com/jobs/view/4449773193/;https://www.linkedin.com/jobs/view/4449773193/;On-site;Engenharia Geral;06/08/2026;Jaguariúna;São Paulo;SP;Região Sudeste;Brasil;América do Sul
15;Ambev;Analista Jr | Supply Chain | Inteligence | Dados e Automação;Jaguariúna (SP);05/08 20:00;https://www.linkedin.com/jobs/view/4449790759/;https://media.licdn.com/dms/image/v2/D4E0BAQGehmQW7ITyRQ/company-logo_100_100/B4EZ.6DSqeKcAI-/0/1785532853302/ambev_logo?e=1787788800&v=beta&t=3oRiNvJozmO2lbRHhHNI8Tr9SCoVnU4QjJju8S8dSOI;Advanced > Process & Automation;https://www.linkedin.com/company/ambev/about/;Alimentos e Bebidas;(3 AND Corações AND S/A) OR (Anheuser-Busch AND InBev) OR (AB AND InBev) OR Bauducco OR Cargill OR (Coca-Cola AND FEMSA) OR Danone OR Diageo OR (General AND Mills) OR (Grupo AND Boticário) OR Heineken OR Henkel OR JBS OR Kimberly-Clark OR (Kraft AND Heinz) OR L'Oréal OR (Lindt AND Sprüngli AND Brasil) OR (Louis AND Vuitton) OR Natura OR Nestlé OR PepsiCo OR (Philip AND Morris AND International) OR (Red AND Bull) OR (The AND HEINEKEN AND Company) OR Unilever OR (Whirlpool AND Corporation);ambev;1;;https://www.linkedin.com/jobs/view/4449790759/;https://www.linkedin.com/jobs/view/4449790759/;Hybrid;Junior, Associate, Dados/Analytics, Logística/Supply;06/08/2026;Jaguariúna;São Paulo;SP;Região Sudeste;Brasil;América do Sul
16;Ambev;CSC Jaguariúna - Analista de Ativo Fixo Jr. [Financeiro];Jaguariúna (SP);05/08 20:00;https://www.linkedin.com/jobs/view/4449309515/;https://media.licdn.com/dms/image/v2/D4E0BAQGehmQW7ITyRQ/company-logo_100_100/B4EZ.6DSqeKcAI-/0/1785532853302/ambev_logo?e=1787788800&v=beta&t=3oRiNvJozmO2lbRHhHNI8Tr9SCoVnU4QjJju8S8dSOI;Advanced > Specialist;https://www.linkedin.com/company/ambev/about/;Alimentos e Bebidas;(3 AND Corações AND S/A) OR (Anheuser-Busch AND InBev) OR (AB AND InBev) OR Bauducco OR Cargill OR (Coca-Cola AND FEMSA) OR Danone OR Diageo OR (General AND Mills) OR (Grupo AND Boticário) OR Heineken OR Henkel OR JBS OR Kimberly-Clark OR (Kraft AND Heinz) OR L'Oréal OR (Lindt AND Sprüngli AND Brasil) OR (Louis AND Vuitton) OR Natura OR Nestlé OR PepsiCo OR (Philip AND Morris AND International) OR (Red AND Bull) OR (The AND HEINEKEN AND Company) OR Unilever OR (Whirlpool AND Corporation);ambev;1;;https://www.linkedin.com/jobs/view/4449309515/;https://www.linkedin.com/jobs/view/4449309515/;On-site;Junior, Associate, Financeiro/Fiscal;06/08/2026;Jaguariúna;São Paulo;SP;Região Sudeste;Brasil;América do Sul
17;Ambev;Programa de Talentos Ambev BSC (Business Services Center) | Jaguariúna - SP;Jaguariúna (SP);05/08 20:00;https://www.linkedin.com/jobs/view/4450008031/;https://media.licdn.com/dms/image/v2/D4E0BAQGehmQW7ITyRQ/company-logo_100_100/B4EZ.6DSqeKcAI-/0/1785532853302/ambev_logo?e=1787788800&v=beta&t=3oRiNvJozmO2lbRHhHNI8Tr9SCoVnU4QjJju8S8dSOI;People;https://www.linkedin.com/company/ambev/about/;Alimentos e Bebidas;(3 AND Corações AND S/A) OR (Anheuser-Busch AND InBev) OR (AB AND InBev) OR Bauducco OR Cargill OR (Coca-Cola AND FEMSA) OR Danone OR Diageo OR (General AND Mills) OR (Grupo AND Boticário) OR Heineken OR Henkel OR JBS OR Kimberly-Clark OR (Kraft AND Heinz) OR L'Oréal OR (Lindt AND Sprüngli AND Brasil) OR (Louis AND Vuitton) OR Natura OR Nestlé OR PepsiCo OR (Philip AND Morris AND International) OR (Red AND Bull) OR (The AND HEINEKEN AND Company) OR Unilever OR (Whirlpool AND Corporation);ambev;1;;https://www.linkedin.com/jobs/view/4450008031/;https://www.linkedin.com/jobs/view/4450008031/;On-site;-;06/08/2026;Jaguariúna;São Paulo;SP;Região Sudeste;Brasil;América do Sul
18;Ambev;Conferente de Armazém - Turno C (CDD Joinville/SC);Joinville (SC);06/08 08:00;https://www.linkedin.com/jobs/view/4423989876/;https://media.licdn.com/dms/image/v2/D4E0BAQGehmQW7ITyRQ/company-logo_100_100/B4EZ.6DSqeKcAI-/0/1785532853302/ambev_logo?e=1787788800&v=beta&t=3oRiNvJozmO2lbRHhHNI8Tr9SCoVnU4QjJju8S8dSOI;-;https://www.linkedin.com/company/ambev/about/;Alimentos e Bebidas;(3 AND Corações AND S/A) OR (Anheuser-Busch AND InBev) OR (AB AND InBev) OR Bauducco OR Cargill OR (Coca-Cola AND FEMSA) OR Danone OR Diageo OR (General AND Mills) OR (Grupo AND Boticário) OR Heineken OR Henkel OR JBS OR Kimberly-Clark OR (Kraft AND Heinz) OR L'Oréal OR (Lindt AND Sprüngli AND Brasil) OR (Louis AND Vuitton) OR Natura OR Nestlé OR PepsiCo OR (Philip AND Morris AND International) OR (Red AND Bull) OR (The AND HEINEKEN AND Company) OR Unilever OR (Whirlpool AND Corporation);ambev;1;;https://www.linkedin.com/jobs/view/4423989876/;https://www.linkedin.com/jobs/view/4423989876/;On-site;-;06/08/2026;Joinville;Santa Catarina;SC;Região Sul;Brasil;América do Sul
19;Ambev;Analista de Segurança do Trabalho (Osasco/SP);Osasco (SP);05/08 20:00;https://www.linkedin.com/jobs/view/4449318324/;https://media.licdn.com/dms/image/v2/D4E0BAQGehmQW7ITyRQ/company-logo_100_100/B4EZ.6DSqeKcAI-/0/1785532853302/ambev_logo?e=1787788800&v=beta&t=3oRiNvJozmO2lbRHhHNI8Tr9SCoVnU4QjJju8S8dSOI;Advanced > Specialist;https://www.linkedin.com/company/ambev/about/;Alimentos e Bebidas;(3 AND Corações AND S/A) OR (Anheuser-Busch AND InBev) OR (AB AND InBev) OR Bauducco OR Cargill OR (Coca-Cola AND FEMSA) OR Danone OR Diageo OR (General AND Mills) OR (Grupo AND Boticário) OR Heineken OR Henkel OR JBS OR Kimberly-Clark OR (Kraft AND Heinz) OR L'Oréal OR (Lindt AND Sprüngli AND Brasil) OR (Louis AND Vuitton) OR Natura OR Nestlé OR PepsiCo OR (Philip AND Morris AND International) OR (Red AND Bull) OR (The AND HEINEKEN AND Company) OR Unilever OR (Whirlpool AND Corporation);ambev;1;;https://www.linkedin.com/jobs/view/4449318324/;https://www.linkedin.com/jobs/view/4449318324/;On-site;Associate;06/08/2026;Osasco;São Paulo;SP;Região Sudeste;Brasil;América do Sul
20;Ambev;Supervisor(a) de Contas (Florianópolis/SC);Palhoça (SC);05/08 20:00;https://www.linkedin.com/jobs/view/4449793760/;https://media.licdn.com/dms/image/v2/D4E0BAQGehmQW7ITyRQ/company-logo_100_100/B4EZ.6DSqeKcAI-/0/1785532853302/ambev_logo?e=1787788800&v=beta&t=3oRiNvJozmO2lbRHhHNI8Tr9SCoVnU4QjJju8S8dSOI;Middle > Manager;https://www.linkedin.com/company/ambev/about/;Alimentos e Bebidas;(3 AND Corações AND S/A) OR (Anheuser-Busch AND InBev) OR (AB AND InBev) OR Bauducco OR Cargill OR (Coca-Cola AND FEMSA) OR Danone OR Diageo OR (General AND Mills) OR (Grupo AND Boticário) OR Heineken OR Henkel OR JBS OR Kimberly-Clark OR (Kraft AND Heinz) OR L'Oréal OR (Lindt AND Sprüngli AND Brasil) OR (Louis AND Vuitton) OR Natura OR Nestlé OR PepsiCo OR (Philip AND Morris AND International) OR (Red AND Bull) OR (The AND HEINEKEN AND Company) OR Unilever OR (Whirlpool AND Corporation);ambev;1;;https://www.linkedin.com/jobs/view/4449793760/;https://www.linkedin.com/jobs/view/4449793760/;On-site;Mid, Liderança/Gerência;06/08/2026;Palhoça;Santa Catarina;SC;Região Sul;Brasil;América do Sul
21;Ambev;Supervisor(a) de Contas - Canal OFF Trade (FLORIANOPOLIS/SC);Palhoça (SC);05/08 20:00;https://www.linkedin.com/jobs/view/4449319324/;https://media.licdn.com/dms/image/v2/D4E0BAQGehmQW7ITyRQ/company-logo_100_100/B4EZ.6DSqeKcAI-/0/1785532853302/ambev_logo?e=1787788800&v=beta&t=3oRiNvJozmO2lbRHhHNI8Tr9SCoVnU4QjJju8S8dSOI;Middle > Manager;https://www.linkedin.com/company/ambev/about/;Alimentos e Bebidas;(3 AND Corações AND S/A) OR (Anheuser-Busch AND InBev) OR (AB AND InBev) OR Bauducco OR Cargill OR (Coca-Cola AND FEMSA) OR Danone OR Diageo OR (General AND Mills) OR (Grupo AND Boticário) OR Heineken OR Henkel OR JBS OR Kimberly-Clark OR (Kraft AND Heinz) OR L'Oréal OR (Lindt AND Sprüngli AND Brasil) OR (Louis AND Vuitton) OR Natura OR Nestlé OR PepsiCo OR (Philip AND Morris AND International) OR (Red AND Bull) OR (The AND HEINEKEN AND Company) OR Unilever OR (Whirlpool AND Corporation);ambev;1;;https://www.linkedin.com/jobs/view/4449319324/;https://www.linkedin.com/jobs/view/4449319324/;On-site;Mid, Liderança/Gerência;06/08/2026;Palhoça;Santa Catarina;SC;Região Sul;Brasil;América do Sul
22;Ambev;Analista Financeiro (CDD Pelotas/RS);Pelotas (RS);05/08 20:00;https://www.linkedin.com/jobs/view/4450005362/;https://media.licdn.com/dms/image/v2/D4E0BAQGehmQW7ITyRQ/company-logo_100_100/B4EZ.6DSqeKcAI-/0/1785532853302/ambev_logo?e=1787788800&v=beta&t=3oRiNvJozmO2lbRHhHNI8Tr9SCoVnU4QjJju8S8dSOI;Advanced > Specialist;https://www.linkedin.com/company/ambev/about/;Alimentos e Bebidas;(3 AND Corações AND S/A) OR (Anheuser-Busch AND InBev) OR (AB AND InBev) OR Bauducco OR Cargill OR (Coca-Cola AND FEMSA) OR Danone OR Diageo OR (General AND Mills) OR (Grupo AND Boticário) OR Heineken OR Henkel OR JBS OR Kimberly-Clark OR (Kraft AND Heinz) OR L'Oréal OR (Lindt AND Sprüngli AND Brasil) OR (Louis AND Vuitton) OR Natura OR Nestlé OR PepsiCo OR (Philip AND Morris AND International) OR (Red AND Bull) OR (The AND HEINEKEN AND Company) OR Unilever OR (Whirlpool AND Corporation);ambev;1;;https://www.linkedin.com/jobs/view/4450005362/;https://www.linkedin.com/jobs/view/4450005362/;On-site;Associate, Financeiro/Fiscal;06/08/2026;Pelotas;Rio Grande do Sul;RS;Região Sul;Brasil;América do Sul
23;Ambev;Aprendiz (CDD Petrópolis/RJ);Petrópolis (RJ);06/08 09:00;https://www.linkedin.com/jobs/view/4440299071/;https://media.licdn.com/dms/image/v2/D4E0BAQGehmQW7ITyRQ/company-logo_100_100/B4EZ.6DSqeKcAI-/0/1785532853302/ambev_logo?e=1787788800&v=beta&t=3oRiNvJozmO2lbRHhHNI8Tr9SCoVnU4QjJju8S8dSOI;-;https://www.linkedin.com/company/ambev/about/;Alimentos e Bebidas;(3 AND Corações AND S/A) OR (Anheuser-Busch AND InBev) OR (AB AND InBev) OR Bauducco OR Cargill OR (Coca-Cola AND FEMSA) OR Danone OR Diageo OR (General AND Mills) OR (Grupo AND Boticário) OR Heineken OR Henkel OR JBS OR Kimberly-Clark OR (Kraft AND Heinz) OR L'Oréal OR (Lindt AND Sprüngli AND Brasil) OR (Louis AND Vuitton) OR Natura OR Nestlé OR PepsiCo OR (Philip AND Morris AND International) OR (Red AND Bull) OR (The AND HEINEKEN AND Company) OR Unilever OR (Whirlpool AND Corporation);ambev;1;;https://www.linkedin.com/jobs/view/4440299071/;https://www.linkedin.com/jobs/view/4440299071/;On-site;Intern;06/08/2026;Petrópolis;Rio de Janeiro;RJ;Região Sudeste;Brasil;América do Sul
24;Ambev;Analista de Controle (CDD Pouso Alegre/MG);Pouso Alegre (MG);06/08 14:00;https://www.linkedin.com/jobs/view/4449759635/;https://media.licdn.com/dms/image/v2/D4E0BAQGehmQW7ITyRQ/company-logo_100_100/B4EZ.6DSqeKcAI-/0/1785532853302/ambev_logo?e=1787788800&v=beta&t=3oRiNvJozmO2lbRHhHNI8Tr9SCoVnU4QjJju8S8dSOI;Advanced > Specialist;https://www.linkedin.com/company/ambev/about/;Alimentos e Bebidas;(3 AND Corações AND S/A) OR (Anheuser-Busch AND InBev) OR (AB AND InBev) OR Bauducco OR Cargill OR (Coca-Cola AND FEMSA) OR Danone OR Diageo OR (General AND Mills) OR (Grupo AND Boticário) OR Heineken OR Henkel OR JBS OR Kimberly-Clark OR (Kraft AND Heinz) OR L'Oréal OR (Lindt AND Sprüngli AND Brasil) OR (Louis AND Vuitton) OR Natura OR Nestlé OR PepsiCo OR (Philip AND Morris AND International) OR (Red AND Bull) OR (The AND HEINEKEN AND Company) OR Unilever OR (Whirlpool AND Corporation);ambev;1;;https://www.linkedin.com/jobs/view/4449759635/;https://www.linkedin.com/jobs/view/4449759635/;On-site;Associate;06/08/2026;Pouso Alegre;Minas Gerais;MG;Região Sudeste;Brasil;América do Sul
25;Ambev;Aprendiz (Centro de Inovações e Tecnologia - Ilha do Fundão RJ);Rio de Janeiro (RJ);06/08 09:00;https://www.linkedin.com/jobs/view/4413155985/;https://media.licdn.com/dms/image/v2/D4E0BAQGehmQW7ITyRQ/company-logo_100_100/B4EZ.6DSqeKcAI-/0/1785532853302/ambev_logo?e=1787788800&v=beta&t=3oRiNvJozmO2lbRHhHNI8Tr9SCoVnU4QjJju8S8dSOI;-;https://www.linkedin.com/company/ambev/about/;Alimentos e Bebidas;(3 AND Corações AND S/A) OR (Anheuser-Busch AND InBev) OR (AB AND InBev) OR Bauducco OR Cargill OR (Coca-Cola AND FEMSA) OR Danone OR Diageo OR (General AND Mills) OR (Grupo AND Boticário) OR Heineken OR Henkel OR JBS OR Kimberly-Clark OR (Kraft AND Heinz) OR L'Oréal OR (Lindt AND Sprüngli AND Brasil) OR (Louis AND Vuitton) OR Natura OR Nestlé OR PepsiCo OR (Philip AND Morris AND International) OR (Red AND Bull) OR (The AND HEINEKEN AND Company) OR Unilever OR (Whirlpool AND Corporation);ambev;1;;https://www.linkedin.com/jobs/view/4413155985/;https://www.linkedin.com/jobs/view/4413155985/;On-site;Intern, TI/Tech, Inovação/P&D;06/08/2026;Rio de Janeiro;Rio de Janeiro;RJ;Região Sudeste;Brasil;América do Sul
26;Ambev;Analista de Vendas (CDD Santa Cruz do Sul/RS);Santa Cruz do Sul (RS);05/08 20:00;https://www.linkedin.com/jobs/view/4450007187/;https://media.licdn.com/dms/image/v2/D4E0BAQGehmQW7ITyRQ/company-logo_100_100/B4EZ.6DSqeKcAI-/0/1785532853302/ambev_logo?e=1787788800&v=beta&t=3oRiNvJozmO2lbRHhHNI8Tr9SCoVnU4QjJju8S8dSOI;Advanced > Specialist;https://www.linkedin.com/company/ambev/about/;Alimentos e Bebidas;(3 AND Corações AND S/A) OR (Anheuser-Busch AND InBev) OR (AB AND InBev) OR Bauducco OR Cargill OR (Coca-Cola AND FEMSA) OR Danone OR Diageo OR (General AND Mills) OR (Grupo AND Boticário) OR Heineken OR Henkel OR JBS OR Kimberly-Clark OR (Kraft AND Heinz) OR L'Oréal OR (Lindt AND Sprüngli AND Brasil) OR (Louis AND Vuitton) OR Natura OR Nestlé OR PepsiCo OR (Philip AND Morris AND International) OR (Red AND Bull) OR (The AND HEINEKEN AND Company) OR Unilever OR (Whirlpool AND Corporation);ambev;1;;https://www.linkedin.com/jobs/view/4450007187/;https://www.linkedin.com/jobs/view/4450007187/;On-site;Associate, Vendas / Comercial;06/08/2026;Santa Cruz do Sul;Rio Grande do Sul;RS;Região Sul;Brasil;América do Sul
27;Ambev;Analista de Distribuição (CDD Suzano/SP);Suzano (SP);06/08 14:00;https://www.linkedin.com/jobs/view/4449771292/;https://media.licdn.com/dms/image/v2/D4E0BAQGehmQW7ITyRQ/company-logo_100_100/B4EZ.6DSqeKcAI-/0/1785532853302/ambev_logo?e=1787788800&v=beta&t=3oRiNvJozmO2lbRHhHNI8Tr9SCoVnU4QjJju8S8dSOI;Advanced > Specialist;https://www.linkedin.com/company/ambev/about/;Alimentos e Bebidas;(3 AND Corações AND S/A) OR (Anheuser-Busch AND InBev) OR (AB AND InBev) OR Bauducco OR Cargill OR (Coca-Cola AND FEMSA) OR Danone OR Diageo OR (General AND Mills) OR (Grupo AND Boticário) OR Heineken OR Henkel OR JBS OR Kimberly-Clark OR (Kraft AND Heinz) OR L'Oréal OR (Lindt AND Sprüngli AND Brasil) OR (Louis AND Vuitton) OR Natura OR Nestlé OR PepsiCo OR (Philip AND Morris AND International) OR (Red AND Bull) OR (The AND HEINEKEN AND Company) OR Unilever OR (Whirlpool AND Corporation);ambev;1;;https://www.linkedin.com/jobs/view/4449771292/;https://www.linkedin.com/jobs/view/4449771292/;On-site;Associate;06/08/2026;Suzano;São Paulo;SP;Região Sudeste;Brasil;América do Sul
28;Ambev;Aprendiz (São Gonçalo/RJ);São Gonçalo (RJ);06/08 10:00;https://www.linkedin.com/jobs/view/4440298067/;https://media.licdn.com/dms/image/v2/D4E0BAQGehmQW7ITyRQ/company-logo_100_100/B4EZ.6DSqeKcAI-/0/1785532853302/ambev_logo?e=1787788800&v=beta&t=3oRiNvJozmO2lbRHhHNI8Tr9SCoVnU4QjJju8S8dSOI;-;https://www.linkedin.com/company/ambev/about/;Alimentos e Bebidas;(3 AND Corações AND S/A) OR (Anheuser-Busch AND InBev) OR (AB AND InBev) OR Bauducco OR Cargill OR (Coca-Cola AND FEMSA) OR Danone OR Diageo OR (General AND Mills) OR (Grupo AND Boticário) OR Heineken OR Henkel OR JBS OR Kimberly-Clark OR (Kraft AND Heinz) OR L'Oréal OR (Lindt AND Sprüngli AND Brasil) OR (Louis AND Vuitton) OR Natura OR Nestlé OR PepsiCo OR (Philip AND Morris AND International) OR (Red AND Bull) OR (The AND HEINEKEN AND Company) OR Unilever OR (Whirlpool AND Corporation);ambev;1;;https://www.linkedin.com/jobs/view/4440298067/;https://www.linkedin.com/jobs/view/4440298067/;On-site;Intern;06/08/2026;São Gonçalo;Rio de Janeiro;RJ;Região Sudeste;Brasil;América do Sul
29;Ambev;Vendedor(a) Externo - Representante de Vendas (CDD Natal/RN);São José de Mipibu (RN);05/08 20:00;https://www.linkedin.com/jobs/view/4449315367/;https://media.licdn.com/dms/image/v2/D4E0BAQGehmQW7ITyRQ/company-logo_100_100/B4EZ.6DSqeKcAI-/0/1785532853302/ambev_logo?e=1787788800&v=beta&t=3oRiNvJozmO2lbRHhHNI8Tr9SCoVnU4QjJju8S8dSOI;-;https://www.linkedin.com/company/ambev/about/;Alimentos e Bebidas;(3 AND Corações AND S/A) OR (Anheuser-Busch AND InBev) OR (AB AND InBev) OR Bauducco OR Cargill OR (Coca-Cola AND FEMSA) OR Danone OR Diageo OR (General AND Mills) OR (Grupo AND Boticário) OR Heineken OR Henkel OR JBS OR Kimberly-Clark OR (Kraft AND Heinz) OR L'Oréal OR (Lindt AND Sprüngli AND Brasil) OR (Louis AND Vuitton) OR Natura OR Nestlé OR PepsiCo OR (Philip AND Morris AND International) OR (Red AND Bull) OR (The AND HEINEKEN AND Company) OR Unilever OR (Whirlpool AND Corporation);ambev;1;;https://www.linkedin.com/jobs/view/4449315367/;https://www.linkedin.com/jobs/view/4449315367/;On-site;Vendas / Comercial;06/08/2026;São José de Mipibu;Rio Grande do Norte;RN;Região Nordeste;Brasil;América do Sul
30;Ambev;Motorista manobrista (Transportadora Volta Redonda/RJ);Volta Redonda (RJ);05/08 20:00;https://www.linkedin.com/jobs/view/4449316392/;https://media.licdn.com/dms/image/v2/D4E0BAQGehmQW7ITyRQ/company-logo_100_100/B4EZ.6DSqeKcAI-/0/1785532853302/ambev_logo?e=1787788800&v=beta&t=3oRiNvJozmO2lbRHhHNI8Tr9SCoVnU4QjJju8S8dSOI;-;https://www.linkedin.com/company/ambev/about/;Alimentos e Bebidas;(3 AND Corações AND S/A) OR (Anheuser-Busch AND InBev) OR (AB AND InBev) OR Bauducco OR Cargill OR (Coca-Cola AND FEMSA) OR Danone OR Diageo OR (General AND Mills) OR (Grupo AND Boticário) OR Heineken OR Henkel OR JBS OR Kimberly-Clark OR (Kraft AND Heinz) OR L'Oréal OR (Lindt AND Sprüngli AND Brasil) OR (Louis AND Vuitton) OR Natura OR Nestlé OR PepsiCo OR (Philip AND Morris AND International) OR (Red AND Bull) OR (The AND HEINEKEN AND Company) OR Unilever OR (Whirlpool AND Corporation);ambev;1;;https://www.linkedin.com/jobs/view/4449316392/;https://www.linkedin.com/jobs/view/4449316392/;On-site;-;06/08/2026;;Rio de Janeiro;RJ;Região Sudeste;Brasil;América do Sul
31;Bauducco;VENDEDOR (FERISTA) - BELO HORIZONTE E REGIÃO METROPOLITANA;Belo Horizonte (MG);05/08 20:00;https://www.linkedin.com/jobs/view/4448062563/;https://media.licdn.com/dms/image/v2/D4D0BAQGYFEIRRYIYhA/company-logo_100_100/company-logo_100_100/0/1695663228128/bauducco_logo?e=1787788800&v=beta&t=6z2KbaHds1tMYnGIznHadxR1I1dRb-GcKXXyctuH1wM;-;https://www.linkedin.com/company/bauducco/about/;Software e Serviços de TI;(3 AND Corações AND S/A) OR (Anheuser-Busch AND InBev) OR (AB AND InBev) OR Bauducco OR Cargill OR (Coca-Cola AND FEMSA) OR Danone OR Diageo OR (General AND Mills) OR (Grupo AND Boticário) OR Heineken OR Henkel OR JBS OR Kimberly-Clark OR (Kraft AND Heinz) OR L'Oréal OR (Lindt AND Sprüngli AND Brasil) OR (Louis AND Vuitton) OR Natura OR Nestlé OR PepsiCo OR (Philip AND Morris AND International) OR (Red AND Bull) OR (The AND HEINEKEN AND Company) OR Unilever OR (Whirlpool AND Corporation);bauducco;1;;https://www.linkedin.com/jobs/view/4448062563/;https://www.linkedin.com/jobs/view/4448062563/;On-site;Vendas / Comercial;06/08/2026;Belo Horizonte;Minas Gerais;MG;Região Sudeste;Brasil;América do Sul
32;Bauducco;ANALISTA DE GARANTIA DA QUALIDADE SR - EXTREMA MG;Extrema (MG);06/08 19:00;https://www.linkedin.com/jobs/view/4448481286/;https://media.licdn.com/dms/image/v2/D4D0BAQGYFEIRRYIYhA/company-logo_100_100/company-logo_100_100/0/1695663228128/bauducco_logo?e=1787788800&v=beta&t=6z2KbaHds1tMYnGIznHadxR1I1dRb-GcKXXyctuH1wM;Advanced > Specialist;https://www.linkedin.com/company/bauducco/about/;Software e Serviços de TI;(3 AND Corações AND S/A) OR (Anheuser-Busch AND InBev) OR (AB AND InBev) OR Bauducco OR Cargill OR (Coca-Cola AND FEMSA) OR Danone OR Diageo OR (General AND Mills) OR (Grupo AND Boticário) OR Heineken OR Henkel OR JBS OR Kimberly-Clark OR (Kraft AND Heinz) OR L'Oréal OR (Lindt AND Sprüngli AND Brasil) OR (Louis AND Vuitton) OR Natura OR Nestlé OR PepsiCo OR (Philip AND Morris AND International) OR (Red AND Bull) OR (The AND HEINEKEN AND Company) OR Unilever OR (Whirlpool AND Corporation);bauducco;1;;https://www.linkedin.com/jobs/view/4448481286/;https://www.linkedin.com/jobs/view/4448481286/;On-site;Senior, Associate;06/08/2026;Extrema;Minas Gerais;MG;Região Sudeste;Brasil;América do Sul
33;Bel Cosméticos;Consultor(a) de Vendas - Quiosque L'Oréal - Anália Franco;São Paulo (SP);06/08 19:00;https://www.linkedin.com/jobs/view/4448472866/;https://media.licdn.com/dms/image/v2/D4E0BAQFU8gejBNnjhA/company-logo_100_100/B4EZ4dQAOYG8AI-/0/1778607195287?e=1787788800&v=beta&t=GdGKXcO2ttmWDldRNPQ_xU9bPLrdkq2rGx_V-B_lxJU;Advanced > Specialist;https://www.linkedin.com/company/bel-cosm-ticos/about/;Moda e Beleza;(3 AND Corações AND S/A) OR (Anheuser-Busch AND InBev) OR (AB AND InBev) OR Bauducco OR Cargill OR (Coca-Cola AND FEMSA) OR Danone OR Diageo OR (General AND Mills) OR (Grupo AND Boticário) OR Heineken OR Henkel OR JBS OR Kimberly-Clark OR (Kraft AND Heinz) OR L'Oréal OR (Lindt AND Sprüngli AND Brasil) OR (Louis AND Vuitton) OR Natura OR Nestlé OR PepsiCo OR (Philip AND Morris AND International) OR (Red AND Bull) OR (The AND HEINEKEN AND Company) OR Unilever OR (Whirlpool AND Corporation);bel cosméticos;1;;https://www.linkedin.com/jobs/view/4448472866/;https://www.linkedin.com/jobs/view/4448472866/;On-site;Consultor, Vendas / Comercial;06/08/2026;São Paulo;São Paulo;SP;Região Sudeste;Brasil;América do Sul
34;Cargill;Técnico(a) Florestal - Anápolis / GO;Anápolis (GO);05/08 21:00;https://www.linkedin.com/jobs/view/4448083029/;https://media.licdn.com/dms/image/v2/D560BAQE-JavwZhEueQ/company-logo_100_100/B56ZVIHolwGoAQ-/0/1740671715990/cargill_logo?e=1787788800&v=beta&t=XoGYMloAAskX5XoffOwtTQYkR69WKWtBXHXEMx35y-c;-;https://www.linkedin.com/company/cargill/about/;-;(3 AND Corações AND S/A) OR (Anheuser-Busch AND InBev) OR (AB AND InBev) OR Bauducco OR Cargill OR (Coca-Cola AND FEMSA) OR Danone OR Diageo OR (General AND Mills) OR (Grupo AND Boticário) OR Heineken OR Henkel OR JBS OR Kimberly-Clark OR (Kraft AND Heinz) OR L'Oréal OR (Lindt AND Sprüngli AND Brasil) OR (Louis AND Vuitton) OR Natura OR Nestlé OR PepsiCo OR (Philip AND Morris AND International) OR (Red AND Bull) OR (The AND HEINEKEN AND Company) OR Unilever OR (Whirlpool AND Corporation);cargill;1;;https://www.linkedin.com/jobs/view/4448083029/;https://www.linkedin.com/jobs/view/4448083029/;On-site;-;06/08/2026;Anápolis;Goiás;GO;Região Centro-Oeste;Brasil;América do Sul
35;Cargill;Assistente Recepção & Expedição - Vaga afirmativa PcD (Pessoa com Deficiência) - Cachoeira do Sul/RS;Cachoeira do Sul (RS);06/08 14:00;https://www.linkedin.com/jobs/view/4429459662/;https://media.licdn.com/dms/image/v2/D560BAQE-JavwZhEueQ/company-logo_100_100/B56ZVIHolwGoAQ-/0/1740671715990/cargill_logo?e=1787788800&v=beta&t=XoGYMloAAskX5XoffOwtTQYkR69WKWtBXHXEMx35y-c;-;https://www.linkedin.com/company/cargill/about/;Software e Serviços de TI;(3 AND Corações AND S/A) OR (Anheuser-Busch AND InBev) OR (AB AND InBev) OR Bauducco OR Cargill OR (Coca-Cola AND FEMSA) OR Danone OR Diageo OR (General AND Mills) OR (Grupo AND Boticário) OR Heineken OR Henkel OR JBS OR Kimberly-Clark OR (Kraft AND Heinz) OR L'Oréal OR (Lindt AND Sprüngli AND Brasil) OR (Louis AND Vuitton) OR Natura OR Nestlé OR PepsiCo OR (Philip AND Morris AND International) OR (Red AND Bull) OR (The AND HEINEKEN AND Company) OR Unilever OR (Whirlpool AND Corporation);cargill;1;;https://www.linkedin.com/jobs/view/4429459662/;https://www.linkedin.com/jobs/view/4429459662/;On-site;PCD / Afirmativa, Associate;06/08/2026;Cachoeira do Sul;Rio Grande do Sul;RS;Região Sul;Brasil;América do Sul
36;Cargill;Assistente Técnico Comercial - Bovinocultura de Corte;Campinas (SP);05/08 21:00;https://www.linkedin.com/jobs/view/4448079572/;https://media.licdn.com/dms/image/v2/D560BAQE-JavwZhEueQ/company-logo_100_100/B56ZVIHolwGoAQ-/0/1740671715990/cargill_logo?e=1787788800&v=beta&t=XoGYMloAAskX5XoffOwtTQYkR69WKWtBXHXEMx35y-c;-;https://www.linkedin.com/company/cargill/about/;Vendas e Suporte;(3 AND Corações AND S/A) OR (Anheuser-Busch AND InBev) OR (AB AND InBev) OR Bauducco OR Cargill OR (Coca-Cola AND FEMSA) OR Danone OR Diageo OR (General AND Mills) OR (Grupo AND Boticário) OR Heineken OR Henkel OR JBS OR Kimberly-Clark OR (Kraft AND Heinz) OR L'Oréal OR (Lindt AND Sprüngli AND Brasil) OR (Louis AND Vuitton) OR Natura OR Nestlé OR PepsiCo OR (Philip AND Morris AND International) OR (Red AND Bull) OR (The AND HEINEKEN AND Company) OR Unilever OR (Whirlpool AND Corporation);cargill;1;;https://www.linkedin.com/jobs/view/4448079572/;https://www.linkedin.com/jobs/view/4448079572/;On-site;Associate, Vendas / Comercial;06/08/2026;Campinas;São Paulo;SP;Região Sudeste;Brasil;América do Sul
37;Cargill;Operador(a) III (Utilidades) - Castro/PR;Castro (PR);05/08 21:00;https://www.linkedin.com/jobs/view/4448062688/;https://media.licdn.com/dms/image/v2/D560BAQE-JavwZhEueQ/company-logo_100_100/B56ZVIHolwGoAQ-/0/1740671715990/cargill_logo?e=1787788800&v=beta&t=XoGYMloAAskX5XoffOwtTQYkR69WKWtBXHXEMx35y-c;-;https://www.linkedin.com/company/cargill/about/;Software e Serviços de TI;(3 AND Corações AND S/A) OR (Anheuser-Busch AND InBev) OR (AB AND InBev) OR Bauducco OR Cargill OR (Coca-Cola AND FEMSA) OR Danone OR Diageo OR (General AND Mills) OR (Grupo AND Boticário) OR Heineken OR Henkel OR JBS OR Kimberly-Clark OR (Kraft AND Heinz) OR L'Oréal OR (Lindt AND Sprüngli AND Brasil) OR (Louis AND Vuitton) OR Natura OR Nestlé OR PepsiCo OR (Philip AND Morris AND International) OR (Red AND Bull) OR (The AND HEINEKEN AND Company) OR Unilever OR (Whirlpool AND Corporation);cargill;1;;https://www.linkedin.com/jobs/view/4448062688/;https://www.linkedin.com/jobs/view/4448062688/;On-site;-;06/08/2026;Castro;Paraná;PR;Região Sul;Brasil;América do Sul
38;Cargill;Auxiliar de Operações Logísticas - Chapecó/SC;Chapecó (SC);05/08 21:00;https://www.linkedin.com/jobs/view/4448070669/;https://media.licdn.com/dms/image/v2/D560BAQE-JavwZhEueQ/company-logo_100_100/B56ZVIHolwGoAQ-/0/1740671715990/cargill_logo?e=1787788800&v=beta&t=XoGYMloAAskX5XoffOwtTQYkR69WKWtBXHXEMx35y-c;-;https://www.linkedin.com/company/cargill/about/;Logística e Supply Chain;(3 AND Corações AND S/A) OR (Anheuser-Busch AND InBev) OR (AB AND InBev) OR Bauducco OR Cargill OR (Coca-Cola AND FEMSA) OR Danone OR Diageo OR (General AND Mills) OR (Grupo AND Boticário) OR Heineken OR Henkel OR JBS OR Kimberly-Clark OR (Kraft AND Heinz) OR L'Oréal OR (Lindt AND Sprüngli AND Brasil) OR (Louis AND Vuitton) OR Natura OR Nestlé OR PepsiCo OR (Philip AND Morris AND International) OR (Red AND Bull) OR (The AND HEINEKEN AND Company) OR Unilever OR (Whirlpool AND Corporation);cargill;1;;https://www.linkedin.com/jobs/view/4448070669/;https://www.linkedin.com/jobs/view/4448070669/;On-site;Associate, Logística/Supply;06/08/2026;Chapecó;Santa Catarina;SC;Região Sul;Brasil;América do Sul
39;Cargill;Assistente Técnico Comercial - Bovinocultura de Corte;Cuiabá (MT);05/08 21:00;https://www.linkedin.com/jobs/view/4448082496/;https://media.licdn.com/dms/image/v2/D560BAQE-JavwZhEueQ/company-logo_100_100/B56ZVIHolwGoAQ-/0/1740671715990/cargill_logo?e=1787788800&v=beta&t=XoGYMloAAskX5XoffOwtTQYkR69WKWtBXHXEMx35y-c;-;https://www.linkedin.com/company/cargill/about/;Vendas e Suporte;(3 AND Corações AND S/A) OR (Anheuser-Busch AND InBev) OR (AB AND InBev) OR Bauducco OR Cargill OR (Coca-Cola AND FEMSA) OR Danone OR Diageo OR (General AND Mills) OR (Grupo AND Boticário) OR Heineken OR Henkel OR JBS OR Kimberly-Clark OR (Kraft AND Heinz) OR L'Oréal OR (Lindt AND Sprüngli AND Brasil) OR (Louis AND Vuitton) OR Natura OR Nestlé OR PepsiCo OR (Philip AND Morris AND International) OR (Red AND Bull) OR (The AND HEINEKEN AND Company) OR Unilever OR (Whirlpool AND Corporation);cargill;1;;https://www.linkedin.com/jobs/view/4448082496/;https://www.linkedin.com/jobs/view/4448082496/;On-site;Associate, Vendas / Comercial;06/08/2026;Cuiabá;Mato Grosso;MT;Região Centro-Oeste;Brasil;América do Sul
40;Cargill;Supervisor(a) EHS - Primavera do Leste/MT;Primavera do Leste (MT);05/08 21:00;https://www.linkedin.com/jobs/view/4448078607/;https://media.licdn.com/dms/image/v2/D560BAQE-JavwZhEueQ/company-logo_100_100/B56ZVIHolwGoAQ-/0/1740671715990/cargill_logo?e=1787788800&v=beta&t=XoGYMloAAskX5XoffOwtTQYkR69WKWtBXHXEMx35y-c;Middle > Manager;https://www.linkedin.com/company/cargill/about/;-;(3 AND Corações AND S/A) OR (Anheuser-Busch AND InBev) OR (AB AND InBev) OR Bauducco OR Cargill OR (Coca-Cola AND FEMSA) OR Danone OR Diageo OR (General AND Mills) OR (Grupo AND Boticário) OR Heineken OR Henkel OR JBS OR Kimberly-Clark OR (Kraft AND Heinz) OR L'Oréal OR (Lindt AND Sprüngli AND Brasil) OR (Louis AND Vuitton) OR Natura OR Nestlé OR PepsiCo OR (Philip AND Morris AND International) OR (Red AND Bull) OR (The AND HEINEKEN AND Company) OR Unilever OR (Whirlpool AND Corporation);cargill;1;;https://www.linkedin.com/jobs/view/4448078607/;https://www.linkedin.com/jobs/view/4448078607/;On-site;Mid, Liderança/Gerência;06/08/2026;Primavera do Leste;Mato Grosso;MT;Região Centro-Oeste;Brasil;América do Sul
41;Cargill;Técnico(a) Florestal - Rio Verde / GO;Rio Verde (GO);05/08 21:00;https://www.linkedin.com/jobs/view/4448062686/;https://media.licdn.com/dms/image/v2/D560BAQE-JavwZhEueQ/company-logo_100_100/B56ZVIHolwGoAQ-/0/1740671715990/cargill_logo?e=1787788800&v=beta&t=XoGYMloAAskX5XoffOwtTQYkR69WKWtBXHXEMx35y-c;-;https://www.linkedin.com/company/cargill/about/;-;(3 AND Corações AND S/A) OR (Anheuser-Busch AND InBev) OR (AB AND InBev) OR Bauducco OR Cargill OR (Coca-Cola AND FEMSA) OR Danone OR Diageo OR (General AND Mills) OR (Grupo AND Boticário) OR Heineken OR Henkel OR JBS OR Kimberly-Clark OR (Kraft AND Heinz) OR L'Oréal OR (Lindt AND Sprüngli AND Brasil) OR (Louis AND Vuitton) OR Natura OR Nestlé OR PepsiCo OR (Philip AND Morris AND International) OR (Red AND Bull) OR (The AND HEINEKEN AND Company) OR Unilever OR (Whirlpool AND Corporation);cargill;1;;https://www.linkedin.com/jobs/view/4448062686/;https://www.linkedin.com/jobs/view/4448062686/;On-site;-;06/08/2026;Rio Verde;Goiás;GO;Região Centro-Oeste;Brasil;América do Sul
42;Cargill;Analista Financeiro - Investment Banking - São Paulo/SP;São Paulo (SP);06/08 15:00;https://www.linkedin.com/jobs/view/4448453424/;https://media.licdn.com/dms/image/v2/D560BAQE-JavwZhEueQ/company-logo_100_100/B56ZVIHolwGoAQ-/0/1740671715990/cargill_logo?e=1787788800&v=beta&t=XoGYMloAAskX5XoffOwtTQYkR69WKWtBXHXEMx35y-c;Advanced > Specialist;https://www.linkedin.com/company/cargill/about/;Serviços Financeiros;(3 AND Corações AND S/A) OR (Anheuser-Busch AND InBev) OR (AB AND InBev) OR Bauducco OR Cargill OR (Coca-Cola AND FEMSA) OR Danone OR Diageo OR (General AND Mills) OR (Grupo AND Boticário) OR Heineken OR Henkel OR JBS OR Kimberly-Clark OR (Kraft AND Heinz) OR L'Oréal OR (Lindt AND Sprüngli AND Brasil) OR (Louis AND Vuitton) OR Natura OR Nestlé OR PepsiCo OR (Philip AND Morris AND International) OR (Red AND Bull) OR (The AND HEINEKEN AND Company) OR Unilever OR (Whirlpool AND Corporation);cargill;1;;https://www.linkedin.com/jobs/view/4448453424/;https://www.linkedin.com/jobs/view/4448453424/;On-site;Associate, Financeiro/Fiscal;06/08/2026;São Paulo;São Paulo;SP;Região Sudeste;Brasil;América do Sul
43;Cargill;Analyst, Spend & Market Analysis - Uberlândia/MG or São Paulo/SP;São Paulo (SP);05/08 21:00;https://www.linkedin.com/jobs/view/4448081537/;https://media.licdn.com/dms/image/v2/D560BAQE-JavwZhEueQ/company-logo_100_100/B56ZVIHolwGoAQ-/0/1740671715990/cargill_logo?e=1787788800&v=beta&t=XoGYMloAAskX5XoffOwtTQYkR69WKWtBXHXEMx35y-c;Advanced > Specialist;https://www.linkedin.com/company/cargill/about/;Transporte e Mobilidade;(3 AND Corações AND S/A) OR (Anheuser-Busch AND InBev) OR (AB AND InBev) OR Bauducco OR Cargill OR (Coca-Cola AND FEMSA) OR Danone OR Diageo OR (General AND Mills) OR (Grupo AND Boticário) OR Heineken OR Henkel OR JBS OR Kimberly-Clark OR (Kraft AND Heinz) OR L'Oréal OR (Lindt AND Sprüngli AND Brasil) OR (Louis AND Vuitton) OR Natura OR Nestlé OR PepsiCo OR (Philip AND Morris AND International) OR (Red AND Bull) OR (The AND HEINEKEN AND Company) OR Unilever OR (Whirlpool AND Corporation);cargill;1;;https://www.linkedin.com/jobs/view/4448081537/;https://www.linkedin.com/jobs/view/4448081537/;Remote;-;06/08/2026;São Paulo;São Paulo;SP;Região Sudeste;Brasil;América do Sul
44;Cargill;Auxiliar de Operações - Itapira/SP;São Paulo (SP);06/08 14:00;https://www.linkedin.com/jobs/view/4438427065/;https://media.licdn.com/dms/image/v2/D560BAQE-JavwZhEueQ/company-logo_100_100/B56ZVIHolwGoAQ-/0/1740671715990/cargill_logo?e=1787788800&v=beta&t=XoGYMloAAskX5XoffOwtTQYkR69WKWtBXHXEMx35y-c;-;https://www.linkedin.com/company/cargill/about/;Software e Serviços de TI;(3 AND Corações AND S/A) OR (Anheuser-Busch AND InBev) OR (AB AND InBev) OR Bauducco OR Cargill OR (Coca-Cola AND FEMSA) OR Danone OR Diageo OR (General AND Mills) OR (Grupo AND Boticário) OR Heineken OR Henkel OR JBS OR Kimberly-Clark OR (Kraft AND Heinz) OR L'Oréal OR (Lindt AND Sprüngli AND Brasil) OR (Louis AND Vuitton) OR Natura OR Nestlé OR PepsiCo OR (Philip AND Morris AND International) OR (Red AND Bull) OR (The AND HEINEKEN AND Company) OR Unilever OR (Whirlpool AND Corporation);cargill;1;;https://www.linkedin.com/jobs/view/4438427065/;https://www.linkedin.com/jobs/view/4438427065/;On-site;Associate;06/08/2026;São Paulo;São Paulo;SP;Região Sudeste;Brasil;América do Sul
45;Cargill;Auxiliar de Operações - Itapira/SP;São Paulo (SP);06/08 14:00;https://www.linkedin.com/jobs/view/4438417670/;https://media.licdn.com/dms/image/v2/D560BAQE-JavwZhEueQ/company-logo_100_100/B56ZVIHolwGoAQ-/0/1740671715990/cargill_logo?e=1787788800&v=beta&t=XoGYMloAAskX5XoffOwtTQYkR69WKWtBXHXEMx35y-c;-;https://www.linkedin.com/company/cargill/about/;Software e Serviços de TI;(3 AND Corações AND S/A) OR (Anheuser-Busch AND InBev) OR (AB AND InBev) OR Bauducco OR Cargill OR (Coca-Cola AND FEMSA) OR Danone OR Diageo OR (General AND Mills) OR (Grupo AND Boticário) OR Heineken OR Henkel OR JBS OR Kimberly-Clark OR (Kraft AND Heinz) OR L'Oréal OR (Lindt AND Sprüngli AND Brasil) OR (Louis AND Vuitton) OR Natura OR Nestlé OR PepsiCo OR (Philip AND Morris AND International) OR (Red AND Bull) OR (The AND HEINEKEN AND Company) OR Unilever OR (Whirlpool AND Corporation);cargill;1;;https://www.linkedin.com/jobs/view/4438417670/;https://www.linkedin.com/jobs/view/4438417670/;On-site;Associate;06/08/2026;São Paulo;São Paulo;SP;Região Sudeste;Brasil;América do Sul
46;Cargill;Auxiliar de Operações Logísticas - Itapira/SP;São Paulo (SP);05/08 21:00;https://www.linkedin.com/jobs/view/4448064691/;https://media.licdn.com/dms/image/v2/D560BAQE-JavwZhEueQ/company-logo_100_100/B56ZVIHolwGoAQ-/0/1740671715990/cargill_logo?e=1787788800&v=beta&t=XoGYMloAAskX5XoffOwtTQYkR69WKWtBXHXEMx35y-c;-;https://www.linkedin.com/company/cargill/about/;Logística e Supply Chain;(3 AND Corações AND S/A) OR (Anheuser-Busch AND InBev) OR (AB AND InBev) OR Bauducco OR Cargill OR (Coca-Cola AND FEMSA) OR Danone OR Diageo OR (General AND Mills) OR (Grupo AND Boticário) OR Heineken OR Henkel OR JBS OR Kimberly-Clark OR (Kraft AND Heinz) OR L'Oréal OR (Lindt AND Sprüngli AND Brasil) OR (Louis AND Vuitton) OR Natura OR Nestlé OR PepsiCo OR (Philip AND Morris AND International) OR (Red AND Bull) OR (The AND HEINEKEN AND Company) OR Unilever OR (Whirlpool AND Corporation);cargill;1;;https://www.linkedin.com/jobs/view/4448064691/;https://www.linkedin.com/jobs/view/4448064691/;On-site;Associate, Logística/Supply;06/08/2026;São Paulo;São Paulo;SP;Região Sudeste;Brasil;América do Sul
47;Cargill;Analyst, Spend & Market Analysis - Uberlândia/MG or São Paulo/SP;Uberlândia (MG);05/08 21:00;https://www.linkedin.com/jobs/view/4448085022/;https://media.licdn.com/dms/image/v2/D560BAQE-JavwZhEueQ/company-logo_100_100/B56ZVIHolwGoAQ-/0/1740671715990/cargill_logo?e=1787788800&v=beta&t=XoGYMloAAskX5XoffOwtTQYkR69WKWtBXHXEMx35y-c;Advanced > Specialist;https://www.linkedin.com/company/cargill/about/;Transporte e Mobilidade;(3 AND Corações AND S/A) OR (Anheuser-Busch AND InBev) OR (AB AND InBev) OR Bauducco OR Cargill OR (Coca-Cola AND FEMSA) OR Danone OR Diageo OR (General AND Mills) OR (Grupo AND Boticário) OR Heineken OR Henkel OR JBS OR Kimberly-Clark OR (Kraft AND Heinz) OR L'Oréal OR (Lindt AND Sprüngli AND Brasil) OR (Louis AND Vuitton) OR Natura OR Nestlé OR PepsiCo OR (Philip AND Morris AND International) OR (Red AND Bull) OR (The AND HEINEKEN AND Company) OR Unilever OR (Whirlpool AND Corporation);cargill;1;;https://www.linkedin.com/jobs/view/4448085022/;https://www.linkedin.com/jobs/view/4448085022/;Remote;-;06/08/2026;Uberlândia;Minas Gerais;MG;Região Sudeste;Brasil;América do Sul
48;Cargill;Auxiliar de Almoxarifado - Uberlândia/MG;Uberlândia (MG);06/08 15:00;https://www.linkedin.com/jobs/view/4448441605/;https://media.licdn.com/dms/image/v2/D560BAQE-JavwZhEueQ/company-logo_100_100/B56ZVIHolwGoAQ-/0/1740671715990/cargill_logo?e=1787788800&v=beta&t=XoGYMloAAskX5XoffOwtTQYkR69WKWtBXHXEMx35y-c;-;https://www.linkedin.com/company/cargill/about/;Transporte e Mobilidade;(3 AND Corações AND S/A) OR (Anheuser-Busch AND InBev) OR (AB AND InBev) OR Bauducco OR Cargill OR (Coca-Cola AND FEMSA) OR Danone OR Diageo OR (General AND Mills) OR (Grupo AND Boticário) OR Heineken OR Henkel OR JBS OR Kimberly-Clark OR (Kraft AND Heinz) OR L'Oréal OR (Lindt AND Sprüngli AND Brasil) OR (Louis AND Vuitton) OR Natura OR Nestlé OR PepsiCo OR (Philip AND Morris AND International) OR (Red AND Bull) OR (The AND HEINEKEN AND Company) OR Unilever OR (Whirlpool AND Corporation);cargill;1;;https://www.linkedin.com/jobs/view/4448441605/;https://www.linkedin.com/jobs/view/4448441605/;On-site;Associate;06/08/2026;Uberlândia;Minas Gerais;MG;Região Sudeste;Brasil;América do Sul
49;Coca-Cola FEMSA;VENDEDOR PL;Bragança (PA);06/08 19:00;https://www.linkedin.com/jobs/view/4450653420/;https://media.licdn.com/dms/image/v2/D4E0BAQHn7NefZ8twqQ/company-logo_100_100/B4EZ0sW3sGJEAQ-/0/1774565686492/coca_cola_femsa_logo?e=1787788800&v=beta&t=fnf19hWuJzETZHMC023qr7LHD6kR5pU07quUd2DTCXM;-;https://www.linkedin.com/company/coca-cola-femsa/about/;-;(3 AND Corações AND S/A) OR (Anheuser-Busch AND InBev) OR (AB AND InBev) OR Bauducco OR Cargill OR (Coca-Cola AND FEMSA) OR Danone OR Diageo OR (General AND Mills) OR (Grupo AND Boticário) OR Heineken OR Henkel OR JBS OR Kimberly-Clark OR (Kraft AND Heinz) OR L'Oréal OR (Lindt AND Sprüngli AND Brasil) OR (Louis AND Vuitton) OR Natura OR Nestlé OR PepsiCo OR (Philip AND Morris AND International) OR (Red AND Bull) OR (The AND HEINEKEN AND Company) OR Unilever OR (Whirlpool AND Corporation);coca-cola femsa;1;;https://www.linkedin.com/jobs/view/4450653420/;https://www.linkedin.com/jobs/view/4450653420/;On-site;Mid, Vendas / Comercial;06/08/2026;Bragança;Pará;PA;Região Norte;Brasil;América do Sul
50;Coca-Cola FEMSA;AUXILIAR DE ENTREGAS - AFIRMATIVA PCD;Guaratinguetá (SP);06/08 13:00;https://www.linkedin.com/jobs/view/4448450127/;https://media.licdn.com/dms/image/v2/D4E0BAQHn7NefZ8twqQ/company-logo_100_100/B4EZ0sW3sGJEAQ-/0/1774565686492/coca_cola_femsa_logo?e=1787788800&v=beta&t=fnf19hWuJzETZHMC023qr7LHD6kR5pU07quUd2DTCXM;-;https://www.linkedin.com/company/coca-cola-femsa/about/;Energia e Combustíveis;(3 AND Corações AND S/A) OR (Anheuser-Busch AND InBev) OR (AB AND InBev) OR Bauducco OR Cargill OR (Coca-Cola AND FEMSA) OR Danone OR Diageo OR (General AND Mills) OR (Grupo AND Boticário) OR Heineken OR Henkel OR JBS OR Kimberly-Clark OR (Kraft AND Heinz) OR L'Oréal OR (Lindt AND Sprüngli AND Brasil) OR (Louis AND Vuitton) OR Natura OR Nestlé OR PepsiCo OR (Philip AND Morris AND International) OR (Red AND Bull) OR (The AND HEINEKEN AND Company) OR Unilever OR (Whirlpool AND Corporation);coca-cola femsa;1;;https://www.linkedin.com/jobs/view/4448450127/;https://www.linkedin.com/jobs/view/4448450127/;On-site;PCD / Afirmativa, Associate;06/08/2026;Guaratinguetá;São Paulo;SP;Região Sudeste;Brasil;América do Sul
51;Coca-Cola FEMSA;Promotora (Afirmativa Mulheres);Santa Maria (RS);06/08 19:00;https://www.linkedin.com/jobs/view/4450649577/;https://media.licdn.com/dms/image/v2/D4E0BAQHn7NefZ8twqQ/company-logo_100_100/B4EZ0sW3sGJEAQ-/0/1774565686492/coca_cola_femsa_logo?e=1787788800&v=beta&t=fnf19hWuJzETZHMC023qr7LHD6kR5pU07quUd2DTCXM;-;https://www.linkedin.com/company/coca-cola-femsa/about/;Software e Serviços de TI;(3 AND Corações AND S/A) OR (Anheuser-Busch AND InBev) OR (AB AND InBev) OR Bauducco OR Cargill OR (Coca-Cola AND FEMSA) OR Danone OR Diageo OR (General AND Mills) OR (Grupo AND Boticário) OR Heineken OR Henkel OR JBS OR Kimberly-Clark OR (Kraft AND Heinz) OR L'Oréal OR (Lindt AND Sprüngli AND Brasil) OR (Louis AND Vuitton) OR Natura OR Nestlé OR PepsiCo OR (Philip AND Morris AND International) OR (Red AND Bull) OR (The AND HEINEKEN AND Company) OR Unilever OR (Whirlpool AND Corporation);coca-cola femsa;1;;https://www.linkedin.com/jobs/view/4450649577/;https://www.linkedin.com/jobs/view/4450649577/;On-site;PCD / Afirmativa;06/08/2026;Santa Maria;Rio Grande do Sul;RS;Região Sul;Brasil;América do Sul
52;Coca-Cola FEMSA;ANALISTA BP RH SUPPLY CHAIN PL;São Paulo (SP);05/08 20:00;https://www.linkedin.com/jobs/view/4448070392/;https://media.licdn.com/dms/image/v2/D4E0BAQHn7NefZ8twqQ/company-logo_100_100/B4EZ0sW3sGJEAQ-/0/1774565686492/coca_cola_femsa_logo?e=1787788800&v=beta&t=fnf19hWuJzETZHMC023qr7LHD6kR5pU07quUd2DTCXM;Advanced > Specialist;https://www.linkedin.com/company/coca-cola-femsa/about/;Logística e Supply Chain;(3 AND Corações AND S/A) OR (Anheuser-Busch AND InBev) OR (AB AND InBev) OR Bauducco OR Cargill OR (Coca-Cola AND FEMSA) OR Danone OR Diageo OR (General AND Mills) OR (Grupo AND Boticário) OR Heineken OR Henkel OR JBS OR Kimberly-Clark OR (Kraft AND Heinz) OR L'Oréal OR (Lindt AND Sprüngli AND Brasil) OR (Louis AND Vuitton) OR Natura OR Nestlé OR PepsiCo OR (Philip AND Morris AND International) OR (Red AND Bull) OR (The AND HEINEKEN AND Company) OR Unilever OR (Whirlpool AND Corporation);coca-cola femsa;1;;https://www.linkedin.com/jobs/view/4448070392/;https://www.linkedin.com/jobs/view/4448070392/;On-site;Mid, Associate, Logística/Supply;06/08/2026;São Paulo;São Paulo;SP;Região Sudeste;Brasil;América do Sul
53;Coca-Cola FEMSA;ANALISTA CONTACT CENTER PL;São Paulo (SP);06/08 19:00;https://www.linkedin.com/jobs/view/4450660055/;https://media.licdn.com/dms/image/v2/D4E0BAQHn7NefZ8twqQ/company-logo_100_100/B4EZ0sW3sGJEAQ-/0/1774565686492/coca_cola_femsa_logo?e=1787788800&v=beta&t=fnf19hWuJzETZHMC023qr7LHD6kR5pU07quUd2DTCXM;Advanced > Specialist;https://www.linkedin.com/company/coca-cola-femsa/about/;-;(3 AND Corações AND S/A) OR (Anheuser-Busch AND InBev) OR (AB AND InBev) OR Bauducco OR Cargill OR (Coca-Cola AND FEMSA) OR Danone OR Diageo OR (General AND Mills) OR (Grupo AND Boticário) OR Heineken OR Henkel OR JBS OR Kimberly-Clark OR (Kraft AND Heinz) OR L'Oréal OR (Lindt AND Sprüngli AND Brasil) OR (Louis AND Vuitton) OR Natura OR Nestlé OR PepsiCo OR (Philip AND Morris AND International) OR (Red AND Bull) OR (The AND HEINEKEN AND Company) OR Unilever OR (Whirlpool AND Corporation);coca-cola femsa;1;;https://www.linkedin.com/jobs/view/4450660055/;https://www.linkedin.com/jobs/view/4450660055/;On-site;Mid, Associate;06/08/2026;São Paulo;São Paulo;SP;Região Sudeste;Brasil;América do Sul
54;Coca-Cola FEMSA;ANALISTA FISCAL JR;São Paulo (SP);05/08 20:00;https://www.linkedin.com/jobs/view/4448063435/;https://media.licdn.com/dms/image/v2/D4E0BAQHn7NefZ8twqQ/company-logo_100_100/B4EZ0sW3sGJEAQ-/0/1774565686492/coca_cola_femsa_logo?e=1787788800&v=beta&t=fnf19hWuJzETZHMC023qr7LHD6kR5pU07quUd2DTCXM;Advanced > Specialist;https://www.linkedin.com/company/coca-cola-femsa/about/;-;(3 AND Corações AND S/A) OR (Anheuser-Busch AND InBev) OR (AB AND InBev) OR Bauducco OR Cargill OR (Coca-Cola AND FEMSA) OR Danone OR Diageo OR (General AND Mills) OR (Grupo AND Boticário) OR Heineken OR Henkel OR JBS OR Kimberly-Clark OR (Kraft AND Heinz) OR L'Oréal OR (Lindt AND Sprüngli AND Brasil) OR (Louis AND Vuitton) OR Natura OR Nestlé OR PepsiCo OR (Philip AND Morris AND International) OR (Red AND Bull) OR (The AND HEINEKEN AND Company) OR Unilever OR (Whirlpool AND Corporation);coca-cola femsa;1;;https://www.linkedin.com/jobs/view/4448063435/;https://www.linkedin.com/jobs/view/4448063435/;On-site;Junior, Associate, Financeiro/Fiscal;06/08/2026;São Paulo;São Paulo;SP;Região Sudeste;Brasil;América do Sul
55;Coca-Cola FEMSA;COORDENADOR (A) DE CULTURA & CLIMA;São Paulo (SP);05/08 20:00;https://www.linkedin.com/jobs/view/4448060482/;https://media.licdn.com/dms/image/v2/D4E0BAQHn7NefZ8twqQ/company-logo_100_100/B4EZ0sW3sGJEAQ-/0/1774565686492/coca_cola_femsa_logo?e=1787788800&v=beta&t=fnf19hWuJzETZHMC023qr7LHD6kR5pU07quUd2DTCXM;Middle > Manager;https://www.linkedin.com/company/coca-cola-femsa/about/;-;(3 AND Corações AND S/A) OR (Anheuser-Busch AND InBev) OR (AB AND InBev) OR Bauducco OR Cargill OR (Coca-Cola AND FEMSA) OR Danone OR Diageo OR (General AND Mills) OR (Grupo AND Boticário) OR Heineken OR Henkel OR JBS OR Kimberly-Clark OR (Kraft AND Heinz) OR L'Oréal OR (Lindt AND Sprüngli AND Brasil) OR (Louis AND Vuitton) OR Natura OR Nestlé OR PepsiCo OR (Philip AND Morris AND International) OR (Red AND Bull) OR (The AND HEINEKEN AND Company) OR Unilever OR (Whirlpool AND Corporation);coca-cola femsa;1;;https://www.linkedin.com/jobs/view/4448060482/;https://www.linkedin.com/jobs/view/4448060482/;On-site;Mid, Liderança/Gerência;06/08/2026;São Paulo;São Paulo;SP;Região Sudeste;Brasil;América do Sul
56;Diageo;Executivo(a) de Vendas Jr - Off Trade Direto - Belo Horizonte/MG;Belo Horizonte (MG);05/08 20:00;https://www.linkedin.com/jobs/view/4450643963/;https://media.licdn.com/dms/image/v2/D4E0BAQGsTOqv8kvX_Q/company-logo_100_100/company-logo_100_100/0/1701422230739/diageo_logo?e=1787788800&v=beta&t=yAMM-f9_I43R-AB9xZ2mJeXYpUZV5ZK9bSqNwHo-5JQ;-;https://www.linkedin.com/company/diageo/about/;Software e Serviços de TI;(3 AND Corações AND S/A) OR (Anheuser-Busch AND InBev) OR (AB AND InBev) OR Bauducco OR Cargill OR (Coca-Cola AND FEMSA) OR Danone OR Diageo OR (General AND Mills) OR (Grupo AND Boticário) OR Heineken OR Henkel OR JBS OR Kimberly-Clark OR (Kraft AND Heinz) OR L'Oréal OR (Lindt AND Sprüngli AND Brasil) OR (Louis AND Vuitton) OR Natura OR Nestlé OR PepsiCo OR (Philip AND Morris AND International) OR (Red AND Bull) OR (The AND HEINEKEN AND Company) OR Unilever OR (Whirlpool AND Corporation);diageo;1;;https://www.linkedin.com/jobs/view/4450643963/;https://www.linkedin.com/jobs/view/4450643963/;On-site;Junior, Vendas / Comercial;06/08/2026;Belo Horizonte;Minas Gerais;MG;Região Sudeste;Brasil;América do Sul
57;Diageo;Consultor(a) On Trade - Brasília/DF;Goiás, Brasil;05/08 20:00;https://www.linkedin.com/jobs/view/4449923616/;https://media.licdn.com/dms/image/v2/D4E0BAQGsTOqv8kvX_Q/company-logo_100_100/company-logo_100_100/0/1701422230739/diageo_logo?e=1787788800&v=beta&t=yAMM-f9_I43R-AB9xZ2mJeXYpUZV5ZK9bSqNwHo-5JQ;Advanced > Specialist;https://www.linkedin.com/company/diageo/about/;-;(3 AND Corações AND S/A) OR (Anheuser-Busch AND InBev) OR (AB AND InBev) OR Bauducco OR Cargill OR (Coca-Cola AND FEMSA) OR Danone OR Diageo OR (General AND Mills) OR (Grupo AND Boticário) OR Heineken OR Henkel OR JBS OR Kimberly-Clark OR (Kraft AND Heinz) OR L'Oréal OR (Lindt AND Sprüngli AND Brasil) OR (Louis AND Vuitton) OR Natura OR Nestlé OR PepsiCo OR (Philip AND Morris AND International) OR (Red AND Bull) OR (The AND HEINEKEN AND Company) OR Unilever OR (Whirlpool AND Corporation);diageo;1;;https://www.linkedin.com/jobs/view/4449923616/;https://www.linkedin.com/jobs/view/4449923616/;On-site;Consultor;06/08/2026;;Goiás;GO;Região Centro-Oeste;Brasil;América do Sul
58;Diageo;Consultor(a) On Trade - Cuiabá/MT;Grande Cuiaba;05/08 20:00;https://www.linkedin.com/jobs/view/4449940147/;https://media.licdn.com/dms/image/v2/D4E0BAQGsTOqv8kvX_Q/company-logo_100_100/company-logo_100_100/0/1701422230739/diageo_logo?e=1787788800&v=beta&t=yAMM-f9_I43R-AB9xZ2mJeXYpUZV5ZK9bSqNwHo-5JQ;Advanced > Specialist;https://www.linkedin.com/company/diageo/about/;-;(3 AND Corações AND S/A) OR (Anheuser-Busch AND InBev) OR (AB AND InBev) OR Bauducco OR Cargill OR (Coca-Cola AND FEMSA) OR Danone OR Diageo OR (General AND Mills) OR (Grupo AND Boticário) OR Heineken OR Henkel OR JBS OR Kimberly-Clark OR (Kraft AND Heinz) OR L'Oréal OR (Lindt AND Sprüngli AND Brasil) OR (Louis AND Vuitton) OR Natura OR Nestlé OR PepsiCo OR (Philip AND Morris AND International) OR (Red AND Bull) OR (The AND HEINEKEN AND Company) OR Unilever OR (Whirlpool AND Corporation);diageo;1;;https://www.linkedin.com/jobs/view/4449940147/;https://www.linkedin.com/jobs/view/4449940147/;On-site;Consultor;06/08/2026;;Mato Grosso;MT;Região Centro-Oeste;Brasil;América do Sul
59;Digivets;AT Compras Sustentáveis – Altamira/PA – Cargill;Conceição do Mato Dentro (MG);05/08 22:00;https://www.linkedin.com/jobs/view/4448068802/;https://media.licdn.com/dms/image/v2/D4D0BAQFeC0AZ_7ldqg/company-logo_100_100/company-logo_100_100/0/1715368740745/digivets_logo?e=1787788800&v=beta&t=xY8-oEVDRD64J8inlZRfR2c_T2GG3yxEwz7UdGABSaI;-;https://www.linkedin.com/company/digivets/about/;-;(3 AND Corações AND S/A) OR (Anheuser-Busch AND InBev) OR (AB AND InBev) OR Bauducco OR Cargill OR (Coca-Cola AND FEMSA) OR Danone OR Diageo OR (General AND Mills) OR (Grupo AND Boticário) OR Heineken OR Henkel OR JBS OR Kimberly-Clark OR (Kraft AND Heinz) OR L'Oréal OR (Lindt AND Sprüngli AND Brasil) OR (Louis AND Vuitton) OR Natura OR Nestlé OR PepsiCo OR (Philip AND Morris AND International) OR (Red AND Bull) OR (The AND HEINEKEN AND Company) OR Unilever OR (Whirlpool AND Corporation);digivets;1;;https://www.linkedin.com/jobs/view/4448068802/;https://www.linkedin.com/jobs/view/4448068802/;On-site;-;06/08/2026;Conceição do Mato Dentro;Minas Gerais;MG;Região Sudeste;Brasil;América do Sul
60;Digivets;Vendedor Atacarejo (Cash & Carry) – São Paulo/SP – Cargill;Urupês (SP);05/08 22:00;https://www.linkedin.com/jobs/view/4448069768/;https://media.licdn.com/dms/image/v2/D4D0BAQFeC0AZ_7ldqg/company-logo_100_100/company-logo_100_100/0/1715368740745/digivets_logo?e=1787788800&v=beta&t=xY8-oEVDRD64J8inlZRfR2c_T2GG3yxEwz7UdGABSaI;-;https://www.linkedin.com/company/digivets/about/;-;(3 AND Corações AND S/A) OR (Anheuser-Busch AND InBev) OR (AB AND InBev) OR Bauducco OR Cargill OR (Coca-Cola AND FEMSA) OR Danone OR Diageo OR (General AND Mills) OR (Grupo AND Boticário) OR Heineken OR Henkel OR JBS OR Kimberly-Clark OR (Kraft AND Heinz) OR L'Oréal OR (Lindt AND Sprüngli AND Brasil) OR (Louis AND Vuitton) OR Natura OR Nestlé OR PepsiCo OR (Philip AND Morris AND International) OR (Red AND Bull) OR (The AND HEINEKEN AND Company) OR Unilever OR (Whirlpool AND Corporation);digivets;1;;https://www.linkedin.com/jobs/view/4448069768/;https://www.linkedin.com/jobs/view/4448069768/;On-site;Vendas / Comercial;06/08/2026;Urupês;São Paulo;SP;Região Sudeste;Brasil;América do Sul
61;General Mills;Analista de Melhoria de Processos Sênior;Pouso Alegre (MG);06/08 08:00;https://www.linkedin.com/jobs/view/4431897456/;https://media.licdn.com/dms/image/v2/C560BAQHyiELnRonDow/company-logo_100_100/company-logo_100_100/0/1631339395596?e=1787788800&v=beta&t=2m68ZhaNvoadbQY4kg1LUwnGPwhOSkGl93HdcywWWrQ;Advanced > Process & Automation;https://www.linkedin.com/company/general-mills/about/;-;(3 AND Corações AND S/A) OR (Anheuser-Busch AND InBev) OR (AB AND InBev) OR Bauducco OR Cargill OR (Coca-Cola AND FEMSA) OR Danone OR Diageo OR (General AND Mills) OR (Grupo AND Boticário) OR Heineken OR Henkel OR JBS OR Kimberly-Clark OR (Kraft AND Heinz) OR L'Oréal OR (Lindt AND Sprüngli AND Brasil) OR (Louis AND Vuitton) OR Natura OR Nestlé OR PepsiCo OR (Philip AND Morris AND International) OR (Red AND Bull) OR (The AND HEINEKEN AND Company) OR Unilever OR (Whirlpool AND Corporation);general mills;1;;https://www.linkedin.com/jobs/view/4431897456/;https://www.linkedin.com/jobs/view/4431897456/;On-site;Senior, Associate, Processos/Excelência;06/08/2026;Pouso Alegre;Minas Gerais;MG;Região Sudeste;Brasil;América do Sul
62;General Mills;Analista de Qualidade Sênior;Pouso Alegre (MG);06/08 07:00;https://www.linkedin.com/jobs/view/4429869266/;https://media.licdn.com/dms/image/v2/C560BAQHyiELnRonDow/company-logo_100_100/company-logo_100_100/0/1631339395596?e=1787788800&v=beta&t=2m68ZhaNvoadbQY4kg1LUwnGPwhOSkGl93HdcywWWrQ;Advanced > Specialist;https://www.linkedin.com/company/general-mills/about/;-;(3 AND Corações AND S/A) OR (Anheuser-Busch AND InBev) OR (AB AND InBev) OR Bauducco OR Cargill OR (Coca-Cola AND FEMSA) OR Danone OR Diageo OR (General AND Mills) OR (Grupo AND Boticário) OR Heineken OR Henkel OR JBS OR Kimberly-Clark OR (Kraft AND Heinz) OR L'Oréal OR (Lindt AND Sprüngli AND Brasil) OR (Louis AND Vuitton) OR Natura OR Nestlé OR PepsiCo OR (Philip AND Morris AND International) OR (Red AND Bull) OR (The AND HEINEKEN AND Company) OR Unilever OR (Whirlpool AND Corporation);general mills;1;;https://www.linkedin.com/jobs/view/4429869266/;https://www.linkedin.com/jobs/view/4429869266/;On-site;Senior, Associate;06/08/2026;Pouso Alegre;Minas Gerais;MG;Região Sudeste;Brasil;América do Sul
63;General Mills;Analista de Recursos Humanos Junior;Pouso Alegre (MG);06/08 07:00;https://www.linkedin.com/jobs/view/4438431320/;https://media.licdn.com/dms/image/v2/C560BAQHyiELnRonDow/company-logo_100_100/company-logo_100_100/0/1631339395596?e=1787788800&v=beta&t=2m68ZhaNvoadbQY4kg1LUwnGPwhOSkGl93HdcywWWrQ;People;https://www.linkedin.com/company/general-mills/about/;Recursos Humanos;(3 AND Corações AND S/A) OR (Anheuser-Busch AND InBev) OR (AB AND InBev) OR Bauducco OR Cargill OR (Coca-Cola AND FEMSA) OR Danone OR Diageo OR (General AND Mills) OR (Grupo AND Boticário) OR Heineken OR Henkel OR JBS OR Kimberly-Clark OR (Kraft AND Heinz) OR L'Oréal OR (Lindt AND Sprüngli AND Brasil) OR (Louis AND Vuitton) OR Natura OR Nestlé OR PepsiCo OR (Philip AND Morris AND International) OR (Red AND Bull) OR (The AND HEINEKEN AND Company) OR Unilever OR (Whirlpool AND Corporation);general mills;1;;https://www.linkedin.com/jobs/view/4438431320/;https://www.linkedin.com/jobs/view/4438431320/;On-site;Junior, Associate;06/08/2026;Pouso Alegre;Minas Gerais;MG;Região Sudeste;Brasil;América do Sul
64;General Mills;Líder de Merchandising - Baixada Santista (Santos, São Vicente, Praia Grande, Guarujá);São Paulo (SP);06/08 07:00;https://www.linkedin.com/jobs/view/4438432270/;https://media.licdn.com/dms/image/v2/C560BAQHyiELnRonDow/company-logo_100_100/company-logo_100_100/0/1631339395596?e=1787788800&v=beta&t=2m68ZhaNvoadbQY4kg1LUwnGPwhOSkGl93HdcywWWrQ;-;https://www.linkedin.com/company/general-mills/about/;Software e Serviços de TI;(3 AND Corações AND S/A) OR (Anheuser-Busch AND InBev) OR (AB AND InBev) OR Bauducco OR Cargill OR (Coca-Cola AND FEMSA) OR Danone OR Diageo OR (General AND Mills) OR (Grupo AND Boticário) OR Heineken OR Henkel OR JBS OR Kimberly-Clark OR (Kraft AND Heinz) OR L'Oréal OR (Lindt AND Sprüngli AND Brasil) OR (Louis AND Vuitton) OR Natura OR Nestlé OR PepsiCo OR (Philip AND Morris AND International) OR (Red AND Bull) OR (The AND HEINEKEN AND Company) OR Unilever OR (Whirlpool AND Corporation);general mills;1;;https://www.linkedin.com/jobs/view/4438432270/;https://www.linkedin.com/jobs/view/4438432270/;On-site;Mid, Liderança/Gerência, Coach;06/08/2026;São Paulo;São Paulo;SP;Região Sudeste;Brasil;América do Sul
65;Grupo AT - O Boticário;CONSULTOR DE VENDAS DIGITAL;Tangará da Serra (MT);05/08 22:00;https://www.linkedin.com/jobs/view/4449958499/;https://media.licdn.com/dms/image/v2/D4D0BAQGsEiun1A_6qg/company-logo_100_100/B4DZ0hQOIwJQAQ-/0/1774379395301/grupo_at_franciosi_logo?e=1787788800&v=beta&t=RlkbRdt5gWqoEt18U3CzMBlq3MhP5VlpHJ9faEjPjz0;Advanced > Specialist;https://www.linkedin.com/company/grupo-at-o-botic-rio/about/;Moda e Beleza;(3 AND Corações AND S/A) OR (Anheuser-Busch AND InBev) OR (AB AND InBev) OR Bauducco OR Cargill OR (Coca-Cola AND FEMSA) OR Danone OR Diageo OR (General AND Mills) OR (Grupo AND Boticário) OR Heineken OR Henkel OR JBS OR Kimberly-Clark OR (Kraft AND Heinz) OR L'Oréal OR (Lindt AND Sprüngli AND Brasil) OR (Louis AND Vuitton) OR Natura OR Nestlé OR PepsiCo OR (Philip AND Morris AND International) OR (Red AND Bull) OR (The AND HEINEKEN AND Company) OR Unilever OR (Whirlpool AND Corporation);grupo at - o boticário;1;;https://www.linkedin.com/jobs/view/4449958499/;https://www.linkedin.com/jobs/view/4449958499/;On-site;Consultor, TI/Tech, Vendas / Comercial;06/08/2026;Tangará da Serra;Mato Grosso;MT;Região Centro-Oeste;Brasil;América do Sul
66;Grupo Nicósia - Franqueado O Boticário;Consultor(a) de Vendas Loja Caçador;Caçador (SC);05/08 22:00;https://www.linkedin.com/jobs/view/4449946543/;https://media.licdn.com/dms/image/v2/D4D0BAQGwQz-v8hdYkA/company-logo_100_100/B4DZu9ZF6WG8AQ-/0/1768409030693/grupo_nic_sia_franqueado_o_botic_rio_logo?e=1787788800&v=beta&t=duIqY7c4L-BV2yzh6BBoXEmdujICxJgwiKcoB6Ymk1I;Advanced > Specialist;https://www.linkedin.com/company/grupo-nic-sia-franqueado-o-botic-rio/about/;Moda e Beleza;(3 AND Corações AND S/A) OR (Anheuser-Busch AND InBev) OR (AB AND InBev) OR Bauducco OR Cargill OR (Coca-Cola AND FEMSA) OR Danone OR Diageo OR (General AND Mills) OR (Grupo AND Boticário) OR Heineken OR Henkel OR JBS OR Kimberly-Clark OR (Kraft AND Heinz) OR L'Oréal OR (Lindt AND Sprüngli AND Brasil) OR (Louis AND Vuitton) OR Natura OR Nestlé OR PepsiCo OR (Philip AND Morris AND International) OR (Red AND Bull) OR (The AND HEINEKEN AND Company) OR Unilever OR (Whirlpool AND Corporation);grupo nicósia - franqueado o boticário;1;;https://www.linkedin.com/jobs/view/4449946543/;https://www.linkedin.com/jobs/view/4449946543/;On-site;Consultor, Vendas / Comercial;06/08/2026;Caçador;Santa Catarina;SC;Região Sul;Brasil;América do Sul
67;Grupo Nicósia - Franqueado O Boticário;Consultor(a) de Vendas Quiosque Caçador;Caçador (SC);05/08 22:00;https://www.linkedin.com/jobs/view/4449957425/;https://media.licdn.com/dms/image/v2/D4D0BAQGwQz-v8hdYkA/company-logo_100_100/B4DZu9ZF6WG8AQ-/0/1768409030693/grupo_nic_sia_franqueado_o_botic_rio_logo?e=1787788800&v=beta&t=duIqY7c4L-BV2yzh6BBoXEmdujICxJgwiKcoB6Ymk1I;Advanced > Specialist;https://www.linkedin.com/company/grupo-nic-sia-franqueado-o-botic-rio/about/;Moda e Beleza;(3 AND Corações AND S/A) OR (Anheuser-Busch AND InBev) OR (AB AND InBev) OR Bauducco OR Cargill OR (Coca-Cola AND FEMSA) OR Danone OR Diageo OR (General AND Mills) OR (Grupo AND Boticário) OR Heineken OR Henkel OR JBS OR Kimberly-Clark OR (Kraft AND Heinz) OR L'Oréal OR (Lindt AND Sprüngli AND Brasil) OR (Louis AND Vuitton) OR Natura OR Nestlé OR PepsiCo OR (Philip AND Morris AND International) OR (Red AND Bull) OR (The AND HEINEKEN AND Company) OR Unilever OR (Whirlpool AND Corporation);grupo nicósia - franqueado o boticário;1;;https://www.linkedin.com/jobs/view/4449957425/;https://www.linkedin.com/jobs/view/4449957425/;On-site;Consultor, Vendas / Comercial;06/08/2026;Caçador;Santa Catarina;SC;Região Sul;Brasil;América do Sul
68;Henkel;Analista de Customer Service (Contrato Determinado - 6 meses);Brasil;06/08 19:00;https://www.linkedin.com/jobs/view/4450653457/;https://media.licdn.com/dms/image/v2/C4E0BAQG9iyngkPfUfQ/company-logo_100_100/company-logo_100_100/0/1645594778697/henkel_logo?e=1787788800&v=beta&t=MDVR2jNQmQ8O4uI78T_j4oF1mPUEgTNDDBgnvPMtJpI;Advanced > Specialist;https://www.linkedin.com/company/henkel/about/;-;(3 AND Corações AND S/A) OR (Anheuser-Busch AND InBev) OR (AB AND InBev) OR Bauducco OR Cargill OR (Coca-Cola AND FEMSA) OR Danone OR Diageo OR (General AND Mills) OR (Grupo AND Boticário) OR Heineken OR Henkel OR JBS OR Kimberly-Clark OR (Kraft AND Heinz) OR L'Oréal OR (Lindt AND Sprüngli AND Brasil) OR (Louis AND Vuitton) OR Natura OR Nestlé OR PepsiCo OR (Philip AND Morris AND International) OR (Red AND Bull) OR (The AND HEINEKEN AND Company) OR Unilever OR (Whirlpool AND Corporation);henkel;1;;https://www.linkedin.com/jobs/view/4450653457/;https://www.linkedin.com/jobs/view/4450653457/;Hybrid;Associate;06/08/2026;;;;;Brasil;América do Sul
69;Henkel;LATAM Supply Chain Controller;Brasil;06/08 08:00;https://www.linkedin.com/jobs/view/4441200918/;https://media.licdn.com/dms/image/v2/C4E0BAQG9iyngkPfUfQ/company-logo_100_100/company-logo_100_100/0/1645594778697/henkel_logo?e=1787788800&v=beta&t=MDVR2jNQmQ8O4uI78T_j4oF1mPUEgTNDDBgnvPMtJpI;-;https://www.linkedin.com/company/henkel/about/;Logística e Supply Chain;(3 AND Corações AND S/A) OR (Anheuser-Busch AND InBev) OR (AB AND InBev) OR Bauducco OR Cargill OR (Coca-Cola AND FEMSA) OR Danone OR Diageo OR (General AND Mills) OR (Grupo AND Boticário) OR Heineken OR Henkel OR JBS OR Kimberly-Clark OR (Kraft AND Heinz) OR L'Oréal OR (Lindt AND Sprüngli AND Brasil) OR (Louis AND Vuitton) OR Natura OR Nestlé OR PepsiCo OR (Philip AND Morris AND International) OR (Red AND Bull) OR (The AND HEINEKEN AND Company) OR Unilever OR (Whirlpool AND Corporation);henkel;1;;https://www.linkedin.com/jobs/view/4441200918/;https://www.linkedin.com/jobs/view/4441200918/;Hybrid;Logística/Supply;06/08/2026;;;;;Brasil;América do Sul
70;JBS;Mecânico de Manutenção I - JBS Novos Negócios | Biopower;Campo Verde (MT);06/08 12:00;https://www.linkedin.com/jobs/view/4438474660/;https://media.licdn.com/dms/image/v2/D4D0BAQGJtja_t-YixQ/company-logo_100_100/company-logo_100_100/0/1697452847932/jbs_logo?e=1787788800&v=beta&t=H7VurMAApS4BRtfMgFHGsNV5GM_kM5bXah3wc04lodE;-;https://www.linkedin.com/company/jbs/about/;-;(3 AND Corações AND S/A) OR (Anheuser-Busch AND InBev) OR (AB AND InBev) OR Bauducco OR Cargill OR (Coca-Cola AND FEMSA) OR Danone OR Diageo OR (General AND Mills) OR (Grupo AND Boticário) OR Heineken OR Henkel OR JBS OR Kimberly-Clark OR (Kraft AND Heinz) OR L'Oréal OR (Lindt AND Sprüngli AND Brasil) OR (Louis AND Vuitton) OR Natura OR Nestlé OR PepsiCo OR (Philip AND Morris AND International) OR (Red AND Bull) OR (The AND HEINEKEN AND Company) OR Unilever OR (Whirlpool AND Corporation);jbs;1;;https://www.linkedin.com/jobs/view/4438474660/;https://www.linkedin.com/jobs/view/4438474660/;On-site;Sustentação/O&M;06/08/2026;Campo Verde;Mato Grosso;MT;Região Centro-Oeste;Brasil;América do Sul
71;JBS;Operador de Máquinas e Equipamentos  - JBS Novos Negócios | Biopower;Campo Verde (MT);06/08 12:00;https://www.linkedin.com/jobs/view/4441244462/;https://media.licdn.com/dms/image/v2/D4D0BAQGJtja_t-YixQ/company-logo_100_100/company-logo_100_100/0/1697452847932/jbs_logo?e=1787788800&v=beta&t=H7VurMAApS4BRtfMgFHGsNV5GM_kM5bXah3wc04lodE;-;https://www.linkedin.com/company/jbs/about/;-;(3 AND Corações AND S/A) OR (Anheuser-Busch AND InBev) OR (AB AND InBev) OR Bauducco OR Cargill OR (Coca-Cola AND FEMSA) OR Danone OR Diageo OR (General AND Mills) OR (Grupo AND Boticário) OR Heineken OR Henkel OR JBS OR Kimberly-Clark OR (Kraft AND Heinz) OR L'Oréal OR (Lindt AND Sprüngli AND Brasil) OR (Louis AND Vuitton) OR Natura OR Nestlé OR PepsiCo OR (Philip AND Morris AND International) OR (Red AND Bull) OR (The AND HEINEKEN AND Company) OR Unilever OR (Whirlpool AND Corporation);jbs;1;;https://www.linkedin.com/jobs/view/4441244462/;https://www.linkedin.com/jobs/view/4441244462/;On-site;-;06/08/2026;Campo Verde;Mato Grosso;MT;Região Centro-Oeste;Brasil;América do Sul
72;JBS;Operador de Máquinas e Processos I - JBS Novos Negócios | Biopower;Campo Verde (MT);06/08 12:00;https://www.linkedin.com/jobs/view/4441240659/;https://media.licdn.com/dms/image/v2/D4D0BAQGJtja_t-YixQ/company-logo_100_100/company-logo_100_100/0/1697452847932/jbs_logo?e=1787788800&v=beta&t=H7VurMAApS4BRtfMgFHGsNV5GM_kM5bXah3wc04lodE;Advanced > Process & Automation;https://www.linkedin.com/company/jbs/about/;-;(3 AND Corações AND S/A) OR (Anheuser-Busch AND InBev) OR (AB AND InBev) OR Bauducco OR Cargill OR (Coca-Cola AND FEMSA) OR Danone OR Diageo OR (General AND Mills) OR (Grupo AND Boticário) OR Heineken OR Henkel OR JBS OR Kimberly-Clark OR (Kraft AND Heinz) OR L'Oréal OR (Lindt AND Sprüngli AND Brasil) OR (Louis AND Vuitton) OR Natura OR Nestlé OR PepsiCo OR (Philip AND Morris AND International) OR (Red AND Bull) OR (The AND HEINEKEN AND Company) OR Unilever OR (Whirlpool AND Corporation);jbs;1;;https://www.linkedin.com/jobs/view/4441240659/;https://www.linkedin.com/jobs/view/4441240659/;On-site;Processos/Excelência;06/08/2026;Campo Verde;Mato Grosso;MT;Região Centro-Oeste;Brasil;América do Sul
73;JBS;Promotor de Vendas - Capinzal/SC;Capinzal (SC);06/08 12:00;https://www.linkedin.com/jobs/view/4432853334/;https://media.licdn.com/dms/image/v2/D4D0BAQGJtja_t-YixQ/company-logo_100_100/company-logo_100_100/0/1697452847932/jbs_logo?e=1787788800&v=beta&t=H7VurMAApS4BRtfMgFHGsNV5GM_kM5bXah3wc04lodE;-;https://www.linkedin.com/company/jbs/about/;Vendas e Suporte;(3 AND Corações AND S/A) OR (Anheuser-Busch AND InBev) OR (AB AND InBev) OR Bauducco OR Cargill OR (Coca-Cola AND FEMSA) OR Danone OR Diageo OR (General AND Mills) OR (Grupo AND Boticário) OR Heineken OR Henkel OR JBS OR Kimberly-Clark OR (Kraft AND Heinz) OR L'Oréal OR (Lindt AND Sprüngli AND Brasil) OR (Louis AND Vuitton) OR Natura OR Nestlé OR PepsiCo OR (Philip AND Morris AND International) OR (Red AND Bull) OR (The AND HEINEKEN AND Company) OR Unilever OR (Whirlpool AND Corporation);jbs;1;;https://www.linkedin.com/jobs/view/4432853334/;https://www.linkedin.com/jobs/view/4432853334/;On-site;Vendas / Comercial;06/08/2026;Capinzal;Santa Catarina;SC;Região Sul;Brasil;América do Sul
74;JBS;Promotor de Vendas - Cruz Alta/RS;Cruz Alta (RS);06/08 12:00;https://www.linkedin.com/jobs/view/4438729237/;https://media.licdn.com/dms/image/v2/D4D0BAQGJtja_t-YixQ/company-logo_100_100/company-logo_100_100/0/1697452847932/jbs_logo?e=1787788800&v=beta&t=H7VurMAApS4BRtfMgFHGsNV5GM_kM5bXah3wc04lodE;-;https://www.linkedin.com/company/jbs/about/;Vendas e Suporte;(3 AND Corações AND S/A) OR (Anheuser-Busch AND InBev) OR (AB AND InBev) OR Bauducco OR Cargill OR (Coca-Cola AND FEMSA) OR Danone OR Diageo OR (General AND Mills) OR (Grupo AND Boticário) OR Heineken OR Henkel OR JBS OR Kimberly-Clark OR (Kraft AND Heinz) OR L'Oréal OR (Lindt AND Sprüngli AND Brasil) OR (Louis AND Vuitton) OR Natura OR Nestlé OR PepsiCo OR (Philip AND Morris AND International) OR (Red AND Bull) OR (The AND HEINEKEN AND Company) OR Unilever OR (Whirlpool AND Corporation);jbs;1;;https://www.linkedin.com/jobs/view/4438729237/;https://www.linkedin.com/jobs/view/4438729237/;On-site;Vendas / Comercial;06/08/2026;Cruz Alta;Rio Grande do Sul;RS;Região Sul;Brasil;América do Sul
75;JBS;Supervisor de Logística I Dourados MS;Dourados (MS);06/08 12:00;https://www.linkedin.com/jobs/view/4448416888/;https://media.licdn.com/dms/image/v2/D4D0BAQGJtja_t-YixQ/company-logo_100_100/company-logo_100_100/0/1697452847932/jbs_logo?e=1787788800&v=beta&t=H7VurMAApS4BRtfMgFHGsNV5GM_kM5bXah3wc04lodE;Middle > Manager;https://www.linkedin.com/company/jbs/about/;Logística e Supply Chain;(3 AND Corações AND S/A) OR (Anheuser-Busch AND InBev) OR (AB AND InBev) OR Bauducco OR Cargill OR (Coca-Cola AND FEMSA) OR Danone OR Diageo OR (General AND Mills) OR (Grupo AND Boticário) OR Heineken OR Henkel OR JBS OR Kimberly-Clark OR (Kraft AND Heinz) OR L'Oréal OR (Lindt AND Sprüngli AND Brasil) OR (Louis AND Vuitton) OR Natura OR Nestlé OR PepsiCo OR (Philip AND Morris AND International) OR (Red AND Bull) OR (The AND HEINEKEN AND Company) OR Unilever OR (Whirlpool AND Corporation);jbs;1;;https://www.linkedin.com/jobs/view/4448416888/;https://www.linkedin.com/jobs/view/4448416888/;On-site;Mid, Liderança/Gerência, Logística/Supply;06/08/2026;Dourados;Mato Grosso do Sul;MS;Região Centro-Oeste;Brasil;América do Sul
76;JBS;Analista de Contabilidade Jr (Tributos: IRPJ e CSLL);Grande São Paulo (SP) ;06/08 18:00;https://www.linkedin.com/jobs/view/4448468309/;https://media.licdn.com/dms/image/v2/D4D0BAQGJtja_t-YixQ/company-logo_100_100/company-logo_100_100/0/1697452847932/jbs_logo?e=1787788800&v=beta&t=H7VurMAApS4BRtfMgFHGsNV5GM_kM5bXah3wc04lodE;Advanced > Specialist;https://www.linkedin.com/company/jbs/about/;-;(3 AND Corações AND S/A) OR (Anheuser-Busch AND InBev) OR (AB AND InBev) OR Bauducco OR Cargill OR (Coca-Cola AND FEMSA) OR Danone OR Diageo OR (General AND Mills) OR (Grupo AND Boticário) OR Heineken OR Henkel OR JBS OR Kimberly-Clark OR (Kraft AND Heinz) OR L'Oréal OR (Lindt AND Sprüngli AND Brasil) OR (Louis AND Vuitton) OR Natura OR Nestlé OR PepsiCo OR (Philip AND Morris AND International) OR (Red AND Bull) OR (The AND HEINEKEN AND Company) OR Unilever OR (Whirlpool AND Corporation);jbs;1;;https://www.linkedin.com/jobs/view/4448468309/;https://www.linkedin.com/jobs/view/4448468309/;On-site;Junior, Associate;06/08/2026;;São Paulo;SP;Região Sudeste;Brasil;América do Sul
77;JBS;Assistente Comercial - Itajai;Itajaí (SC);06/08 12:00;https://www.linkedin.com/jobs/view/4438420620/;https://media.licdn.com/dms/image/v2/D4D0BAQGJtja_t-YixQ/company-logo_100_100/company-logo_100_100/0/1697452847932/jbs_logo?e=1787788800&v=beta&t=H7VurMAApS4BRtfMgFHGsNV5GM_kM5bXah3wc04lodE;-;https://www.linkedin.com/company/jbs/about/;Software e Serviços de TI;(3 AND Corações AND S/A) OR (Anheuser-Busch AND InBev) OR (AB AND InBev) OR Bauducco OR Cargill OR (Coca-Cola AND FEMSA) OR Danone OR Diageo OR (General AND Mills) OR (Grupo AND Boticário) OR Heineken OR Henkel OR JBS OR Kimberly-Clark OR (Kraft AND Heinz) OR L'Oréal OR (Lindt AND Sprüngli AND Brasil) OR (Louis AND Vuitton) OR Natura OR Nestlé OR PepsiCo OR (Philip AND Morris AND International) OR (Red AND Bull) OR (The AND HEINEKEN AND Company) OR Unilever OR (Whirlpool AND Corporation);jbs;1;;https://www.linkedin.com/jobs/view/4438420620/;https://www.linkedin.com/jobs/view/4438420620/;On-site;Associate, Vendas / Comercial;06/08/2026;Itajaí;Santa Catarina;SC;Região Sul;Brasil;América do Sul
78;JBS;Atendente de Loja - Swift | 14 de Dezembro (Loja Educadora);Jundiaí (SP);06/08 12:00;https://www.linkedin.com/jobs/view/4441494120/;https://media.licdn.com/dms/image/v2/D4D0BAQGJtja_t-YixQ/company-logo_100_100/company-logo_100_100/0/1697452847932/jbs_logo?e=1787788800&v=beta&t=H7VurMAApS4BRtfMgFHGsNV5GM_kM5bXah3wc04lodE;-;https://www.linkedin.com/company/jbs/about/;Varejo e E-commerce;(3 AND Corações AND S/A) OR (Anheuser-Busch AND InBev) OR (AB AND InBev) OR Bauducco OR Cargill OR (Coca-Cola AND FEMSA) OR Danone OR Diageo OR (General AND Mills) OR (Grupo AND Boticário) OR Heineken OR Henkel OR JBS OR Kimberly-Clark OR (Kraft AND Heinz) OR L'Oréal OR (Lindt AND Sprüngli AND Brasil) OR (Louis AND Vuitton) OR Natura OR Nestlé OR PepsiCo OR (Philip AND Morris AND International) OR (Red AND Bull) OR (The AND HEINEKEN AND Company) OR Unilever OR (Whirlpool AND Corporation);jbs;1;;https://www.linkedin.com/jobs/view/4441494120/;https://www.linkedin.com/jobs/view/4441494120/;On-site;-;06/08/2026;Jundiaí;São Paulo;SP;Região Sudeste;Brasil;América do Sul
79;JBS;Atendente de Loja - Swift | Savegnago 48 Limeira;Limeira (SP);06/08 11:00;https://www.linkedin.com/jobs/view/4441496048/;https://media.licdn.com/dms/image/v2/D4D0BAQGJtja_t-YixQ/company-logo_100_100/company-logo_100_100/0/1697452847932/jbs_logo?e=1787788800&v=beta&t=H7VurMAApS4BRtfMgFHGsNV5GM_kM5bXah3wc04lodE;-;https://www.linkedin.com/company/jbs/about/;Varejo e E-commerce;(3 AND Corações AND S/A) OR (Anheuser-Busch AND InBev) OR (AB AND InBev) OR Bauducco OR Cargill OR (Coca-Cola AND FEMSA) OR Danone OR Diageo OR (General AND Mills) OR (Grupo AND Boticário) OR Heineken OR Henkel OR JBS OR Kimberly-Clark OR (Kraft AND Heinz) OR L'Oréal OR (Lindt AND Sprüngli AND Brasil) OR (Louis AND Vuitton) OR Natura OR Nestlé OR PepsiCo OR (Philip AND Morris AND International) OR (Red AND Bull) OR (The AND HEINEKEN AND Company) OR Unilever OR (Whirlpool AND Corporation);jbs;1;;https://www.linkedin.com/jobs/view/4441496048/;https://www.linkedin.com/jobs/view/4441496048/;On-site;-;06/08/2026;Limeira;São Paulo;SP;Região Sudeste;Brasil;América do Sul
80;JBS;Atendente de Loja - Swift | Louveira;Louveira (SP);06/08 12:00;https://www.linkedin.com/jobs/view/4441487368/;https://media.licdn.com/dms/image/v2/D4D0BAQGJtja_t-YixQ/company-logo_100_100/company-logo_100_100/0/1697452847932/jbs_logo?e=1787788800&v=beta&t=H7VurMAApS4BRtfMgFHGsNV5GM_kM5bXah3wc04lodE;-;https://www.linkedin.com/company/jbs/about/;Varejo e E-commerce;(3 AND Corações AND S/A) OR (Anheuser-Busch AND InBev) OR (AB AND InBev) OR Bauducco OR Cargill OR (Coca-Cola AND FEMSA) OR Danone OR Diageo OR (General AND Mills) OR (Grupo AND Boticário) OR Heineken OR Henkel OR JBS OR Kimberly-Clark OR (Kraft AND Heinz) OR L'Oréal OR (Lindt AND Sprüngli AND Brasil) OR (Louis AND Vuitton) OR Natura OR Nestlé OR PepsiCo OR (Philip AND Morris AND International) OR (Red AND Bull) OR (The AND HEINEKEN AND Company) OR Unilever OR (Whirlpool AND Corporation);jbs;1;;https://www.linkedin.com/jobs/view/4441487368/;https://www.linkedin.com/jobs/view/4441487368/;On-site;-;06/08/2026;Louveira;São Paulo;SP;Região Sudeste;Brasil;América do Sul
81;JBS;Ténico Segurança do Trabalho - JBS Couros;Montenegro (RS);06/08 17:00;https://www.linkedin.com/jobs/view/4450631240/;https://media.licdn.com/dms/image/v2/D4D0BAQGJtja_t-YixQ/company-logo_100_100/company-logo_100_100/0/1697452847932/jbs_logo?e=1787788800&v=beta&t=H7VurMAApS4BRtfMgFHGsNV5GM_kM5bXah3wc04lodE;-;https://www.linkedin.com/company/jbs/about/;Cibersegurança;(3 AND Corações AND S/A) OR (Anheuser-Busch AND InBev) OR (AB AND InBev) OR Bauducco OR Cargill OR (Coca-Cola AND FEMSA) OR Danone OR Diageo OR (General AND Mills) OR (Grupo AND Boticário) OR Heineken OR Henkel OR JBS OR Kimberly-Clark OR (Kraft AND Heinz) OR L'Oréal OR (Lindt AND Sprüngli AND Brasil) OR (Louis AND Vuitton) OR Natura OR Nestlé OR PepsiCo OR (Philip AND Morris AND International) OR (Red AND Bull) OR (The AND HEINEKEN AND Company) OR Unilever OR (Whirlpool AND Corporation);jbs;1;;https://www.linkedin.com/jobs/view/4450631240/;https://www.linkedin.com/jobs/view/4450631240/;On-site;-;06/08/2026;Montenegro;Rio Grande do Sul;RS;Região Sul;Brasil;América do Sul
82;JBS;Analista de Manutenção - Friboi;Naviraí (MS);06/08 12:00;https://www.linkedin.com/jobs/view/4432846436/;https://media.licdn.com/dms/image/v2/D4D0BAQGJtja_t-YixQ/company-logo_100_100/company-logo_100_100/0/1697452847932/jbs_logo?e=1787788800&v=beta&t=H7VurMAApS4BRtfMgFHGsNV5GM_kM5bXah3wc04lodE;Advanced > Specialist;https://www.linkedin.com/company/jbs/about/;-;(3 AND Corações AND S/A) OR (Anheuser-Busch AND InBev) OR (AB AND InBev) OR Bauducco OR Cargill OR (Coca-Cola AND FEMSA) OR Danone OR Diageo OR (General AND Mills) OR (Grupo AND Boticário) OR Heineken OR Henkel OR JBS OR Kimberly-Clark OR (Kraft AND Heinz) OR L'Oréal OR (Lindt AND Sprüngli AND Brasil) OR (Louis AND Vuitton) OR Natura OR Nestlé OR PepsiCo OR (Philip AND Morris AND International) OR (Red AND Bull) OR (The AND HEINEKEN AND Company) OR Unilever OR (Whirlpool AND Corporation);jbs;1;;https://www.linkedin.com/jobs/view/4432846436/;https://www.linkedin.com/jobs/view/4432846436/;On-site;Associate, Sustentação/O&M;06/08/2026;Naviraí;Mato Grosso do Sul;MS;Região Centro-Oeste;Brasil;América do Sul
83;JBS;Supervisor de Logística - Nova Santa Rita/RS;Nova Santa Rita (RS);06/08 13:00;https://www.linkedin.com/jobs/view/4438440087/;https://media.licdn.com/dms/image/v2/D4D0BAQGJtja_t-YixQ/company-logo_100_100/company-logo_100_100/0/1697452847932/jbs_logo?e=1787788800&v=beta&t=H7VurMAApS4BRtfMgFHGsNV5GM_kM5bXah3wc04lodE;Middle > Manager;https://www.linkedin.com/company/jbs/about/;Logística e Supply Chain;(3 AND Corações AND S/A) OR (Anheuser-Busch AND InBev) OR (AB AND InBev) OR Bauducco OR Cargill OR (Coca-Cola AND FEMSA) OR Danone OR Diageo OR (General AND Mills) OR (Grupo AND Boticário) OR Heineken OR Henkel OR JBS OR Kimberly-Clark OR (Kraft AND Heinz) OR L'Oréal OR (Lindt AND Sprüngli AND Brasil) OR (Louis AND Vuitton) OR Natura OR Nestlé OR PepsiCo OR (Philip AND Morris AND International) OR (Red AND Bull) OR (The AND HEINEKEN AND Company) OR Unilever OR (Whirlpool AND Corporation);jbs;1;;https://www.linkedin.com/jobs/view/4438440087/;https://www.linkedin.com/jobs/view/4438440087/;On-site;Mid, Liderança/Gerência, Logística/Supply;06/08/2026;Nova Santa Rita;Rio Grande do Sul;RS;Região Sul;Brasil;América do Sul
84;JBS;TÉCNICO ELETROMECÂNICO  NOVA VENEZA/SC;Nova Veneza (SC);06/08 12:00;https://www.linkedin.com/jobs/view/4432439201/;https://media.licdn.com/dms/image/v2/D4D0BAQGJtja_t-YixQ/company-logo_100_100/company-logo_100_100/0/1697452847932/jbs_logo?e=1787788800&v=beta&t=H7VurMAApS4BRtfMgFHGsNV5GM_kM5bXah3wc04lodE;-;https://www.linkedin.com/company/jbs/about/;-;(3 AND Corações AND S/A) OR (Anheuser-Busch AND InBev) OR (AB AND InBev) OR Bauducco OR Cargill OR (Coca-Cola AND FEMSA) OR Danone OR Diageo OR (General AND Mills) OR (Grupo AND Boticário) OR Heineken OR Henkel OR JBS OR Kimberly-Clark OR (Kraft AND Heinz) OR L'Oréal OR (Lindt AND Sprüngli AND Brasil) OR (Louis AND Vuitton) OR Natura OR Nestlé OR PepsiCo OR (Philip AND Morris AND International) OR (Red AND Bull) OR (The AND HEINEKEN AND Company) OR Unilever OR (Whirlpool AND Corporation);jbs;1;;https://www.linkedin.com/jobs/view/4432439201/;https://www.linkedin.com/jobs/view/4432439201/;On-site;-;06/08/2026;Nova Veneza;Santa Catarina;SC;Região Sul;Brasil;América do Sul
85;JBS;Técnico Eletromêcanico;Osasco (SP);06/08 12:00;https://www.linkedin.com/jobs/view/4438458072/;https://media.licdn.com/dms/image/v2/D4D0BAQGJtja_t-YixQ/company-logo_100_100/company-logo_100_100/0/1697452847932/jbs_logo?e=1787788800&v=beta&t=H7VurMAApS4BRtfMgFHGsNV5GM_kM5bXah3wc04lodE;-;https://www.linkedin.com/company/jbs/about/;-;(3 AND Corações AND S/A) OR (Anheuser-Busch AND InBev) OR (AB AND InBev) OR Bauducco OR Cargill OR (Coca-Cola AND FEMSA) OR Danone OR Diageo OR (General AND Mills) OR (Grupo AND Boticário) OR Heineken OR Henkel OR JBS OR Kimberly-Clark OR (Kraft AND Heinz) OR L'Oréal OR (Lindt AND Sprüngli AND Brasil) OR (Louis AND Vuitton) OR Natura OR Nestlé OR PepsiCo OR (Philip AND Morris AND International) OR (Red AND Bull) OR (The AND HEINEKEN AND Company) OR Unilever OR (Whirlpool AND Corporation);jbs;1;;https://www.linkedin.com/jobs/view/4438458072/;https://www.linkedin.com/jobs/view/4438458072/;On-site;-;06/08/2026;Osasco;São Paulo;SP;Região Sudeste;Brasil;América do Sul
86;JBS;Motorista Carreteiro- JBS Novos Negócios | TRS - Pedra Preta/MT;Pedra Bela (SP);06/08 10:00;https://www.linkedin.com/jobs/view/4413930477/;https://media.licdn.com/dms/image/v2/D4D0BAQGJtja_t-YixQ/company-logo_100_100/company-logo_100_100/0/1697452847932/jbs_logo?e=1787788800&v=beta&t=H7VurMAApS4BRtfMgFHGsNV5GM_kM5bXah3wc04lodE;-;https://www.linkedin.com/company/jbs/about/;-;(3 AND Corações AND S/A) OR (Anheuser-Busch AND InBev) OR (AB AND InBev) OR Bauducco OR Cargill OR (Coca-Cola AND FEMSA) OR Danone OR Diageo OR (General AND Mills) OR (Grupo AND Boticário) OR Heineken OR Henkel OR JBS OR Kimberly-Clark OR (Kraft AND Heinz) OR L'Oréal OR (Lindt AND Sprüngli AND Brasil) OR (Louis AND Vuitton) OR Natura OR Nestlé OR PepsiCo OR (Philip AND Morris AND International) OR (Red AND Bull) OR (The AND HEINEKEN AND Company) OR Unilever OR (Whirlpool AND Corporation);jbs;1;;https://www.linkedin.com/jobs/view/4413930477/;https://www.linkedin.com/jobs/view/4413930477/;On-site;-;06/08/2026;Pedra Bela;São Paulo;SP;Região Sudeste;Brasil;América do Sul
87;JBS;Lombador - Friboi;Pedra Preta (MT);06/08 17:00;https://www.linkedin.com/jobs/view/4450611970/;https://media.licdn.com/dms/image/v2/D4D0BAQGJtja_t-YixQ/company-logo_100_100/company-logo_100_100/0/1697452847932/jbs_logo?e=1787788800&v=beta&t=H7VurMAApS4BRtfMgFHGsNV5GM_kM5bXah3wc04lodE;-;https://www.linkedin.com/company/jbs/about/;-;(3 AND Corações AND S/A) OR (Anheuser-Busch AND InBev) OR (AB AND InBev) OR Bauducco OR Cargill OR (Coca-Cola AND FEMSA) OR Danone OR Diageo OR (General AND Mills) OR (Grupo AND Boticário) OR Heineken OR Henkel OR JBS OR Kimberly-Clark OR (Kraft AND Heinz) OR L'Oréal OR (Lindt AND Sprüngli AND Brasil) OR (Louis AND Vuitton) OR Natura OR Nestlé OR PepsiCo OR (Philip AND Morris AND International) OR (Red AND Bull) OR (The AND HEINEKEN AND Company) OR Unilever OR (Whirlpool AND Corporation);jbs;1;;https://www.linkedin.com/jobs/view/4450611970/;https://www.linkedin.com/jobs/view/4450611970/;On-site;-;06/08/2026;Pedra Preta;Mato Grosso;MT;Região Centro-Oeste;Brasil;América do Sul
88;JBS;Analista Comercial PL - Pinhais/PR;Pinhais (PR);06/08 18:00;https://www.linkedin.com/jobs/view/4448453921/;https://media.licdn.com/dms/image/v2/D4D0BAQGJtja_t-YixQ/company-logo_100_100/company-logo_100_100/0/1697452847932/jbs_logo?e=1787788800&v=beta&t=H7VurMAApS4BRtfMgFHGsNV5GM_kM5bXah3wc04lodE;Advanced > Specialist;https://www.linkedin.com/company/jbs/about/;Vendas e Suporte;(3 AND Corações AND S/A) OR (Anheuser-Busch AND InBev) OR (AB AND InBev) OR Bauducco OR Cargill OR (Coca-Cola AND FEMSA) OR Danone OR Diageo OR (General AND Mills) OR (Grupo AND Boticário) OR Heineken OR Henkel OR JBS OR Kimberly-Clark OR (Kraft AND Heinz) OR L'Oréal OR (Lindt AND Sprüngli AND Brasil) OR (Louis AND Vuitton) OR Natura OR Nestlé OR PepsiCo OR (Philip AND Morris AND International) OR (Red AND Bull) OR (The AND HEINEKEN AND Company) OR Unilever OR (Whirlpool AND Corporation);jbs;1;;https://www.linkedin.com/jobs/view/4448453921/;https://www.linkedin.com/jobs/view/4448453921/;On-site;Mid, Associate, Vendas / Comercial;06/08/2026;Pinhais;Paraná;PR;Região Sul;Brasil;América do Sul
89;JBS;OPERADOR DE TELEVENDAS /  PINHAIS/PR;Pinhais (PR);06/08 05:00;https://www.linkedin.com/jobs/view/4450213376/;https://media.licdn.com/dms/image/v2/D4D0BAQGJtja_t-YixQ/company-logo_100_100/company-logo_100_100/0/1697452847932/jbs_logo?e=1787788800&v=beta&t=H7VurMAApS4BRtfMgFHGsNV5GM_kM5bXah3wc04lodE;-;https://www.linkedin.com/company/jbs/about/;Vendas e Suporte;(3 AND Corações AND S/A) OR (Anheuser-Busch AND InBev) OR (AB AND InBev) OR Bauducco OR Cargill OR (Coca-Cola AND FEMSA) OR Danone OR Diageo OR (General AND Mills) OR (Grupo AND Boticário) OR Heineken OR Henkel OR JBS OR Kimberly-Clark OR (Kraft AND Heinz) OR L'Oréal OR (Lindt AND Sprüngli AND Brasil) OR (Louis AND Vuitton) OR Natura OR Nestlé OR PepsiCo OR (Philip AND Morris AND International) OR (Red AND Bull) OR (The AND HEINEKEN AND Company) OR Unilever OR (Whirlpool AND Corporation);jbs;1;;https://www.linkedin.com/jobs/view/4450213376/;https://www.linkedin.com/jobs/view/4450213376/;On-site;Vendas / Comercial;06/08/2026;Pinhais;Paraná;PR;Região Sul;Brasil;América do Sul
90;JBS;Atendente de Loja - Swift | Canto do Forte (Loja Educadora);Praia Grande (SP);06/08 12:00;https://www.linkedin.com/jobs/view/4441474930/;https://media.licdn.com/dms/image/v2/D4D0BAQGJtja_t-YixQ/company-logo_100_100/company-logo_100_100/0/1697452847932/jbs_logo?e=1787788800&v=beta&t=H7VurMAApS4BRtfMgFHGsNV5GM_kM5bXah3wc04lodE;-;https://www.linkedin.com/company/jbs/about/;Varejo e E-commerce;(3 AND Corações AND S/A) OR (Anheuser-Busch AND InBev) OR (AB AND InBev) OR Bauducco OR Cargill OR (Coca-Cola AND FEMSA) OR Danone OR Diageo OR (General AND Mills) OR (Grupo AND Boticário) OR Heineken OR Henkel OR JBS OR Kimberly-Clark OR (Kraft AND Heinz) OR L'Oréal OR (Lindt AND Sprüngli AND Brasil) OR (Louis AND Vuitton) OR Natura OR Nestlé OR PepsiCo OR (Philip AND Morris AND International) OR (Red AND Bull) OR (The AND HEINEKEN AND Company) OR Unilever OR (Whirlpool AND Corporation);jbs;1;;https://www.linkedin.com/jobs/view/4441474930/;https://www.linkedin.com/jobs/view/4441474930/;On-site;-;06/08/2026;Praia Grande;São Paulo;SP;Região Sudeste;Brasil;América do Sul
91;JBS;Supervisor de Manutenção - Novos Negócios - Genu-in JBS;Presidente Epitácio (SP);06/08 12:00;https://www.linkedin.com/jobs/view/4429995977/;https://media.licdn.com/dms/image/v2/D4D0BAQGJtja_t-YixQ/company-logo_100_100/company-logo_100_100/0/1697452847932/jbs_logo?e=1787788800&v=beta&t=H7VurMAApS4BRtfMgFHGsNV5GM_kM5bXah3wc04lodE;Middle > Manager;https://www.linkedin.com/company/jbs/about/;-;(3 AND Corações AND S/A) OR (Anheuser-Busch AND InBev) OR (AB AND InBev) OR Bauducco OR Cargill OR (Coca-Cola AND FEMSA) OR Danone OR Diageo OR (General AND Mills) OR (Grupo AND Boticário) OR Heineken OR Henkel OR JBS OR Kimberly-Clark OR (Kraft AND Heinz) OR L'Oréal OR (Lindt AND Sprüngli AND Brasil) OR (Louis AND Vuitton) OR Natura OR Nestlé OR PepsiCo OR (Philip AND Morris AND International) OR (Red AND Bull) OR (The AND HEINEKEN AND Company) OR Unilever OR (Whirlpool AND Corporation);jbs;1;;https://www.linkedin.com/jobs/view/4429995977/;https://www.linkedin.com/jobs/view/4429995977/;On-site;Mid, Liderança/Gerência, Sustentação/O&M;06/08/2026;Presidente Epitácio;São Paulo;SP;Região Sudeste;Brasil;América do Sul
92;JBS;Gerente de Produção | Massa Leve;Rio Grande da Serra (SP);06/08 12:00;https://www.linkedin.com/jobs/view/4438433273/;https://media.licdn.com/dms/image/v2/D4D0BAQGJtja_t-YixQ/company-logo_100_100/company-logo_100_100/0/1697452847932/jbs_logo?e=1787788800&v=beta&t=H7VurMAApS4BRtfMgFHGsNV5GM_kM5bXah3wc04lodE;Middle > Manager;https://www.linkedin.com/company/jbs/about/;Manufatura e Produção;(3 AND Corações AND S/A) OR (Anheuser-Busch AND InBev) OR (AB AND InBev) OR Bauducco OR Cargill OR (Coca-Cola AND FEMSA) OR Danone OR Diageo OR (General AND Mills) OR (Grupo AND Boticário) OR Heineken OR Henkel OR JBS OR Kimberly-Clark OR (Kraft AND Heinz) OR L'Oréal OR (Lindt AND Sprüngli AND Brasil) OR (Louis AND Vuitton) OR Natura OR Nestlé OR PepsiCo OR (Philip AND Morris AND International) OR (Red AND Bull) OR (The AND HEINEKEN AND Company) OR Unilever OR (Whirlpool AND Corporation);jbs;1;;https://www.linkedin.com/jobs/view/4438433273/;https://www.linkedin.com/jobs/view/4438433273/;On-site;Mid, Liderança/Gerência;06/08/2026;Rio Grande da Serra;São Paulo;SP;Região Sudeste;Brasil;América do Sul
93;JBS;Atendente de Loja - Swift | Carrefour Sorocaba (Loja Educadora);Sorocaba (SP);06/08 11:00;https://www.linkedin.com/jobs/view/4441474929/;https://media.licdn.com/dms/image/v2/D4D0BAQGJtja_t-YixQ/company-logo_100_100/company-logo_100_100/0/1697452847932/jbs_logo?e=1787788800&v=beta&t=H7VurMAApS4BRtfMgFHGsNV5GM_kM5bXah3wc04lodE;-;https://www.linkedin.com/company/jbs/about/;Varejo e E-commerce;(3 AND Corações AND S/A) OR (Anheuser-Busch AND InBev) OR (AB AND InBev) OR Bauducco OR Cargill OR (Coca-Cola AND FEMSA) OR Danone OR Diageo OR (General AND Mills) OR (Grupo AND Boticário) OR Heineken OR Henkel OR JBS OR Kimberly-Clark OR (Kraft AND Heinz) OR L'Oréal OR (Lindt AND Sprüngli AND Brasil) OR (Louis AND Vuitton) OR Natura OR Nestlé OR PepsiCo OR (Philip AND Morris AND International) OR (Red AND Bull) OR (The AND HEINEKEN AND Company) OR Unilever OR (Whirlpool AND Corporation);jbs;1;;https://www.linkedin.com/jobs/view/4441474929/;https://www.linkedin.com/jobs/view/4441474929/;On-site;-;06/08/2026;Sorocaba;São Paulo;SP;Região Sudeste;Brasil;América do Sul
94;JBS;Assistente Administrativo de Controladoria ( São Miguel do Oeste)- Seara;São Miguel do Oeste (SC);06/08 17:00;https://www.linkedin.com/jobs/view/4450625459/;https://media.licdn.com/dms/image/v2/D4D0BAQGJtja_t-YixQ/company-logo_100_100/company-logo_100_100/0/1697452847932/jbs_logo?e=1787788800&v=beta&t=H7VurMAApS4BRtfMgFHGsNV5GM_kM5bXah3wc04lodE;-;https://www.linkedin.com/company/jbs/about/;Software e Serviços de TI;(3 AND Corações AND S/A) OR (Anheuser-Busch AND InBev) OR (AB AND InBev) OR Bauducco OR Cargill OR (Coca-Cola AND FEMSA) OR Danone OR Diageo OR (General AND Mills) OR (Grupo AND Boticário) OR Heineken OR Henkel OR JBS OR Kimberly-Clark OR (Kraft AND Heinz) OR L'Oréal OR (Lindt AND Sprüngli AND Brasil) OR (Louis AND Vuitton) OR Natura OR Nestlé OR PepsiCo OR (Philip AND Morris AND International) OR (Red AND Bull) OR (The AND HEINEKEN AND Company) OR Unilever OR (Whirlpool AND Corporation);jbs;1;;https://www.linkedin.com/jobs/view/4450625459/;https://www.linkedin.com/jobs/view/4450625459/;On-site;Associate;06/08/2026;São Miguel do Oeste;Santa Catarina;SC;Região Sul;Brasil;América do Sul
95;JBS;Analista de Comunicação e Marketing Sênior;São Paulo (SP);06/08 16:00;https://www.linkedin.com/jobs/view/4448443766/;https://media.licdn.com/dms/image/v2/D4D0BAQGJtja_t-YixQ/company-logo_100_100/company-logo_100_100/0/1697452847932/jbs_logo?e=1787788800&v=beta&t=H7VurMAApS4BRtfMgFHGsNV5GM_kM5bXah3wc04lodE;Advanced > Specialist;https://www.linkedin.com/company/jbs/about/;Marketing e Publicidade Marketing;(3 AND Corações AND S/A) OR (Anheuser-Busch AND InBev) OR (AB AND InBev) OR Bauducco OR Cargill OR (Coca-Cola AND FEMSA) OR Danone OR Diageo OR (General AND Mills) OR (Grupo AND Boticário) OR Heineken OR Henkel OR JBS OR Kimberly-Clark OR (Kraft AND Heinz) OR L'Oréal OR (Lindt AND Sprüngli AND Brasil) OR (Louis AND Vuitton) OR Natura OR Nestlé OR PepsiCo OR (Philip AND Morris AND International) OR (Red AND Bull) OR (The AND HEINEKEN AND Company) OR Unilever OR (Whirlpool AND Corporation);jbs;1;;https://www.linkedin.com/jobs/view/4448443766/;https://www.linkedin.com/jobs/view/4448443766/;On-site;Senior, Associate, Marketing/Mídia;06/08/2026;São Paulo;São Paulo;SP;Região Sudeste;Brasil;América do Sul
96;JBS;Analista de Testes Júnior;São Paulo (SP);06/08 17:00;https://www.linkedin.com/jobs/view/4445547109/;https://media.licdn.com/dms/image/v2/D4D0BAQGJtja_t-YixQ/company-logo_100_100/company-logo_100_100/0/1697452847932/jbs_logo?e=1787788800&v=beta&t=H7VurMAApS4BRtfMgFHGsNV5GM_kM5bXah3wc04lodE;Advanced > Specialist;https://www.linkedin.com/company/jbs/about/;-;(3 AND Corações AND S/A) OR (Anheuser-Busch AND InBev) OR (AB AND InBev) OR Bauducco OR Cargill OR (Coca-Cola AND FEMSA) OR Danone OR Diageo OR (General AND Mills) OR (Grupo AND Boticário) OR Heineken OR Henkel OR JBS OR Kimberly-Clark OR (Kraft AND Heinz) OR L'Oréal OR (Lindt AND Sprüngli AND Brasil) OR (Louis AND Vuitton) OR Natura OR Nestlé OR PepsiCo OR (Philip AND Morris AND International) OR (Red AND Bull) OR (The AND HEINEKEN AND Company) OR Unilever OR (Whirlpool AND Corporation);jbs;1;;https://www.linkedin.com/jobs/view/4445547109/;https://www.linkedin.com/jobs/view/4445547109/;On-site;Junior, Associate, Testes / QA;06/08/2026;São Paulo;São Paulo;SP;Região Sudeste;Brasil;América do Sul
97;JBS;Atendente de Loja - Swift | Carrefour Jacu Pêssego (Loja Educadora);São Paulo (SP);06/08 12:00;https://www.linkedin.com/jobs/view/4441490223/;https://media.licdn.com/dms/image/v2/D4D0BAQGJtja_t-YixQ/company-logo_100_100/company-logo_100_100/0/1697452847932/jbs_logo?e=1787788800&v=beta&t=H7VurMAApS4BRtfMgFHGsNV5GM_kM5bXah3wc04lodE;-;https://www.linkedin.com/company/jbs/about/;Varejo e E-commerce;(3 AND Corações AND S/A) OR (Anheuser-Busch AND InBev) OR (AB AND InBev) OR Bauducco OR Cargill OR (Coca-Cola AND FEMSA) OR Danone OR Diageo OR (General AND Mills) OR (Grupo AND Boticário) OR Heineken OR Henkel OR JBS OR Kimberly-Clark OR (Kraft AND Heinz) OR L'Oréal OR (Lindt AND Sprüngli AND Brasil) OR (Louis AND Vuitton) OR Natura OR Nestlé OR PepsiCo OR (Philip AND Morris AND International) OR (Red AND Bull) OR (The AND HEINEKEN AND Company) OR Unilever OR (Whirlpool AND Corporation);jbs;1;;https://www.linkedin.com/jobs/view/4441490223/;https://www.linkedin.com/jobs/view/4441490223/;On-site;-;06/08/2026;São Paulo;São Paulo;SP;Região Sudeste;Brasil;América do Sul
98;JBS;Atendente de Loja - Swift | Carrefour Jacu Pêssego (Loja Educadora);São Paulo (SP);06/08 13:00;https://www.linkedin.com/jobs/view/4441491193/;https://media.licdn.com/dms/image/v2/D4D0BAQGJtja_t-YixQ/company-logo_100_100/company-logo_100_100/0/1697452847932/jbs_logo?e=1787788800&v=beta&t=H7VurMAApS4BRtfMgFHGsNV5GM_kM5bXah3wc04lodE;-;https://www.linkedin.com/company/jbs/about/;Varejo e E-commerce;(3 AND Corações AND S/A) OR (Anheuser-Busch AND InBev) OR (AB AND InBev) OR Bauducco OR Cargill OR (Coca-Cola AND FEMSA) OR Danone OR Diageo OR (General AND Mills) OR (Grupo AND Boticário) OR Heineken OR Henkel OR JBS OR Kimberly-Clark OR (Kraft AND Heinz) OR L'Oréal OR (Lindt AND Sprüngli AND Brasil) OR (Louis AND Vuitton) OR Natura OR Nestlé OR PepsiCo OR (Philip AND Morris AND International) OR (Red AND Bull) OR (The AND HEINEKEN AND Company) OR Unilever OR (Whirlpool AND Corporation);jbs;1;;https://www.linkedin.com/jobs/view/4441491193/;https://www.linkedin.com/jobs/view/4441491193/;On-site;-;06/08/2026;São Paulo;São Paulo;SP;Região Sudeste;Brasil;América do Sul
99;JBS;Atendente de Loja - Swift | Celso Garcia (Loja Educadora);São Paulo (SP);06/08 12:00;https://www.linkedin.com/jobs/view/4441490225/;https://media.licdn.com/dms/image/v2/D4D0BAQGJtja_t-YixQ/company-logo_100_100/company-logo_100_100/0/1697452847932/jbs_logo?e=1787788800&v=beta&t=H7VurMAApS4BRtfMgFHGsNV5GM_kM5bXah3wc04lodE;-;https://www.linkedin.com/company/jbs/about/;Varejo e E-commerce;(3 AND Corações AND S/A) OR (Anheuser-Busch AND InBev) OR (AB AND InBev) OR Bauducco OR Cargill OR (Coca-Cola AND FEMSA) OR Danone OR Diageo OR (General AND Mills) OR (Grupo AND Boticário) OR Heineken OR Henkel OR JBS OR Kimberly-Clark OR (Kraft AND Heinz) OR L'Oréal OR (Lindt AND Sprüngli AND Brasil) OR (Louis AND Vuitton) OR Natura OR Nestlé OR PepsiCo OR (Philip AND Morris AND International) OR (Red AND Bull) OR (The AND HEINEKEN AND Company) OR Unilever OR (Whirlpool AND Corporation);jbs;1;;https://www.linkedin.com/jobs/view/4441490225/;https://www.linkedin.com/jobs/view/4441490225/;On-site;-;06/08/2026;São Paulo;São Paulo;SP;Região Sudeste;Brasil;América do Sul
100;JBS;Operador de Transpaleteira;São Paulo (SP);06/08 10:00;https://www.linkedin.com/jobs/view/4438411130/;https://media.licdn.com/dms/image/v2/D4D0BAQGJtja_t-YixQ/company-logo_100_100/company-logo_100_100/0/1697452847932/jbs_logo?e=1787788800&v=beta&t=H7VurMAApS4BRtfMgFHGsNV5GM_kM5bXah3wc04lodE;-;https://www.linkedin.com/company/jbs/about/;-;(3 AND Corações AND S/A) OR (Anheuser-Busch AND InBev) OR (AB AND InBev) OR Bauducco OR Cargill OR (Coca-Cola AND FEMSA) OR Danone OR Diageo OR (General AND Mills) OR (Grupo AND Boticário) OR Heineken OR Henkel OR JBS OR Kimberly-Clark OR (Kraft AND Heinz) OR L'Oréal OR (Lindt AND Sprüngli AND Brasil) OR (Louis AND Vuitton) OR Natura OR Nestlé OR PepsiCo OR (Philip AND Morris AND International) OR (Red AND Bull) OR (The AND HEINEKEN AND Company) OR Unilever OR (Whirlpool AND Corporation);jbs;1;;https://www.linkedin.com/jobs/view/4438411130/;https://www.linkedin.com/jobs/view/4438411130/;On-site;-;06/08/2026;São Paulo;São Paulo;SP;Região Sudeste;Brasil;América do Sul
101;JBS Couros;Pedreiro - JBS Couros;Barra do Garças (MT);06/08 00:00;https://www.linkedin.com/jobs/view/4449984123/;https://media.licdn.com/dms/image/v2/D4E0BAQHD3BIbAIR7cA/company-logo_100_100/company-logo_100_100/0/1713534763094/jbscouros_logo?e=1787788800&v=beta&t=ClyQFi86DpxN-vnoUc91ygIabh9sipNPTUl4GoF8Sg8;-;https://www.linkedin.com/company/jbs-couros/about/;-;(3 AND Corações AND S/A) OR (Anheuser-Busch AND InBev) OR (AB AND InBev) OR Bauducco OR Cargill OR (Coca-Cola AND FEMSA) OR Danone OR Diageo OR (General AND Mills) OR (Grupo AND Boticário) OR Heineken OR Henkel OR JBS OR Kimberly-Clark OR (Kraft AND Heinz) OR L'Oréal OR (Lindt AND Sprüngli AND Brasil) OR (Louis AND Vuitton) OR Natura OR Nestlé OR PepsiCo OR (Philip AND Morris AND International) OR (Red AND Bull) OR (The AND HEINEKEN AND Company) OR Unilever OR (Whirlpool AND Corporation);jbs couros;1;;https://www.linkedin.com/jobs/view/4449984123/;https://www.linkedin.com/jobs/view/4449984123/;On-site;-;06/08/2026;Barra do Garças;Mato Grosso;MT;Região Centro-Oeste;Brasil;América do Sul
102;JBS Couros;Técnico em Curtimento - JBS Couros;Colorado do Oeste (RO);06/08 18:00;https://www.linkedin.com/jobs/view/4448468057/;https://media.licdn.com/dms/image/v2/D4E0BAQHD3BIbAIR7cA/company-logo_100_100/company-logo_100_100/0/1713534763094/jbscouros_logo?e=1787788800&v=beta&t=ClyQFi86DpxN-vnoUc91ygIabh9sipNPTUl4GoF8Sg8;-;https://www.linkedin.com/company/jbs-couros/about/;Software e Serviços de TI;(3 AND Corações AND S/A) OR (Anheuser-Busch AND InBev) OR (AB AND InBev) OR Bauducco OR Cargill OR (Coca-Cola AND FEMSA) OR Danone OR Diageo OR (General AND Mills) OR (Grupo AND Boticário) OR Heineken OR Henkel OR JBS OR Kimberly-Clark OR (Kraft AND Heinz) OR L'Oréal OR (Lindt AND Sprüngli AND Brasil) OR (Louis AND Vuitton) OR Natura OR Nestlé OR PepsiCo OR (Philip AND Morris AND International) OR (Red AND Bull) OR (The AND HEINEKEN AND Company) OR Unilever OR (Whirlpool AND Corporation);jbs couros;1;;https://www.linkedin.com/jobs/view/4448468057/;https://www.linkedin.com/jobs/view/4448468057/;On-site;-;06/08/2026;Colorado do Oeste;Rondônia;RO;Região Norte;Brasil;América do Sul
103;JBS Couros;Ténico Segurança do Trabalho - JBS Couros;Montenegro (RS);06/08 18:00;https://www.linkedin.com/jobs/view/4448453919/;https://media.licdn.com/dms/image/v2/D4E0BAQHD3BIbAIR7cA/company-logo_100_100/company-logo_100_100/0/1713534763094/jbscouros_logo?e=1787788800&v=beta&t=ClyQFi86DpxN-vnoUc91ygIabh9sipNPTUl4GoF8Sg8;-;https://www.linkedin.com/company/jbs-couros/about/;Cibersegurança;(3 AND Corações AND S/A) OR (Anheuser-Busch AND InBev) OR (AB AND InBev) OR Bauducco OR Cargill OR (Coca-Cola AND FEMSA) OR Danone OR Diageo OR (General AND Mills) OR (Grupo AND Boticário) OR Heineken OR Henkel OR JBS OR Kimberly-Clark OR (Kraft AND Heinz) OR L'Oréal OR (Lindt AND Sprüngli AND Brasil) OR (Louis AND Vuitton) OR Natura OR Nestlé OR PepsiCo OR (Philip AND Morris AND International) OR (Red AND Bull) OR (The AND HEINEKEN AND Company) OR Unilever OR (Whirlpool AND Corporation);jbs couros;1;;https://www.linkedin.com/jobs/view/4448453919/;https://www.linkedin.com/jobs/view/4448453919/;On-site;-;06/08/2026;Montenegro;Rio Grande do Sul;RS;Região Sul;Brasil;América do Sul
104;JBS Novos Negócios;Mecânico de Manutenção I - JBS Novos Negócios | Biopower;Campo Verde (MT);06/08 13:00;https://www.linkedin.com/jobs/view/4438433271/;https://media.licdn.com/dms/image/v2/D4D0BAQGR6vTcYYUbWA/company-logo_100_100/company-logo_100_100/0/1707828843031/jbs_novos_negcios_logo?e=1787788800&v=beta&t=121d4UiakRZPh_A7QL7-XlmE_-jq1ZZfx9OJejE6YFQ;-;https://www.linkedin.com/company/jbs-novos-neg-cios/about/;-;(3 AND Corações AND S/A) OR (Anheuser-Busch AND InBev) OR (AB AND InBev) OR Bauducco OR Cargill OR (Coca-Cola AND FEMSA) OR Danone OR Diageo OR (General AND Mills) OR (Grupo AND Boticário) OR Heineken OR Henkel OR JBS OR Kimberly-Clark OR (Kraft AND Heinz) OR L'Oréal OR (Lindt AND Sprüngli AND Brasil) OR (Louis AND Vuitton) OR Natura OR Nestlé OR PepsiCo OR (Philip AND Morris AND International) OR (Red AND Bull) OR (The AND HEINEKEN AND Company) OR Unilever OR (Whirlpool AND Corporation);jbs novos negócios;1;;https://www.linkedin.com/jobs/view/4438433271/;https://www.linkedin.com/jobs/view/4438433271/;On-site;Sustentação/O&M;06/08/2026;Campo Verde;Mato Grosso;MT;Região Centro-Oeste;Brasil;América do Sul
105;JBS Novos Negócios;Operador de Máquinas e Equipamentos - JBS Novos Negócios | Biopower;Campo Verde (MT);06/08 13:00;https://www.linkedin.com/jobs/view/4438432282/;https://media.licdn.com/dms/image/v2/D4D0BAQGR6vTcYYUbWA/company-logo_100_100/company-logo_100_100/0/1707828843031/jbs_novos_negcios_logo?e=1787788800&v=beta&t=121d4UiakRZPh_A7QL7-XlmE_-jq1ZZfx9OJejE6YFQ;-;https://www.linkedin.com/company/jbs-novos-neg-cios/about/;-;(3 AND Corações AND S/A) OR (Anheuser-Busch AND InBev) OR (AB AND InBev) OR Bauducco OR Cargill OR (Coca-Cola AND FEMSA) OR Danone OR Diageo OR (General AND Mills) OR (Grupo AND Boticário) OR Heineken OR Henkel OR JBS OR Kimberly-Clark OR (Kraft AND Heinz) OR L'Oréal OR (Lindt AND Sprüngli AND Brasil) OR (Louis AND Vuitton) OR Natura OR Nestlé OR PepsiCo OR (Philip AND Morris AND International) OR (Red AND Bull) OR (The AND HEINEKEN AND Company) OR Unilever OR (Whirlpool AND Corporation);jbs novos negócios;1;;https://www.linkedin.com/jobs/view/4438432282/;https://www.linkedin.com/jobs/view/4438432282/;On-site;-;06/08/2026;Campo Verde;Mato Grosso;MT;Região Centro-Oeste;Brasil;América do Sul
106;JBS Novos Negócios;Operador de Máquinas e Processos I - JBS Novos Negócios | Biopower;Campo Verde (MT);06/08 12:00;https://www.linkedin.com/jobs/view/4438421639/;https://media.licdn.com/dms/image/v2/D4D0BAQGR6vTcYYUbWA/company-logo_100_100/company-logo_100_100/0/1707828843031/jbs_novos_negcios_logo?e=1787788800&v=beta&t=121d4UiakRZPh_A7QL7-XlmE_-jq1ZZfx9OJejE6YFQ;Advanced > Process & Automation;https://www.linkedin.com/company/jbs-novos-neg-cios/about/;-;(3 AND Corações AND S/A) OR (Anheuser-Busch AND InBev) OR (AB AND InBev) OR Bauducco OR Cargill OR (Coca-Cola AND FEMSA) OR Danone OR Diageo OR (General AND Mills) OR (Grupo AND Boticário) OR Heineken OR Henkel OR JBS OR Kimberly-Clark OR (Kraft AND Heinz) OR L'Oréal OR (Lindt AND Sprüngli AND Brasil) OR (Louis AND Vuitton) OR Natura OR Nestlé OR PepsiCo OR (Philip AND Morris AND International) OR (Red AND Bull) OR (The AND HEINEKEN AND Company) OR Unilever OR (Whirlpool AND Corporation);jbs novos negócios;1;;https://www.linkedin.com/jobs/view/4438421639/;https://www.linkedin.com/jobs/view/4438421639/;On-site;Processos/Excelência;06/08/2026;Campo Verde;Mato Grosso;MT;Região Centro-Oeste;Brasil;América do Sul
107;Kimberly-Clark;Analista de Marketing Sênior;São Paulo (SP);06/08 12:00;https://www.linkedin.com/jobs/view/4448414901/;https://media.licdn.com/dms/image/v2/D4D0BAQGlS6eTfiyQMw/company-logo_100_100/company-logo_100_100/0/1711458004114/kimberly_clark_logo?e=1787788800&v=beta&t=2KODse_any390yyaR_ZTAd3O7kKxD1Hu1zaQDIDsyng;Advanced > Specialist;https://www.linkedin.com/company/kimberly-clark/about/;Marketing e Publicidade Marketing;(3 AND Corações AND S/A) OR (Anheuser-Busch AND InBev) OR (AB AND InBev) OR Bauducco OR Cargill OR (Coca-Cola AND FEMSA) OR Danone OR Diageo OR (General AND Mills) OR (Grupo AND Boticário) OR Heineken OR Henkel OR JBS OR Kimberly-Clark OR (Kraft AND Heinz) OR L'Oréal OR (Lindt AND Sprüngli AND Brasil) OR (Louis AND Vuitton) OR Natura OR Nestlé OR PepsiCo OR (Philip AND Morris AND International) OR (Red AND Bull) OR (The AND HEINEKEN AND Company) OR Unilever OR (Whirlpool AND Corporation);kimberly-clark;1;;https://www.linkedin.com/jobs/view/4448414901/;https://www.linkedin.com/jobs/view/4448414901/;On-site;Senior, Associate, Marketing/Mídia;06/08/2026;São Paulo;São Paulo;SP;Região Sudeste;Brasil;América do Sul
108;Kimberly-Clark;Auxiliar de Distribuição (Regime Intermitente);São Paulo (SP);06/08 12:00;https://www.linkedin.com/jobs/view/4419646134/;https://media.licdn.com/dms/image/v2/D4D0BAQGlS6eTfiyQMw/company-logo_100_100/company-logo_100_100/0/1711458004114/kimberly_clark_logo?e=1787788800&v=beta&t=2KODse_any390yyaR_ZTAd3O7kKxD1Hu1zaQDIDsyng;-;https://www.linkedin.com/company/kimberly-clark/about/;Software e Serviços de TI;(3 AND Corações AND S/A) OR (Anheuser-Busch AND InBev) OR (AB AND InBev) OR Bauducco OR Cargill OR (Coca-Cola AND FEMSA) OR Danone OR Diageo OR (General AND Mills) OR (Grupo AND Boticário) OR Heineken OR Henkel OR JBS OR Kimberly-Clark OR (Kraft AND Heinz) OR L'Oréal OR (Lindt AND Sprüngli AND Brasil) OR (Louis AND Vuitton) OR Natura OR Nestlé OR PepsiCo OR (Philip AND Morris AND International) OR (Red AND Bull) OR (The AND HEINEKEN AND Company) OR Unilever OR (Whirlpool AND Corporation);kimberly-clark;1;;https://www.linkedin.com/jobs/view/4419646134/;https://www.linkedin.com/jobs/view/4419646134/;On-site;Associate;06/08/2026;São Paulo;São Paulo;SP;Região Sudeste;Brasil;América do Sul
109;Kimberly-Clark;Stewardship and Chemical Compliance Associate;São Paulo (SP);06/08 10:00;https://www.linkedin.com/jobs/view/4438430415/;https://media.licdn.com/dms/image/v2/D4D0BAQGlS6eTfiyQMw/company-logo_100_100/company-logo_100_100/0/1711458004114/kimberly_clark_logo?e=1787788800&v=beta&t=2KODse_any390yyaR_ZTAd3O7kKxD1Hu1zaQDIDsyng;-;https://www.linkedin.com/company/kimberly-clark/about/;-;(3 AND Corações AND S/A) OR (Anheuser-Busch AND InBev) OR (AB AND InBev) OR Bauducco OR Cargill OR (Coca-Cola AND FEMSA) OR Danone OR Diageo OR (General AND Mills) OR (Grupo AND Boticário) OR Heineken OR Henkel OR JBS OR Kimberly-Clark OR (Kraft AND Heinz) OR L'Oréal OR (Lindt AND Sprüngli AND Brasil) OR (Louis AND Vuitton) OR Natura OR Nestlé OR PepsiCo OR (Philip AND Morris AND International) OR (Red AND Bull) OR (The AND HEINEKEN AND Company) OR Unilever OR (Whirlpool AND Corporation);kimberly-clark;1;;https://www.linkedin.com/jobs/view/4438430415/;https://www.linkedin.com/jobs/view/4438430415/;Hybrid;Associate;06/08/2026;São Paulo;São Paulo;SP;Região Sudeste;Brasil;América do Sul
110;Kraft Heinz;Especialista agrícola;Nerópolis (GO);05/08 20:00;https://www.linkedin.com/jobs/view/4449320142/;https://media.licdn.com/dms/image/v2/D4E0BAQHvZJa5VpJ9MQ/company-logo_100_100/company-logo_100_100/0/1722866409756/the_kraft_heinz_company_logo?e=1787788800&v=beta&t=h9qUyUqtikbI9iChnma62bmfsnTWdbmA-35oL7Ok1Is;Advanced > Specialist;https://www.linkedin.com/company/kraft-heinz/about/;-;(3 AND Corações AND S/A) OR (Anheuser-Busch AND InBev) OR (AB AND InBev) OR Bauducco OR Cargill OR (Coca-Cola AND FEMSA) OR Danone OR Diageo OR (General AND Mills) OR (Grupo AND Boticário) OR Heineken OR Henkel OR JBS OR Kimberly-Clark OR (Kraft AND Heinz) OR L'Oréal OR (Lindt AND Sprüngli AND Brasil) OR (Louis AND Vuitton) OR Natura OR Nestlé OR PepsiCo OR (Philip AND Morris AND International) OR (Red AND Bull) OR (The AND HEINEKEN AND Company) OR Unilever OR (Whirlpool AND Corporation);kraft heinz;1;;https://www.linkedin.com/jobs/view/4449320142/;https://www.linkedin.com/jobs/view/4449320142/;On-site;Specialist;06/08/2026;Nerópolis;Goiás;GO;Região Centro-Oeste;Brasil;América do Sul
111;L'Oréal;Analista de Benefícios Sênior - L'Oréal Corporate;Grande Rio de Janeiro (RJ);06/08 11:00;https://www.linkedin.com/jobs/view/4440231760/;https://media.licdn.com/dms/image/v2/D4E0BAQFEB_g-FWxSrQ/company-logo_100_100/company-logo_100_100/0/1688397792617/loral_logo?e=1787788800&v=beta&t=aNc7q14TwyEK_GbN58GC96dJi2aGFYDmEMlNDn8WnhI;Advanced > Specialist;https://www.linkedin.com/company/l-or-al/about/;-;(3 AND Corações AND S/A) OR (Anheuser-Busch AND InBev) OR (AB AND InBev) OR Bauducco OR Cargill OR (Coca-Cola AND FEMSA) OR Danone OR Diageo OR (General AND Mills) OR (Grupo AND Boticário) OR Heineken OR Henkel OR JBS OR Kimberly-Clark OR (Kraft AND Heinz) OR L'Oréal OR (Lindt AND Sprüngli AND Brasil) OR (Louis AND Vuitton) OR Natura OR Nestlé OR PepsiCo OR (Philip AND Morris AND International) OR (Red AND Bull) OR (The AND HEINEKEN AND Company) OR Unilever OR (Whirlpool AND Corporation);l'oréal;1;;https://www.linkedin.com/jobs/view/4440231760/;https://www.linkedin.com/jobs/view/4440231760/;On-site;Senior, Associate;06/08/2026;;Rio de Janeiro;RJ;Região Sudeste;Brasil;América do Sul
112;Lindt & Sprüngli Brasil;Vendedor, Subgerente e Gerente de Loja – Boulevard Shopping BH;Belo Horizonte (MG);05/08 20:00;https://www.linkedin.com/jobs/view/4449913469/;https://media.licdn.com/dms/image/v2/C4D0BAQEUFf3XbEq9Bw/company-logo_100_100/company-logo_100_100/0/1669134845522?e=1787788800&v=beta&t=AzkxaJgFax7LGlVJU2mTm0uu5jwi35QYwpt0U7XVXL8;Middle > Manager;https://www.linkedin.com/company/lindt-spr-ngli-brasil/about/;Varejo e E-commerce;(3 AND Corações AND S/A) OR (Anheuser-Busch AND InBev) OR (AB AND InBev) OR Bauducco OR Cargill OR (Coca-Cola AND FEMSA) OR Danone OR Diageo OR (General AND Mills) OR (Grupo AND Boticário) OR Heineken OR Henkel OR JBS OR Kimberly-Clark OR (Kraft AND Heinz) OR L'Oréal OR (Lindt AND Sprüngli AND Brasil) OR (Louis AND Vuitton) OR Natura OR Nestlé OR PepsiCo OR (Philip AND Morris AND International) OR (Red AND Bull) OR (The AND HEINEKEN AND Company) OR Unilever OR (Whirlpool AND Corporation);lindt & sprüngli brasil;1;;https://www.linkedin.com/jobs/view/4449913469/;https://www.linkedin.com/jobs/view/4449913469/;On-site;Mid, Liderança/Gerência, Vendas / Comercial;06/08/2026;Belo Horizonte;Minas Gerais;MG;Região Sudeste;Brasil;América do Sul
113;Natura;Analista Júnior de Assuntos Regulatórios;Cajamar (SP);05/08 20:00;https://www.linkedin.com/jobs/view/4449326211/;https://media.licdn.com/dms/image/v2/D4D0BAQHLbk5HtPaFrA/company-logo_100_100/company-logo_100_100/0/1722945249128/natura_logo?e=1787788800&v=beta&t=6t84b4EiUuUO0pyJPgpk1ny6HFrTiDIYHFqnoctk5MQ;Advanced > Specialist;https://www.linkedin.com/company/natura/about/;Moda e Beleza;(3 AND Corações AND S/A) OR (Anheuser-Busch AND InBev) OR (AB AND InBev) OR Bauducco OR Cargill OR (Coca-Cola AND FEMSA) OR Danone OR Diageo OR (General AND Mills) OR (Grupo AND Boticário) OR Heineken OR Henkel OR JBS OR Kimberly-Clark OR (Kraft AND Heinz) OR L'Oréal OR (Lindt AND Sprüngli AND Brasil) OR (Louis AND Vuitton) OR Natura OR Nestlé OR PepsiCo OR (Philip AND Morris AND International) OR (Red AND Bull) OR (The AND HEINEKEN AND Company) OR Unilever OR (Whirlpool AND Corporation);natura;1;;https://www.linkedin.com/jobs/view/4449326211/;https://www.linkedin.com/jobs/view/4449326211/;Hybrid;Junior, Associate;06/08/2026;Cajamar;São Paulo;SP;Região Sudeste;Brasil;América do Sul
114;Natura;Auxiliar de loja;Cravinhos (SP);06/08 15:00;https://www.linkedin.com/jobs/view/4448440563/;https://media.licdn.com/dms/image/v2/D4D0BAQHLbk5HtPaFrA/company-logo_100_100/company-logo_100_100/0/1722945249128/natura_logo?e=1787788800&v=beta&t=6t84b4EiUuUO0pyJPgpk1ny6HFrTiDIYHFqnoctk5MQ;-;https://www.linkedin.com/company/natura/about/;Moda e Beleza;(3 AND Corações AND S/A) OR (Anheuser-Busch AND InBev) OR (AB AND InBev) OR Bauducco OR Cargill OR (Coca-Cola AND FEMSA) OR Danone OR Diageo OR (General AND Mills) OR (Grupo AND Boticário) OR Heineken OR Henkel OR JBS OR Kimberly-Clark OR (Kraft AND Heinz) OR L'Oréal OR (Lindt AND Sprüngli AND Brasil) OR (Louis AND Vuitton) OR Natura OR Nestlé OR PepsiCo OR (Philip AND Morris AND International) OR (Red AND Bull) OR (The AND HEINEKEN AND Company) OR Unilever OR (Whirlpool AND Corporation);natura;1;;https://www.linkedin.com/jobs/view/4448440563/;https://www.linkedin.com/jobs/view/4448440563/;On-site;Associate;06/08/2026;Cravinhos;São Paulo;SP;Região Sudeste;Brasil;América do Sul
115;Natura;auxiliar de loja;Nova Iguaçu (RJ);06/08 19:00;https://www.linkedin.com/jobs/view/4450001522/;https://media.licdn.com/dms/image/v2/D4D0BAQHLbk5HtPaFrA/company-logo_100_100/company-logo_100_100/0/1722945249128/natura_logo?e=1787788800&v=beta&t=6t84b4EiUuUO0pyJPgpk1ny6HFrTiDIYHFqnoctk5MQ;-;https://www.linkedin.com/company/natura/about/;Moda e Beleza;(3 AND Corações AND S/A) OR (Anheuser-Busch AND InBev) OR (AB AND InBev) OR Bauducco OR Cargill OR (Coca-Cola AND FEMSA) OR Danone OR Diageo OR (General AND Mills) OR (Grupo AND Boticário) OR Heineken OR Henkel OR JBS OR Kimberly-Clark OR (Kraft AND Heinz) OR L'Oréal OR (Lindt AND Sprüngli AND Brasil) OR (Louis AND Vuitton) OR Natura OR Nestlé OR PepsiCo OR (Philip AND Morris AND International) OR (Red AND Bull) OR (The AND HEINEKEN AND Company) OR Unilever OR (Whirlpool AND Corporation);natura;1;;https://www.linkedin.com/jobs/view/4450001522/;https://www.linkedin.com/jobs/view/4450001522/;On-site;Associate;06/08/2026;Nova Iguaçu;Rio de Janeiro;RJ;Região Sudeste;Brasil;América do Sul
116;Natura;Analista Jr. | Hub de Pagamentos;São Paulo (SP);06/08 19:00;https://www.linkedin.com/jobs/view/4449797587/;https://media.licdn.com/dms/image/v2/D4D0BAQHLbk5HtPaFrA/company-logo_100_100/company-logo_100_100/0/1722945249128/natura_logo?e=1787788800&v=beta&t=6t84b4EiUuUO0pyJPgpk1ny6HFrTiDIYHFqnoctk5MQ;Advanced > Specialist;https://www.linkedin.com/company/natura/about/;Moda e Beleza;(3 AND Corações AND S/A) OR (Anheuser-Busch AND InBev) OR (AB AND InBev) OR Bauducco OR Cargill OR (Coca-Cola AND FEMSA) OR Danone OR Diageo OR (General AND Mills) OR (Grupo AND Boticário) OR Heineken OR Henkel OR JBS OR Kimberly-Clark OR (Kraft AND Heinz) OR L'Oréal OR (Lindt AND Sprüngli AND Brasil) OR (Louis AND Vuitton) OR Natura OR Nestlé OR PepsiCo OR (Philip AND Morris AND International) OR (Red AND Bull) OR (The AND HEINEKEN AND Company) OR Unilever OR (Whirlpool AND Corporation);natura;1;;https://www.linkedin.com/jobs/view/4449797587/;https://www.linkedin.com/jobs/view/4449797587/;Hybrid;Junior, Associate;06/08/2026;São Paulo;São Paulo;SP;Região Sudeste;Brasil;América do Sul
117;Natura;Analista de Analytics Pleno | CRM, Growth & BI;São Paulo (SP);06/08 19:00;https://www.linkedin.com/jobs/view/4450005361/;https://media.licdn.com/dms/image/v2/D4D0BAQHLbk5HtPaFrA/company-logo_100_100/company-logo_100_100/0/1722945249128/natura_logo?e=1787788800&v=beta&t=6t84b4EiUuUO0pyJPgpk1ny6HFrTiDIYHFqnoctk5MQ;Data & Ai > BI Analytics And Big Data;https://www.linkedin.com/company/natura/about/;Dados e Analytics;(3 AND Corações AND S/A) OR (Anheuser-Busch AND InBev) OR (AB AND InBev) OR Bauducco OR Cargill OR (Coca-Cola AND FEMSA) OR Danone OR Diageo OR (General AND Mills) OR (Grupo AND Boticário) OR Heineken OR Henkel OR JBS OR Kimberly-Clark OR (Kraft AND Heinz) OR L'Oréal OR (Lindt AND Sprüngli AND Brasil) OR (Louis AND Vuitton) OR Natura OR Nestlé OR PepsiCo OR (Philip AND Morris AND International) OR (Red AND Bull) OR (The AND HEINEKEN AND Company) OR Unilever OR (Whirlpool AND Corporation);natura;1;;https://www.linkedin.com/jobs/view/4450005361/;https://www.linkedin.com/jobs/view/4450005361/;Hybrid;Mid, Associate, Salesforce/CRM, Dados/Analytics;06/08/2026;São Paulo;São Paulo;SP;Região Sudeste;Brasil;América do Sul
118;Natura;Analytics Engineer Pleno (Custo de Pessoal);São Paulo (SP);05/08 20:00;https://www.linkedin.com/jobs/view/4449317404/;https://media.licdn.com/dms/image/v2/D4D0BAQHLbk5HtPaFrA/company-logo_100_100/company-logo_100_100/0/1722945249128/natura_logo?e=1787788800&v=beta&t=6t84b4EiUuUO0pyJPgpk1ny6HFrTiDIYHFqnoctk5MQ;Data & Ai > BI Analytics And Big Data;https://www.linkedin.com/company/natura/about/;Dados e Analytics;(3 AND Corações AND S/A) OR (Anheuser-Busch AND InBev) OR (AB AND InBev) OR Bauducco OR Cargill OR (Coca-Cola AND FEMSA) OR Danone OR Diageo OR (General AND Mills) OR (Grupo AND Boticário) OR Heineken OR Henkel OR JBS OR Kimberly-Clark OR (Kraft AND Heinz) OR L'Oréal OR (Lindt AND Sprüngli AND Brasil) OR (Louis AND Vuitton) OR Natura OR Nestlé OR PepsiCo OR (Philip AND Morris AND International) OR (Red AND Bull) OR (The AND HEINEKEN AND Company) OR Unilever OR (Whirlpool AND Corporation);natura;1;;https://www.linkedin.com/jobs/view/4449317404/;https://www.linkedin.com/jobs/view/4449317404/;Hybrid;PCD / Afirmativa, Mid, Dados/Analytics, Engenharia Geral;06/08/2026;São Paulo;São Paulo;SP;Região Sudeste;Brasil;América do Sul
119;Nestlé;Consultoria Vendas JR | Boutique Nespresso | Uberlândia/MG;Belo Horizonte (MG);05/08 21:00;https://www.linkedin.com/jobs/view/4449916781/;https://media.licdn.com/dms/image/v2/C4E0BAQGaL-YyJ8xd7Q/company-logo_100_100/company-logo_100_100/0/1630615758178/nestle_s_a__logo?e=1787788800&v=beta&t=-_dMmdMyTzw7P5TZIvJR_wAHGCOsiySJmgr7LGhc0r0;Advanced > Specialist;https://www.linkedin.com/company/nestl/about/;Alimentos e Bebidas;(3 AND Corações AND S/A) OR (Anheuser-Busch AND InBev) OR (AB AND InBev) OR Bauducco OR Cargill OR (Coca-Cola AND FEMSA) OR Danone OR Diageo OR (General AND Mills) OR (Grupo AND Boticário) OR Heineken OR Henkel OR JBS OR Kimberly-Clark OR (Kraft AND Heinz) OR L'Oréal OR (Lindt AND Sprüngli AND Brasil) OR (Louis AND Vuitton) OR Natura OR Nestlé OR PepsiCo OR (Philip AND Morris AND International) OR (Red AND Bull) OR (The AND HEINEKEN AND Company) OR Unilever OR (Whirlpool AND Corporation);nestlé;1;;https://www.linkedin.com/jobs/view/4449916781/;https://www.linkedin.com/jobs/view/4449916781/;On-site;Junior, Consultor, Vendas / Comercial;06/08/2026;Belo Horizonte;Minas Gerais;MG;Região Sudeste;Brasil;América do Sul
120;Nestlé;Representante Nutricao Clinica JR | VN11 | Londrina ou Maringá - PR;Curitiba (PR);06/08 15:00;https://www.linkedin.com/jobs/view/4440905724/;https://media.licdn.com/dms/image/v2/C4E0BAQGaL-YyJ8xd7Q/company-logo_100_100/company-logo_100_100/0/1630615758178/nestle_s_a__logo?e=1787788800&v=beta&t=-_dMmdMyTzw7P5TZIvJR_wAHGCOsiySJmgr7LGhc0r0;-;https://www.linkedin.com/company/nestl/about/;Alimentos e Bebidas;(3 AND Corações AND S/A) OR (Anheuser-Busch AND InBev) OR (AB AND InBev) OR Bauducco OR Cargill OR (Coca-Cola AND FEMSA) OR Danone OR Diageo OR (General AND Mills) OR (Grupo AND Boticário) OR Heineken OR Henkel OR JBS OR Kimberly-Clark OR (Kraft AND Heinz) OR L'Oréal OR (Lindt AND Sprüngli AND Brasil) OR (Louis AND Vuitton) OR Natura OR Nestlé OR PepsiCo OR (Philip AND Morris AND International) OR (Red AND Bull) OR (The AND HEINEKEN AND Company) OR Unilever OR (Whirlpool AND Corporation);nestlé;1;;https://www.linkedin.com/jobs/view/4440905724/;https://www.linkedin.com/jobs/view/4440905724/;On-site;Junior;06/08/2026;Curitiba;Paraná;PR;Região Sul;Brasil;América do Sul
121;Nestlé;Executivo de Vendas Pleno - Puravida Fortaleza Ceara;Fortaleza (CE);05/08 20:00;https://www.linkedin.com/jobs/view/4449683026/;https://media.licdn.com/dms/image/v2/C4E0BAQGaL-YyJ8xd7Q/company-logo_100_100/company-logo_100_100/0/1630615758178/nestle_s_a__logo?e=1787788800&v=beta&t=-_dMmdMyTzw7P5TZIvJR_wAHGCOsiySJmgr7LGhc0r0;-;https://www.linkedin.com/company/nestl/about/;Alimentos e Bebidas;(3 AND Corações AND S/A) OR (Anheuser-Busch AND InBev) OR (AB AND InBev) OR Bauducco OR Cargill OR (Coca-Cola AND FEMSA) OR Danone OR Diageo OR (General AND Mills) OR (Grupo AND Boticário) OR Heineken OR Henkel OR JBS OR Kimberly-Clark OR (Kraft AND Heinz) OR L'Oréal OR (Lindt AND Sprüngli AND Brasil) OR (Louis AND Vuitton) OR Natura OR Nestlé OR PepsiCo OR (Philip AND Morris AND International) OR (Red AND Bull) OR (The AND HEINEKEN AND Company) OR Unilever OR (Whirlpool AND Corporation);nestlé;1;;https://www.linkedin.com/jobs/view/4449683026/;https://www.linkedin.com/jobs/view/4449683026/;On-site;Mid, Vendas / Comercial;06/08/2026;Fortaleza;Ceará;CE;Região Nordeste;Brasil;América do Sul
122;Nestlé;Auxiliar de Fabricação;Goiânia (GO);05/08 20:00;https://www.linkedin.com/jobs/view/4449666924/;https://media.licdn.com/dms/image/v2/C4E0BAQGaL-YyJ8xd7Q/company-logo_100_100/company-logo_100_100/0/1630615758178/nestle_s_a__logo?e=1787788800&v=beta&t=-_dMmdMyTzw7P5TZIvJR_wAHGCOsiySJmgr7LGhc0r0;-;https://www.linkedin.com/company/nestl/about/;Alimentos e Bebidas;(3 AND Corações AND S/A) OR (Anheuser-Busch AND InBev) OR (AB AND InBev) OR Bauducco OR Cargill OR (Coca-Cola AND FEMSA) OR Danone OR Diageo OR (General AND Mills) OR (Grupo AND Boticário) OR Heineken OR Henkel OR JBS OR Kimberly-Clark OR (Kraft AND Heinz) OR L'Oréal OR (Lindt AND Sprüngli AND Brasil) OR (Louis AND Vuitton) OR Natura OR Nestlé OR PepsiCo OR (Philip AND Morris AND International) OR (Red AND Bull) OR (The AND HEINEKEN AND Company) OR Unilever OR (Whirlpool AND Corporation);nestlé;1;;https://www.linkedin.com/jobs/view/4449666924/;https://www.linkedin.com/jobs/view/4449666924/;On-site;Associate;06/08/2026;Goiânia;Goiás;GO;Região Centro-Oeste;Brasil;América do Sul
123;Nestlé;Coordenação Manutenção e Utilidades;Montes Claros (MG);05/08 21:00;https://www.linkedin.com/jobs/view/4449923743/;https://media.licdn.com/dms/image/v2/C4E0BAQGaL-YyJ8xd7Q/company-logo_100_100/company-logo_100_100/0/1630615758178/nestle_s_a__logo?e=1787788800&v=beta&t=-_dMmdMyTzw7P5TZIvJR_wAHGCOsiySJmgr7LGhc0r0;-;https://www.linkedin.com/company/nestl/about/;Alimentos e Bebidas;(3 AND Corações AND S/A) OR (Anheuser-Busch AND InBev) OR (AB AND InBev) OR Bauducco OR Cargill OR (Coca-Cola AND FEMSA) OR Danone OR Diageo OR (General AND Mills) OR (Grupo AND Boticário) OR Heineken OR Henkel OR JBS OR Kimberly-Clark OR (Kraft AND Heinz) OR L'Oréal OR (Lindt AND Sprüngli AND Brasil) OR (Louis AND Vuitton) OR Natura OR Nestlé OR PepsiCo OR (Philip AND Morris AND International) OR (Red AND Bull) OR (The AND HEINEKEN AND Company) OR Unilever OR (Whirlpool AND Corporation);nestlé;1;;https://www.linkedin.com/jobs/view/4449923743/;https://www.linkedin.com/jobs/view/4449923743/;On-site;Mid, Sustentação/O&M;06/08/2026;Montes Claros;Minas Gerais;MG;Região Sudeste;Brasil;América do Sul
124;Nestlé;Analista Pleno em Social Media Intelligence;Ribeirão Preto (SP);06/08 15:00;https://www.linkedin.com/jobs/view/4450289527/;https://media.licdn.com/dms/image/v2/C4E0BAQGaL-YyJ8xd7Q/company-logo_100_100/company-logo_100_100/0/1630615758178/nestle_s_a__logo?e=1787788800&v=beta&t=-_dMmdMyTzw7P5TZIvJR_wAHGCOsiySJmgr7LGhc0r0;Advanced > Specialist;https://www.linkedin.com/company/nestl/about/;Alimentos e Bebidas;(3 AND Corações AND S/A) OR (Anheuser-Busch AND InBev) OR (AB AND InBev) OR Bauducco OR Cargill OR (Coca-Cola AND FEMSA) OR Danone OR Diageo OR (General AND Mills) OR (Grupo AND Boticário) OR Heineken OR Henkel OR JBS OR Kimberly-Clark OR (Kraft AND Heinz) OR L'Oréal OR (Lindt AND Sprüngli AND Brasil) OR (Louis AND Vuitton) OR Natura OR Nestlé OR PepsiCo OR (Philip AND Morris AND International) OR (Red AND Bull) OR (The AND HEINEKEN AND Company) OR Unilever OR (Whirlpool AND Corporation);nestlé;1;;https://www.linkedin.com/jobs/view/4450289527/;https://www.linkedin.com/jobs/view/4450289527/;Hybrid;Mid, Associate, Marketing/Mídia;06/08/2026;Ribeirão Preto;São Paulo;SP;Região Sudeste;Brasil;América do Sul
125;Nestlé;Analista Tributário Pleno;Ribeirão Preto (SP);06/08 15:00;https://www.linkedin.com/jobs/view/4450299307/;https://media.licdn.com/dms/image/v2/C4E0BAQGaL-YyJ8xd7Q/company-logo_100_100/company-logo_100_100/0/1630615758178/nestle_s_a__logo?e=1787788800&v=beta&t=-_dMmdMyTzw7P5TZIvJR_wAHGCOsiySJmgr7LGhc0r0;Agility > Agile Coach > Tribo;https://www.linkedin.com/company/nestl/about/;Alimentos e Bebidas;(3 AND Corações AND S/A) OR (Anheuser-Busch AND InBev) OR (AB AND InBev) OR Bauducco OR Cargill OR (Coca-Cola AND FEMSA) OR Danone OR Diageo OR (General AND Mills) OR (Grupo AND Boticário) OR Heineken OR Henkel OR JBS OR Kimberly-Clark OR (Kraft AND Heinz) OR L'Oréal OR (Lindt AND Sprüngli AND Brasil) OR (Louis AND Vuitton) OR Natura OR Nestlé OR PepsiCo OR (Philip AND Morris AND International) OR (Red AND Bull) OR (The AND HEINEKEN AND Company) OR Unilever OR (Whirlpool AND Corporation);nestlé;1;;https://www.linkedin.com/jobs/view/4450299307/;https://www.linkedin.com/jobs/view/4450299307/;Remote;Mid, Associate;06/08/2026;Ribeirão Preto;São Paulo;SP;Região Sudeste;Brasil;América do Sul
126;Nestlé;Auxiliar Fabricação - Limpeza;São José do Rio Pardo (SP);05/08 21:00;https://www.linkedin.com/jobs/view/4449926720/;https://media.licdn.com/dms/image/v2/C4E0BAQGaL-YyJ8xd7Q/company-logo_100_100/company-logo_100_100/0/1630615758178/nestle_s_a__logo?e=1787788800&v=beta&t=-_dMmdMyTzw7P5TZIvJR_wAHGCOsiySJmgr7LGhc0r0;-;https://www.linkedin.com/company/nestl/about/;Alimentos e Bebidas;(3 AND Corações AND S/A) OR (Anheuser-Busch AND InBev) OR (AB AND InBev) OR Bauducco OR Cargill OR (Coca-Cola AND FEMSA) OR Danone OR Diageo OR (General AND Mills) OR (Grupo AND Boticário) OR Heineken OR Henkel OR JBS OR Kimberly-Clark OR (Kraft AND Heinz) OR L'Oréal OR (Lindt AND Sprüngli AND Brasil) OR (Louis AND Vuitton) OR Natura OR Nestlé OR PepsiCo OR (Philip AND Morris AND International) OR (Red AND Bull) OR (The AND HEINEKEN AND Company) OR Unilever OR (Whirlpool AND Corporation);nestlé;1;;https://www.linkedin.com/jobs/view/4449926720/;https://www.linkedin.com/jobs/view/4449926720/;On-site;Associate;06/08/2026;São José do Rio Pardo;São Paulo;SP;Região Sudeste;Brasil;América do Sul
127;Nestlé;Analista Científico Júnior;São Paulo (SP);06/08 15:00;https://www.linkedin.com/jobs/view/4449015369/;https://media.licdn.com/dms/image/v2/C4E0BAQGaL-YyJ8xd7Q/company-logo_100_100/company-logo_100_100/0/1630615758178/nestle_s_a__logo?e=1787788800&v=beta&t=-_dMmdMyTzw7P5TZIvJR_wAHGCOsiySJmgr7LGhc0r0;Advanced > Specialist;https://www.linkedin.com/company/nestl/about/;Alimentos e Bebidas;(3 AND Corações AND S/A) OR (Anheuser-Busch AND InBev) OR (AB AND InBev) OR Bauducco OR Cargill OR (Coca-Cola AND FEMSA) OR Danone OR Diageo OR (General AND Mills) OR (Grupo AND Boticário) OR Heineken OR Henkel OR JBS OR Kimberly-Clark OR (Kraft AND Heinz) OR L'Oréal OR (Lindt AND Sprüngli AND Brasil) OR (Louis AND Vuitton) OR Natura OR Nestlé OR PepsiCo OR (Philip AND Morris AND International) OR (Red AND Bull) OR (The AND HEINEKEN AND Company) OR Unilever OR (Whirlpool AND Corporation);nestlé;1;;https://www.linkedin.com/jobs/view/4449015369/;https://www.linkedin.com/jobs/view/4449015369/;On-site;Junior, Associate;06/08/2026;São Paulo;São Paulo;SP;Região Sudeste;Brasil;América do Sul
128;Nestlé;Analista de Customer Facing PL;São Paulo (SP);05/08 20:00;https://www.linkedin.com/jobs/view/4449670128/;https://media.licdn.com/dms/image/v2/C4E0BAQGaL-YyJ8xd7Q/company-logo_100_100/company-logo_100_100/0/1630615758178/nestle_s_a__logo?e=1787788800&v=beta&t=-_dMmdMyTzw7P5TZIvJR_wAHGCOsiySJmgr7LGhc0r0;Advanced > Specialist;https://www.linkedin.com/company/nestl/about/;Alimentos e Bebidas;(3 AND Corações AND S/A) OR (Anheuser-Busch AND InBev) OR (AB AND InBev) OR Bauducco OR Cargill OR (Coca-Cola AND FEMSA) OR Danone OR Diageo OR (General AND Mills) OR (Grupo AND Boticário) OR Heineken OR Henkel OR JBS OR Kimberly-Clark OR (Kraft AND Heinz) OR L'Oréal OR (Lindt AND Sprüngli AND Brasil) OR (Louis AND Vuitton) OR Natura OR Nestlé OR PepsiCo OR (Philip AND Morris AND International) OR (Red AND Bull) OR (The AND HEINEKEN AND Company) OR Unilever OR (Whirlpool AND Corporation);nestlé;1;;https://www.linkedin.com/jobs/view/4449670128/;https://www.linkedin.com/jobs/view/4449670128/;On-site;Mid, Associate;06/08/2026;São Paulo;São Paulo;SP;Região Sudeste;Brasil;América do Sul
129;Nestlé;Execução de Vendas SR | VN06 | São Paulo, SP;São Paulo (SP);05/08 21:00;https://www.linkedin.com/jobs/view/4449939437/;https://media.licdn.com/dms/image/v2/C4E0BAQGaL-YyJ8xd7Q/company-logo_100_100/company-logo_100_100/0/1630615758178/nestle_s_a__logo?e=1787788800&v=beta&t=-_dMmdMyTzw7P5TZIvJR_wAHGCOsiySJmgr7LGhc0r0;-;https://www.linkedin.com/company/nestl/about/;Alimentos e Bebidas;(3 AND Corações AND S/A) OR (Anheuser-Busch AND InBev) OR (AB AND InBev) OR Bauducco OR Cargill OR (Coca-Cola AND FEMSA) OR Danone OR Diageo OR (General AND Mills) OR (Grupo AND Boticário) OR Heineken OR Henkel OR JBS OR Kimberly-Clark OR (Kraft AND Heinz) OR L'Oréal OR (Lindt AND Sprüngli AND Brasil) OR (Louis AND Vuitton) OR Natura OR Nestlé OR PepsiCo OR (Philip AND Morris AND International) OR (Red AND Bull) OR (The AND HEINEKEN AND Company) OR Unilever OR (Whirlpool AND Corporation);nestlé;1;;https://www.linkedin.com/jobs/view/4449939437/;https://www.linkedin.com/jobs/view/4449939437/;On-site;Senior, Vendas / Comercial;06/08/2026;São Paulo;São Paulo;SP;Região Sudeste;Brasil;América do Sul
130;Nestlé;Project Marketing Analyst Pl.;São Paulo (SP);06/08 15:00;https://www.linkedin.com/jobs/view/4449474721/;https://media.licdn.com/dms/image/v2/C4E0BAQGaL-YyJ8xd7Q/company-logo_100_100/company-logo_100_100/0/1630615758178/nestle_s_a__logo?e=1787788800&v=beta&t=-_dMmdMyTzw7P5TZIvJR_wAHGCOsiySJmgr7LGhc0r0;Advanced > Specialist;https://www.linkedin.com/company/nestl/about/;Alimentos e Bebidas;(3 AND Corações AND S/A) OR (Anheuser-Busch AND InBev) OR (AB AND InBev) OR Bauducco OR Cargill OR (Coca-Cola AND FEMSA) OR Danone OR Diageo OR (General AND Mills) OR (Grupo AND Boticário) OR Heineken OR Henkel OR JBS OR Kimberly-Clark OR (Kraft AND Heinz) OR L'Oréal OR (Lindt AND Sprüngli AND Brasil) OR (Louis AND Vuitton) OR Natura OR Nestlé OR PepsiCo OR (Philip AND Morris AND International) OR (Red AND Bull) OR (The AND HEINEKEN AND Company) OR Unilever OR (Whirlpool AND Corporation);nestlé;1;;https://www.linkedin.com/jobs/view/4449474721/;https://www.linkedin.com/jobs/view/4449474721/;On-site;Mid, Marketing/Mídia;06/08/2026;São Paulo;São Paulo;SP;Região Sudeste;Brasil;América do Sul
131;Nestlé;Analista Fabricação Jr;Vargeão (SC);05/08 21:00;https://www.linkedin.com/jobs/view/4449918798/;https://media.licdn.com/dms/image/v2/C4E0BAQGaL-YyJ8xd7Q/company-logo_100_100/company-logo_100_100/0/1630615758178/nestle_s_a__logo?e=1787788800&v=beta&t=-_dMmdMyTzw7P5TZIvJR_wAHGCOsiySJmgr7LGhc0r0;Advanced > Specialist;https://www.linkedin.com/company/nestl/about/;Alimentos e Bebidas;(3 AND Corações AND S/A) OR (Anheuser-Busch AND InBev) OR (AB AND InBev) OR Bauducco OR Cargill OR (Coca-Cola AND FEMSA) OR Danone OR Diageo OR (General AND Mills) OR (Grupo AND Boticário) OR Heineken OR Henkel OR JBS OR Kimberly-Clark OR (Kraft AND Heinz) OR L'Oréal OR (Lindt AND Sprüngli AND Brasil) OR (Louis AND Vuitton) OR Natura OR Nestlé OR PepsiCo OR (Philip AND Morris AND International) OR (Red AND Bull) OR (The AND HEINEKEN AND Company) OR Unilever OR (Whirlpool AND Corporation);nestlé;1;;https://www.linkedin.com/jobs/view/4449918798/;https://www.linkedin.com/jobs/view/4449918798/;On-site;Junior, Associate;06/08/2026;Vargeão;Santa Catarina;SC;Região Sul;Brasil;América do Sul
132;Nestlé;Analista Qualidade Pl;Vargeão (SC);05/08 21:00;https://www.linkedin.com/jobs/view/4449936588/;https://media.licdn.com/dms/image/v2/C4E0BAQGaL-YyJ8xd7Q/company-logo_100_100/company-logo_100_100/0/1630615758178/nestle_s_a__logo?e=1787788800&v=beta&t=-_dMmdMyTzw7P5TZIvJR_wAHGCOsiySJmgr7LGhc0r0;Advanced > Specialist;https://www.linkedin.com/company/nestl/about/;Alimentos e Bebidas;(3 AND Corações AND S/A) OR (Anheuser-Busch AND InBev) OR (AB AND InBev) OR Bauducco OR Cargill OR (Coca-Cola AND FEMSA) OR Danone OR Diageo OR (General AND Mills) OR (Grupo AND Boticário) OR Heineken OR Henkel OR JBS OR Kimberly-Clark OR (Kraft AND Heinz) OR L'Oréal OR (Lindt AND Sprüngli AND Brasil) OR (Louis AND Vuitton) OR Natura OR Nestlé OR PepsiCo OR (Philip AND Morris AND International) OR (Red AND Bull) OR (The AND HEINEKEN AND Company) OR Unilever OR (Whirlpool AND Corporation);nestlé;1;;https://www.linkedin.com/jobs/view/4449936588/;https://www.linkedin.com/jobs/view/4449936588/;On-site;Mid, Associate;06/08/2026;Vargeão;Santa Catarina;SC;Região Sul;Brasil;América do Sul
133;Nestlé;Eletricista Manutenção;Vargeão (SC);05/08 21:00;https://www.linkedin.com/jobs/view/4449926721/;https://media.licdn.com/dms/image/v2/C4E0BAQGaL-YyJ8xd7Q/company-logo_100_100/company-logo_100_100/0/1630615758178/nestle_s_a__logo?e=1787788800&v=beta&t=-_dMmdMyTzw7P5TZIvJR_wAHGCOsiySJmgr7LGhc0r0;-;https://www.linkedin.com/company/nestl/about/;Alimentos e Bebidas;(3 AND Corações AND S/A) OR (Anheuser-Busch AND InBev) OR (AB AND InBev) OR Bauducco OR Cargill OR (Coca-Cola AND FEMSA) OR Danone OR Diageo OR (General AND Mills) OR (Grupo AND Boticário) OR Heineken OR Henkel OR JBS OR Kimberly-Clark OR (Kraft AND Heinz) OR L'Oréal OR (Lindt AND Sprüngli AND Brasil) OR (Louis AND Vuitton) OR Natura OR Nestlé OR PepsiCo OR (Philip AND Morris AND International) OR (Red AND Bull) OR (The AND HEINEKEN AND Company) OR Unilever OR (Whirlpool AND Corporation);nestlé;1;;https://www.linkedin.com/jobs/view/4449926721/;https://www.linkedin.com/jobs/view/4449926721/;On-site;Sustentação/O&M;06/08/2026;Vargeão;Santa Catarina;SC;Região Sul;Brasil;América do Sul
134;Nestlé;Segurança do Trabalho PL;Vargeão (SC);05/08 21:00;https://www.linkedin.com/jobs/view/4449936589/;https://media.licdn.com/dms/image/v2/C4E0BAQGaL-YyJ8xd7Q/company-logo_100_100/company-logo_100_100/0/1630615758178/nestle_s_a__logo?e=1787788800&v=beta&t=-_dMmdMyTzw7P5TZIvJR_wAHGCOsiySJmgr7LGhc0r0;-;https://www.linkedin.com/company/nestl/about/;Alimentos e Bebidas;(3 AND Corações AND S/A) OR (Anheuser-Busch AND InBev) OR (AB AND InBev) OR Bauducco OR Cargill OR (Coca-Cola AND FEMSA) OR Danone OR Diageo OR (General AND Mills) OR (Grupo AND Boticário) OR Heineken OR Henkel OR JBS OR Kimberly-Clark OR (Kraft AND Heinz) OR L'Oréal OR (Lindt AND Sprüngli AND Brasil) OR (Louis AND Vuitton) OR Natura OR Nestlé OR PepsiCo OR (Philip AND Morris AND International) OR (Red AND Bull) OR (The AND HEINEKEN AND Company) OR Unilever OR (Whirlpool AND Corporation);nestlé;1;;https://www.linkedin.com/jobs/view/4449936589/;https://www.linkedin.com/jobs/view/4449936589/;On-site;Mid;06/08/2026;Vargeão;Santa Catarina;SC;Região Sul;Brasil;América do Sul
135;Nestlé;Segurança do Trabalho SR;Vargeão (SC);05/08 21:00;https://www.linkedin.com/jobs/view/4449939436/;https://media.licdn.com/dms/image/v2/C4E0BAQGaL-YyJ8xd7Q/company-logo_100_100/company-logo_100_100/0/1630615758178/nestle_s_a__logo?e=1787788800&v=beta&t=-_dMmdMyTzw7P5TZIvJR_wAHGCOsiySJmgr7LGhc0r0;-;https://www.linkedin.com/company/nestl/about/;Alimentos e Bebidas;(3 AND Corações AND S/A) OR (Anheuser-Busch AND InBev) OR (AB AND InBev) OR Bauducco OR Cargill OR (Coca-Cola AND FEMSA) OR Danone OR Diageo OR (General AND Mills) OR (Grupo AND Boticário) OR Heineken OR Henkel OR JBS OR Kimberly-Clark OR (Kraft AND Heinz) OR L'Oréal OR (Lindt AND Sprüngli AND Brasil) OR (Louis AND Vuitton) OR Natura OR Nestlé OR PepsiCo OR (Philip AND Morris AND International) OR (Red AND Bull) OR (The AND HEINEKEN AND Company) OR Unilever OR (Whirlpool AND Corporation);nestlé;1;;https://www.linkedin.com/jobs/view/4449939436/;https://www.linkedin.com/jobs/view/4449939436/;On-site;Senior;06/08/2026;Vargeão;Santa Catarina;SC;Região Sul;Brasil;América do Sul
136;Nestlé Nespresso SA;Consultoria de Vendas JR | BT Morumbi/SP;São Paulo (SP);05/08 20:00;https://www.linkedin.com/jobs/view/4449680036/;https://media.licdn.com/dms/image/v2/C4E0BAQEBft_J5I4gXg/company-logo_100_100/company-logo_100_100/0/1631340410889?e=1787788800&v=beta&t=m5FxmzuuDooQ6LVueqiJj4tMmNIA6vCBbOioIldiod4;Advanced > Specialist;https://www.linkedin.com/company/nestl-nespresso-sa/about/;Alimentos e Bebidas;(3 AND Corações AND S/A) OR (Anheuser-Busch AND InBev) OR (AB AND InBev) OR Bauducco OR Cargill OR (Coca-Cola AND FEMSA) OR Danone OR Diageo OR (General AND Mills) OR (Grupo AND Boticário) OR Heineken OR Henkel OR JBS OR Kimberly-Clark OR (Kraft AND Heinz) OR L'Oréal OR (Lindt AND Sprüngli AND Brasil) OR (Louis AND Vuitton) OR Natura OR Nestlé OR PepsiCo OR (Philip AND Morris AND International) OR (Red AND Bull) OR (The AND HEINEKEN AND Company) OR Unilever OR (Whirlpool AND Corporation);nestlé nespresso sa;1;;https://www.linkedin.com/jobs/view/4449680036/;https://www.linkedin.com/jobs/view/4449680036/;On-site;Junior, Consultor, Vendas / Comercial;06/08/2026;São Paulo;São Paulo;SP;Região Sudeste;Brasil;América do Sul
137;PepsiCo;Assistente de Controladoria Pleno;Contagem (MG);06/08 11:00;https://www.linkedin.com/jobs/view/4438423963/;https://media.licdn.com/dms/image/v2/D4E0BAQH6OpZgQIX1lQ/company-logo_100_100/B4EZoqk4DAKYAQ-/0/1761650901484/pepsico_logo?e=1787788800&v=beta&t=5AuyofvT-US1WJ5lGrlJbmMgEwh3SJnR1-sUr1Ew6_8;-;https://www.linkedin.com/company/pepsico/about/;-;(3 AND Corações AND S/A) OR (Anheuser-Busch AND InBev) OR (AB AND InBev) OR Bauducco OR Cargill OR (Coca-Cola AND FEMSA) OR Danone OR Diageo OR (General AND Mills) OR (Grupo AND Boticário) OR Heineken OR Henkel OR JBS OR Kimberly-Clark OR (Kraft AND Heinz) OR L'Oréal OR (Lindt AND Sprüngli AND Brasil) OR (Louis AND Vuitton) OR Natura OR Nestlé OR PepsiCo OR (Philip AND Morris AND International) OR (Red AND Bull) OR (The AND HEINEKEN AND Company) OR Unilever OR (Whirlpool AND Corporation);pepsico;1;;https://www.linkedin.com/jobs/view/4438423963/;https://www.linkedin.com/jobs/view/4438423963/;On-site;Mid, Associate;06/08/2026;Contagem;Minas Gerais;MG;Região Sudeste;Brasil;América do Sul
138;PepsiCo;Assistente de Controladoria Pleno;Contagem (MG);06/08 10:00;https://www.linkedin.com/jobs/view/4438425964/;https://media.licdn.com/dms/image/v2/D4E0BAQH6OpZgQIX1lQ/company-logo_100_100/B4EZoqk4DAKYAQ-/0/1761650901484/pepsico_logo?e=1787788800&v=beta&t=5AuyofvT-US1WJ5lGrlJbmMgEwh3SJnR1-sUr1Ew6_8;-;https://www.linkedin.com/company/pepsico/about/;-;(3 AND Corações AND S/A) OR (Anheuser-Busch AND InBev) OR (AB AND InBev) OR Bauducco OR Cargill OR (Coca-Cola AND FEMSA) OR Danone OR Diageo OR (General AND Mills) OR (Grupo AND Boticário) OR Heineken OR Henkel OR JBS OR Kimberly-Clark OR (Kraft AND Heinz) OR L'Oréal OR (Lindt AND Sprüngli AND Brasil) OR (Louis AND Vuitton) OR Natura OR Nestlé OR PepsiCo OR (Philip AND Morris AND International) OR (Red AND Bull) OR (The AND HEINEKEN AND Company) OR Unilever OR (Whirlpool AND Corporation);pepsico;1;;https://www.linkedin.com/jobs/view/4438425964/;https://www.linkedin.com/jobs/view/4438425964/;On-site;Mid, Associate;06/08/2026;Contagem;Minas Gerais;MG;Região Sudeste;Brasil;América do Sul
139;PepsiCo;Assistente de Logística Sênior - Gaspar;Gaspar (SC);06/08 11:00;https://www.linkedin.com/jobs/view/4438420122/;https://media.licdn.com/dms/image/v2/D4E0BAQH6OpZgQIX1lQ/company-logo_100_100/B4EZoqk4DAKYAQ-/0/1761650901484/pepsico_logo?e=1787788800&v=beta&t=5AuyofvT-US1WJ5lGrlJbmMgEwh3SJnR1-sUr1Ew6_8;-;https://www.linkedin.com/company/pepsico/about/;Energia e Combustíveis;(3 AND Corações AND S/A) OR (Anheuser-Busch AND InBev) OR (AB AND InBev) OR Bauducco OR Cargill OR (Coca-Cola AND FEMSA) OR Danone OR Diageo OR (General AND Mills) OR (Grupo AND Boticário) OR Heineken OR Henkel OR JBS OR Kimberly-Clark OR (Kraft AND Heinz) OR L'Oréal OR (Lindt AND Sprüngli AND Brasil) OR (Louis AND Vuitton) OR Natura OR Nestlé OR PepsiCo OR (Philip AND Morris AND International) OR (Red AND Bull) OR (The AND HEINEKEN AND Company) OR Unilever OR (Whirlpool AND Corporation);pepsico;1;;https://www.linkedin.com/jobs/view/4438420122/;https://www.linkedin.com/jobs/view/4438420122/;On-site;Senior, Associate, Logística/Supply;06/08/2026;Gaspar;Santa Catarina;SC;Região Sul;Brasil;América do Sul
140;PepsiCo;Assistente de Logística Sênior - Gaspar;Gaspar (SC);06/08 11:00;https://www.linkedin.com/jobs/view/4438418394/;https://media.licdn.com/dms/image/v2/D4E0BAQH6OpZgQIX1lQ/company-logo_100_100/B4EZoqk4DAKYAQ-/0/1761650901484/pepsico_logo?e=1787788800&v=beta&t=5AuyofvT-US1WJ5lGrlJbmMgEwh3SJnR1-sUr1Ew6_8;-;https://www.linkedin.com/company/pepsico/about/;Energia e Combustíveis;(3 AND Corações AND S/A) OR (Anheuser-Busch AND InBev) OR (AB AND InBev) OR Bauducco OR Cargill OR (Coca-Cola AND FEMSA) OR Danone OR Diageo OR (General AND Mills) OR (Grupo AND Boticário) OR Heineken OR Henkel OR JBS OR Kimberly-Clark OR (Kraft AND Heinz) OR L'Oréal OR (Lindt AND Sprüngli AND Brasil) OR (Louis AND Vuitton) OR Natura OR Nestlé OR PepsiCo OR (Philip AND Morris AND International) OR (Red AND Bull) OR (The AND HEINEKEN AND Company) OR Unilever OR (Whirlpool AND Corporation);pepsico;1;;https://www.linkedin.com/jobs/view/4438418394/;https://www.linkedin.com/jobs/view/4438418394/;On-site;Senior, Associate, Logística/Supply;06/08/2026;Gaspar;Santa Catarina;SC;Região Sul;Brasil;América do Sul
141;PepsiCo;Analista Administração Pessoal  PL;Itu (SP);06/08 09:00;https://www.linkedin.com/jobs/view/4438445099/;https://media.licdn.com/dms/image/v2/D4E0BAQH6OpZgQIX1lQ/company-logo_100_100/B4EZoqk4DAKYAQ-/0/1761650901484/pepsico_logo?e=1787788800&v=beta&t=5AuyofvT-US1WJ5lGrlJbmMgEwh3SJnR1-sUr1Ew6_8;Advanced > Specialist;https://www.linkedin.com/company/pepsico/about/;-;(3 AND Corações AND S/A) OR (Anheuser-Busch AND InBev) OR (AB AND InBev) OR Bauducco OR Cargill OR (Coca-Cola AND FEMSA) OR Danone OR Diageo OR (General AND Mills) OR (Grupo AND Boticário) OR Heineken OR Henkel OR JBS OR Kimberly-Clark OR (Kraft AND Heinz) OR L'Oréal OR (Lindt AND Sprüngli AND Brasil) OR (Louis AND Vuitton) OR Natura OR Nestlé OR PepsiCo OR (Philip AND Morris AND International) OR (Red AND Bull) OR (The AND HEINEKEN AND Company) OR Unilever OR (Whirlpool AND Corporation);pepsico;1;;https://www.linkedin.com/jobs/view/4438445099/;https://www.linkedin.com/jobs/view/4438445099/;On-site;PCD / Afirmativa, Mid, Associate;06/08/2026;Itu;São Paulo;SP;Região Sudeste;Brasil;América do Sul
142;PepsiCo;Assistente de Controladoria SR;Salvador (BA);06/08 11:00;https://www.linkedin.com/jobs/view/4437620882/;https://media.licdn.com/dms/image/v2/D4E0BAQH6OpZgQIX1lQ/company-logo_100_100/B4EZoqk4DAKYAQ-/0/1761650901484/pepsico_logo?e=1787788800&v=beta&t=5AuyofvT-US1WJ5lGrlJbmMgEwh3SJnR1-sUr1Ew6_8;-;https://www.linkedin.com/company/pepsico/about/;-;(3 AND Corações AND S/A) OR (Anheuser-Busch AND InBev) OR (AB AND InBev) OR Bauducco OR Cargill OR (Coca-Cola AND FEMSA) OR Danone OR Diageo OR (General AND Mills) OR (Grupo AND Boticário) OR Heineken OR Henkel OR JBS OR Kimberly-Clark OR (Kraft AND Heinz) OR L'Oréal OR (Lindt AND Sprüngli AND Brasil) OR (Louis AND Vuitton) OR Natura OR Nestlé OR PepsiCo OR (Philip AND Morris AND International) OR (Red AND Bull) OR (The AND HEINEKEN AND Company) OR Unilever OR (Whirlpool AND Corporation);pepsico;1;;https://www.linkedin.com/jobs/view/4437620882/;https://www.linkedin.com/jobs/view/4437620882/;On-site;Senior, Associate;06/08/2026;Salvador;Bahia;BA;Região Nordeste;Brasil;América do Sul
143;PepsiCo;Técnico(a) Eletromecânico(a) II;Sorocaba (SP);06/08 11:00;https://www.linkedin.com/jobs/view/4438401976/;https://media.licdn.com/dms/image/v2/D4E0BAQH6OpZgQIX1lQ/company-logo_100_100/B4EZoqk4DAKYAQ-/0/1761650901484/pepsico_logo?e=1787788800&v=beta&t=5AuyofvT-US1WJ5lGrlJbmMgEwh3SJnR1-sUr1Ew6_8;-;https://www.linkedin.com/company/pepsico/about/;-;(3 AND Corações AND S/A) OR (Anheuser-Busch AND InBev) OR (AB AND InBev) OR Bauducco OR Cargill OR (Coca-Cola AND FEMSA) OR Danone OR Diageo OR (General AND Mills) OR (Grupo AND Boticário) OR Heineken OR Henkel OR JBS OR Kimberly-Clark OR (Kraft AND Heinz) OR L'Oréal OR (Lindt AND Sprüngli AND Brasil) OR (Louis AND Vuitton) OR Natura OR Nestlé OR PepsiCo OR (Philip AND Morris AND International) OR (Red AND Bull) OR (The AND HEINEKEN AND Company) OR Unilever OR (Whirlpool AND Corporation);pepsico;1;;https://www.linkedin.com/jobs/view/4438401976/;https://www.linkedin.com/jobs/view/4438401976/;On-site;-;06/08/2026;Sorocaba;São Paulo;SP;Região Sudeste;Brasil;América do Sul
144;PepsiCo;Analista de Trade Marketing Sr.;São Paulo (SP);06/08 09:00;https://www.linkedin.com/jobs/view/4438458784/;https://media.licdn.com/dms/image/v2/D4E0BAQH6OpZgQIX1lQ/company-logo_100_100/B4EZoqk4DAKYAQ-/0/1761650901484/pepsico_logo?e=1787788800&v=beta&t=5AuyofvT-US1WJ5lGrlJbmMgEwh3SJnR1-sUr1Ew6_8;Advanced > Specialist;https://www.linkedin.com/company/pepsico/about/;Marketing e Publicidade Marketing;(3 AND Corações AND S/A) OR (Anheuser-Busch AND InBev) OR (AB AND InBev) OR Bauducco OR Cargill OR (Coca-Cola AND FEMSA) OR Danone OR Diageo OR (General AND Mills) OR (Grupo AND Boticário) OR Heineken OR Henkel OR JBS OR Kimberly-Clark OR (Kraft AND Heinz) OR L'Oréal OR (Lindt AND Sprüngli AND Brasil) OR (Louis AND Vuitton) OR Natura OR Nestlé OR PepsiCo OR (Philip AND Morris AND International) OR (Red AND Bull) OR (The AND HEINEKEN AND Company) OR Unilever OR (Whirlpool AND Corporation);pepsico;1;;https://www.linkedin.com/jobs/view/4438458784/;https://www.linkedin.com/jobs/view/4438458784/;On-site;Senior, Associate, Marketing/Mídia;06/08/2026;São Paulo;São Paulo;SP;Região Sudeste;Brasil;América do Sul
145;PepsiCo;Customer Service Analyst;São Paulo (SP);06/08 11:00;https://www.linkedin.com/jobs/view/4438432745/;https://media.licdn.com/dms/image/v2/D4E0BAQH6OpZgQIX1lQ/company-logo_100_100/B4EZoqk4DAKYAQ-/0/1761650901484/pepsico_logo?e=1787788800&v=beta&t=5AuyofvT-US1WJ5lGrlJbmMgEwh3SJnR1-sUr1Ew6_8;Advanced > Specialist;https://www.linkedin.com/company/pepsico/about/;-;(3 AND Corações AND S/A) OR (Anheuser-Busch AND InBev) OR (AB AND InBev) OR Bauducco OR Cargill OR (Coca-Cola AND FEMSA) OR Danone OR Diageo OR (General AND Mills) OR (Grupo AND Boticário) OR Heineken OR Henkel OR JBS OR Kimberly-Clark OR (Kraft AND Heinz) OR L'Oréal OR (Lindt AND Sprüngli AND Brasil) OR (Louis AND Vuitton) OR Natura OR Nestlé OR PepsiCo OR (Philip AND Morris AND International) OR (Red AND Bull) OR (The AND HEINEKEN AND Company) OR Unilever OR (Whirlpool AND Corporation);pepsico;1;;https://www.linkedin.com/jobs/view/4438432745/;https://www.linkedin.com/jobs/view/4438432745/;On-site;-;06/08/2026;São Paulo;São Paulo;SP;Região Sudeste;Brasil;América do Sul
146;PepsiCo;Sr. Manager Innovation & Commercialization;São Paulo (SP);06/08 15:00;https://www.linkedin.com/jobs/view/4448441503/;https://media.licdn.com/dms/image/v2/D4E0BAQH6OpZgQIX1lQ/company-logo_100_100/B4EZoqk4DAKYAQ-/0/1761650901484/pepsico_logo?e=1787788800&v=beta&t=5AuyofvT-US1WJ5lGrlJbmMgEwh3SJnR1-sUr1Ew6_8;Inovação > Ai Innovation;https://www.linkedin.com/company/pepsico/about/;Software e Serviços de TI;(3 AND Corações AND S/A) OR (Anheuser-Busch AND InBev) OR (AB AND InBev) OR Bauducco OR Cargill OR (Coca-Cola AND FEMSA) OR Danone OR Diageo OR (General AND Mills) OR (Grupo AND Boticário) OR Heineken OR Henkel OR JBS OR Kimberly-Clark OR (Kraft AND Heinz) OR L'Oréal OR (Lindt AND Sprüngli AND Brasil) OR (Louis AND Vuitton) OR Natura OR Nestlé OR PepsiCo OR (Philip AND Morris AND International) OR (Red AND Bull) OR (The AND HEINEKEN AND Company) OR Unilever OR (Whirlpool AND Corporation);pepsico;1;;https://www.linkedin.com/jobs/view/4448441503/;https://www.linkedin.com/jobs/view/4448441503/;On-site;Senior, Liderança/Gerência, Inovação/P&D;06/08/2026;São Paulo;São Paulo;SP;Região Sudeste;Brasil;América do Sul
147;Red Bull;Red Bull Student Marketeer -  UFMG;Campo Belo (MG);06/08 17:00;https://www.linkedin.com/jobs/view/4450634409/;https://media.licdn.com/dms/image/v2/D4D0BAQFdoIhv055bEw/company-logo_100_100/company-logo_100_100/0/1715940378252/red_bull_logo?e=1787788800&v=beta&t=VZu8niAtl2dwX-T0uBlQlbv8irYtxgIpPGQKoU3jxZg;-;https://www.linkedin.com/company/red-bull/about/;-;(3 AND Corações AND S/A) OR (Anheuser-Busch AND InBev) OR (AB AND InBev) OR Bauducco OR Cargill OR (Coca-Cola AND FEMSA) OR Danone OR Diageo OR (General AND Mills) OR (Grupo AND Boticário) OR Heineken OR Henkel OR JBS OR Kimberly-Clark OR (Kraft AND Heinz) OR L'Oréal OR (Lindt AND Sprüngli AND Brasil) OR (Louis AND Vuitton) OR Natura OR Nestlé OR PepsiCo OR (Philip AND Morris AND International) OR (Red AND Bull) OR (The AND HEINEKEN AND Company) OR Unilever OR (Whirlpool AND Corporation);red bull;1;;https://www.linkedin.com/jobs/view/4450634409/;https://www.linkedin.com/jobs/view/4450634409/;On-site;-;06/08/2026;Campo Belo;Minas Gerais;MG;Região Sudeste;Brasil;América do Sul
148;Red Bull;Red Bull Student Marketeer - Universidade São Judas Guarulhos - São Paulo;Grande São Paulo (SP) ;06/08 12:00;https://www.linkedin.com/jobs/view/4195167373/;https://media.licdn.com/dms/image/v2/D4D0BAQFdoIhv055bEw/company-logo_100_100/company-logo_100_100/0/1715940378252/red_bull_logo?e=1787788800&v=beta&t=VZu8niAtl2dwX-T0uBlQlbv8irYtxgIpPGQKoU3jxZg;-;https://www.linkedin.com/company/red-bull/about/;Educação;(3 AND Corações AND S/A) OR (Anheuser-Busch AND InBev) OR (AB AND InBev) OR Bauducco OR Cargill OR (Coca-Cola AND FEMSA) OR Danone OR Diageo OR (General AND Mills) OR (Grupo AND Boticário) OR Heineken OR Henkel OR JBS OR Kimberly-Clark OR (Kraft AND Heinz) OR L'Oréal OR (Lindt AND Sprüngli AND Brasil) OR (Louis AND Vuitton) OR Natura OR Nestlé OR PepsiCo OR (Philip AND Morris AND International) OR (Red AND Bull) OR (The AND HEINEKEN AND Company) OR Unilever OR (Whirlpool AND Corporation);red bull;1;;https://www.linkedin.com/jobs/view/4195167373/;https://www.linkedin.com/jobs/view/4195167373/;On-site;-;06/08/2026;;São Paulo;SP;Região Sudeste;Brasil;América do Sul
149;The HEINEKEN Company;Pessoa Analista Segurança Patrimonial JR - Fábrica Araraquara;Araraquara (SP);06/08 19:00;https://www.linkedin.com/jobs/view/4448471767/;https://media.licdn.com/dms/image/v2/D4E0BAQFGMcUwOz0TTQ/company-logo_100_100/B4EZaMIR_CGYAQ-/0/1746107703763/heineken_logo?e=1787788800&v=beta&t=9EUKbtNOhAc90uASIf_IMv3JsVSjs_Z9u7M619Deysw;Advanced > Specialist;https://www.linkedin.com/company/the-heineken-company/about/;Cibersegurança;(3 AND Corações AND S/A) OR (Anheuser-Busch AND InBev) OR (AB AND InBev) OR Bauducco OR Cargill OR (Coca-Cola AND FEMSA) OR Danone OR Diageo OR (General AND Mills) OR (Grupo AND Boticário) OR Heineken OR Henkel OR JBS OR Kimberly-Clark OR (Kraft AND Heinz) OR L'Oréal OR (Lindt AND Sprüngli AND Brasil) OR (Louis AND Vuitton) OR Natura OR Nestlé OR PepsiCo OR (Philip AND Morris AND International) OR (Red AND Bull) OR (The AND HEINEKEN AND Company) OR Unilever OR (Whirlpool AND Corporation);the heineken company;1;;https://www.linkedin.com/jobs/view/4448471767/;https://www.linkedin.com/jobs/view/4448471767/;On-site;PCD / Afirmativa, Junior, Associate;06/08/2026;Araraquara;São Paulo;SP;Região Sudeste;Brasil;América do Sul
150;The HEINEKEN Company;Operador Logistica - Cachoeirinha - RS;Cachoeirinha (RS);05/08 20:00;https://www.linkedin.com/jobs/view/4449678956/;https://media.licdn.com/dms/image/v2/D4E0BAQFGMcUwOz0TTQ/company-logo_100_100/B4EZaMIR_CGYAQ-/0/1746107703763/heineken_logo?e=1787788800&v=beta&t=9EUKbtNOhAc90uASIf_IMv3JsVSjs_Z9u7M619Deysw;-;https://www.linkedin.com/company/the-heineken-company/about/;Software e Serviços de TI;(3 AND Corações AND S/A) OR (Anheuser-Busch AND InBev) OR (AB AND InBev) OR Bauducco OR Cargill OR (Coca-Cola AND FEMSA) OR Danone OR Diageo OR (General AND Mills) OR (Grupo AND Boticário) OR Heineken OR Henkel OR JBS OR Kimberly-Clark OR (Kraft AND Heinz) OR L'Oréal OR (Lindt AND Sprüngli AND Brasil) OR (Louis AND Vuitton) OR Natura OR Nestlé OR PepsiCo OR (Philip AND Morris AND International) OR (Red AND Bull) OR (The AND HEINEKEN AND Company) OR Unilever OR (Whirlpool AND Corporation);the heineken company;1;;https://www.linkedin.com/jobs/view/4449678956/;https://www.linkedin.com/jobs/view/4449678956/;On-site;-;06/08/2026;Cachoeirinha;Rio Grande do Sul;RS;Região Sul;Brasil;América do Sul
151;The HEINEKEN Company;Banco de Talentos - Afirmativo Para Mulheres - Caçapava/SP;Caçapava (SP);06/08 10:00;https://www.linkedin.com/jobs/view/4429859851/;https://media.licdn.com/dms/image/v2/D4E0BAQFGMcUwOz0TTQ/company-logo_100_100/B4EZaMIR_CGYAQ-/0/1746107703763/heineken_logo?e=1787788800&v=beta&t=9EUKbtNOhAc90uASIf_IMv3JsVSjs_Z9u7M619Deysw;People;https://www.linkedin.com/company/the-heineken-company/about/;Serviços Financeiros;(3 AND Corações AND S/A) OR (Anheuser-Busch AND InBev) OR (AB AND InBev) OR Bauducco OR Cargill OR (Coca-Cola AND FEMSA) OR Danone OR Diageo OR (General AND Mills) OR (Grupo AND Boticário) OR Heineken OR Henkel OR JBS OR Kimberly-Clark OR (Kraft AND Heinz) OR L'Oréal OR (Lindt AND Sprüngli AND Brasil) OR (Louis AND Vuitton) OR Natura OR Nestlé OR PepsiCo OR (Philip AND Morris AND International) OR (Red AND Bull) OR (The AND HEINEKEN AND Company) OR Unilever OR (Whirlpool AND Corporation);the heineken company;1;;https://www.linkedin.com/jobs/view/4429859851/;https://www.linkedin.com/jobs/view/4429859851/;On-site;Banco de Talentos, PCD / Afirmativa;06/08/2026;Caçapava;São Paulo;SP;Região Sudeste;Brasil;América do Sul
152;The HEINEKEN Company;Pessoa Analista Logistica JR (Serviços) - Eusébio/PE;Eusébio (CE);06/08 09:00;https://www.linkedin.com/jobs/view/4439921780/;https://media.licdn.com/dms/image/v2/D4E0BAQFGMcUwOz0TTQ/company-logo_100_100/B4EZaMIR_CGYAQ-/0/1746107703763/heineken_logo?e=1787788800&v=beta&t=9EUKbtNOhAc90uASIf_IMv3JsVSjs_Z9u7M619Deysw;Advanced > Specialist;https://www.linkedin.com/company/the-heineken-company/about/;Software e Serviços de TI;(3 AND Corações AND S/A) OR (Anheuser-Busch AND InBev) OR (AB AND InBev) OR Bauducco OR Cargill OR (Coca-Cola AND FEMSA) OR Danone OR Diageo OR (General AND Mills) OR (Grupo AND Boticário) OR Heineken OR Henkel OR JBS OR Kimberly-Clark OR (Kraft AND Heinz) OR L'Oréal OR (Lindt AND Sprüngli AND Brasil) OR (Louis AND Vuitton) OR Natura OR Nestlé OR PepsiCo OR (Philip AND Morris AND International) OR (Red AND Bull) OR (The AND HEINEKEN AND Company) OR Unilever OR (Whirlpool AND Corporation);the heineken company;1;;https://www.linkedin.com/jobs/view/4439921780/;https://www.linkedin.com/jobs/view/4439921780/;Hybrid;PCD / Afirmativa, Junior, Associate;06/08/2026;Eusébio;Ceará;CE;Região Nordeste;Brasil;América do Sul
153;The HEINEKEN Company;Pessoa Analista Planejamento / Treinamento PL - ITU;Itu (SP);06/08 08:00;https://www.linkedin.com/jobs/view/4432441035/;https://media.licdn.com/dms/image/v2/D4E0BAQFGMcUwOz0TTQ/company-logo_100_100/B4EZaMIR_CGYAQ-/0/1746107703763/heineken_logo?e=1787788800&v=beta&t=9EUKbtNOhAc90uASIf_IMv3JsVSjs_Z9u7M619Deysw;Advanced > Specialist;https://www.linkedin.com/company/the-heineken-company/about/;Software e Serviços de TI;(3 AND Corações AND S/A) OR (Anheuser-Busch AND InBev) OR (AB AND InBev) OR Bauducco OR Cargill OR (Coca-Cola AND FEMSA) OR Danone OR Diageo OR (General AND Mills) OR (Grupo AND Boticário) OR Heineken OR Henkel OR JBS OR Kimberly-Clark OR (Kraft AND Heinz) OR L'Oréal OR (Lindt AND Sprüngli AND Brasil) OR (Louis AND Vuitton) OR Natura OR Nestlé OR PepsiCo OR (Philip AND Morris AND International) OR (Red AND Bull) OR (The AND HEINEKEN AND Company) OR Unilever OR (Whirlpool AND Corporation);the heineken company;1;;https://www.linkedin.com/jobs/view/4432441035/;https://www.linkedin.com/jobs/view/4432441035/;Hybrid;PCD / Afirmativa, Mid, Associate;06/08/2026;Itu;São Paulo;SP;Região Sudeste;Brasil;América do Sul
154;The HEINEKEN Company;Banco de Talentos Exclusivo para Pessoas com Deficiência - Fábrica Jacareí/SP;Jacareí (SP);06/08 09:00;https://www.linkedin.com/jobs/view/4429863728/;https://media.licdn.com/dms/image/v2/D4E0BAQFGMcUwOz0TTQ/company-logo_100_100/B4EZaMIR_CGYAQ-/0/1746107703763/heineken_logo?e=1787788800&v=beta&t=9EUKbtNOhAc90uASIf_IMv3JsVSjs_Z9u7M619Deysw;People;https://www.linkedin.com/company/the-heineken-company/about/;Manufatura e Produção;(3 AND Corações AND S/A) OR (Anheuser-Busch AND InBev) OR (AB AND InBev) OR Bauducco OR Cargill OR (Coca-Cola AND FEMSA) OR Danone OR Diageo OR (General AND Mills) OR (Grupo AND Boticário) OR Heineken OR Henkel OR JBS OR Kimberly-Clark OR (Kraft AND Heinz) OR L'Oréal OR (Lindt AND Sprüngli AND Brasil) OR (Louis AND Vuitton) OR Natura OR Nestlé OR PepsiCo OR (Philip AND Morris AND International) OR (Red AND Bull) OR (The AND HEINEKEN AND Company) OR Unilever OR (Whirlpool AND Corporation);the heineken company;1;;https://www.linkedin.com/jobs/view/4429863728/;https://www.linkedin.com/jobs/view/4429863728/;On-site;Banco de Talentos, PCD / Afirmativa;06/08/2026;Jacareí;São Paulo;SP;Região Sudeste;Brasil;América do Sul
155;The HEINEKEN Company;Pessoa Supervisora Logística II (Distribuição) - Osasco;Osasco (SP);05/08 20:00;https://www.linkedin.com/jobs/view/4449694026/;https://media.licdn.com/dms/image/v2/D4E0BAQFGMcUwOz0TTQ/company-logo_100_100/B4EZaMIR_CGYAQ-/0/1746107703763/heineken_logo?e=1787788800&v=beta&t=9EUKbtNOhAc90uASIf_IMv3JsVSjs_Z9u7M619Deysw;Middle > Manager;https://www.linkedin.com/company/the-heineken-company/about/;Logística e Supply Chain;(3 AND Corações AND S/A) OR (Anheuser-Busch AND InBev) OR (AB AND InBev) OR Bauducco OR Cargill OR (Coca-Cola AND FEMSA) OR Danone OR Diageo OR (General AND Mills) OR (Grupo AND Boticário) OR Heineken OR Henkel OR JBS OR Kimberly-Clark OR (Kraft AND Heinz) OR L'Oréal OR (Lindt AND Sprüngli AND Brasil) OR (Louis AND Vuitton) OR Natura OR Nestlé OR PepsiCo OR (Philip AND Morris AND International) OR (Red AND Bull) OR (The AND HEINEKEN AND Company) OR Unilever OR (Whirlpool AND Corporation);the heineken company;1;;https://www.linkedin.com/jobs/view/4449694026/;https://www.linkedin.com/jobs/view/4449694026/;On-site;PCD / Afirmativa, Mid, Liderança/Gerência, Logística/Supply;06/08/2026;Osasco;São Paulo;SP;Região Sudeste;Brasil;América do Sul
156;The HEINEKEN Company;Pessoa Executiva Trade III - São Luís/ MA;São Luís (MA);06/08 17:00;https://www.linkedin.com/jobs/view/4450628201/;https://media.licdn.com/dms/image/v2/D4E0BAQFGMcUwOz0TTQ/company-logo_100_100/B4EZaMIR_CGYAQ-/0/1746107703763/heineken_logo?e=1787788800&v=beta&t=9EUKbtNOhAc90uASIf_IMv3JsVSjs_Z9u7M619Deysw;-;https://www.linkedin.com/company/the-heineken-company/about/;Software e Serviços de TI;(3 AND Corações AND S/A) OR (Anheuser-Busch AND InBev) OR (AB AND InBev) OR Bauducco OR Cargill OR (Coca-Cola AND FEMSA) OR Danone OR Diageo OR (General AND Mills) OR (Grupo AND Boticário) OR Heineken OR Henkel OR JBS OR Kimberly-Clark OR (Kraft AND Heinz) OR L'Oréal OR (Lindt AND Sprüngli AND Brasil) OR (Louis AND Vuitton) OR Natura OR Nestlé OR PepsiCo OR (Philip AND Morris AND International) OR (Red AND Bull) OR (The AND HEINEKEN AND Company) OR Unilever OR (Whirlpool AND Corporation);the heineken company;1;;https://www.linkedin.com/jobs/view/4450628201/;https://www.linkedin.com/jobs/view/4450628201/;On-site;PCD / Afirmativa;06/08/2026;São Luís;Maranhão;MA;Região Nordeste;Brasil;América do Sul
157;The HEINEKEN Company;Banco de Talentos Exclusivo para Pessoas com Deficiência - Sacomã/SP;São Paulo (SP);06/08 09:00;https://www.linkedin.com/jobs/view/4429859849/;https://media.licdn.com/dms/image/v2/D4E0BAQFGMcUwOz0TTQ/company-logo_100_100/B4EZaMIR_CGYAQ-/0/1746107703763/heineken_logo?e=1787788800&v=beta&t=9EUKbtNOhAc90uASIf_IMv3JsVSjs_Z9u7M619Deysw;People;https://www.linkedin.com/company/the-heineken-company/about/;Serviços Financeiros;(3 AND Corações AND S/A) OR (Anheuser-Busch AND InBev) OR (AB AND InBev) OR Bauducco OR Cargill OR (Coca-Cola AND FEMSA) OR Danone OR Diageo OR (General AND Mills) OR (Grupo AND Boticário) OR Heineken OR Henkel OR JBS OR Kimberly-Clark OR (Kraft AND Heinz) OR L'Oréal OR (Lindt AND Sprüngli AND Brasil) OR (Louis AND Vuitton) OR Natura OR Nestlé OR PepsiCo OR (Philip AND Morris AND International) OR (Red AND Bull) OR (The AND HEINEKEN AND Company) OR Unilever OR (Whirlpool AND Corporation);the heineken company;1;;https://www.linkedin.com/jobs/view/4429859849/;https://www.linkedin.com/jobs/view/4429859849/;On-site;Banco de Talentos, PCD / Afirmativa;06/08/2026;São Paulo;São Paulo;SP;Região Sudeste;Brasil;América do Sul
158;The HEINEKEN Company;Estágio em RH - Recrutamento e Seleção;São Paulo (SP);05/08 20:00;https://www.linkedin.com/jobs/view/4449668990/;https://media.licdn.com/dms/image/v2/D4E0BAQFGMcUwOz0TTQ/company-logo_100_100/B4EZaMIR_CGYAQ-/0/1746107703763/heineken_logo?e=1787788800&v=beta&t=9EUKbtNOhAc90uASIf_IMv3JsVSjs_Z9u7M619Deysw;-;https://www.linkedin.com/company/the-heineken-company/about/;Recursos Humanos;(3 AND Corações AND S/A) OR (Anheuser-Busch AND InBev) OR (AB AND InBev) OR Bauducco OR Cargill OR (Coca-Cola AND FEMSA) OR Danone OR Diageo OR (General AND Mills) OR (Grupo AND Boticário) OR Heineken OR Henkel OR JBS OR Kimberly-Clark OR (Kraft AND Heinz) OR L'Oréal OR (Lindt AND Sprüngli AND Brasil) OR (Louis AND Vuitton) OR Natura OR Nestlé OR PepsiCo OR (Philip AND Morris AND International) OR (Red AND Bull) OR (The AND HEINEKEN AND Company) OR Unilever OR (Whirlpool AND Corporation);the heineken company;1;;https://www.linkedin.com/jobs/view/4449668990/;https://www.linkedin.com/jobs/view/4449668990/;Hybrid;Intern;06/08/2026;São Paulo;São Paulo;SP;Região Sudeste;Brasil;América do Sul
159;The HEINEKEN Company;Pessoa Executiva Regional Vendas SR (Afirmativa para Mulheres Pretas e Pardas) ) - São Paulo Capital;São Paulo (SP);05/08 20:00;https://www.linkedin.com/jobs/view/4449690773/;https://media.licdn.com/dms/image/v2/D4E0BAQFGMcUwOz0TTQ/company-logo_100_100/B4EZaMIR_CGYAQ-/0/1746107703763/heineken_logo?e=1787788800&v=beta&t=9EUKbtNOhAc90uASIf_IMv3JsVSjs_Z9u7M619Deysw;-;https://www.linkedin.com/company/the-heineken-company/about/;Software e Serviços de TI;(3 AND Corações AND S/A) OR (Anheuser-Busch AND InBev) OR (AB AND InBev) OR Bauducco OR Cargill OR (Coca-Cola AND FEMSA) OR Danone OR Diageo OR (General AND Mills) OR (Grupo AND Boticário) OR Heineken OR Henkel OR JBS OR Kimberly-Clark OR (Kraft AND Heinz) OR L'Oréal OR (Lindt AND Sprüngli AND Brasil) OR (Louis AND Vuitton) OR Natura OR Nestlé OR PepsiCo OR (Philip AND Morris AND International) OR (Red AND Bull) OR (The AND HEINEKEN AND Company) OR Unilever OR (Whirlpool AND Corporation);the heineken company;1;;https://www.linkedin.com/jobs/view/4449690773/;https://www.linkedin.com/jobs/view/4449690773/;Hybrid;PCD / Afirmativa, Senior, Vendas / Comercial;06/08/2026;São Paulo;São Paulo;SP;Região Sudeste;Brasil;América do Sul
160;The HEINEKEN Company;Pessoa Promotor Trade Execução - Zona Leste / SP;São Paulo (SP);06/08 09:00;https://www.linkedin.com/jobs/view/4429868078/;https://media.licdn.com/dms/image/v2/D4E0BAQFGMcUwOz0TTQ/company-logo_100_100/B4EZaMIR_CGYAQ-/0/1746107703763/heineken_logo?e=1787788800&v=beta&t=9EUKbtNOhAc90uASIf_IMv3JsVSjs_Z9u7M619Deysw;-;https://www.linkedin.com/company/the-heineken-company/about/;-;(3 AND Corações AND S/A) OR (Anheuser-Busch AND InBev) OR (AB AND InBev) OR Bauducco OR Cargill OR (Coca-Cola AND FEMSA) OR Danone OR Diageo OR (General AND Mills) OR (Grupo AND Boticário) OR Heineken OR Henkel OR JBS OR Kimberly-Clark OR (Kraft AND Heinz) OR L'Oréal OR (Lindt AND Sprüngli AND Brasil) OR (Louis AND Vuitton) OR Natura OR Nestlé OR PepsiCo OR (Philip AND Morris AND International) OR (Red AND Bull) OR (The AND HEINEKEN AND Company) OR Unilever OR (Whirlpool AND Corporation);the heineken company;1;;https://www.linkedin.com/jobs/view/4429868078/;https://www.linkedin.com/jobs/view/4429868078/;On-site;PCD / Afirmativa;06/08/2026;São Paulo;São Paulo;SP;Região Sudeste;Brasil;América do Sul
161;Unilever;Executivo de Negócios - Belo Horizonte;RJ;06/08 01:00;https://www.linkedin.com/jobs/view/4449347880/;https://media.licdn.com/dms/image/v2/D4E0BAQEH2cARdsXBkw/company-logo_100_100/B4EZpzv3SDIUAQ-/0/1762878519078/unilever_logo?e=1787788800&v=beta&t=XwP4mLJFU58AW8Y6A-_yPpR67YIVPJbh8meGXsFoJV4;-;https://www.linkedin.com/company/unilever/about/;Bens de Consumo (FMCG);(3 AND Corações AND S/A) OR (Anheuser-Busch AND InBev) OR (AB AND InBev) OR Bauducco OR Cargill OR (Coca-Cola AND FEMSA) OR Danone OR Diageo OR (General AND Mills) OR (Grupo AND Boticário) OR Heineken OR Henkel OR JBS OR Kimberly-Clark OR (Kraft AND Heinz) OR L'Oréal OR (Lindt AND Sprüngli AND Brasil) OR (Louis AND Vuitton) OR Natura OR Nestlé OR PepsiCo OR (Philip AND Morris AND International) OR (Red AND Bull) OR (The AND HEINEKEN AND Company) OR Unilever OR (Whirlpool AND Corporation);unilever;1;;https://www.linkedin.com/jobs/view/4449347880/;https://www.linkedin.com/jobs/view/4449347880/;On-site;-;06/08/2026;;Rio de Janeiro;RJ;Região Sudeste;Brasil;América do Sul
162;Unilever;Global Tech Coordinator  - Customer Developtmnet (Sales) Product Owner;São Paulo (SP);05/08 20:00;https://www.linkedin.com/jobs/view/4449303972/;https://media.licdn.com/dms/image/v2/D4E0BAQEH2cARdsXBkw/company-logo_100_100/B4EZpzv3SDIUAQ-/0/1762878519078/unilever_logo?e=1787788800&v=beta&t=XwP4mLJFU58AW8Y6A-_yPpR67YIVPJbh8meGXsFoJV4;Produtos > Product Manager;https://www.linkedin.com/company/unilever/about/;Bens de Consumo (FMCG);(3 AND Corações AND S/A) OR (Anheuser-Busch AND InBev) OR (AB AND InBev) OR Bauducco OR Cargill OR (Coca-Cola AND FEMSA) OR Danone OR Diageo OR (General AND Mills) OR (Grupo AND Boticário) OR Heineken OR Henkel OR JBS OR Kimberly-Clark OR (Kraft AND Heinz) OR L'Oréal OR (Lindt AND Sprüngli AND Brasil) OR (Louis AND Vuitton) OR Natura OR Nestlé OR PepsiCo OR (Philip AND Morris AND International) OR (Red AND Bull) OR (The AND HEINEKEN AND Company) OR Unilever OR (Whirlpool AND Corporation);unilever;1;;https://www.linkedin.com/jobs/view/4449303972/;https://www.linkedin.com/jobs/view/4449303972/;On-site;Mid, TI/Tech, Product Owner/Product Manager, Vendas / Comercial;06/08/2026;São Paulo;São Paulo;SP;Região Sudeste;Brasil;América do Sul
163;Whirlpool Corporation;Senior Analyst, Procurement;Joinville (SC);06/08 05:00;https://www.linkedin.com/jobs/view/4450204878/;https://media.licdn.com/dms/image/v2/C560BAQEc41FEInZ78g/company-logo_100_100/company-logo_100_100/0/1635873911509/whirlpool_corporation_logo?e=1787788800&v=beta&t=n70XA9toJPYEvgp4gBqQjhQOsfsz2xbL_OJpXN89bTM;Advanced > Specialist;https://www.linkedin.com/company/whirlpool-corporation/about/;Software e Serviços de TI;(3 AND Corações AND S/A) OR (Anheuser-Busch AND InBev) OR (AB AND InBev) OR Bauducco OR Cargill OR (Coca-Cola AND FEMSA) OR Danone OR Diageo OR (General AND Mills) OR (Grupo AND Boticário) OR Heineken OR Henkel OR JBS OR Kimberly-Clark OR (Kraft AND Heinz) OR L'Oréal OR (Lindt AND Sprüngli AND Brasil) OR (Louis AND Vuitton) OR Natura OR Nestlé OR PepsiCo OR (Philip AND Morris AND International) OR (Red AND Bull) OR (The AND HEINEKEN AND Company) OR Unilever OR (Whirlpool AND Corporation);whirlpool corporation;1;;https://www.linkedin.com/jobs/view/4450204878/;https://www.linkedin.com/jobs/view/4450204878/;On-site;Senior;06/08/2026;Joinville;Santa Catarina;SC;Região Sul;Brasil;América do Sul
164;Whirlpool Corporation;RPA Business Sr. Analyst;São Paulo (SP);06/08 17:00;https://www.linkedin.com/jobs/view/4450632421/;https://media.licdn.com/dms/image/v2/C560BAQEc41FEInZ78g/company-logo_100_100/company-logo_100_100/0/1635873911509/whirlpool_corporation_logo?e=1787788800&v=beta&t=n70XA9toJPYEvgp4gBqQjhQOsfsz2xbL_OJpXN89bTM;Advanced > Specialist;https://www.linkedin.com/company/whirlpool-corporation/about/;Software e Serviços de TI;(3 AND Corações AND S/A) OR (Anheuser-Busch AND InBev) OR (AB AND InBev) OR Bauducco OR Cargill OR (Coca-Cola AND FEMSA) OR Danone OR Diageo OR (General AND Mills) OR (Grupo AND Boticário) OR Heineken OR Henkel OR JBS OR Kimberly-Clark OR (Kraft AND Heinz) OR L'Oréal OR (Lindt AND Sprüngli AND Brasil) OR (Louis AND Vuitton) OR Natura OR Nestlé OR PepsiCo OR (Philip AND Morris AND International) OR (Red AND Bull) OR (The AND HEINEKEN AND Company) OR Unilever OR (Whirlpool AND Corporation);whirlpool corporation;1;;https://www.linkedin.com/jobs/view/4450632421/;https://www.linkedin.com/jobs/view/4450632421/;On-site;Senior;06/08/2026;São Paulo;São Paulo;SP;Região Sudeste;Brasil;América do Sul
165;Whirlpool Corporation;Senior Analyst, Audit;São Paulo (SP);05/08 20:00;https://www.linkedin.com/jobs/view/4449697363/;https://media.licdn.com/dms/image/v2/C560BAQEc41FEInZ78g/company-logo_100_100/company-logo_100_100/0/1635873911509/whirlpool_corporation_logo?e=1787788800&v=beta&t=n70XA9toJPYEvgp4gBqQjhQOsfsz2xbL_OJpXN89bTM;Advanced > Specialist;https://www.linkedin.com/company/whirlpool-corporation/about/;Software e Serviços de TI;(3 AND Corações AND S/A) OR (Anheuser-Busch AND InBev) OR (AB AND InBev) OR Bauducco OR Cargill OR (Coca-Cola AND FEMSA) OR Danone OR Diageo OR (General AND Mills) OR (Grupo AND Boticário) OR Heineken OR Henkel OR JBS OR Kimberly-Clark OR (Kraft AND Heinz) OR L'Oréal OR (Lindt AND Sprüngli AND Brasil) OR (Louis AND Vuitton) OR Natura OR Nestlé OR PepsiCo OR (Philip AND Morris AND International) OR (Red AND Bull) OR (The AND HEINEKEN AND Company) OR Unilever OR (Whirlpool AND Corporation);whirlpool corporation;1;;https://www.linkedin.com/jobs/view/4449697363/;https://www.linkedin.com/jobs/view/4449697363/;Hybrid;Senior;06/08/2026;São Paulo;São Paulo;SP;Região Sudeste;Brasil;América do Sul
166;Whirlpool Corporation;Senior Analyst, Cyber Security Cloud Engineer;São Paulo (SP);06/08 11:00;https://www.linkedin.com/jobs/view/4450251864/;https://media.licdn.com/dms/image/v2/C560BAQEc41FEInZ78g/company-logo_100_100/company-logo_100_100/0/1635873911509/whirlpool_corporation_logo?e=1787788800&v=beta&t=n70XA9toJPYEvgp4gBqQjhQOsfsz2xbL_OJpXN89bTM;Cybersecurity;https://www.linkedin.com/company/whirlpool-corporation/about/;Cibersegurança;(3 AND Corações AND S/A) OR (Anheuser-Busch AND InBev) OR (AB AND InBev) OR Bauducco OR Cargill OR (Coca-Cola AND FEMSA) OR Danone OR Diageo OR (General AND Mills) OR (Grupo AND Boticário) OR Heineken OR Henkel OR JBS OR Kimberly-Clark OR (Kraft AND Heinz) OR L'Oréal OR (Lindt AND Sprüngli AND Brasil) OR (Louis AND Vuitton) OR Natura OR Nestlé OR PepsiCo OR (Philip AND Morris AND International) OR (Red AND Bull) OR (The AND HEINEKEN AND Company) OR Unilever OR (Whirlpool AND Corporation);whirlpool corporation;1;;https://www.linkedin.com/jobs/view/4450251864/;https://www.linkedin.com/jobs/view/4450251864/;Hybrid;Senior, Cybersecurity, Engenharia Geral;06/08/2026;São Paulo;São Paulo;SP;Região Sudeste;Brasil;América do Sul
167;Whirlpool Corporation;Tech Lead Salesforce Service | Field Service;São Paulo (SP);06/08 13:00;https://www.linkedin.com/jobs/view/4432430632/;https://media.licdn.com/dms/image/v2/C560BAQEc41FEInZ78g/company-logo_100_100/company-logo_100_100/0/1635873911509/whirlpool_corporation_logo?e=1787788800&v=beta&t=n70XA9toJPYEvgp4gBqQjhQOsfsz2xbL_OJpXN89bTM;Middle > Manager;https://www.linkedin.com/company/whirlpool-corporation/about/;Software e Serviços de TI;(3 AND Corações AND S/A) OR (Anheuser-Busch AND InBev) OR (AB AND InBev) OR Bauducco OR Cargill OR (Coca-Cola AND FEMSA) OR Danone OR Diageo OR (General AND Mills) OR (Grupo AND Boticário) OR Heineken OR Henkel OR JBS OR Kimberly-Clark OR (Kraft AND Heinz) OR L'Oréal OR (Lindt AND Sprüngli AND Brasil) OR (Louis AND Vuitton) OR Natura OR Nestlé OR PepsiCo OR (Philip AND Morris AND International) OR (Red AND Bull) OR (The AND HEINEKEN AND Company) OR Unilever OR (Whirlpool AND Corporation);whirlpool corporation;1;;https://www.linkedin.com/jobs/view/4432430632/;https://www.linkedin.com/jobs/view/4432430632/;Hybrid;Mid, Liderança/Gerência, Salesforce/CRM, TI/Tech, Vendas / Comercial;06/08/2026;São Paulo;São Paulo;SP;Região Sudeste;Brasil;América do Sul
