Id;Company;Job Title;Location;Published Date;Job Link;Logo;Category;Company Life URL;Industry;Platform;Company_Match;Score;Job Link_Match;Destination URL;Work Mode;Tags;Capture Date;City;State;UF;Region;Country;Continent;Keywords
1;4DF Connect;Gestor de Projetos | Junior | PJ | Remoto;Brasil;11/05 22:00;https://www.linkedin.com/jobs/view/4412997364/;https://media.licdn.com/dms/image/v2/D4E0BAQHgznwIT2t3IA/company-logo_100_100/B4EZgUICjYGcAU-/0/1752684309117/4dfconnect_logo?e=1780531200&v=beta&t=2OV5tQqdhtMCdd6rdaLF12LQueryoti-1jA5yhvYSjI;-;https://www.linkedin.com/company/4df-connect/about/;-;Geekhunter;4df connect;1.0;https://www.linkedin.com/jobs/view/4412997364/;https://www.linkedin.com/jobs/view/4412997364/;Remote;Freelance/PJ, Junior, Liderança/Gerência;12/05/2026;;;;;Brasil;América do Sul;gerente projetos
2;ACOM Sistemas;Gerente de projetos;Curitiba (PR);12/05 18:00;https://www.linkedin.com/jobs/view/4410319405/;https://media.licdn.com/dms/image/v2/D4D0BAQHk6Q09OtD8CA/company-logo_100_100/company-logo_100_100/0/1693240786756/acom_sistemas_logo?e=1780531200&v=beta&t=ABN2vUOeVpeekNZl6lalj5n2B-8NHPPWg_9WZq3-HUM;Middle > Manager;https://www.linkedin.com/company/acom-sistemas/about/;Software e Serviços de TI;;acom sistemas;1;https://www.linkedin.com/jobs/view/4410319405/;https://www.linkedin.com/jobs/view/4410319405/;Hybrid;Mid, Liderança/Gerência;12/05/2026;Curitiba;Paraná;PR;Região Sul;Brasil;América do Sul;gerente projetos
3;AFRY;AI Development Project Manager;São Paulo (SP);12/05 06:00;https://www.linkedin.com/jobs/view/4413295662/;https://media.licdn.com/dms/image/v2/D4E0BAQHxgeL5hpXkSQ/company-logo_100_100/B4EZpN1ZHHKoAQ-/0/1762242433919/afry_logo?e=1780531200&v=beta&t=nPnRndOYPSrRF5c_66CWy_Z-FrvXJirKM9JHWmWbl2c;Portfolio > Projetos > Project Manager;https://www.linkedin.com/company/afry/about/;-;;afry;1.0;https://www.linkedin.com/jobs/view/4413295662/;https://www.linkedin.com/jobs/view/4413295662/;Remote;Inteligência Artificial, Liderança/Gerência;12/05/2026;São Paulo;São Paulo;SP;Região Sudeste;Brasil;América do Sul;gerente projetos
4;AVSI BRASIL;Auxiliar de Projeto - Rio de Janeiro/RJ;Grande Rio de Janeiro (RJ);12/05 21:00;https://www.linkedin.com/jobs/view/4413782234/;https://media.licdn.com/dms/image/v2/D4D0BAQHhHZ5G5JQPrw/company-logo_100_100/company-logo_100_100/0/1715949689767/avsi_brasil_logo?e=1780531200&v=beta&t=kACM1qJT7MeZB8R5wToUc_NUiKKYUrHXRxmM6qBO3IE;-;https://www.linkedin.com/company/avsi-brasil/about/;-;Solidês;avsi brasil;1.0;https://www.linkedin.com/jobs/view/4413782234/;https://www.linkedin.com/jobs/view/4413782234/;On-site;Associate;12/05/2026;Petrópolis;Rio de Janeiro;RJ;;Brasil;América do Sul;gerente projetos
5;Accenture Brasil;Gerente de Projetos – Governança & Controle;São Paulo (SP);12/05 03:00;https://www.linkedin.com/jobs/view/4413514582/;https://media.licdn.com/dms/image/v2/D4D0BAQFxYk90aqWMqA/company-logo_100_100/company-logo_100_100/0/1727873248436/accenturebrasil_logo?e=1780531200&v=beta&t=3HsSwSVURPa0q25bNcdStwSI7EQK6P6GIz5kON-Y4LI;Middle > Manager;https://www.linkedin.com/company/accenture-brasil/about/;-;www.accenture.com;accenture brasil;4.0;https://www.linkedin.com/jobs/view/4413514582/;https://www.linkedin.com/jobs/view/4413514582/;On-site;Mid, Liderança/Gerência;12/05/2026;São Paulo;São Paulo;SP;Região Sudeste;Brasil;América do Sul;gerente projetos
6;Ageon;Assistente de Projetos de Produtos;Palhoça (SC);12/05 00:00;https://www.linkedin.com/jobs/view/4410116530/;missing logo;-;https://www.linkedin.com/company/ageon/about/;-;empregos.com.br;ageon;1.0;https://www.linkedin.com/jobs/view/4410116530/;https://www.linkedin.com/jobs/view/4410116530/;On-site;Associate;12/05/2026;Palhoça;Santa Catarina;SC;Região Sul;Brasil;América do Sul;gerente projetos
7;Avanade;Consultor(a) de Projetos Sênior;São Paulo (SP);11/05 22:00;https://www.linkedin.com/jobs/view/4412993994/;https://media.licdn.com/dms/image/v2/D4D0BAQH9oEH9vWAthw/company-logo_100_100/B4DZf0WkqfH8AY-/0/1752151247860/avanade_logo?e=1780531200&v=beta&t=rgd504vcBS7SFGbxk24LCK5DdZ51xktLV8T3F70WAFY;Advanced > Specialist;https://www.linkedin.com/company/avanade/about/;-;www.avanade.com;avanade;3.0;https://www.linkedin.com/jobs/view/4412993994/;https://www.linkedin.com/jobs/view/4412993994/;On-site;Senior, Consultor;12/05/2026;São Paulo;São Paulo;SP;Região Sudeste;Brasil;América do Sul;gerente projetos
8;BairesDev;Gerente Sênior de Projetos - Trabalho Remoto;Brasil;12/05 15:00;https://www.linkedin.com/jobs/view/4413806353/;https://media.licdn.com/dms/image/v2/D4E0BAQGNvQASzrdL_w/company-logo_100_100/company-logo_100_100/0/1687874736484/bairesdev_logo?e=1780531200&v=beta&t=tij4cA69Bno6nfstJQr1mgeqLxSN7TfGvETYkoJJ8A8;Middle > Manager;https://www.linkedin.com/company/bairesdev/about/;-;applicants.bairesdev.com;bairesdev;2.0;https://www.linkedin.com/jobs/view/4413806353/;https://www.linkedin.com/jobs/view/4413806353/;Remote;Senior, Mid, Liderança/Gerência;12/05/2026;;;;;Brasil;América do Sul;gerente projetos
9;BairesDev;Agile Scrum Master - Trabalho Remoto;Goianápolis (GO);11/05 22:00;https://www.linkedin.com/jobs/view/4413110292/;https://media.licdn.com/dms/image/v2/D4E0BAQGNvQASzrdL_w/company-logo_100_100/company-logo_100_100/0/1687874736484/bairesdev_logo?e=1780531200&v=beta&t=tij4cA69Bno6nfstJQr1mgeqLxSN7TfGvETYkoJJ8A8;Agility > Scrum Master;https://www.linkedin.com/company/bairesdev/about/;-;applicants.bairesdev.com;bairesdev;2.0;https://www.linkedin.com/jobs/view/4413110292/;https://www.linkedin.com/jobs/view/4413110292/;Remote;Scrum/Agile;12/05/2026;Goianápolis;Goiás;GO;Região Centro-Oeste;Brasil;América do Sul;gerente projetos
10;Beijing Foreign Enterprise Management Consultants Co.,Ltd.;Assistente de projetos - Vaga PCD;Rio de Janeiro (RJ);12/05 18:00;https://www.linkedin.com/jobs/view/4413726298/;https://media.licdn.com/dms/image/v2/D560BAQEzZkjHsGffAA/company-logo_100_100/B56Zgb97M3G4AU-/0/1752815875397/beijing_foreign_enterprise_management_consultants_logo?e=1780531200&v=beta&t=jH7rQK0C53EdYqa9ZXpJLbu7MjjzQdSTxUOV2OBZASg;-;https://www.linkedin.com/company/beijing-foreign-enterprise-management-consultants-co-ltd/about/;-;;beijing foreign enterprise management consultants co.,ltd.;1;https://www.linkedin.com/jobs/view/4413726298/;https://www.linkedin.com/jobs/view/4413726298/;On-site;PCD / Afirmativa, Associate;12/05/2026;Rio de Janeiro;Rio de Janeiro;RJ;Região Sudeste;Brasil;América do Sul;gerente projetos
11;Blite Tecnologia;Squad Leader;São Paulo (SP);11/05 22:00;https://www.linkedin.com/jobs/view/4408893411/;https://media.licdn.com/dms/image/v2/D4D0BAQGOddIvi-4Jnw/company-logo_100_100/B4DZh2VSJNGsAU-/0/1754331948039/bliteti_logo?e=1780531200&v=beta&t=l4RXP2u2eoU0qnJNsHaxBH69sz4-1BydiKvSv0SKzcI;Agility > Squad Leader;https://www.linkedin.com/company/blite-tecnologia/about/;Software e Serviços de TI;Vagas.com;blite tecnologia;1.0;https://www.linkedin.com/jobs/view/4408893411/;https://www.linkedin.com/jobs/view/4408893411/;Remote;Mid, Liderança/Gerência, Squad Leader;12/05/2026;São Paulo;São Paulo;SP;Região Sudeste;Brasil;América do Sul;gerente projetos
12;Bracci;Coordenador de Projeto EUA - PRESENCIAL GRAMADO;Gramado (RS);12/05 14:00;https://www.linkedin.com/jobs/view/4410195371/;https://media.licdn.com/dms/image/v2/C4D0BAQFJi38viYL_rg/company-logo_100_100/company-logo_100_100/0/1631315884524?e=1780531200&v=beta&t=N9DbwLqaxO2Gm2i27o-w_dAOqU_wh34amiGvFONZBuE;Middle > Manager;https://www.linkedin.com/company/bracci/about/;-;;bracci;1;https://www.linkedin.com/jobs/view/4410195371/;https://www.linkedin.com/jobs/view/4410195371/;On-site;Mid, Liderança/Gerência;12/05/2026;Gramado;Rio Grande do Sul;RS;Região Sul;Brasil;América do Sul;gerente projetos
13;Bramsys;Pesquisa e Desenvolvimento;Tietê (SP);11/05 22:00;https://www.linkedin.com/jobs/view/4413205694/;https://media.licdn.com/dms/image/v2/D4D0BAQG1d9N4dwbwxA/company-logo_100_100/B4DZx4WICKJwAQ-/0/1771545592899?e=1780531200&v=beta&t=GOdZFKaacqu8KBiT9-JfOTedk8BvfInml1gaVmQn4oY;-;https://www.linkedin.com/company/bramsys/about/;Software e Serviços de TI;;bramsys;1;https://www.linkedin.com/jobs/view/4413205694/;https://www.linkedin.com/jobs/view/4413205694/;On-site;Saúde/Pesquisa;12/05/2026;Tietê;São Paulo;SP;Região Sudeste;Brasil;América do Sul;gerente projetos
14;Brasil/CT;Coordenador de projetos;Joinville (SC);12/05 00:00;https://www.linkedin.com/jobs/view/4410118403/;https://media.licdn.com/dms/image/v2/C4D0BAQGw5x8LSC2UtQ/company-logo_100_100/company-logo_100_100/0/1630539300935/brasil_ct_logo?e=1780531200&v=beta&t=VmTciJV5nyxD5LW8gTiauQR-M5n7epfrPusyoaT44bQ;Middle > Manager;https://www.linkedin.com/company/brasil-ct/about/;-;empregos.com.br;brasil/ct;3.0;https://www.linkedin.com/jobs/view/4410118403/;https://www.linkedin.com/jobs/view/4410118403/;On-site;Mid, Liderança/Gerência;12/05/2026;Joinville;Santa Catarina;SC;Região Sul;Brasil;América do Sul;gerente projetos
15;C40 Cities;Project Manager, Engagement;RJ;12/05 13:00;https://www.linkedin.com/jobs/view/4413471417/;https://media.licdn.com/dms/image/v2/D4E0BAQEZSyd4QM9cDA/company-logo_100_100/B4EZwvYZRSI0AQ-/0/1770321450605/c40_cities_climate_leadership_group_logo?e=1780531200&v=beta&t=v5JMf1O5y8Ufe0N16-zlwI7lPiVaEDzhPD95bb2GtSQ;Portfolio > Projetos > Project Manager;https://www.linkedin.com/company/c40-cities/about/;Software e Serviços de TI;;c40 cities;1;https://www.linkedin.com/jobs/view/4413471417/;https://www.linkedin.com/jobs/view/4413471417/;Hybrid;Liderança/Gerência, Engagement;12/05/2026;;Rio de Janeiro;RJ;Região Sudeste;Brasil;América do Sul;gerente projetos
16;CAST;GERENTE DE PROJETO;Brasil;12/05 16:00;https://www.linkedin.com/jobs/view/4413485777/;https://media.licdn.com/dms/image/v2/D4D0BAQEJpAnzKI9J0Q/company-logo_100_100/B4DZiq5tb7HYAQ-/0/1755213912214/cast_group_logo?e=1780531200&v=beta&t=IGxBtBh6lsAOySoSVRIoDuj7wwTmd99B9iFMxSpZjyI;Middle > Manager;https://www.linkedin.com/company/cast/about/;-;LinkedIn (Easy Apply);cast;1.0;https://www.linkedin.com/jobs/view/4413485777/;https://www.linkedin.com/jobs/view/4413485777/;Remote;Mid, Liderança/Gerência;12/05/2026;;;;;Brasil;América do Sul;gerente projetos
17;CAST;PMO SAP;SP;12/05 12:00;https://www.linkedin.com/jobs/view/4413457124/;https://media.licdn.com/dms/image/v2/D4D0BAQEJpAnzKI9J0Q/company-logo_100_100/B4DZiq5tb7HYAQ-/0/1755213912214/cast_group_logo?e=1780531200&v=beta&t=IGxBtBh6lsAOySoSVRIoDuj7wwTmd99B9iFMxSpZjyI;Produtos > Product Manager;https://www.linkedin.com/company/cast/about/;-;LinkedIn (Easy Apply);cast;1.0;https://www.linkedin.com/jobs/view/4413457124/;https://www.linkedin.com/jobs/view/4413457124/;Remote;SAP, PMO;12/05/2026;;São Paulo;SP;Região Sudeste;Brasil;América do Sul;gerente projetos
18;CTCEA - Brazilian Organization for Scientific and Technological Development of Airspace Control;Gerente de Projetos PMO;Grande Rio de Janeiro (RJ);12/05 05:00;https://www.linkedin.com/jobs/view/4413402356/;https://media.licdn.com/dms/image/v2/C4E0BAQFfnoUjej31aQ/company-logo_100_100/company-logo_100_100/0/1630592870672/ctcea___brazilian_organization_for_scientific_and_technological_development_of_airspace_control_logo?e=1780531200&v=beta&t=bjduRLeahGFr84So3VWhkCnmPjdIXuIgymDwgJ_33dE;Produtos > Product Manager;https://www.linkedin.com/company/ctcea-brazilian-organization-for-scientific-and-technological-development-of-airspace-control/about/;Inteligência Artificial;Catho;ctcea - brazilian organization for scientific and technological development of airspace control;1.0;https://www.linkedin.com/jobs/view/4413402356/;https://www.linkedin.com/jobs/view/4413402356/;On-site;Mid, Liderança/Gerência, PMO;12/05/2026;Petrópolis;Rio de Janeiro;RJ;;Brasil;América do Sul;gerente projetos
19;CTG Brasil;ANALISTA PMO JÚNIOR;São Paulo (SP);12/05 16:00;https://www.linkedin.com/jobs/view/4410199365/;https://media.licdn.com/dms/image/v2/C4D0BAQF2Ikbh2d_qJw/company-logo_100_100/company-logo_100_100/0/1659471678279/ctg_brasil_logo?e=1780531200&v=beta&t=KS_OdWqrAHPsUErfrG8SxbvLRxLiZHmVyLV7ELKkBaE;Produtos > Product Manager;https://www.linkedin.com/company/ctg-brasil/about/;-;;ctg brasil;1;https://www.linkedin.com/jobs/view/4410199365/;https://www.linkedin.com/jobs/view/4410199365/;On-site;Junior, Associate, PMO;12/05/2026;São Paulo;São Paulo;SP;Região Sudeste;Brasil;América do Sul;gerente projetos
20;CTG Brasil;ANALISTA PMO SENIOR;São Paulo (SP);12/05 16:00;https://www.linkedin.com/jobs/view/4410199364/;https://media.licdn.com/dms/image/v2/C4D0BAQF2Ikbh2d_qJw/company-logo_100_100/company-logo_100_100/0/1659471678279/ctg_brasil_logo?e=1780531200&v=beta&t=KS_OdWqrAHPsUErfrG8SxbvLRxLiZHmVyLV7ELKkBaE;Produtos > Product Manager;https://www.linkedin.com/company/ctg-brasil/about/;-;;ctg brasil;1;https://www.linkedin.com/jobs/view/4410199364/;https://www.linkedin.com/jobs/view/4410199364/;Hybrid;Senior, Associate, PMO;12/05/2026;São Paulo;São Paulo;SP;Região Sudeste;Brasil;América do Sul;gerente projetos
21;Candidata ai;Project Manager (Data & Automação);São Paulo (SP);12/05 21:00;https://www.linkedin.com/jobs/view/4413793035/;https://media.licdn.com/dms/image/v2/D4D0BAQE2fH2l2wNlMQ/company-logo_100_100/company-logo_100_100/0/1734989821316/candidata_ai_logo?e=1780531200&v=beta&t=D7bq3QypHVp-A5L7-zUbxWoWgO2YnPku2ibLtlDJJ44;Portfolio > Projetos > Project Manager;https://www.linkedin.com/company/candidata-ai/about/;Dados e Analytics;www.linkedin.com;candidata ai;1.0;https://www.linkedin.com/jobs/view/4413793035/;https://www.linkedin.com/jobs/view/4413793035/;Hybrid;Liderança/Gerência, Dados/Analytics;12/05/2026;São Paulo;São Paulo;SP;Região Sudeste;Brasil;América do Sul;gerente projetos
22;Capco;Engenheiro de Projeto - Presencial;Grande Rio de Janeiro (RJ);12/05 16:00;https://www.linkedin.com/jobs/view/4413493618/;https://media.licdn.com/dms/image/v2/D560BAQGRr0gl6aqDEQ/company-logo_100_100/B56ZfLXYIjHUAQ-/0/1751463592988/capco_logo?e=1780531200&v=beta&t=4qj9VucaUHN8w1iMC1z7_wzh4Fl5mI2lZtaTn1nKRvI;-;https://www.linkedin.com/company/capco/about/;-;Greenhouse;capco;1.0;https://www.linkedin.com/jobs/view/4413493618/;https://www.linkedin.com/jobs/view/4413493618/;Hybrid;-;12/05/2026;Petrópolis;Rio de Janeiro;RJ;;Brasil;América do Sul;gerente projetos
23;Capco;Engenheiro de Projeto - Presencial;Grande Rio de Janeiro (RJ);11/05 22:00;https://www.linkedin.com/jobs/view/4413484668/;https://media.licdn.com/dms/image/v2/D560BAQGRr0gl6aqDEQ/company-logo_100_100/B56ZfLXYIjHUAQ-/0/1751463592988/capco_logo?e=1780531200&v=beta&t=4qj9VucaUHN8w1iMC1z7_wzh4Fl5mI2lZtaTn1nKRvI;-;https://www.linkedin.com/company/capco/about/;-;Greenhouse;capco;1.0;https://www.linkedin.com/jobs/view/4413484668/;https://www.linkedin.com/jobs/view/4413484668/;Hybrid;-;12/05/2026;Petrópolis;Rio de Janeiro;RJ;;Brasil;América do Sul;gerente projetos
24;Capco;Gerente de Projetos de Manutenção - Rio de Janeiro - Híbrido;Grande Rio de Janeiro (RJ);12/05 16:00;https://www.linkedin.com/jobs/view/4413485738/;https://media.licdn.com/dms/image/v2/D560BAQGRr0gl6aqDEQ/company-logo_100_100/B56ZfLXYIjHUAQ-/0/1751463592988/capco_logo?e=1780531200&v=beta&t=4qj9VucaUHN8w1iMC1z7_wzh4Fl5mI2lZtaTn1nKRvI;Middle > Manager;https://www.linkedin.com/company/capco/about/;-;Greenhouse;capco;1.0;https://www.linkedin.com/jobs/view/4413485738/;https://www.linkedin.com/jobs/view/4413485738/;Hybrid;Mid, Liderança/Gerência, Sustentação/O&M;12/05/2026;Petrópolis;Rio de Janeiro;RJ;;Brasil;América do Sul;gerente projetos
25;Capco;Gerente de Projetos de Manutenção - Rio de Janeiro - Híbrido;Grande Rio de Janeiro (RJ);11/05 22:00;https://www.linkedin.com/jobs/view/4413477899/;https://media.licdn.com/dms/image/v2/D560BAQGRr0gl6aqDEQ/company-logo_100_100/B56ZfLXYIjHUAQ-/0/1751463592988/capco_logo?e=1780531200&v=beta&t=4qj9VucaUHN8w1iMC1z7_wzh4Fl5mI2lZtaTn1nKRvI;Middle > Manager;https://www.linkedin.com/company/capco/about/;-;Greenhouse;capco;1.0;https://www.linkedin.com/jobs/view/4413477899/;https://www.linkedin.com/jobs/view/4413477899/;Hybrid;Mid, Liderança/Gerência, Sustentação/O&M;12/05/2026;Petrópolis;Rio de Janeiro;RJ;;Brasil;América do Sul;gerente projetos
26;Capgemini;FBS Director of Portfolio Delivery;Brasil;12/05 14:00;https://www.linkedin.com/jobs/view/4410174973/;https://media.licdn.com/dms/image/v2/D4E0BAQHIL3HctxNfvg/company-logo_100_100/B4EZokv7VQIUAQ-/0/1761553135376/capgemini_logo?e=1780531200&v=beta&t=rbpaHR58n0gsaQDF6zoof9hX_tjCyGJd024gFbumaLg;Leadership > C-Level > Director;https://www.linkedin.com/company/capgemini/about/;-;LinkedIn (Easy Apply);capgemini;4.0;https://www.linkedin.com/jobs/view/4410174973/;https://www.linkedin.com/jobs/view/4410174973/;Remote;Liderança/Gerência, Delivery/SDM;12/05/2026;;;;;Brasil;América do Sul;gerente projetos
27;Cedro Technologies;Gerente de Projetos - Híbrido em São Paulo-SP;São Paulo (SP);12/05 21:00;https://www.linkedin.com/jobs/view/4413790117/;https://media.licdn.com/dms/image/v2/C4E0BAQGBJP39tWLSWw/company-logo_100_100/company-logo_100_100/0/1630623681979/cedro_technologies_logo?e=1780531200&v=beta&t=jfh-c54d558Mf2_SPxvIxOeYej2fnxpfW2QppgVEXiY;Middle > Manager;https://www.linkedin.com/company/cedro-technologies/about/;Software e Serviços de TI;Solidês;cedro technologies;1.0;https://www.linkedin.com/jobs/view/4413790117/;https://www.linkedin.com/jobs/view/4413790117/;Hybrid;Mid, Liderança/Gerência;12/05/2026;São Paulo;São Paulo;SP;Região Sudeste;Brasil;América do Sul;gerente projetos
28;Cetro Máquinas;Analista de Projetos Júnior B;Brasil;12/05 00:00;https://www.linkedin.com/jobs/view/4410106892/;https://media.licdn.com/dms/image/v2/D4D0BAQGY5jvI5CxzTQ/company-logo_100_100/B4DZYbpHntGkAU-/0/1744220487107/cetromaquinas_logo?e=1780531200&v=beta&t=QKKjf4h6-Ygq31yEWHc091mESEGHnbqmvUcfZ3euiVw;Advanced > Specialist;https://www.linkedin.com/company/cetro-m-quinas/about/;-;empregos.com.br;cetro máquinas;1.0;https://www.linkedin.com/jobs/view/4410106892/;https://www.linkedin.com/jobs/view/4410106892/;On-site;Junior, Associate;12/05/2026;;;;;Brasil;América do Sul;gerente projetos
29;Claire Joster;Analista de Projetos Sênior;São Paulo (SP);11/05 22:00;https://www.linkedin.com/jobs/view/4413172083/;https://media.licdn.com/dms/image/v2/D4E0BAQGoQn_Tl9s0jQ/company-logo_100_100/company-logo_100_100/0/1686128558659/claire_joster_logo?e=1780531200&v=beta&t=MJ1QYeeeMu1wK3zd2dlhPF28txyw1Ekl3p1WFiNT66I;Advanced > Specialist;https://www.linkedin.com/company/claire-joster/about/;-;LinkedIn (Easy Apply);claire joster;1.0;https://www.linkedin.com/jobs/view/4413172083/;https://www.linkedin.com/jobs/view/4413172083/;On-site;Senior, Associate;12/05/2026;São Paulo;São Paulo;SP;Região Sudeste;Brasil;América do Sul;gerente projetos
30;Compass UOL;Agile Master | Junior (Remote);Brasil;12/05 18:00;https://www.linkedin.com/jobs/view/4413724503/;https://media.licdn.com/dms/image/v2/D4D0BAQGS2dYkE6pQUA/company-logo_100_100/B4DZ2b.l4WIkAY-/0/1776438370262/compass_uol_logo?e=1780531200&v=beta&t=qBZwXMIk0TLpdAHp0b12CKjwj7AoVrvrjgHqVhgPfmg;Agility > Scrum Master;https://www.linkedin.com/company/compass-uol/about/;-;Gupy;compass uol;4.0;https://www.linkedin.com/jobs/view/4413724503/;https://www.linkedin.com/jobs/view/4413724503/;Remote;Junior, Scrum/Agile;12/05/2026;;;;;Brasil;América do Sul;gerente projetos
31;Compass UOL;Agile Master | Senior (Remote);Brasil;12/05 18:00;https://www.linkedin.com/jobs/view/4413731360/;https://media.licdn.com/dms/image/v2/D4D0BAQGS2dYkE6pQUA/company-logo_100_100/B4DZ2b.l4WIkAY-/0/1776438370262/compass_uol_logo?e=1780531200&v=beta&t=qBZwXMIk0TLpdAHp0b12CKjwj7AoVrvrjgHqVhgPfmg;Agility > Scrum Master;https://www.linkedin.com/company/compass-uol/about/;-;Gupy;compass uol;4.0;https://www.linkedin.com/jobs/view/4413731360/;https://www.linkedin.com/jobs/view/4413731360/;Remote;Senior, Scrum/Agile;12/05/2026;;;;;Brasil;América do Sul;gerente projetos
32;Confidential;PROJECT DIRECTOR / PMO;São Paulo (SP);12/05 10:00;https://www.linkedin.com/jobs/view/4410171763/;https://media.licdn.com/dms/image/v2/D4D0BAQGxhBuvY4JuXw/img-crop_100/B4DZXn.1neH4AM-/0/1743353764858?e=1780531200&v=beta&t=76UNp16dlzGbkCr8RkmEk2K6Jbya7_uMTZBm1zg4LCg;Produtos > Product Manager;https://www.linkedin.com/company/confidential/about/;Software e Serviços de TI;LinkedIn (Easy Apply);confidential;1.0;https://www.linkedin.com/jobs/view/4410171763/;https://www.linkedin.com/jobs/view/4410171763/;On-site;Liderança/Gerência, PMO;12/05/2026;São Paulo;São Paulo;SP;Região Sudeste;Brasil;América do Sul;gerente projetos
33;Conquest One;Agente de Mudança Agile;São Paulo (SP);11/05 22:00;https://www.linkedin.com/jobs/view/4412967486/;https://media.licdn.com/dms/image/v2/C4D0BAQFMtIIFjHfesg/company-logo_100_100/company-logo_100_100/0/1673058147101?e=1780531200&v=beta&t=9dz_-l65CA9ghIY9cG5M0KZB4oe0L-8AkeAnGAylJpc;-;https://www.linkedin.com/company/conquest-one/about/;-;LinkedIn (Easy Apply);conquest one;1.0;https://www.linkedin.com/jobs/view/4412967486/;https://www.linkedin.com/jobs/view/4412967486/;Hybrid;Scrum/Agile, Change Mgt;12/05/2026;São Paulo;São Paulo;SP;Região Sudeste;Brasil;América do Sul;gerente projetos
34;Crossing Hurdles;Project Manager - AI/ML;Brasil;12/05 10:00;https://www.linkedin.com/jobs/view/4413438252/;https://media.licdn.com/dms/image/v2/D560BAQEGLWHBZmzzcA/company-logo_100_100/B56ZYzlx2LHEAY-/0/1744622264274/crossinghurdles_logo?e=1780531200&v=beta&t=jvtIup4NcZYKxOCCenWoeoQ-Hboy8C6ykDUhHoQ1Pqg;Portfolio > Projetos > Project Manager;https://www.linkedin.com/company/crossing-hurdles/about/;Inteligência Artificial;LinkedIn (Easy Apply);crossing hurdles;3.0;https://www.linkedin.com/jobs/view/4413438252/;https://www.linkedin.com/jobs/view/4413438252/;Remote;Machine Learning, Inteligência Artificial, Liderança/Gerência;12/05/2026;;;;;Brasil;América do Sul;gerente projetos
35;Crossing Hurdles;Project and Operations Specialist | $80/hr Remote;Brasil;12/05 09:00;https://www.linkedin.com/jobs/view/4413551442/;https://media.licdn.com/dms/image/v2/D560BAQEGLWHBZmzzcA/company-logo_100_100/B56ZYzlx2LHEAY-/0/1744622264274/crossinghurdles_logo?e=1780531200&v=beta&t=jvtIup4NcZYKxOCCenWoeoQ-Hboy8C6ykDUhHoQ1Pqg;Advanced > Specialist;https://www.linkedin.com/company/crossing-hurdles/about/;Recursos Humanos;LinkedIn (Easy Apply);crossing hurdles;3.0;https://www.linkedin.com/jobs/view/4413551442/;https://www.linkedin.com/jobs/view/4413551442/;Remote;Specialist;12/05/2026;;;;;Brasil;América do Sul;gerente projetos
36;Cyrela;Analista de Projetos Executivos Pl. | São Paulo/SP;São Paulo (SP);11/05 22:00;https://www.linkedin.com/jobs/view/4413177514/;https://media.licdn.com/dms/image/v2/C4D0BAQG_Lu51KidWoA/company-logo_100_100/company-logo_100_100/0/1662671550476/cyrela_logo?e=1780531200&v=beta&t=BYSJmnqr-VrttfofNrSALA9YBz9LTDPtiL_I_YMo2FA;Advanced > Specialist;https://www.linkedin.com/company/cyrela/about/;Software e Serviços de TI;Gupy;cyrela;1.0;https://www.linkedin.com/jobs/view/4413177514/;https://www.linkedin.com/jobs/view/4413177514/;On-site;Mid, Associate;12/05/2026;São Paulo;São Paulo;SP;Região Sudeste;Brasil;América do Sul;gerente projetos
37;Cyrela;Analista de Projetos Executivos Sr. | São Paulo/SP;São Paulo (SP);11/05 22:00;https://www.linkedin.com/jobs/view/4413169971/;https://media.licdn.com/dms/image/v2/C4D0BAQG_Lu51KidWoA/company-logo_100_100/company-logo_100_100/0/1662671550476/cyrela_logo?e=1780531200&v=beta&t=BYSJmnqr-VrttfofNrSALA9YBz9LTDPtiL_I_YMo2FA;Advanced > Specialist;https://www.linkedin.com/company/cyrela/about/;Software e Serviços de TI;Gupy;cyrela;1.0;https://www.linkedin.com/jobs/view/4413169971/;https://www.linkedin.com/jobs/view/4413169971/;On-site;Senior, Associate;12/05/2026;São Paulo;São Paulo;SP;Região Sudeste;Brasil;América do Sul;gerente projetos
38;DB Diagnósticos;Analista de Planejamento e Controle da Produção - PCP;Sorocaba (SP);11/05 22:00;https://www.linkedin.com/jobs/view/4413210645/;https://media.licdn.com/dms/image/v2/D4D0BAQHDFNMYWSt6tQ/company-logo_100_100/B4DZfHzmvHH4AU-/0/1751403883870/dbdiagnosticos_logo?e=1780531200&v=beta&t=_9uhlYLEc0PfCPWwr13sDnYDJAzoe-sSR6oVGDX18S8;Advanced > Specialist;https://www.linkedin.com/company/db-diagn-sticos/about/;Manufatura e Produção;;db diagnósticos;1;https://www.linkedin.com/jobs/view/4413210645/;https://www.linkedin.com/jobs/view/4413210645/;On-site;Associate, PCP;12/05/2026;Sorocaba;São Paulo;SP;Região Sudeste;Brasil;América do Sul;gerente projetos
39;DOT Digital Group;Líder de Projetos Educacionais - Desenvolvimento EAD;Brasil;11/05 22:00;https://www.linkedin.com/jobs/view/4413813188/;https://media.licdn.com/dms/image/v2/D4D0BAQEDkUNp8YmFbw/company-logo_100_100/B4DZWRTgxnHAAc-/0/1741899566620/dot_digital_group_logo?e=1780531200&v=beta&t=shbj8juLEYshH6mVXKoVUdE46JZSE1xxPqp8laYiV8k;-;https://www.linkedin.com/company/dot-digital-group/about/;Software e Serviços de TI;;dot digital group;1.0;https://www.linkedin.com/jobs/view/4413813188/;https://www.linkedin.com/jobs/view/4413813188/;Remote;Mid, Liderança/Gerência, Coach;12/05/2026;;;;;Brasil;América do Sul;gerente projetos
40;Deloitte;Consultor(a) SAP PM/QM Sênior - Recife;Recife (PE);12/05 21:00;https://www.linkedin.com/jobs/view/4413758921/;https://media.licdn.com/dms/image/v2/C560BAQGNtpblgQpJoQ/company-logo_100_100/company-logo_100_100/0/1662120928214/deloitte_logo?e=1780531200&v=beta&t=Fx-CmC_whOSlE-vCyWqLQxkSi9HtIzbjhaZsQsa0IAQ;Produtos > Product Manager;https://www.linkedin.com/company/deloitte/about/;Software e Serviços de TI;Inhire;deloitte;4.0;https://www.linkedin.com/jobs/view/4413758921/;https://www.linkedin.com/jobs/view/4413758921/;Hybrid;Senior, Consultor, SAP, Product Owner/Product Manager;12/05/2026;Recife;Pernambuco;PE;Região Nordeste;Brasil;América do Sul;gerente projetos
41;ELECTRO AÇO ALTONA S.A.;ANALISTA PROJETOS PL;Blumenau (SC);12/05 20:00;https://www.linkedin.com/jobs/view/4410303865/;https://media.licdn.com/dms/image/v2/D4D0BAQEN1OZpv3H9jA/company-logo_100_100/B4DZVHSSJpHYAQ-/0/1740657743233/altona_s_a_logo?e=1780531200&v=beta&t=oIvDvGDTFBSA8u9Zv3kPSR3Ua3_mI7xZHKByXXBaNL4;Advanced > Specialist;https://www.linkedin.com/company/electro-a-o-altona-s-a/about/;-;;electro aço altona s.a.;1.0;https://www.linkedin.com/jobs/view/4410303865/;https://www.linkedin.com/jobs/view/4410303865/;On-site;Mid, Associate;12/05/2026;Blumenau;Santa Catarina;SC;Região Sul;Brasil;América do Sul;gerente projetos
42;ELECTRO AÇO ALTONA S.A.;PROGRAMADOR DE PCP - JR;Blumenau (SC);11/05 22:00;https://www.linkedin.com/jobs/view/4410312853/;https://media.licdn.com/dms/image/v2/D4D0BAQEN1OZpv3H9jA/company-logo_100_100/B4DZVHSSJpHYAQ-/0/1740657743233/altona_s_a_logo?e=1780531200&v=beta&t=oIvDvGDTFBSA8u9Zv3kPSR3Ua3_mI7xZHKByXXBaNL4;-;https://www.linkedin.com/company/electro-a-o-altona-s-a/about/;-;;electro aço altona s.a.;1.0;https://www.linkedin.com/jobs/view/4410312853/;https://www.linkedin.com/jobs/view/4410312853/;On-site;Junior, PCP;12/05/2026;Blumenau;Santa Catarina;SC;Região Sul;Brasil;América do Sul;gerente projetos
43;EPAM Systems;Project Manager (Salesforce);Brasil;12/05 07:00;https://www.linkedin.com/jobs/view/4410159051/;https://media.licdn.com/dms/image/v2/D4D0BAQGd7yeYsBtfzw/company-logo_100_100/B4DZuc0QBQH4AQ-/0/1767862501956/epam_systems_logo?e=1780531200&v=beta&t=FbNm0c0vKfBV3YiPMQ8f_y5S0zeg9BIXPRfbtyW3O80;Portfolio > Projetos > Project Manager;https://www.linkedin.com/company/epam-systems/about/;Vendas e Suporte;careers.epam.com;epam systems;1.0;https://www.linkedin.com/jobs/view/4410159051/;https://www.linkedin.com/jobs/view/4410159051/;Remote;Liderança/Gerência, Salesforce/CRM, Vendas / Comercial;12/05/2026;;;;;Brasil;América do Sul;gerente projetos
44;EPAM Systems;Project Manager (Salesforce);Brasil;12/05 07:00;https://www.linkedin.com/jobs/view/4410151263/;https://media.licdn.com/dms/image/v2/D4D0BAQGd7yeYsBtfzw/company-logo_100_100/B4DZuc0QBQH4AQ-/0/1767862501956/epam_systems_logo?e=1780531200&v=beta&t=FbNm0c0vKfBV3YiPMQ8f_y5S0zeg9BIXPRfbtyW3O80;Portfolio > Projetos > Project Manager;https://www.linkedin.com/company/epam-systems/about/;Vendas e Suporte;careers.epam.com;epam systems;1.0;https://www.linkedin.com/jobs/view/4410151263/;https://www.linkedin.com/jobs/view/4410151263/;Remote;Liderança/Gerência, Salesforce/CRM, Vendas / Comercial;12/05/2026;;;;;Brasil;América do Sul;gerente projetos
45;Einstein Hospital Israelita;Oportunidades de Carreira: Analista de Inovação (PMO) - Eretz.bio (1310075);São Paulo (SP);11/05 22:00;https://www.linkedin.com/jobs/view/4412980738/;https://media.licdn.com/dms/image/v2/D4D0BAQFhWCRV0GFqFQ/company-logo_100_100/B4DZfMWS66GUAU-/0/1751480088538/einstein_hospital_israelita_logo?e=1780531200&v=beta&t=UrH2nfF5A4zE-O3uFpr-g0ErZj6N8fvKuK8TiEJ0e60;Advanced > Specialist;https://www.linkedin.com/company/einstein-hospital-israelita/about/;Saúde e Hospitais;SuccessFactors (SAP);einstein hospital israelita;1.0;https://www.linkedin.com/jobs/view/4412980738/;https://www.linkedin.com/jobs/view/4412980738/;Hybrid;Associate, PMO, Inovação/P&D;12/05/2026;São Paulo;São Paulo;SP;Região Sudeste;Brasil;América do Sul;gerente projetos
46;Einstein Hospital Israelita;Oportunidades de Carreira: Consultor (a) Projetos de Excelência (1311068);São Paulo (SP);12/05 20:00;https://www.linkedin.com/jobs/view/4413838410/;https://media.licdn.com/dms/image/v2/D4D0BAQFhWCRV0GFqFQ/company-logo_100_100/B4DZfMWS66GUAU-/0/1751480088538/einstein_hospital_israelita_logo?e=1780531200&v=beta&t=UrH2nfF5A4zE-O3uFpr-g0ErZj6N8fvKuK8TiEJ0e60;Advanced > Specialist;https://www.linkedin.com/company/einstein-hospital-israelita/about/;Saúde e Hospitais;SuccessFactors (SAP);einstein hospital israelita;1.0;https://www.linkedin.com/jobs/view/4413838410/;https://www.linkedin.com/jobs/view/4413838410/;Hybrid;Consultor, Processos/Excelência;12/05/2026;São Paulo;São Paulo;SP;Região Sudeste;Brasil;América do Sul;gerente projetos
47;Eletro Equip;Analista de Qualidade e Processos;Barueri (SP);12/05 12:00;https://www.linkedin.com/jobs/view/4410189375/;https://media.licdn.com/dms/image/v2/C4D0BAQE1fVOaTTPDZg/company-logo_100_100/company-logo_100_100/0/1630497017387/eletro_equip_logo?e=1780531200&v=beta&t=4BBXiMKboVGXCOc8jR5DyLIMsSUXys4K2JSM_CWDJss;Advanced > Process & Automation;https://www.linkedin.com/company/eletro-equip/about/;-;eletroequip.factorialhr.com.br;eletro equip;1.0;https://www.linkedin.com/jobs/view/4410189375/;https://www.linkedin.com/jobs/view/4410189375/;On-site;Associate, Processos/Excelência;12/05/2026;Barueri;São Paulo;SP;Região Sudeste;Brasil;América do Sul;gerente projetos
48;Estaleiro Navship;Analista de Projetos - KD;Navegantes (SC);11/05 22:00;https://www.linkedin.com/jobs/view/4413217299/;https://media.licdn.com/dms/image/v2/C4E0BAQE62HTxmGvWug/company-logo_100_100/company-logo_100_100/0/1631305165136?e=1780531200&v=beta&t=5BuFiQ1DHDDPEKCw9UhClH3wENp25D9vOjbjh9fcEsM;Advanced > Specialist;https://www.linkedin.com/company/estaleiro-navship/about/;-;;estaleiro navship;1;https://www.linkedin.com/jobs/view/4413217299/;https://www.linkedin.com/jobs/view/4413217299/;On-site;Associate;12/05/2026;Navegantes;Santa Catarina;SC;Região Sul;Brasil;América do Sul;gerente projetos
49;Evolution;Project Manager;SP;12/05 11:00;https://www.linkedin.com/jobs/view/4413462025/;https://media.licdn.com/dms/image/v2/D4D0BAQFMMYumjzdVJA/company-logo_100_100/company-logo_100_100/0/1719398436914/evolution_global_logo?e=1780531200&v=beta&t=QB6hzrXVVcrQUGjlZNgRcqJbLHA-5qxmjTlwj9nZFAs;Portfolio > Projetos > Project Manager;https://www.linkedin.com/company/evolution/about/;Software e Serviços de TI;Smartrecruiters;evolution;1.0;https://www.linkedin.com/jobs/view/4413462025/;https://www.linkedin.com/jobs/view/4413462025/;On-site;Liderança/Gerência;12/05/2026;;São Paulo;SP;Região Sudeste;Brasil;América do Sul;gerente projetos
50;Evolution;Project Manager;São Paulo (SP);12/05 11:00;https://www.linkedin.com/jobs/view/4410180264/;https://media.licdn.com/dms/image/v2/D4D0BAQFMMYumjzdVJA/company-logo_100_100/company-logo_100_100/0/1719398436914/evolution_global_logo?e=1780531200&v=beta&t=QB6hzrXVVcrQUGjlZNgRcqJbLHA-5qxmjTlwj9nZFAs;Portfolio > Projetos > Project Manager;https://www.linkedin.com/company/evolution/about/;Software e Serviços de TI;Smartrecruiters;evolution;1.0;https://www.linkedin.com/jobs/view/4410180264/;https://www.linkedin.com/jobs/view/4410180264/;On-site;Liderança/Gerência;12/05/2026;São Paulo;São Paulo;SP;Região Sudeste;Brasil;América do Sul;gerente projetos
51;FCamara;Technical Delivery Manager (TDM);São Paulo (SP);11/05 22:00;https://www.linkedin.com/jobs/view/4404313271/;https://media.licdn.com/dms/image/v2/C4D0BAQEzMzmY-T_F1g/company-logo_100_100/company-logo_100_100/0/1670441718552/grupofcamara_logo?e=1780531200&v=beta&t=ftGbrUMILmSYU853xz68hV3R9Ht33LFbdRnb3gBiK5c;Operations > Delivery Manager;https://www.linkedin.com/company/fcamara/about/;Software e Serviços de TI;Gupy;fcamara;1.0;https://www.linkedin.com/jobs/view/4404313271/;https://www.linkedin.com/jobs/view/4404313271/;Hybrid;Liderança/Gerência, TI/Tech, Delivery/SDM;12/05/2026;São Paulo;São Paulo;SP;Região Sudeste;Brasil;América do Sul;gerente projetos
52;FSB Holding;Pessoa PMO Comercial – Digital;SP;12/05 17:00;https://www.linkedin.com/jobs/view/4410316297/;https://media.licdn.com/dms/image/v2/D4D0BAQF9xGvCyvT9ZQ/company-logo_100_100/company-logo_100_100/0/1708959331101/fsbholding_logo?e=1780531200&v=beta&t=-oBOAN5UzcmMZvpWVyqmigmtoh3dK7C1Qscrrwb86mg;Produtos > Product Manager;https://www.linkedin.com/company/fsb-holding/about/;Software e Serviços de TI;;fsb holding;1;https://www.linkedin.com/jobs/view/4410316297/;https://www.linkedin.com/jobs/view/4410316297/;Hybrid;PCD / Afirmativa, TI/Tech, PMO, Vendas / Comercial;12/05/2026;;São Paulo;SP;Região Sudeste;Brasil;América do Sul;gerente projetos
53;Feedzai;Regional Delivery Senior Manager;Brasil;12/05 17:00;https://www.linkedin.com/jobs/view/4413809987/;https://media.licdn.com/dms/image/v2/D4E0BAQGFtZ-0kNaaEg/company-logo_100_100/B4EZ0BLCdKHQAU-/0/1773841164554/feedzai_logo?e=1780531200&v=beta&t=MHU6lLr-wB7oSoGYFVuHbW3fwSPa6Hp_vzlKADm4ij4;Middle > Manager;https://www.linkedin.com/company/feedzai/about/;-;;feedzai;1;https://www.linkedin.com/jobs/view/4413809987/;https://www.linkedin.com/jobs/view/4413809987/;Remote;Senior, Liderança/Gerência, Delivery/SDM;12/05/2026;;;;;Brasil;América do Sul;gerente projetos
54;FiberHome Brasil;Gerente de Projetos (Telecom) - SP;São Paulo (SP);11/05 22:00;https://www.linkedin.com/jobs/view/4413834853/;https://media.licdn.com/dms/image/v2/D4E0BAQF4JvOIajxtWQ/company-logo_100_100/B4EZrgXMzzKoAQ-/0/1764700771188/fiberhomebrasil_logo?e=1780531200&v=beta&t=v57Xs_oxrq3MYwnvz091D1qSQ-cmCnFGuW_YBmzUfE0;Middle > Manager;https://www.linkedin.com/company/fiberhome-brasil/about/;Recursos Humanos;LinkedIn (Easy Apply);fiberhome brasil;1.0;https://www.linkedin.com/jobs/view/4413834853/;https://www.linkedin.com/jobs/view/4413834853/;On-site;Mid, Liderança/Gerência;12/05/2026;São Paulo;São Paulo;SP;Região Sudeste;Brasil;América do Sul;gerente projetos
55;Firedev IT;Gerente de Projetos;São Paulo (SP);11/05 22:00;https://www.linkedin.com/jobs/view/4375031950/;https://media.licdn.com/dms/image/v2/C4E0BAQFjLXltMZ2BrQ/company-logo_100_100/company-logo_100_100/0/1630632162289/firedevbr_logo?e=1780531200&v=beta&t=jPKTwIK91l2ceRxvsML6CDsW2Sbj5vjN0YFEfaXWMI4;Middle > Manager;https://www.linkedin.com/company/firedev-it/about/;Software e Serviços de TI;portal-v2.skillhunter.com.br;firedev it;1.0;https://www.linkedin.com/jobs/view/4375031950/;https://www.linkedin.com/jobs/view/4375031950/;Hybrid;Mid, Liderança/Gerência;12/05/2026;São Paulo;São Paulo;SP;Região Sudeste;Brasil;América do Sul;gerente projetos
56;Fockink;Analista de Planejamento de Obras;Panambi (RS);12/05 00:00;https://www.linkedin.com/jobs/view/4410105840/;https://media.licdn.com/dms/image/v2/D4D0BAQEcdH43r3XlRA/company-logo_100_100/B4DZraQq2WKEAQ-/0/1764598394791/grupo_fockink_logo?e=1780531200&v=beta&t=GNWDbck0vAZzwGnxz24BkPj2I6s4CsWEGIAbGI_1ITI;Advanced > Specialist;https://www.linkedin.com/company/fockink/about/;Construção e Civil;empregos.com.br;fockink;1.0;https://www.linkedin.com/jobs/view/4410105840/;https://www.linkedin.com/jobs/view/4410105840/;On-site;Associate, Obras/Engenharia Civil;12/05/2026;Panambi;Rio Grande do Sul;RS;Região Sul;Brasil;América do Sul;gerente projetos
57;Fortbras;Analista Sênior Expansão PMO;São Paulo (SP);11/05 22:00;https://www.linkedin.com/jobs/view/4413170497/;https://media.licdn.com/dms/image/v2/C4E0BAQFc6-83Ez2aqQ/company-logo_100_100/company-logo_100_100/0/1631365428580/fortbras_logo?e=1780531200&v=beta&t=qBhr1jCxupAtNIFobLlFnIu5NUCUnc11uzMySfaKJqk;Produtos > Product Manager;https://www.linkedin.com/company/fortbras/about/;-;;fortbras;1.0;https://www.linkedin.com/jobs/view/4413170497/;https://www.linkedin.com/jobs/view/4413170497/;On-site;Senior, Associate, PMO;12/05/2026;São Paulo;São Paulo;SP;Região Sudeste;Brasil;América do Sul;gerente projetos
58;Foundation for Amazon Sustainability;Analista Técnico De Projetos - Vaga No 71/2026;Federal District, Brasil;12/05 17:00;https://www.linkedin.com/jobs/view/4413718996/;https://media.licdn.com/dms/image/v2/C4D0BAQH27BGHRBzOtg/company-logo_100_100/company-logo_100_100/0/1675890793730/fasamazonia_logo?e=1780531200&v=beta&t=oZa5oD7uQVLZ-jryBesooxcMbrfdbFF9Lkw29MYoHRs;Advanced > Specialist;https://www.linkedin.com/company/foundation-for-amazon-sustainability/about/;Software e Serviços de TI;;foundation for amazon sustainability;1.0;https://www.linkedin.com/jobs/view/4413718996/;https://www.linkedin.com/jobs/view/4413718996/;Hybrid;Associate;12/05/2026;;Distrito Federal;DF;Região Centro-Oeste;Brasil;América do Sul;gerente projetos
59;Fraud Deflect;Technical Project Manager;Brasil;12/05 02:00;https://www.linkedin.com/jobs/view/4413273529/;https://media.licdn.com/dms/image/v2/D4D0BAQEQbfE4KNHbug/company-logo_100_100/B4DZWv4Y7gHAAQ-/0/1742412550370/fraud_deflect_logo?e=1780531200&v=beta&t=eChM3zxMnDEFgFFI17NkVyAV1EtUPVsO29IOTIKB9ug;Portfolio > Projetos > Project Manager;https://www.linkedin.com/company/fraud-deflect/about/;Software e Serviços de TI;;fraud deflect;1;https://www.linkedin.com/jobs/view/4413273529/;https://www.linkedin.com/jobs/view/4413273529/;Remote;Liderança/Gerência, TI/Tech;12/05/2026;;;;;Brasil;América do Sul;gerente projetos
60;Fundação Bradesco;Analista Projetos Obras II - Planejamento de Obras;Osasco (SP);12/05 05:00;https://www.linkedin.com/jobs/view/4413287667/;https://media.licdn.com/dms/image/v2/C4E0BAQFOiaQvbDY3hQ/company-logo_100_100/company-logo_100_100/0/1630591657622/fundacaobradesco_logo?e=1780531200&v=beta&t=4mOXnIYMlPO1Krk6rySp4bm1mhBspLm6vK1jO3-X_6E;Advanced > Specialist;https://www.linkedin.com/company/funda-o-bradesco/about/;Construção e Civil;www.recrutasimples.com.br;fundação bradesco;1.0;https://www.linkedin.com/jobs/view/4413287667/;https://www.linkedin.com/jobs/view/4413287667/;On-site;Associate, Obras/Engenharia Civil;12/05/2026;Osasco;São Paulo;SP;Região Sudeste;Brasil;América do Sul;gerente projetos
61;GREY BRASIL;Gerente de Projetos (freelancer);São Paulo (SP);12/05 12:00;https://www.linkedin.com/jobs/view/4413574673/;https://media.licdn.com/dms/image/v2/C560BAQFojOiAcrqRuA/company-logo_100_100/company-logo_100_100/0/1631320339631?e=1780531200&v=beta&t=HPKfNvnjgSHmmr2Vmwsdxt640aKu6Ztig85vBNcWBl8;Middle > Manager;https://www.linkedin.com/company/grey-brasil/about/;-;;grey brasil;1;https://www.linkedin.com/jobs/view/4413574673/;https://www.linkedin.com/jobs/view/4413574673/;Hybrid;Freelance/PJ, Mid, Liderança/Gerência;12/05/2026;São Paulo;São Paulo;SP;Região Sudeste;Brasil;América do Sul;gerente projetos
62;GX2 Tecnologia;‍ | PMO Analyst | Mid-Level;Brasil;11/05 22:00;https://www.linkedin.com/jobs/view/4413832937/;https://media.licdn.com/dms/image/v2/D4D0BAQHH7cKhlr9hmQ/company-logo_100_100/company-logo_100_100/0/1735824597570/gx2tecnologia_logo?e=1780531200&v=beta&t=1HdI1i1sQXPTmFhpRrhoeH9_NjUFqxOVuWnvzP95DFU;Produtos > Product Manager;https://www.linkedin.com/company/gx2-tecnologia/about/;-;;gx2 tecnologia;1.0;https://www.linkedin.com/jobs/view/4413832937/;https://www.linkedin.com/jobs/view/4413832937/;Remote;Mid, PMO;12/05/2026;;;;;Brasil;América do Sul;gerente projetos
63;GlobalTeam;Project Coordinator;América Latina;12/05 16:00;https://www.linkedin.com/jobs/view/4413809702/;https://media.licdn.com/dms/image/v2/D560BAQGxJn7OlLM5Ew/company-logo_100_100/company-logo_100_100/0/1708121502254/globalteam1_logo?e=1780531200&v=beta&t=TBwL-PR8ZmwIu6-17aKCWDIUz_HkmwxQIEFn56fioXM;-;https://www.linkedin.com/company/globalteam/about/;-;;globalteam;1.0;https://www.linkedin.com/jobs/view/4413809702/;https://www.linkedin.com/jobs/view/4413809702/;Remote;Mid;12/05/2026;;;;;;América Latina;gerente projetos
64;Hazan Gestão de RH;Projetista;Florianópolis (SC);12/05 00:00;https://www.linkedin.com/jobs/view/4410110772/;https://media.licdn.com/dms/image/v2/C4E0BAQHYnFD5L4iMsA/company-logo_100_100/company-logo_100_100/0/1631306590504?e=1780531200&v=beta&t=9W3NFE15o_CRl4g8t7BHwYBv7S4xhLRSlty7_EupRww;-;https://www.linkedin.com/company/hazan-gest-o-de-rh/about/;Recursos Humanos;empregos.com.br;hazan gestão de rh;1.0;https://www.linkedin.com/jobs/view/4410110772/;https://www.linkedin.com/jobs/view/4410110772/;On-site;-;12/05/2026;Florianópolis;Santa Catarina;SC;Região Sul;Brasil;América do Sul;gerente projetos
65;Hiflex Group;Agile Master Pleno;SP;12/05 12:00;https://www.linkedin.com/jobs/view/4413581189/;https://media.licdn.com/dms/image/v2/D4D0BAQH-x80dk2QhnA/company-logo_100_100/company-logo_100_100/0/1728571621756/hiflex_group_logo?e=1780531200&v=beta&t=EC9RC1b1hoTigEZtEyG-Dait__d-TwRDeC2GT1uNQWQ;Agility > Scrum Master;https://www.linkedin.com/company/hiflex-group/about/;-;LinkedIn (Easy Apply);hiflex group;1.0;https://www.linkedin.com/jobs/view/4413581189/;https://www.linkedin.com/jobs/view/4413581189/;Hybrid;Mid, Scrum/Agile;12/05/2026;;São Paulo;SP;Região Sudeste;Brasil;América do Sul;gerente projetos
66;HwIT - Hardware Innovation Technologies;ANALISTA DE PROJETOS SR;Campinas (SP);11/05 22:00;https://www.linkedin.com/jobs/view/4413210512/;https://media.licdn.com/dms/image/v2/D4D0BAQF0U-TfnpTCyw/company-logo_100_100/company-logo_100_100/0/1692665974162/hwit_logo?e=1780531200&v=beta&t=29kTT7y-CNxYaEsdApehqcjXNW3gS7CRP3-4w1YOO64;Advanced > Specialist;https://www.linkedin.com/company/hwit-hardware-innovation-technologies/about/;Hardware e Eletrônicos;;hwit - hardware innovation technologies;1;https://www.linkedin.com/jobs/view/4413210512/;https://www.linkedin.com/jobs/view/4413210512/;Hybrid;Senior, Associate;12/05/2026;Campinas;São Paulo;SP;Região Sudeste;Brasil;América do Sul;gerente projetos
67;IQVIA;International Project Coordinator;São Paulo (SP);12/05 14:00;https://www.linkedin.com/jobs/view/4413809065/;https://media.licdn.com/dms/image/v2/C560BAQFW8oSPns4-Cw/company-logo_100_100/company-logo_100_100/0/1678802429367/iqvia_logo?e=1780531200&v=beta&t=jAh-EFIRUvL94UzIHMMq3ozkMdYkEkokmFbqlanHhxk;-;https://www.linkedin.com/company/iqvia/about/;Software e Serviços de TI;jobs.iqvia.com;iqvia;1.0;https://www.linkedin.com/jobs/view/4413809065/;https://www.linkedin.com/jobs/view/4413809065/;Remote;Mid, Intern;12/05/2026;São Paulo;São Paulo;SP;Região Sudeste;Brasil;América do Sul;gerente projetos
68;IQVIA;Senior Project Manager - Digital Operations Lead;São Paulo (SP);11/05 22:00;https://www.linkedin.com/jobs/view/4412994349/;https://media.licdn.com/dms/image/v2/C560BAQFW8oSPns4-Cw/company-logo_100_100/company-logo_100_100/0/1678802429367/iqvia_logo?e=1780531200&v=beta&t=jAh-EFIRUvL94UzIHMMq3ozkMdYkEkokmFbqlanHhxk;Portfolio > Projetos > Project Manager;https://www.linkedin.com/company/iqvia/about/;Software e Serviços de TI;jobs.iqvia.com;iqvia;1.0;https://www.linkedin.com/jobs/view/4412994349/;https://www.linkedin.com/jobs/view/4412994349/;Remote;Senior, Mid, Liderança/Gerência, TI/Tech;12/05/2026;São Paulo;São Paulo;SP;Região Sudeste;Brasil;América do Sul;gerente projetos
69;IQVIA Laboratories;International Project Coordinator;São Paulo (SP);12/05 15:00;https://www.linkedin.com/jobs/view/4413488554/;https://media.licdn.com/dms/image/v2/D4E0BAQHKw10ZFyZpVA/company-logo_100_100/company-logo_100_100/0/1728675435701?e=1780531200&v=beta&t=inDwRLeDObjAZ9NiSjGduCnhSOiqluvWiyYYrYh1z3k;-;https://www.linkedin.com/company/iqvia-laboratories/about/;Software e Serviços de TI;;iqvia laboratories;1;https://www.linkedin.com/jobs/view/4413488554/;https://www.linkedin.com/jobs/view/4413488554/;On-site;Mid, Intern;12/05/2026;São Paulo;São Paulo;SP;Região Sudeste;Brasil;América do Sul;gerente projetos
70;IQVIA Laboratories;Senior Project Manager - Digital Operations Lead;São Paulo (SP);12/05 15:00;https://www.linkedin.com/jobs/view/4413496523/;https://media.licdn.com/dms/image/v2/D4E0BAQHKw10ZFyZpVA/company-logo_100_100/company-logo_100_100/0/1728675435701?e=1780531200&v=beta&t=inDwRLeDObjAZ9NiSjGduCnhSOiqluvWiyYYrYh1z3k;Portfolio > Projetos > Project Manager;https://www.linkedin.com/company/iqvia-laboratories/about/;Software e Serviços de TI;;iqvia laboratories;1;https://www.linkedin.com/jobs/view/4413496523/;https://www.linkedin.com/jobs/view/4413496523/;On-site;Senior, Mid, Liderança/Gerência, TI/Tech;12/05/2026;São Paulo;São Paulo;SP;Região Sudeste;Brasil;América do Sul;gerente projetos
71;Ibrowse Consultoria e Informática;Gerente de Projetos de Tecnologia da Informação Presencial Cuiabá;Cuiabá (MT);12/05 00:00;https://www.linkedin.com/jobs/view/4410111591/;https://media.licdn.com/dms/image/v2/D4D0BAQG3sBdketdPbQ/company-logo_100_100/company-logo_100_100/0/1733149107395/ibrowse_consultoria_e_inform_tica_logo?e=1780531200&v=beta&t=eAIqWMvzL3sJPE1miqPc1kN6xcEVg9dWy7SSU32OMXI;Middle > Manager;https://www.linkedin.com/company/ibrowse-consultoria-e-inform-tica/about/;Consultoria e Assessoria;ibrowse.factorialhr.com.br;ibrowse consultoria e informática;1.0;https://www.linkedin.com/jobs/view/4410111591/;https://www.linkedin.com/jobs/view/4410111591/;On-site;Mid, Liderança/Gerência, TI/Tech;12/05/2026;Cuiabá;Mato Grosso;MT;Região Centro-Oeste;Brasil;América do Sul;gerente projetos
72;Ibrowse Consultoria e Informática;GERENTE DE PROJETOS PRESENCIAL SÃO PAULO;Grande São Paulo (SP) ;12/05 00:00;https://www.linkedin.com/jobs/view/4410126307/;https://media.licdn.com/dms/image/v2/D4D0BAQG3sBdketdPbQ/company-logo_100_100/company-logo_100_100/0/1733149107395/ibrowse_consultoria_e_inform_tica_logo?e=1780531200&v=beta&t=eAIqWMvzL3sJPE1miqPc1kN6xcEVg9dWy7SSU32OMXI;Middle > Manager;https://www.linkedin.com/company/ibrowse-consultoria-e-inform-tica/about/;Consultoria e Assessoria;ibrowse.factorialhr.com.br;ibrowse consultoria e informática;1.0;https://www.linkedin.com/jobs/view/4410126307/;https://www.linkedin.com/jobs/view/4410126307/;On-site;Mid, Liderança/Gerência;12/05/2026;;São Paulo;SP;Região Sudeste;Brasil;América do Sul;gerente projetos
73;Infosys;SENIOR PROJECT MANAGER - SAP PROJECTS & FARMING;São Paulo (SP);11/05 22:00;https://www.linkedin.com/jobs/view/4413154763/;https://media.licdn.com/dms/image/v2/D560BAQEv67uGFge5Sw/company-logo_100_100/B56ZfEsEVpHoAU-/0/1751351576332/infosys_logo?e=1780531200&v=beta&t=O6ctX1JMaFftIeFYTP6JYEQ0kKxVM-YgSDx4jUteKnc;Portfolio > Projetos > Project Manager;https://www.linkedin.com/company/infosys/about/;-;digitalcareers.infosys.com;infosys;1.0;https://www.linkedin.com/jobs/view/4413154763/;https://www.linkedin.com/jobs/view/4413154763/;On-site;Senior, Liderança/Gerência, SAP;12/05/2026;São Paulo;São Paulo;SP;Região Sudeste;Brasil;América do Sul;gerente projetos
74;Insight Global;Technical Project Manager;Brasil;11/05 23:00;https://www.linkedin.com/jobs/view/4413194470/;https://media.licdn.com/dms/image/v2/C560BAQGUNIyRZFaj0g/company-logo_100_100/company-logo_100_100/0/1657049194702/insight_global_logo?e=1780531200&v=beta&t=Hkn2bxJr6vYRpoCG6YckQtPyQzi_w6fC31tZX8w2R4E;Portfolio > Projetos > Project Manager;https://www.linkedin.com/company/insight-global/about/;Software e Serviços de TI;LinkedIn (Easy Apply);insight global;1.0;https://www.linkedin.com/jobs/view/4413194470/;https://www.linkedin.com/jobs/view/4413194470/;Remote;Liderança/Gerência, TI/Tech;12/05/2026;;;;;Brasil;América do Sul;gerente projetos
75;Instituto Baccarelli;Analista Sr Administrativo e de Projetos (Heliópolis);São Paulo (SP);12/05 21:00;https://www.linkedin.com/jobs/view/4413774299/;https://media.licdn.com/dms/image/v2/D4D0BAQEqyc3ehVMPvg/company-logo_100_100/company-logo_100_100/0/1729518982099/instituto_baccarelli_logo?e=1780531200&v=beta&t=IdOkjaN6dMVCyARqiwNlgeYrOmKPmA6kG4pXIpBn55U;Advanced > Specialist;https://www.linkedin.com/company/instituto-baccarelli/about/;Software e Serviços de TI;;instituto baccarelli;1;https://www.linkedin.com/jobs/view/4413774299/;https://www.linkedin.com/jobs/view/4413774299/;On-site;Senior, Associate;12/05/2026;São Paulo;São Paulo;SP;Região Sudeste;Brasil;América do Sul;gerente projetos
76;Intelltech;Gerente de Projetos;Belo Horizonte (MG);12/05 21:00;https://www.linkedin.com/jobs/view/4413789121/;https://media.licdn.com/dms/image/v2/C4D0BAQGiWzson_sSIQ/company-logo_100_100/company-logo_100_100/0/1672232539870/intelltechit_logo?e=1780531200&v=beta&t=DJ_XnmAKl5Rsu4Vj4RnZDi-SfI8dQSlE4JFtV86h85c;Middle > Manager;https://www.linkedin.com/company/intelltech/about/;Hardware e Eletrônicos;;intelltech;1;https://www.linkedin.com/jobs/view/4413789121/;https://www.linkedin.com/jobs/view/4413789121/;Remote;Mid, Liderança/Gerência;12/05/2026;Belo Horizonte;Minas Gerais;MG;Região Sudeste;Brasil;América do Sul;gerente projetos
77;"Iterative;";Project Manager / CX;Grande São Paulo (SP) ;12/05 13:00;https://www.linkedin.com/jobs/view/4410176924/;https://media.licdn.com/dms/image/v2/C560BAQGyFf6y1-t0Vw/company-logo_100_100/company-logo_100_100/0/1630661393251/iterative__logo?e=1780531200&v=beta&t=wYFEXkb7pC5cyNimpWWpRE1qvA8-e7r4vj8mJ6uihqI;Portfolio > Projetos > Project Manager;https://www.linkedin.com/company/iterative/about/;Software e Serviços de TI;LinkedIn (Easy Apply);"iterative;";1.0;https://www.linkedin.com/jobs/view/4410176924/;https://www.linkedin.com/jobs/view/4410176924/;Hybrid;Liderança/Gerência;12/05/2026;;São Paulo;SP;Região Sudeste;Brasil;América do Sul;gerente projetos
78;JHSF;Gerente de projetos | Desenvolvimento Imobiliário;São Paulo (SP);12/05 14:00;https://www.linkedin.com/jobs/view/4413593623/;https://media.licdn.com/dms/image/v2/C4E0BAQEkaWTFw-3k7g/company-logo_100_100/company-logo_100_100/0/1630615642224/jhsf_logo?e=1780531200&v=beta&t=8Q0xPOWms0jjjwkSfGhRQtDF9XsFe2OzdAxOQKFaowY;Middle > Manager;https://www.linkedin.com/company/jhsf/about/;Software e Serviços de TI;;jhsf;1.0;https://www.linkedin.com/jobs/view/4413593623/;https://www.linkedin.com/jobs/view/4413593623/;On-site;Mid, Liderança/Gerência;12/05/2026;São Paulo;São Paulo;SP;Região Sudeste;Brasil;América do Sul;gerente projetos
79;JOYn Group;Líder de Implementação e Onboarding (Saas);Blumenau (SC);11/05 22:00;https://www.linkedin.com/jobs/view/4413182642/;https://media.licdn.com/dms/image/v2/D4D0BAQE1M1tgB5NFeQ/company-logo_100_100/B4DZwAlI2oJYAQ-/0/1769536261920/coggni_logo?e=1780531200&v=beta&t=1cS9drOaeEkWopgFsPK8BMFPeYqWyz47Luh-J42hyNY;-;https://www.linkedin.com/company/joyn-group/about/;-;;joyn group;1.0;https://www.linkedin.com/jobs/view/4413182642/;https://www.linkedin.com/jobs/view/4413182642/;On-site;Mid, Liderança/Gerência, Coach, Implementação;12/05/2026;Blumenau;Santa Catarina;SC;Região Sul;Brasil;América do Sul;gerente projetos
80;Jobgether;Qualitative Project Manager;Grande São Paulo (SP) ;12/05 08:00;https://www.linkedin.com/jobs/view/4413549273/;https://media.licdn.com/dms/image/v2/D4E0BAQF0wkBJGVGz4g/company-logo_100_100/B4EZm5iEh.HMAQ-/0/1759754340919/jobgether_logo?e=1780531200&v=beta&t=vSZAC3EbRf9a7osNj2xDBdyrKeyDlAN-V_GSYcncu50;Portfolio > Projetos > Project Manager;https://www.linkedin.com/company/jobgether/about/;Software e Serviços de TI;LinkedIn (Easy Apply);jobgether;1.0;https://www.linkedin.com/jobs/view/4413549273/;https://www.linkedin.com/jobs/view/4413549273/;Remote;Liderança/Gerência;12/05/2026;;São Paulo;SP;Região Sudeste;Brasil;América do Sul;gerente projetos
81;Johnson & Johnson Innovative Medicine;Transcend: Process Manager, Global Trade Services (GTS);São José dos Campos (SP);12/05 19:00;https://www.linkedin.com/jobs/view/4413747003/;https://media.licdn.com/dms/image/v2/D4E0BAQE-4STpXFyWJg/company-logo_100_100/company-logo_100_100/0/1694698700031?e=1780531200&v=beta&t=dw_c55aO7Ro0EPqnciddGr7qSygmBp-_svAG0BlQ2lo;Middle > Manager;https://www.linkedin.com/company/johnson-johnson-innovative-medicine/about/;Software e Serviços de TI;;johnson & johnson innovative medicine;1.0;https://www.linkedin.com/jobs/view/4413747003/;https://www.linkedin.com/jobs/view/4413747003/;Hybrid;Liderança/Gerência;12/05/2026;São José dos Campos;São Paulo;SP;Região Sudeste;Brasil;América do Sul;gerente projetos
82;LUZA Group;Analista de Projetos - PC;Betim (MG);12/05 00:00;https://www.linkedin.com/jobs/view/4413186963/;https://media.licdn.com/dms/image/v2/D4D0BAQGj5q3yngKSXA/company-logo_100_100/B4DZufRcNDI4AQ-/0/1767903708459/luza_group_logo?e=1780531200&v=beta&t=YMdeo1u2RmHP6gZJ1veUE7KZGfsWIKE_2z9xlLIBdts;Advanced > Specialist;https://www.linkedin.com/company/luza-group/about/;-;www.careers-page.com;luza group;1.0;https://www.linkedin.com/jobs/view/4413186963/;https://www.linkedin.com/jobs/view/4413186963/;On-site;Associate;12/05/2026;Betim;Minas Gerais;MG;Região Sudeste;Brasil;América do Sul;gerente projetos
83;Leandro Alves Negócios Digitais;Analista de Projetos (Indústria);Uberlândia (MG);12/05 10:00;https://www.linkedin.com/jobs/view/4410169855/;https://media.licdn.com/dms/image/v2/C4D0BAQHkgZkC47Gv4g/company-logo_100_100/company-logo_100_100/0/1634130287358?e=1780531200&v=beta&t=OKubfaMA1KGx4jxRXTqRp1MdRh-7T1hIITosAciIfZk;Advanced > Specialist;https://www.linkedin.com/company/leandro-alves-neg-cios-digitais/about/;Manufatura e Produção;;leandro alves negócios digitais;1;https://www.linkedin.com/jobs/view/4410169855/;https://www.linkedin.com/jobs/view/4410169855/;On-site;Associate;12/05/2026;Uberlândia;Minas Gerais;MG;Região Sudeste;Brasil;América do Sul;gerente projetos
84;Localiza&Co;ESPECIALISTA DE PERFORMANCE OPERACIONAL E PROJETOS | BELO HORIZONTE/MG;Belo Horizonte (MG);12/05 08:00;https://www.linkedin.com/jobs/view/4410152522/;https://media.licdn.com/dms/image/v2/D4D0BAQFsXG1Wtlpm7g/company-logo_100_100/company-logo_100_100/0/1715979136145/localizaco_logo?e=1780531200&v=beta&t=NkFYBzNwvoSql3F55dQJAABhMZAeVX0xjf1DNqe3AtM;Advanced > Specialist;https://www.linkedin.com/company/localiza-co/about/;-;Gupy;localiza&co;1.0;https://www.linkedin.com/jobs/view/4410152522/;https://www.linkedin.com/jobs/view/4410152522/;Hybrid;Specialist;12/05/2026;Belo Horizonte;Minas Gerais;MG;Região Sudeste;Brasil;América do Sul;gerente projetos
85;Log;GESTOR DE PROJETOS (Belo Horizonte/MG);Belo Horizonte (MG);11/05 22:00;https://www.linkedin.com/jobs/view/4413161701/;https://media.licdn.com/dms/image/v2/D4D0BAQFmyZoag73lKQ/company-logo_100_100/company-logo_100_100/0/1718377341439/logoficial_logo?e=1780531200&v=beta&t=0JGlDRojlekjTeylZjH7tP1UiWfgg5ERGlIavjbad6k;-;https://www.linkedin.com/company/log/about/;-;;log;1;https://www.linkedin.com/jobs/view/4413161701/;https://www.linkedin.com/jobs/view/4413161701/;On-site;Liderança/Gerência;12/05/2026;Belo Horizonte;Minas Gerais;MG;Região Sudeste;Brasil;América do Sul;gerente projetos
86;Logiks Tecnologia;Gerente de projetos;Brasília (DF);11/05 22:00;https://www.linkedin.com/jobs/view/4413212486/;https://media.licdn.com/dms/image/v2/D4D0BAQEWFbO0nwfgLg/company-logo_100_100/B4DZW0CR8oHIAU-/0/1742482252181/logiks_logo?e=1780531200&v=beta&t=eb9aZGrswzGHKeTiJZKsvwIWMLkDZUGsD9V3V0cvsPI;Middle > Manager;https://www.linkedin.com/company/logiks-tecnologia/about/;-;;logiks tecnologia;1.0;https://www.linkedin.com/jobs/view/4413212486/;https://www.linkedin.com/jobs/view/4413212486/;On-site;Mid, Liderança/Gerência;12/05/2026;;Distrito Federal;DF;Região Centro-Oeste;Brasil;América do Sul;gerente projetos
87;MBRF;Analista de Gestão de Projetos Sênior (PMO / Dados) - Curitiba PR;Curitiba (PR);11/05 23:00;https://www.linkedin.com/jobs/view/4413241234/;https://media.licdn.com/dms/image/v2/D560BAQFvct_nHvGAZg/company-logo_100_100/B56Z4W8P6tJIAQ-/0/1778501353886/mbrf_global_foods_company_logo?e=1780531200&v=beta&t=a4joFXL-2u34p9ROduw1CaNfysyiwBGvxITg-RiHcc8;Advanced > Specialist;https://www.linkedin.com/company/mbrf/about/;Dados e Analytics;talents.brf.com;mbrf;1.0;https://www.linkedin.com/jobs/view/4413241234/;https://www.linkedin.com/jobs/view/4413241234/;On-site;Senior, Associate, PMO, Dados/Analytics;12/05/2026;Curitiba;Paraná;PR;Região Sul;Brasil;América do Sul;gerente projetos
88;MCI BRASIL;Project Manager - Events;São Paulo (SP);11/05 22:00;https://www.linkedin.com/jobs/view/4306856074/;https://media.licdn.com/dms/image/v2/C4D0BAQEQvN6E7z7GjQ/company-logo_100_100/company-logo_100_100/0/1630551561661/mci_brasil_logo?e=1780531200&v=beta&t=Ho8CB2k6gC_dRM58a2wsGIsMr87aiPbyDuMxh5YLbLU;Portfolio > Projetos > Project Manager;https://www.linkedin.com/company/mci-brasil/about/;-;careers.mci-group.com;mci brasil;1.0;https://www.linkedin.com/jobs/view/4306856074/;https://www.linkedin.com/jobs/view/4306856074/;Hybrid;Liderança/Gerência, Eventos;12/05/2026;São Paulo;São Paulo;SP;Região Sudeste;Brasil;América do Sul;gerente projetos
89;MTP Brasil;11250089 - Project Manager;Brasil;12/05 20:00;https://www.linkedin.com/jobs/view/4410308880/;https://media.licdn.com/dms/image/v2/D4D0BAQHu46m_pTafew/company-logo_100_100/B4DZ0HgBVBKQAU-/0/1773947328203/mtp_brasil_logo?e=1780531200&v=beta&t=4Hb-6t17HcE1hUOy-fpsvBquLGvgxDSu0WlzdKpqpv0;Portfolio > Projetos > Project Manager;https://www.linkedin.com/company/mtp-brasil/about/;-;Gupy;mtp brasil;1.0;https://www.linkedin.com/jobs/view/4410308880/;https://www.linkedin.com/jobs/view/4410308880/;Remote;Liderança/Gerência;12/05/2026;;;;;Brasil;América do Sul;gerente projetos
90;MTP Brasil;11250122 - Project Manager;Brasil;12/05 20:00;https://www.linkedin.com/jobs/view/4410306817/;https://media.licdn.com/dms/image/v2/D4D0BAQHu46m_pTafew/company-logo_100_100/B4DZ0HgBVBKQAU-/0/1773947328203/mtp_brasil_logo?e=1780531200&v=beta&t=4Hb-6t17HcE1hUOy-fpsvBquLGvgxDSu0WlzdKpqpv0;Portfolio > Projetos > Project Manager;https://www.linkedin.com/company/mtp-brasil/about/;-;Gupy;mtp brasil;1.0;https://www.linkedin.com/jobs/view/4410306817/;https://www.linkedin.com/jobs/view/4410306817/;Remote;Liderança/Gerência;12/05/2026;;;;;Brasil;América do Sul;gerente projetos
91;MTP Brasil;11250138 - Project Manager;Brasil;11/05 22:00;https://www.linkedin.com/jobs/view/4410303847/;https://media.licdn.com/dms/image/v2/D4D0BAQHu46m_pTafew/company-logo_100_100/B4DZ0HgBVBKQAU-/0/1773947328203/mtp_brasil_logo?e=1780531200&v=beta&t=4Hb-6t17HcE1hUOy-fpsvBquLGvgxDSu0WlzdKpqpv0;Portfolio > Projetos > Project Manager;https://www.linkedin.com/company/mtp-brasil/about/;-;Gupy;mtp brasil;1.0;https://www.linkedin.com/jobs/view/4410303847/;https://www.linkedin.com/jobs/view/4410303847/;Remote;Liderança/Gerência;12/05/2026;;;;;Brasil;América do Sul;gerente projetos
92;Maxtrack;PMO - Gerente de Projetos;Nova Lima (MG);12/05 21:00;https://www.linkedin.com/jobs/view/4413789095/;https://media.licdn.com/dms/image/v2/D4D0BAQGthsTIsGOdYw/company-logo_100_100/company-logo_100_100/0/1704476476991/maxtrack_logo?e=1780531200&v=beta&t=eQKRKslCZAgRAK_HiCnnD_0GI--P_LKBPERz-hoFl-E;Produtos > Product Manager;https://www.linkedin.com/company/maxtrack/about/;-;;maxtrack;1;https://www.linkedin.com/jobs/view/4413789095/;https://www.linkedin.com/jobs/view/4413789095/;Hybrid;Mid, Liderança/Gerência, PMO;12/05/2026;Nova Lima;Minas Gerais;MG;Região Sudeste;Brasil;América do Sul;gerente projetos
93;Mercado Livre Brasil;Analista Sênior de Projetos de Engenharia e Confiabilidade - Mercado Envios;Osasco (SP);12/05 12:00;https://www.linkedin.com/jobs/view/4410180573/;https://media.licdn.com/dms/image/v2/D4D0BAQE4q-iBP4fZ0g/company-logo_100_100/B4DZUUipIKG8AQ-/0/1739806380950/mercadolivre_com_logo?e=1780531200&v=beta&t=_mfJX3C1g4VTTvtXg8O_ATynq0Q3H3Cmrppx8KPyh9I;Advanced > Specialist;https://www.linkedin.com/company/mercado-livre-brasil/about/;Varejo e E-commerce;eightfold.ai;mercado livre brasil;5.0;https://www.linkedin.com/jobs/view/4410180573/;https://www.linkedin.com/jobs/view/4410180573/;Hybrid;Senior, Associate, Engenharia Geral;12/05/2026;Osasco;São Paulo;SP;Região Sudeste;Brasil;América do Sul;gerente projetos
94;Miratech;Delivery Process Coordinator;São Paulo (SP);12/05 07:00;https://www.linkedin.com/jobs/view/4410172044/;https://media.licdn.com/dms/image/v2/D560BAQFZ2nH7NHhJuA/company-logo_100_100/B56ZUjoIcGGoAU-/0/1740059478100/miratech_logo?e=1780531200&v=beta&t=g31MIYuQYTyP4jXWZmUy7duBFkiIOj_y7gMqp6nXkJ4;Advanced > Process & Automation;https://www.linkedin.com/company/miratech/about/;Software e Serviços de TI;LinkedIn (Easy Apply);miratech;1.0;https://www.linkedin.com/jobs/view/4410172044/;https://www.linkedin.com/jobs/view/4410172044/;Remote;Mid, Delivery/SDM;12/05/2026;São Paulo;São Paulo;SP;Região Sudeste;Brasil;América do Sul;gerente projetos
95;Modale Cenografia;Orçamentista Pleno;São Paulo (SP);11/05 22:00;https://www.linkedin.com/jobs/view/4413208570/;https://media.licdn.com/dms/image/v2/D4D0BAQGGwRy08ZMGUA/company-logo_100_100/B4DZ0NsCGqKoAQ-/0/1774051140376/modale_logo?e=1780531200&v=beta&t=LgY3EF7XrhB7Eon3-fz4J8Kk2UxrLaZZvxybN1owtjc;-;https://www.linkedin.com/company/modale-cenografia/about/;Moda e Beleza;;modale cenografia;1;https://www.linkedin.com/jobs/view/4413208570/;https://www.linkedin.com/jobs/view/4413208570/;On-site;Mid;12/05/2026;São Paulo;São Paulo;SP;Região Sudeste;Brasil;América do Sul;gerente projetos
96;Monks;Sr Project Manager;São Paulo (SP);12/05 17:00;https://www.linkedin.com/jobs/view/4413718351/;https://media.licdn.com/dms/image/v2/D560BAQEI-gxFLQF3nQ/company-logo_100_100/company-logo_100_100/0/1721303718951/mediamonks_logo?e=1780531200&v=beta&t=kRIQG9wXC_Zyx6Ei0Et0uE8moSJhdpkHb0SqLTLbQiY;Portfolio > Projetos > Project Manager;https://www.linkedin.com/company/monks/about/;-;LinkedIn (Easy Apply);monks;1.0;https://www.linkedin.com/jobs/view/4413718351/;https://www.linkedin.com/jobs/view/4413718351/;Hybrid;Senior, Liderança/Gerência;12/05/2026;São Paulo;São Paulo;SP;Região Sudeste;Brasil;América do Sul;gerente projetos
97;Neodent;Analista de Embalagem e Rotulagem PL (Gestão de Projetos);Curitiba (PR);12/05 15:00;https://www.linkedin.com/jobs/view/4410192862/;https://media.licdn.com/dms/image/v2/D4E0BAQEli08f9di0VA/company-logo_100_100/company-logo_100_100/0/1711987331050/neodent_logo?e=1780531200&v=beta&t=4eg0aR_eoG9QfUnv3ZcZDG_piDOC1YBZiYeE3Dj2-aU;Advanced > Specialist;https://www.linkedin.com/company/neodent/about/;-;careers.straumann.com;neodent;1.0;https://www.linkedin.com/jobs/view/4410192862/;https://www.linkedin.com/jobs/view/4410192862/;On-site;Mid, Associate;12/05/2026;Curitiba;Paraná;PR;Região Sul;Brasil;América do Sul;gerente projetos
98;Nestlé;Engenharia Projetos JR;Carazinho (RS);12/05 21:00;https://www.linkedin.com/jobs/view/4413767319/;https://media.licdn.com/dms/image/v2/C4E0BAQGaL-YyJ8xd7Q/company-logo_100_100/company-logo_100_100/0/1630615758178/nestle_s_a__logo?e=1780531200&v=beta&t=pJkpIR6TiIkB8OGvN9qZGUvdBOgeS4qO5tluryVPl5E;-;https://www.linkedin.com/company/nestl/about/;Alimentos e Bebidas;jobdetails.nestle.com;nestlé;4.0;https://www.linkedin.com/jobs/view/4413767319/;https://www.linkedin.com/jobs/view/4413767319/;On-site;Junior, Engenharia Geral;12/05/2026;Carazinho;Rio Grande do Sul;RS;Região Sul;Brasil;América do Sul;gerente projetos
99;Oliveira Araújo Engenharia;Analista Coordenação de Projetos;Goiânia (GO);12/05 12:00;https://www.linkedin.com/jobs/view/4410187378/;https://media.licdn.com/dms/image/v2/D4D0BAQF3yv8z30ArEA/company-logo_100_100/company-logo_100_100/0/1736879100845/oliveira_araujo_engenharia_solucoes_em_projetos_integrados_logo?e=1780531200&v=beta&t=6brmjKOOmLo6sOfvWiUAP4OJibtTINVoGUVDFWDOI_8;Advanced > Specialist;https://www.linkedin.com/company/oliveira-ara-jo-engenharia/about/;-;LinkedIn (Easy Apply);oliveira araújo engenharia;1.0;https://www.linkedin.com/jobs/view/4410187378/;https://www.linkedin.com/jobs/view/4410187378/;On-site;Mid, Associate;12/05/2026;Goiânia;Goiás;GO;Região Centro-Oeste;Brasil;América do Sul;gerente projetos
100;Omnicom Media Brazil;Pessoa Gerente de Projetos Regional (Mídia & Dados);São Paulo (SP);12/05 10:00;https://www.linkedin.com/jobs/view/4413436195/;https://media.licdn.com/dms/image/v2/D4E0BAQERUtVv9a-nuQ/company-logo_100_100/B4EZrrLs4FKUAQ-/0/1764882304942/omg_br_logo?e=1780531200&v=beta&t=0Z5z5Ro4vQzpq9znB6vwj0-HrpABZZnNpS7aD0ZbbpU;Middle > Manager;https://www.linkedin.com/company/omnicom-media-brazil/about/;Dados e Analytics;LinkedIn (Easy Apply);omnicom media brazil;1.0;https://www.linkedin.com/jobs/view/4413436195/;https://www.linkedin.com/jobs/view/4413436195/;Hybrid;PCD / Afirmativa, Mid, Liderança/Gerência, Dados/Analytics, Marketing/Mídia;12/05/2026;São Paulo;São Paulo;SP;Região Sudeste;Brasil;América do Sul;gerente projetos
101;OnSet Tecnologia;Gerente de Projetos Analytics Sr.;São José dos Campos (SP);12/05 08:00;https://www.linkedin.com/jobs/view/4410163320/;https://media.licdn.com/dms/image/v2/D4D0BAQE2nW1KXfH18Q/company-logo_100_100/company-logo_100_100/0/1683915436159/onset_tecnologia_logo?e=1780531200&v=beta&t=VU0V0r1dQzWYehKExStTM2iAFhxhYbe87ATs1k9esN0;Data & Ai > BI Analytics And Big Data;https://www.linkedin.com/company/onset-tecnologia/about/;Dados e Analytics;Gupy;onset tecnologia;1.0;https://www.linkedin.com/jobs/view/4410163320/;https://www.linkedin.com/jobs/view/4410163320/;Hybrid;Senior, Mid, Liderança/Gerência, Dados/Analytics;12/05/2026;São José dos Campos;São Paulo;SP;Região Sudeste;Brasil;América do Sul;gerente projetos
102;Oowlish;Project / Delivery Manager (EdTech | IA);Brasil;11/05 22:00;https://www.linkedin.com/jobs/view/4404355726/;https://media.licdn.com/dms/image/v2/D4D0BAQFwwwVW9HV1Zw/company-logo_100_100/company-logo_100_100/0/1684782684656/oowlish_logo?e=1780531200&v=beta&t=dEIvW8GcalUXpqWPLIBBooG_xt_S5uqwvyQeUxTOYfQ;Operations > Delivery Manager;https://www.linkedin.com/company/oowlish/about/;Educação;Lever;oowlish;3.0;https://www.linkedin.com/jobs/view/4404355726/;https://www.linkedin.com/jobs/view/4404355726/;Remote;Inteligência Artificial, Liderança/Gerência, TI/Tech, Delivery/SDM;12/05/2026;;;;;Brasil;América do Sul;gerente projetos
103;Oowlish;Project / Delivery Manager (EdTech | IA);Brasil;11/05 22:00;https://www.linkedin.com/jobs/view/4404373551/;https://media.licdn.com/dms/image/v2/D4D0BAQFwwwVW9HV1Zw/company-logo_100_100/company-logo_100_100/0/1684782684656/oowlish_logo?e=1780531200&v=beta&t=dEIvW8GcalUXpqWPLIBBooG_xt_S5uqwvyQeUxTOYfQ;Operations > Delivery Manager;https://www.linkedin.com/company/oowlish/about/;Educação;Lever;oowlish;3.0;https://www.linkedin.com/jobs/view/4404373551/;https://www.linkedin.com/jobs/view/4404373551/;Remote;Inteligência Artificial, Liderança/Gerência, TI/Tech, Delivery/SDM;12/05/2026;;;;;Brasil;América do Sul;gerente projetos
104;Oowlish;Project / Delivery Manager (EdTech | IA);Brasil;11/05 22:00;https://www.linkedin.com/jobs/view/4404364641/;https://media.licdn.com/dms/image/v2/D4D0BAQFwwwVW9HV1Zw/company-logo_100_100/company-logo_100_100/0/1684782684656/oowlish_logo?e=1780531200&v=beta&t=dEIvW8GcalUXpqWPLIBBooG_xt_S5uqwvyQeUxTOYfQ;Operations > Delivery Manager;https://www.linkedin.com/company/oowlish/about/;Educação;Lever;oowlish;3.0;https://www.linkedin.com/jobs/view/4404364641/;https://www.linkedin.com/jobs/view/4404364641/;Remote;Inteligência Artificial, Liderança/Gerência, TI/Tech, Delivery/SDM;12/05/2026;;;;;Brasil;América do Sul;gerente projetos
105;Oowlish;Project / Delivery Manager (EdTech | IA);SP;11/05 22:00;https://www.linkedin.com/jobs/view/4404377452/;https://media.licdn.com/dms/image/v2/D4D0BAQFwwwVW9HV1Zw/company-logo_100_100/company-logo_100_100/0/1684782684656/oowlish_logo?e=1780531200&v=beta&t=dEIvW8GcalUXpqWPLIBBooG_xt_S5uqwvyQeUxTOYfQ;Operations > Delivery Manager;https://www.linkedin.com/company/oowlish/about/;Educação;Lever;oowlish;3.0;https://www.linkedin.com/jobs/view/4404377452/;https://www.linkedin.com/jobs/view/4404377452/;Remote;Inteligência Artificial, Liderança/Gerência, TI/Tech, Delivery/SDM;12/05/2026;;São Paulo;SP;Região Sudeste;Brasil;América do Sul;gerente projetos
106;Oowlish;Project / Delivery Manager (EdTech | IA);Santo André (SP);11/05 22:00;https://www.linkedin.com/jobs/view/4404367623/;https://media.licdn.com/dms/image/v2/D4D0BAQFwwwVW9HV1Zw/company-logo_100_100/company-logo_100_100/0/1684782684656/oowlish_logo?e=1780531200&v=beta&t=dEIvW8GcalUXpqWPLIBBooG_xt_S5uqwvyQeUxTOYfQ;Operations > Delivery Manager;https://www.linkedin.com/company/oowlish/about/;Educação;Lever;oowlish;3.0;https://www.linkedin.com/jobs/view/4404367623/;https://www.linkedin.com/jobs/view/4404367623/;Remote;Inteligência Artificial, Liderança/Gerência, TI/Tech, Delivery/SDM;12/05/2026;Santo André;São Paulo;SP;Região Sudeste;Brasil;América do Sul;gerente projetos
107;Oowlish;Project / Delivery Manager (EdTech | IA);São Caetano do Sul (SP);11/05 22:00;https://www.linkedin.com/jobs/view/4404377449/;https://media.licdn.com/dms/image/v2/D4D0BAQFwwwVW9HV1Zw/company-logo_100_100/company-logo_100_100/0/1684782684656/oowlish_logo?e=1780531200&v=beta&t=dEIvW8GcalUXpqWPLIBBooG_xt_S5uqwvyQeUxTOYfQ;Operations > Delivery Manager;https://www.linkedin.com/company/oowlish/about/;Educação;Lever;oowlish;3.0;https://www.linkedin.com/jobs/view/4404377449/;https://www.linkedin.com/jobs/view/4404377449/;Remote;Inteligência Artificial, Liderança/Gerência, TI/Tech, Delivery/SDM;12/05/2026;São Caetano do Sul;São Paulo;SP;Região Sudeste;Brasil;América do Sul;gerente projetos
108;PGC Digital (America) Inc: CMMI Level 3 Company;Freelancing | Project Manager - AI/ML | $5 - $7 Per Hour | Remote | Immediate Joiner;América Latina;12/05 08:00;https://www.linkedin.com/jobs/view/4413422460/;https://media.licdn.com/dms/image/v2/D560BAQG9gzdD2VmtlA/company-logo_100_100/B56ZmV7JoUHkAQ-/0/1759156935695/pgcdigital_america_inc_logo?e=1780531200&v=beta&t=9j8kGDR-QoeME2rSW38KQ3ULHYxxAJEUHZtqnZnvK6k;Portfolio > Projetos > Project Manager;https://www.linkedin.com/company/pgc-digital-america-inc-cmmi-level-3-company/about/;Inteligência Artificial;;pgc digital (america) inc: cmmi level 3 company;1;https://www.linkedin.com/jobs/view/4413422460/;https://www.linkedin.com/jobs/view/4413422460/;Remote;Machine Learning, Inteligência Artificial, Freelance/PJ, Liderança/Gerência, Marketing/Mídia;12/05/2026;;;;;;América Latina;gerente projetos
109;PRIME CONSULTORIA;Coordenação de Projetos;Grande Ribeirão Preto;12/05 00:00;https://www.linkedin.com/jobs/view/4413514008/;https://media.licdn.com/dms/image/v2/D4D0BAQF9cp9oy4jTeA/company-logo_100_100/B4DZrbfVcfJIAQ-/0/1764619016417/prime_consultoria_rp_logo?e=1780531200&v=beta&t=9iLZLfGJDvuO3o3i5zyArj7pyluz2VJlmuq_DB7OM5o;-;https://www.linkedin.com/company/prime-consultoria/about/;Consultoria e Assessoria;;prime consultoria;1;https://www.linkedin.com/jobs/view/4413514008/;https://www.linkedin.com/jobs/view/4413514008/;On-site;Mid;12/05/2026;;São Paulo;SP;Região Sudeste;Brasil;América do Sul;gerente projetos
110;Pedbot;Product Manager (PM) Sênior;Marília (SP);11/05 22:00;https://www.linkedin.com/jobs/view/4413157795/;https://media.licdn.com/dms/image/v2/C4D0BAQEhQTYg6NWBTQ/company-logo_100_100/company-logo_100_100/0/1651585981388/pedbot_logo?e=1780531200&v=beta&t=FqykETkgEzX9Wp_TQfvaRond7rPw1Bke8cIhM9mmGzc;Produtos > Product Manager;https://www.linkedin.com/company/pedbot/about/;-;;pedbot;1;https://www.linkedin.com/jobs/view/4413157795/;https://www.linkedin.com/jobs/view/4413157795/;Hybrid;Senior, Liderança/Gerência, Product Owner/Product Manager;12/05/2026;Marília;São Paulo;SP;Região Sudeste;Brasil;América do Sul;gerente projetos
111;People Meet;Arquiteto - Supervisor de Projetos;Vitória (ES);12/05 00:00;https://www.linkedin.com/jobs/view/4410115725/;https://media.licdn.com/dms/image/v2/D4D0BAQEWzEqV4586ig/company-logo_100_100/company-logo_100_100/0/1724423400176/peoplemeet_logo?e=1780531200&v=beta&t=rLCCkgBh8FWfmLxw65e_64Uhv3FWIG3-K0hRvK1wHJo;Architecture;https://www.linkedin.com/company/people-meet/about/;Software e Serviços de TI;Unknown/Error;people meet;1.0;https://www.linkedin.com/jobs/view/4410115725/;https://www.linkedin.com/jobs/view/4410115725/;On-site;Mid, Liderança/Gerência;12/05/2026;Vitoria-Gasteiz;Euskadi;PV;;España;;gerente projetos
112;Pharlab Indústria Farmacêutica S.A.;Coordenador de PCP - Planejamento Controle  da Produção;Lagoa da Prata (MG);12/05 08:00;https://www.linkedin.com/jobs/view/4410159363/;https://media.licdn.com/dms/image/v2/D4D0BAQFBK2Lmxgv-PA/company-logo_100_100/B4DZq7ieMgIEAQ-/0/1764082967846/pharlab_ind_stria_farmac_utica_s_a_logo?e=1780531200&v=beta&t=v6UIKSIO5mdB9rpkqO48aMZUymFRpowJzRhXTLmYB7U;Middle > Manager;https://www.linkedin.com/company/pharlab-ind-stria-farmac-utica-s-a/about/;Farmacêutica;Gupy;pharlab indústria farmacêutica s.a.;1.0;https://www.linkedin.com/jobs/view/4410159363/;https://www.linkedin.com/jobs/view/4410159363/;Hybrid;Mid, Liderança/Gerência, PCP;12/05/2026;Lagoa da Prata;Minas Gerais;MG;Região Sudeste;Brasil;América do Sul;gerente projetos
113;PicPay;Tech Manager - Mobile | Banking PJ;Grande São Paulo (SP) ;12/05 19:00;https://www.linkedin.com/jobs/view/4413835512/;https://media.licdn.com/dms/image/v2/C560BAQHuoq0NSYVt-g/company-logo_100_100/company-logo_100_100/0/1658520019837/picpay_logo?e=1780531200&v=beta&t=hyKIC0YD2UK98a5_A3SN2jCMNSB__COwzaW2zhEJI8E;Middle > Manager;https://www.linkedin.com/company/picpay/about/;Serviços Financeiros;LinkedIn (Easy Apply);picpay;5.0;https://www.linkedin.com/jobs/view/4413835512/;https://www.linkedin.com/jobs/view/4413835512/;Remote;Freelance/PJ, Liderança/Gerência, TI/Tech;12/05/2026;;São Paulo;SP;Região Sudeste;Brasil;América do Sul;gerente projetos
114;Ploomes;Gerente de Projetos Pleno;São Paulo (SP);12/05 20:00;https://www.linkedin.com/jobs/view/4410316770/;https://media.licdn.com/dms/image/v2/D4D0BAQHIF67uD9md1g/company-logo_100_100/company-logo_100_100/0/1726491549490/ploomes_logo?e=1780531200&v=beta&t=DdmCz2Am_ngJsGEkfSbRcOYn7HsNm-7mobQzGOvdAeU;Middle > Manager;https://www.linkedin.com/company/ploomes/about/;-;Gupy;ploomes;1.0;https://www.linkedin.com/jobs/view/4410316770/;https://www.linkedin.com/jobs/view/4410316770/;Hybrid;Mid, Liderança/Gerência;12/05/2026;São Paulo;São Paulo;SP;Região Sudeste;Brasil;América do Sul;gerente projetos
115;RHF Unidade Regional Sul SZ;Gestor de Projetos - Engenharia;Brasil;12/05 00:00;https://www.linkedin.com/jobs/view/4410121735/;https://media.licdn.com/dms/image/v2/D4D0BAQGLWW0lsb2Mfg/company-logo_100_100/B4DZwfQcUnJYAU-/0/1770050930797/rhfregionalsul_sz_logo?e=1780531200&v=beta&t=ZUbvThL8kLnrWOmpMW29DBoAscfsg9CvdPSM0vIhjds;-;https://www.linkedin.com/company/rhf-unidade-regional-sul-sz/about/;Recursos Humanos;empregos.com.br;rhf unidade regional sul sz;1.0;https://www.linkedin.com/jobs/view/4410121735/;https://www.linkedin.com/jobs/view/4410121735/;On-site;Liderança/Gerência, Engenharia Geral;12/05/2026;;;;;Brasil;América do Sul;gerente projetos
116;Remote Leverage;Project Manager;América Latina;12/05 14:00;https://www.linkedin.com/jobs/view/4413489146/;https://media.licdn.com/dms/image/v2/D560BAQELT-7rBftAAQ/company-logo_100_100/company-logo_100_100/0/1736898373026/remote_leverage_logo?e=1780531200&v=beta&t=QiVWEsbe5khw-3xiHcFeHnZVgIgch_NCqtxKrOHyRjI;Portfolio > Projetos > Project Manager;https://www.linkedin.com/company/remote-leverage/about/;-;Recruit CRM;remote leverage;1.0;https://www.linkedin.com/jobs/view/4413489146/;https://www.linkedin.com/jobs/view/4413489146/;Remote;Liderança/Gerência;12/05/2026;;;;;;América Latina;gerente projetos
117;Rio de Negócios;Trainee STU - 2026;Grande Rio de Janeiro (RJ);11/05 22:00;https://www.linkedin.com/jobs/view/4413219258/;https://media.licdn.com/dms/image/v2/C4E0BAQHoeVpMnbN58g/company-logo_100_100/company-logo_100_100/0/1631331390489?e=1780531200&v=beta&t=s69A0h7AlO9sPSZQnV-Z6RrAEAgGXL8ivWBm2Y-L68Y;-;https://www.linkedin.com/company/rio-de-neg-cios/about/;-;;rio de negócios;1;https://www.linkedin.com/jobs/view/4413219258/;https://www.linkedin.com/jobs/view/4413219258/;Hybrid;Intern;12/05/2026;Petrópolis;Rio de Janeiro;RJ;;Brasil;América do Sul;gerente projetos
118;Runtalent;Analista de projeto de TI;Campinas (SP);12/05 10:00;https://www.linkedin.com/jobs/view/4413448062/;https://media.licdn.com/dms/image/v2/D4D0BAQGKFTdmgRWATQ/company-logo_100_100/B4DZsH_iKYKQAQ-/0/1765365654638/runtalent_logo?e=1780531200&v=beta&t=obr3MlZIXQy9uxFDzjfatBM2xKw9JL3AyCb06nH7OnQ;Advanced > Specialist;https://www.linkedin.com/company/runtalent/about/;Software e Serviços de TI;LinkedIn (Easy Apply);runtalent;1.0;https://www.linkedin.com/jobs/view/4413448062/;https://www.linkedin.com/jobs/view/4413448062/;Hybrid;Associate, TI/Tech;12/05/2026;Campinas;São Paulo;SP;Região Sudeste;Brasil;América do Sul;gerente projetos
119;Runtalent;Líder de Projetos Sr;SP;12/05 16:00;https://www.linkedin.com/jobs/view/4413703343/;https://media.licdn.com/dms/image/v2/D4D0BAQGKFTdmgRWATQ/company-logo_100_100/B4DZsH_iKYKQAQ-/0/1765365654638/runtalent_logo?e=1780531200&v=beta&t=obr3MlZIXQy9uxFDzjfatBM2xKw9JL3AyCb06nH7OnQ;-;https://www.linkedin.com/company/runtalent/about/;-;LinkedIn (Easy Apply);runtalent;1.0;https://www.linkedin.com/jobs/view/4413703343/;https://www.linkedin.com/jobs/view/4413703343/;Hybrid;Senior, Mid, Liderança/Gerência, Coach;12/05/2026;;São Paulo;SP;Região Sudeste;Brasil;América do Sul;gerente projetos
120;SIMPRESS;ANALISTA PROJETOS PL;Santana de Parnaíba (SP);11/05 22:00;https://www.linkedin.com/jobs/view/4413162762/;https://media.licdn.com/dms/image/v2/D4D0BAQEyuE3o2Ow1CA/company-logo_100_100/B4DZarElCMHQAU-/0/1746626826943/simpress_logo?e=1780531200&v=beta&t=sQnhp2EnFB6abZVSz3pkBerwTp1c6A1UD0RjV_pdXgA;Advanced > Specialist;https://www.linkedin.com/company/simpress/about/;-;Gupy;simpress;1.0;https://www.linkedin.com/jobs/view/4413162762/;https://www.linkedin.com/jobs/view/4413162762/;Hybrid;Mid, Associate;12/05/2026;Santana de Parnaíba;São Paulo;SP;Região Sudeste;Brasil;América do Sul;gerente projetos
121;Sankhya;Gerente de projetos ERP - Presencial - BP Curitiba;Curitiba (PR);12/05 16:00;https://www.linkedin.com/jobs/view/4410313157/;https://media.licdn.com/dms/image/v2/C4E0BAQH5_1d7qNrPKg/company-logo_100_100/company-logo_100_100/0/1630634283529?e=1780531200&v=beta&t=JI7qZgeNxgs7RBq80RM7C6VBW0Ibg2Q7D-NXYgubdE4;Middle > Manager;https://www.linkedin.com/company/sankhya/about/;Software e Serviços de TI;LinkedIn (Easy Apply);sankhya;1.0;https://www.linkedin.com/jobs/view/4410313157/;https://www.linkedin.com/jobs/view/4410313157/;On-site;Mid, Liderança/Gerência, ERP/EPM;12/05/2026;Curitiba;Paraná;PR;Região Sul;Brasil;América do Sul;gerente projetos
122;SecuControl;Project Manager;Florianópolis (SC);12/05 17:00;https://www.linkedin.com/jobs/view/4362201958/;https://media.licdn.com/dms/image/v2/C560BAQFoXOGOrCJ9Bg/company-logo_100_100/company-logo_100_100/0/1630645401048/secucontrol_gmbh_logo?e=1780531200&v=beta&t=i6yJwfWeCt_PNl6b8si5_68IRtne2FCe3y7DnluzXSY;Portfolio > Projetos > Project Manager;https://www.linkedin.com/company/secucontrol/about/;-;;secucontrol;1;https://www.linkedin.com/jobs/view/4362201958/;https://www.linkedin.com/jobs/view/4362201958/;On-site;Liderança/Gerência;12/05/2026;Florianópolis;Santa Catarina;SC;Região Sul;Brasil;América do Sul;gerente projetos
123;Stefanini Brasil;Gerente de Projetos de Automação Industrial - (Hibrido em BH);Belo Horizonte (MG);11/05 23:00;https://www.linkedin.com/jobs/view/4413238303/;https://media.licdn.com/dms/image/v2/D4D0BAQFOPyOhO4wTTg/company-logo_100_100/company-logo_100_100/0/1719784126380/stefanini_brasil_logo?e=1780531200&v=beta&t=rYkT_x_2ro9OUx5YEhrLSzPeIsMwAPf5GtHzgKgSoIY;Middle > Manager;https://www.linkedin.com/company/stefanini-brasil/about/;Manufatura e Produção;Gupy;stefanini brasil;4.0;https://www.linkedin.com/jobs/view/4413238303/;https://www.linkedin.com/jobs/view/4413238303/;Hybrid;Mid, Liderança/Gerência, Engenharia Geral;12/05/2026;Belo Horizonte;Minas Gerais;MG;Região Sudeste;Brasil;América do Sul;gerente projetos
124;Stefanini Brasil;GERENTE PROJETOS SR (Hibrido Morumbi SP);São Paulo (SP);12/05 17:00;https://www.linkedin.com/jobs/view/4413746010/;https://media.licdn.com/dms/image/v2/D4D0BAQFOPyOhO4wTTg/company-logo_100_100/company-logo_100_100/0/1719784126380/stefanini_brasil_logo?e=1780531200&v=beta&t=rYkT_x_2ro9OUx5YEhrLSzPeIsMwAPf5GtHzgKgSoIY;Middle > Manager;https://www.linkedin.com/company/stefanini-brasil/about/;-;Gupy;stefanini brasil;4.0;https://www.linkedin.com/jobs/view/4413746010/;https://www.linkedin.com/jobs/view/4413746010/;Hybrid;Senior, Mid, Liderança/Gerência;12/05/2026;São Paulo;São Paulo;SP;Região Sudeste;Brasil;América do Sul;gerente projetos
125;Syneos Health;Site Activation Manager Hybrid Argentina & Colombia, Remote Brazil;São Paulo (SP);12/05 10:00;https://www.linkedin.com/jobs/view/4413424843/;https://media.licdn.com/dms/image/v2/C4D0BAQHBsEZeIFwfmQ/company-logo_100_100/company-logo_100_100/0/1631313343628?e=1780531200&v=beta&t=-rHjoTAF9wQfOw5Yjfq-acL0-kzRzJ8UTPK5tDVSpSk;Middle > Manager;https://www.linkedin.com/company/syneos-health/about/;Saúde e Hospitais;Workday;syneos health;1.0;https://www.linkedin.com/jobs/view/4413424843/;https://www.linkedin.com/jobs/view/4413424843/;Remote;Liderança/Gerência;12/05/2026;São Paulo;São Paulo;SP;Região Sudeste;Brasil;América do Sul;gerente projetos
126;SysMap Solutions;Gerente de Projetos;São Paulo (SP);12/05 08:00;https://www.linkedin.com/jobs/view/4410169300/;https://media.licdn.com/dms/image/v2/D4D0BAQF9hclRurD5gA/company-logo_100_100/company-logo_100_100/0/1733148827276/sysmap_solutions_logo?e=1780531200&v=beta&t=lLkQBRG0KhQw9a5SUiKThs_vTqtMlN3UGtw0Pszxy8A;Middle > Manager;https://www.linkedin.com/company/sysmap-solutions/about/;Software e Serviços de TI;Gupy;sysmap solutions;1.0;https://www.linkedin.com/jobs/view/4410169300/;https://www.linkedin.com/jobs/view/4410169300/;Hybrid;Mid, Liderança/Gerência;12/05/2026;São Paulo;São Paulo;SP;Região Sudeste;Brasil;América do Sul;gerente projetos
127;TRACTEBEL;Analista de Projetos - Planejamento e Controle da Manutenção;Grande Rio de Janeiro (RJ);11/05 22:00;https://www.linkedin.com/jobs/view/4404310539/;https://media.licdn.com/dms/image/v2/C4E0BAQH5LvcU2z_J8w/company-logo_100_100/company-logo_100_100/0/1657200596365/tractebel_engie_group_logo?e=1780531200&v=beta&t=e-GCF5vuQ-KpUMXadShAbIq03VBEyfg5l_nCbJiAtj8;Advanced > Specialist;https://www.linkedin.com/company/tractebel/about/;-;jobs.engie.com;tractebel;1.0;https://www.linkedin.com/jobs/view/4404310539/;https://www.linkedin.com/jobs/view/4404310539/;Hybrid;Associate, PCP, Sustentação/O&M;12/05/2026;Petrópolis;Rio de Janeiro;RJ;;Brasil;América do Sul;gerente projetos
128;TRACTEBEL;Analista de Projetos - Planejamento e Controle da Manutenção;Rio de Janeiro (RJ);11/05 22:00;https://www.linkedin.com/jobs/view/4404321501/;https://media.licdn.com/dms/image/v2/C4E0BAQH5LvcU2z_J8w/company-logo_100_100/company-logo_100_100/0/1657200596365/tractebel_engie_group_logo?e=1780531200&v=beta&t=e-GCF5vuQ-KpUMXadShAbIq03VBEyfg5l_nCbJiAtj8;Advanced > Specialist;https://www.linkedin.com/company/tractebel/about/;-;jobs.engie.com;tractebel;1.0;https://www.linkedin.com/jobs/view/4404321501/;https://www.linkedin.com/jobs/view/4404321501/;Hybrid;Associate, PCP, Sustentação/O&M;12/05/2026;Rio de Janeiro;Rio de Janeiro;RJ;Região Sudeste;Brasil;América do Sul;gerente projetos
129;Taua Resort Caete;Vaga Projetista;Brasil;12/05 00:00;https://www.linkedin.com/jobs/view/4410120764/;missing logo;-;https://www.linkedin.com/company/taua-resort-caete/about/;Software e Serviços de TI;;taua resort caete;3.0;https://www.linkedin.com/jobs/view/4410120764/;https://www.linkedin.com/jobs/view/4410120764/;On-site;-;12/05/2026;;;;;Brasil;América do Sul;gerente projetos
130;Tecnocomp Tecnologia e Serviços;Analista de Projetos - ABC;São Bernardo do Campo (SP);11/05 22:00;https://www.linkedin.com/jobs/view/4413195250/;https://media.licdn.com/dms/image/v2/C4E0BAQHWfjYy5fA_oA/company-logo_100_100/company-logo_100_100/0/1630596758934/tecnocomp_tecnologia_logo?e=1780531200&v=beta&t=eQSMJ0t-7wFteyq7BFT4OX2aNHS7BOs19ISOq6Cl_Zk;Advanced > Specialist;https://www.linkedin.com/company/tecnocomp-tecnologia-e-servi-os/about/;-;;tecnocomp tecnologia e serviços;1.0;https://www.linkedin.com/jobs/view/4413195250/;https://www.linkedin.com/jobs/view/4413195250/;On-site;Associate;12/05/2026;São Bernardo do Campo;São Paulo;SP;Região Sudeste;Brasil;América do Sul;gerente projetos
131;Tegra;Scrum Master;Brasília (DF);12/05 13:00;https://www.linkedin.com/jobs/view/4410185724/;https://media.licdn.com/dms/image/v2/D4D0BAQGOGEcVh8t5Ow/company-logo_100_100/B4DZvYZglKJMAQ-/0/1768862124937/tegra_ltda_logo?e=1780531200&v=beta&t=KqIl6k7IkEFQJjjq4KIzq3oJkeTqY4DCpL2ASoGwb6A;Agility > Scrum Master;https://www.linkedin.com/company/tegra/about/;-;;tegra;1;https://www.linkedin.com/jobs/view/4410185724/;https://www.linkedin.com/jobs/view/4410185724/;On-site;Scrum/Agile;12/05/2026;;Distrito Federal;DF;Região Centro-Oeste;Brasil;América do Sul;gerente projetos
132;Timenow;Pessoa Técnica de Planejamento;Belém (PA);12/05 20:00;https://www.linkedin.com/jobs/view/4410319665/;https://media.licdn.com/dms/image/v2/C4E0BAQFCHz71YNvMbQ/company-logo_100_100/company-logo_100_100/0/1630626388144/timenow_consultoria_e_gesto_de_projetos_logo?e=1780531200&v=beta&t=gXtz_-uGhUuSkZ76KdsoCDoT8PnGm2p-FO2Ku6kx8fs;-;https://www.linkedin.com/company/timenow/about/;Software e Serviços de TI;Gupy;timenow;1.0;https://www.linkedin.com/jobs/view/4410319665/;https://www.linkedin.com/jobs/view/4410319665/;On-site;PCD / Afirmativa;12/05/2026;Belém;Pará;PA;Região Norte;Brasil;América do Sul;gerente projetos
133;Timenow;Pessoa Coordenadora de Projetos;São Luís (MA);12/05 20:00;https://www.linkedin.com/jobs/view/4410308848/;https://media.licdn.com/dms/image/v2/C4E0BAQFCHz71YNvMbQ/company-logo_100_100/company-logo_100_100/0/1630626388144/timenow_consultoria_e_gesto_de_projetos_logo?e=1780531200&v=beta&t=gXtz_-uGhUuSkZ76KdsoCDoT8PnGm2p-FO2Ku6kx8fs;Middle > Manager;https://www.linkedin.com/company/timenow/about/;Software e Serviços de TI;Gupy;timenow;1.0;https://www.linkedin.com/jobs/view/4410308848/;https://www.linkedin.com/jobs/view/4410308848/;On-site;PCD / Afirmativa, Mid, Liderança/Gerência;12/05/2026;São Luís;Maranhão;MA;Região Nordeste;Brasil;América do Sul;gerente projetos
134;Timenow;Pessoa Engenheira de Planejamento;São Luís (MA);12/05 20:00;https://www.linkedin.com/jobs/view/4410313772/;https://media.licdn.com/dms/image/v2/C4E0BAQFCHz71YNvMbQ/company-logo_100_100/company-logo_100_100/0/1630626388144/timenow_consultoria_e_gesto_de_projetos_logo?e=1780531200&v=beta&t=gXtz_-uGhUuSkZ76KdsoCDoT8PnGm2p-FO2Ku6kx8fs;-;https://www.linkedin.com/company/timenow/about/;Software e Serviços de TI;Gupy;timenow;1.0;https://www.linkedin.com/jobs/view/4410313772/;https://www.linkedin.com/jobs/view/4410313772/;On-site;PCD / Afirmativa;12/05/2026;São Luís;Maranhão;MA;Região Nordeste;Brasil;América do Sul;gerente projetos
135;Turner & Townsend;Gerente de Projetos de Construção - Real Estate, (Camaçari/Bahia);Salvador (BA);12/05 17:00;https://www.linkedin.com/jobs/view/4413819452/;https://media.licdn.com/dms/image/v2/C4E0BAQFRuJ5DEwjzMw/company-logo_100_100/company-logo_100_100/0/1650894278206/turner__townsend_logo?e=1780531200&v=beta&t=hjuD6PynKRTq24si6FGHsUEelijz9iQs3m21SoO54oU;Middle > Manager;https://www.linkedin.com/company/turner-townsend/about/;Construção e Civil;Smartrecruiters;turner & townsend;1.0;https://www.linkedin.com/jobs/view/4413819452/;https://www.linkedin.com/jobs/view/4413819452/;On-site;Mid, Liderança/Gerência;12/05/2026;Salvador;Bahia;BA;Região Nordeste;Brasil;América do Sul;gerente projetos
136;UCM Solutions;Project Manager (Data & Automation);Grande São Paulo (SP) ;12/05 14:00;https://www.linkedin.com/jobs/view/4413484006/;https://media.licdn.com/dms/image/v2/D4D0BAQG2CQC7UIfvzA/company-logo_100_100/company-logo_100_100/0/1720039074710/ucm_solution_logo?e=1780531200&v=beta&t=nrvrGinMQI3KESFfAkBEe86XyTMvu5ZJkB5jNrh06SE;Portfolio > Projetos > Project Manager;https://www.linkedin.com/company/ucm-solutions/about/;Dados e Analytics;LinkedIn (Easy Apply);ucm solutions;1.0;https://www.linkedin.com/jobs/view/4413484006/;https://www.linkedin.com/jobs/view/4413484006/;On-site;Liderança/Gerência, Dados/Analytics;12/05/2026;;São Paulo;SP;Região Sudeste;Brasil;América do Sul;gerente projetos
137;Unnimax Consultoria de Benefícios Corporativos;ANALISTA DE PROJETOS;São Paulo (SP);11/05 22:00;https://www.linkedin.com/jobs/view/4412999972/;https://media.licdn.com/dms/image/v2/C4E0BAQGHZJ0L-Q9Cgg/company-logo_100_100/company-logo_100_100/0/1630584010783/unnimax___administradora_de_benefcios_logo?e=1780531200&v=beta&t=KeTqII0z6ylB01HvBr2_EpjI-erQwSULRPYKuk49PwQ;Advanced > Specialist;https://www.linkedin.com/company/unnimax-consultoria-de-benef-cios-corporativos/about/;Consultoria e Assessoria;;unnimax consultoria de benefícios corporativos;1;https://www.linkedin.com/jobs/view/4412999972/;https://www.linkedin.com/jobs/view/4412999972/;On-site;Associate;12/05/2026;São Paulo;São Paulo;SP;Região Sudeste;Brasil;América do Sul;gerente projetos
138;V3A;Especialista de Projetos Incentivados;Rio de Janeiro (RJ);11/05 22:00;https://www.linkedin.com/jobs/view/4413849168/;https://media.licdn.com/dms/image/v2/D4D0BAQHq7nrAXOGz1w/company-logo_100_100/B4DZy6YaPaIUAQ-/0/1772653487575/v3a_connected_logo?e=1780531200&v=beta&t=h4EYZePn8zSyS3BfgOq-j-j4Y3Pgxf1wOzjqAxGBQqc;Advanced > Specialist;https://www.linkedin.com/company/v3a/about/;Software e Serviços de TI;v3a.factorialhr.com;v3a;1.0;https://www.linkedin.com/jobs/view/4413849168/;https://www.linkedin.com/jobs/view/4413849168/;Hybrid;Specialist;12/05/2026;Rio de Janeiro;Rio de Janeiro;RJ;Região Sudeste;Brasil;América do Sul;gerente projetos
139;Valid;Project Manager (Trusted Connectivity vertical);Rio de Janeiro (RJ);11/05 22:00;https://www.linkedin.com/jobs/view/4410336112/;https://media.licdn.com/dms/image/v2/C4D0BAQFDDCPO7SHfIA/company-logo_100_100/company-logo_100_100/0/1678816100065/valid_s_a__logo?e=1780531200&v=beta&t=EdV4BdT7J7r6_wHKe6N6npLSbUfFbI-OhRkPIH7GUgo;Portfolio > Projetos > Project Manager;https://www.linkedin.com/company/valid/about/;Software e Serviços de TI;;valid;1;https://www.linkedin.com/jobs/view/4410336112/;https://www.linkedin.com/jobs/view/4410336112/;On-site;Liderança/Gerência;12/05/2026;Rio de Janeiro;Rio de Janeiro;RJ;Região Sudeste;Brasil;América do Sul;gerente projetos
140;Vertem;Gestor de Projetos;Barueri (SP);11/05 22:00;https://www.linkedin.com/jobs/view/4413196271/;https://media.licdn.com/dms/image/v2/D4D0BAQGqAO58UGnLbA/company-logo_100_100/company-logo_100_100/0/1722522366585/vertem_engagement_logo?e=1780531200&v=beta&t=zkeiK8mllJHE2WByW0ezN0C4qQHmwXyQYxbDyNSK4uw;-;https://www.linkedin.com/company/vertem/about/;-;;vertem;1.0;https://www.linkedin.com/jobs/view/4413196271/;https://www.linkedin.com/jobs/view/4413196271/;Hybrid;Liderança/Gerência;12/05/2026;Barueri;São Paulo;SP;Região Sudeste;Brasil;América do Sul;gerente projetos
141;Vittal Web;Gestor(a) de Contas e Projetos;Vitória da Conquista (BA);12/05 13:00;https://www.linkedin.com/jobs/view/4410193575/;https://media.licdn.com/dms/image/v2/D4D0BAQFjsub0PUOMag/company-logo_100_100/company-logo_100_100/0/1711403146776/vittal_web_logo?e=1780531200&v=beta&t=Y3ydXMB2C69E0jOt-QgmlPOSPQeKq3PFXU7GmN7VU08;-;https://www.linkedin.com/company/vittal-web/about/;Software e Serviços de TI;;vittal web;1;https://www.linkedin.com/jobs/view/4410193575/;https://www.linkedin.com/jobs/view/4410193575/;On-site;Liderança/Gerência;12/05/2026;Vitória da Conquista;Bahia;BA;Região Nordeste;Brasil;América do Sul;gerente projetos
142;Vivo Vita;Coordenador de Projetos;Rio de Janeiro (RJ);12/05 08:00;https://www.linkedin.com/jobs/view/4410161310/;https://media.licdn.com/dms/image/v2/D4D0BAQHhEeZNeiaoqg/company-logo_100_100/company-logo_100_100/0/1688261934220?e=1780531200&v=beta&t=Ga1i5s8sb_-hr1hzCEXueg0Sml4BbSnldycEmm-FHwI;Middle > Manager;https://www.linkedin.com/company/vivo-vita/about/;Software e Serviços de TI;;vivo vita;1;https://www.linkedin.com/jobs/view/4410161310/;https://www.linkedin.com/jobs/view/4410161310/;Hybrid;Mid, Liderança/Gerência;12/05/2026;Rio de Janeiro;Rio de Janeiro;RJ;Região Sudeste;Brasil;América do Sul;gerente projetos
143;WEG;BETIM - PROGRAMADOR PRODUCAO;Betim (MG);11/05 22:00;https://www.linkedin.com/jobs/view/4413180199/;https://media.licdn.com/dms/image/v2/C510BAQF7HSkqwJ_UxQ/company-logo_100_100/company-logo_100_100/0/1631329628675?e=1780531200&v=beta&t=qh3dFZQgQMR0_z3OwrJuV_oH1XgmVS041qlj5_rv_wY;-;https://www.linkedin.com/company/weg/about/;Software e Serviços de TI;Gupy;weg;4.0;https://www.linkedin.com/jobs/view/4413180199/;https://www.linkedin.com/jobs/view/4413180199/;On-site;-;12/05/2026;Betim;Minas Gerais;MG;Região Sudeste;Brasil;América do Sul;gerente projetos
144;Win Carreira;Executivo de Implantação de Sistemas de Gestão;Caxias do Sul (RS);12/05 00:00;https://www.linkedin.com/jobs/view/4410119726/;https://media.licdn.com/dms/image/v2/D4D0BAQGDbT14W9M35Q/company-logo_100_100/company-logo_100_100/0/1728738361504/win_carreira_logo?e=1780531200&v=beta&t=b1Fglhl2Z3JcWX5Y1tGGlqro33i5ZImGK9dO1u9Exx0;-;https://www.linkedin.com/company/win-carreira/about/;Software e Serviços de TI;empregos.com.br;win carreira;1.0;https://www.linkedin.com/jobs/view/4410119726/;https://www.linkedin.com/jobs/view/4410119726/;On-site;TI/Tech, Implementação;12/05/2026;Caxias do Sul;Rio Grande do Sul;RS;Região Sul;Brasil;América do Sul;gerente projetos
145;Worley;Senior Project Planner;Belo Horizonte (MG);12/05 20:00;https://www.linkedin.com/jobs/view/4413741971/;https://media.licdn.com/dms/image/v2/D560BAQHfoyQ1BKjqmQ/company-logo_100_100/company-logo_100_100/0/1701033439470/worley_logo?e=1780531200&v=beta&t=bKW7e6rIWEAP-5-YcqNn3TM6iFj94RiYFpY6nhLREvU;-;https://www.linkedin.com/company/worley/about/;-;jobs.worley.com;worley;1.0;https://www.linkedin.com/jobs/view/4413741971/;https://www.linkedin.com/jobs/view/4413741971/;On-site;Senior;12/05/2026;Belo Horizonte;Minas Gerais;MG;Região Sudeste;Brasil;América do Sul;gerente projetos
146;Worley;Studies Development Lead;São Paulo (SP);12/05 20:00;https://www.linkedin.com/jobs/view/4413739921/;https://media.licdn.com/dms/image/v2/D560BAQHfoyQ1BKjqmQ/company-logo_100_100/company-logo_100_100/0/1701033439470/worley_logo?e=1780531200&v=beta&t=bKW7e6rIWEAP-5-YcqNn3TM6iFj94RiYFpY6nhLREvU;Middle > Manager;https://www.linkedin.com/company/worley/about/;-;jobs.worley.com;worley;1.0;https://www.linkedin.com/jobs/view/4413739921/;https://www.linkedin.com/jobs/view/4413739921/;On-site;Mid, Liderança/Gerência;12/05/2026;São Paulo;São Paulo;SP;Região Sudeste;Brasil;América do Sul;gerente projetos
147;XP Inc.;PMO - Transformação Digital Operações;São Paulo (SP);12/05 12:00;https://www.linkedin.com/jobs/view/4413451486/;https://media.licdn.com/dms/image/v2/D4E0BAQGNGiz9pu4KZw/company-logo_100_100/company-logo_100_100/0/1735922822407/xpinc_logo?e=1780531200&v=beta&t=8V19xEL-gGWOP6J_AjyCqsnp45cSGcGJe1SGXp5P85c;Produtos > Product Manager;https://www.linkedin.com/company/xp-inc/about/;Software e Serviços de TI;Greenhouse;xp inc.;5.0;https://www.linkedin.com/jobs/view/4413451486/;https://www.linkedin.com/jobs/view/4413451486/;Hybrid;TI/Tech, PMO, Change Mgt;12/05/2026;São Paulo;São Paulo;SP;Região Sudeste;Brasil;América do Sul;gerente projetos
148;XP Inc.;PMO | Digitalização;São Paulo (SP);11/05 22:00;https://www.linkedin.com/jobs/view/4378022243/;https://media.licdn.com/dms/image/v2/D4E0BAQGNGiz9pu4KZw/company-logo_100_100/company-logo_100_100/0/1735922822407/xpinc_logo?e=1780531200&v=beta&t=8V19xEL-gGWOP6J_AjyCqsnp45cSGcGJe1SGXp5P85c;Produtos > Product Manager;https://www.linkedin.com/company/xp-inc/about/;Software e Serviços de TI;Greenhouse;xp inc.;5.0;https://www.linkedin.com/jobs/view/4378022243/;https://www.linkedin.com/jobs/view/4378022243/;On-site;TI/Tech, PMO;12/05/2026;São Paulo;São Paulo;SP;Região Sudeste;Brasil;América do Sul;gerente projetos
149;abler Vagas;GESTOR DE PROJETOS DE INCORPORAÇÃO;Florianópolis (SC);12/05 19:00;https://www.linkedin.com/jobs/view/4413746782/;https://media.licdn.com/dms/image/v2/D4D0BAQGMAPERRvd2YA/company-logo_100_100/B4DZVr.XUYHIAQ-/0/1741273265821/abler_vagas_br_logo?e=1780531200&v=beta&t=YoLUnlvDk_POETNYzODinwy7pe4o4GCzmhvdGyZwoWQ;-;https://www.linkedin.com/company/abler-vagas/about/;Energia e Combustíveis;ats.abler.com.br;abler vagas;1.0;https://www.linkedin.com/jobs/view/4413746782/;https://www.linkedin.com/jobs/view/4413746782/;On-site;Liderança/Gerência;12/05/2026;Florianópolis;Santa Catarina;SC;Região Sul;Brasil;América do Sul;gerente projetos
150;b.Uni;Analista de Projetos PL;São Paulo (SP);12/05 11:00;https://www.linkedin.com/jobs/view/4410188071/;https://media.licdn.com/dms/image/v2/C4E0BAQHiv8JgTHLlog/company-logo_100_100/company-logo_100_100/0/1640265452660/b_unidigital_logo?e=1780531200&v=beta&t=nhS6Psmu4JQw621Nd7_1jyuOtKU5em4AnuGO9RSwOpw;Advanced > Specialist;https://www.linkedin.com/company/b-uni/about/;-;;b.uni;1.0;https://www.linkedin.com/jobs/view/4410188071/;https://www.linkedin.com/jobs/view/4410188071/;Hybrid;Mid, Associate;12/05/2026;São Paulo;São Paulo;SP;Região Sudeste;Brasil;América do Sul;gerente projetos
151;iMB.Solutions Ltda.;Associate Partner for Agribusiness Project Missions;Grande São Paulo (SP) ;12/05 16:00;https://www.linkedin.com/jobs/view/4410198267/;https://media.licdn.com/dms/image/v2/D4D0BAQFAMrbtFYIKAw/company-logo_100_100/company-logo_100_100/0/1695848916935/imanagementbrazil_ltda_logo?e=1780531200&v=beta&t=QLiGwY6qOZfyWrRt5KxMEhGI94M1u9bcXTAl5i2IdEI;-;https://www.linkedin.com/company/imb-solutions-ltda/about/;Agro;;imb.solutions ltda.;1;https://www.linkedin.com/jobs/view/4410198267/;https://www.linkedin.com/jobs/view/4410198267/;Hybrid;Associate;12/05/2026;;São Paulo;SP;Região Sudeste;Brasil;América do Sul;gerente projetos
152;innolevels;Gerente de Projetos de TI;Brasil;12/05 00:00;https://www.linkedin.com/jobs/view/4410124758/;https://media.licdn.com/dms/image/v2/C4D0BAQHTJl0dF22boA/company-logo_100_100/company-logo_100_100/0/1662223622824/innolevels_logo?e=1780531200&v=beta&t=y1nYGizGrVykQKUcw6Z9OmZQaG3elfa4yxNS1yqFTls;Middle > Manager;https://www.linkedin.com/company/innolevels/about/;Software e Serviços de TI;www.curriculum.com.br;innolevels;1.0;https://www.linkedin.com/jobs/view/4410124758/;https://www.linkedin.com/jobs/view/4410124758/;On-site;Mid, Liderança/Gerência, TI/Tech;12/05/2026;;;;;Brasil;América do Sul;gerente projetos
153;innolevels;Scrum Master;Brasil;12/05 00:00;https://www.linkedin.com/jobs/view/4410111548/;https://media.licdn.com/dms/image/v2/C4D0BAQHTJl0dF22boA/company-logo_100_100/company-logo_100_100/0/1662223622824/innolevels_logo?e=1780531200&v=beta&t=y1nYGizGrVykQKUcw6Z9OmZQaG3elfa4yxNS1yqFTls;Agility > Scrum Master;https://www.linkedin.com/company/innolevels/about/;-;www.curriculum.com.br;innolevels;1.0;https://www.linkedin.com/jobs/view/4410111548/;https://www.linkedin.com/jobs/view/4410111548/;On-site;Scrum/Agile;12/05/2026;;;;;Brasil;América do Sul;gerente projetos
154;innolevels;Scrum master;Curitiba (PR);12/05 18:00;https://www.linkedin.com/jobs/view/4410316505/;https://media.licdn.com/dms/image/v2/C4D0BAQHTJl0dF22boA/company-logo_100_100/company-logo_100_100/0/1662223622824/innolevels_logo?e=1780531200&v=beta&t=y1nYGizGrVykQKUcw6Z9OmZQaG3elfa4yxNS1yqFTls;Agility > Scrum Master;https://www.linkedin.com/company/innolevels/about/;-;www.curriculum.com.br;innolevels;1.0;https://www.linkedin.com/jobs/view/4410316505/;https://www.linkedin.com/jobs/view/4410316505/;On-site;Scrum/Agile;12/05/2026;Curitiba;Paraná;PR;Região Sul;Brasil;América do Sul;gerente projetos
155;innolevels;Gestor de Mudanças - OCM;Grande Rio de Janeiro (RJ);12/05 00:00;https://www.linkedin.com/jobs/view/4410117474/;https://media.licdn.com/dms/image/v2/C4D0BAQHTJl0dF22boA/company-logo_100_100/company-logo_100_100/0/1662223622824/innolevels_logo?e=1780531200&v=beta&t=y1nYGizGrVykQKUcw6Z9OmZQaG3elfa4yxNS1yqFTls;-;https://www.linkedin.com/company/innolevels/about/;-;www.curriculum.com.br;innolevels;1.0;https://www.linkedin.com/jobs/view/4410117474/;https://www.linkedin.com/jobs/view/4410117474/;Remote;Liderança/Gerência, Change Mgt;12/05/2026;Petrópolis;Rio de Janeiro;RJ;;Brasil;América do Sul;gerente projetos
156;innolevels;Analista de Projetos;Grande São Paulo (SP) ;12/05 00:00;https://www.linkedin.com/jobs/view/4410123650/;https://media.licdn.com/dms/image/v2/C4D0BAQHTJl0dF22boA/company-logo_100_100/company-logo_100_100/0/1662223622824/innolevels_logo?e=1780531200&v=beta&t=y1nYGizGrVykQKUcw6Z9OmZQaG3elfa4yxNS1yqFTls;Advanced > Specialist;https://www.linkedin.com/company/innolevels/about/;-;www.curriculum.com.br;innolevels;1.0;https://www.linkedin.com/jobs/view/4410123650/;https://www.linkedin.com/jobs/view/4410123650/;On-site;Associate;12/05/2026;;São Paulo;SP;Região Sudeste;Brasil;América do Sul;gerente projetos
157;innolevels;Gerente de Projetos Salesforce;Grande São Paulo (SP) ;12/05 00:00;https://www.linkedin.com/jobs/view/4410108816/;https://media.licdn.com/dms/image/v2/C4D0BAQHTJl0dF22boA/company-logo_100_100/company-logo_100_100/0/1662223622824/innolevels_logo?e=1780531200&v=beta&t=y1nYGizGrVykQKUcw6Z9OmZQaG3elfa4yxNS1yqFTls;Middle > Manager;https://www.linkedin.com/company/innolevels/about/;Vendas e Suporte;www.curriculum.com.br;innolevels;1.0;https://www.linkedin.com/jobs/view/4410108816/;https://www.linkedin.com/jobs/view/4410108816/;Hybrid;Mid, Liderança/Gerência, Salesforce/CRM, Vendas / Comercial;12/05/2026;;São Paulo;SP;Região Sudeste;Brasil;América do Sul;gerente projetos
158;innolevels;Gestor de Projetos;Grande São Paulo (SP) ;12/05 00:00;https://www.linkedin.com/jobs/view/4410115673/;https://media.licdn.com/dms/image/v2/C4D0BAQHTJl0dF22boA/company-logo_100_100/company-logo_100_100/0/1662223622824/innolevels_logo?e=1780531200&v=beta&t=y1nYGizGrVykQKUcw6Z9OmZQaG3elfa4yxNS1yqFTls;-;https://www.linkedin.com/company/innolevels/about/;-;www.curriculum.com.br;innolevels;1.0;https://www.linkedin.com/jobs/view/4410115673/;https://www.linkedin.com/jobs/view/4410115673/;Hybrid;Liderança/Gerência;12/05/2026;;São Paulo;SP;Região Sudeste;Brasil;América do Sul;gerente projetos
159;innolevels;Gerente de Projetos;São Paulo (SP);11/05 22:00;https://www.linkedin.com/jobs/view/4413155500/;https://media.licdn.com/dms/image/v2/C4D0BAQHTJl0dF22boA/company-logo_100_100/company-logo_100_100/0/1662223622824/innolevels_logo?e=1780531200&v=beta&t=y1nYGizGrVykQKUcw6Z9OmZQaG3elfa4yxNS1yqFTls;Middle > Manager;https://www.linkedin.com/company/innolevels/about/;-;www.curriculum.com.br;innolevels;1.0;https://www.linkedin.com/jobs/view/4413155500/;https://www.linkedin.com/jobs/view/4413155500/;On-site;Mid, Liderança/Gerência;12/05/2026;São Paulo;São Paulo;SP;Região Sudeste;Brasil;América do Sul;gerente projetos
160;oito.ag;Gerente de Projetos | Live Marketing;Grande São Paulo (SP) ;12/05 17:00;https://www.linkedin.com/jobs/view/4413475696/;https://media.licdn.com/dms/image/v2/C560BAQE1LfN397Fekw/company-logo_100_100/company-logo_100_100/0/1640280996135/oitoagency_logo?e=1780531200&v=beta&t=F-S_jHnexGl271WGjbMknv00IlDu-5LqIpFJ1QWKjcI;Middle > Manager;https://www.linkedin.com/company/oito-ag/about/;Marketing e Publicidade Marketing;;oito.ag;1;https://www.linkedin.com/jobs/view/4413475696/;https://www.linkedin.com/jobs/view/4413475696/;Hybrid;Mid, Liderança/Gerência, Marketing/Mídia;12/05/2026;;São Paulo;SP;Região Sudeste;Brasil;América do Sul;gerente projetos
161;talent's club;Project Manager - Presencial DF;Brasília (DF);11/05 22:00;https://www.linkedin.com/jobs/view/4413838966/;https://media.licdn.com/dms/image/v2/D4D0BAQF1dFa6jsuwkw/company-logo_100_100/company-logo_100_100/0/1720449879789/talentsclub_logo?e=1780531200&v=beta&t=pr1XZhpClofP9uayl_XKAPAvk_3_k4or5Hjk-pCDGD8;Portfolio > Projetos > Project Manager;https://www.linkedin.com/company/talent-s-club/about/;-;;talent's club;1;https://www.linkedin.com/jobs/view/4413838966/;https://www.linkedin.com/jobs/view/4413838966/;On-site;Liderança/Gerência;12/05/2026;;Distrito Federal;DF;Região Centro-Oeste;Brasil;América do Sul;gerente projetos
162;uMov.me S.A.;Project Management Office (PMO);Porto Alegre (RS);12/05 21:00;https://www.linkedin.com/jobs/view/4413783197/;https://media.licdn.com/dms/image/v2/D4D0BAQGtxVopcb4z6Q/company-logo_100_100/B4DZj3zgBMGQAU-/0/1756504130769/umovme_logo?e=1780531200&v=beta&t=znTsYwZfAnR0wfubY48Xbtc18HrC4Hxx-dDXJ1Fco1Q;Middle > Manager;https://www.linkedin.com/company/umov-me-s-a/about/;-;;umov.me s.a.;1;https://www.linkedin.com/jobs/view/4413783197/;https://www.linkedin.com/jobs/view/4413783197/;Remote;PMO;12/05/2026;Porto Alegre;Rio Grande do Sul;RS;Região Sul;Brasil;América do Sul;gerente projetos
