Id;Company;Job Title;Location;Published Date;Job Link;Logo;Category;Company Life URL;Industry;Query Parameters;Company_Match;Score;Platform;Job Link_Match;Destination URL;Work Mode;Tags;Capture Date;City;State;UF;Region;Country;Continent
1;AGCO Corporation;Sr Specialist, AI Platform Engineering;Jundiaí, SP;13/08 18:00;https://www.linkedin.com/jobs/view/4442084376/;https://media.licdn.com/dms/image/v2/C4E0BAQF5TwBZg6M6TA/company-logo_100_100/company-logo_100_100/0/1630563830825/agco_corporation_logo?e=1788393600&v=beta&t=4x6Pyp5A77cK2mhirqs4C2EVzXqOXARDge92AJ7IWNk;Advanced > Information Technology;https://www.linkedin.com/company/agco-corporation/about/;Inteligência Artificial;devops OR devsecops OR infrastructure operations leader OR docker OR kubernetes OR terraform OR linux OR shell OR bash;agco corporation;1;;https://www.linkedin.com/jobs/view/4442084376/;https://www.linkedin.com/jobs/view/4442084376/;On-site;Inteligência Artificial, Specialist, Senior, Engenharia Geral;13/08/2026;Jundiaí;São Paulo;SP;Região Sudeste;Brasil;América do Sul
2;AMcom Sistemas de Informação;Pessoa Gerente de Infraestrutura de TI Sênior com Inglês (Híbrido em Barueri/SP);Barueri, SP;12/08 21:00;https://www.linkedin.com/jobs/view/4453232301/;https://media.licdn.com/dms/image/v2/D4D0BAQHb6tHzUvJdDQ/company-logo_100_100/company-logo_100_100/0/1697737715510/amcom_logo?e=1788393600&v=beta&t=vXbBpVN1m3pugCvIuoQntSKjHXkQASk989kjfkxk3Io;Middle > Manager;https://www.linkedin.com/company/amcom-sistemas-de-informa-o/about/;Infraestrutura;devops OR devsecops OR infrastructure operations leader OR docker OR kubernetes OR terraform OR linux OR shell OR bash;amcom sistemas de informação;1;;https://www.linkedin.com/jobs/view/4453232301/;https://www.linkedin.com/jobs/view/4453232301/;Hybrid;PCD / Afirmativa, Senior, Mid, Liderança/Gerência, TI/Tech, Infraestrutura/Redes;13/08/2026;Barueri;São Paulo;SP;Região Sudeste;Brasil;América do Sul
3;ASAAS;Cloud Security Engineer Team Lead;Joinville, SC;13/08 13:00;https://www.linkedin.com/jobs/view/4450821122/;https://media.licdn.com/dms/image/v2/D4D0BAQHnReI431P6iw/company-logo_100_100/B4DZ1DwvyBGUAQ-/0/1774958345828/asaasbrasil_logo?e=1788393600&v=beta&t=uKTmKyMwh4zNgWII4o7S-bEoLxEl1ZytLLKMWkrRIqg;Cybersecurity;https://www.linkedin.com/company/asaas/about/;Cibersegurança;devops OR devsecops OR infrastructure operations leader OR docker OR kubernetes OR terraform OR linux OR shell OR bash;asaas;1;;https://www.linkedin.com/jobs/view/4450821122/;https://www.linkedin.com/jobs/view/4450821122/;Remote;Mid, Liderança/Gerência, Cybersecurity, Engenharia Geral;13/08/2026;Joinville;Santa Catarina;SC;Região Sul;Brasil;América do Sul
4;Accenture Brasil;Analista Pleno de Estratégia de Infraestrutura – Híbrido;São Paulo, SP;13/08 02:00;https://www.linkedin.com/jobs/view/4452794473/;https://media.licdn.com/dms/image/v2/D4D0BAQFxYk90aqWMqA/company-logo_100_100/company-logo_100_100/0/1727873248436/accenturebrasil_logo?e=1788393600&v=beta&t=FuaAWPZvNh587NmQQPneV5NE1cEO7aOW8ZBQalmKzwg;Advanced > Specialist;https://www.linkedin.com/company/accenture-brasil/about/;Infraestrutura;devops OR devsecops OR infrastructure operations leader OR docker OR kubernetes OR terraform OR linux OR shell OR bash;accenture brasil;1;;https://www.linkedin.com/jobs/view/4452794473/;https://www.linkedin.com/jobs/view/4452794473/;Hybrid;Mid, Associate, Infraestrutura/Redes;13/08/2026;São Paulo;São Paulo;SP;Região Sudeste;Brasil;América do Sul
5;Accenture Brasil;Arquiteto(a) de Amazon Connect – Híbrido/Remoto Brasil – Inglês Avançado;São Paulo, SP;12/08 20:00;https://www.linkedin.com/jobs/view/4452756589/;https://media.licdn.com/dms/image/v2/D4D0BAQFxYk90aqWMqA/company-logo_100_100/company-logo_100_100/0/1727873248436/accenturebrasil_logo?e=1788393600&v=beta&t=FuaAWPZvNh587NmQQPneV5NE1cEO7aOW8ZBQalmKzwg;Architecture;https://www.linkedin.com/company/accenture-brasil/about/;Software e Serviços de TI;devops OR devsecops OR infrastructure operations leader OR docker OR kubernetes OR terraform OR linux OR shell OR bash;accenture brasil;1;;https://www.linkedin.com/jobs/view/4452756589/;https://www.linkedin.com/jobs/view/4452756589/;Not informed;Inglês Fluente/Avançado;13/08/2026;São Paulo;São Paulo;SP;Região Sudeste;Brasil;América do Sul
6;Acerto;Senior Platform Engineering Manager;Brasil;13/08 10:00;https://www.linkedin.com/jobs/view/4440760108/;https://media.licdn.com/dms/image/v2/D4D0BAQHf5WS_qqO9Fw/company-logo_100_100/company-logo_100_100/0/1738695557158/acertonegocie_logo?e=1788393600&v=beta&t=DFLckKfrIeUslhP12g7_t1mSfD67AKMVOen2IDPgByA;Middle > Manager;https://www.linkedin.com/company/acerto/about/;-;devops OR devsecops OR infrastructure operations leader OR docker OR kubernetes OR terraform OR linux OR shell OR bash;acerto;1;;https://www.linkedin.com/jobs/view/4440760108/;https://www.linkedin.com/jobs/view/4440760108/;Remote;Senior, Liderança/Gerência, Engenharia Geral;13/08/2026;;;;;Brasil;América do Sul
7;AgileEngine;Senior Data Engineer;Brasil;13/08 18:00;https://www.linkedin.com/jobs/view/4453255776/;https://media.licdn.com/dms/image/v2/D4D0BAQEV7XPrwqjYLg/company-logo_100_100/company-logo_100_100/0/1693840967446/agileengine_logo?e=1788393600&v=beta&t=vxyP6kDR4uBwxW_jc_F1K_qVTeQyZAneoCSZmL920lY;Data & Ai > Data Engineering;https://www.linkedin.com/company/agileengine/about/;Dados e Analytics;devops OR devsecops OR infrastructure operations leader OR docker OR kubernetes OR terraform OR linux OR shell OR bash;agileengine;1;;https://www.linkedin.com/jobs/view/4453255776/;https://www.linkedin.com/jobs/view/4453255776/;Remote;Senior, Dados/Analytics, Engenharia Geral;13/08/2026;;;;;Brasil;América do Sul
8;Agoda;Senior Security Operation Engineer;Grande Rio de Janeiro (RJ);13/08 00:00;https://www.linkedin.com/jobs/view/4453629637/;https://media.licdn.com/dms/image/v2/D4D0BAQHnu249lVL3yA/company-logo_100_100/B4DZ09fn8fJQAU-/0/1774853194495/agoda_logo?e=1788393600&v=beta&t=tAJ2KR5_C3uy4KqY5YVgn5DUdxrvYuyH4kYkeBLW2X4;Cybersecurity;https://www.linkedin.com/company/agoda/about/;Cibersegurança;devops OR devsecops OR infrastructure operations leader OR docker OR kubernetes OR terraform OR linux OR shell OR bash;agoda;1;;https://www.linkedin.com/jobs/view/4453629637/;https://www.linkedin.com/jobs/view/4453629637/;Not informed;Senior, Cybersecurity, Engenharia Geral;13/08/2026;;Rio de Janeiro;RJ;Região Sudeste;Brasil;América do Sul
9;Agoda;Senior Security Operation Engineer;Salvador, BA;13/08 00:00;https://www.linkedin.com/jobs/view/4453622728/;https://media.licdn.com/dms/image/v2/D4D0BAQHnu249lVL3yA/company-logo_100_100/B4DZ09fn8fJQAU-/0/1774853194495/agoda_logo?e=1788393600&v=beta&t=tAJ2KR5_C3uy4KqY5YVgn5DUdxrvYuyH4kYkeBLW2X4;Cybersecurity;https://www.linkedin.com/company/agoda/about/;Cibersegurança;devops OR devsecops OR infrastructure operations leader OR docker OR kubernetes OR terraform OR linux OR shell OR bash;agoda;1;;https://www.linkedin.com/jobs/view/4453622728/;https://www.linkedin.com/jobs/view/4453622728/;Not informed;Senior, Cybersecurity, Engenharia Geral;13/08/2026;;Bahia;BA;Região Nordeste;Brasil;América do Sul
10;Akamai Technologies;Senior II Security Architect;São Paulo, SP;13/08 17:00;https://www.linkedin.com/jobs/view/4454080980/;https://media.licdn.com/dms/image/v2/D4E0BAQHpsdQkVIn86g/company-logo_100_100/B4EZiajPQ8GUAY-/0/1754939585924/akamai_technologies_logo?e=1788393600&v=beta&t=sUN6Jfgv4Spw9AVvdfWOilFov2Ur48zHCImDI-4dSaM;Cybersecurity;https://www.linkedin.com/company/akamai-technologies/about/;Cibersegurança;devops OR devsecops OR infrastructure operations leader OR docker OR kubernetes OR terraform OR linux OR shell OR bash;akamai technologies;1;;https://www.linkedin.com/jobs/view/4454080980/;https://www.linkedin.com/jobs/view/4454080980/;Remote;Senior, Cybersecurity;13/08/2026;São Paulo;São Paulo;SP;Região Sudeste;Brasil;América do Sul
11;Amazon Web Services (AWS);Delivery Consultant - Cloud Security, Professional Services, Professional Services;Grande São Paulo (SP) ;12/08 22:00;https://www.linkedin.com/jobs/view/4453613243/;https://media.licdn.com/dms/image/v2/D4E0BAQFqdm1TZ-RZKQ/company-logo_100_100/B4EZgOay6gHEAY-/0/1752588562343/amazon_web_services_logo?e=1788393600&v=beta&t=yMZViGm_2yJ4r9HWDE1PvQabKceLdrF0mbdpVA7mSiA;Cybersecurity;https://www.linkedin.com/company/amazon-web-services-aws/about/;Cibersegurança;devops OR devsecops OR infrastructure operations leader OR docker OR kubernetes OR terraform OR linux OR shell OR bash;amazon web services (aws);1;;https://www.linkedin.com/jobs/view/4453613243/;https://www.linkedin.com/jobs/view/4453613243/;Not informed;Consultor, Cybersecurity, Delivery/SDM;13/08/2026;;São Paulo;SP;Região Sudeste;Brasil;América do Sul
12;Apoiarh Consultoria em Gestão de Pessoas;Supervisor de Infraestrutura - GO;Goiânia, GO;13/08 00:00;https://www.linkedin.com/jobs/view/4450428679/;missing logo;Middle > Manager;https://www.linkedin.com/company/apoiarh-consultoria-em-gest-o-de-pessoas/about/;Consultoria e Assessoria;devops OR devsecops OR infrastructure operations leader OR docker OR kubernetes OR terraform OR linux OR shell OR bash;apoiarh consultoria em gestão de pessoas;1;;https://www.linkedin.com/jobs/view/4450428679/;https://www.linkedin.com/jobs/view/4450428679/;On-site;Mid, Liderança/Gerência, Infraestrutura/Redes;13/08/2026;Goiânia;Goiás;GO;Região Centro-Oeste;Brasil;América do Sul
13;Aubay Portugal;Senior .NET Developer with AWS - Remote;Brasil;13/08 14:00;https://www.linkedin.com/jobs/view/4454059637/;https://media.licdn.com/dms/image/v2/D4D0BAQFSexdvK2mWhw/company-logo_100_100/company-logo_100_100/0/1736250958915/aubay_portugal_logo?e=1788393600&v=beta&t=qMRPV7jRmuy9T3qDPDDLrQ_ViMW-2JX6I0G1QdTpz6o;Advanced > Information Technology;https://www.linkedin.com/company/aubay-portugal/about/;Software e Serviços de TI;devops OR devsecops OR infrastructure operations leader OR docker OR kubernetes OR terraform OR linux OR shell OR bash;aubay portugal;1;;https://www.linkedin.com/jobs/view/4454059637/;https://www.linkedin.com/jobs/view/4454059637/;Remote;Senior, Cloud (AWS/GCP/Azure);13/08/2026;;;;;Brasil;América do Sul
14;Avenue Code;DevOps Engineer;Brasil;12/08 20:00;https://www.linkedin.com/jobs/view/4452772186/;https://media.licdn.com/dms/image/v2/D4D0BAQFxvhJ6VqfLqQ/company-logo_100_100/B4DZ2b.IrPGcAQ-/0/1776438250614/avenuecode_logo?e=1788393600&v=beta&t=eYXrNClS2vEWgWg2zEKrWKH7I3A2rAElCmS7TSeO-Qc;Advanced > Information Technology;https://www.linkedin.com/company/avenue-code/about/;-;devops OR devsecops OR infrastructure operations leader OR docker OR kubernetes OR terraform OR linux OR shell OR bash;avenue code;1;;https://www.linkedin.com/jobs/view/4452772186/;https://www.linkedin.com/jobs/view/4452772186/;Remote;DevOps, Engenharia Geral;13/08/2026;;;;;Brasil;América do Sul
15;B3;8057 - Engenheiro de Plataforma Cloud (Pleno);SP;13/08 08:00;https://www.linkedin.com/jobs/view/4450491349/;https://media.licdn.com/dms/image/v2/D4D0BAQFtcmFAiKSggg/company-logo_100_100/B4DZsI1b1XLgAQ-/0/1765379784421/b3_oficial_logo?e=1788393600&v=beta&t=PXCyUwd5q_f8dh5QkWr8yKUDSVAtkSovic7J-jV1izs;Specific > Cloud;https://www.linkedin.com/company/b3/about/;-;devops OR devsecops OR infrastructure operations leader OR docker OR kubernetes OR terraform OR linux OR shell OR bash;b3;1;;https://www.linkedin.com/jobs/view/4450491349/;https://www.linkedin.com/jobs/view/4450491349/;Hybrid;Mid;13/08/2026;;São Paulo;SP;Região Sudeste;Brasil;América do Sul
16;B3;8057 - Plataform Engineer Pleno;São Paulo, SP;13/08 10:00;https://www.linkedin.com/jobs/view/4454014201/;https://media.licdn.com/dms/image/v2/D4D0BAQFtcmFAiKSggg/company-logo_100_100/B4DZsI1b1XLgAQ-/0/1765379784421/b3_oficial_logo?e=1788393600&v=beta&t=PXCyUwd5q_f8dh5QkWr8yKUDSVAtkSovic7J-jV1izs;Advanced > Information Technology;https://www.linkedin.com/company/b3/about/;-;devops OR devsecops OR infrastructure operations leader OR docker OR kubernetes OR terraform OR linux OR shell OR bash;b3;1;;https://www.linkedin.com/jobs/view/4454014201/;https://www.linkedin.com/jobs/view/4454014201/;Not informed;Mid, Engenharia Geral;13/08/2026;São Paulo;São Paulo;SP;Região Sudeste;Brasil;América do Sul
17;BRQ Digital Solutions;Arquiteto de Soluções Especialista;Brasil;13/08 15:00;https://www.linkedin.com/jobs/view/4454077272/;https://media.licdn.com/dms/image/v2/D4D0BAQHsHMIGkFifsw/company-logo_100_100/B4DZwerWdfIoAQ-/0/1770041207049/brq_logo?e=1788393600&v=beta&t=id-PUdXi5B2ydvzCWcgdCaPnv-rGB51aKv3Bbg-nwRQ;Architecture;https://www.linkedin.com/company/brq-digital-solutions/about/;Software e Serviços de TI;devops OR devsecops OR infrastructure operations leader OR docker OR kubernetes OR terraform OR linux OR shell OR bash;brq digital solutions;1;;https://www.linkedin.com/jobs/view/4454077272/;https://www.linkedin.com/jobs/view/4454077272/;Remote;Specialist;13/08/2026;;;;;Brasil;América do Sul
18;BTG Pactual;Desenvolvedor(a) Full Stack | Engenharia de Plataforma (Tech Foundation);São Paulo, SP;12/08 23:00;https://www.linkedin.com/jobs/view/4453623143/;https://media.licdn.com/dms/image/v2/C4E0BAQE0wyub1rswiA/company-logo_100_100/company-logo_100_100/0/1654720569889/btgpactual_logo?e=1788393600&v=beta&t=uZYCfebp4lHb-Vbu1O9UIyfIhAFvrnUqV-X3kWF-F3Q;-;https://www.linkedin.com/company/btg-pactual/about/;Software e Serviços de TI;devops OR devsecops OR infrastructure operations leader OR docker OR kubernetes OR terraform OR linux OR shell OR bash;btg pactual;1;;https://www.linkedin.com/jobs/view/4453623143/;https://www.linkedin.com/jobs/view/4453623143/;Not informed;TI/Tech, Full Stack, Engenharia Geral;13/08/2026;São Paulo;São Paulo;SP;Região Sudeste;Brasil;América do Sul
19;BTG Pactual;Especialista de GENAI Security;São Paulo, SP;13/08 06:00;https://www.linkedin.com/jobs/view/4435110923/;https://media.licdn.com/dms/image/v2/C4E0BAQE0wyub1rswiA/company-logo_100_100/company-logo_100_100/0/1654720569889/btgpactual_logo?e=1788393600&v=beta&t=uZYCfebp4lHb-Vbu1O9UIyfIhAFvrnUqV-X3kWF-F3Q;Data & Ai > Generative Ai;https://www.linkedin.com/company/btg-pactual/about/;Cibersegurança;devops OR devsecops OR infrastructure operations leader OR docker OR kubernetes OR terraform OR linux OR shell OR bash;btg pactual;1;;https://www.linkedin.com/jobs/view/4435110923/;https://www.linkedin.com/jobs/view/4435110923/;Not informed;Specialist, Cybersecurity;13/08/2026;São Paulo;São Paulo;SP;Região Sudeste;Brasil;América do Sul
20;BW Soluções;Solutions Engineer de Observabilidade (Pré-Vendas Pleno);São Paulo, SP;13/08 11:00;https://www.linkedin.com/jobs/view/4450480992/;https://media.licdn.com/dms/image/v2/D4E0BAQHO_xXuEDMh4A/company-logo_100_100/B4EZU.iNMQGwAU-/0/1740510910342/bwsolucoes_logo?e=1788393600&v=beta&t=m1NmofY7MnbpFpa51jHg2eePw3ozU5aiv8s2r_Lv2WM;Advanced > Information Technology;https://www.linkedin.com/company/bw-solu-es/about/;Software e Serviços de TI;devops OR devsecops OR infrastructure operations leader OR docker OR kubernetes OR terraform OR linux OR shell OR bash;bw soluções;1;;https://www.linkedin.com/jobs/view/4450480992/;https://www.linkedin.com/jobs/view/4450480992/;Hybrid;Mid, Engenharia Geral, Vendas / Comercial;13/08/2026;São Paulo;São Paulo;SP;Região Sudeste;Brasil;América do Sul
21;BairesDev;Senior DevSecOps Engineer - Remote Work;Brasil;13/08 17:00;https://www.linkedin.com/jobs/view/4453242365/;https://media.licdn.com/dms/image/v2/D4E0BAQGNvQASzrdL_w/company-logo_100_100/company-logo_100_100/0/1687874736484/bairesdev_logo?e=1788393600&v=beta&t=6wniX0AEtLFVXfaIkyBCkhHM8agRCPrRsiiD4U9orAw;Advanced > Information Technology;https://www.linkedin.com/company/bairesdev/about/;-;devops OR devsecops OR infrastructure operations leader OR docker OR kubernetes OR terraform OR linux OR shell OR bash;bairesdev;1;;https://www.linkedin.com/jobs/view/4453242365/;https://www.linkedin.com/jobs/view/4453242365/;Remote;Senior, Engenharia Geral;13/08/2026;;;;;Brasil;América do Sul
22;BairesDev;Senior Java & Cloud Engineer - Remote Work;Brasil;13/08 13:00;https://www.linkedin.com/jobs/view/4453208465/;https://media.licdn.com/dms/image/v2/D4E0BAQGNvQASzrdL_w/company-logo_100_100/company-logo_100_100/0/1687874736484/bairesdev_logo?e=1788393600&v=beta&t=6wniX0AEtLFVXfaIkyBCkhHM8agRCPrRsiiD4U9orAw;Specific > Cloud;https://www.linkedin.com/company/bairesdev/about/;-;devops OR devsecops OR infrastructure operations leader OR docker OR kubernetes OR terraform OR linux OR shell OR bash;bairesdev;1;;https://www.linkedin.com/jobs/view/4453208465/;https://www.linkedin.com/jobs/view/4453208465/;Remote;Senior, Engenharia Geral;13/08/2026;;;;;Brasil;América do Sul
23;BairesDev;Python Tech Lead - Trabalho Remoto;Fortaleza, CE;13/08 14:00;https://www.linkedin.com/jobs/view/4452991999/;https://media.licdn.com/dms/image/v2/D4E0BAQGNvQASzrdL_w/company-logo_100_100/company-logo_100_100/0/1687874736484/bairesdev_logo?e=1788393600&v=beta&t=6wniX0AEtLFVXfaIkyBCkhHM8agRCPrRsiiD4U9orAw;Middle > Manager;https://www.linkedin.com/company/bairesdev/about/;Software e Serviços de TI;devops OR devsecops OR infrastructure operations leader OR docker OR kubernetes OR terraform OR linux OR shell OR bash;bairesdev;1;;https://www.linkedin.com/jobs/view/4452991999/;https://www.linkedin.com/jobs/view/4452991999/;Remote;Mid, Liderança/Gerência, TI/Tech;13/08/2026;Fortaleza;Ceará;CE;Região Nordeste;Brasil;América do Sul
24;BairesDev;Python Tech Lead - Trabalho Remoto;SP;13/08 14:00;https://www.linkedin.com/jobs/view/4453207883/;https://media.licdn.com/dms/image/v2/D4E0BAQGNvQASzrdL_w/company-logo_100_100/company-logo_100_100/0/1687874736484/bairesdev_logo?e=1788393600&v=beta&t=6wniX0AEtLFVXfaIkyBCkhHM8agRCPrRsiiD4U9orAw;Middle > Manager;https://www.linkedin.com/company/bairesdev/about/;Software e Serviços de TI;devops OR devsecops OR infrastructure operations leader OR docker OR kubernetes OR terraform OR linux OR shell OR bash;bairesdev;1;;https://www.linkedin.com/jobs/view/4453207883/;https://www.linkedin.com/jobs/view/4453207883/;Remote;Mid, Liderança/Gerência, TI/Tech;13/08/2026;;São Paulo;SP;Região Sudeste;Brasil;América do Sul
25;Banco Bradesco;Tech Lead Java;Barueri, SP;13/08 15:00;https://www.linkedin.com/jobs/view/4454077237/;https://media.licdn.com/dms/image/v2/C4E0BAQEXB9xussWsHQ/company-logo_100_100/company-logo_100_100/0/1680038081185/bradesco_logo?e=1788393600&v=beta&t=4Sfb3v0drbsBY-2DcwByB35sa62aj_lpQVjrQaOZIxI;Middle > Manager;https://www.linkedin.com/company/banco-bradesco/about/;Serviços Financeiros;devops OR devsecops OR infrastructure operations leader OR docker OR kubernetes OR terraform OR linux OR shell OR bash;banco bradesco;1;;https://www.linkedin.com/jobs/view/4454077237/;https://www.linkedin.com/jobs/view/4454077237/;Not informed;Mid, Liderança/Gerência, TI/Tech;13/08/2026;Barueri;São Paulo;SP;Região Sudeste;Brasil;América do Sul
26;Bancorbrás;ARQUITETO DE SOFTWARE .NET - PLATAFORMA & ENGENHARIA;Brasil;13/08 08:00;https://www.linkedin.com/jobs/view/4450491262/;https://media.licdn.com/dms/image/v2/D4D0BAQGAUh-J5SC_bw/company-logo_100_100/B4DZ2RwpRnG8AQ-/0/1776266942325/grupobancorbras_logo?e=1788393600&v=beta&t=1YInPIuPVNOy7L-JpvchNQx8_T9cqx07PV_2Ti01XR4;Architecture;https://www.linkedin.com/company/bancorbr-s/about/;Serviços Financeiros;devops OR devsecops OR infrastructure operations leader OR docker OR kubernetes OR terraform OR linux OR shell OR bash;bancorbrás;1;;https://www.linkedin.com/jobs/view/4450491262/;https://www.linkedin.com/jobs/view/4450491262/;Remote;TI/Tech, Engenharia Geral;13/08/2026;;;;;Brasil;América do Sul
27;Bancorbrás;ARQUITETO DE SOLUÇÕES .NET & CLOUD;Brasil;13/08 08:00;https://www.linkedin.com/jobs/view/4450475521/;https://media.licdn.com/dms/image/v2/D4D0BAQGAUh-J5SC_bw/company-logo_100_100/B4DZ2RwpRnG8AQ-/0/1776266942325/grupobancorbras_logo?e=1788393600&v=beta&t=1YInPIuPVNOy7L-JpvchNQx8_T9cqx07PV_2Ti01XR4;Architecture;https://www.linkedin.com/company/bancorbr-s/about/;Serviços Financeiros;devops OR devsecops OR infrastructure operations leader OR docker OR kubernetes OR terraform OR linux OR shell OR bash;bancorbrás;1;;https://www.linkedin.com/jobs/view/4450475521/;https://www.linkedin.com/jobs/view/4450475521/;Remote;-;13/08/2026;;;;;Brasil;América do Sul
28;ByteDance;Solutions Architect;São Paulo, SP;13/08 16:00;https://www.linkedin.com/jobs/view/4453246065/;https://media.licdn.com/dms/image/v2/C560BAQGA-1ynUGnhlA/company-logo_100_100/company-logo_100_100/0/1630658803864/bytedance_logo?e=1788393600&v=beta&t=MUP3lcmYTBqJTJISaET7fNE2DxnhLvP1mANm4RcTfuk;Architecture > Solutions Architect;https://www.linkedin.com/company/bytedance/about/;Software e Serviços de TI;devops OR devsecops OR infrastructure operations leader OR docker OR kubernetes OR terraform OR linux OR shell OR bash;bytedance;1;;https://www.linkedin.com/jobs/view/4453246065/;https://www.linkedin.com/jobs/view/4453246065/;On-site;-;13/08/2026;São Paulo;São Paulo;SP;Região Sudeste;Brasil;América do Sul
29;CHQ Gestão Empresarial e Franchising;Analista de Infraestrutura e Redes Pleno;São José do Rio Preto, SP;12/08 22:00;https://www.linkedin.com/jobs/view/4453602888/;https://media.licdn.com/dms/image/v2/C560BAQH15wv7IE0NTA/company-logo_100_100/company-logo_100_100/0/1631323503501?e=1788393600&v=beta&t=icw8Twse09q5kAZzM1jLialI1FPYTjeMMoXsAUuIjy0;Advanced > Specialist;https://www.linkedin.com/company/chq-gest-o-empresarial-e-franchising/about/;Infraestrutura;devops OR devsecops OR infrastructure operations leader OR docker OR kubernetes OR terraform OR linux OR shell OR bash;chq gestão empresarial e franchising;1;;https://www.linkedin.com/jobs/view/4453602888/;https://www.linkedin.com/jobs/view/4453602888/;On-site;Mid, Associate, Infraestrutura/Redes;13/08/2026;São José do Rio Preto;São Paulo;SP;Região Sudeste;Brasil;América do Sul
30;CI&T;Arquiteto de Software (.NET), Brasil.;Brasil;13/08 10:00;https://www.linkedin.com/jobs/view/4454030118/;https://media.licdn.com/dms/image/v2/D4E0BAQHeZyGQWQJb7g/company-logo_100_100/B4EZ89lXBZJEAI-/0/1783444632002/ciandt_logo?e=1788393600&v=beta&t=W3TL5onRLuu1Mcmv6tV7uBh_bDsdKYQxEjjPuR6AhHY;Architecture;https://www.linkedin.com/company/ci-t/about/;Software e Serviços de TI;devops OR devsecops OR infrastructure operations leader OR docker OR kubernetes OR terraform OR linux OR shell OR bash;ci&t;1;;https://www.linkedin.com/jobs/view/4454030118/;https://www.linkedin.com/jobs/view/4454030118/;Remote;TI/Tech;13/08/2026;;;;;Brasil;América do Sul
31;CI&T;Arquiteto de Software(React), Brasil.;Brasil;13/08 10:00;https://www.linkedin.com/jobs/view/4454030117/;https://media.licdn.com/dms/image/v2/D4E0BAQHeZyGQWQJb7g/company-logo_100_100/B4EZ89lXBZJEAI-/0/1783444632002/ciandt_logo?e=1788393600&v=beta&t=W3TL5onRLuu1Mcmv6tV7uBh_bDsdKYQxEjjPuR6AhHY;Architecture;https://www.linkedin.com/company/ci-t/about/;Software e Serviços de TI;devops OR devsecops OR infrastructure operations leader OR docker OR kubernetes OR terraform OR linux OR shell OR bash;ci&t;1;;https://www.linkedin.com/jobs/view/4454030117/;https://www.linkedin.com/jobs/view/4454030117/;Remote;TI/Tech;13/08/2026;;;;;Brasil;América do Sul
32;CI&T;System Architect, Brasil.;Brasil;13/08 09:00;https://www.linkedin.com/jobs/view/4435302974/;https://media.licdn.com/dms/image/v2/D4E0BAQHeZyGQWQJb7g/company-logo_100_100/B4EZ89lXBZJEAI-/0/1783444632002/ciandt_logo?e=1788393600&v=beta&t=W3TL5onRLuu1Mcmv6tV7uBh_bDsdKYQxEjjPuR6AhHY;Architecture;https://www.linkedin.com/company/ci-t/about/;Software e Serviços de TI;devops OR devsecops OR infrastructure operations leader OR docker OR kubernetes OR terraform OR linux OR shell OR bash;ci&t;1;;https://www.linkedin.com/jobs/view/4435302974/;https://www.linkedin.com/jobs/view/4435302974/;Remote;-;13/08/2026;;;;;Brasil;América do Sul
33;CWI Software;Liderança Técnica Java (Sênior);Brasil;13/08 18:00;https://www.linkedin.com/jobs/view/4454310752/;https://media.licdn.com/dms/image/v2/D4D0BAQEalq6vm3t3-Q/company-logo_100_100/B4DZdp6lJcHMAQ-/0/1749828654033/cwi_software_logo?e=1788393600&v=beta&t=HGoi7lXdqBpsbO9orvWMPUDVzM3dZNfwhY4Dzqreb8I;-;https://www.linkedin.com/company/cwi-software/about/;Software e Serviços de TI;devops OR devsecops OR infrastructure operations leader OR docker OR kubernetes OR terraform OR linux OR shell OR bash;cwi software;1;;https://www.linkedin.com/jobs/view/4454310752/;https://www.linkedin.com/jobs/view/4454310752/;Remote;Senior, Liderança/Gerência;13/08/2026;;;;;Brasil;América do Sul
34;Canonical;Linux Software Engineer - Ubuntu for Next-Gen Silicon (multiple roles and seniority levels);Brasil;13/08 13:00;https://www.linkedin.com/jobs/view/4434613801/;https://media.licdn.com/dms/image/v2/C560BAQEbIYAkAURcYw/company-logo_100_100/company-logo_100_100/0/1650566107463/canonical_logo?e=1788393600&v=beta&t=rYp49hR_LD6XoGZwLWXpY9cbo9chlNCXajLwG8iQWSg;Advanced > Information Technology;https://www.linkedin.com/company/canonical/about/;Software e Serviços de TI;devops OR devsecops OR infrastructure operations leader OR docker OR kubernetes OR terraform OR linux OR shell OR bash;canonical;1;;https://www.linkedin.com/jobs/view/4434613801/;https://www.linkedin.com/jobs/view/4434613801/;Remote;Senior, TI/Tech, Engenharia Geral;13/08/2026;;;;;Brasil;América do Sul
35;Canonical;Software Engineer - Python - Container Images;Brasil;13/08 11:00;https://www.linkedin.com/jobs/view/4434610834/;https://media.licdn.com/dms/image/v2/C560BAQEbIYAkAURcYw/company-logo_100_100/company-logo_100_100/0/1650566107463/canonical_logo?e=1788393600&v=beta&t=rYp49hR_LD6XoGZwLWXpY9cbo9chlNCXajLwG8iQWSg;Advanced > Information Technology;https://www.linkedin.com/company/canonical/about/;Software e Serviços de TI;devops OR devsecops OR infrastructure operations leader OR docker OR kubernetes OR terraform OR linux OR shell OR bash;canonical;1;;https://www.linkedin.com/jobs/view/4434610834/;https://www.linkedin.com/jobs/view/4434610834/;Remote;TI/Tech, Engenharia Geral;13/08/2026;;;;;Brasil;América do Sul
36;Capitani Group;Analista de Infraestrutura Cloud;Itajaí, SC;13/08 11:00;https://www.linkedin.com/jobs/view/4454035500/;https://media.licdn.com/dms/image/v2/C4D0BAQFNPiKzvjH9cQ/company-logo_100_100/company-logo_100_100/0/1650388372873/capitani_logo?e=1788393600&v=beta&t=kd0t1OGlrdOlpsABtFpXqWDeTSZD7-VF1ErlL7nt0H4;Specific > Cloud;https://www.linkedin.com/company/capitani-group/about/;Infraestrutura;devops OR devsecops OR infrastructure operations leader OR docker OR kubernetes OR terraform OR linux OR shell OR bash;capitani group;1;;https://www.linkedin.com/jobs/view/4454035500/;https://www.linkedin.com/jobs/view/4454035500/;Hybrid;Associate, Infraestrutura/Redes;13/08/2026;Itajaí;Santa Catarina;SC;Região Sul;Brasil;América do Sul
37;Ciklum;Lead Software Engineer;Brasil;13/08 13:00;https://www.linkedin.com/jobs/view/4454041459/;https://media.licdn.com/dms/image/v2/C4D0BAQGNh_4pInYIIQ/company-logo_100_100/company-logo_100_100/0/1647617951142/ciklum_logo?e=1788393600&v=beta&t=jHFf_rZJd5biRqCohzR5VRYgO1O3QtjFeefZk2W8-hw;Middle > Manager;https://www.linkedin.com/company/ciklum/about/;Software e Serviços de TI;devops OR devsecops OR infrastructure operations leader OR docker OR kubernetes OR terraform OR linux OR shell OR bash;ciklum;1;;https://www.linkedin.com/jobs/view/4454041459/;https://www.linkedin.com/jobs/view/4454041459/;Remote;Mid, Liderança/Gerência, TI/Tech, Engenharia Geral;13/08/2026;;;;;Brasil;América do Sul
38;Ciklum;Principal Software Engineer;Brasil;13/08 13:00;https://www.linkedin.com/jobs/view/4454054379/;https://media.licdn.com/dms/image/v2/C4D0BAQGNh_4pInYIIQ/company-logo_100_100/company-logo_100_100/0/1647617951142/ciklum_logo?e=1788393600&v=beta&t=jHFf_rZJd5biRqCohzR5VRYgO1O3QtjFeefZk2W8-hw;Advanced > Information Technology;https://www.linkedin.com/company/ciklum/about/;Software e Serviços de TI;devops OR devsecops OR infrastructure operations leader OR docker OR kubernetes OR terraform OR linux OR shell OR bash;ciklum;1;;https://www.linkedin.com/jobs/view/4454054379/;https://www.linkedin.com/jobs/view/4454054379/;Remote;TI/Tech, Engenharia Geral;13/08/2026;;;;;Brasil;América do Sul
39;Ciklum;Senior DevOps Engineer;Brasil;13/08 13:00;https://www.linkedin.com/jobs/view/4454041460/;https://media.licdn.com/dms/image/v2/C4D0BAQGNh_4pInYIIQ/company-logo_100_100/company-logo_100_100/0/1647617951142/ciklum_logo?e=1788393600&v=beta&t=jHFf_rZJd5biRqCohzR5VRYgO1O3QtjFeefZk2W8-hw;Advanced > Information Technology;https://www.linkedin.com/company/ciklum/about/;-;devops OR devsecops OR infrastructure operations leader OR docker OR kubernetes OR terraform OR linux OR shell OR bash;ciklum;1;;https://www.linkedin.com/jobs/view/4454041460/;https://www.linkedin.com/jobs/view/4454041460/;Remote;Senior, DevOps, Engenharia Geral;13/08/2026;;;;;Brasil;América do Sul
40;Ciklum;Solution Architect;Brasil;13/08 13:00;https://www.linkedin.com/jobs/view/4454038594/;https://media.licdn.com/dms/image/v2/C4D0BAQGNh_4pInYIIQ/company-logo_100_100/company-logo_100_100/0/1647617951142/ciklum_logo?e=1788393600&v=beta&t=jHFf_rZJd5biRqCohzR5VRYgO1O3QtjFeefZk2W8-hw;Architecture > Solutions Architect;https://www.linkedin.com/company/ciklum/about/;Software e Serviços de TI;devops OR devsecops OR infrastructure operations leader OR docker OR kubernetes OR terraform OR linux OR shell OR bash;ciklum;1;;https://www.linkedin.com/jobs/view/4454038594/;https://www.linkedin.com/jobs/view/4454038594/;Remote;-;13/08/2026;;;;;Brasil;América do Sul
41;Ciklum;Solution Architect;Brasil;13/08 13:00;https://www.linkedin.com/jobs/view/4454056329/;https://media.licdn.com/dms/image/v2/C4D0BAQGNh_4pInYIIQ/company-logo_100_100/company-logo_100_100/0/1647617951142/ciklum_logo?e=1788393600&v=beta&t=jHFf_rZJd5biRqCohzR5VRYgO1O3QtjFeefZk2W8-hw;Architecture > Solutions Architect;https://www.linkedin.com/company/ciklum/about/;Software e Serviços de TI;devops OR devsecops OR infrastructure operations leader OR docker OR kubernetes OR terraform OR linux OR shell OR bash;ciklum;1;;https://www.linkedin.com/jobs/view/4454056329/;https://www.linkedin.com/jobs/view/4454056329/;Remote;-;13/08/2026;;;;;Brasil;América do Sul
42;Claro Brasil;Especialista em Transformação Digital;São Paulo, SP;13/08 18:00;https://www.linkedin.com/jobs/view/4454321042/;https://media.licdn.com/dms/image/v2/C4D0BAQH2gEZpU9Oy5Q/company-logo_100_100/company-logo_100_100/0/1630559270452/clarobrasil_logo?e=1788393600&v=beta&t=27SNY4_Yhk-OS2HfEWX9LQGk6HnVjO8PhRdqwz8jL2s;Advanced > Specialist;https://www.linkedin.com/company/claro-brasil/about/;Software e Serviços de TI;devops OR devsecops OR infrastructure operations leader OR docker OR kubernetes OR terraform OR linux OR shell OR bash;claro brasil;1;;https://www.linkedin.com/jobs/view/4454321042/;https://www.linkedin.com/jobs/view/4454321042/;On-site;Specialist, TI/Tech, Change Mgt;13/08/2026;São Paulo;São Paulo;SP;Região Sudeste;Brasil;América do Sul
43;Cubbo;Engenheiro de software;SP;13/08 14:00;https://www.linkedin.com/jobs/view/4454040996/;https://media.licdn.com/dms/image/v2/D560BAQFkRt6Sx8_wpw/company-logo_100_100/B56Z84ps6uGsAM-/0/1783361884036/cubbo_logo?e=1788393600&v=beta&t=wVVOLvvo8Rhbs8-4P0FxFLd6kuQwEBLO6ayQI8vhfsg;-;https://www.linkedin.com/company/cubbo/about/;Software e Serviços de TI;devops OR devsecops OR infrastructure operations leader OR docker OR kubernetes OR terraform OR linux OR shell OR bash;cubbo;1;;https://www.linkedin.com/jobs/view/4454040996/;https://www.linkedin.com/jobs/view/4454040996/;Hybrid;TI/Tech;13/08/2026;;São Paulo;SP;Região Sudeste;Brasil;América do Sul
44;DB Diagnósticos;Analista de Cyber Security SR;São José dos Pinhais, PR;13/08 11:00;https://www.linkedin.com/jobs/view/4454026722/;https://media.licdn.com/dms/image/v2/D4D0BAQHDFNMYWSt6tQ/company-logo_100_100/B4DZfHzmvHH4AU-/0/1751403883870/dbdiagnosticos_logo?e=1788393600&v=beta&t=wsufgLcsR_43N4ztHXEq4xsp6rvmefgvtwWRi4XNOG4;Cybersecurity;https://www.linkedin.com/company/db-diagn-sticos/about/;Cibersegurança;devops OR devsecops OR infrastructure operations leader OR docker OR kubernetes OR terraform OR linux OR shell OR bash;db diagnósticos;1;;https://www.linkedin.com/jobs/view/4454026722/;https://www.linkedin.com/jobs/view/4454026722/;Hybrid;Senior, Associate, Cybersecurity;13/08/2026;São José dos Pinhais;Paraná;PR;Região Sul;Brasil;América do Sul
45;EPAM Systems;Python Full-Stack Developer (DevOps & Kubernetes);Brasil;13/08 01:00;https://www.linkedin.com/jobs/view/4452798237/;https://media.licdn.com/dms/image/v2/D4D0BAQGd7yeYsBtfzw/company-logo_100_100/B4DZuc0QBQH4AQ-/0/1767862501956/epam_systems_logo?e=1788393600&v=beta&t=qkQD4JKnnVwc66nK6DM6BoIEGbY5gr3LHN9Q3yrAPhc;Advanced > Information Technology;https://www.linkedin.com/company/epam-systems/about/;Transporte e Mobilidade;devops OR devsecops OR infrastructure operations leader OR docker OR kubernetes OR terraform OR linux OR shell OR bash;epam systems;1;;https://www.linkedin.com/jobs/view/4452798237/;https://www.linkedin.com/jobs/view/4452798237/;Remote;DevOps, Full Stack;13/08/2026;;;;;Brasil;América do Sul
46;EPAM Systems;Senior AI OPS Engineer;Brasil;13/08 01:00;https://www.linkedin.com/jobs/view/4452789366/;https://media.licdn.com/dms/image/v2/D4D0BAQGd7yeYsBtfzw/company-logo_100_100/B4DZuc0QBQH4AQ-/0/1767862501956/epam_systems_logo?e=1788393600&v=beta&t=qkQD4JKnnVwc66nK6DM6BoIEGbY5gr3LHN9Q3yrAPhc;Advanced > Information Technology;https://www.linkedin.com/company/epam-systems/about/;Inteligência Artificial;devops OR devsecops OR infrastructure operations leader OR docker OR kubernetes OR terraform OR linux OR shell OR bash;epam systems;1;;https://www.linkedin.com/jobs/view/4452789366/;https://www.linkedin.com/jobs/view/4452789366/;Remote;Inteligência Artificial, Senior, Engenharia Geral;13/08/2026;;;;;Brasil;América do Sul
47;EPAM Systems;Senior Data Engineer;Brasil;13/08 01:00;https://www.linkedin.com/jobs/view/4452795297/;https://media.licdn.com/dms/image/v2/D4D0BAQGd7yeYsBtfzw/company-logo_100_100/B4DZuc0QBQH4AQ-/0/1767862501956/epam_systems_logo?e=1788393600&v=beta&t=qkQD4JKnnVwc66nK6DM6BoIEGbY5gr3LHN9Q3yrAPhc;Data & Ai > Data Engineering;https://www.linkedin.com/company/epam-systems/about/;Dados e Analytics;devops OR devsecops OR infrastructure operations leader OR docker OR kubernetes OR terraform OR linux OR shell OR bash;epam systems;1;;https://www.linkedin.com/jobs/view/4452795297/;https://www.linkedin.com/jobs/view/4452795297/;Remote;Senior, Dados/Analytics, Engenharia Geral;13/08/2026;;;;;Brasil;América do Sul
48;EPAM Systems;Senior Data Engineer;Brasil;13/08 01:00;https://www.linkedin.com/jobs/view/4452780885/;https://media.licdn.com/dms/image/v2/D4D0BAQGd7yeYsBtfzw/company-logo_100_100/B4DZuc0QBQH4AQ-/0/1767862501956/epam_systems_logo?e=1788393600&v=beta&t=qkQD4JKnnVwc66nK6DM6BoIEGbY5gr3LHN9Q3yrAPhc;Data & Ai > Data Engineering;https://www.linkedin.com/company/epam-systems/about/;Dados e Analytics;devops OR devsecops OR infrastructure operations leader OR docker OR kubernetes OR terraform OR linux OR shell OR bash;epam systems;1;;https://www.linkedin.com/jobs/view/4452780885/;https://www.linkedin.com/jobs/view/4452780885/;Remote;Senior, Dados/Analytics, Engenharia Geral;13/08/2026;;;;;Brasil;América do Sul
49;EPAM Systems;Senior Infrastructure Engineer;Brasil;13/08 01:00;https://www.linkedin.com/jobs/view/4452787332/;https://media.licdn.com/dms/image/v2/D4D0BAQGd7yeYsBtfzw/company-logo_100_100/B4DZuc0QBQH4AQ-/0/1767862501956/epam_systems_logo?e=1788393600&v=beta&t=qkQD4JKnnVwc66nK6DM6BoIEGbY5gr3LHN9Q3yrAPhc;Advanced > Information Technology;https://www.linkedin.com/company/epam-systems/about/;Infraestrutura;devops OR devsecops OR infrastructure operations leader OR docker OR kubernetes OR terraform OR linux OR shell OR bash;epam systems;1;;https://www.linkedin.com/jobs/view/4452787332/;https://www.linkedin.com/jobs/view/4452787332/;Remote;Senior, Engenharia Geral;13/08/2026;;;;;Brasil;América do Sul
50;EPAM Systems;Senior Infrastructure Engineer;Brasil;13/08 01:00;https://www.linkedin.com/jobs/view/4452797267/;https://media.licdn.com/dms/image/v2/D4D0BAQGd7yeYsBtfzw/company-logo_100_100/B4DZuc0QBQH4AQ-/0/1767862501956/epam_systems_logo?e=1788393600&v=beta&t=qkQD4JKnnVwc66nK6DM6BoIEGbY5gr3LHN9Q3yrAPhc;Advanced > Information Technology;https://www.linkedin.com/company/epam-systems/about/;Infraestrutura;devops OR devsecops OR infrastructure operations leader OR docker OR kubernetes OR terraform OR linux OR shell OR bash;epam systems;1;;https://www.linkedin.com/jobs/view/4452797267/;https://www.linkedin.com/jobs/view/4452797267/;Remote;Senior, Engenharia Geral;13/08/2026;;;;;Brasil;América do Sul
51;EPAM Systems;SAP Basis Architect;Montenegro, RS;13/08 01:00;https://www.linkedin.com/jobs/view/4452900223/;https://media.licdn.com/dms/image/v2/D4D0BAQGd7yeYsBtfzw/company-logo_100_100/B4DZuc0QBQH4AQ-/0/1767862501956/epam_systems_logo?e=1788393600&v=beta&t=qkQD4JKnnVwc66nK6DM6BoIEGbY5gr3LHN9Q3yrAPhc;Architecture;https://www.linkedin.com/company/epam-systems/about/;Software e Serviços de TI;devops OR devsecops OR infrastructure operations leader OR docker OR kubernetes OR terraform OR linux OR shell OR bash;epam systems;1;;https://www.linkedin.com/jobs/view/4452900223/;https://www.linkedin.com/jobs/view/4452900223/;Remote;SAP;13/08/2026;Montenegro;Rio Grande do Sul;RS;Região Sul;Brasil;América do Sul
52;Ebury;Senior Platform Engineer;São Paulo, SP;13/08 10:00;https://www.linkedin.com/jobs/view/4444421438/;https://media.licdn.com/dms/image/v2/D4D0BAQE5Q1wVXb_ebw/company-logo_100_100/B4DZxbuXAUG0AQ-/0/1771065405812/eburyfintech_logo?e=1788393600&v=beta&t=Hb64e_RMrIuH0oBAiHnqbnYtyBZcIQXdOrdLVieRNFI;Advanced > Information Technology;https://www.linkedin.com/company/ebury/about/;-;devops OR devsecops OR infrastructure operations leader OR docker OR kubernetes OR terraform OR linux OR shell OR bash;ebury;1;;https://www.linkedin.com/jobs/view/4444421438/;https://www.linkedin.com/jobs/view/4444421438/;Hybrid;Senior, Engenharia Geral;13/08/2026;São Paulo;São Paulo;SP;Região Sudeste;Brasil;América do Sul
53;Encora Inc.;Lead Software Engineer;Brasil;13/08 13:00;https://www.linkedin.com/jobs/view/4454038831/;https://media.licdn.com/dms/image/v2/D560BAQH6NwBLGIaqig/company-logo_100_100/B56Zkz97AJJ8AQ-/0/1757513494980/encorainc_logo?e=1788393600&v=beta&t=-ezEn85iMPOB4RHeGi6fhUm1uCcfWEtRpMk5Nu6VilY;Middle > Manager;https://www.linkedin.com/company/encora-inc/about/;Software e Serviços de TI;devops OR devsecops OR infrastructure operations leader OR docker OR kubernetes OR terraform OR linux OR shell OR bash;encora inc.;1;;https://www.linkedin.com/jobs/view/4454038831/;https://www.linkedin.com/jobs/view/4454038831/;Remote;Mid, Liderança/Gerência, TI/Tech, Engenharia Geral;13/08/2026;;;;;Brasil;América do Sul
54;Evertec Brasil;Engenheiro de Software Especialista | DevSecOps;São Paulo, SP;12/08 20:00;https://www.linkedin.com/jobs/view/4450193623/;https://media.licdn.com/dms/image/v2/D4D0BAQGG_PyIEk0O0w/company-logo_100_100/B4DZfW8646GkAU-/0/1751657983926/evertecbr_logo?e=1788393600&v=beta&t=T6rK6xKRkmoWKgRzGmGDurNmFui3d4VtnvE8UWPjuvI;Advanced > Specialist;https://www.linkedin.com/company/evertec-brasil/about/;Software e Serviços de TI;devops OR devsecops OR infrastructure operations leader OR docker OR kubernetes OR terraform OR linux OR shell OR bash;evertec brasil;1;;https://www.linkedin.com/jobs/view/4450193623/;https://www.linkedin.com/jobs/view/4450193623/;Hybrid;Specialist, TI/Tech;13/08/2026;São Paulo;São Paulo;SP;Região Sudeste;Brasil;América do Sul
55;Fits 450;Analista de Monitoramento NOC/SOC Pl;Fortaleza, CE;12/08 20:00;https://www.linkedin.com/jobs/view/4450197438/;https://media.licdn.com/dms/image/v2/D4D0BAQHaU85tfedOXA/company-logo_100_100/B4DZziuKXqGwAQ-/0/1773330282514/fits_450_logo?e=1788393600&v=beta&t=r_Q0oSlatKyOaG4qEuHSOVtE6qqXwEbBe68IuNFv-Ec;Advanced > Specialist;https://www.linkedin.com/company/fits-450/about/;Software e Serviços de TI;devops OR devsecops OR infrastructure operations leader OR docker OR kubernetes OR terraform OR linux OR shell OR bash;fits 450;1;;https://www.linkedin.com/jobs/view/4450197438/;https://www.linkedin.com/jobs/view/4450197438/;On-site;Mid, Associate;13/08/2026;Fortaleza;Ceará;CE;Região Nordeste;Brasil;América do Sul
56;Fits 450;Engenheiro de Software Sênior (.NET/Python) |  Foco em Cloud;Fortaleza, CE;12/08 20:00;https://www.linkedin.com/jobs/view/4450197437/;https://media.licdn.com/dms/image/v2/D4D0BAQHaU85tfedOXA/company-logo_100_100/B4DZziuKXqGwAQ-/0/1773330282514/fits_450_logo?e=1788393600&v=beta&t=r_Q0oSlatKyOaG4qEuHSOVtE6qqXwEbBe68IuNFv-Ec;Specific > Cloud;https://www.linkedin.com/company/fits-450/about/;Software e Serviços de TI;devops OR devsecops OR infrastructure operations leader OR docker OR kubernetes OR terraform OR linux OR shell OR bash;fits 450;1;;https://www.linkedin.com/jobs/view/4450197437/;https://www.linkedin.com/jobs/view/4450197437/;On-site;Senior, TI/Tech;13/08/2026;Fortaleza;Ceará;CE;Região Nordeste;Brasil;América do Sul
57;FullStack;Agentic AWS DevOps Engineer - Remote - Latin America;São Paulo, SP;13/08 11:00;https://www.linkedin.com/jobs/view/4407592713/;https://media.licdn.com/dms/image/v2/D4E0BAQFl6I0phUCDQg/company-logo_100_100/B4EZo1FC7hIIAQ-/0/1761827107300/fullstack_labs_logo?e=1788393600&v=beta&t=C-QB3XCQRADjg0YUl0Qp6-Rxbsz4UG9OrGyeMj6H3-w;Advanced > Information Technology;https://www.linkedin.com/company/fullstack/about/;Software e Serviços de TI;devops OR devsecops OR infrastructure operations leader OR docker OR kubernetes OR terraform OR linux OR shell OR bash;fullstack;1;;https://www.linkedin.com/jobs/view/4407592713/;https://www.linkedin.com/jobs/view/4407592713/;Remote;Cloud (AWS/GCP/Azure), DevOps, Engenharia Geral;13/08/2026;São Paulo;São Paulo;SP;Região Sudeste;Brasil;América do Sul
58;Gateware;MLOps Engineer - Inglês Avançado - Remoto;Brasil;13/08 12:00;https://www.linkedin.com/jobs/view/4450807236/;https://media.licdn.com/dms/image/v2/D4D0BAQFlKg88tSR9gw/company-logo_100_100/B4DZo6unfXJMAU-/0/1761921890699/gatewaretech_logo?e=1788393600&v=beta&t=51ovJrtTOCWjtz-9TD9N9kiLxW-6bHZ4oVQfKgoM_C0;Advanced > Information Technology;https://www.linkedin.com/company/gateware/about/;-;devops OR devsecops OR infrastructure operations leader OR docker OR kubernetes OR terraform OR linux OR shell OR bash;gateware;1;;https://www.linkedin.com/jobs/view/4450807236/;https://www.linkedin.com/jobs/view/4450807236/;Remote;Inglês Fluente/Avançado, Engenharia Geral;13/08/2026;;;;;Brasil;América do Sul
59;GeorgiaTEK Systems Inc.;AWS Cloud Engineer;Brasil;13/08 13:00;https://www.linkedin.com/jobs/view/4450816381/;https://media.licdn.com/dms/image/v2/C4D0BAQFS2nOc7k3WRA/company-logo_100_100/company-logo_100_100/0/1645584193004/georgiatek_systems_inc_logo?e=1788393600&v=beta&t=k03-bag0Er_f8HfmcPpYRdX76e8Yc3v3rPxkj2wkVaM;Specific > Cloud;https://www.linkedin.com/company/georgiatek-systems-inc/about/;-;devops OR devsecops OR infrastructure operations leader OR docker OR kubernetes OR terraform OR linux OR shell OR bash;georgiatek systems inc.;1;;https://www.linkedin.com/jobs/view/4450816381/;https://www.linkedin.com/jobs/view/4450816381/;Remote;Cloud (AWS/GCP/Azure), Engenharia Geral;13/08/2026;;;;;Brasil;América do Sul
60;GeorgiaTEK Systems Inc.;Cloud Architect;Brasil;13/08 13:00;https://www.linkedin.com/jobs/view/4450818252/;https://media.licdn.com/dms/image/v2/C4D0BAQFS2nOc7k3WRA/company-logo_100_100/company-logo_100_100/0/1645584193004/georgiatek_systems_inc_logo?e=1788393600&v=beta&t=k03-bag0Er_f8HfmcPpYRdX76e8Yc3v3rPxkj2wkVaM;Architecture;https://www.linkedin.com/company/georgiatek-systems-inc/about/;Software e Serviços de TI;devops OR devsecops OR infrastructure operations leader OR docker OR kubernetes OR terraform OR linux OR shell OR bash;georgiatek systems inc.;1;;https://www.linkedin.com/jobs/view/4450818252/;https://www.linkedin.com/jobs/view/4450818252/;Remote;-;13/08/2026;;;;;Brasil;América do Sul
61;GeorgiaTEK Systems Inc.;Cloud Engineer;Brasil;13/08 10:00;https://www.linkedin.com/jobs/view/4450490814/;https://media.licdn.com/dms/image/v2/C4D0BAQFS2nOc7k3WRA/company-logo_100_100/company-logo_100_100/0/1645584193004/georgiatek_systems_inc_logo?e=1788393600&v=beta&t=k03-bag0Er_f8HfmcPpYRdX76e8Yc3v3rPxkj2wkVaM;Specific > Cloud;https://www.linkedin.com/company/georgiatek-systems-inc/about/;-;devops OR devsecops OR infrastructure operations leader OR docker OR kubernetes OR terraform OR linux OR shell OR bash;georgiatek systems inc.;1;;https://www.linkedin.com/jobs/view/4450490814/;https://www.linkedin.com/jobs/view/4450490814/;Remote;Engenharia Geral;13/08/2026;;;;;Brasil;América do Sul
62;GeorgiaTEK Systems Inc.;Cloud Migration Architect – AWS;Brasil;13/08 19:00;https://www.linkedin.com/jobs/view/4450834555/;https://media.licdn.com/dms/image/v2/C4D0BAQFS2nOc7k3WRA/company-logo_100_100/company-logo_100_100/0/1645584193004/georgiatek_systems_inc_logo?e=1788393600&v=beta&t=k03-bag0Er_f8HfmcPpYRdX76e8Yc3v3rPxkj2wkVaM;Architecture;https://www.linkedin.com/company/georgiatek-systems-inc/about/;Software e Serviços de TI;devops OR devsecops OR infrastructure operations leader OR docker OR kubernetes OR terraform OR linux OR shell OR bash;georgiatek systems inc.;1;;https://www.linkedin.com/jobs/view/4450834555/;https://www.linkedin.com/jobs/view/4450834555/;Remote;Cloud (AWS/GCP/Azure);13/08/2026;;;;;Brasil;América do Sul
63;GeorgiaTEK Systems Inc.;DevOps Platform Engineer;Brasil;13/08 17:00;https://www.linkedin.com/jobs/view/4450825134/;https://media.licdn.com/dms/image/v2/C4D0BAQFS2nOc7k3WRA/company-logo_100_100/company-logo_100_100/0/1645584193004/georgiatek_systems_inc_logo?e=1788393600&v=beta&t=k03-bag0Er_f8HfmcPpYRdX76e8Yc3v3rPxkj2wkVaM;Advanced > Information Technology;https://www.linkedin.com/company/georgiatek-systems-inc/about/;-;devops OR devsecops OR infrastructure operations leader OR docker OR kubernetes OR terraform OR linux OR shell OR bash;georgiatek systems inc.;1;;https://www.linkedin.com/jobs/view/4450825134/;https://www.linkedin.com/jobs/view/4450825134/;Remote;DevOps, Engenharia Geral;13/08/2026;;;;;Brasil;América do Sul
64;GeorgiaTEK Systems Inc.;Network Platform Automation Engineer - HCL;Brasil;13/08 18:00;https://www.linkedin.com/jobs/view/4450843385/;https://media.licdn.com/dms/image/v2/C4D0BAQFS2nOc7k3WRA/company-logo_100_100/company-logo_100_100/0/1645584193004/georgiatek_systems_inc_logo?e=1788393600&v=beta&t=k03-bag0Er_f8HfmcPpYRdX76e8Yc3v3rPxkj2wkVaM;Advanced > Process & Automation;https://www.linkedin.com/company/georgiatek-systems-inc/about/;Software e Serviços de TI;devops OR devsecops OR infrastructure operations leader OR docker OR kubernetes OR terraform OR linux OR shell OR bash;georgiatek systems inc.;1;;https://www.linkedin.com/jobs/view/4450843385/;https://www.linkedin.com/jobs/view/4450843385/;Remote;Engenharia Geral, Infraestrutura/Redes;13/08/2026;;;;;Brasil;América do Sul
65;Globo;Especialista em Arquitetura Soluções | Infra e Telecom - Arquitetura de Tecnologia;Grande Rio de Janeiro (RJ);13/08 10:00;https://www.linkedin.com/jobs/view/4431973930/;https://media.licdn.com/dms/image/v2/D4D0BAQHqBil8lJvbFA/company-logo_100_100/B4DZt.dFX3KAAQ-/0/1767353113034?e=1788393600&v=beta&t=IyvB4QAs9g4IQQizaHfBIcsZNgDi1tx-_N-ZWwx6FUc;Advanced > Specialist;https://www.linkedin.com/company/globo/about/;Mídia e Entretenimento;devops OR devsecops OR infrastructure operations leader OR docker OR kubernetes OR terraform OR linux OR shell OR bash;globo;1;;https://www.linkedin.com/jobs/view/4431973930/;https://www.linkedin.com/jobs/view/4431973930/;Hybrid;Specialist, TI/Tech;13/08/2026;;Rio de Janeiro;RJ;Região Sudeste;Brasil;América do Sul
66;Gresham;Senior Windows System Engineer;Brasil;13/08 06:00;https://www.linkedin.com/jobs/view/4428806834/;https://media.licdn.com/dms/image/v2/D4E0BAQF83D-v6H_udQ/company-logo_100_100/B4EZfBOVapGcAU-/0/1751293450613/greshamtech_logo?e=1788393600&v=beta&t=0xjM8_00ydR2VS64O4h7HJlkByibrerf0pzpClJHZ5A;Advanced > Information Technology;https://www.linkedin.com/company/gresham/about/;-;devops OR devsecops OR infrastructure operations leader OR docker OR kubernetes OR terraform OR linux OR shell OR bash;gresham;1;;https://www.linkedin.com/jobs/view/4428806834/;https://www.linkedin.com/jobs/view/4428806834/;Remote;Senior, Engenharia Geral;13/08/2026;;;;;Brasil;América do Sul
67;GrooveTech;Cloud Engineer / Site Reliability Engineer (SRE) Sênior;São Paulo, SP;12/08 22:00;https://www.linkedin.com/jobs/view/4452762478/;https://media.licdn.com/dms/image/v2/C4E0BAQFB9DT0tpC_mQ/company-logo_100_100/company-logo_100_100/0/1637607664364/groove_tech_logo?e=1788393600&v=beta&t=1b6Nx99Yykl8Ayu5cmwnO1ai9mqhqcF5OoHrLaFk21o;Specific > Cloud;https://www.linkedin.com/company/groovetech/about/;Software e Serviços de TI;devops OR devsecops OR infrastructure operations leader OR docker OR kubernetes OR terraform OR linux OR shell OR bash;groovetech;1;;https://www.linkedin.com/jobs/view/4452762478/;https://www.linkedin.com/jobs/view/4452762478/;Remote;Senior, DevOps, Engenharia Geral;13/08/2026;São Paulo;São Paulo;SP;Região Sudeste;Brasil;América do Sul
68;Grupo BAXTECH;CLOUD SPECIALIST;SP;13/08 11:00;https://www.linkedin.com/jobs/view/4450800152/;https://media.licdn.com/dms/image/v2/C4D0BAQE-_80MPKj5PA/company-logo_100_100/company-logo_100_100/0/1673359073145/grupo_baxtech_logo?e=1788393600&v=beta&t=UvyqZ1QWIcKJ1xeh2Ex_MHJtxDzxi0Fkx3c-zCpATic;Specific > Cloud;https://www.linkedin.com/company/grupo-baxtech/about/;Software e Serviços de TI;devops OR devsecops OR infrastructure operations leader OR docker OR kubernetes OR terraform OR linux OR shell OR bash;grupo baxtech;1;;https://www.linkedin.com/jobs/view/4450800152/;https://www.linkedin.com/jobs/view/4450800152/;Remote;Specialist;13/08/2026;;São Paulo;SP;Região Sudeste;Brasil;América do Sul
69;Grupo Berlanda;Analista de Infraestrutura - TI;Curitibanos, SC;13/08 05:00;https://www.linkedin.com/jobs/view/4453683497/;https://media.licdn.com/dms/image/v2/D4D0BAQG6Z83hOprjNw/company-logo_100_100/B4DZwfYrTfIgAM-/0/1770053088887/grupoberlanda_logo?e=1788393600&v=beta&t=p0tVK9vuOJEuk3Me1Bi77Dvudce0TmmwN9j0Lj799hI;Advanced > Specialist;https://www.linkedin.com/company/grupo-berlanda/about/;Infraestrutura;devops OR devsecops OR infrastructure operations leader OR docker OR kubernetes OR terraform OR linux OR shell OR bash;grupo berlanda;1;;https://www.linkedin.com/jobs/view/4453683497/;https://www.linkedin.com/jobs/view/4453683497/;Not informed;Associate, TI/Tech, Infraestrutura/Redes;13/08/2026;Curitibanos;Santa Catarina;SC;Região Sul;Brasil;América do Sul
70;Grupo Bertolini;Analista de Infraestrutura de TI (Matriz - RS) - RS;Bento Gonçalves, RS;13/08 00:00;https://www.linkedin.com/jobs/view/4450427162/;https://media.licdn.com/dms/image/v2/D4D0BAQHKdHR7fuVZig/company-logo_100_100/B4DZjOdGrLHsAQ-/0/1755810393941/grupobertolini_logo?e=1788393600&v=beta&t=rLjV1zA4p9qbbnD4FSDNqQn-XiErBX981QOPPgMZRMI;Advanced > Specialist;https://www.linkedin.com/company/grupo-bertolini/about/;Infraestrutura;devops OR devsecops OR infrastructure operations leader OR docker OR kubernetes OR terraform OR linux OR shell OR bash;grupo bertolini;1;;https://www.linkedin.com/jobs/view/4450427162/;https://www.linkedin.com/jobs/view/4450427162/;On-site;Associate, TI/Tech, Infraestrutura/Redes;13/08/2026;Bento Gonçalves;Rio Grande do Sul;RS;Região Sul;Brasil;América do Sul
71;Grupo Cornélio Brennand;Coordenador(a) de Tecnologia e Operações;Recife, PE;13/08 12:00;https://www.linkedin.com/jobs/view/4453200388/;https://media.licdn.com/dms/image/v2/C4D0BAQFbOFSnaIan0Q/company-logo_100_100/company-logo_100_100/0/1630502445877/grupo_corn_lio_brennand_logo?e=1788393600&v=beta&t=gXRRkQjfR46bQscqiL0x-Ogd6ggFiTJYFXtZF4_pVnc;Middle > Manager;https://www.linkedin.com/company/grupo-corn-lio-brennand/about/;-;devops OR devsecops OR infrastructure operations leader OR docker OR kubernetes OR terraform OR linux OR shell OR bash;grupo cornélio brennand;1;;https://www.linkedin.com/jobs/view/4453200388/;https://www.linkedin.com/jobs/view/4453200388/;On-site;Mid, Liderança/Gerência, TI/Tech;13/08/2026;Recife;Pernambuco;PE;Região Nordeste;Brasil;América do Sul
72;Grupo H2;Arquiteto de Soluções Senior;São Paulo, SP;13/08 10:00;https://www.linkedin.com/jobs/view/4452976841/;https://media.licdn.com/dms/image/v2/D560BAQF5bal3WYGGbg/company-logo_100_100/company-logo_100_100/0/1713800243415/h2club_logo?e=1788393600&v=beta&t=-iBx_Qne5e-M9f6wbknng3RkyqMv0EggQwwrDTQQzlI;Architecture;https://www.linkedin.com/company/grupo-h2/about/;Software e Serviços de TI;devops OR devsecops OR infrastructure operations leader OR docker OR kubernetes OR terraform OR linux OR shell OR bash;grupo h2;1;;https://www.linkedin.com/jobs/view/4452976841/;https://www.linkedin.com/jobs/view/4452976841/;On-site;Senior;13/08/2026;São Paulo;São Paulo;SP;Região Sudeste;Brasil;América do Sul
73;Grupo Muffato;ANALISTA DE INFRAESTRUTURA DE TI - PR;Brasil;13/08 00:00;https://www.linkedin.com/jobs/view/4450440233/;https://media.licdn.com/dms/image/v2/D4D0BAQEUuTZWsbKZmw/company-logo_100_100/B4DZcNwx4wG8AQ-/0/1748282580980/grupomuffato_logo?e=1788393600&v=beta&t=enTzw8SPOiPQpBkpyQwWWh02ynViI_gn0iaIW718KmA;Advanced > Specialist;https://www.linkedin.com/company/grupo-muffato/about/;Infraestrutura;devops OR devsecops OR infrastructure operations leader OR docker OR kubernetes OR terraform OR linux OR shell OR bash;grupo muffato;1;;https://www.linkedin.com/jobs/view/4450440233/;https://www.linkedin.com/jobs/view/4450440233/;On-site;Associate, TI/Tech, Infraestrutura/Redes;13/08/2026;;;;;Brasil;América do Sul
74;Grupo Quattror;Coordenador de Infraestrutura e Segurança da Informação;Vila Velha, ES;12/08 22:00;https://www.linkedin.com/jobs/view/4453620014/;https://media.licdn.com/dms/image/v2/D4D0BAQHaiFJtmChFnw/company-logo_100_100/company-logo_100_100/0/1667302186556/quattrorcomercial_logo?e=1788393600&v=beta&t=WuOXWXGy2tH-xC8qAJ88rJTKvsBsuHW_NMr9ActvpJw;Middle > Manager;https://www.linkedin.com/company/grupo-quattror/about/;Cibersegurança;devops OR devsecops OR infrastructure operations leader OR docker OR kubernetes OR terraform OR linux OR shell OR bash;grupo quattror;1;;https://www.linkedin.com/jobs/view/4453620014/;https://www.linkedin.com/jobs/view/4453620014/;On-site;Mid, Liderança/Gerência, Cybersecurity, Infraestrutura/Redes;13/08/2026;Vila Velha;Espírito Santo;ES;Região Sudeste;Brasil;América do Sul
75;Grupo Quattror;Coordenador de Infraestrutura e Segurança da Informação - ES;Vila Velha, ES;13/08 00:00;https://www.linkedin.com/jobs/view/4450445754/;https://media.licdn.com/dms/image/v2/D4D0BAQHaiFJtmChFnw/company-logo_100_100/company-logo_100_100/0/1667302186556/quattrorcomercial_logo?e=1788393600&v=beta&t=WuOXWXGy2tH-xC8qAJ88rJTKvsBsuHW_NMr9ActvpJw;Middle > Manager;https://www.linkedin.com/company/grupo-quattror/about/;Cibersegurança;devops OR devsecops OR infrastructure operations leader OR docker OR kubernetes OR terraform OR linux OR shell OR bash;grupo quattror;1;;https://www.linkedin.com/jobs/view/4450445754/;https://www.linkedin.com/jobs/view/4450445754/;On-site;Mid, Liderança/Gerência, Cybersecurity, Infraestrutura/Redes;13/08/2026;Vila Velha;Espírito Santo;ES;Região Sudeste;Brasil;América do Sul
76;HCLTech;SAP HANA Operations;Brasil;13/08 11:00;https://www.linkedin.com/jobs/view/4452980919/;https://media.licdn.com/dms/image/v2/D560BAQGkPwiFr3kk2A/company-logo_100_100/B56Z_8GLQWHcAM-/0/1786640905430/hcltech_logo?e=1788393600&v=beta&t=rS3MmC68rfIHbkjCyuZz_rXf8FL-IZQLeXsPRgT7nH0;-;https://www.linkedin.com/company/hcltech/about/;Software e Serviços de TI;devops OR devsecops OR infrastructure operations leader OR docker OR kubernetes OR terraform OR linux OR shell OR bash;hcltech;1;;https://www.linkedin.com/jobs/view/4452980919/;https://www.linkedin.com/jobs/view/4452980919/;Remote;SAP;13/08/2026;;;;;Brasil;América do Sul
77;Hays;Arquiteto de soluções SAP;São Paulo, SP;13/08 17:00;https://www.linkedin.com/jobs/view/4454308055/;https://media.licdn.com/dms/image/v2/D4E0BAQETReujByGYaw/company-logo_100_100/B4EZfKYuQyGwAQ-/0/1751447168431/hays_logo?e=1788393600&v=beta&t=-OYAMz4L-DfM4JLZOvz17XT-kRjWjpWSnMEfyAYrcpE;Architecture;https://www.linkedin.com/company/hays/about/;Software e Serviços de TI;devops OR devsecops OR infrastructure operations leader OR docker OR kubernetes OR terraform OR linux OR shell OR bash;hays;1;;https://www.linkedin.com/jobs/view/4454308055/;https://www.linkedin.com/jobs/view/4454308055/;Hybrid;SAP;13/08/2026;São Paulo;São Paulo;SP;Região Sudeste;Brasil;América do Sul
78;Hitss Brasil;21341-Analista de Segurança da Informação LIPIC (Noturno);Brasília, DF;13/08 08:00;https://www.linkedin.com/jobs/view/4450479322/;https://media.licdn.com/dms/image/v2/D4D0BAQHU9akE4trzfQ/company-logo_100_100/company-logo_100_100/0/1737119189689/global_hitss_logo?e=1788393600&v=beta&t=dCLkAbMw7dxLKwQ1gPudEtG2o-hulG4WkuOLzGt00xk;-;https://www.linkedin.com/company/hitss-brasil/about/;Cibersegurança;devops OR devsecops OR infrastructure operations leader OR docker OR kubernetes OR terraform OR linux OR shell OR bash;hitss brasil;1;;https://www.linkedin.com/jobs/view/4450479322/;https://www.linkedin.com/jobs/view/4450479322/;On-site;Associate, Cybersecurity;13/08/2026;;Distrito Federal;DF;Região Centro-Oeste;Brasil;América do Sul
79;IPNET by Vivo;Especialista em Arquitetura Cloud - Com foco em Google Cloud I Tech Sales I RJ e SP - SP;Grande São Paulo (SP) ;13/08 00:00;https://www.linkedin.com/jobs/view/4450425411/;https://media.licdn.com/dms/image/v2/D4D0BAQHUKdeg5gYZag/company-logo_100_100/company-logo_100_100/0/1727968831406/ipnet_logo?e=1788393600&v=beta&t=_GBkbS5BsNFcJf-heMS0olR1cJ3sB-tQWnJgkbHQdPk;Specific > Cloud;https://www.linkedin.com/company/ipnet-by-vivo/about/;Software e Serviços de TI;devops OR devsecops OR infrastructure operations leader OR docker OR kubernetes OR terraform OR linux OR shell OR bash;ipnet by vivo;1;;https://www.linkedin.com/jobs/view/4450425411/;https://www.linkedin.com/jobs/view/4450425411/;On-site;Specialist, Cloud (AWS/GCP/Azure), TI/Tech, Vendas / Comercial;13/08/2026;;São Paulo;SP;Região Sudeste;Brasil;América do Sul
80;InComm Payments;DevOps Engineer III;Brasil;12/08 22:00;https://www.linkedin.com/jobs/view/4438119279/;https://media.licdn.com/dms/image/v2/C4D0BAQExVKozoptuLA/company-logo_100_100/company-logo_100_100/0/1630544992626/incomm_logo?e=1788393600&v=beta&t=vY_B3IHU7VhEdp2j5F20x3rDGV_5eHG5P3fpOShgu7I;Advanced > Information Technology;https://www.linkedin.com/company/incomm-payments/about/;-;devops OR devsecops OR infrastructure operations leader OR docker OR kubernetes OR terraform OR linux OR shell OR bash;incomm payments;1;;https://www.linkedin.com/jobs/view/4438119279/;https://www.linkedin.com/jobs/view/4438119279/;Remote;DevOps, Engenharia Geral;13/08/2026;;;;;Brasil;América do Sul
81;Infomach;Cloud Analyst (AWS | Kubernetes | Containers);Brasil;13/08 15:00;https://www.linkedin.com/jobs/view/4450812710/;https://media.licdn.com/dms/image/v2/D4E0BAQHCYgQbYvUFJA/company-logo_100_100/B4EZsp2qeVIoAU-/0/1765933754773/infomach_logo?e=1788393600&v=beta&t=YhiqoZYTKYUa8qZzYSQV45DY3iCnBovkjYI3hJMfq1Y;Specific > Cloud;https://www.linkedin.com/company/infomach/about/;Transporte e Mobilidade;devops OR devsecops OR infrastructure operations leader OR docker OR kubernetes OR terraform OR linux OR shell OR bash;infomach;1;;https://www.linkedin.com/jobs/view/4450812710/;https://www.linkedin.com/jobs/view/4450812710/;Remote;Cloud (AWS/GCP/Azure);13/08/2026;;;;;Brasil;América do Sul
82;Instituto de Pesquisas ELDORADO;Pessoa Arquiteta de Software com foco em Inteligência Artificial (IA) - Sênior;Brasília, DF;12/08 20:00;https://www.linkedin.com/jobs/view/4450178915/;https://media.licdn.com/dms/image/v2/D4D0BAQF63LzFLHiMCw/company-logo_100_100/company-logo_100_100/0/1730468966843/instituto_de_pesquisas_eldorado_logo?e=1788393600&v=beta&t=kYJHRr2vGeTv5qyPl4ZndooTfu0oIcex8w2p5CVClbg;-;https://www.linkedin.com/company/instituto-de-pesquisas-eldorado/about/;Hardware e Eletrônicos;devops OR devsecops OR infrastructure operations leader OR docker OR kubernetes OR terraform OR linux OR shell OR bash;instituto de pesquisas eldorado;1;;https://www.linkedin.com/jobs/view/4450178915/;https://www.linkedin.com/jobs/view/4450178915/;Hybrid;Inteligência Artificial, PCD / Afirmativa, Senior, TI/Tech;13/08/2026;;Distrito Federal;DF;Região Centro-Oeste;Brasil;América do Sul
83;Inter;TECH OPS SPECIALIST II;Belo Horizonte, MG;13/08 13:00;https://www.linkedin.com/jobs/view/4454052631/;https://media.licdn.com/dms/image/v2/D4D0BAQFTJpEKJy3XsA/company-logo_100_100/B4DZip9S2KHwAQ-/0/1755198075652/inter_logo?e=1788393600&v=beta&t=tlS2c2xU97GqtlPXjF_3l8EQGxozOFGzsPZZNS6VvMY;Advanced > Information Technology;https://www.linkedin.com/company/inter/about/;Software e Serviços de TI;devops OR devsecops OR infrastructure operations leader OR docker OR kubernetes OR terraform OR linux OR shell OR bash;inter;1;;https://www.linkedin.com/jobs/view/4454052631/;https://www.linkedin.com/jobs/view/4454052631/;On-site;Specialist, TI/Tech;13/08/2026;;Minas Gerais;MG;Região Sudeste;Brasil;América do Sul
84;Itaú Unibanco;Especialista em Arquitetura de Soluções - Cyber Security;São Paulo, SP;12/08 22:00;https://www.linkedin.com/jobs/view/4450413053/;https://media.licdn.com/dms/image/v2/D4D0BAQGmyPiGIU-69w/company-logo_100_100/B4DZZFc2k4GgAQ-/0/1744921914031/itau_logo?e=1788393600&v=beta&t=PH6B7v-rOpHhfcHdx_T-N_Pq_qHcC4ACI7ZSPFRImSQ;Cybersecurity;https://www.linkedin.com/company/ita-unibanco/about/;Cibersegurança;devops OR devsecops OR infrastructure operations leader OR docker OR kubernetes OR terraform OR linux OR shell OR bash;itaú unibanco;1;;https://www.linkedin.com/jobs/view/4450413053/;https://www.linkedin.com/jobs/view/4450413053/;Not informed;Specialist, Cybersecurity;13/08/2026;São Paulo;São Paulo;SP;Região Sudeste;Brasil;América do Sul
85;Itaú Unibanco;Especialista em SRE - Comunidade Agro Varejo;São Paulo, SP;12/08 22:00;https://www.linkedin.com/jobs/view/4450400429/;https://media.licdn.com/dms/image/v2/D4D0BAQGmyPiGIU-69w/company-logo_100_100/B4DZZFc2k4GgAQ-/0/1744921914031/itau_logo?e=1788393600&v=beta&t=PH6B7v-rOpHhfcHdx_T-N_Pq_qHcC4ACI7ZSPFRImSQ;Advanced > Specialist;https://www.linkedin.com/company/ita-unibanco/about/;Agro;devops OR devsecops OR infrastructure operations leader OR docker OR kubernetes OR terraform OR linux OR shell OR bash;itaú unibanco;1;;https://www.linkedin.com/jobs/view/4450400429/;https://www.linkedin.com/jobs/view/4450400429/;Not informed;Specialist, Varejo;13/08/2026;São Paulo;São Paulo;SP;Região Sudeste;Brasil;América do Sul
86;Jobbol;Líder de Tecnologia da Informação;São Paulo, SP;12/08 23:00;https://www.linkedin.com/jobs/view/4453638036/;https://media.licdn.com/dms/image/v2/D4D0BAQEUwreILeGS7Q/company-logo_100_100/B4DZ5wJQzAG4AM-/0/1779997937122/jobbol_empregos_logo?e=1788393600&v=beta&t=kSwFpzpZbuLCbui5TOqEhTRhFC_E4zJYw11S-JBA-DM;-;https://www.linkedin.com/company/jobbol/about/;Software e Serviços de TI;devops OR devsecops OR infrastructure operations leader OR docker OR kubernetes OR terraform OR linux OR shell OR bash;jobbol;1;;https://www.linkedin.com/jobs/view/4453638036/;https://www.linkedin.com/jobs/view/4453638036/;On-site;Mid, Liderança/Gerência, Coach, TI/Tech;13/08/2026;São Paulo;São Paulo;SP;Região Sudeste;Brasil;América do Sul
87;Jobgether;ARQUITETO DE SOLUÇÕES .NET & CLOUD;Brasil;13/08 06:00;https://www.linkedin.com/jobs/view/4452916451/;https://media.licdn.com/dms/image/v2/D4E0BAQHdx4NngvFyPA/company-logo_100_100/B4EZ5GHh6CHEAU-/0/1779292839822/jobgether_logo?e=1788393600&v=beta&t=tUDyJAbKs43kbeMZyrkehcRxuZUUBKahx0CFI8E-UC0;Architecture;https://www.linkedin.com/company/jobgether/about/;Software e Serviços de TI;devops OR devsecops OR infrastructure operations leader OR docker OR kubernetes OR terraform OR linux OR shell OR bash;jobgether;1;;https://www.linkedin.com/jobs/view/4452916451/;https://www.linkedin.com/jobs/view/4452916451/;Remote;-;13/08/2026;;;;;Brasil;América do Sul
88;Jobgether;Analista de Arquitetura Cloud;Brasil;13/08 00:00;https://www.linkedin.com/jobs/view/4452783097/;https://media.licdn.com/dms/image/v2/D4E0BAQHdx4NngvFyPA/company-logo_100_100/B4EZ5GHh6CHEAU-/0/1779292839822/jobgether_logo?e=1788393600&v=beta&t=tUDyJAbKs43kbeMZyrkehcRxuZUUBKahx0CFI8E-UC0;Specific > Cloud;https://www.linkedin.com/company/jobgether/about/;Software e Serviços de TI;devops OR devsecops OR infrastructure operations leader OR docker OR kubernetes OR terraform OR linux OR shell OR bash;jobgether;1;;https://www.linkedin.com/jobs/view/4452783097/;https://www.linkedin.com/jobs/view/4452783097/;Remote;Associate;13/08/2026;;;;;Brasil;América do Sul
89;Knightec Group;Engenheiro(a) de DevOps / CI/CD Automotivo (DevOps & Build Engineer - AAOS);São Bernardo do Campo, SP;13/08 07:00;https://www.linkedin.com/jobs/view/4453687952/;https://media.licdn.com/dms/image/v2/D4D0BAQGHRaRzqf-kRg/company-logo_100_100/B4DZ206dgfGQAQ-/0/1776856717910/knightecgroup_logo?e=1788393600&v=beta&t=gokgKQ3CFc0IDAwgb--raZXc6N7gHmltYXfZKMZXdmA;Advanced > Information Technology;https://www.linkedin.com/company/knightec-group/about/;Software e Serviços de TI;devops OR devsecops OR infrastructure operations leader OR docker OR kubernetes OR terraform OR linux OR shell OR bash;knightec group;1;;https://www.linkedin.com/jobs/view/4453687952/;https://www.linkedin.com/jobs/view/4453687952/;On-site;DevOps, Engenharia Geral;13/08/2026;São Bernardo do Campo;São Paulo;SP;Região Sudeste;Brasil;América do Sul
90;Lojas REDE;Tech Lead - MG;Grande Belo Horizonte (MG);13/08 00:00;https://www.linkedin.com/jobs/view/4450435431/;https://media.licdn.com/dms/image/v2/D4E0BAQHKsYKpKikQDw/company-logo_100_100/B4EZ6N9S_6JgAU-/0/1780498116945/lojas_rede_logo?e=1788393600&v=beta&t=0_vLy3RWs52WM1_uZRWDHIAQSTaFJGh2KMcZYOS5FUo;Middle > Manager;https://www.linkedin.com/company/lojas-rede/about/;Software e Serviços de TI;devops OR devsecops OR infrastructure operations leader OR docker OR kubernetes OR terraform OR linux OR shell OR bash;lojas rede;1;;https://www.linkedin.com/jobs/view/4450435431/;https://www.linkedin.com/jobs/view/4450435431/;On-site;Mid, Liderança/Gerência, TI/Tech;13/08/2026;;Minas Gerais;MG;Região Sudeste;Brasil;América do Sul
91;M-Tech;Gerente de Sistemas;São Paulo, SP;13/08 14:00;https://www.linkedin.com/jobs/view/4454064026/;https://media.licdn.com/dms/image/v2/D4D0BAQF99Ijb_CUslA/company-logo_100_100/B4DZwAWgqRIgAQ-/0/1769532427255/m_technologia_logo?e=1788393600&v=beta&t=DsdBoC6380t6Hb_Ak86s1XWeC0mq3DgdtjAZN-swPf4;Middle > Manager;https://www.linkedin.com/company/m-tech/about/;Software e Serviços de TI;devops OR devsecops OR infrastructure operations leader OR docker OR kubernetes OR terraform OR linux OR shell OR bash;m-tech;1;;https://www.linkedin.com/jobs/view/4454064026/;https://www.linkedin.com/jobs/view/4454064026/;Remote;Mid, Liderança/Gerência, TI/Tech;13/08/2026;São Paulo;São Paulo;SP;Região Sudeste;Brasil;América do Sul
92;MYTH Selection;Site Reliability Engineer;SP;13/08 17:00;https://www.linkedin.com/jobs/view/4450823438/;https://media.licdn.com/dms/image/v2/D4D0BAQGzwqfRaK1x7Q/company-logo_100_100/B4DZZdaRi1GwAQ-/0/1745323892127?e=1788393600&v=beta&t=7do6e8RtEXVMcG6bDdndkCHsNOU7IH4oFDmR6XYfozw;Advanced > Information Technology;https://www.linkedin.com/company/myth-selection/about/;Software e Serviços de TI;devops OR devsecops OR infrastructure operations leader OR docker OR kubernetes OR terraform OR linux OR shell OR bash;myth selection;1;;https://www.linkedin.com/jobs/view/4450823438/;https://www.linkedin.com/jobs/view/4450823438/;Hybrid;DevOps, Engenharia Geral;13/08/2026;;São Paulo;SP;Região Sudeste;Brasil;América do Sul
93;MYTH Selection;Site Reliability Engineer;São Paulo, SP;13/08 16:00;https://www.linkedin.com/jobs/view/4450811889/;https://media.licdn.com/dms/image/v2/D4D0BAQGzwqfRaK1x7Q/company-logo_100_100/B4DZZdaRi1GwAQ-/0/1745323892127?e=1788393600&v=beta&t=7do6e8RtEXVMcG6bDdndkCHsNOU7IH4oFDmR6XYfozw;Advanced > Information Technology;https://www.linkedin.com/company/myth-selection/about/;Software e Serviços de TI;devops OR devsecops OR infrastructure operations leader OR docker OR kubernetes OR terraform OR linux OR shell OR bash;myth selection;1;;https://www.linkedin.com/jobs/view/4450811889/;https://www.linkedin.com/jobs/view/4450811889/;Hybrid;DevOps, Engenharia Geral;13/08/2026;São Paulo;São Paulo;SP;Região Sudeste;Brasil;América do Sul
94;Mea IT;Analista de Infraestrutura de Redes e Cloud;Belo Horizonte, MG;13/08 14:00;https://www.linkedin.com/jobs/view/4450806504/;https://media.licdn.com/dms/image/v2/D4D0BAQHFTK9v0eS6Jw/company-logo_100_100/B4DZiuAQRQGsAU-/0/1755265959395/tocodetecnologia_logo?e=1788393600&v=beta&t=ZzK_0_IK033ohuqQxe1DFklvCYuJv_FKtr3aHH7djso;Specific > Cloud;https://www.linkedin.com/company/mea-it/about/;Infraestrutura;devops OR devsecops OR infrastructure operations leader OR docker OR kubernetes OR terraform OR linux OR shell OR bash;mea it;1;;https://www.linkedin.com/jobs/view/4450806504/;https://www.linkedin.com/jobs/view/4450806504/;Hybrid;Associate, Infraestrutura/Redes;13/08/2026;;Minas Gerais;MG;Região Sudeste;Brasil;América do Sul
95;Metal Toad;System Administrator [Talents Bench];São Paulo, SP;13/08 17:00;https://www.linkedin.com/jobs/view/4450826290/;https://media.licdn.com/dms/image/v2/C560BAQHPZVLpavjohw/company-logo_100_100/company-logo_100_100/0/1631305111942?e=1788393600&v=beta&t=ES7Nqoq8czb9gUd32AR9n1pSGnE3cNW5Wo6oE3Gbd1E;-;https://www.linkedin.com/company/metal-toad/about/;-;devops OR devsecops OR infrastructure operations leader OR docker OR kubernetes OR terraform OR linux OR shell OR bash;metal toad;1;;https://www.linkedin.com/jobs/view/4450826290/;https://www.linkedin.com/jobs/view/4450826290/;Not informed;-;13/08/2026;São Paulo;São Paulo;SP;Região Sudeste;Brasil;América do Sul
96;Mindbody;Senior Platform Engineer;Brasil;13/08 08:00;https://www.linkedin.com/jobs/view/4441062222/;https://media.licdn.com/dms/image/v2/D4E0BAQFH1JcVlFk-fA/company-logo_100_100/B4EZXSeaMXGwAQ-/0/1742992942213/mindbody_logo?e=1788393600&v=beta&t=uSVLZwis49O7PAZjGO6Tomw254r5gGvGuvMweouel9o;Advanced > Information Technology;https://www.linkedin.com/company/mindbody/about/;-;devops OR devsecops OR infrastructure operations leader OR docker OR kubernetes OR terraform OR linux OR shell OR bash;mindbody;1;;https://www.linkedin.com/jobs/view/4441062222/;https://www.linkedin.com/jobs/view/4441062222/;Remote;Senior, Engenharia Geral;13/08/2026;;;;;Brasil;América do Sul
97;Niky Benefícios;DevOps Engineer;Brasil;13/08 17:00;https://www.linkedin.com/jobs/view/4401650922/;https://media.licdn.com/dms/image/v2/D4D0BAQEvH7IIFIixTw/company-logo_100_100/company-logo_100_100/0/1715802213534/nikybeneficios_logo?e=1788393600&v=beta&t=zz6cQ95oy-6A1kzy2vJ8YsyI0xslMEkkgkPLoBDStnA;Advanced > Information Technology;https://www.linkedin.com/company/niky-benef-cios/about/;-;devops OR devsecops OR infrastructure operations leader OR docker OR kubernetes OR terraform OR linux OR shell OR bash;niky benefícios;1;;https://www.linkedin.com/jobs/view/4401650922/;https://www.linkedin.com/jobs/view/4401650922/;Remote;DevOps, Engenharia Geral;13/08/2026;;;;;Brasil;América do Sul
98;Nortal;DevOps Engineer - Work from home;Grande Brasilia;12/08 20:00;https://www.linkedin.com/jobs/view/4452759210/;https://media.licdn.com/dms/image/v2/D4D0BAQHyq-uNAAkbDw/company-logo_100_100/company-logo_100_100/0/1719836810206/nortal_logo?e=1788393600&v=beta&t=-qjiXHOqgyjAByK39zwHWK1zTel78Cz81kV8hJ6cGto;Advanced > Information Technology;https://www.linkedin.com/company/nortal/about/;-;devops OR devsecops OR infrastructure operations leader OR docker OR kubernetes OR terraform OR linux OR shell OR bash;nortal;1;;https://www.linkedin.com/jobs/view/4452759210/;https://www.linkedin.com/jobs/view/4452759210/;Remote;DevOps, Engenharia Geral;13/08/2026;;Paraná;PR;Região Sul;Brasil;América do Sul
99;Nortal;DevOps Engineer - Work from home;Grande Rio de Janeiro (RJ);12/08 20:00;https://www.linkedin.com/jobs/view/4452762175/;https://media.licdn.com/dms/image/v2/D4D0BAQHyq-uNAAkbDw/company-logo_100_100/company-logo_100_100/0/1719836810206/nortal_logo?e=1788393600&v=beta&t=-qjiXHOqgyjAByK39zwHWK1zTel78Cz81kV8hJ6cGto;Advanced > Information Technology;https://www.linkedin.com/company/nortal/about/;-;devops OR devsecops OR infrastructure operations leader OR docker OR kubernetes OR terraform OR linux OR shell OR bash;nortal;1;;https://www.linkedin.com/jobs/view/4452762175/;https://www.linkedin.com/jobs/view/4452762175/;Remote;DevOps, Engenharia Geral;13/08/2026;;Rio de Janeiro;RJ;Região Sudeste;Brasil;América do Sul
100;Nubank;Senior Security Engineer - Application Security- BR - 2026;Belo Horizonte, MG;13/08 00:00;https://www.linkedin.com/jobs/view/4453623580/;https://media.licdn.com/dms/image/v2/C4D0BAQE2EnQJeawjAA/company-logo_100_100/company-logo_100_100/0/1657129831483/nubank_logo?e=1788393600&v=beta&t=fvU1oqqyJIHc8Ej6EoepmpntLznirGnId-JrHz5pG_E;Cybersecurity;https://www.linkedin.com/company/nubank/about/;Cibersegurança;devops OR devsecops OR infrastructure operations leader OR docker OR kubernetes OR terraform OR linux OR shell OR bash;nubank;1;;https://www.linkedin.com/jobs/view/4453623580/;https://www.linkedin.com/jobs/view/4453623580/;Hybrid;Senior, Cybersecurity, Engenharia Geral;13/08/2026;;Minas Gerais;MG;Região Sudeste;Brasil;América do Sul
101;Nubank;Senior Systems Engineer - Cloud Network - BR - 2026;Belo Horizonte, MG;12/08 21:00;https://www.linkedin.com/jobs/view/4453386026/;https://media.licdn.com/dms/image/v2/C4D0BAQE2EnQJeawjAA/company-logo_100_100/company-logo_100_100/0/1657129831483/nubank_logo?e=1788393600&v=beta&t=fvU1oqqyJIHc8Ej6EoepmpntLznirGnId-JrHz5pG_E;Specific > Cloud;https://www.linkedin.com/company/nubank/about/;Serviços Financeiros;devops OR devsecops OR infrastructure operations leader OR docker OR kubernetes OR terraform OR linux OR shell OR bash;nubank;1;;https://www.linkedin.com/jobs/view/4453386026/;https://www.linkedin.com/jobs/view/4453386026/;Hybrid;Senior, Engenharia Geral, Infraestrutura/Redes;13/08/2026;;Minas Gerais;MG;Região Sudeste;Brasil;América do Sul
102;Nubank;Senior Security Engineer - Application Security- BR - 2026;Campinas, SP;13/08 00:00;https://www.linkedin.com/jobs/view/4453626557/;https://media.licdn.com/dms/image/v2/C4D0BAQE2EnQJeawjAA/company-logo_100_100/company-logo_100_100/0/1657129831483/nubank_logo?e=1788393600&v=beta&t=fvU1oqqyJIHc8Ej6EoepmpntLznirGnId-JrHz5pG_E;Cybersecurity;https://www.linkedin.com/company/nubank/about/;Cibersegurança;devops OR devsecops OR infrastructure operations leader OR docker OR kubernetes OR terraform OR linux OR shell OR bash;nubank;1;;https://www.linkedin.com/jobs/view/4453626557/;https://www.linkedin.com/jobs/view/4453626557/;On-site;Senior, Cybersecurity, Engenharia Geral;13/08/2026;;São Paulo;SP;Região Sudeste;Brasil;América do Sul
103;Nubank;Senior Software Engineer;Campinas, SP;12/08 21:00;https://www.linkedin.com/jobs/view/4453376297/;https://media.licdn.com/dms/image/v2/C4D0BAQE2EnQJeawjAA/company-logo_100_100/company-logo_100_100/0/1657129831483/nubank_logo?e=1788393600&v=beta&t=fvU1oqqyJIHc8Ej6EoepmpntLznirGnId-JrHz5pG_E;Advanced > Information Technology;https://www.linkedin.com/company/nubank/about/;Serviços Financeiros;devops OR devsecops OR infrastructure operations leader OR docker OR kubernetes OR terraform OR linux OR shell OR bash;nubank;1;;https://www.linkedin.com/jobs/view/4453376297/;https://www.linkedin.com/jobs/view/4453376297/;Hybrid;Senior, TI/Tech, Engenharia Geral;13/08/2026;;São Paulo;SP;Região Sudeste;Brasil;América do Sul
104;Nubank;Staff Software Engineer;Campinas, SP;12/08 21:00;https://www.linkedin.com/jobs/view/4453375223/;https://media.licdn.com/dms/image/v2/C4D0BAQE2EnQJeawjAA/company-logo_100_100/company-logo_100_100/0/1657129831483/nubank_logo?e=1788393600&v=beta&t=fvU1oqqyJIHc8Ej6EoepmpntLznirGnId-JrHz5pG_E;Advanced > Information Technology;https://www.linkedin.com/company/nubank/about/;Serviços Financeiros;devops OR devsecops OR infrastructure operations leader OR docker OR kubernetes OR terraform OR linux OR shell OR bash;nubank;1;;https://www.linkedin.com/jobs/view/4453375223/;https://www.linkedin.com/jobs/view/4453375223/;Hybrid;TI/Tech, Engenharia Geral;13/08/2026;;São Paulo;SP;Região Sudeste;Brasil;América do Sul
105;Nubank;Senior Security Engineer - Application Security- BR - 2026;Rio de Janeiro, RJ;13/08 00:00;https://www.linkedin.com/jobs/view/4453621584/;https://media.licdn.com/dms/image/v2/C4D0BAQE2EnQJeawjAA/company-logo_100_100/company-logo_100_100/0/1657129831483/nubank_logo?e=1788393600&v=beta&t=fvU1oqqyJIHc8Ej6EoepmpntLznirGnId-JrHz5pG_E;Cybersecurity;https://www.linkedin.com/company/nubank/about/;Cibersegurança;devops OR devsecops OR infrastructure operations leader OR docker OR kubernetes OR terraform OR linux OR shell OR bash;nubank;1;;https://www.linkedin.com/jobs/view/4453621584/;https://www.linkedin.com/jobs/view/4453621584/;On-site;Senior, Cybersecurity, Engenharia Geral;13/08/2026;Rio de Janeiro;Rio de Janeiro;RJ;Região Sudeste;Brasil;América do Sul
106;Nubank;Staff Software Engineer | NuPay;Rio de Janeiro, RJ;12/08 21:00;https://www.linkedin.com/jobs/view/4453376300/;https://media.licdn.com/dms/image/v2/C4D0BAQE2EnQJeawjAA/company-logo_100_100/company-logo_100_100/0/1657129831483/nubank_logo?e=1788393600&v=beta&t=fvU1oqqyJIHc8Ej6EoepmpntLznirGnId-JrHz5pG_E;Advanced > Information Technology;https://www.linkedin.com/company/nubank/about/;Serviços Financeiros;devops OR devsecops OR infrastructure operations leader OR docker OR kubernetes OR terraform OR linux OR shell OR bash;nubank;1;;https://www.linkedin.com/jobs/view/4453376300/;https://www.linkedin.com/jobs/view/4453376300/;Hybrid;TI/Tech, Engenharia Geral;13/08/2026;Rio de Janeiro;Rio de Janeiro;RJ;Região Sudeste;Brasil;América do Sul
107;Nubank;Senior Security Engineer - Application Security- BR - 2026;São Paulo, SP;13/08 00:00;https://www.linkedin.com/jobs/view/4453630542/;https://media.licdn.com/dms/image/v2/C4D0BAQE2EnQJeawjAA/company-logo_100_100/company-logo_100_100/0/1657129831483/nubank_logo?e=1788393600&v=beta&t=fvU1oqqyJIHc8Ej6EoepmpntLznirGnId-JrHz5pG_E;Cybersecurity;https://www.linkedin.com/company/nubank/about/;Cibersegurança;devops OR devsecops OR infrastructure operations leader OR docker OR kubernetes OR terraform OR linux OR shell OR bash;nubank;1;;https://www.linkedin.com/jobs/view/4453630542/;https://www.linkedin.com/jobs/view/4453630542/;Hybrid;Senior, Cybersecurity, Engenharia Geral;13/08/2026;São Paulo;São Paulo;SP;Região Sudeste;Brasil;América do Sul
108;Onzze;Coordenador de tecnologia;Belo Horizonte, MG;13/08 12:00;https://www.linkedin.com/jobs/view/4453208306/;https://media.licdn.com/dms/image/v2/C4D0BAQGHBWzZPQ5KdA/company-logo_100_100/company-logo_100_100/0/1636417779827/onzze_rh_logo?e=1788393600&v=beta&t=5g8zYDc_gVWBEpqxY6fJ9LgRNoMyxp9cyfSNaqW4etg;Middle > Manager;https://www.linkedin.com/company/onzze/about/;-;devops OR devsecops OR infrastructure operations leader OR docker OR kubernetes OR terraform OR linux OR shell OR bash;onzze;1;;https://www.linkedin.com/jobs/view/4453208306/;https://www.linkedin.com/jobs/view/4453208306/;On-site;Mid, Liderança/Gerência, TI/Tech;13/08/2026;;Minas Gerais;MG;Região Sudeste;Brasil;América do Sul
109;Orbital;Tech Lead - International Squad;São Paulo, SP;13/08 10:00;https://www.linkedin.com/jobs/view/4449874309/;https://media.licdn.com/dms/image/v2/C4D0BAQGl9qjG_ZEnwQ/company-logo_100_100/company-logo_100_100/0/1662146250418/orbital_company_logo?e=1788393600&v=beta&t=iYMxh_CBHfQKhzxlTvEpPUl6vnx3ZD_GTfSjlJgemwo;Middle > Manager;https://www.linkedin.com/company/orbital/about/;Software e Serviços de TI;devops OR devsecops OR infrastructure operations leader OR docker OR kubernetes OR terraform OR linux OR shell OR bash;orbital;1;;https://www.linkedin.com/jobs/view/4449874309/;https://www.linkedin.com/jobs/view/4449874309/;Hybrid;Mid, Intern, Liderança/Gerência, TI/Tech, Squad Leader;13/08/2026;São Paulo;São Paulo;SP;Região Sudeste;Brasil;América do Sul
110;Pantheon Inc;Engenheiro de Plataforma ETRM;Brasil;12/08 21:00;https://www.linkedin.com/jobs/view/4453226349/;https://media.licdn.com/dms/image/v2/C4D0BAQGFGlQAcxh8Ww/company-logo_100_100/company-logo_100_100/0/1630550451266/pantheoninc_logo?e=1788393600&v=beta&t=Sm6n3b5oxcogav666atW7vjmOyQ5xY_wt_vyNiucFS8;-;https://www.linkedin.com/company/pantheon-inc/about/;-;devops OR devsecops OR infrastructure operations leader OR docker OR kubernetes OR terraform OR linux OR shell OR bash;pantheon inc;1;;https://www.linkedin.com/jobs/view/4453226349/;https://www.linkedin.com/jobs/view/4453226349/;Remote;-;13/08/2026;;;;;Brasil;América do Sul
111;Paschoalotto;LIDER TÉCNICO DE DATA CENTER - BAURU;Bauru, SP;12/08 20:00;https://www.linkedin.com/jobs/view/4450195581/;https://media.licdn.com/dms/image/v2/D4D0BAQHwhGW5lLnpIA/company-logo_100_100/B4DZ0_ddJaHMAQ-/0/1774886180674?e=1788393600&v=beta&t=DJoTQe5OvT0rI2fXlrfa726kZs0UWfjhTGuL28Z0KVs;Data & Ai > Data Engineering;https://www.linkedin.com/company/paschoalotto/about/;Dados e Analytics;devops OR devsecops OR infrastructure operations leader OR docker OR kubernetes OR terraform OR linux OR shell OR bash;paschoalotto;1;;https://www.linkedin.com/jobs/view/4450195581/;https://www.linkedin.com/jobs/view/4450195581/;On-site;Liderança/Gerência, Dados/Analytics;13/08/2026;Bauru;São Paulo;SP;Região Sudeste;Brasil;América do Sul
112;Pipevoz;CTO — Voice AI / Enterprise Infrastructure;SP;13/08 17:00;https://www.linkedin.com/jobs/view/4450834135/;https://media.licdn.com/dms/image/v2/D4D0BAQFv_0PiagZy2g/company-logo_100_100/B4DZ8qruoXGkAI-/0/1783127534363/pipevoz_logo?e=1788393600&v=beta&t=zWPQDCuHeRtumymWWM8RQbJsphqbrGCU06lZuCr0gmA;-;https://www.linkedin.com/company/pipevoz/about/;Infraestrutura;devops OR devsecops OR infrastructure operations leader OR docker OR kubernetes OR terraform OR linux OR shell OR bash;pipevoz;1;;https://www.linkedin.com/jobs/view/4450834135/;https://www.linkedin.com/jobs/view/4450834135/;Remote;Inteligência Artificial;13/08/2026;;São Paulo;SP;Região Sudeste;Brasil;América do Sul
113;Porto;Especialista DevOps;SP;13/08 11:00;https://www.linkedin.com/jobs/view/4454028713/;https://media.licdn.com/dms/image/v2/C4D0BAQHdvjiq_3u9SQ/company-logo_100_100/company-logo_100_100/0/1651181402504?e=1788393600&v=beta&t=YxLSWGYChc9SI17R6EWhIZdSNAMxzW6jh247Iik35WA;Advanced > Specialist;https://www.linkedin.com/company/porto/about/;-;devops OR devsecops OR infrastructure operations leader OR docker OR kubernetes OR terraform OR linux OR shell OR bash;porto;1;;https://www.linkedin.com/jobs/view/4454028713/;https://www.linkedin.com/jobs/view/4454028713/;On-site;Specialist, DevOps;13/08/2026;;São Paulo;SP;Região Sudeste;Brasil;América do Sul
114;Porto;Especialista de Engenharia de Software (Conta Digital);SP;13/08 11:00;https://www.linkedin.com/jobs/view/4454038045/;https://media.licdn.com/dms/image/v2/C4D0BAQHdvjiq_3u9SQ/company-logo_100_100/company-logo_100_100/0/1651181402504?e=1788393600&v=beta&t=YxLSWGYChc9SI17R6EWhIZdSNAMxzW6jh247Iik35WA;Advanced > Specialist;https://www.linkedin.com/company/porto/about/;Software e Serviços de TI;devops OR devsecops OR infrastructure operations leader OR docker OR kubernetes OR terraform OR linux OR shell OR bash;porto;1;;https://www.linkedin.com/jobs/view/4454038045/;https://www.linkedin.com/jobs/view/4454038045/;Hybrid;Specialist, TI/Tech, Engenharia Geral;13/08/2026;;São Paulo;SP;Região Sudeste;Brasil;América do Sul
115;Porto;Arquiteto(a) de TI Sênior – DevSecOps (Sustentação / Ongoing);São Paulo, SP;13/08 15:00;https://www.linkedin.com/jobs/view/4454069234/;https://media.licdn.com/dms/image/v2/C4D0BAQHdvjiq_3u9SQ/company-logo_100_100/company-logo_100_100/0/1651181402504?e=1788393600&v=beta&t=YxLSWGYChc9SI17R6EWhIZdSNAMxzW6jh247Iik35WA;Architecture;https://www.linkedin.com/company/porto/about/;Governo e Social;devops OR devsecops OR infrastructure operations leader OR docker OR kubernetes OR terraform OR linux OR shell OR bash;porto;1;;https://www.linkedin.com/jobs/view/4454069234/;https://www.linkedin.com/jobs/view/4454069234/;Not informed;Senior, TI/Tech, Sustentação/O&M;13/08/2026;São Paulo;São Paulo;SP;Região Sudeste;Brasil;América do Sul
116;Porto;Tech Lead - Java (Conta Digital);São Paulo, SP;13/08 11:00;https://www.linkedin.com/jobs/view/4454019892/;https://media.licdn.com/dms/image/v2/C4D0BAQHdvjiq_3u9SQ/company-logo_100_100/company-logo_100_100/0/1651181402504?e=1788393600&v=beta&t=YxLSWGYChc9SI17R6EWhIZdSNAMxzW6jh247Iik35WA;Middle > Manager;https://www.linkedin.com/company/porto/about/;Software e Serviços de TI;devops OR devsecops OR infrastructure operations leader OR docker OR kubernetes OR terraform OR linux OR shell OR bash;porto;1;;https://www.linkedin.com/jobs/view/4454019892/;https://www.linkedin.com/jobs/view/4454019892/;Hybrid;Mid, Liderança/Gerência, TI/Tech;13/08/2026;São Paulo;São Paulo;SP;Região Sudeste;Brasil;América do Sul
117;Porto;Tech Lead - Java (Conta Digital);São Paulo, SP;13/08 15:00;https://www.linkedin.com/jobs/view/4454070243/;https://media.licdn.com/dms/image/v2/C4D0BAQHdvjiq_3u9SQ/company-logo_100_100/company-logo_100_100/0/1651181402504?e=1788393600&v=beta&t=YxLSWGYChc9SI17R6EWhIZdSNAMxzW6jh247Iik35WA;Middle > Manager;https://www.linkedin.com/company/porto/about/;Software e Serviços de TI;devops OR devsecops OR infrastructure operations leader OR docker OR kubernetes OR terraform OR linux OR shell OR bash;porto;1;;https://www.linkedin.com/jobs/view/4454070243/;https://www.linkedin.com/jobs/view/4454070243/;Not informed;Mid, Liderança/Gerência, TI/Tech;13/08/2026;São Paulo;São Paulo;SP;Região Sudeste;Brasil;América do Sul
118;Porto;Tech Lead - Java (Conta Digital);São Paulo, SP;13/08 15:00;https://www.linkedin.com/jobs/view/4454064316/;https://media.licdn.com/dms/image/v2/C4D0BAQHdvjiq_3u9SQ/company-logo_100_100/company-logo_100_100/0/1651181402504?e=1788393600&v=beta&t=YxLSWGYChc9SI17R6EWhIZdSNAMxzW6jh247Iik35WA;Middle > Manager;https://www.linkedin.com/company/porto/about/;Software e Serviços de TI;devops OR devsecops OR infrastructure operations leader OR docker OR kubernetes OR terraform OR linux OR shell OR bash;porto;1;;https://www.linkedin.com/jobs/view/4454064316/;https://www.linkedin.com/jobs/view/4454064316/;Not informed;Mid, Liderança/Gerência, TI/Tech;13/08/2026;São Paulo;São Paulo;SP;Região Sudeste;Brasil;América do Sul
119;Proative Technology;ANALISTA CLOUD OPS SÊNIOR;Brasil;12/08 22:00;https://www.linkedin.com/jobs/view/4453396976/;https://media.licdn.com/dms/image/v2/D4D0BAQEOnhphPp0wTg/company-logo_100_100/company-logo_100_100/0/1700573265585/proativetechnology_logo?e=1788393600&v=beta&t=Z49IDJczBW9vEVtOzCWpiY-EVAGx5KVXkCOtYV6-hBU;Specific > Cloud;https://www.linkedin.com/company/proative-technology/about/;Software e Serviços de TI;devops OR devsecops OR infrastructure operations leader OR docker OR kubernetes OR terraform OR linux OR shell OR bash;proative technology;1;;https://www.linkedin.com/jobs/view/4453396976/;https://www.linkedin.com/jobs/view/4453396976/;Hybrid;Senior, Associate;13/08/2026;;;;;Brasil;América do Sul
120;Quik Hire Staffing;Forward Deployed Engineer (Remote);Brasil;13/08 14:00;https://www.linkedin.com/jobs/view/4454059627/;https://media.licdn.com/dms/image/v2/D560BAQFYxxMZnepyAw/company-logo_100_100/B56ZsDhgBgI0AQ-/0/1765290672906/quik_hire_staffing_logo?e=1788393600&v=beta&t=grLzIO4kxE_Ofr0A-A4z1O3z8mYVwg6v3AXp2GdUbe4;Advanced > Information Technology;https://www.linkedin.com/company/quik-hire-staffing/about/;-;devops OR devsecops OR infrastructure operations leader OR docker OR kubernetes OR terraform OR linux OR shell OR bash;quik hire staffing;1;;https://www.linkedin.com/jobs/view/4454059627/;https://www.linkedin.com/jobs/view/4454059627/;Remote;Engenharia Geral;13/08/2026;;;;;Brasil;América do Sul
121;Red Hat;Systems Administrator;Brasil;13/08 06:00;https://www.linkedin.com/jobs/view/4452930472/;https://media.licdn.com/dms/image/v2/C4E0BAQEto-TydTTIfQ/company-logo_100_100/company-logo_100_100/0/1630583759577/red_hat_logo?e=1788393600&v=beta&t=HHIOStkeE-Txj4VfTkp3LSmFkRjOSZaLjnYjhDxzgfg;-;https://www.linkedin.com/company/red-hat/about/;-;devops OR devsecops OR infrastructure operations leader OR docker OR kubernetes OR terraform OR linux OR shell OR bash;red hat;1;;https://www.linkedin.com/jobs/view/4452930472/;https://www.linkedin.com/jobs/view/4452930472/;Remote;-;13/08/2026;;;;;Brasil;América do Sul
122;SAP;Expert Software Architect - SAP Concur Travel;São Leopoldo, RS;13/08 16:00;https://www.linkedin.com/jobs/view/4434688282/;https://media.licdn.com/dms/image/v2/D560BAQGmwwo0aq4jVA/company-logo_100_100/company-logo_100_100/0/1723034255614/sap_logo?e=1788393600&v=beta&t=LOJC6y_NNzAnYa0QnMKwvsk_Jl35P74wE6StdZK_5Ho;Architecture;https://www.linkedin.com/company/sap/about/;Software e Serviços de TI;devops OR devsecops OR infrastructure operations leader OR docker OR kubernetes OR terraform OR linux OR shell OR bash;sap;1;;https://www.linkedin.com/jobs/view/4434688282/;https://www.linkedin.com/jobs/view/4434688282/;Hybrid;Specialist, SAP, TI/Tech;13/08/2026;;Rio Grande do Sul;RS;Região Sul;Brasil;América do Sul
123;SAP;Platform Engineering Expert - SAP's Big Data Fabric Services (BDFS);São Leopoldo, RS;13/08 14:00;https://www.linkedin.com/jobs/view/4434361443/;https://media.licdn.com/dms/image/v2/D560BAQGmwwo0aq4jVA/company-logo_100_100/company-logo_100_100/0/1723034255614/sap_logo?e=1788393600&v=beta&t=LOJC6y_NNzAnYa0QnMKwvsk_Jl35P74wE6StdZK_5Ho;Data & Ai > Data Engineering;https://www.linkedin.com/company/sap/about/;Dados e Analytics;devops OR devsecops OR infrastructure operations leader OR docker OR kubernetes OR terraform OR linux OR shell OR bash;sap;1;;https://www.linkedin.com/jobs/view/4434361443/;https://www.linkedin.com/jobs/view/4434361443/;Hybrid;Specialist, SAP, Dados/Analytics, Engenharia Geral;13/08/2026;;Rio Grande do Sul;RS;Região Sul;Brasil;América do Sul
124;SAP;Site Reliability Engineer - SAP Cloud Ops;São Leopoldo, RS;13/08 13:00;https://www.linkedin.com/jobs/view/4453200601/;https://media.licdn.com/dms/image/v2/D560BAQGmwwo0aq4jVA/company-logo_100_100/company-logo_100_100/0/1723034255614/sap_logo?e=1788393600&v=beta&t=LOJC6y_NNzAnYa0QnMKwvsk_Jl35P74wE6StdZK_5Ho;Specific > Cloud;https://www.linkedin.com/company/sap/about/;Software e Serviços de TI;devops OR devsecops OR infrastructure operations leader OR docker OR kubernetes OR terraform OR linux OR shell OR bash;sap;1;;https://www.linkedin.com/jobs/view/4453200601/;https://www.linkedin.com/jobs/view/4453200601/;Hybrid;SAP, DevOps, Engenharia Geral;13/08/2026;;Rio Grande do Sul;RS;Região Sul;Brasil;América do Sul
125;SSA - São Salvador Alimentos;Analista Infraestrutura TI Sênior;Itaberaí, GO;13/08 18:00;https://www.linkedin.com/jobs/view/4450841293/;https://media.licdn.com/dms/image/v2/D4D0BAQHFolBOX1AZJw/company-logo_100_100/company-logo_100_100/0/1730228482354/saosalvadoralimentos_logo?e=1788393600&v=beta&t=F-wobvwYntJe0PbM_6vREaJAk09gEfwjEjFjElTU_fc;Advanced > Specialist;https://www.linkedin.com/company/ssa-s-o-salvador-alimentos/about/;Alimentos e Bebidas;devops OR devsecops OR infrastructure operations leader OR docker OR kubernetes OR terraform OR linux OR shell OR bash;ssa - são salvador alimentos;1;;https://www.linkedin.com/jobs/view/4450841293/;https://www.linkedin.com/jobs/view/4450841293/;On-site;Senior, Associate, TI/Tech, Infraestrutura/Redes;13/08/2026;Itaberaí;Goiás;GO;Região Centro-Oeste;Brasil;América do Sul
126;SSA - São Salvador Alimentos;Analista de Infraestrutura - Sênior;Itaberaí, GO;13/08 14:00;https://www.linkedin.com/jobs/view/4450812536/;https://media.licdn.com/dms/image/v2/D4D0BAQHFolBOX1AZJw/company-logo_100_100/company-logo_100_100/0/1730228482354/saosalvadoralimentos_logo?e=1788393600&v=beta&t=F-wobvwYntJe0PbM_6vREaJAk09gEfwjEjFjElTU_fc;Advanced > Specialist;https://www.linkedin.com/company/ssa-s-o-salvador-alimentos/about/;Alimentos e Bebidas;devops OR devsecops OR infrastructure operations leader OR docker OR kubernetes OR terraform OR linux OR shell OR bash;ssa - são salvador alimentos;1;;https://www.linkedin.com/jobs/view/4450812536/;https://www.linkedin.com/jobs/view/4450812536/;On-site;Senior, Associate, Infraestrutura/Redes;13/08/2026;Itaberaí;Goiás;GO;Região Centro-Oeste;Brasil;América do Sul
127;Sea;Data Center Engineer, Infrastructure;São Paulo, SP;13/08 08:00;https://www.linkedin.com/jobs/view/4453698399/;https://media.licdn.com/dms/image/v2/C560BAQEAIrDkWI_p6g/company-logo_100_100/company-logo_100_100/0/1631341864429?e=1788393600&v=beta&t=sg7OgQ2ym8e9ByQh90qQBzjY0-nP3uozWmcXkg4ZWBE;Data & Ai > Data Engineering;https://www.linkedin.com/company/sea/about/;Dados e Analytics;devops OR devsecops OR infrastructure operations leader OR docker OR kubernetes OR terraform OR linux OR shell OR bash;sea;1;;https://www.linkedin.com/jobs/view/4453698399/;https://www.linkedin.com/jobs/view/4453698399/;Not informed;Dados/Analytics, Engenharia Geral;13/08/2026;São Paulo;São Paulo;SP;Região Sudeste;Brasil;América do Sul
128;Sem Parar;Analista de Observabilidade Sênior | Cartão de Crédito;São Paulo, SP;13/08 08:00;https://www.linkedin.com/jobs/view/4450485304/;https://media.licdn.com/dms/image/v2/D4D0BAQHT-R9QCU8Yeg/company-logo_100_100/B4DZpunn17HsAQ-/0/1762792472466/semparar_logo?e=1788393600&v=beta&t=sstuRK2Ojtq2Q0iQK9_6hmy_IernK7sbLIuBCZjy6-s;Advanced > Specialist;https://www.linkedin.com/company/sem-parar/about/;Software e Serviços de TI;devops OR devsecops OR infrastructure operations leader OR docker OR kubernetes OR terraform OR linux OR shell OR bash;sem parar;1;;https://www.linkedin.com/jobs/view/4450485304/;https://www.linkedin.com/jobs/view/4450485304/;Hybrid;Senior, Associate;13/08/2026;São Paulo;São Paulo;SP;Região Sudeste;Brasil;América do Sul
129;Sem Parar;Especialista Cloud AWS;São Paulo, SP;13/08 08:00;https://www.linkedin.com/jobs/view/4450488262/;https://media.licdn.com/dms/image/v2/D4D0BAQHT-R9QCU8Yeg/company-logo_100_100/B4DZpunn17HsAQ-/0/1762792472466/semparar_logo?e=1788393600&v=beta&t=sstuRK2Ojtq2Q0iQK9_6hmy_IernK7sbLIuBCZjy6-s;Specific > Cloud;https://www.linkedin.com/company/sem-parar/about/;-;devops OR devsecops OR infrastructure operations leader OR docker OR kubernetes OR terraform OR linux OR shell OR bash;sem parar;1;;https://www.linkedin.com/jobs/view/4450488262/;https://www.linkedin.com/jobs/view/4450488262/;Hybrid;Specialist, Cloud (AWS/GCP/Azure);13/08/2026;São Paulo;São Paulo;SP;Região Sudeste;Brasil;América do Sul
130;Serasa Experian;Especialista I - Technical Lead;São Paulo, SP;13/08 18:00;https://www.linkedin.com/jobs/view/4454097538/;https://media.licdn.com/dms/image/v2/D4D0BAQGW4EB1A1aUYQ/company-logo_100_100/B4DZyL2uQ_IUAY-/0/1771872904949/serasaexperian_logo?e=1788393600&v=beta&t=PH9UU6fP-QyayoTAEE9sBc1ksY1KDEgnPclHzMlrLJk;Middle > Manager;https://www.linkedin.com/company/serasa-experian/about/;Software e Serviços de TI;devops OR devsecops OR infrastructure operations leader OR docker OR kubernetes OR terraform OR linux OR shell OR bash;serasa experian;1;;https://www.linkedin.com/jobs/view/4454097538/;https://www.linkedin.com/jobs/view/4454097538/;Remote;Specialist, Mid, Liderança/Gerência, TI/Tech;13/08/2026;São Paulo;São Paulo;SP;Região Sudeste;Brasil;América do Sul
131;Sigilosa;Consultor de Infraestrutura de TI Sênior;São Paulo, SP;13/08 17:00;https://www.linkedin.com/jobs/view/4450836010/;https://media.licdn.com/dms/image/v2/C560BAQHBmN-tosvWsw/company-logo_100_100/company-logo_100_100/0/1662654690176?e=1788393600&v=beta&t=O2cJPTgvo029JpXcqATgynWS04OCRoILNapjDvAiHTo;Advanced > Specialist;https://www.linkedin.com/company/sigilosa/about/;Infraestrutura;devops OR devsecops OR infrastructure operations leader OR docker OR kubernetes OR terraform OR linux OR shell OR bash;sigilosa;1;;https://www.linkedin.com/jobs/view/4450836010/;https://www.linkedin.com/jobs/view/4450836010/;Hybrid;Senior, Consultor, TI/Tech, Infraestrutura/Redes;13/08/2026;São Paulo;São Paulo;SP;Região Sudeste;Brasil;América do Sul
132;Skopia Digital;Arquiteto(a) Corporativo;Brasil;12/08 21:00;https://www.linkedin.com/jobs/view/4453222373/;https://media.licdn.com/dms/image/v2/D4E0BAQHXAybjHJEiOA/company-logo_100_100/B4EZarlkHeHYAQ-/0/1746635473784/skopiadigital_logo?e=1788393600&v=beta&t=oxB8dLVJ6dW3oKimtT9NvBmvwEzrPIGWJMt6BPnnH9U;Architecture;https://www.linkedin.com/company/skopia-digital/about/;Software e Serviços de TI;devops OR devsecops OR infrastructure operations leader OR docker OR kubernetes OR terraform OR linux OR shell OR bash;skopia digital;1;;https://www.linkedin.com/jobs/view/4453222373/;https://www.linkedin.com/jobs/view/4453222373/;Remote;-;13/08/2026;;;;;Brasil;América do Sul
133;Source2IT;Gerente de Engenharia de Software Sênior;São Paulo, SP;13/08 15:00;https://www.linkedin.com/jobs/view/4450822103/;https://media.licdn.com/dms/image/v2/D4D0BAQFAuHITzFT6CA/company-logo_100_100/B4DZqcOM1WH4AQ-/0/1763557560323?e=1788393600&v=beta&t=rN1GPnjqHgxzCG23HNVV8GAmONwrb9MAumPncECTLAA;Middle > Manager;https://www.linkedin.com/company/source2it/about/;Software e Serviços de TI;devops OR devsecops OR infrastructure operations leader OR docker OR kubernetes OR terraform OR linux OR shell OR bash;source2it;1;;https://www.linkedin.com/jobs/view/4450822103/;https://www.linkedin.com/jobs/view/4450822103/;Hybrid;Senior, Mid, Liderança/Gerência, TI/Tech, Engenharia Geral;13/08/2026;São Paulo;São Paulo;SP;Região Sudeste;Brasil;América do Sul
134;Stone;Arquiteto de Segurança em Desenvolvimento (AppSec) Senior;Brasil;13/08 07:00;https://www.linkedin.com/jobs/view/4420640387/;https://media.licdn.com/dms/image/v2/D4D0BAQEZQ73DBLnfwg/company-logo_100_100/B4DZ4tXA2qHAAM-/0/1778877468290/stone_co_logo?e=1788393600&v=beta&t=T3sjKc1wLHZRkA_--nSkU_FrERz_3kaYo6Qzbb77b14;Architecture;https://www.linkedin.com/company/stone/about/;Cibersegurança;devops OR devsecops OR infrastructure operations leader OR docker OR kubernetes OR terraform OR linux OR shell OR bash;stone;1;;https://www.linkedin.com/jobs/view/4420640387/;https://www.linkedin.com/jobs/view/4420640387/;Remote;Senior;13/08/2026;;;;;Brasil;América do Sul
135;Syonet;Líder técnico;Porto Alegre, RS;13/08 17:00;https://www.linkedin.com/jobs/view/4454305058/;https://media.licdn.com/dms/image/v2/D4D0BAQFYT0FLkHCv2Q/company-logo_100_100/B4DZbEhudRHsAY-/0/1747053898052/syonet_logo?e=1788393600&v=beta&t=hzDFkT-icpePHndLO7mczGEbglgmz7McqRZCeLxfOP0;-;https://www.linkedin.com/company/syonet/about/;-;devops OR devsecops OR infrastructure operations leader OR docker OR kubernetes OR terraform OR linux OR shell OR bash;syonet;1;;https://www.linkedin.com/jobs/view/4454305058/;https://www.linkedin.com/jobs/view/4454305058/;Remote;Mid, Liderança/Gerência, Coach;13/08/2026;;Rio Grande do Sul;RS;Região Sul;Brasil;América do Sul
136;SysManager;Arquiteto(a) de Soluções;Brasil;13/08 19:00;https://www.linkedin.com/jobs/view/4450823823/;https://media.licdn.com/dms/image/v2/D4D0BAQGrw9yCHhtA-g/company-logo_100_100/B4DZgKt.5FHwAQ-/0/1752526483903/sysmanager_logo?e=1788393600&v=beta&t=8y8SGPe7INIBleGFLAtcCaUMj2v30e9t-sdbJjWZPYg;Architecture;https://www.linkedin.com/company/sysmanager/about/;Software e Serviços de TI;devops OR devsecops OR infrastructure operations leader OR docker OR kubernetes OR terraform OR linux OR shell OR bash;sysmanager;1;;https://www.linkedin.com/jobs/view/4450823823/;https://www.linkedin.com/jobs/view/4450823823/;Remote;-;13/08/2026;;;;;Brasil;América do Sul
137;TOTVS;[Cloud] Coordenação de Cloud | IaaS;SP;13/08 16:00;https://www.linkedin.com/jobs/view/4450829086/;https://media.licdn.com/dms/image/v2/D4D0BAQEATHMUo8sshg/company-logo_100_100/B4DZd7OnTLHkAQ-/0/1750119118553/totvs_logo?e=1788393600&v=beta&t=nVBTOTUvW39JfQZBcWgRplejK2ri8lA93Xum-ko2l9c;Specific > Cloud;https://www.linkedin.com/company/totvs/about/;Inteligência Artificial;devops OR devsecops OR infrastructure operations leader OR docker OR kubernetes OR terraform OR linux OR shell OR bash;totvs;1;;https://www.linkedin.com/jobs/view/4450829086/;https://www.linkedin.com/jobs/view/4450829086/;Hybrid;Mid;13/08/2026;;São Paulo;SP;Região Sudeste;Brasil;América do Sul
138;TOTVS;[Tech] Analista de Suporte Sênior - Protheus;SP;13/08 16:00;https://www.linkedin.com/jobs/view/4450816911/;https://media.licdn.com/dms/image/v2/D4D0BAQEATHMUo8sshg/company-logo_100_100/B4DZd7OnTLHkAQ-/0/1750119118553/totvs_logo?e=1788393600&v=beta&t=nVBTOTUvW39JfQZBcWgRplejK2ri8lA93Xum-ko2l9c;Advanced > Specialist;https://www.linkedin.com/company/totvs/about/;Software e Serviços de TI;devops OR devsecops OR infrastructure operations leader OR docker OR kubernetes OR terraform OR linux OR shell OR bash;totvs;1;;https://www.linkedin.com/jobs/view/4450816911/;https://www.linkedin.com/jobs/view/4450816911/;Remote;Senior, Associate, TI/Tech;13/08/2026;;São Paulo;SP;Região Sudeste;Brasil;América do Sul
139;Toradex;Python Developer;Campinas, SP;13/08 10:00;https://www.linkedin.com/jobs/view/4454023071/;https://media.licdn.com/dms/image/v2/C560BAQHtfdF8z3rFdA/company-logo_100_100/company-logo_100_100/0/1631350275607?e=1788393600&v=beta&t=k5PZmFK9LiwB8dGCOZ09EF8PWJVR8134nhEzbXPlL-I;Advanced > Information Technology;https://www.linkedin.com/company/toradex/about/;-;devops OR devsecops OR infrastructure operations leader OR docker OR kubernetes OR terraform OR linux OR shell OR bash;toradex;1;;https://www.linkedin.com/jobs/view/4454023071/;https://www.linkedin.com/jobs/view/4454023071/;Not informed;-;13/08/2026;;São Paulo;SP;Região Sudeste;Brasil;América do Sul
140;Truelogic Software;Lead Cloud Engineer / DevOps (GCP) - Marketing;São Paulo, SP;13/08 17:00;https://www.linkedin.com/jobs/view/4454310289/;https://media.licdn.com/dms/image/v2/D4D0BAQHhp0bj-2-MXQ/company-logo_100_100/B4DZjTVtHAHYAQ-/0/1755892341834/truelogicsoftware_logo?e=1788393600&v=beta&t=MwwyFWcUpnJWadmWvXb_Khyal5bQH_KJu9rgma_Ar9c;Specific > Cloud;https://www.linkedin.com/company/truelogic-software/about/;Marketing e Publicidade Marketing;devops OR devsecops OR infrastructure operations leader OR docker OR kubernetes OR terraform OR linux OR shell OR bash;truelogic software;1;;https://www.linkedin.com/jobs/view/4454310289/;https://www.linkedin.com/jobs/view/4454310289/;Remote;Mid, Liderança/Gerência, Cloud (AWS/GCP/Azure), DevOps, Marketing/Mídia, Engenharia Geral;13/08/2026;São Paulo;São Paulo;SP;Região Sudeste;Brasil;América do Sul
141;Unifique;Analista de Infraestrutura de TI - Linux;Brasil;12/08 20:00;https://www.linkedin.com/jobs/view/4450185678/;https://media.licdn.com/dms/image/v2/D4D0BAQHdn_nk6s5OJw/company-logo_100_100/B4DZt.8hJOK0AQ-/0/1767361352915/unifiqueoficial_logo?e=1788393600&v=beta&t=x2E044fZTjeK1PCt9Df5F-xABgWMKIfBKfhj6kLtBbw;Advanced > Specialist;https://www.linkedin.com/company/unifique/about/;Infraestrutura;devops OR devsecops OR infrastructure operations leader OR docker OR kubernetes OR terraform OR linux OR shell OR bash;unifique;1;;https://www.linkedin.com/jobs/view/4450185678/;https://www.linkedin.com/jobs/view/4450185678/;Remote;Associate, TI/Tech, Infraestrutura/Redes;13/08/2026;;;;;Brasil;América do Sul
142;Upstart AEC;Data Platform Lead (USD 75-100k/year);Brasil;13/08 19:00;https://www.linkedin.com/jobs/view/4454320242/;https://media.licdn.com/dms/image/v2/D4D0BAQHjlKzGsMFzQw/company-logo_100_100/B4DZXe2tSgHIAQ-/0/1743200639485/upstartaec_logo?e=1788393600&v=beta&t=9iskjYcnQQbpepCe-p6_s_GUWIVwdo-2ZoScblZNbrM;Data & Ai > Data Engineering;https://www.linkedin.com/company/upstart-aec/about/;Dados e Analytics;devops OR devsecops OR infrastructure operations leader OR docker OR kubernetes OR terraform OR linux OR shell OR bash;upstart aec;1;;https://www.linkedin.com/jobs/view/4454320242/;https://www.linkedin.com/jobs/view/4454320242/;Remote;Mid, Liderança/Gerência, Dados/Analytics;13/08/2026;;;;;Brasil;América do Sul
143;Vagas ManpowerGroup;DevSecOps / Cloud Architect;Rio de Janeiro, RJ;13/08 10:00;https://www.linkedin.com/jobs/view/4450488610/;https://media.licdn.com/dms/image/v2/D4D0BAQHdUzCExj7SZg/company-logo_100_100/B4DZlcqEAdHYAQ-/0/1758196154801/manpowergroup_vagas_de_emprego_logo?e=1788393600&v=beta&t=Ywvk_AA555nAtH40l5xE41RDq17LSsCxrFzbApjYM5A;Architecture;https://www.linkedin.com/company/vagas-manpowergroup/about/;Energia e Combustíveis;devops OR devsecops OR infrastructure operations leader OR docker OR kubernetes OR terraform OR linux OR shell OR bash;vagas manpowergroup;1;;https://www.linkedin.com/jobs/view/4450488610/;https://www.linkedin.com/jobs/view/4450488610/;On-site;-;13/08/2026;Rio de Janeiro;Rio de Janeiro;RJ;Região Sudeste;Brasil;América do Sul
144;Vagas ManpowerGroup;DevSecOps / Cloud Architect;São Paulo, SP;13/08 10:00;https://www.linkedin.com/jobs/view/4450489662/;https://media.licdn.com/dms/image/v2/D4D0BAQHdUzCExj7SZg/company-logo_100_100/B4DZlcqEAdHYAQ-/0/1758196154801/manpowergroup_vagas_de_emprego_logo?e=1788393600&v=beta&t=Ywvk_AA555nAtH40l5xE41RDq17LSsCxrFzbApjYM5A;Architecture;https://www.linkedin.com/company/vagas-manpowergroup/about/;Energia e Combustíveis;devops OR devsecops OR infrastructure operations leader OR docker OR kubernetes OR terraform OR linux OR shell OR bash;vagas manpowergroup;1;;https://www.linkedin.com/jobs/view/4450489662/;https://www.linkedin.com/jobs/view/4450489662/;On-site;-;13/08/2026;São Paulo;São Paulo;SP;Região Sudeste;Brasil;América do Sul
145;Very Good Ventures;Principal Backend & Infrastructure Engineer-Full Time (US /LATAM);Brasil;12/08 21:00;https://www.linkedin.com/jobs/view/4450190891/;https://media.licdn.com/dms/image/v2/C4D0BAQHsghPcnEE8nA/company-logo_100_100/company-logo_100_100/0/1649707103780/very_good_ventures_logo?e=1788393600&v=beta&t=o51K7GgTRapGwC5p1-we2uV3tsD5VM-_3U98p1ifme8;Advanced > Information Technology;https://www.linkedin.com/company/very-good-ventures/about/;Infraestrutura;devops OR devsecops OR infrastructure operations leader OR docker OR kubernetes OR terraform OR linux OR shell OR bash;very good ventures;1;;https://www.linkedin.com/jobs/view/4450190891/;https://www.linkedin.com/jobs/view/4450190891/;Remote;CLT/Efetivo, Backend, Engenharia Geral;13/08/2026;;;;;Brasil;América do Sul
146;Vitae Brasil;DevOps Engineer;São José dos Campos, SP;13/08 13:00;https://www.linkedin.com/jobs/view/4450820203/;https://media.licdn.com/dms/image/v2/D4D0BAQE7ykjo1qDx0A/company-logo_100_100/B4DZx8yeEkIUAQ-/0/1771620131571/vitaebrasil_logo?e=1788393600&v=beta&t=wynbqEYeLrwaj6FJhw0ABop4ivRi8S7YEKL4OSyYfj8;Advanced > Information Technology;https://www.linkedin.com/company/vitae-brasil/about/;Software e Serviços de TI;devops OR devsecops OR infrastructure operations leader OR docker OR kubernetes OR terraform OR linux OR shell OR bash;vitae brasil;1;;https://www.linkedin.com/jobs/view/4450820203/;https://www.linkedin.com/jobs/view/4450820203/;On-site;DevOps, Engenharia Geral;13/08/2026;São José dos Campos;São Paulo;SP;Região Sudeste;Brasil;América do Sul
147;Wiz;Senior Solutions Engineer, Brazil;Brasil;13/08 13:00;https://www.linkedin.com/jobs/view/4431997130/;https://media.licdn.com/dms/image/v2/D4E0BAQFOGx_ymF4Z5A/company-logo_100_100/B4EZ9B2tmlHwAI-/0/1783516289657/wizsecurity_logo?e=1788393600&v=beta&t=-ASD03HuP5QCLYhgrsUAIS-16hEqA2GR2zXtC3O78As;Advanced > Information Technology;https://www.linkedin.com/company/wiz/about/;Software e Serviços de TI;devops OR devsecops OR infrastructure operations leader OR docker OR kubernetes OR terraform OR linux OR shell OR bash;wiz;1;;https://www.linkedin.com/jobs/view/4431997130/;https://www.linkedin.com/jobs/view/4431997130/;Remote;Senior, Engenharia Geral;13/08/2026;;;;;Brasil;América do Sul
148;XP Inc.;Especialista em Machine Learning Engineering - MLOps | Data Science;São Paulo, SP;13/08 07:00;https://www.linkedin.com/jobs/view/4443928493/;https://media.licdn.com/dms/image/v2/D4E0BAQGNGiz9pu4KZw/company-logo_100_100/company-logo_100_100/0/1735922822407/xpinc_logo?e=1788393600&v=beta&t=kM2VOCHQn6lTPhzhrf5o4JrhcU1JoO8b9dQFGkV4XqU;Data & Ai > Data Engineering;https://www.linkedin.com/company/xp-inc/about/;Dados e Analytics;devops OR devsecops OR infrastructure operations leader OR docker OR kubernetes OR terraform OR linux OR shell OR bash;xp inc.;1;;https://www.linkedin.com/jobs/view/4443928493/;https://www.linkedin.com/jobs/view/4443928493/;Not informed;Machine Learning, Specialist, Dados/Analytics, Engenharia Geral;13/08/2026;São Paulo;São Paulo;SP;Região Sudeste;Brasil;América do Sul
149;Zup Innovation;Pessoa Backend Java Tech Lead (Z-Unit);Brasil;13/08 18:00;https://www.linkedin.com/jobs/view/4446430467/;https://media.licdn.com/dms/image/v2/D4E0BAQEPrNNXCXG9_g/img-crop_100/B4EZfA_oolHcAY-/0/1751289597787?e=1788393600&v=beta&t=FSvgmcSXqcO3Kanjze9ctGMzyHHoHEhYrww78oicD88;Middle > Manager;https://www.linkedin.com/company/zup-innovation/about/;Software e Serviços de TI;devops OR devsecops OR infrastructure operations leader OR docker OR kubernetes OR terraform OR linux OR shell OR bash;zup innovation;1;;https://www.linkedin.com/jobs/view/4446430467/;https://www.linkedin.com/jobs/view/4446430467/;Remote;PCD / Afirmativa, Mid, Liderança/Gerência, TI/Tech, Backend;13/08/2026;;;;;Brasil;América do Sul
150;innolevels;Desenvolvedor SRE - SP;Grande São Paulo (SP) ;13/08 00:00;https://www.linkedin.com/jobs/view/4450426573/;https://media.licdn.com/dms/image/v2/C4D0BAQHTJl0dF22boA/company-logo_100_100/company-logo_100_100/0/1662223622824/innolevels_logo?e=1788393600&v=beta&t=I-C4T1iCzRtreAFcNDJdPvEu4gbweaaPHniCsc_DmzU;-;https://www.linkedin.com/company/innolevels/about/;-;devops OR devsecops OR infrastructure operations leader OR docker OR kubernetes OR terraform OR linux OR shell OR bash;innolevels;1;;https://www.linkedin.com/jobs/view/4450426573/;https://www.linkedin.com/jobs/view/4450426573/;Remote;-;13/08/2026;;São Paulo;SP;Região Sudeste;Brasil;América do Sul
151;innolevels;Líder Técnico DevOps  - SP;Grande São Paulo (SP) ;13/08 00:00;https://www.linkedin.com/jobs/view/4450439327/;https://media.licdn.com/dms/image/v2/C4D0BAQHTJl0dF22boA/company-logo_100_100/company-logo_100_100/0/1662223622824/innolevels_logo?e=1788393600&v=beta&t=I-C4T1iCzRtreAFcNDJdPvEu4gbweaaPHniCsc_DmzU;-;https://www.linkedin.com/company/innolevels/about/;-;devops OR devsecops OR infrastructure operations leader OR docker OR kubernetes OR terraform OR linux OR shell OR bash;innolevels;1;;https://www.linkedin.com/jobs/view/4450439327/;https://www.linkedin.com/jobs/view/4450439327/;Hybrid;Mid, Liderança/Gerência, Coach, DevOps;13/08/2026;;São Paulo;SP;Região Sudeste;Brasil;América do Sul
152;inventCloud;SRE/Devops Pleno;São Paulo, SP;12/08 22:00;https://www.linkedin.com/jobs/view/4453600888/;https://media.licdn.com/dms/image/v2/D4D0BAQFDbSC0q98qIw/company-logo_100_100/company-logo_100_100/0/1709561928097/inventcloud_logo?e=1788393600&v=beta&t=G-EPiMF_43pLfpFhI_UKT-z1C_Ha_AccY280c_x4kAE;-;https://www.linkedin.com/company/inventcloud/about/;-;devops OR devsecops OR infrastructure operations leader OR docker OR kubernetes OR terraform OR linux OR shell OR bash;inventcloud;1;;https://www.linkedin.com/jobs/view/4453600888/;https://www.linkedin.com/jobs/view/4453600888/;Hybrid;Mid, DevOps;13/08/2026;São Paulo;São Paulo;SP;Região Sudeste;Brasil;América do Sul
