Id;Company;Job Title;Location;Published Date;Job Link;Logo;Category;Company Life URL;Industry;Query Parameters;Company_Match;Score;Platform;Job Link_Match;Destination URL;Work Mode;Tags;Capture Date;City;State;UF;Region;Country;Continent
1;+A Educação;Engenheiro de Dados;Brasil;10/10 07:00;https://www.linkedin.com/jobs/view/4475603846/;https://media.licdn.com/dms/image/v2/C4D0BAQG0IQ2YdbdADA/company-logo_100_100/company-logo_100_100/0/1630499822069/maisaedu_logo?e=1793232000&v=beta&t=p6VwdRZ0r1C3Vniy_yZsGgFRXkgkuTveB0XCd0w2tio;-;https://www.linkedin.com/company/a-educa-o/about/;Dados e Analytics;data engineer OR data analyst OR bi analyst OR arquiteto de dados OR data architect OR database administrator OR administrador de banco de dados OR dba;+a educação;1;;https://www.linkedin.com/jobs/view/4475603846/;https://www.linkedin.com/jobs/view/4475603846/;Remote;Dados/Analytics;10/10/2026;;;;;Brasil;América do Sul
2;4DF Connect;Estrategista de Dados Sênior;Curitiba, PR;09/10 21:00;https://www.linkedin.com/jobs/view/4477897243/;https://media.licdn.com/dms/image/v2/D4E0BAQHgznwIT2t3IA/company-logo_100_100/B4EZgUICjYGcAU-/0/1752684309117/4dfconnect_logo?e=1793232000&v=beta&t=fqjaXwziLgPFIPf9zfdculZnbBkhqKNDymiAyFXpknc;-;https://www.linkedin.com/company/4df-connect/about/;Dados e Analytics;data engineer OR data analyst OR bi analyst OR arquiteto de dados OR data architect OR database administrator OR administrador de banco de dados OR dba;4df connect;1;;https://www.linkedin.com/jobs/view/4477897243/;https://www.linkedin.com/jobs/view/4477897243/;On-site;Senior, Dados/Analytics;10/10/2026;;Paraná;PR;Região Sul;Brasil;América do Sul
3;AFRY;Especialista / Consultor COMOS;São Paulo, SP;10/10 07:00;https://www.linkedin.com/jobs/view/4412786646/;https://media.licdn.com/dms/image/v2/D4E0BAQHxgeL5hpXkSQ/company-logo_100_100/B4EZpN1ZHHKoAQ-/0/1762242433919/afry_logo?e=1793232000&v=beta&t=v4wExwts1rmy-XUDY3C2-WnERS483ZbccTjLayNuSTU;Advanced > Specialist;https://www.linkedin.com/company/afry/about/;-;data engineer OR data analyst OR bi analyst OR arquiteto de dados OR data architect OR database administrator OR administrador de banco de dados OR dba;afry;1;;https://www.linkedin.com/jobs/view/4412786646/;https://www.linkedin.com/jobs/view/4412786646/;Not informed;Specialist, Consultor;10/10/2026;;São Paulo;SP;Região Sudeste;Brasil;América do Sul
4;ATECH – NEGÓCIOS EM TECNOLOGIAS S/A;2025-049 Especialista de Banco de Dados;SP;10/10 10:00;https://www.linkedin.com/jobs/view/4461939407/;https://media.licdn.com/dms/image/v2/D4D0BAQEEg8Mn58U4QA/company-logo_100_100/B4DZsNQx_xLYAU-/0/1765454062051/atech_grupoembraer_logo?e=1793232000&v=beta&t=Nn8yUYtJF6_ndVcOltufjrl75V7P7zvf7YwMs3ORpgU;Advanced > Specialist;https://www.linkedin.com/company/atech-neg-cios-em-tecnologias-s-a/about/;Dados e Analytics;data engineer OR data analyst OR bi analyst OR arquiteto de dados OR data architect OR database administrator OR administrador de banco de dados OR dba;atech – negócios em tecnologias s/a;1;;https://www.linkedin.com/jobs/view/4461939407/;https://www.linkedin.com/jobs/view/4461939407/;On-site;Specialist, Dados/Analytics;10/10/2026;;São Paulo;SP;Região Sudeste;Brasil;América do Sul
5;Aggrega Benefícios;Analista de Dados;São Paulo, SP;10/10 05:00;https://www.linkedin.com/jobs/view/4478035714/;https://media.licdn.com/dms/image/v2/D4E0BAQF4t_H--FsFwA/company-logo_100_100/B4EaD3fAwUIsAI-/0/1790858497287/aggregabr_logo?e=1793232000&v=beta&t=iL8tFx2YqEtCwbTPavvEyj3JO2_ZdLZ1ODkvME3KMZU;Advanced > Specialist;https://www.linkedin.com/company/aggrega-benef-cios/about/;Dados e Analytics;data engineer OR data analyst OR bi analyst OR arquiteto de dados OR data architect OR database administrator OR administrador de banco de dados OR dba;aggrega benefícios;1;;https://www.linkedin.com/jobs/view/4478035714/;https://www.linkedin.com/jobs/view/4478035714/;On-site;Associate, Dados/Analytics;10/10/2026;;São Paulo;SP;Região Sudeste;Brasil;América do Sul
6;Agibank;Analista de Produtos Sênior - Foco em Dados - Campinas/SP;Campinas, SP;09/10 15:00;https://www.linkedin.com/jobs/view/4477838498/;https://media.licdn.com/dms/image/v2/C560BAQEjCCKGMhA9Yw/company-logo_100_100/company-logo_100_100/0/1630377372677/agibank_logo?e=1793232000&v=beta&t=EUIii4Au7p9NHTQ8y71YUFZ16Bw8NGEWSZKTIVQw99M;Advanced > Specialist;https://www.linkedin.com/company/agibank/about/;Dados e Analytics;data engineer OR data analyst OR bi analyst OR arquiteto de dados OR data architect OR database administrator OR administrador de banco de dados OR dba;agibank;1;;https://www.linkedin.com/jobs/view/4477838498/;https://www.linkedin.com/jobs/view/4477838498/;Not informed;Senior, Associate, Dados/Analytics;10/10/2026;;São Paulo;SP;Região Sudeste;Brasil;América do Sul
7;AlmapBBDO;Pessoa Analista Data Solutions Junior;São Paulo, SP;09/10 19:00;https://www.linkedin.com/jobs/view/4475272287/;https://media.licdn.com/dms/image/v2/D4D0BAQEPMKLfRB8TGA/company-logo_100_100/company-logo_100_100/0/1692977963356?e=1793232000&v=beta&t=cOe5bn7HbWDl6Fj8z2ZzLMdRl66j5SpRSI4MVjQvcEA;Data & Ai > Data Engineering;https://www.linkedin.com/company/almapbbdo/about/;Dados e Analytics;data engineer OR data analyst OR bi analyst OR arquiteto de dados OR data architect OR database administrator OR administrador de banco de dados OR dba;almapbbdo;1;;https://www.linkedin.com/jobs/view/4475272287/;https://www.linkedin.com/jobs/view/4475272287/;Hybrid;PCD / Afirmativa, Junior, Associate, Dados/Analytics;10/10/2026;;São Paulo;SP;Região Sudeste;Brasil;América do Sul
8;Alvarez & Marsal;Tech Lead/ AI - Manager;Recife, PE;10/10 06:00;https://www.linkedin.com/jobs/view/4440982926/;https://media.licdn.com/dms/image/v2/D4E0BAQGMC4Foh_foyA/company-logo_100_100/company-logo_100_100/0/1688474876208/alvarez__marsal_logo?e=1793232000&v=beta&t=ENgLWte8AgN7IpAz5qpdLFFUwLXhTvcNtNUj2E0LHIg;Middle > Manager;https://www.linkedin.com/company/alvarez-marsal/about/;Inteligência Artificial;data engineer OR data analyst OR bi analyst OR arquiteto de dados OR data architect OR database administrator OR administrador de banco de dados OR dba;alvarez & marsal;1;;https://www.linkedin.com/jobs/view/4440982926/;https://www.linkedin.com/jobs/view/4440982926/;Hybrid;Inteligência Artificial, Mid, Liderança/Gerência, TI/Tech;10/10/2026;;Pernambuco;PE;Região Nordeste;Brasil;América do Sul
9;Amazon;Transportation Analyst, External Fulfillment | Amazon Flash;Osasco, SP;09/10 22:00;https://www.linkedin.com/jobs/view/4478004036/;https://media.licdn.com/dms/image/v2/D560BAQGDLy4STCnHbg/company-logo_100_100/B56ZnZxDipI0AQ-/0/1760295142304/amazon_logo?e=1793232000&v=beta&t=-02TwXcT52LFOEv1aAJ5FtJk56tlyss70uNnh0VBlL0;Advanced > Specialist;https://www.linkedin.com/company/amazon/about/;Software e Serviços de TI;data engineer OR data analyst OR bi analyst OR arquiteto de dados OR data architect OR database administrator OR administrador de banco de dados OR dba;amazon;1;;https://www.linkedin.com/jobs/view/4478004036/;https://www.linkedin.com/jobs/view/4478004036/;Not informed;Logística/Supply;10/10/2026;;São Paulo;SP;Região Sudeste;Brasil;América do Sul
10;Ambev;Analista de Logística Júnior | Ambev BSC Jaguariúna;Jaguariúna, SP;10/10 09:00;https://www.linkedin.com/jobs/view/4458672950/;https://media.licdn.com/dms/image/v2/D4E0BAQGehmQW7ITyRQ/company-logo_100_100/B4EZ.6DSqeKcAI-/0/1785532853302/ambev_logo?e=1793232000&v=beta&t=dNtEA3K6WAYauJwvK14Ds82ZDQPToAA5OwMLVbiLU10;Advanced > Specialist;https://www.linkedin.com/company/ambev/about/;Alimentos e Bebidas;data engineer OR data analyst OR bi analyst OR arquiteto de dados OR data architect OR database administrator OR administrador de banco de dados OR dba;ambev;1;;https://www.linkedin.com/jobs/view/4458672950/;https://www.linkedin.com/jobs/view/4458672950/;Not informed;Junior, Associate, Logística/Supply;10/10/2026;;São Paulo;SP;Região Sudeste;Brasil;América do Sul
11;Ambev;AMBEV I Coordenador (a) Logístico (Diretoria GEO SP) [Itaim Bibi, SP];São Paulo, SP;09/10 20:00;https://www.linkedin.com/jobs/view/4476866329/;https://media.licdn.com/dms/image/v2/D4E0BAQGehmQW7ITyRQ/company-logo_100_100/B4EZ.6DSqeKcAI-/0/1785532853302/ambev_logo?e=1793232000&v=beta&t=dNtEA3K6WAYauJwvK14Ds82ZDQPToAA5OwMLVbiLU10;Middle > Manager;https://www.linkedin.com/company/ambev/about/;Alimentos e Bebidas;data engineer OR data analyst OR bi analyst OR arquiteto de dados OR data architect OR database administrator OR administrador de banco de dados OR dba;ambev;1;;https://www.linkedin.com/jobs/view/4476866329/;https://www.linkedin.com/jobs/view/4476866329/;Not informed;Mid, Liderança/Gerência, Logística/Supply;10/10/2026;;São Paulo;SP;Região Sudeste;Brasil;América do Sul
12;ArcelorMittal;Engenheiro AI Pleno;Belo Horizonte, MG;09/10 16:00;https://www.linkedin.com/jobs/view/4476853135/;https://media.licdn.com/dms/image/v2/C4E0BAQHsvvyIuBK8Lw/company-logo_100_100/company-logo_100_100/0/1661852655574/arcelormittal_logo?e=1793232000&v=beta&t=OdgPw8KQHqppKpWzuIh9slO1eRgeOaBpR90zP35QyLw;-;https://www.linkedin.com/company/arcelormittal/about/;Inteligência Artificial;data engineer OR data analyst OR bi analyst OR arquiteto de dados OR data architect OR database administrator OR administrador de banco de dados OR dba;arcelormittal;1;;https://www.linkedin.com/jobs/view/4476853135/;https://www.linkedin.com/jobs/view/4476853135/;Hybrid;Inteligência Artificial, Mid;10/10/2026;;Minas Gerais;MG;Região Sudeste;Brasil;América do Sul
13;ArcelorMittal;Engenheiro de Machine Learning Pleno;Belo Horizonte, MG;09/10 16:00;https://www.linkedin.com/jobs/view/4476854107/;https://media.licdn.com/dms/image/v2/C4E0BAQHsvvyIuBK8Lw/company-logo_100_100/company-logo_100_100/0/1661852655574/arcelormittal_logo?e=1793232000&v=beta&t=OdgPw8KQHqppKpWzuIh9slO1eRgeOaBpR90zP35QyLw;-;https://www.linkedin.com/company/arcelormittal/about/;Inteligência Artificial;data engineer OR data analyst OR bi analyst OR arquiteto de dados OR data architect OR database administrator OR administrador de banco de dados OR dba;arcelormittal;1;;https://www.linkedin.com/jobs/view/4476854107/;https://www.linkedin.com/jobs/view/4476854107/;Hybrid;Machine Learning, Mid;10/10/2026;;Minas Gerais;MG;Região Sudeste;Brasil;América do Sul
14;ArcelorMittal Brasil;Engenheiro AI Pleno;Belo Horizonte, MG;09/10 21:00;https://www.linkedin.com/jobs/view/4477895671/;https://media.licdn.com/dms/image/v2/D4D0BAQG6O7lghfl68w/company-logo_100_100/company-logo_100_100/0/1688414231286/arcelormittal_brasil_logo?e=1793232000&v=beta&t=YkX1ApLrO2rw6nqCdK7jDLueE7YudiUvhhc9lYqd0oI;-;https://www.linkedin.com/company/arcelormittal-brasil/about/;Inteligência Artificial;data engineer OR data analyst OR bi analyst OR arquiteto de dados OR data architect OR database administrator OR administrador de banco de dados OR dba;arcelormittal brasil;1;;https://www.linkedin.com/jobs/view/4477895671/;https://www.linkedin.com/jobs/view/4477895671/;Not informed;Inteligência Artificial, Mid;10/10/2026;;Minas Gerais;MG;Região Sudeste;Brasil;América do Sul
15;ArcelorMittal Brasil;Engenheiro de Machine Learning Pleno;Belo Horizonte, MG;09/10 21:00;https://www.linkedin.com/jobs/view/4478006408/;https://media.licdn.com/dms/image/v2/D4D0BAQG6O7lghfl68w/company-logo_100_100/company-logo_100_100/0/1688414231286/arcelormittal_brasil_logo?e=1793232000&v=beta&t=YkX1ApLrO2rw6nqCdK7jDLueE7YudiUvhhc9lYqd0oI;-;https://www.linkedin.com/company/arcelormittal-brasil/about/;Inteligência Artificial;data engineer OR data analyst OR bi analyst OR arquiteto de dados OR data architect OR database administrator OR administrador de banco de dados OR dba;arcelormittal brasil;1;;https://www.linkedin.com/jobs/view/4478006408/;https://www.linkedin.com/jobs/view/4478006408/;Not informed;Machine Learning, Mid;10/10/2026;;Minas Gerais;MG;Região Sudeste;Brasil;América do Sul
16;Arco Educação;SR Analytics Engineer;Brasil;10/10 10:00;https://www.linkedin.com/jobs/view/4393236019/;https://media.licdn.com/dms/image/v2/D4D0BAQGaB4FX_HAi2A/company-logo_100_100/B4DZm69YfyJcAQ-/0/1759778277737/arcoeducacao_logo?e=1793232000&v=beta&t=rMOD3KKbNETa1YJkhhn0vUwFnthicweoirr1J_jCjEM;Data & Ai > BI Analytics And Big Data;https://www.linkedin.com/company/arco-educa-o/about/;Dados e Analytics;data engineer OR data analyst OR bi analyst OR arquiteto de dados OR data architect OR database administrator OR administrador de banco de dados OR dba;arco educação;1;;https://www.linkedin.com/jobs/view/4393236019/;https://www.linkedin.com/jobs/view/4393236019/;Remote;Senior, Dados/Analytics, Engenharia Geral;10/10/2026;;;;;Brasil;América do Sul
17;Arco Educação;Estágio em Dados e Automação (Legal Operations);São Paulo, SP;10/10 10:00;https://www.linkedin.com/jobs/view/4469195662/;https://media.licdn.com/dms/image/v2/D4D0BAQGaB4FX_HAi2A/company-logo_100_100/B4DZm69YfyJcAQ-/0/1759778277737/arcoeducacao_logo?e=1793232000&v=beta&t=rMOD3KKbNETa1YJkhhn0vUwFnthicweoirr1J_jCjEM;Advanced > Process & Automation;https://www.linkedin.com/company/arco-educa-o/about/;Dados e Analytics;data engineer OR data analyst OR bi analyst OR arquiteto de dados OR data architect OR database administrator OR administrador de banco de dados OR dba;arco educação;1;;https://www.linkedin.com/jobs/view/4469195662/;https://www.linkedin.com/jobs/view/4469195662/;Not informed;Intern, Dados/Analytics;10/10/2026;;São Paulo;SP;Região Sudeste;Brasil;América do Sul
18;Artesanal;Analista de Dados - GO;Goiânia, GO;09/10 23:00;https://www.linkedin.com/jobs/view/4475297209/;missing logo;Advanced > Specialist;https://www.linkedin.com/company/artesanal/about/;Dados e Analytics;data engineer OR data analyst OR bi analyst OR arquiteto de dados OR data architect OR database administrator OR administrador de banco de dados OR dba;artesanal;1;;https://www.linkedin.com/jobs/view/4475297209/;https://www.linkedin.com/jobs/view/4475297209/;On-site;Associate, Dados/Analytics;10/10/2026;;Goiás;GO;Região Centro-Oeste;Brasil;América do Sul
19;Avalyst - Garantia Digital de Aluguel;Analista Sales Operations Pleno - PR;Brasil;09/10 23:00;https://www.linkedin.com/jobs/view/4475291399/;https://media.licdn.com/dms/image/v2/D4D0BAQG2adSQ_K6zfA/company-logo_100_100/company-logo_100_100/0/1662384556077/avalyst_logo?e=1793232000&v=beta&t=T1qS4uoT8BcOm-EAeT0UEAFrcUVoFzXxwNpZ-zqQQk4;Advanced > Specialist;https://www.linkedin.com/company/avalyst-garantia-digital-de-aluguel/about/;Software e Serviços de TI;data engineer OR data analyst OR bi analyst OR arquiteto de dados OR data architect OR database administrator OR administrador de banco de dados OR dba;avalyst - garantia digital de aluguel;1;;https://www.linkedin.com/jobs/view/4475291399/;https://www.linkedin.com/jobs/view/4475291399/;On-site;Mid, Associate, Vendas / Comercial;10/10/2026;;;;;Brasil;América do Sul
20;Avanade;Desenvolvedor (a) Back-End Senior | Spring Boot;São Paulo, SP;10/10 06:00;https://www.linkedin.com/jobs/view/4469205786/;https://media.licdn.com/dms/image/v2/D4D0BAQH9oEH9vWAthw/company-logo_100_100/B4DZf0WkqfH8AY-/0/1752151247860/avanade_logo?e=1793232000&v=beta&t=PuXv4hPwtjQE-viUO7YOZwSUutbNLzothEOVmz1mYDU;-;https://www.linkedin.com/company/avanade/about/;-;data engineer OR data analyst OR bi analyst OR arquiteto de dados OR data architect OR database administrator OR administrador de banco de dados OR dba;avanade;1;;https://www.linkedin.com/jobs/view/4469205786/;https://www.linkedin.com/jobs/view/4469205786/;Not informed;Senior, Backend;10/10/2026;;São Paulo;SP;Região Sudeste;Brasil;América do Sul
21;Avanade;Desenvolvedor(a) Python Sênior – IA Generativa e Agentes (English Required);São Paulo, SP;10/10 06:00;https://www.linkedin.com/jobs/view/4469202816/;https://media.licdn.com/dms/image/v2/D4D0BAQH9oEH9vWAthw/company-logo_100_100/B4DZf0WkqfH8AY-/0/1752151247860/avanade_logo?e=1793232000&v=beta&t=PuXv4hPwtjQE-viUO7YOZwSUutbNLzothEOVmz1mYDU;-;https://www.linkedin.com/company/avanade/about/;Inteligência Artificial;data engineer OR data analyst OR bi analyst OR arquiteto de dados OR data architect OR database administrator OR administrador de banco de dados OR dba;avanade;1;;https://www.linkedin.com/jobs/view/4469202816/;https://www.linkedin.com/jobs/view/4469202816/;Not informed;Inteligência Artificial, Senior;10/10/2026;;São Paulo;SP;Região Sudeste;Brasil;América do Sul
22;BIP Brasil;Analista de FP&A Sênior (Dados e BI);SP;09/10 16:00;https://www.linkedin.com/jobs/view/4475241777/;https://media.licdn.com/dms/image/v2/D4D0BAQGE5iaedEP2bQ/company-logo_100_100/company-logo_100_100/0/1689009879405/bipbrasil_logo?e=1793232000&v=beta&t=2RuvLdgNnO5wjoYwQmXxqeE7Xw3trhhiF3wcIuDBsKA;Advanced > Specialist;https://www.linkedin.com/company/bip-brasil/about/;Dados e Analytics;data engineer OR data analyst OR bi analyst OR arquiteto de dados OR data architect OR database administrator OR administrador de banco de dados OR dba;bip brasil;1;;https://www.linkedin.com/jobs/view/4475241777/;https://www.linkedin.com/jobs/view/4475241777/;Hybrid;Senior, Associate, Dados/Analytics;10/10/2026;;São Paulo;SP;Região Sudeste;Brasil;América do Sul
23;BTG Pactual;Analista de Asset Servicing- Custódia Especializada de FIDC;São Paulo, SP;09/10 16:00;https://www.linkedin.com/jobs/view/4477844727/;https://media.licdn.com/dms/image/v2/C4E0BAQE0wyub1rswiA/company-logo_100_100/company-logo_100_100/0/1654720569889/btgpactual_logo?e=1793232000&v=beta&t=ARmfQdo35TEoH0K0b3DhJOgj5-JfDL5bh8hcKBup6DA;Advanced > Specialist;https://www.linkedin.com/company/btg-pactual/about/;-;data engineer OR data analyst OR bi analyst OR arquiteto de dados OR data architect OR database administrator OR administrador de banco de dados OR dba;btg pactual;1;;https://www.linkedin.com/jobs/view/4477844727/;https://www.linkedin.com/jobs/view/4477844727/;Not informed;Specialist, Associate;10/10/2026;;São Paulo;SP;Região Sudeste;Brasil;América do Sul
24;BTG Pactual;Digital Analytics - AI Enablement (Marketing);São Paulo, SP;10/10 06:00;https://www.linkedin.com/jobs/view/4459898461/;https://media.licdn.com/dms/image/v2/C4E0BAQE0wyub1rswiA/company-logo_100_100/company-logo_100_100/0/1654720569889/btgpactual_logo?e=1793232000&v=beta&t=ARmfQdo35TEoH0K0b3DhJOgj5-JfDL5bh8hcKBup6DA;Data & Ai > BI Analytics And Big Data;https://www.linkedin.com/company/btg-pactual/about/;Dados e Analytics;data engineer OR data analyst OR bi analyst OR arquiteto de dados OR data architect OR database administrator OR administrador de banco de dados OR dba;btg pactual;1;;https://www.linkedin.com/jobs/view/4459898461/;https://www.linkedin.com/jobs/view/4459898461/;Not informed;Inteligência Artificial, TI/Tech, Dados/Analytics, Marketing/Mídia;10/10/2026;;São Paulo;SP;Região Sudeste;Brasil;América do Sul
25;Banco Bradesco;Analista de CRM SR;Osasco, SP;10/10 07:00;https://www.linkedin.com/jobs/view/4469258950/;https://media.licdn.com/dms/image/v2/C4E0BAQEXB9xussWsHQ/company-logo_100_100/company-logo_100_100/0/1680038081185/bradesco_logo?e=1793232000&v=beta&t=USxCXwFPnyg8XcFugcWtmMJw3V_0luS2QuBbULmCVlI;Advanced > Specialist;https://www.linkedin.com/company/banco-bradesco/about/;Serviços Financeiros;data engineer OR data analyst OR bi analyst OR arquiteto de dados OR data architect OR database administrator OR administrador de banco de dados OR dba;banco bradesco;1;;https://www.linkedin.com/jobs/view/4469258950/;https://www.linkedin.com/jobs/view/4469258950/;Not informed;Senior, Associate, Salesforce/CRM;10/10/2026;;São Paulo;SP;Região Sudeste;Brasil;América do Sul
26;Banco Bradesco;Analista de Monitoramento e Observabilidade SR | Pix e Meios de Pagamento;Osasco, SP;10/10 08:00;https://www.linkedin.com/jobs/view/4469205402/;https://media.licdn.com/dms/image/v2/C4E0BAQEXB9xussWsHQ/company-logo_100_100/company-logo_100_100/0/1680038081185/bradesco_logo?e=1793232000&v=beta&t=USxCXwFPnyg8XcFugcWtmMJw3V_0luS2QuBbULmCVlI;Advanced > Specialist;https://www.linkedin.com/company/banco-bradesco/about/;Serviços Financeiros;data engineer OR data analyst OR bi analyst OR arquiteto de dados OR data architect OR database administrator OR administrador de banco de dados OR dba;banco bradesco;1;;https://www.linkedin.com/jobs/view/4469205402/;https://www.linkedin.com/jobs/view/4469205402/;Not informed;Senior, Associate;10/10/2026;;São Paulo;SP;Região Sudeste;Brasil;América do Sul
27;Banco Bradesco;Business Intelligence III - CRM;Osasco, SP;10/10 08:00;https://www.linkedin.com/jobs/view/4469266291/;https://media.licdn.com/dms/image/v2/C4E0BAQEXB9xussWsHQ/company-logo_100_100/company-logo_100_100/0/1680038081185/bradesco_logo?e=1793232000&v=beta&t=USxCXwFPnyg8XcFugcWtmMJw3V_0luS2QuBbULmCVlI;-;https://www.linkedin.com/company/banco-bradesco/about/;Hardware e Eletrônicos;data engineer OR data analyst OR bi analyst OR arquiteto de dados OR data architect OR database administrator OR administrador de banco de dados OR dba;banco bradesco;1;;https://www.linkedin.com/jobs/view/4469266291/;https://www.linkedin.com/jobs/view/4469266291/;Not informed;Salesforce/CRM;10/10/2026;;São Paulo;SP;Região Sudeste;Brasil;América do Sul
28;Banco Bradesco;Data Engineer II;Osasco, SP;10/10 08:00;https://www.linkedin.com/jobs/view/4469255941/;https://media.licdn.com/dms/image/v2/C4E0BAQEXB9xussWsHQ/company-logo_100_100/company-logo_100_100/0/1680038081185/bradesco_logo?e=1793232000&v=beta&t=USxCXwFPnyg8XcFugcWtmMJw3V_0luS2QuBbULmCVlI;Data & Ai > Data Engineering;https://www.linkedin.com/company/banco-bradesco/about/;Dados e Analytics;data engineer OR data analyst OR bi analyst OR arquiteto de dados OR data architect OR database administrator OR administrador de banco de dados OR dba;banco bradesco;1;;https://www.linkedin.com/jobs/view/4469255941/;https://www.linkedin.com/jobs/view/4469255941/;Not informed;Dados/Analytics, Engenharia Geral;10/10/2026;;São Paulo;SP;Região Sudeste;Brasil;América do Sul
29;Banco Bradesco;Data Scientist II - CRM;Osasco, SP;10/10 08:00;https://www.linkedin.com/jobs/view/4469261603/;https://media.licdn.com/dms/image/v2/C4E0BAQEXB9xussWsHQ/company-logo_100_100/company-logo_100_100/0/1680038081185/bradesco_logo?e=1793232000&v=beta&t=USxCXwFPnyg8XcFugcWtmMJw3V_0luS2QuBbULmCVlI;Data & Ai > Data Engineering;https://www.linkedin.com/company/banco-bradesco/about/;Dados e Analytics;data engineer OR data analyst OR bi analyst OR arquiteto de dados OR data architect OR database administrator OR administrador de banco de dados OR dba;banco bradesco;1;;https://www.linkedin.com/jobs/view/4469261603/;https://www.linkedin.com/jobs/view/4469261603/;Not informed;Salesforce/CRM, Dados/Analytics;10/10/2026;;São Paulo;SP;Região Sudeste;Brasil;América do Sul
30;Banco Bradesco;Data Scientist Specialist;Osasco, SP;09/10 20:00;https://www.linkedin.com/jobs/view/4477886638/;https://media.licdn.com/dms/image/v2/C4E0BAQEXB9xussWsHQ/company-logo_100_100/company-logo_100_100/0/1680038081185/bradesco_logo?e=1793232000&v=beta&t=USxCXwFPnyg8XcFugcWtmMJw3V_0luS2QuBbULmCVlI;Data & Ai > Data Engineering;https://www.linkedin.com/company/banco-bradesco/about/;Dados e Analytics;data engineer OR data analyst OR bi analyst OR arquiteto de dados OR data architect OR database administrator OR administrador de banco de dados OR dba;banco bradesco;1;;https://www.linkedin.com/jobs/view/4477886638/;https://www.linkedin.com/jobs/view/4477886638/;Not informed;Specialist, Dados/Analytics;10/10/2026;;São Paulo;SP;Região Sudeste;Brasil;América do Sul
31;Banco Bradesco;Data Scientist Specialist;Osasco, SP;10/10 07:00;https://www.linkedin.com/jobs/view/4469257978/;https://media.licdn.com/dms/image/v2/C4E0BAQEXB9xussWsHQ/company-logo_100_100/company-logo_100_100/0/1680038081185/bradesco_logo?e=1793232000&v=beta&t=USxCXwFPnyg8XcFugcWtmMJw3V_0luS2QuBbULmCVlI;Data & Ai > Data Engineering;https://www.linkedin.com/company/banco-bradesco/about/;Dados e Analytics;data engineer OR data analyst OR bi analyst OR arquiteto de dados OR data architect OR database administrator OR administrador de banco de dados OR dba;banco bradesco;1;;https://www.linkedin.com/jobs/view/4469257978/;https://www.linkedin.com/jobs/view/4469257978/;Not informed;Specialist, Dados/Analytics;10/10/2026;;São Paulo;SP;Região Sudeste;Brasil;América do Sul
32;Banco Bradesco;Data Senior Manager;Osasco, SP;09/10 20:00;https://www.linkedin.com/jobs/view/4477896091/;https://media.licdn.com/dms/image/v2/C4E0BAQEXB9xussWsHQ/company-logo_100_100/company-logo_100_100/0/1680038081185/bradesco_logo?e=1793232000&v=beta&t=USxCXwFPnyg8XcFugcWtmMJw3V_0luS2QuBbULmCVlI;Data & Ai > Data Engineering;https://www.linkedin.com/company/banco-bradesco/about/;Dados e Analytics;data engineer OR data analyst OR bi analyst OR arquiteto de dados OR data architect OR database administrator OR administrador de banco de dados OR dba;banco bradesco;1;;https://www.linkedin.com/jobs/view/4477896091/;https://www.linkedin.com/jobs/view/4477896091/;Not informed;Senior, Liderança/Gerência, Dados/Analytics;10/10/2026;;São Paulo;SP;Região Sudeste;Brasil;América do Sul
33;Banco Bradesco;Especialista em Prevenção a Fraudes - Analytics;Osasco, SP;10/10 07:00;https://www.linkedin.com/jobs/view/4469200546/;https://media.licdn.com/dms/image/v2/C4E0BAQEXB9xussWsHQ/company-logo_100_100/company-logo_100_100/0/1680038081185/bradesco_logo?e=1793232000&v=beta&t=USxCXwFPnyg8XcFugcWtmMJw3V_0luS2QuBbULmCVlI;Data & Ai > BI Analytics And Big Data;https://www.linkedin.com/company/banco-bradesco/about/;Dados e Analytics;data engineer OR data analyst OR bi analyst OR arquiteto de dados OR data architect OR database administrator OR administrador de banco de dados OR dba;banco bradesco;1;;https://www.linkedin.com/jobs/view/4469200546/;https://www.linkedin.com/jobs/view/4469200546/;Not informed;Specialist, Dados/Analytics;10/10/2026;;São Paulo;SP;Região Sudeste;Brasil;América do Sul
34;Banco Mercantil;Estágio | Gestão de Despesas;Belo Horizonte, MG;09/10 15:00;https://www.linkedin.com/jobs/view/4476842271/;https://media.licdn.com/dms/image/v2/D4D0BAQFIX3zACaSiPg/company-logo_100_100/company-logo_100_100/0/1702401477536/bancomercantil_logo?e=1793232000&v=beta&t=4na-d223YT18h8lLSUg6YgZzjiByT14n0ptcCE6xhFw;-;https://www.linkedin.com/company/banco-mercantil/about/;Serviços Financeiros;data engineer OR data analyst OR bi analyst OR arquiteto de dados OR data architect OR database administrator OR administrador de banco de dados OR dba;banco mercantil;1;;https://www.linkedin.com/jobs/view/4476842271/;https://www.linkedin.com/jobs/view/4476842271/;Hybrid;Intern;10/10/2026;;Minas Gerais;MG;Região Sudeste;Brasil;América do Sul
35;Beemôn Tecnologia;Engenheiro de Software Pleno;Caxias do Sul, RS;09/10 22:00;https://www.linkedin.com/jobs/view/4477891929/;https://media.licdn.com/dms/image/v2/D4E0BAQFh5FPjrivwlw/company-logo_100_100/company-logo_100_100/0/1682597430039/beemontech_logo?e=1793232000&v=beta&t=Q7lIjul_od4_WtshXjJBqWLdQDtXWUtHUbQGlwtrwkA;-;https://www.linkedin.com/company/beem-n-tecnologia/about/;Software e Serviços de TI;data engineer OR data analyst OR bi analyst OR arquiteto de dados OR data architect OR database administrator OR administrador de banco de dados OR dba;beemôn tecnologia;1;;https://www.linkedin.com/jobs/view/4477891929/;https://www.linkedin.com/jobs/view/4477891929/;Remote;Mid, TI/Tech;10/10/2026;;Rio Grande do Sul;RS;Região Sul;Brasil;América do Sul
36;Bemobi;Tech Manager de Dados (Anti-Fraude);Rio de Janeiro, RJ;09/10 17:00;https://www.linkedin.com/jobs/view/4477862661/;https://media.licdn.com/dms/image/v2/D4E0BAQF_y54vl_YQ5g/company-logo_100_100/B4EZ9G4pSuJgAQ-/0/1783600682425/bemobi_logo?e=1793232000&v=beta&t=TrYZYYZ-j5UQWyLFqNSJfGSlQ2c7FBmf0kilpCI4ryk;Middle > Manager;https://www.linkedin.com/company/bemobi/about/;Dados e Analytics;data engineer OR data analyst OR bi analyst OR arquiteto de dados OR data architect OR database administrator OR administrador de banco de dados OR dba;bemobi;1;;https://www.linkedin.com/jobs/view/4477862661/;https://www.linkedin.com/jobs/view/4477862661/;Remote;Liderança/Gerência, TI/Tech, Dados/Analytics;10/10/2026;;Rio de Janeiro;RJ;Região Sudeste;Brasil;América do Sul
37;Bom Futuro;Analista de Business Intelligence;Cuiabá, MT;09/10 17:00;https://www.linkedin.com/jobs/view/4476853223/;https://media.licdn.com/dms/image/v2/D4D0BAQFG_tWd2zizwg/company-logo_100_100/company-logo_100_100/0/1735234642210/bomfuturooficial_logo?e=1793232000&v=beta&t=w83VJlnwlmXfdpuYZaFEcFJfOzSoQ6l547y6LZMIFE4;Advanced > Specialist;https://www.linkedin.com/company/bom-futuro/about/;Hardware e Eletrônicos;data engineer OR data analyst OR bi analyst OR arquiteto de dados OR data architect OR database administrator OR administrador de banco de dados OR dba;bom futuro;1;;https://www.linkedin.com/jobs/view/4476853223/;https://www.linkedin.com/jobs/view/4476853223/;On-site;Associate;10/10/2026;;Mato Grosso;MT;Região Centro-Oeste;Brasil;América do Sul
38;Bradesco Seguros;PESSOA CIENTISTA DADOS PL (FINANÇAS E INVESTIMENTOS);São Paulo, SP;10/10 09:00;https://www.linkedin.com/jobs/view/4466571967/;https://media.licdn.com/dms/image/v2/D4D0BAQHe7Jmpc_4W3Q/company-logo_100_100/B4DaEXfW7TJMAI-/0/1791395459046/bradesco_seguros_logo?e=1793232000&v=beta&t=2NPiM1jVpgHgk662Mi4Sqejd3rJ18sCG5Z9POU5JI4o;-;https://www.linkedin.com/company/bradesco-seguros/about/;Dados e Analytics;data engineer OR data analyst OR bi analyst OR arquiteto de dados OR data architect OR database administrator OR administrador de banco de dados OR dba;bradesco seguros;1;;https://www.linkedin.com/jobs/view/4466571967/;https://www.linkedin.com/jobs/view/4466571967/;Hybrid;PCD / Afirmativa, Mid, Dados/Analytics, Financeiro/Fiscal;10/10/2026;;São Paulo;SP;Região Sudeste;Brasil;América do Sul
39;Bulgarelli Serviços Financeiros;Analista de planejamento estratégico;São Paulo, SP;09/10 16:00;https://www.linkedin.com/jobs/view/4475258273/;https://media.licdn.com/dms/image/v2/D4D0BAQFGttq5jBAJWg/company-logo_100_100/B4DZh_2CSTHYAY-/0/1754491530058?e=1793232000&v=beta&t=1HtVM0NoL3brmKdjY0i4jnHKNjeeFaGYe9AOFdgbiuM;Advanced > Specialist;https://www.linkedin.com/company/bulgarelli-servi-os-financeiros/about/;Serviços Financeiros;data engineer OR data analyst OR bi analyst OR arquiteto de dados OR data architect OR database administrator OR administrador de banco de dados OR dba;bulgarelli serviços financeiros;1;;https://www.linkedin.com/jobs/view/4475258273/;https://www.linkedin.com/jobs/view/4475258273/;On-site;Associate;10/10/2026;;São Paulo;SP;Região Sudeste;Brasil;América do Sul
40;CAIXA Consórcio;Analista de Inteligência de Negócios Senior;São Paulo, SP;09/10 19:00;https://www.linkedin.com/jobs/view/4477870781/;https://media.licdn.com/dms/image/v2/D4D0BAQHd0O1Ve9ZDeQ/company-logo_100_100/B4DZkUr80YIEAY-/0/1756988690221/caixaconsorcio_logo?e=1793232000&v=beta&t=Wn_8ZjnfUMZeqmQzXNOeX1ICRhm_yXH8zGWrMXGKs_M;Advanced > Specialist;https://www.linkedin.com/company/caixa-cons-rcio/about/;Hardware e Eletrônicos;data engineer OR data analyst OR bi analyst OR arquiteto de dados OR data architect OR database administrator OR administrador de banco de dados OR dba;caixa consórcio;1;;https://www.linkedin.com/jobs/view/4477870781/;https://www.linkedin.com/jobs/view/4477870781/;Hybrid;Senior, Associate;10/10/2026;;São Paulo;SP;Região Sudeste;Brasil;América do Sul
41;CELK Sistemas;Analista de Dados II (Pleno);Brasil;09/10 19:00;https://www.linkedin.com/jobs/view/4475269356/;https://media.licdn.com/dms/image/v2/C4D0BAQGKd9-c_Kph2Q/company-logo_100_100/company-logo_100_100/0/1647009257929/celk_sistemas_logo?e=1793232000&v=beta&t=jVr3asikzr1xKSHXVQb6et9Xtx7zHphMJMkV8IEPp2o;Advanced > Specialist;https://www.linkedin.com/company/celk-sistemas/about/;Dados e Analytics;data engineer OR data analyst OR bi analyst OR arquiteto de dados OR data architect OR database administrator OR administrador de banco de dados OR dba;celk sistemas;1;;https://www.linkedin.com/jobs/view/4475269356/;https://www.linkedin.com/jobs/view/4475269356/;Remote;Mid, Associate, Dados/Analytics;10/10/2026;;;;;Brasil;América do Sul
42;CI&T;Data developer (Python, FICO DMPS e FICO DM (ou Blaze Advisor), Brasil;Brasil;10/10 09:00;https://www.linkedin.com/jobs/view/4469235904/;https://media.licdn.com/dms/image/v2/D4E0BAQHeZyGQWQJb7g/company-logo_100_100/B4EZ89lXBZJEAI-/0/1783444632002/ciandt_logo?e=1793232000&v=beta&t=4U47Osay6K7hoxSnCUFQXFyKgOM1m3mFgv0sZHrMRvo;Data & Ai > Data Engineering;https://www.linkedin.com/company/ci-t/about/;Dados e Analytics;data engineer OR data analyst OR bi analyst OR arquiteto de dados OR data architect OR database administrator OR administrador de banco de dados OR dba;ci&t;1;;https://www.linkedin.com/jobs/view/4469235904/;https://www.linkedin.com/jobs/view/4469235904/;Remote;Dados/Analytics;10/10/2026;;;;;Brasil;América do Sul
43;CI&T;Senior Data Engineer - Databricks;Brasil;09/10 17:00;https://www.linkedin.com/jobs/view/4477850680/;https://media.licdn.com/dms/image/v2/D4E0BAQHeZyGQWQJb7g/company-logo_100_100/B4EZ89lXBZJEAI-/0/1783444632002/ciandt_logo?e=1793232000&v=beta&t=4U47Osay6K7hoxSnCUFQXFyKgOM1m3mFgv0sZHrMRvo;Data & Ai > Data Engineering;https://www.linkedin.com/company/ci-t/about/;Dados e Analytics;data engineer OR data analyst OR bi analyst OR arquiteto de dados OR data architect OR database administrator OR administrador de banco de dados OR dba;ci&t;1;;https://www.linkedin.com/jobs/view/4477850680/;https://www.linkedin.com/jobs/view/4477850680/;Remote;Senior, Dados/Analytics, Engenharia Geral;10/10/2026;;;;;Brasil;América do Sul
44;CI&T;Tech Lead Data - Databricks;Brasil;09/10 17:00;https://www.linkedin.com/jobs/view/4477865146/;https://media.licdn.com/dms/image/v2/D4E0BAQHeZyGQWQJb7g/company-logo_100_100/B4EZ89lXBZJEAI-/0/1783444632002/ciandt_logo?e=1793232000&v=beta&t=4U47Osay6K7hoxSnCUFQXFyKgOM1m3mFgv0sZHrMRvo;Data & Ai > Data Engineering;https://www.linkedin.com/company/ci-t/about/;Dados e Analytics;data engineer OR data analyst OR bi analyst OR arquiteto de dados OR data architect OR database administrator OR administrador de banco de dados OR dba;ci&t;1;;https://www.linkedin.com/jobs/view/4477865146/;https://www.linkedin.com/jobs/view/4477865146/;Remote;Mid, Liderança/Gerência, TI/Tech, Dados/Analytics;10/10/2026;;;;;Brasil;América do Sul
45;Capco;Arquiteto de Dados - Remoto;São Paulo, SP;09/10 15:00;https://www.linkedin.com/jobs/view/4477847124/;https://media.licdn.com/dms/image/v2/D4E0BAQFVit2NSNt1Fg/company-logo_100_100/B4EZ6yBRRFKoAM-/0/1781103138079/capco_logo?e=1793232000&v=beta&t=JB6QZ_toVdOoy3rrag7AH9vd2wMyb5flqTiRH8OqNUU;Architecture;https://www.linkedin.com/company/capco/about/;Dados e Analytics;data engineer OR data analyst OR bi analyst OR arquiteto de dados OR data architect OR database administrator OR administrador de banco de dados OR dba;capco;1;;https://www.linkedin.com/jobs/view/4477847124/;https://www.linkedin.com/jobs/view/4477847124/;Hybrid;Dados/Analytics;10/10/2026;;São Paulo;SP;Região Sudeste;Brasil;América do Sul
46;Capco;Desenvolvedor Fullstack Pleno - COM INGLÊS - Híbrido - Barueri/SP;São Paulo, SP;09/10 15:00;https://www.linkedin.com/jobs/view/4477836683/;https://media.licdn.com/dms/image/v2/D4E0BAQFVit2NSNt1Fg/company-logo_100_100/B4EZ6yBRRFKoAM-/0/1781103138079/capco_logo?e=1793232000&v=beta&t=JB6QZ_toVdOoy3rrag7AH9vd2wMyb5flqTiRH8OqNUU;-;https://www.linkedin.com/company/capco/about/;-;data engineer OR data analyst OR bi analyst OR arquiteto de dados OR data architect OR database administrator OR administrador de banco de dados OR dba;capco;1;;https://www.linkedin.com/jobs/view/4477836683/;https://www.linkedin.com/jobs/view/4477836683/;Hybrid;Mid, Full Stack;10/10/2026;;São Paulo;SP;Região Sudeste;Brasil;América do Sul
47;Capco;Engenheiro de Dados Pleno - Remoto;São Paulo, SP;09/10 15:00;https://www.linkedin.com/jobs/view/4477841439/;https://media.licdn.com/dms/image/v2/D4E0BAQFVit2NSNt1Fg/company-logo_100_100/B4EZ6yBRRFKoAM-/0/1781103138079/capco_logo?e=1793232000&v=beta&t=JB6QZ_toVdOoy3rrag7AH9vd2wMyb5flqTiRH8OqNUU;-;https://www.linkedin.com/company/capco/about/;Dados e Analytics;data engineer OR data analyst OR bi analyst OR arquiteto de dados OR data architect OR database administrator OR administrador de banco de dados OR dba;capco;1;;https://www.linkedin.com/jobs/view/4477841439/;https://www.linkedin.com/jobs/view/4477841439/;Hybrid;Mid, Dados/Analytics;10/10/2026;;São Paulo;SP;Região Sudeste;Brasil;América do Sul
48;Capco;Engenheiro de Dados Senior - Remoto;São Paulo, SP;09/10 15:00;https://www.linkedin.com/jobs/view/4477847102/;https://media.licdn.com/dms/image/v2/D4E0BAQFVit2NSNt1Fg/company-logo_100_100/B4EZ6yBRRFKoAM-/0/1781103138079/capco_logo?e=1793232000&v=beta&t=JB6QZ_toVdOoy3rrag7AH9vd2wMyb5flqTiRH8OqNUU;-;https://www.linkedin.com/company/capco/about/;Dados e Analytics;data engineer OR data analyst OR bi analyst OR arquiteto de dados OR data architect OR database administrator OR administrador de banco de dados OR dba;capco;1;;https://www.linkedin.com/jobs/view/4477847102/;https://www.linkedin.com/jobs/view/4477847102/;Hybrid;Senior, Dados/Analytics;10/10/2026;;São Paulo;SP;Região Sudeste;Brasil;América do Sul
49;Capco;Sr Data Migration / Data Quality - COM INGLÊS - Remoto;São Paulo, SP;09/10 15:00;https://www.linkedin.com/jobs/view/4477843281/;https://media.licdn.com/dms/image/v2/D4E0BAQFVit2NSNt1Fg/company-logo_100_100/B4EZ6yBRRFKoAM-/0/1781103138079/capco_logo?e=1793232000&v=beta&t=JB6QZ_toVdOoy3rrag7AH9vd2wMyb5flqTiRH8OqNUU;Data & Ai > Data Engineering;https://www.linkedin.com/company/capco/about/;Dados e Analytics;data engineer OR data analyst OR bi analyst OR arquiteto de dados OR data architect OR database administrator OR administrador de banco de dados OR dba;capco;1;;https://www.linkedin.com/jobs/view/4477843281/;https://www.linkedin.com/jobs/view/4477843281/;Hybrid;Senior, Dados/Analytics, Testes / QA;10/10/2026;;São Paulo;SP;Região Sudeste;Brasil;América do Sul
50;Cargill;Senior Consultant, People Data Governance & Enablement;São Paulo, SP;10/10 03:00;https://www.linkedin.com/jobs/view/4475298615/;https://media.licdn.com/dms/image/v2/D560BAQE-JavwZhEueQ/company-logo_100_100/B56ZVIHolwGoAQ-/0/1740671715990/cargill_logo?e=1793232000&v=beta&t=w3Qv8wAfZjwKcQfSwgY5gUWmytdnOz1AHQqVI4KB6Sg;Data & Ai > Data Engineering;https://www.linkedin.com/company/cargill/about/;Dados e Analytics;data engineer OR data analyst OR bi analyst OR arquiteto de dados OR data architect OR database administrator OR administrador de banco de dados OR dba;cargill;1;;https://www.linkedin.com/jobs/view/4475298615/;https://www.linkedin.com/jobs/view/4475298615/;On-site;Senior, Consultor, Dados/Analytics;10/10/2026;;São Paulo;SP;Região Sudeste;Brasil;América do Sul
51;Caterpillar Inc.;Senior IT Analyst – Software Asset Management & Flexera;Piracicaba, SP;09/10 23:00;https://www.linkedin.com/jobs/view/4478010798/;https://media.licdn.com/dms/image/v2/D4E0BAQGezvfCH-inoA/company-logo_100_100/B4EZuz4cAhKgAU-/0/1768249475691/caterpillar_inc_logo?e=1793232000&v=beta&t=m8zCgkr9iBlyrqMi0TNYhRzoKYW3j4DAttx7zca-O0c;Middle > Manager;https://www.linkedin.com/company/caterpillar-inc/about/;Software e Serviços de TI;data engineer OR data analyst OR bi analyst OR arquiteto de dados OR data architect OR database administrator OR administrador de banco de dados OR dba;caterpillar inc.;1;;https://www.linkedin.com/jobs/view/4478010798/;https://www.linkedin.com/jobs/view/4478010798/;Not informed;Senior, TI/Tech;10/10/2026;;São Paulo;SP;Região Sudeste;Brasil;América do Sul
52;Cobasi;ANALISTA DE INDICADORES SR;São Paulo, SP;09/10 18:00;https://www.linkedin.com/jobs/view/4477872446/;https://media.licdn.com/dms/image/v2/D4D0BAQFez2V4tkbMdg/company-logo_100_100/B4DZvHzf5NIgAQ-/0/1768583725057/cobasi_logo?e=1793232000&v=beta&t=yS25qZx6MqMvpbNjneRGwL48nZDmXukrnPdMPUkf-h8;Advanced > Specialist;https://www.linkedin.com/company/cobasi/about/;Cuidado Animal;data engineer OR data analyst OR bi analyst OR arquiteto de dados OR data architect OR database administrator OR administrador de banco de dados OR dba;cobasi;1;;https://www.linkedin.com/jobs/view/4477872446/;https://www.linkedin.com/jobs/view/4477872446/;Hybrid;Senior, Associate;10/10/2026;;São Paulo;SP;Região Sudeste;Brasil;América do Sul
53;Companhia Industrial Cataguases;Analista de Sistemas Pleno - MG;Brasil;09/10 23:00;https://www.linkedin.com/jobs/view/4475600105/;https://media.licdn.com/dms/image/v2/D4D0BAQGtrZSbZaC8KQ/company-logo_100_100/B4DZuZXyALJkAQ-/0/1767804707483/cataguases_logo?e=1793232000&v=beta&t=nGQxljlqxaWdvouTB5s5yFwEBtCTgl0oZlRZF0rnx3g;Advanced > Specialist;https://www.linkedin.com/company/companhia-industrial-cataguases/about/;Manufatura e Produção;data engineer OR data analyst OR bi analyst OR arquiteto de dados OR data architect OR database administrator OR administrador de banco de dados OR dba;companhia industrial cataguases;1;;https://www.linkedin.com/jobs/view/4475600105/;https://www.linkedin.com/jobs/view/4475600105/;On-site;Mid, Associate, TI/Tech;10/10/2026;;;;;Brasil;América do Sul
54;Concentrix;Supervisor de NID;Curitiba, PR;09/10 15:00;https://www.linkedin.com/jobs/view/4477834905/;https://media.licdn.com/dms/image/v2/D4D0BAQE7MK0289c3WQ/company-logo_100_100/B4DZ48c1XBJUAI-/0/1779130652451/concentrix_logo?e=1793232000&v=beta&t=V_GdSR-4C8RwTqvLjIEsHgOjoy5Hdbifm150zHnz8Ls;Middle > Manager;https://www.linkedin.com/company/concentrix/about/;-;data engineer OR data analyst OR bi analyst OR arquiteto de dados OR data architect OR database administrator OR administrador de banco de dados OR dba;concentrix;1;;https://www.linkedin.com/jobs/view/4477834905/;https://www.linkedin.com/jobs/view/4477834905/;Hybrid;Mid, Liderança/Gerência;10/10/2026;;Paraná;PR;Região Sul;Brasil;América do Sul
55;Confidencial;Gerente de TI;SP;10/10 10:00;https://www.linkedin.com/jobs/view/4478071154/;missing logo;Middle > Manager;https://www.linkedin.com/company/confidencial/about/;Software e Serviços de TI;data engineer OR data analyst OR bi analyst OR arquiteto de dados OR data architect OR database administrator OR administrador de banco de dados OR dba;confidencial;1;;https://www.linkedin.com/jobs/view/4478071154/;https://www.linkedin.com/jobs/view/4478071154/;On-site;Mid, Liderança/Gerência, TI/Tech;10/10/2026;;São Paulo;SP;Região Sudeste;Brasil;América do Sul
56;Coocerqui;Analista de CRM - SP;Brasil;09/10 23:00;https://www.linkedin.com/jobs/view/4475299038/;https://media.licdn.com/dms/image/v2/D4E0BAQGGxG-g3epwBw/company-logo_100_100/company-logo_100_100/0/1703003972602?e=1793232000&v=beta&t=UdRHmxgD83WSnqchafpgjPcta2f0H8z5igyXkKGMv7E;Advanced > Specialist;https://www.linkedin.com/company/coocerqui/about/;-;data engineer OR data analyst OR bi analyst OR arquiteto de dados OR data architect OR database administrator OR administrador de banco de dados OR dba;coocerqui;1;;https://www.linkedin.com/jobs/view/4475299038/;https://www.linkedin.com/jobs/view/4475299038/;On-site;Associate, Salesforce/CRM;10/10/2026;;;;;Brasil;América do Sul
57;Cruzeiro do Sul Educacional;Consultor(a) de Dados — Revenue Management;São Paulo, SP;09/10 16:00;https://www.linkedin.com/jobs/view/4475247567/;https://media.licdn.com/dms/image/v2/D4D0BAQHrH5Mxe7hCeQ/company-logo_100_100/company-logo_100_100/0/1702649536215/cruzeirodosul_educacional_logo?e=1793232000&v=beta&t=Wgkam2rnOei_wlRfEkEU_H_NSGMrQdJPGHGjGGIsNZs;Middle > Manager;https://www.linkedin.com/company/cruzeiro-do-sul-educacional/about/;Dados e Analytics;data engineer OR data analyst OR bi analyst OR arquiteto de dados OR data architect OR database administrator OR administrador de banco de dados OR dba;cruzeiro do sul educacional;1;;https://www.linkedin.com/jobs/view/4475247567/;https://www.linkedin.com/jobs/view/4475247567/;On-site;Consultor, Dados/Analytics, Executivo de Contas;10/10/2026;;São Paulo;SP;Região Sudeste;Brasil;América do Sul
58;DHL Supply Chain;Agente de Transformação e Inovação JR (Qualidade);Grande São Paulo (SP) ;09/10 20:00;https://www.linkedin.com/jobs/view/4476767365/;https://media.licdn.com/dms/image/v2/D4E0BAQHAczFDtVyvow/company-logo_100_100/B4EZ8hy2W5IsAI-/0/1782978406030/dhl_supply_chain_logo?e=1793232000&v=beta&t=UTrFR_E41IsPnmdxD9uPh1bC9aUKFIIo5mUnwnHePTs;-;https://www.linkedin.com/company/dhl-supply-chain/about/;Logística e Supply Chain;data engineer OR data analyst OR bi analyst OR arquiteto de dados OR data architect OR database administrator OR administrador de banco de dados OR dba;dhl supply chain;1;;https://www.linkedin.com/jobs/view/4476767365/;https://www.linkedin.com/jobs/view/4476767365/;Not informed;Junior, Change Mgt, Inovação/P&D;10/10/2026;;São Paulo;SP;Região Sudeste;Brasil;América do Sul
59;DHL Supply Chain;Coordenação de Transformação e Inovação (Qualidade);Guarulhos, SP;09/10 20:00;https://www.linkedin.com/jobs/view/4476765447/;https://media.licdn.com/dms/image/v2/D4E0BAQHAczFDtVyvow/company-logo_100_100/B4EZ8hy2W5IsAI-/0/1782978406030/dhl_supply_chain_logo?e=1793232000&v=beta&t=UTrFR_E41IsPnmdxD9uPh1bC9aUKFIIo5mUnwnHePTs;-;https://www.linkedin.com/company/dhl-supply-chain/about/;Logística e Supply Chain;data engineer OR data analyst OR bi analyst OR arquiteto de dados OR data architect OR database administrator OR administrador de banco de dados OR dba;dhl supply chain;1;;https://www.linkedin.com/jobs/view/4476765447/;https://www.linkedin.com/jobs/view/4476765447/;Not informed;Mid, Change Mgt, Inovação/P&D;10/10/2026;;São Paulo;SP;Região Sudeste;Brasil;América do Sul
60;DIGISYSTEM - IT Solutions;Analista de Sistemas /Suporte III;Fortaleza, CE;09/10 22:00;https://www.linkedin.com/jobs/view/4477899684/;https://media.licdn.com/dms/image/v2/D4D0BAQGA1uEmsE4iDw/company-logo_100_100/B4DaA1Q1YjHsAI-/0/1787600000776/digisystem_logo?e=1793232000&v=beta&t=rrQJGLu1Tqf8Reon1HlygxAeChUUQHvDE-IuyB9IFDM;Advanced > Specialist;https://www.linkedin.com/company/digisystem-it-solutions/about/;Software e Serviços de TI;data engineer OR data analyst OR bi analyst OR arquiteto de dados OR data architect OR database administrator OR administrador de banco de dados OR dba;digisystem - it solutions;1;;https://www.linkedin.com/jobs/view/4477899684/;https://www.linkedin.com/jobs/view/4477899684/;On-site;Associate, TI/Tech;10/10/2026;Fortaleza;Ceará;CE;Região Nordeste;Brasil;América do Sul
61;DIGISYSTEM - IT Solutions;Analista de Sistemas /Suporte III;Fortaleza, CE;09/10 22:00;https://www.linkedin.com/jobs/view/4478003564/;https://media.licdn.com/dms/image/v2/D4D0BAQGA1uEmsE4iDw/company-logo_100_100/B4DaA1Q1YjHsAI-/0/1787600000776/digisystem_logo?e=1793232000&v=beta&t=rrQJGLu1Tqf8Reon1HlygxAeChUUQHvDE-IuyB9IFDM;Advanced > Specialist;https://www.linkedin.com/company/digisystem-it-solutions/about/;Software e Serviços de TI;data engineer OR data analyst OR bi analyst OR arquiteto de dados OR data architect OR database administrator OR administrador de banco de dados OR dba;digisystem - it solutions;1;;https://www.linkedin.com/jobs/view/4478003564/;https://www.linkedin.com/jobs/view/4478003564/;On-site;Associate, TI/Tech;10/10/2026;Fortaleza;Ceará;CE;Região Nordeste;Brasil;América do Sul
62;Danone;Cientista de Dados Sênior - São Paulo, SP;São Paulo, SP;09/10 21:00;https://www.linkedin.com/jobs/view/4477898083/;https://media.licdn.com/dms/image/v2/D4E0BAQHsN7SvwFC79A/company-logo_100_100/company-logo_100_100/0/1695830358102/danone_logo?e=1793232000&v=beta&t=lMhfmk6LmyYBmQpYkN3s_fCwYfGLqkooKjSGrrn34ys;-;https://www.linkedin.com/company/danone/about/;Dados e Analytics;data engineer OR data analyst OR bi analyst OR arquiteto de dados OR data architect OR database administrator OR administrador de banco de dados OR dba;danone;1;;https://www.linkedin.com/jobs/view/4477898083/;https://www.linkedin.com/jobs/view/4477898083/;Hybrid;Senior, Dados/Analytics;10/10/2026;;São Paulo;SP;Região Sudeste;Brasil;América do Sul
63;Danone;Engenheiro de Dados Pleno - São Paulo, SP;São Paulo, SP;09/10 21:00;https://www.linkedin.com/jobs/view/4477887657/;https://media.licdn.com/dms/image/v2/D4E0BAQHsN7SvwFC79A/company-logo_100_100/company-logo_100_100/0/1695830358102/danone_logo?e=1793232000&v=beta&t=lMhfmk6LmyYBmQpYkN3s_fCwYfGLqkooKjSGrrn34ys;-;https://www.linkedin.com/company/danone/about/;Dados e Analytics;data engineer OR data analyst OR bi analyst OR arquiteto de dados OR data architect OR database administrator OR administrador de banco de dados OR dba;danone;1;;https://www.linkedin.com/jobs/view/4477887657/;https://www.linkedin.com/jobs/view/4477887657/;Hybrid;Mid, Dados/Analytics;10/10/2026;;São Paulo;SP;Região Sudeste;Brasil;América do Sul
64;Dexian;Engenheiro(a) de Dados | GCP;Barueri, SP;09/10 16:00;https://www.linkedin.com/jobs/view/4476829827/;https://media.licdn.com/dms/image/v2/D560BAQGXx9Ix2Tcwqg/company-logo_100_100/company-logo_100_100/0/1738000396255/dexiansolutions_logo?e=1793232000&v=beta&t=cyWvKw0v4fSmu6kzcOfeHYIQFIzL-T50gfbfsi0gHTA;-;https://www.linkedin.com/company/dexian/about/;Dados e Analytics;data engineer OR data analyst OR bi analyst OR arquiteto de dados OR data architect OR database administrator OR administrador de banco de dados OR dba;dexian;1;;https://www.linkedin.com/jobs/view/4476829827/;https://www.linkedin.com/jobs/view/4476829827/;Hybrid;Cloud (AWS/GCP/Azure), Dados/Analytics;10/10/2026;;São Paulo;SP;Região Sudeste;Brasil;América do Sul
65;Dexian;Engenheiro(a) de Machine Learning Especialista;Barueri, SP;09/10 15:00;https://www.linkedin.com/jobs/view/4476847054/;https://media.licdn.com/dms/image/v2/D560BAQGXx9Ix2Tcwqg/company-logo_100_100/company-logo_100_100/0/1738000396255/dexiansolutions_logo?e=1793232000&v=beta&t=cyWvKw0v4fSmu6kzcOfeHYIQFIzL-T50gfbfsi0gHTA;Advanced > Specialist;https://www.linkedin.com/company/dexian/about/;Inteligência Artificial;data engineer OR data analyst OR bi analyst OR arquiteto de dados OR data architect OR database administrator OR administrador de banco de dados OR dba;dexian;1;;https://www.linkedin.com/jobs/view/4476847054/;https://www.linkedin.com/jobs/view/4476847054/;Hybrid;Machine Learning, Specialist;10/10/2026;;São Paulo;SP;Região Sudeste;Brasil;América do Sul
66;Dominalog Express;Analista de Logística;Maracanaú, CE;09/10 18:00;https://www.linkedin.com/jobs/view/4477865778/;https://media.licdn.com/dms/image/v2/C4E0BAQFU2fO6itfuFg/company-logo_100_100/company-logo_100_100/0/1630605049800/dominalog_express_logo?e=1793232000&v=beta&t=VQpizPHmA6RygecjD-Z0XIqMZhFzdAKx3YgHHqjTaro;Advanced > Specialist;https://www.linkedin.com/company/dominalog-express/about/;Logística e Supply Chain;data engineer OR data analyst OR bi analyst OR arquiteto de dados OR data architect OR database administrator OR administrador de banco de dados OR dba;dominalog express;1;;https://www.linkedin.com/jobs/view/4477865778/;https://www.linkedin.com/jobs/view/4477865778/;On-site;Associate, Logística/Supply;10/10/2026;;Ceará;CE;Região Nordeste;Brasil;América do Sul
67;Domo Inovação;Administrador de Banco de Dados Sênior;Brasil;10/10 07:00;https://www.linkedin.com/jobs/view/4475620263/;https://media.licdn.com/dms/image/v2/C4D0BAQGJB8ksG0E17A/company-logo_100_100/company-logo_100_100/0/1630516740137?e=1793232000&v=beta&t=ar-_Xcny9g0kBbKPwsc_7MRqWWbnTnK9vdXeqmBOefc;-;https://www.linkedin.com/company/domo-inova-o/about/;Dados e Analytics;data engineer OR data analyst OR bi analyst OR arquiteto de dados OR data architect OR database administrator OR administrador de banco de dados OR dba;domo inovação;1;;https://www.linkedin.com/jobs/view/4475620263/;https://www.linkedin.com/jobs/view/4475620263/;Remote;Senior, Dados/Analytics;10/10/2026;;;;;Brasil;América do Sul
68;EBANX;Machine Learning Engineering Specialist;Curitiba, PR;10/10 09:00;https://www.linkedin.com/jobs/view/4469255271/;https://media.licdn.com/dms/image/v2/C4D0BAQGeN3tRIIskUg/company-logo_100_100/company-logo_100_100/0/1646913266040/ebanx_logo?e=1793232000&v=beta&t=JvfuijA4iTeWVESQCGkjYbtg30A6RI_nPMMPaL40c7o;Advanced > Information Technology;https://www.linkedin.com/company/ebanx/about/;Inteligência Artificial;data engineer OR data analyst OR bi analyst OR arquiteto de dados OR data architect OR database administrator OR administrador de banco de dados OR dba;ebanx;1;;https://www.linkedin.com/jobs/view/4469255271/;https://www.linkedin.com/jobs/view/4469255271/;On-site;Machine Learning, Specialist, Engenharia Geral;10/10/2026;;Paraná;PR;Região Sul;Brasil;América do Sul
69;ECO3;Estágiario(a) em Dados, Automação e Transformação Digital;SP;09/10 15:00;https://www.linkedin.com/jobs/view/4476833437/;https://media.licdn.com/dms/image/v2/D4E0BAQFiGHhqnV4BSw/company-logo_100_100/company-logo_100_100/0/1680763935299/eco_3_logo?e=1793232000&v=beta&t=GWDGwwAREs7cklLOx7-07v4uytipc6OItPQ3BbDhhZs;Advanced > Process & Automation;https://www.linkedin.com/company/eco3/about/;Dados e Analytics;data engineer OR data analyst OR bi analyst OR arquiteto de dados OR data architect OR database administrator OR administrador de banco de dados OR dba;eco3;1;;https://www.linkedin.com/jobs/view/4476833437/;https://www.linkedin.com/jobs/view/4476833437/;Hybrid;Intern, TI/Tech, Change Mgt, Dados/Analytics;10/10/2026;;São Paulo;SP;Região Sudeste;Brasil;América do Sul
70;EISA - Empresa Interagrícola S.A.;Analista de Desenvolvimento de Sistemas Pleno - Python, Django, React e SQL Server;São Paulo, SP;09/10 20:00;https://www.linkedin.com/jobs/view/4477873951/;https://media.licdn.com/dms/image/v2/D4D0BAQEvlXugysJQJw/company-logo_100_100/B4DZ8.FNgZGkAI-/0/1783452981493/eisa_empresa_interagr_cola_s_a__logo?e=1793232000&v=beta&t=Hu82_24oj_PE22EYd_6mzGjWCdf-oi_Cs44LeooA4TQ;Advanced > Specialist;https://www.linkedin.com/company/eisa-empresa-interagr-cola-s-a/about/;Software e Serviços de TI;data engineer OR data analyst OR bi analyst OR arquiteto de dados OR data architect OR database administrator OR administrador de banco de dados OR dba;eisa - empresa interagrícola s.a.;1;;https://www.linkedin.com/jobs/view/4477873951/;https://www.linkedin.com/jobs/view/4477873951/;Remote;Mid, Associate, TI/Tech;10/10/2026;;São Paulo;SP;Região Sudeste;Brasil;América do Sul
71;EISA - Empresa Interagrícola S.A.;Especialista de Desenvolvimento de Sistemas - Solução Azure Cloud [C#/Angular];São Paulo, SP;09/10 20:00;https://www.linkedin.com/jobs/view/4477882734/;https://media.licdn.com/dms/image/v2/D4D0BAQEvlXugysJQJw/company-logo_100_100/B4DZ8.FNgZGkAI-/0/1783452981493/eisa_empresa_interagr_cola_s_a__logo?e=1793232000&v=beta&t=Hu82_24oj_PE22EYd_6mzGjWCdf-oi_Cs44LeooA4TQ;Specific > Cloud;https://www.linkedin.com/company/eisa-empresa-interagr-cola-s-a/about/;Software e Serviços de TI;data engineer OR data analyst OR bi analyst OR arquiteto de dados OR data architect OR database administrator OR administrador de banco de dados OR dba;eisa - empresa interagrícola s.a.;1;;https://www.linkedin.com/jobs/view/4477882734/;https://www.linkedin.com/jobs/view/4477882734/;Remote;Specialist, Cloud (AWS/GCP/Azure), TI/Tech;10/10/2026;;São Paulo;SP;Região Sudeste;Brasil;América do Sul
72;EVT IT;Data Engineer Sênior - Databricks  (68703);São Paulo, SP;09/10 22:00;https://www.linkedin.com/jobs/view/4476888114/;https://media.licdn.com/dms/image/v2/D4D0BAQG_7GD7TDytvQ/company-logo_100_100/company-logo_100_100/0/1688671566546/evtit_logo?e=1793232000&v=beta&t=nILKyZ70LNhBRy_0Pou5MV3DdLPUZQbXm7uOdtSo4dA;Data & Ai > Data Engineering;https://www.linkedin.com/company/evt-it/about/;Dados e Analytics;data engineer OR data analyst OR bi analyst OR arquiteto de dados OR data architect OR database administrator OR administrador de banco de dados OR dba;evt it;1;;https://www.linkedin.com/jobs/view/4476888114/;https://www.linkedin.com/jobs/view/4476888114/;Remote;Senior, Dados/Analytics, Engenharia Geral;10/10/2026;;São Paulo;SP;Região Sudeste;Brasil;América do Sul
73;Edge;Especialista de Performance Comercial;São Paulo, SP;09/10 15:00;https://www.linkedin.com/jobs/view/4476843019/;https://media.licdn.com/dms/image/v2/D4D0BAQELQjEkmrj7rw/company-logo_100_100/B4DZ48oiipJ4AI-/0/1779133720990/edgegas_logo?e=1793232000&v=beta&t=G_f33Y2i0UWI5_nvL-ISDO3VF6CHqLZrBUJ5PIzaFV8;Advanced > Specialist;https://www.linkedin.com/company/edge/about/;Vendas e Suporte;data engineer OR data analyst OR bi analyst OR arquiteto de dados OR data architect OR database administrator OR administrador de banco de dados OR dba;edge;1;;https://www.linkedin.com/jobs/view/4476843019/;https://www.linkedin.com/jobs/view/4476843019/;Hybrid;Specialist, Vendas / Comercial;10/10/2026;;São Paulo;SP;Região Sudeste;Brasil;América do Sul
74;Electrolux Group;Analista de Cuidado ao Consumidor JR;São Paulo, SP;09/10 19:00;https://www.linkedin.com/jobs/view/4477870725/;https://media.licdn.com/dms/image/v2/C4E0BAQEZiaaUvM-yOg/company-logo_100_100/company-logo_100_100/0/1631372210419?e=1793232000&v=beta&t=tXrTwDftYdaO8h35D9xLacUTTJ-JIEzhD1jqx8wehJU;Advanced > Specialist;https://www.linkedin.com/company/electrolux-group/about/;-;data engineer OR data analyst OR bi analyst OR arquiteto de dados OR data architect OR database administrator OR administrador de banco de dados OR dba;electrolux group;1;;https://www.linkedin.com/jobs/view/4477870725/;https://www.linkedin.com/jobs/view/4477870725/;Not informed;Mid, Junior, Associate;10/10/2026;;São Paulo;SP;Região Sudeste;Brasil;América do Sul
75;ElevenLabs;Lead Generation Strategy and Operations;Brasil;09/10 15:00;https://www.linkedin.com/jobs/view/4477835864/;https://media.licdn.com/dms/image/v2/C4D0BAQG8vBl8F4QX1w/company-logo_100_100/company-logo_100_100/0/1668126895834/elevenlabsio_logo?e=1793232000&v=beta&t=PHpqXp7QoOH0mEDpfNLfpJpQ7ZxxGiIpIVdEUWEbwEQ;Middle > Manager;https://www.linkedin.com/company/elevenlabs/about/;Software e Serviços de TI;data engineer OR data analyst OR bi analyst OR arquiteto de dados OR data architect OR database administrator OR administrador de banco de dados OR dba;elevenlabs;1;;https://www.linkedin.com/jobs/view/4477835864/;https://www.linkedin.com/jobs/view/4477835864/;Remote;Mid, Liderança/Gerência;10/10/2026;;;;;Brasil;América do Sul
76;Empresa Confidencial;Analista Sênior de Crédito e Risco;SP;09/10 17:00;https://www.linkedin.com/jobs/view/4475250728/;https://media.licdn.com/dms/image/v2/D4D0BAQE5LKe2moMnHg/company-logo_100_100/company-logo_100_100/0/1736630274411/empresa_confidencial_logo?e=1793232000&v=beta&t=TEYIvZfj6ZsPsh6WQWYjqWe3WYMoQl2seValkG23zqg;Advanced > Specialist;https://www.linkedin.com/company/empresa-confidencial/about/;Software e Serviços de TI;data engineer OR data analyst OR bi analyst OR arquiteto de dados OR data architect OR database administrator OR administrador de banco de dados OR dba;empresa confidencial;1;;https://www.linkedin.com/jobs/view/4475250728/;https://www.linkedin.com/jobs/view/4475250728/;On-site;Senior, Associate;10/10/2026;;São Paulo;SP;Região Sudeste;Brasil;América do Sul
77;Equifax;Analista de Políticas de Crédito Pleno;Barueri, SP;10/10 11:00;https://www.linkedin.com/jobs/view/4468048163/;https://media.licdn.com/dms/image/v2/D4E0BAQEnTJSK5x_v8Q/company-logo_100_100/company-logo_100_100/0/1719837460563/equifax_logo?e=1793232000&v=beta&t=ksFdLqXhnKlZnBRcVNl5jH8P0FfJkr4UHTFfGEMInmg;Advanced > Specialist;https://www.linkedin.com/company/equifax/about/;Software e Serviços de TI;data engineer OR data analyst OR bi analyst OR arquiteto de dados OR data architect OR database administrator OR administrador de banco de dados OR dba;equifax;1;;https://www.linkedin.com/jobs/view/4468048163/;https://www.linkedin.com/jobs/view/4468048163/;Not informed;Mid, Associate;10/10/2026;;São Paulo;SP;Região Sudeste;Brasil;América do Sul
78;Equifax;Estágio em Ciência de Dados (Modelagem);Barueri, SP;09/10 15:00;https://www.linkedin.com/jobs/view/4458914265/;https://media.licdn.com/dms/image/v2/D4E0BAQEnTJSK5x_v8Q/company-logo_100_100/company-logo_100_100/0/1719837460563/equifax_logo?e=1793232000&v=beta&t=ksFdLqXhnKlZnBRcVNl5jH8P0FfJkr4UHTFfGEMInmg;-;https://www.linkedin.com/company/equifax/about/;Dados e Analytics;data engineer OR data analyst OR bi analyst OR arquiteto de dados OR data architect OR database administrator OR administrador de banco de dados OR dba;equifax;1;;https://www.linkedin.com/jobs/view/4458914265/;https://www.linkedin.com/jobs/view/4458914265/;Not informed;Intern, Dados/Analytics;10/10/2026;;São Paulo;SP;Região Sudeste;Brasil;América do Sul
79;Equifax;Tech Lead Analytics Platform;Barueri, SP;09/10 15:00;https://www.linkedin.com/jobs/view/4431280734/;https://media.licdn.com/dms/image/v2/D4E0BAQEnTJSK5x_v8Q/company-logo_100_100/company-logo_100_100/0/1719837460563/equifax_logo?e=1793232000&v=beta&t=ksFdLqXhnKlZnBRcVNl5jH8P0FfJkr4UHTFfGEMInmg;Data & Ai > BI Analytics And Big Data;https://www.linkedin.com/company/equifax/about/;Dados e Analytics;data engineer OR data analyst OR bi analyst OR arquiteto de dados OR data architect OR database administrator OR administrador de banco de dados OR dba;equifax;1;;https://www.linkedin.com/jobs/view/4431280734/;https://www.linkedin.com/jobs/view/4431280734/;Not informed;Mid, Liderança/Gerência, TI/Tech, Dados/Analytics;10/10/2026;;São Paulo;SP;Região Sudeste;Brasil;América do Sul
80;Espro;Analista B.I;SP;09/10 15:00;https://www.linkedin.com/jobs/view/4475258048/;https://media.licdn.com/dms/image/v2/C4D0BAQE-HVkhJ1hn_Q/company-logo_100_100/company-logo_100_100/0/1680015813363/esprooficial_logo?e=1793232000&v=beta&t=G8gUK4MNkmLQ-5V9wIXA2l2JGKNUaXQ0WEbr1I9BxAA;Advanced > Specialist;https://www.linkedin.com/company/espro/about/;-;data engineer OR data analyst OR bi analyst OR arquiteto de dados OR data architect OR database administrator OR administrador de banco de dados OR dba;espro;1;;https://www.linkedin.com/jobs/view/4475258048/;https://www.linkedin.com/jobs/view/4475258048/;Hybrid;Associate;10/10/2026;;São Paulo;SP;Região Sudeste;Brasil;América do Sul
81;Evertec Brasil;Engenheiro De Software Jr | SQL;São Paulo, SP;10/10 09:00;https://www.linkedin.com/jobs/view/4468020636/;https://media.licdn.com/dms/image/v2/D4D0BAQGG_PyIEk0O0w/company-logo_100_100/B4DZfW8646GkAU-/0/1751657983926/evertecbr_logo?e=1793232000&v=beta&t=Ek0L5mCJU2xht1F6-afGQEas2MIHTrRfpnv10i51LHc;-;https://www.linkedin.com/company/evertec-brasil/about/;Software e Serviços de TI;data engineer OR data analyst OR bi analyst OR arquiteto de dados OR data architect OR database administrator OR administrador de banco de dados OR dba;evertec brasil;1;;https://www.linkedin.com/jobs/view/4468020636/;https://www.linkedin.com/jobs/view/4468020636/;Hybrid;Junior, TI/Tech;10/10/2026;;São Paulo;SP;Região Sudeste;Brasil;América do Sul
82;F1RST Digital Services;IT Engineer Spec IV (Engenheiro de Dados);São Paulo, SP;09/10 15:00;https://www.linkedin.com/jobs/view/4477841534/;https://media.licdn.com/dms/image/v2/D4D0BAQER-V0vPNAbWg/company-logo_100_100/B4DZgepQ4XG8AQ-/0/1752860790963?e=1793232000&v=beta&t=KtpxN9eXkzsuvtbNViKbZu19Eo6osjUIAUOfB7yoDAs;Advanced > Information Technology;https://www.linkedin.com/company/f1rst-digital-services/about/;Dados e Analytics;data engineer OR data analyst OR bi analyst OR arquiteto de dados OR data architect OR database administrator OR administrador de banco de dados OR dba;f1rst digital services;1;;https://www.linkedin.com/jobs/view/4477841534/;https://www.linkedin.com/jobs/view/4477841534/;Hybrid;Dados/Analytics, Engenharia Geral;10/10/2026;;São Paulo;SP;Região Sudeste;Brasil;América do Sul
83;Fortlev Solar;ANALISTA DE DESENVOLVIMENTO BACKEND JR;Serra, ES;09/10 22:00;https://www.linkedin.com/jobs/view/4478004504/;https://media.licdn.com/dms/image/v2/C4E0BAQHEbXF1l2eJVg/company-logo_100_100/company-logo_100_100/0/1630627057465/fortlev_energia_solar_logo?e=1793232000&v=beta&t=DAnkdoCsngAor90z5K1ntIQWKqB0zzjGE7qcSeicivE;Advanced > Specialist;https://www.linkedin.com/company/fortlev-solar/about/;Energia e Combustíveis;data engineer OR data analyst OR bi analyst OR arquiteto de dados OR data architect OR database administrator OR administrador de banco de dados OR dba;fortlev solar;1;;https://www.linkedin.com/jobs/view/4478004504/;https://www.linkedin.com/jobs/view/4478004504/;On-site;Junior, Associate, Backend;10/10/2026;;Comunitat Valenciana;VC;el Camp de Túria;España;
84;Fortlev Solar;ANALISTA DE SISTEMAS SR;Serra, ES;09/10 22:00;https://www.linkedin.com/jobs/view/4478006565/;https://media.licdn.com/dms/image/v2/C4E0BAQHEbXF1l2eJVg/company-logo_100_100/company-logo_100_100/0/1630627057465/fortlev_energia_solar_logo?e=1793232000&v=beta&t=DAnkdoCsngAor90z5K1ntIQWKqB0zzjGE7qcSeicivE;Advanced > Specialist;https://www.linkedin.com/company/fortlev-solar/about/;Energia e Combustíveis;data engineer OR data analyst OR bi analyst OR arquiteto de dados OR data architect OR database administrator OR administrador de banco de dados OR dba;fortlev solar;1;;https://www.linkedin.com/jobs/view/4478006565/;https://www.linkedin.com/jobs/view/4478006565/;On-site;Senior, Associate, TI/Tech;10/10/2026;;Comunitat Valenciana;VC;el Camp de Túria;España;
85;Fotus Distribuidora Solar;ANALISTA DE INTELIGÊNCIA DE NEGÓCIOS JR (Business Intelligence);Vila Velha, ES;09/10 17:00;https://www.linkedin.com/jobs/view/4477866279/;https://media.licdn.com/dms/image/v2/D4D0BAQH9Cqmfjz0Ynw/company-logo_100_100/B4DZjSQyd_H0AQ-/0/1755874273599/fotus_distribuidora_logo?e=1793232000&v=beta&t=BAU_QScEEb0LPDPOUK7GnmQCQ9WyofJEIwrPGqjXI1s;Advanced > Specialist;https://www.linkedin.com/company/fotus-distribuidora-solar/about/;Energia e Combustíveis;data engineer OR data analyst OR bi analyst OR arquiteto de dados OR data architect OR database administrator OR administrador de banco de dados OR dba;fotus distribuidora solar;1;;https://www.linkedin.com/jobs/view/4477866279/;https://www.linkedin.com/jobs/view/4477866279/;On-site;Junior, Associate;10/10/2026;Vila Velha;Espírito Santo;ES;Região Sudeste;Brasil;América do Sul
86;Fotus Distribuidora Solar;ARQUITETO DE SOFTWARE;Vila Velha, ES;09/10 17:00;https://www.linkedin.com/jobs/view/4477864396/;https://media.licdn.com/dms/image/v2/D4D0BAQH9Cqmfjz0Ynw/company-logo_100_100/B4DZjSQyd_H0AQ-/0/1755874273599/fotus_distribuidora_logo?e=1793232000&v=beta&t=BAU_QScEEb0LPDPOUK7GnmQCQ9WyofJEIwrPGqjXI1s;Architecture;https://www.linkedin.com/company/fotus-distribuidora-solar/about/;Energia e Combustíveis;data engineer OR data analyst OR bi analyst OR arquiteto de dados OR data architect OR database administrator OR administrador de banco de dados OR dba;fotus distribuidora solar;1;;https://www.linkedin.com/jobs/view/4477864396/;https://www.linkedin.com/jobs/view/4477864396/;On-site;TI/Tech;10/10/2026;Vila Velha;Espírito Santo;ES;Região Sudeste;Brasil;América do Sul
87;Fotus Distribuidora Solar;COORDENADOR DE BUSINESS INTELLIGENCE;Vila Velha, ES;09/10 17:00;https://www.linkedin.com/jobs/view/4477861653/;https://media.licdn.com/dms/image/v2/D4D0BAQH9Cqmfjz0Ynw/company-logo_100_100/B4DZjSQyd_H0AQ-/0/1755874273599/fotus_distribuidora_logo?e=1793232000&v=beta&t=BAU_QScEEb0LPDPOUK7GnmQCQ9WyofJEIwrPGqjXI1s;Middle > Manager;https://www.linkedin.com/company/fotus-distribuidora-solar/about/;Energia e Combustíveis;data engineer OR data analyst OR bi analyst OR arquiteto de dados OR data architect OR database administrator OR administrador de banco de dados OR dba;fotus distribuidora solar;1;;https://www.linkedin.com/jobs/view/4477861653/;https://www.linkedin.com/jobs/view/4477861653/;On-site;Mid, Liderança/Gerência;10/10/2026;Vila Velha;Espírito Santo;ES;Região Sudeste;Brasil;América do Sul
88;Fotus Distribuidora Solar;ESPECIALISTA EM IA;Vila Velha, ES;09/10 17:00;https://www.linkedin.com/jobs/view/4477868202/;https://media.licdn.com/dms/image/v2/D4D0BAQH9Cqmfjz0Ynw/company-logo_100_100/B4DZjSQyd_H0AQ-/0/1755874273599/fotus_distribuidora_logo?e=1793232000&v=beta&t=BAU_QScEEb0LPDPOUK7GnmQCQ9WyofJEIwrPGqjXI1s;Advanced > Specialist;https://www.linkedin.com/company/fotus-distribuidora-solar/about/;Energia e Combustíveis;data engineer OR data analyst OR bi analyst OR arquiteto de dados OR data architect OR database administrator OR administrador de banco de dados OR dba;fotus distribuidora solar;1;;https://www.linkedin.com/jobs/view/4477868202/;https://www.linkedin.com/jobs/view/4477868202/;On-site;Inteligência Artificial, Specialist;10/10/2026;Vila Velha;Espírito Santo;ES;Região Sudeste;Brasil;América do Sul
89;G2L LOGÍSTICA;Analista de Business Intelligence Júnior | Barueri;Barueri, SP;09/10 15:00;https://www.linkedin.com/jobs/view/4475247560/;https://media.licdn.com/dms/image/v2/D4D0BAQEt_zt05QlbrA/company-logo_100_100/B4DZ7cCyMsI0AI-/0/1781808178355/logisticag2l_logo?e=1793232000&v=beta&t=HKqpATMzRKUOLsUog_eFphgWRGTH9EFMoqpctF5TXCc;Advanced > Specialist;https://www.linkedin.com/company/g2l-log-stica/about/;Hardware e Eletrônicos;data engineer OR data analyst OR bi analyst OR arquiteto de dados OR data architect OR database administrator OR administrador de banco de dados OR dba;g2l logística;1;;https://www.linkedin.com/jobs/view/4475247560/;https://www.linkedin.com/jobs/view/4475247560/;Hybrid;Junior, Associate;10/10/2026;;São Paulo;SP;Região Sudeste;Brasil;América do Sul
90;G2L LOGÍSTICA;Analista de Infraestrutura Sênior | Barueri;Barueri, SP;09/10 15:00;https://www.linkedin.com/jobs/view/4475254328/;https://media.licdn.com/dms/image/v2/D4D0BAQEt_zt05QlbrA/company-logo_100_100/B4DZ7cCyMsI0AI-/0/1781808178355/logisticag2l_logo?e=1793232000&v=beta&t=HKqpATMzRKUOLsUog_eFphgWRGTH9EFMoqpctF5TXCc;Advanced > Specialist;https://www.linkedin.com/company/g2l-log-stica/about/;Infraestrutura;data engineer OR data analyst OR bi analyst OR arquiteto de dados OR data architect OR database administrator OR administrador de banco de dados OR dba;g2l logística;1;;https://www.linkedin.com/jobs/view/4475254328/;https://www.linkedin.com/jobs/view/4475254328/;Hybrid;Senior, Associate, Infraestrutura/Redes;10/10/2026;;São Paulo;SP;Região Sudeste;Brasil;América do Sul
91;GAS Transportes e Serviços;Analista de Monitoramento Junior;Brasil;09/10 22:00;https://www.linkedin.com/jobs/view/4478007478/;https://media.licdn.com/dms/image/v2/C4D0BAQEBbiKEg4oExQ/company-logo_100_100/company-logo_100_100/0/1651074888446/g_a_s_transportes_e_servios_ltda_logo?e=1793232000&v=beta&t=V9MDK0Sn7rSvLm_tp4a5fYWHKVBNJEB5yopeo0AXtZ8;Advanced > Specialist;https://www.linkedin.com/company/gas-transportes-e-servi-os/about/;Energia e Combustíveis;data engineer OR data analyst OR bi analyst OR arquiteto de dados OR data architect OR database administrator OR administrador de banco de dados OR dba;gas transportes e serviços;1;;https://www.linkedin.com/jobs/view/4478007478/;https://www.linkedin.com/jobs/view/4478007478/;On-site;Junior, Associate;10/10/2026;;;;;Brasil;América do Sul
92;GM Financial;Banco de Talentos: Analista Sênior de Analytics - Cobrança;São Paulo, SP;09/10 15:00;https://www.linkedin.com/jobs/view/4466602032/;https://media.licdn.com/dms/image/v2/D4E0BAQEko3tGD1qFhg/company-logo_100_100/B4EZ9nRYaCJIAM-/0/1784144037785/gm_financial_logo?e=1793232000&v=beta&t=vxsU1qYkx0HB1nD5E-u5KKB727dxysYBhVDst_zoUdY;Data & Ai > BI Analytics And Big Data;https://www.linkedin.com/company/gm-financial/about/;Dados e Analytics;data engineer OR data analyst OR bi analyst OR arquiteto de dados OR data architect OR database administrator OR administrador de banco de dados OR dba;gm financial;1;;https://www.linkedin.com/jobs/view/4466602032/;https://www.linkedin.com/jobs/view/4466602032/;Hybrid;Banco de Talentos, Senior, Associate, Dados/Analytics;10/10/2026;;São Paulo;SP;Região Sudeste;Brasil;América do Sul
93;Gradus;Analista de Dados;São Paulo, SP;10/10 09:00;https://www.linkedin.com/jobs/view/4477220227/;https://media.licdn.com/dms/image/v2/D4D0BAQGiqnAw9el0Qg/company-logo_100_100/company-logo_100_100/0/1712093360189/gradusoficial_logo?e=1793232000&v=beta&t=xjiXpbCUAH0S6b99zIE4FcskYDT61EiZ8utjCTp5pCc;Advanced > Specialist;https://www.linkedin.com/company/gradus/about/;Dados e Analytics;data engineer OR data analyst OR bi analyst OR arquiteto de dados OR data architect OR database administrator OR administrador de banco de dados OR dba;gradus;1;;https://www.linkedin.com/jobs/view/4477220227/;https://www.linkedin.com/jobs/view/4477220227/;On-site;Associate, Dados/Analytics;10/10/2026;;São Paulo;SP;Região Sudeste;Brasil;América do Sul
94;Growth Supplements;ESPECIALISTA DE BI & INTELIGÊNCIA COMERCIAL;Tijucas, SC;09/10 19:00;https://www.linkedin.com/jobs/view/4475273225/;https://media.licdn.com/dms/image/v2/D4D0BAQGrF2CiuNtCVg/company-logo_100_100/B4DZzSZ1WmJoAU-/0/1773056514007?e=1793232000&v=beta&t=CKNTYOCK-9cxqG22v8aAaa5bQML380fHefRvIHBoJtM;Advanced > Specialist;https://www.linkedin.com/company/growth-supplements/about/;Hardware e Eletrônicos;data engineer OR data analyst OR bi analyst OR arquiteto de dados OR data architect OR database administrator OR administrador de banco de dados OR dba;growth supplements;1;;https://www.linkedin.com/jobs/view/4475273225/;https://www.linkedin.com/jobs/view/4475273225/;On-site;Specialist, Vendas / Comercial;10/10/2026;;Santa Catarina;SC;Região Sul;Brasil;América do Sul
95;Grupo Adriano Cobuccio;Analista de Dados - Power BI Junior (Presencial);Monte Belo, MG;09/10 22:00;https://www.linkedin.com/jobs/view/4478014049/;https://media.licdn.com/dms/image/v2/D4D0BAQFXtKorKFNdFQ/company-logo_100_100/B4DaARIQVfKgAI-/0/1786993772285/adriano_cobuccio_logo?e=1793232000&v=beta&t=pPqsCgi3Z9T70Yhp2veA0rMFWUoH9WUw6Dl_MtnBcls;Advanced > Specialist;https://www.linkedin.com/company/grupo-adriano-cobuccio/about/;Dados e Analytics;data engineer OR data analyst OR bi analyst OR arquiteto de dados OR data architect OR database administrator OR administrador de banco de dados OR dba;grupo adriano cobuccio;1;;https://www.linkedin.com/jobs/view/4478014049/;https://www.linkedin.com/jobs/view/4478014049/;On-site;Junior, Associate, Dados/Analytics;10/10/2026;;Minas Gerais;MG;Região Sudeste;Brasil;América do Sul
96;Grupo OLX;Senior Marketing Data Analyst (Vaga Afirmativa para PcD);Brasil;10/10 07:00;https://www.linkedin.com/jobs/view/4475620270/;https://media.licdn.com/dms/image/v2/D4D0BAQFYyCLqESAtWg/company-logo_100_100/B4DZ50jNZtJEAI-/0/1780071848050/grupoolx_logo?e=1793232000&v=beta&t=Qj_BbK53b7L-JkEmy722jbVLB00aNI9ggld7GjBqi-U;Data & Ai > Data Engineering;https://www.linkedin.com/company/grupo-olx/about/;Dados e Analytics;data engineer OR data analyst OR bi analyst OR arquiteto de dados OR data architect OR database administrator OR administrador de banco de dados OR dba;grupo olx;1;;https://www.linkedin.com/jobs/view/4475620270/;https://www.linkedin.com/jobs/view/4475620270/;Remote;PCD / Afirmativa, Senior, Dados/Analytics, Marketing/Mídia;10/10/2026;;;;;Brasil;América do Sul
97;Grupo Profarma;Analista de Inteligência de Mercado PL;Grande Rio de Janeiro (RJ);09/10 23:00;https://www.linkedin.com/jobs/view/4476894202/;https://media.licdn.com/dms/image/v2/D4D0BAQFLTHPHqU4vEA/company-logo_100_100/B4DZ3zFYwpHkAQ-/0/1777899769423/grupo_profarma_logo?e=1793232000&v=beta&t=rwZNWHiscVuW95Ox0cDsy8f01QjzBf8oNA5jpV_0MhQ;Advanced > Specialist;https://www.linkedin.com/company/grupo-profarma/about/;Hardware e Eletrônicos;data engineer OR data analyst OR bi analyst OR arquiteto de dados OR data architect OR database administrator OR administrador de banco de dados OR dba;grupo profarma;1;;https://www.linkedin.com/jobs/view/4476894202/;https://www.linkedin.com/jobs/view/4476894202/;Hybrid;Mid, Associate;10/10/2026;;Rio de Janeiro;RJ;Região Sudeste;Brasil;América do Sul
98;Grupo Quattror;Analista de Requisitos - ES;Vila Velha, ES;09/10 23:00;https://www.linkedin.com/jobs/view/4475287668/;https://media.licdn.com/dms/image/v2/D4D0BAQHaiFJtmChFnw/company-logo_100_100/company-logo_100_100/0/1667302186556/quattrorcomercial_logo?e=1793232000&v=beta&t=YSWgCP_obo1zMpWnLUAAnWhXWcvMDTEVrfC83lWyqdQ;Advanced > Specialist;https://www.linkedin.com/company/grupo-quattror/about/;Software e Serviços de TI;data engineer OR data analyst OR bi analyst OR arquiteto de dados OR data architect OR database administrator OR administrador de banco de dados OR dba;grupo quattror;1;;https://www.linkedin.com/jobs/view/4475287668/;https://www.linkedin.com/jobs/view/4475287668/;On-site;Associate;10/10/2026;Vila Velha;Espírito Santo;ES;Região Sudeste;Brasil;América do Sul
99;Grupo Ser Educacional;Analista de Dados e Métricas Jr;Recife, PE;09/10 16:00;https://www.linkedin.com/jobs/view/4475250598/;https://media.licdn.com/dms/image/v2/D4D0BAQGlBVZ-zGugdg/company-logo_100_100/B4DaDVJvihKYAI-/0/1790282496705/group_educational_ser_logo?e=1793232000&v=beta&t=SrBrKaSyxNNTdgfSTob2MygW3wwS5LRmjaPOWb9zjmo;Advanced > Specialist;https://www.linkedin.com/company/grupo-ser-educacional/about/;Dados e Analytics;data engineer OR data analyst OR bi analyst OR arquiteto de dados OR data architect OR database administrator OR administrador de banco de dados OR dba;grupo ser educacional;1;;https://www.linkedin.com/jobs/view/4475250598/;https://www.linkedin.com/jobs/view/4475250598/;On-site;Junior, Associate, Dados/Analytics;10/10/2026;;Pernambuco;PE;Região Nordeste;Brasil;América do Sul
100;HAYS;Arquiteto SAP Commerce;Brasil;09/10 14:00;https://www.linkedin.com/jobs/view/4476824702/;https://media.licdn.com/dms/image/v2/D4D0BAQGOA3IkzMJ3Uw/company-logo_100_100/B4DZc6iGrBHMAU-/0/1749033708758?e=1793232000&v=beta&t=-Tl94H1BnIAH8Jh8kG7EtGioNmhMOwB6hswYbZXe_IQ;Architecture;https://www.linkedin.com/company/hays/about/;Software e Serviços de TI;data engineer OR data analyst OR bi analyst OR arquiteto de dados OR data architect OR database administrator OR administrador de banco de dados OR dba;hays;1;;https://www.linkedin.com/jobs/view/4476824702/;https://www.linkedin.com/jobs/view/4476824702/;Remote;SAP;10/10/2026;;;;;Brasil;América do Sul
101;Honda Brasil;Analista Dados PL | Foco em Planejamento Comercial;São Paulo, SP;10/10 07:00;https://www.linkedin.com/jobs/view/4475611627/;https://media.licdn.com/dms/image/v2/D4E0BAQEp9hVM-2oWfw/company-logo_100_100/B4EZ9tl7snJ0AM-/0/1784250088525/honda_brasil_logo?e=1793232000&v=beta&t=vQ2VUKKA8cBwKAPKuPLL-t1YG1Ur1f8ZPTlRJIvVICk;Advanced > Specialist;https://www.linkedin.com/company/honda-brasil/about/;Dados e Analytics;data engineer OR data analyst OR bi analyst OR arquiteto de dados OR data architect OR database administrator OR administrador de banco de dados OR dba;honda brasil;1;;https://www.linkedin.com/jobs/view/4475611627/;https://www.linkedin.com/jobs/view/4475611627/;Hybrid;Mid, Associate, Dados/Analytics, Vendas / Comercial;10/10/2026;;São Paulo;SP;Região Sudeste;Brasil;América do Sul
102;IPNET by Vivo;Engenheiro de Dados - Pleno I Foco em GCP I Rio de Janeiro - RJ;Grande Rio de Janeiro (RJ);09/10 23:00;https://www.linkedin.com/jobs/view/4475274915/;https://media.licdn.com/dms/image/v2/D4D0BAQHUKdeg5gYZag/company-logo_100_100/company-logo_100_100/0/1727968831406/ipnet_logo?e=1793232000&v=beta&t=ktIJ7Q4mysd6wvWT6qgHe_REIJIywYU-ZSQ_9-s8mc0;-;https://www.linkedin.com/company/ipnet-by-vivo/about/;Dados e Analytics;data engineer OR data analyst OR bi analyst OR arquiteto de dados OR data architect OR database administrator OR administrador de banco de dados OR dba;ipnet by vivo;1;;https://www.linkedin.com/jobs/view/4475274915/;https://www.linkedin.com/jobs/view/4475274915/;On-site;Mid, Cloud (AWS/GCP/Azure), Dados/Analytics;10/10/2026;;Rio de Janeiro;RJ;Região Sudeste;Brasil;América do Sul
103;InComm Payments;Technology Talent Pool (PcD);Brasil;09/10 22:00;https://www.linkedin.com/jobs/view/4465832814/;https://media.licdn.com/dms/image/v2/C4D0BAQExVKozoptuLA/company-logo_100_100/company-logo_100_100/0/1630544992626/incomm_logo?e=1793232000&v=beta&t=v9M8aNWr5HTQFnT8IjI0Muvy5m6nQVt5-NveDZBuf6A;People;https://www.linkedin.com/company/incomm-payments/about/;Software e Serviços de TI;data engineer OR data analyst OR bi analyst OR arquiteto de dados OR data architect OR database administrator OR administrador de banco de dados OR dba;incomm payments;1;;https://www.linkedin.com/jobs/view/4465832814/;https://www.linkedin.com/jobs/view/4465832814/;Remote;Banco de Talentos, PCD / Afirmativa, TI/Tech;10/10/2026;;;;;Brasil;América do Sul
104;Infios;Support Analyst;Blumenau, SC;10/10 10:00;https://www.linkedin.com/jobs/view/4458673056/;https://media.licdn.com/dms/image/v2/D4E0BAQFgx3nbCGNusw/company-logo_100_100/B4EZsTHcD5GoAQ-/0/1765552276026/infios_logo?e=1793232000&v=beta&t=5ScAbT3lv_NGAOOrXlIUAkBwzQ7iWTV4DYkvwzfUj5w;Advanced > Specialist;https://www.linkedin.com/company/infios/about/;Vendas e Suporte;data engineer OR data analyst OR bi analyst OR arquiteto de dados OR data architect OR database administrator OR administrador de banco de dados OR dba;infios;1;;https://www.linkedin.com/jobs/view/4458673056/;https://www.linkedin.com/jobs/view/4458673056/;Not informed;-;10/10/2026;;Santa Catarina;SC;Região Sul;Brasil;América do Sul
105;Infotec Brasil;Analista de Dados - Presencial - Belo Horizonte/MG;Belo Horizonte, MG;09/10 17:00;https://www.linkedin.com/jobs/view/4477855707/;https://media.licdn.com/dms/image/v2/D560BAQFjxXmuGm11Yg/company-logo_100_100/B56Z2TDkXvHkAQ-/0/1776288680119?e=1793232000&v=beta&t=df39ncBydZU63EhOdBumXRHVCYEgU_bnY93Jo2kmp7Q;Advanced > Specialist;https://www.linkedin.com/company/infotec-brasil/about/;Dados e Analytics;data engineer OR data analyst OR bi analyst OR arquiteto de dados OR data architect OR database administrator OR administrador de banco de dados OR dba;infotec brasil;1;;https://www.linkedin.com/jobs/view/4477855707/;https://www.linkedin.com/jobs/view/4477855707/;On-site;Associate, Dados/Analytics;10/10/2026;;Minas Gerais;MG;Região Sudeste;Brasil;América do Sul
106;Inter;DATA ENGINEER III | DATA & AI PLATFORM GLOBAL MG;Belo Horizonte, MG;09/10 16:00;https://www.linkedin.com/jobs/view/4477847435/;https://media.licdn.com/dms/image/v2/D4D0BAQFTJpEKJy3XsA/company-logo_100_100/B4DZip9S2KHwAQ-/0/1755198075652/inter_logo?e=1793232000&v=beta&t=OKVLs4EfAfCTZf-TZ_pLU1c4hZMiUBBQQ4npsoFy8DA;Data & Ai > Data Engineering;https://www.linkedin.com/company/inter/about/;Dados e Analytics;data engineer OR data analyst OR bi analyst OR arquiteto de dados OR data architect OR database administrator OR administrador de banco de dados OR dba;inter;1;;https://www.linkedin.com/jobs/view/4477847435/;https://www.linkedin.com/jobs/view/4477847435/;On-site;Inteligência Artificial, Dados/Analytics, Engenharia Geral;10/10/2026;;Minas Gerais;MG;Região Sudeste;Brasil;América do Sul
107;Inter;DATA ANALYST II;Grande Belo Horizonte (MG);10/10 08:00;https://www.linkedin.com/jobs/view/4404394162/;https://media.licdn.com/dms/image/v2/D4D0BAQFTJpEKJy3XsA/company-logo_100_100/B4DZip9S2KHwAQ-/0/1755198075652/inter_logo?e=1793232000&v=beta&t=OKVLs4EfAfCTZf-TZ_pLU1c4hZMiUBBQQ4npsoFy8DA;Data & Ai > Data Engineering;https://www.linkedin.com/company/inter/about/;Dados e Analytics;data engineer OR data analyst OR bi analyst OR arquiteto de dados OR data architect OR database administrator OR administrador de banco de dados OR dba;inter;1;;https://www.linkedin.com/jobs/view/4404394162/;https://www.linkedin.com/jobs/view/4404394162/;Not informed;Dados/Analytics;10/10/2026;;Minas Gerais;MG;Região Sudeste;Brasil;América do Sul
108;Ipiranga;Engenheiro de Dados JR (Vaga exclusivo para PCD);Brasil;10/10 03:00;https://www.linkedin.com/jobs/view/4478029719/;https://media.licdn.com/dms/image/v2/D4D0BAQG3-l0_lTdw4Q/company-logo_100_100/company-logo_100_100/0/1685618205295/petroleo_ipiranga_logo?e=1793232000&v=beta&t=Z_YS7y7mE57pc849bCMpwcusGJC-eHGM1GKYFlI-CoU;-;https://www.linkedin.com/company/ipiranga/about/;Dados e Analytics;data engineer OR data analyst OR bi analyst OR arquiteto de dados OR data architect OR database administrator OR administrador de banco de dados OR dba;ipiranga;1;;https://www.linkedin.com/jobs/view/4478029719/;https://www.linkedin.com/jobs/view/4478029719/;Remote;PCD / Afirmativa, Junior, Dados/Analytics;10/10/2026;;;;;Brasil;América do Sul
109;Itaú Unibanco;Analista Sênior de Engenharia de Dados e IA;São Paulo, SP;09/10 16:00;https://www.linkedin.com/jobs/view/4459842429/;https://media.licdn.com/dms/image/v2/D4D0BAQGmyPiGIU-69w/company-logo_100_100/B4DZZFc2k4GgAQ-/0/1744921914031/itau_logo?e=1793232000&v=beta&t=kFx6Q-h-tuAs7FXnMYPuiaKzfTMTl3gw0UuocWk9spQ;Advanced > Specialist;https://www.linkedin.com/company/ita-unibanco/about/;Dados e Analytics;data engineer OR data analyst OR bi analyst OR arquiteto de dados OR data architect OR database administrator OR administrador de banco de dados OR dba;itaú unibanco;1;;https://www.linkedin.com/jobs/view/4459842429/;https://www.linkedin.com/jobs/view/4459842429/;Hybrid;Inteligência Artificial, Senior, Associate, Dados/Analytics, Engenharia Geral;10/10/2026;;São Paulo;SP;Região Sudeste;Brasil;América do Sul
110;Itaú Unibanco;Analista de Dados & Analytics Sênior;São Paulo, SP;09/10 16:00;https://www.linkedin.com/jobs/view/4468809925/;https://media.licdn.com/dms/image/v2/D4D0BAQGmyPiGIU-69w/company-logo_100_100/B4DZZFc2k4GgAQ-/0/1744921914031/itau_logo?e=1793232000&v=beta&t=kFx6Q-h-tuAs7FXnMYPuiaKzfTMTl3gw0UuocWk9spQ;Data & Ai > BI Analytics And Big Data;https://www.linkedin.com/company/ita-unibanco/about/;Dados e Analytics;data engineer OR data analyst OR bi analyst OR arquiteto de dados OR data architect OR database administrator OR administrador de banco de dados OR dba;itaú unibanco;1;;https://www.linkedin.com/jobs/view/4468809925/;https://www.linkedin.com/jobs/view/4468809925/;Hybrid;Senior, Associate, Dados/Analytics;10/10/2026;;São Paulo;SP;Região Sudeste;Brasil;América do Sul
111;Itaú Unibanco;Analista de Engenharia de Analytics Sênior - Comunidade Finanças;São Paulo, SP;10/10 03:00;https://www.linkedin.com/jobs/view/4478019966/;https://media.licdn.com/dms/image/v2/D4D0BAQGmyPiGIU-69w/company-logo_100_100/B4DZZFc2k4GgAQ-/0/1744921914031/itau_logo?e=1793232000&v=beta&t=kFx6Q-h-tuAs7FXnMYPuiaKzfTMTl3gw0UuocWk9spQ;Data & Ai > BI Analytics And Big Data;https://www.linkedin.com/company/ita-unibanco/about/;Dados e Analytics;data engineer OR data analyst OR bi analyst OR arquiteto de dados OR data architect OR database administrator OR administrador de banco de dados OR dba;itaú unibanco;1;;https://www.linkedin.com/jobs/view/4478019966/;https://www.linkedin.com/jobs/view/4478019966/;Not informed;Senior, Associate, Dados/Analytics, Engenharia Geral, Financeiro/Fiscal;10/10/2026;;São Paulo;SP;Região Sudeste;Brasil;América do Sul
112;Itaú Unibanco;Engenharia de Software Backend Python/GO Sr | Comunidade Operações Finanças;São Paulo, SP;09/10 21:00;https://www.linkedin.com/jobs/view/4478001422/;https://media.licdn.com/dms/image/v2/D4D0BAQGmyPiGIU-69w/company-logo_100_100/B4DZZFc2k4GgAQ-/0/1744921914031/itau_logo?e=1793232000&v=beta&t=kFx6Q-h-tuAs7FXnMYPuiaKzfTMTl3gw0UuocWk9spQ;-;https://www.linkedin.com/company/ita-unibanco/about/;Serviços Financeiros;data engineer OR data analyst OR bi analyst OR arquiteto de dados OR data architect OR database administrator OR administrador de banco de dados OR dba;itaú unibanco;1;;https://www.linkedin.com/jobs/view/4478001422/;https://www.linkedin.com/jobs/view/4478001422/;Not informed;Senior, TI/Tech, Backend, Engenharia Geral, Financeiro/Fiscal;10/10/2026;;São Paulo;SP;Região Sudeste;Brasil;América do Sul
113;Jobbol;Analista de Dados Sênior em BI;Barueri, SP;09/10 23:00;https://www.linkedin.com/jobs/view/4478016335/;https://media.licdn.com/dms/image/v2/D4D0BAQEUwreILeGS7Q/company-logo_100_100/B4DZ5wJQzAG4AM-/0/1779997937122/jobbol_empregos_logo?e=1793232000&v=beta&t=iGOz3hyZOiJnlNRxG5Bu7Gj8hiwWBuBUAlwQMU17Gsw;Advanced > Specialist;https://www.linkedin.com/company/jobbol/about/;Dados e Analytics;data engineer OR data analyst OR bi analyst OR arquiteto de dados OR data architect OR database administrator OR administrador de banco de dados OR dba;jobbol;1;;https://www.linkedin.com/jobs/view/4478016335/;https://www.linkedin.com/jobs/view/4478016335/;On-site;Senior, Associate, Dados/Analytics;10/10/2026;;São Paulo;SP;Região Sudeste;Brasil;América do Sul
114;Jobbol;Gerente de Produto;Barueri, SP;09/10 23:00;https://www.linkedin.com/jobs/view/4478008786/;https://media.licdn.com/dms/image/v2/D4D0BAQEUwreILeGS7Q/company-logo_100_100/B4DZ5wJQzAG4AM-/0/1779997937122/jobbol_empregos_logo?e=1793232000&v=beta&t=iGOz3hyZOiJnlNRxG5Bu7Gj8hiwWBuBUAlwQMU17Gsw;Middle > Manager;https://www.linkedin.com/company/jobbol/about/;-;data engineer OR data analyst OR bi analyst OR arquiteto de dados OR data architect OR database administrator OR administrador de banco de dados OR dba;jobbol;1;;https://www.linkedin.com/jobs/view/4478008786/;https://www.linkedin.com/jobs/view/4478008786/;On-site;Mid, Liderança/Gerência;10/10/2026;;São Paulo;SP;Região Sudeste;Brasil;América do Sul
115;Jobbol;Assistente de Centro de Processamento de Dados;Olinda, PE;09/10 17:00;https://www.linkedin.com/jobs/view/4477867130/;https://media.licdn.com/dms/image/v2/D4D0BAQEUwreILeGS7Q/company-logo_100_100/B4DZ5wJQzAG4AM-/0/1779997937122/jobbol_empregos_logo?e=1793232000&v=beta&t=iGOz3hyZOiJnlNRxG5Bu7Gj8hiwWBuBUAlwQMU17Gsw;-;https://www.linkedin.com/company/jobbol/about/;Dados e Analytics;data engineer OR data analyst OR bi analyst OR arquiteto de dados OR data architect OR database administrator OR administrador de banco de dados OR dba;jobbol;1;;https://www.linkedin.com/jobs/view/4477867130/;https://www.linkedin.com/jobs/view/4477867130/;On-site;Associate, Dados/Analytics;10/10/2026;;Pernambuco;PE;Região Nordeste;Brasil;América do Sul
116;Jobbol;Analista de Planejamento Financeiro e Dados;Salvador, BA;09/10 17:00;https://www.linkedin.com/jobs/view/4477862413/;https://media.licdn.com/dms/image/v2/D4D0BAQEUwreILeGS7Q/company-logo_100_100/B4DZ5wJQzAG4AM-/0/1779997937122/jobbol_empregos_logo?e=1793232000&v=beta&t=iGOz3hyZOiJnlNRxG5Bu7Gj8hiwWBuBUAlwQMU17Gsw;Advanced > Specialist;https://www.linkedin.com/company/jobbol/about/;Dados e Analytics;data engineer OR data analyst OR bi analyst OR arquiteto de dados OR data architect OR database administrator OR administrador de banco de dados OR dba;jobbol;1;;https://www.linkedin.com/jobs/view/4477862413/;https://www.linkedin.com/jobs/view/4477862413/;On-site;Associate, Dados/Analytics, Financeiro/Fiscal;10/10/2026;;Bahia;BA;Região Nordeste;Brasil;América do Sul
117;John Deere;Trainee |  Data Analytics;Indaiatuba, SP;10/10 10:00;https://www.linkedin.com/jobs/view/4475623338/;https://media.licdn.com/dms/image/v2/D560BAQE-28uQ6kKubA/company-logo_100_100/B56ZzSzjoeGQAQ-/0/1773063256957/john_deere_logo?e=1793232000&v=beta&t=GiIF0RjYEN1NGvcua3bEn86RReUdrSJUIon3cXd-c-4;Data & Ai > Data Engineering;https://www.linkedin.com/company/john-deere/about/;Dados e Analytics;data engineer OR data analyst OR bi analyst OR arquiteto de dados OR data architect OR database administrator OR administrador de banco de dados OR dba;john deere;1;;https://www.linkedin.com/jobs/view/4475623338/;https://www.linkedin.com/jobs/view/4475623338/;Hybrid;Intern, Dados/Analytics;10/10/2026;;São Paulo;SP;Região Sudeste;Brasil;América do Sul
118;John Deere;Trainee | Engenheiros de Software;Indaiatuba, SP;09/10 19:00;https://www.linkedin.com/jobs/view/4475258842/;https://media.licdn.com/dms/image/v2/D560BAQE-28uQ6kKubA/company-logo_100_100/B56ZzSzjoeGQAQ-/0/1773063256957/john_deere_logo?e=1793232000&v=beta&t=GiIF0RjYEN1NGvcua3bEn86RReUdrSJUIon3cXd-c-4;-;https://www.linkedin.com/company/john-deere/about/;Software e Serviços de TI;data engineer OR data analyst OR bi analyst OR arquiteto de dados OR data architect OR database administrator OR administrador de banco de dados OR dba;john deere;1;;https://www.linkedin.com/jobs/view/4475258842/;https://www.linkedin.com/jobs/view/4475258842/;Hybrid;Intern, TI/Tech;10/10/2026;;São Paulo;SP;Região Sudeste;Brasil;América do Sul
119;KaBuM!;CIENTISTA DE DADOS  (512644);Limeira, SP;10/10 00:00;https://www.linkedin.com/jobs/view/4476881553/;https://media.licdn.com/dms/image/v2/C4D0BAQFvyA9mKn1Kcg/company-logo_100_100/company-logo_100_100/0/1630460455979/kabum_logo?e=1793232000&v=beta&t=d_pYTHqJQYOZ-GzR1sy7p_vqpq4UmEq8dkpHLNl1LWY;-;https://www.linkedin.com/company/kabum/about/;Dados e Analytics;data engineer OR data analyst OR bi analyst OR arquiteto de dados OR data architect OR database administrator OR administrador de banco de dados OR dba;kabum!;1;;https://www.linkedin.com/jobs/view/4476881553/;https://www.linkedin.com/jobs/view/4476881553/;Hybrid;Dados/Analytics;10/10/2026;;São Paulo;SP;Região Sudeste;Brasil;América do Sul
120;Keep Simple;Cloud Data Platform Engineer (Databricks Platform Engineering) (4813);São Paulo, SP;10/10 05:00;https://www.linkedin.com/jobs/view/4478029869/;https://media.licdn.com/dms/image/v2/D4D0BAQFbY2MHLwJzgA/company-logo_100_100/B4DZ5GQrIlI8AU-/0/1779295236839/keep_simple_logo?e=1793232000&v=beta&t=9PUcgiIBVLk5nSbGYYIoffVOXBjKhAQ9JnFGXy-WR4M;Data & Ai > Data Engineering;https://www.linkedin.com/company/keep-simple/about/;Dados e Analytics;data engineer OR data analyst OR bi analyst OR arquiteto de dados OR data architect OR database administrator OR administrador de banco de dados OR dba;keep simple;1;;https://www.linkedin.com/jobs/view/4478029869/;https://www.linkedin.com/jobs/view/4478029869/;Hybrid;Dados/Analytics, Engenharia Geral;10/10/2026;;São Paulo;SP;Região Sudeste;Brasil;América do Sul
121;Keep Simple;Data Modeling Specialist (4815);São Paulo, SP;09/10 17:00;https://www.linkedin.com/jobs/view/4477860456/;https://media.licdn.com/dms/image/v2/D4D0BAQFbY2MHLwJzgA/company-logo_100_100/B4DZ5GQrIlI8AU-/0/1779295236839/keep_simple_logo?e=1793232000&v=beta&t=9PUcgiIBVLk5nSbGYYIoffVOXBjKhAQ9JnFGXy-WR4M;Data & Ai > Data Engineering;https://www.linkedin.com/company/keep-simple/about/;Dados e Analytics;data engineer OR data analyst OR bi analyst OR arquiteto de dados OR data architect OR database administrator OR administrador de banco de dados OR dba;keep simple;1;;https://www.linkedin.com/jobs/view/4477860456/;https://www.linkedin.com/jobs/view/4477860456/;Hybrid;Specialist, Dados/Analytics;10/10/2026;;São Paulo;SP;Região Sudeste;Brasil;América do Sul
122;Kenvue;Trade Operations Excellence & Analytics LATAM - Senior Analyst;São Paulo, SP;09/10 22:00;https://www.linkedin.com/jobs/view/4476885182/;https://media.licdn.com/dms/image/v2/D4E0BAQHW9O0BorSSng/company-logo_100_100/company-logo_100_100/0/1693333629828/kenvue_logo?e=1793232000&v=beta&t=JESGCLzrs4h6ouRQSPz-c2B09FWyw_NkOI-SVinVGWw;Data & Ai > BI Analytics And Big Data;https://www.linkedin.com/company/kenvue/about/;Dados e Analytics;data engineer OR data analyst OR bi analyst OR arquiteto de dados OR data architect OR database administrator OR administrador de banco de dados OR dba;kenvue;1;;https://www.linkedin.com/jobs/view/4476885182/;https://www.linkedin.com/jobs/view/4476885182/;Not informed;Senior, Dados/Analytics;10/10/2026;;São Paulo;SP;Região Sudeste;Brasil;América do Sul
123;Keyrus;Data Engineer GCP PL/SR;São Paulo, SP;10/10 07:00;https://www.linkedin.com/jobs/view/4439915852/;https://media.licdn.com/dms/image/v2/D4E0BAQFtMePGBVzHBw/company-logo_100_100/B4EZ7KQsSXKoAI-/0/1781509834309/keyrus_logo?e=1793232000&v=beta&t=ZassHpFBo3cCZsQeqKzcrZVaqcRNXQx_jJJQOqe_T7s;Data & Ai > Data Engineering;https://www.linkedin.com/company/keyrus/about/;Dados e Analytics;data engineer OR data analyst OR bi analyst OR arquiteto de dados OR data architect OR database administrator OR administrador de banco de dados OR dba;keyrus;1;;https://www.linkedin.com/jobs/view/4439915852/;https://www.linkedin.com/jobs/view/4439915852/;Remote;Senior, Mid, Cloud (AWS/GCP/Azure), Dados/Analytics, Engenharia Geral;10/10/2026;;São Paulo;SP;Região Sudeste;Brasil;América do Sul
124;Leega;Engenheiro de Dados Pleno GCP/DBT;SP;09/10 17:00;https://www.linkedin.com/jobs/view/4475252767/;https://media.licdn.com/dms/image/v2/D4D0BAQGW9sxUZkD-gw/company-logo_100_100/B4DZ1thPPHHUAQ-/0/1775658923534/leegaconsultoria_logo?e=1793232000&v=beta&t=gSOT0Y5W8ewSxyMS0iB_X8i0b3X6Ggoz0P5KNqmYib4;-;https://www.linkedin.com/company/leega/about/;Dados e Analytics;data engineer OR data analyst OR bi analyst OR arquiteto de dados OR data architect OR database administrator OR administrador de banco de dados OR dba;leega;1;;https://www.linkedin.com/jobs/view/4475252767/;https://www.linkedin.com/jobs/view/4475252767/;Remote;Mid, Cloud (AWS/GCP/Azure), Dados/Analytics;10/10/2026;;São Paulo;SP;Região Sudeste;Brasil;América do Sul
125;Lojas Renner S.A.;Especialista de Logística (Supply Chain Analytics);Porto Alegre, RS;10/10 09:00;https://www.linkedin.com/jobs/view/4469269035/;https://media.licdn.com/dms/image/v2/D4D0BAQFD9bHi3LlGKA/company-logo_100_100/B4DZbJ.Cf6G0AQ-/0/1747145206237/lojas_renner_logo?e=1793232000&v=beta&t=dMy_s5qpcys6PXiipKF02Yfp4enCDGeuK1obFPH8DmI;Data & Ai > BI Analytics And Big Data;https://www.linkedin.com/company/lojas-renner-s-a/about/;Dados e Analytics;data engineer OR data analyst OR bi analyst OR arquiteto de dados OR data architect OR database administrator OR administrador de banco de dados OR dba;lojas renner s.a.;1;;https://www.linkedin.com/jobs/view/4469269035/;https://www.linkedin.com/jobs/view/4469269035/;Not informed;Specialist, Dados/Analytics, Logística/Supply;10/10/2026;Porto Alegre;Rio Grande do Sul;RS;Região Sul;Brasil;América do Sul
126;Marsh;Specialist - Data Engineering;Grande São Paulo (SP) ;10/10 06:00;https://www.linkedin.com/jobs/view/4469255759/;https://media.licdn.com/dms/image/v2/D560BAQENO7r8fnUujQ/company-logo_100_100/B56Zuzw0g9IwAU-/0/1768247478734?e=1793232000&v=beta&t=CKR-kKwzP2FmJVZl4MraCai1razYZc1hEDJAMfLUWi4;Data & Ai > Data Engineering;https://www.linkedin.com/company/marsh/about/;Dados e Analytics;data engineer OR data analyst OR bi analyst OR arquiteto de dados OR data architect OR database administrator OR administrador de banco de dados OR dba;marsh;1;;https://www.linkedin.com/jobs/view/4469255759/;https://www.linkedin.com/jobs/view/4469255759/;Hybrid;Specialist, Dados/Analytics, Engenharia Geral;10/10/2026;;São Paulo;SP;Região Sudeste;Brasil;América do Sul
127;Maxxi;Senior AI Engineer & Delivery Lead;São Paulo, SP;09/10 22:00;https://www.linkedin.com/jobs/view/4478006545/;https://media.licdn.com/dms/image/v2/D4D0BAQG2N80vMj3gVg/company-logo_100_100/B4DZX9NR0KGkAY-/0/1743709872137/maxxidata_logo?e=1793232000&v=beta&t=9V-NHvbXm2WTOog19xT5ftG9FACFMScoAnmIkhvoKkI;Middle > Manager;https://www.linkedin.com/company/maxxi/about/;Inteligência Artificial;data engineer OR data analyst OR bi analyst OR arquiteto de dados OR data architect OR database administrator OR administrador de banco de dados OR dba;maxxi;1;;https://www.linkedin.com/jobs/view/4478006545/;https://www.linkedin.com/jobs/view/4478006545/;Hybrid;Inteligência Artificial, Senior, Mid, Liderança/Gerência, Delivery/SDM, Engenharia Geral;10/10/2026;;São Paulo;SP;Região Sudeste;Brasil;América do Sul
128;Mercado Livre Brasil;Sênior Software Engineer;Osasco, SP;09/10 19:00;https://www.linkedin.com/jobs/view/4475260699/;https://media.licdn.com/dms/image/v2/D4D0BAQE4q-iBP4fZ0g/company-logo_100_100/B4DZUUipIKG8AQ-/0/1739806380950/mercadolivre_com_logo?e=1793232000&v=beta&t=AP_wNfe1bQczzZm3fbuVyDSXgrfVATls5FhIfRBGRpA;Advanced > Information Technology;https://www.linkedin.com/company/mercado-livre-brasil/about/;Software e Serviços de TI;data engineer OR data analyst OR bi analyst OR arquiteto de dados OR data architect OR database administrator OR administrador de banco de dados OR dba;mercado livre brasil;1;;https://www.linkedin.com/jobs/view/4475260699/;https://www.linkedin.com/jobs/view/4475260699/;Hybrid;Senior, TI/Tech, Engenharia Geral;10/10/2026;;São Paulo;SP;Região Sudeste;Brasil;América do Sul
129;Microsoft;Cloud Solution Architect (CSA) - Cloud & AI Data;São Paulo, SP;10/10 10:00;https://www.linkedin.com/jobs/view/4478042762/;https://media.licdn.com/dms/image/v2/D560BAQH32RJQCl3dDQ/company-logo_100_100/B56ZYQ0mrGGoAU-/0/1744038948046/microsoft_logo?e=1793232000&v=beta&t=TYtcfgrDGRsf2Baj7hl2QZkMARiISbrJA4bmMTUH0-w;Data & Ai > Data Engineering;https://www.linkedin.com/company/microsoft/about/;Dados e Analytics;data engineer OR data analyst OR bi analyst OR arquiteto de dados OR data architect OR database administrator OR administrador de banco de dados OR dba;microsoft;1;;https://www.linkedin.com/jobs/view/4478042762/;https://www.linkedin.com/jobs/view/4478042762/;Hybrid;Inteligência Artificial, Dados/Analytics;10/10/2026;;São Paulo;SP;Região Sudeste;Brasil;América do Sul
130;Mindgruve;Marketing Analytics Analyst;São Paulo, SP;09/10 15:00;https://www.linkedin.com/jobs/view/4469209314/;https://media.licdn.com/dms/image/v2/D560BAQGubZfpY8t8CA/company-logo_100_100/B56Zcz8D7UGQBg-/0/1748923072446/mindgruvemacarta_logo?e=1793232000&v=beta&t=AjtuW_WEGlOeRd7QH9nO_9w1IhlH_PZDg2kEpza8cyg;Data & Ai > BI Analytics And Big Data;https://www.linkedin.com/company/mindgruve/about/;Dados e Analytics;data engineer OR data analyst OR bi analyst OR arquiteto de dados OR data architect OR database administrator OR administrador de banco de dados OR dba;mindgruve;1;;https://www.linkedin.com/jobs/view/4469209314/;https://www.linkedin.com/jobs/view/4469209314/;Not informed;Dados/Analytics, Marketing/Mídia;10/10/2026;;São Paulo;SP;Região Sudeste;Brasil;América do Sul
131;Mode Mobile;Sr. Data Engineer (Remote);Brasil;09/10 19:00;https://www.linkedin.com/jobs/view/4477877780/;https://media.licdn.com/dms/image/v2/D560BAQFPWdArlM1BMA/company-logo_100_100/B56aD6sSVvIcAQ-/0/1790912308875/modemobile_logo?e=1793232000&v=beta&t=yvcWr_bsuQ9p5byPdZBtWl4HSewbqVSkpWbwuhHBCrk;Data & Ai > Data Engineering;https://www.linkedin.com/company/mode-mobile/about/;Dados e Analytics;data engineer OR data analyst OR bi analyst OR arquiteto de dados OR data architect OR database administrator OR administrador de banco de dados OR dba;mode mobile;1;;https://www.linkedin.com/jobs/view/4477877780/;https://www.linkedin.com/jobs/view/4477877780/;Remote;Senior, Dados/Analytics, Engenharia Geral;10/10/2026;;;;;Brasil;América do Sul
132;NCS Consultoria;Consultor BI - Qlik;São Paulo, SP;10/10 07:00;https://www.linkedin.com/jobs/view/4475622165/;https://media.licdn.com/dms/image/v2/D560BAQEUIReN_x-t1g/company-logo_100_100/company-logo_100_100/0/1712242029449/ncs_consultoria_logo?e=1793232000&v=beta&t=NoLx6zb0UfpL4L0zdCIQ3JmfrpoBPwcy9-1VJy7Jvgo;Advanced > Specialist;https://www.linkedin.com/company/ncs-consultoria/about/;Consultoria e Assessoria;data engineer OR data analyst OR bi analyst OR arquiteto de dados OR data architect OR database administrator OR administrador de banco de dados OR dba;ncs consultoria;1;;https://www.linkedin.com/jobs/view/4475622165/;https://www.linkedin.com/jobs/view/4475622165/;Hybrid;Consultor;10/10/2026;;São Paulo;SP;Região Sudeste;Brasil;América do Sul
133;NCS Consultoria;Engenheiro(a) de Dados Pleno/Sênior;São Paulo, SP;09/10 19:00;https://www.linkedin.com/jobs/view/4475267432/;https://media.licdn.com/dms/image/v2/D560BAQEUIReN_x-t1g/company-logo_100_100/company-logo_100_100/0/1712242029449/ncs_consultoria_logo?e=1793232000&v=beta&t=NoLx6zb0UfpL4L0zdCIQ3JmfrpoBPwcy9-1VJy7Jvgo;-;https://www.linkedin.com/company/ncs-consultoria/about/;Consultoria e Assessoria;data engineer OR data analyst OR bi analyst OR arquiteto de dados OR data architect OR database administrator OR administrador de banco de dados OR dba;ncs consultoria;1;;https://www.linkedin.com/jobs/view/4475267432/;https://www.linkedin.com/jobs/view/4475267432/;Hybrid;Senior, Mid, Dados/Analytics;10/10/2026;;São Paulo;SP;Região Sudeste;Brasil;América do Sul
134;NOUS LATAM;Senior Data Consultant - Python / SQL  (USD 5-6K/month PJ + bonus);Grande São Paulo (SP) ;09/10 16:00;https://www.linkedin.com/jobs/view/4475264043/;https://media.licdn.com/dms/image/v2/C4D0BAQFYRH7noPA56w/company-logo_100_100/company-logo_100_100/0/1669136242286?e=1793232000&v=beta&t=Vrqotss-UriJS1h8CQxGivkYWOVPlp-kjrXZQ3Ryh-o;Data & Ai > Data Engineering;https://www.linkedin.com/company/nous-latam/about/;Dados e Analytics;data engineer OR data analyst OR bi analyst OR arquiteto de dados OR data architect OR database administrator OR administrador de banco de dados OR dba;nous latam;1;;https://www.linkedin.com/jobs/view/4475264043/;https://www.linkedin.com/jobs/view/4475264043/;On-site;Freelance/PJ, Senior, Consultor, Dados/Analytics;10/10/2026;;São Paulo;SP;Região Sudeste;Brasil;América do Sul
135;Niche;Sr. Analytics Engineer (Brazil and Argentina Only);Brasil;10/10 11:00;https://www.linkedin.com/jobs/view/4469210911/;https://media.licdn.com/dms/image/v2/D4E0BAQHvHW6DmSdwWw/company-logo_100_100/company-logo_100_100/0/1699375135435/nichesocial_logo?e=1793232000&v=beta&t=JdWgr5TLLmhBq7XMidkgZBQ0AHDX3R9x_7u4UKy-MkQ;Data & Ai > BI Analytics And Big Data;https://www.linkedin.com/company/niche/about/;Dados e Analytics;data engineer OR data analyst OR bi analyst OR arquiteto de dados OR data architect OR database administrator OR administrador de banco de dados OR dba;niche;1;;https://www.linkedin.com/jobs/view/4469210911/;https://www.linkedin.com/jobs/view/4469210911/;Remote;Senior, Dados/Analytics, Engenharia Geral;10/10/2026;;;;;Brasil;América do Sul
136;Niche;Sr. Marketing Analyst (Brazil ONLY);Brasil;09/10 16:00;https://www.linkedin.com/jobs/view/4477852265/;https://media.licdn.com/dms/image/v2/D4E0BAQHvHW6DmSdwWw/company-logo_100_100/company-logo_100_100/0/1699375135435/nichesocial_logo?e=1793232000&v=beta&t=JdWgr5TLLmhBq7XMidkgZBQ0AHDX3R9x_7u4UKy-MkQ;Advanced > Specialist;https://www.linkedin.com/company/niche/about/;Marketing e Publicidade Marketing;data engineer OR data analyst OR bi analyst OR arquiteto de dados OR data architect OR database administrator OR administrador de banco de dados OR dba;niche;1;;https://www.linkedin.com/jobs/view/4477852265/;https://www.linkedin.com/jobs/view/4477852265/;Remote;Senior, Marketing/Mídia;10/10/2026;;;;;Brasil;América do Sul
137;Nubank;Staff Software Engineer - Lending Foundations (Policy & Data Platform);Belo Horizonte, MG;10/10 10:00;https://www.linkedin.com/jobs/view/4460101974/;https://media.licdn.com/dms/image/v2/C4D0BAQE2EnQJeawjAA/company-logo_100_100/company-logo_100_100/0/1657129831483/nubank_logo?e=1793232000&v=beta&t=RPwpNzIhoRL3TW4CBpRwqHmvoI3OipfKOhCVVu8sl7o;Data & Ai > Data Engineering;https://www.linkedin.com/company/nubank/about/;Dados e Analytics;data engineer OR data analyst OR bi analyst OR arquiteto de dados OR data architect OR database administrator OR administrador de banco de dados OR dba;nubank;1;;https://www.linkedin.com/jobs/view/4460101974/;https://www.linkedin.com/jobs/view/4460101974/;Hybrid;TI/Tech, Dados/Analytics, Engenharia Geral;10/10/2026;;Minas Gerais;MG;Região Sudeste;Brasil;América do Sul
138;Nubank;Staff Software Engineer - Lending Foundations (Policy & Data Platform);Rio de Janeiro, RJ;10/10 10:00;https://www.linkedin.com/jobs/view/4459895907/;https://media.licdn.com/dms/image/v2/C4D0BAQE2EnQJeawjAA/company-logo_100_100/company-logo_100_100/0/1657129831483/nubank_logo?e=1793232000&v=beta&t=RPwpNzIhoRL3TW4CBpRwqHmvoI3OipfKOhCVVu8sl7o;Data & Ai > Data Engineering;https://www.linkedin.com/company/nubank/about/;Dados e Analytics;data engineer OR data analyst OR bi analyst OR arquiteto de dados OR data architect OR database administrator OR administrador de banco de dados OR dba;nubank;1;;https://www.linkedin.com/jobs/view/4459895907/;https://www.linkedin.com/jobs/view/4459895907/;Hybrid;TI/Tech, Dados/Analytics, Engenharia Geral;10/10/2026;;Rio de Janeiro;RJ;Região Sudeste;Brasil;América do Sul
139;OSBR - Optimus Serviços do Brasil;Engenheiro de Dados Pleno;São Paulo, SP;09/10 15:00;https://www.linkedin.com/jobs/view/4477840196/;https://media.licdn.com/dms/image/v2/C4E0BAQHGReKTVKDg3Q/company-logo_100_100/company-logo_100_100/0/1630642404404/osbr_optimus_logo?e=1793232000&v=beta&t=ATpUSVSnnuLTw9otXPnV7Ez_1hYIQGXYsdGSjX1yq-E;-;https://www.linkedin.com/company/osbr-optimus-servi-os-do-brasil/about/;Dados e Analytics;data engineer OR data analyst OR bi analyst OR arquiteto de dados OR data architect OR database administrator OR administrador de banco de dados OR dba;osbr - optimus serviços do brasil;1;;https://www.linkedin.com/jobs/view/4477840196/;https://www.linkedin.com/jobs/view/4477840196/;Hybrid;Mid, Dados/Analytics;10/10/2026;;São Paulo;SP;Região Sudeste;Brasil;América do Sul
140;Octave;Administrador de Sistemas Sênior;Grande Rio de Janeiro (RJ);10/10 02:00;https://www.linkedin.com/jobs/view/4477205003/;https://media.licdn.com/dms/image/v2/D4D0BAQFSzHPaxk690Q/company-logo_100_100/B4DZyuVeXvJUAQ-/0/1772451391319/octaveintelligence_logo?e=1793232000&v=beta&t=oPrzeI4HC31pIovV_KhU0BN0z5XYAKc1Nx3ttaGtenw;-;https://www.linkedin.com/company/octave/about/;Software e Serviços de TI;data engineer OR data analyst OR bi analyst OR arquiteto de dados OR data architect OR database administrator OR administrador de banco de dados OR dba;octave;1;;https://www.linkedin.com/jobs/view/4477205003/;https://www.linkedin.com/jobs/view/4477205003/;Hybrid;Senior, TI/Tech;10/10/2026;;Rio de Janeiro;RJ;Região Sudeste;Brasil;América do Sul
141;Peloton Consulting Group;Technical Consultant Analyst;Brasil;09/10 16:00;https://www.linkedin.com/jobs/view/4404098557/;https://media.licdn.com/dms/image/v2/D560BAQEZBy2pExNlEw/company-logo_100_100/company-logo_100_100/0/1713294117332/peloton_consulting_group_logo?e=1793232000&v=beta&t=BvL65cLP2qpUY7U9prDS-6QQ507x4jiypYh781S2HLE;Advanced > Specialist;https://www.linkedin.com/company/peloton-consulting-group/about/;Consultoria e Assessoria;data engineer OR data analyst OR bi analyst OR arquiteto de dados OR data architect OR database administrator OR administrador de banco de dados OR dba;peloton consulting group;1;;https://www.linkedin.com/jobs/view/4404098557/;https://www.linkedin.com/jobs/view/4404098557/;Remote;Consultor, TI/Tech;10/10/2026;;;;;Brasil;América do Sul
142;People Meet;Gerente de Implantação de Sistemas - ES;Vitória, ES;09/10 23:00;https://www.linkedin.com/jobs/view/4475293201/;https://media.licdn.com/dms/image/v2/D4D0BAQEWzEqV4586ig/company-logo_100_100/company-logo_100_100/0/1724423400176/peoplemeet_logo?e=1793232000&v=beta&t=0ZkOtO3kwfJbkBEa1-qFKd86lNM4eHH1x7AOEIwqK0I;Middle > Manager;https://www.linkedin.com/company/people-meet/about/;Software e Serviços de TI;data engineer OR data analyst OR bi analyst OR arquiteto de dados OR data architect OR database administrator OR administrador de banco de dados OR dba;people meet;1;;https://www.linkedin.com/jobs/view/4475293201/;https://www.linkedin.com/jobs/view/4475293201/;On-site;Mid, Liderança/Gerência, TI/Tech, Implementação;10/10/2026;Vitoria-Gasteiz;Euskadi;PV;;España;
143;Pharmaesthetics do Brasil;Engenheiro de Dados-Presencial-Pinhais-PR;Pinhais, PR;10/10 00:00;https://www.linkedin.com/jobs/view/4476898046/;https://media.licdn.com/dms/image/v2/C4E0BAQHlNfmlX0NbWg/company-logo_100_100/company-logo_100_100/0/1630593832244/pharmaesthetics_do_brasil_logo?e=1793232000&v=beta&t=y1XUdnhGV_RZ_hLUa9CaJ_NBZ6-pFoIK6ebrj6Wq9po;-;https://www.linkedin.com/company/pharmaesthetics-do-brasil/about/;Dados e Analytics;data engineer OR data analyst OR bi analyst OR arquiteto de dados OR data architect OR database administrator OR administrador de banco de dados OR dba;pharmaesthetics do brasil;1;;https://www.linkedin.com/jobs/view/4476898046/;https://www.linkedin.com/jobs/view/4476898046/;On-site;Dados/Analytics;10/10/2026;;Paraná;PR;Região Sul;Brasil;América do Sul
144;Plascar;Analista de sistemas sênior;Jundiaí, SP;09/10 14:00;https://www.linkedin.com/jobs/view/4477838351/;https://media.licdn.com/dms/image/v2/D560BAQGLGjlW3mXDOQ/company-logo_100_100/company-logo_100_100/0/1704819759229/plascaroficial_logo?e=1793232000&v=beta&t=6r9QbTVRXOcQ7QwZSAW4YScbCX45r-0gOa9ugmwvds4;Advanced > Specialist;https://www.linkedin.com/company/plascar/about/;Software e Serviços de TI;data engineer OR data analyst OR bi analyst OR arquiteto de dados OR data architect OR database administrator OR administrador de banco de dados OR dba;plascar;1;;https://www.linkedin.com/jobs/view/4477838351/;https://www.linkedin.com/jobs/view/4477838351/;Hybrid;Senior, Associate, TI/Tech;10/10/2026;;São Paulo;SP;Região Sudeste;Brasil;América do Sul
145;Porto;Business Analytics Sênior;São Paulo, SP;09/10 20:00;https://www.linkedin.com/jobs/view/4477877914/;https://media.licdn.com/dms/image/v2/C4D0BAQHdvjiq_3u9SQ/company-logo_100_100/company-logo_100_100/0/1651181402504?e=1793232000&v=beta&t=liOIl2AJ1HrDF7NdyZ2w_KWvzqShQngEaQybYbMqIM0;Data & Ai > BI Analytics And Big Data;https://www.linkedin.com/company/porto/about/;Dados e Analytics;data engineer OR data analyst OR bi analyst OR arquiteto de dados OR data architect OR database administrator OR administrador de banco de dados OR dba;porto;1;;https://www.linkedin.com/jobs/view/4477877914/;https://www.linkedin.com/jobs/view/4477877914/;Not informed;Senior, Dados/Analytics;10/10/2026;;São Paulo;SP;Região Sudeste;Brasil;América do Sul
146;Power Digital Marketing;Data Operations Lead, B2B;Brasil;09/10 19:00;https://www.linkedin.com/jobs/view/4475260682/;https://media.licdn.com/dms/image/v2/D560BAQEo5PRGIPlZzQ/company-logo_100_100/company-logo_100_100/0/1735867293079/powerdigitalmarketing_logo?e=1793232000&v=beta&t=SHl35NUrAxO3w6CPdxj-YI7PbyGZHKKAWS2mpjpPuH0;Data & Ai > Data Engineering;https://www.linkedin.com/company/power-digital-marketing/about/;Dados e Analytics;data engineer OR data analyst OR bi analyst OR arquiteto de dados OR data architect OR database administrator OR administrador de banco de dados OR dba;power digital marketing;1;;https://www.linkedin.com/jobs/view/4475260682/;https://www.linkedin.com/jobs/view/4475260682/;Remote;Mid, Liderança/Gerência, Dados/Analytics;10/10/2026;;;;;Brasil;América do Sul
147;Procter & Gamble;Site Digital Manager | Manaus - AM;Manaus, AM;09/10 16:00;https://www.linkedin.com/jobs/view/4466633776/;https://media.licdn.com/dms/image/v2/D560BAQEI1MYhkkqixQ/company-logo_100_100/B56ZcYR97xGsAM-/0/1748459053801/procter_and_gamble_logo?e=1793232000&v=beta&t=sq9xov8Qr41oTaQcgvEqlBLAbGBiIwXkmmdmg5nJ-8k;Middle > Manager;https://www.linkedin.com/company/procter-gamble/about/;Software e Serviços de TI;data engineer OR data analyst OR bi analyst OR arquiteto de dados OR data architect OR database administrator OR administrador de banco de dados OR dba;procter & gamble;1;;https://www.linkedin.com/jobs/view/4466633776/;https://www.linkedin.com/jobs/view/4466633776/;Not informed;Liderança/Gerência, TI/Tech;10/10/2026;;Amazonas;AM;Região Norte;Brasil;América do Sul
148;Pyyne;Sr. Data Scientist;Brasil;09/10 23:00;https://www.linkedin.com/jobs/view/4478023103/;https://media.licdn.com/dms/image/v2/D4E0BAQHZlVmnSkySgQ/company-logo_100_100/company-logo_100_100/0/1723641315634/pyyne_digital_logo?e=1793232000&v=beta&t=KMfdLUGAx2B--uWUPBYJQX38RNYrmhuAy8FU_9mnVBI;Data & Ai > Data Engineering;https://www.linkedin.com/company/pyyne/about/;Dados e Analytics;data engineer OR data analyst OR bi analyst OR arquiteto de dados OR data architect OR database administrator OR administrador de banco de dados OR dba;pyyne;1;;https://www.linkedin.com/jobs/view/4478023103/;https://www.linkedin.com/jobs/view/4478023103/;Remote;Senior, Dados/Analytics;10/10/2026;;;;;Brasil;América do Sul
149;QSOFT;Engenheiro de Dados / DevOps;São Paulo, SP;09/10 21:00;https://www.linkedin.com/jobs/view/4477895222/;https://media.licdn.com/dms/image/v2/D4D0BAQGQhTlS1iBqVQ/company-logo_100_100/company-logo_100_100/0/1733144597140/qsoftconsultoria_logo?e=1793232000&v=beta&t=dSZYusLWn4lIaYXUojvhWG6DAh-4rnNPWDw2-7-4hZI;-;https://www.linkedin.com/company/qsoft/about/;Dados e Analytics;data engineer OR data analyst OR bi analyst OR arquiteto de dados OR data architect OR database administrator OR administrador de banco de dados OR dba;qsoft;1;;https://www.linkedin.com/jobs/view/4477895222/;https://www.linkedin.com/jobs/view/4477895222/;Hybrid;DevOps, Dados/Analytics;10/10/2026;;São Paulo;SP;Região Sudeste;Brasil;América do Sul
150;Quick Soft Tecnologia;Engenheiro de software - SC;Blumenau, SC;09/10 23:00;https://www.linkedin.com/jobs/view/4475287629/;https://media.licdn.com/dms/image/v2/D4D0BAQH7lBZaQ1x8uw/company-logo_100_100/company-logo_100_100/0/1730578117765/quicksoft_tecnologia_logo?e=1793232000&v=beta&t=PVF1KK3eECCrpRcWUlk9Xwrwea2UNVywsvYg364twR8;-;https://www.linkedin.com/company/quick-soft-tecnologia/about/;Software e Serviços de TI;data engineer OR data analyst OR bi analyst OR arquiteto de dados OR data architect OR database administrator OR administrador de banco de dados OR dba;quick soft tecnologia;1;;https://www.linkedin.com/jobs/view/4475287629/;https://www.linkedin.com/jobs/view/4475287629/;On-site;TI/Tech;10/10/2026;;Santa Catarina;SC;Região Sul;Brasil;América do Sul
151;QuintoAndar;Grupo QuintoAndar | Analista de Planejamento & Performance 3 BPO - Afirmativa PcD;São Paulo, SP;09/10 15:00;https://www.linkedin.com/jobs/view/4477853062/;https://media.licdn.com/dms/image/v2/D4D0BAQGetnGZOz9xfg/company-logo_100_100/B4DZ9byoi3HEAI-/0/1783951428019/quintoandar_com_br_logo?e=1793232000&v=beta&t=_KIV5nlW_ButqvjEP9svrOYxwIzGvj1McuXopbpYaCE;Advanced > Specialist;https://www.linkedin.com/company/quintoandar/about/;Mercado Imobiliário;data engineer OR data analyst OR bi analyst OR arquiteto de dados OR data architect OR database administrator OR administrador de banco de dados OR dba;quintoandar;1;;https://www.linkedin.com/jobs/view/4477853062/;https://www.linkedin.com/jobs/view/4477853062/;Hybrid;PCD / Afirmativa, Associate;10/10/2026;;São Paulo;SP;Região Sudeste;Brasil;América do Sul
152;QuintoAndar;Grupo QuintoAndar | Staff Data Engineer;São Paulo, SP;10/10 08:00;https://www.linkedin.com/jobs/view/4368356354/;https://media.licdn.com/dms/image/v2/D4D0BAQGetnGZOz9xfg/company-logo_100_100/B4DZ9byoi3HEAI-/0/1783951428019/quintoandar_com_br_logo?e=1793232000&v=beta&t=_KIV5nlW_ButqvjEP9svrOYxwIzGvj1McuXopbpYaCE;Data & Ai > Data Engineering;https://www.linkedin.com/company/quintoandar/about/;Dados e Analytics;data engineer OR data analyst OR bi analyst OR arquiteto de dados OR data architect OR database administrator OR administrador de banco de dados OR dba;quintoandar;1;;https://www.linkedin.com/jobs/view/4368356354/;https://www.linkedin.com/jobs/view/4368356354/;Remote;Dados/Analytics, Engenharia Geral;10/10/2026;;São Paulo;SP;Região Sudeste;Brasil;América do Sul
153;QuintoAndar;Grupo QuintoAndar| Gerente de Dados & Analytics;São Paulo, SP;09/10 15:00;https://www.linkedin.com/jobs/view/4477851142/;https://media.licdn.com/dms/image/v2/D4D0BAQGetnGZOz9xfg/company-logo_100_100/B4DZ9byoi3HEAI-/0/1783951428019/quintoandar_com_br_logo?e=1793232000&v=beta&t=_KIV5nlW_ButqvjEP9svrOYxwIzGvj1McuXopbpYaCE;Data & Ai > BI Analytics And Big Data;https://www.linkedin.com/company/quintoandar/about/;Dados e Analytics;data engineer OR data analyst OR bi analyst OR arquiteto de dados OR data architect OR database administrator OR administrador de banco de dados OR dba;quintoandar;1;;https://www.linkedin.com/jobs/view/4477851142/;https://www.linkedin.com/jobs/view/4477851142/;Remote;Mid, Liderança/Gerência, Dados/Analytics;10/10/2026;;São Paulo;SP;Região Sudeste;Brasil;América do Sul
154;RB SOLUÇÕES EM CAPITAL HUMANO;ESPECIALISTA DE TI – INTEGRAÇÃO E PROJETOS;Maracanaú, CE;10/10 07:00;https://www.linkedin.com/jobs/view/4478052219/;https://media.licdn.com/dms/image/v2/D4E0BAQHYjQGx7t-_3w/company-logo_100_100/B4EZu.2cy_JIAU-/0/1768433503844/rb_solues_em_capital_humano_logo?e=1793232000&v=beta&t=6IVdBzJFyr7a7_vFtQn5qrcoTIS98rPDGFUEPGOSP-U;Advanced > Specialist;https://www.linkedin.com/company/rb-solu-es-em-capital-humano/about/;Software e Serviços de TI;data engineer OR data analyst OR bi analyst OR arquiteto de dados OR data architect OR database administrator OR administrador de banco de dados OR dba;rb soluções em capital humano;1;;https://www.linkedin.com/jobs/view/4478052219/;https://www.linkedin.com/jobs/view/4478052219/;On-site;Specialist, TI/Tech;10/10/2026;;Ceará;CE;Região Nordeste;Brasil;América do Sul
155;RH Advogado10x;DESENVOLVEDOR SÊNIOR -TI e Dados (Com Exclusividade);Campo Grande, MS;10/10 07:00;https://www.linkedin.com/jobs/view/4477216285/;https://media.licdn.com/dms/image/v2/D4D0BAQEmwFkMfupbfg/company-logo_100_100/B4DZh2vSWYHsAQ-/0/1754338765174/rh_advogado10x_logo?e=1793232000&v=beta&t=xqm6UNRPUXs3nc_Y6fqe-uYtLjZ1q738i6tdyEh8vHo;-;https://www.linkedin.com/company/rh-advogado10x/about/;Dados e Analytics;data engineer OR data analyst OR bi analyst OR arquiteto de dados OR data architect OR database administrator OR administrador de banco de dados OR dba;rh advogado10x;1;;https://www.linkedin.com/jobs/view/4477216285/;https://www.linkedin.com/jobs/view/4477216285/;Not informed;Senior, TI/Tech, Dados/Analytics;10/10/2026;;Mato Grosso do Sul;MS;Região Centro-Oeste;Brasil;América do Sul
156;RH Ser Consultoria Empresarial;Analista de Desenvolvimento Delphi - Natal - Processo Seletivo Ativo;Natal, RN;10/10 04:00;https://www.linkedin.com/jobs/view/4475614070/;https://media.licdn.com/dms/image/v2/C4E0BAQFC399KPceCTQ/company-logo_100_100/company-logo_100_100/0/1630574192193?e=1793232000&v=beta&t=NjBzu13tAwTDGUGzz1PqEUD1j-keQYvZhQrmljgnI-E;Advanced > Specialist;https://www.linkedin.com/company/rh-ser-consultoria-empresarial/about/;Consultoria e Assessoria;data engineer OR data analyst OR bi analyst OR arquiteto de dados OR data architect OR database administrator OR administrador de banco de dados OR dba;rh ser consultoria empresarial;1;;https://www.linkedin.com/jobs/view/4475614070/;https://www.linkedin.com/jobs/view/4475614070/;On-site;Associate;10/10/2026;;Rio Grande do Norte;RN;Região Nordeste;Brasil;América do Sul
157;Rede Cidadã;Estágio em Planejamento Estratégico - 48710 - Belo Horizonte - Processo Seletivo Ativo;Grande Belo Horizonte (MG);10/10 04:00;https://www.linkedin.com/jobs/view/4475600693/;https://media.licdn.com/dms/image/v2/D4D0BAQF5EzfLPNxxQw/company-logo_100_100/company-logo_100_100/0/1698687868139?e=1793232000&v=beta&t=TJqjk5mG-0g-Hz8nd1UwIlKdRNd9pWO3T2YPoeBwqY0;-;https://www.linkedin.com/company/rede-cidad/about/;Software e Serviços de TI;data engineer OR data analyst OR bi analyst OR arquiteto de dados OR data architect OR database administrator OR administrador de banco de dados OR dba;rede cidadã;1;;https://www.linkedin.com/jobs/view/4475600693/;https://www.linkedin.com/jobs/view/4475600693/;On-site;Intern;10/10/2026;;Minas Gerais;MG;Região Sudeste;Brasil;América do Sul
158;Rede Cidadã;Estágio Operacional - Ribeirão Preto - Processo Seletivo Ativo;Ribeirão Preto, SP;10/10 04:00;https://www.linkedin.com/jobs/view/4475602717/;https://media.licdn.com/dms/image/v2/D4D0BAQF5EzfLPNxxQw/company-logo_100_100/company-logo_100_100/0/1698687868139?e=1793232000&v=beta&t=TJqjk5mG-0g-Hz8nd1UwIlKdRNd9pWO3T2YPoeBwqY0;-;https://www.linkedin.com/company/rede-cidad/about/;Software e Serviços de TI;data engineer OR data analyst OR bi analyst OR arquiteto de dados OR data architect OR database administrator OR administrador de banco de dados OR dba;rede cidadã;1;;https://www.linkedin.com/jobs/view/4475602717/;https://www.linkedin.com/jobs/view/4475602717/;On-site;Intern;10/10/2026;;São Paulo;SP;Região Sudeste;Brasil;América do Sul
159;SAP;Senior Application AI Engineer and Data Scientist - Globalization E-Invoicing Unit;Grande São Paulo (SP) ;09/10 18:00;https://www.linkedin.com/jobs/view/4475261580/;https://media.licdn.com/dms/image/v2/D560BAQGmwwo0aq4jVA/company-logo_100_100/company-logo_100_100/0/1723034255614/sap_logo?e=1793232000&v=beta&t=e8_TLC_8I0pL3Vm5iyjS5RliV8v4RT0T9m8zIEQJnD0;Data & Ai > Data Engineering;https://www.linkedin.com/company/sap/about/;Dados e Analytics;data engineer OR data analyst OR bi analyst OR arquiteto de dados OR data architect OR database administrator OR administrador de banco de dados OR dba;sap;1;;https://www.linkedin.com/jobs/view/4475261580/;https://www.linkedin.com/jobs/view/4475261580/;Hybrid;Inteligência Artificial, Senior, Dados/Analytics, Engenharia Geral;10/10/2026;;São Paulo;SP;Região Sudeste;Brasil;América do Sul
160;SAP;SAP iXp Intern - Tech Recruiting & Reporting;São Paulo, SP;09/10 18:00;https://www.linkedin.com/jobs/view/4476855368/;https://media.licdn.com/dms/image/v2/D560BAQGmwwo0aq4jVA/company-logo_100_100/company-logo_100_100/0/1723034255614/sap_logo?e=1793232000&v=beta&t=e8_TLC_8I0pL3Vm5iyjS5RliV8v4RT0T9m8zIEQJnD0;Advanced > Information Technology;https://www.linkedin.com/company/sap/about/;Recursos Humanos;data engineer OR data analyst OR bi analyst OR arquiteto de dados OR data architect OR database administrator OR administrador de banco de dados OR dba;sap;1;;https://www.linkedin.com/jobs/view/4476855368/;https://www.linkedin.com/jobs/view/4476855368/;Hybrid;Intern, SAP, TI/Tech;10/10/2026;;São Paulo;SP;Região Sudeste;Brasil;América do Sul
161;Santa Micaela;BANCO DE DADOS I SANTA MICAELA;São Paulo, SP;09/10 12:00;https://www.linkedin.com/jobs/view/4476800759/;https://media.licdn.com/dms/image/v2/D4E0BAQEa3QhZxRc3bg/company-logo_100_100/B4EZeN2t8cHIAQ-/0/1750431622389/santa_micaela_logo?e=1793232000&v=beta&t=Ur4GkF9hK-tUp5COOEe_36agg43RaVolBhpH7e8cIiQ;-;https://www.linkedin.com/company/santa-micaela/about/;Dados e Analytics;data engineer OR data analyst OR bi analyst OR arquiteto de dados OR data architect OR database administrator OR administrador de banco de dados OR dba;santa micaela;1;;https://www.linkedin.com/jobs/view/4476800759/;https://www.linkedin.com/jobs/view/4476800759/;On-site;Dados/Analytics;10/10/2026;;São Paulo;SP;Região Sudeste;Brasil;América do Sul
162;Santander Brasil;BRA Data Scientist III | Customer Interaction;São Paulo, SP;09/10 21:00;https://www.linkedin.com/jobs/view/4478007290/;https://media.licdn.com/dms/image/v2/D4D0BAQGO_CAKXyEH2g/company-logo_100_100/B4DZfGdXQHHMAQ-/0/1751381276407/grupo_santander_brasil_logo?e=1793232000&v=beta&t=gBkFxh_EOjOU936d6iSRVASk0s7r8PIvICFiBfeeeWI;Data & Ai > Data Engineering;https://www.linkedin.com/company/santander-brasil/about/;Dados e Analytics;data engineer OR data analyst OR bi analyst OR arquiteto de dados OR data architect OR database administrator OR administrador de banco de dados OR dba;santander brasil;1;;https://www.linkedin.com/jobs/view/4478007290/;https://www.linkedin.com/jobs/view/4478007290/;Hybrid;Dados/Analytics;10/10/2026;;São Paulo;SP;Região Sudeste;Brasil;América do Sul
163;Selpe Vagas;ANALISTA DE DADOS;São Paulo, SP;09/10 22:00;https://www.linkedin.com/jobs/view/4475283099/;https://media.licdn.com/dms/image/v2/D4D0BAQFtmZs3tiOJcg/company-logo_100_100/B4DZWGw.8hHIAQ-/0/1741722742963/selpevagas_logo?e=1793232000&v=beta&t=FOU7-w1LatqDdVF5r8HcTMRjJZAF7wIseA0X6iRoxYE;Advanced > Specialist;https://www.linkedin.com/company/selpe-vagas/about/;Dados e Analytics;data engineer OR data analyst OR bi analyst OR arquiteto de dados OR data architect OR database administrator OR administrador de banco de dados OR dba;selpe vagas;1;;https://www.linkedin.com/jobs/view/4475283099/;https://www.linkedin.com/jobs/view/4475283099/;Not informed;Associate, Dados/Analytics;10/10/2026;;São Paulo;SP;Região Sudeste;Brasil;América do Sul
164;Serasa Experian;Analista de Soluções Sênior;São Paulo, SP;10/10 06:00;https://www.linkedin.com/jobs/view/4469215909/;https://media.licdn.com/dms/image/v2/D4D0BAQGW4EB1A1aUYQ/company-logo_100_100/B4DZyL2uQ_IUAY-/0/1771872904949/serasaexperian_logo?e=1793232000&v=beta&t=S_ZuAhDfLClDUxLQgoPcT2g3R5fGHGzuyDlDeohbfag;Advanced > Specialist;https://www.linkedin.com/company/serasa-experian/about/;-;data engineer OR data analyst OR bi analyst OR arquiteto de dados OR data architect OR database administrator OR administrador de banco de dados OR dba;serasa experian;1;;https://www.linkedin.com/jobs/view/4469215909/;https://www.linkedin.com/jobs/view/4469215909/;Hybrid;Senior, Associate;10/10/2026;;São Paulo;SP;Região Sudeste;Brasil;América do Sul
165;Silimed Indústria de Implantes;Analista de Planejamento Comercial Pleno;Grande Rio de Janeiro (RJ);09/10 22:00;https://www.linkedin.com/jobs/view/4478000624/;https://media.licdn.com/dms/image/v2/D4D0BAQHWVZDbR41IbA/company-logo_100_100/B4DaC0oLDwHsAQ-/0/1789736825309/silimed_logo?e=1793232000&v=beta&t=iKc0Y0KqADtix53tB1cf1JBlxRm6pDniqnasftPANTs;Advanced > Specialist;https://www.linkedin.com/company/silimed-ind-stria-de-implantes/about/;Manufatura e Produção;data engineer OR data analyst OR bi analyst OR arquiteto de dados OR data architect OR database administrator OR administrador de banco de dados OR dba;silimed indústria de implantes;1;;https://www.linkedin.com/jobs/view/4478000624/;https://www.linkedin.com/jobs/view/4478000624/;On-site;Mid, Associate, Vendas / Comercial;10/10/2026;;Rio de Janeiro;RJ;Região Sudeste;Brasil;América do Sul
166;Sistema Fiep;Bolsista - (Soluções tecnológicas) - RP 20681;Curitiba, PR;09/10 20:00;https://www.linkedin.com/jobs/view/4476852917/;https://media.licdn.com/dms/image/v2/D4D0BAQELb2bjTQhZdg/company-logo_100_100/company-logo_100_100/0/1723136680776/sistemafiep_logo?e=1793232000&v=beta&t=VLE7_jLnIg9P9Q6mEb9fwoJUMs2sF7U6RvTbTBmmKEg;-;https://www.linkedin.com/company/sistema-fiep/about/;-;data engineer OR data analyst OR bi analyst OR arquiteto de dados OR data architect OR database administrator OR administrador de banco de dados OR dba;sistema fiep;1;;https://www.linkedin.com/jobs/view/4476852917/;https://www.linkedin.com/jobs/view/4476852917/;On-site;-;10/10/2026;;Paraná;PR;Região Sul;Brasil;América do Sul
167;SolvePlan;Consultor(a) SAP Analytics Cloud Consolidação Societária | Pleno/Sênior | 100% Remoto;Brasil;09/10 19:00;https://www.linkedin.com/jobs/view/4475258865/;https://media.licdn.com/dms/image/v2/D4D0BAQFknKTWWQt-xg/company-logo_100_100/B4DZnF.jyVJAAU-/0/1759963135849/solveplan_logo?e=1793232000&v=beta&t=BWPzVVQhrR1m9KxbR95WAWn6nazjzgrTIjBgCMGewnA;Data & Ai > BI Analytics And Big Data;https://www.linkedin.com/company/solveplan/about/;Dados e Analytics;data engineer OR data analyst OR bi analyst OR arquiteto de dados OR data architect OR database administrator OR administrador de banco de dados OR dba;solveplan;1;;https://www.linkedin.com/jobs/view/4475258865/;https://www.linkedin.com/jobs/view/4475258865/;Remote;Senior, Mid, Consultor, SAP, Dados/Analytics;10/10/2026;;;;;Brasil;América do Sul
168;Stone;Business Analyst PLENO;Brasil;09/10 20:00;https://www.linkedin.com/jobs/view/4477885659/;https://media.licdn.com/dms/image/v2/D4D0BAQEZQ73DBLnfwg/company-logo_100_100/B4DZ4tXA2qHAAM-/0/1778877468290/stone_co_logo?e=1793232000&v=beta&t=y-5qwcy6OpAgEvkZiGp_K564iB7x_PtcUEhhbVLjd4s;Advanced > Specialist;https://www.linkedin.com/company/stone/about/;-;data engineer OR data analyst OR bi analyst OR arquiteto de dados OR data architect OR database administrator OR administrador de banco de dados OR dba;stone;1;;https://www.linkedin.com/jobs/view/4477885659/;https://www.linkedin.com/jobs/view/4477885659/;Remote;Mid;10/10/2026;;;;;Brasil;América do Sul
169;Stone;Analista Júnior  de Políticas de Crédito / Crédit Business Analyst;Grande São Paulo (SP) ;10/10 07:00;https://www.linkedin.com/jobs/view/4450670059/;https://media.licdn.com/dms/image/v2/D4D0BAQEZQ73DBLnfwg/company-logo_100_100/B4DZ4tXA2qHAAM-/0/1778877468290/stone_co_logo?e=1793232000&v=beta&t=y-5qwcy6OpAgEvkZiGp_K564iB7x_PtcUEhhbVLjd4s;Advanced > Specialist;https://www.linkedin.com/company/stone/about/;Software e Serviços de TI;data engineer OR data analyst OR bi analyst OR arquiteto de dados OR data architect OR database administrator OR administrador de banco de dados OR dba;stone;1;;https://www.linkedin.com/jobs/view/4450670059/;https://www.linkedin.com/jobs/view/4450670059/;Hybrid;Junior, Associate;10/10/2026;;São Paulo;SP;Região Sudeste;Brasil;América do Sul
170;Syngenta;Analista de Marketing Pricing Analytics Sênior (CROP);São Paulo, SP;09/10 21:00;https://www.linkedin.com/jobs/view/4471647028/;https://media.licdn.com/dms/image/v2/D4E0BAQHRsIANXm5wEg/company-logo_100_100/company-logo_100_100/0/1726820689834/syngenta_logo?e=1793232000&v=beta&t=k3SB0m1kjQcKTESUyhR6gqe2QvkawgEk8P-lprQ0ufI;Data & Ai > BI Analytics And Big Data;https://www.linkedin.com/company/syngenta/about/;Dados e Analytics;data engineer OR data analyst OR bi analyst OR arquiteto de dados OR data architect OR database administrator OR administrador de banco de dados OR dba;syngenta;1;;https://www.linkedin.com/jobs/view/4471647028/;https://www.linkedin.com/jobs/view/4471647028/;Not informed;Senior, Associate, Dados/Analytics, Marketing/Mídia;10/10/2026;;São Paulo;SP;Região Sudeste;Brasil;América do Sul
171;Sírio-Libanês;Analista de Negócios Sênior;São Paulo, SP;09/10 21:00;https://www.linkedin.com/jobs/view/4477896624/;https://media.licdn.com/dms/image/v2/C4D0BAQErEP4ed610wA/company-logo_100_100/company-logo_100_100/0/1631320766486?e=1793232000&v=beta&t=Rl6MbMF0UdT59jcqgGE6D2sKujpKCfvhLANv1Hn889Y;Advanced > Specialist;https://www.linkedin.com/company/s-rio-liban-s/about/;-;data engineer OR data analyst OR bi analyst OR arquiteto de dados OR data architect OR database administrator OR administrador de banco de dados OR dba;sírio-libanês;1;;https://www.linkedin.com/jobs/view/4477896624/;https://www.linkedin.com/jobs/view/4477896624/;Not informed;Senior, Associate;10/10/2026;;São Paulo;SP;Região Sudeste;Brasil;América do Sul
172;Sírio-Libanês;Engenheiro de Dados Sênior;São Paulo, SP;09/10 18:00;https://www.linkedin.com/jobs/view/4477870615/;https://media.licdn.com/dms/image/v2/C4D0BAQErEP4ed610wA/company-logo_100_100/company-logo_100_100/0/1631320766486?e=1793232000&v=beta&t=Rl6MbMF0UdT59jcqgGE6D2sKujpKCfvhLANv1Hn889Y;-;https://www.linkedin.com/company/s-rio-liban-s/about/;Dados e Analytics;data engineer OR data analyst OR bi analyst OR arquiteto de dados OR data architect OR database administrator OR administrador de banco de dados OR dba;sírio-libanês;1;;https://www.linkedin.com/jobs/view/4477870615/;https://www.linkedin.com/jobs/view/4477870615/;Hybrid;Senior, Dados/Analytics;10/10/2026;;São Paulo;SP;Região Sudeste;Brasil;América do Sul
173;TGS;Data Scientist Lead;Grande Rio de Janeiro (RJ);09/10 22:00;https://www.linkedin.com/jobs/view/4473696680/;https://media.licdn.com/dms/image/v2/D4E0BAQGIjxM5msJz9w/company-logo_100_100/company-logo_100_100/0/1719847350843/tgs_220114_logo?e=1793232000&v=beta&t=9VRnbXuK3C8_fd_7ZEGH4OhCqOHlwQxeTs_ddDj7v5E;Data & Ai > Data Engineering;https://www.linkedin.com/company/tgs/about/;Dados e Analytics;data engineer OR data analyst OR bi analyst OR arquiteto de dados OR data architect OR database administrator OR administrador de banco de dados OR dba;tgs;1;;https://www.linkedin.com/jobs/view/4473696680/;https://www.linkedin.com/jobs/view/4473696680/;Not informed;Mid, Liderança/Gerência, Dados/Analytics;10/10/2026;;Rio de Janeiro;RJ;Região Sudeste;Brasil;América do Sul
174;TMF Group;Senior SQL Database Administrator;Grande São Paulo (SP) ;09/10 18:00;https://www.linkedin.com/jobs/view/4477879187/;https://media.licdn.com/dms/image/v2/C560BAQFns0viLLYWvA/company-logo_100_100/company-logo_100_100/0/1631340345291?e=1793232000&v=beta&t=nKrvBk_OOUztgpsNgoGtHnz4VU9BPIBiJy4cIzHLjCM;-;https://www.linkedin.com/company/tmf-group/about/;Dados e Analytics;data engineer OR data analyst OR bi analyst OR arquiteto de dados OR data architect OR database administrator OR administrador de banco de dados OR dba;tmf group;1;;https://www.linkedin.com/jobs/view/4477879187/;https://www.linkedin.com/jobs/view/4477879187/;Remote;Senior;10/10/2026;;São Paulo;SP;Região Sudeste;Brasil;América do Sul
175;Timbro Trading;Analista de Automação de Processos Pleno;São Paulo, SP;09/10 17:00;https://www.linkedin.com/jobs/view/4476851321/;https://media.licdn.com/dms/image/v2/D4D0BAQGr-o_mCVgk0g/company-logo_100_100/company-logo_100_100/0/1685585715649/timbro_trading_logo?e=1793232000&v=beta&t=10GKdRwC2J_VK4iiZKEy3oVyt14zzD_KfYORI2kI6kM;Advanced > Process & Automation;https://www.linkedin.com/company/timbro-trading/about/;Software e Serviços de TI;data engineer OR data analyst OR bi analyst OR arquiteto de dados OR data architect OR database administrator OR administrador de banco de dados OR dba;timbro trading;1;;https://www.linkedin.com/jobs/view/4476851321/;https://www.linkedin.com/jobs/view/4476851321/;Hybrid;Mid, Associate, Processos/Excelência;10/10/2026;;São Paulo;SP;Região Sudeste;Brasil;América do Sul
176;UMANA BRASIL;ANALISTA DE PROCESSOS INDUSTRIAIS - PE;Jaboatão dos Guararapes, PE;10/10 00:00;https://www.linkedin.com/jobs/view/4475290606/;https://media.licdn.com/dms/image/v2/D4D0BAQHNhOb6c0jDKQ/company-logo_100_100/B4DZ4cSJK8IUAI-/0/1778590979087/umana_brasil_logo?e=1793232000&v=beta&t=BbUgN4oSyfCbwAjzoPRrZMukcErk46HD8viuTrf-Jqw;Advanced > Process & Automation;https://www.linkedin.com/company/umana-brasil/about/;-;data engineer OR data analyst OR bi analyst OR arquiteto de dados OR data architect OR database administrator OR administrador de banco de dados OR dba;umana brasil;1;;https://www.linkedin.com/jobs/view/4475290606/;https://www.linkedin.com/jobs/view/4475290606/;On-site;Associate, Processos/Excelência;10/10/2026;;Pernambuco;PE;Região Nordeste;Brasil;América do Sul
177;UOL EdTech;Analista de Dados (Analytics Engineer);São Paulo, SP;10/10 07:00;https://www.linkedin.com/jobs/view/4468051565/;https://media.licdn.com/dms/image/v2/D4D0BAQEcJMvMf3cfhw/company-logo_100_100/B4DaD9v8yUKcAI-/0/1790963600754/uoledtech_para_empresas_logo?e=1793232000&v=beta&t=r3yRmrFuYonb5rnbbfvdTwr4eGoOLQCK3H7hVv9ZtbY;Advanced > Information Technology;https://www.linkedin.com/company/uol-edtech/about/;Dados e Analytics;data engineer OR data analyst OR bi analyst OR arquiteto de dados OR data architect OR database administrator OR administrador de banco de dados OR dba;uol edtech;1;;https://www.linkedin.com/jobs/view/4468051565/;https://www.linkedin.com/jobs/view/4468051565/;Not informed;Associate, Dados/Analytics, Engenharia Geral;10/10/2026;;São Paulo;SP;Região Sudeste;Brasil;América do Sul
178;Ultragaz;Especialista de Inteligência Comercial;São Paulo, SP;10/10 07:00;https://www.linkedin.com/jobs/view/4475607738/;https://media.licdn.com/dms/image/v2/C4D0BAQGSPrcPb2IlRA/company-logo_100_100/company-logo_100_100/0/1630529116798/ultragaz_logo?e=1793232000&v=beta&t=BG4Na-vmcsE_bzx6BPvZotX1PVDLjHJi0h8X1FZQYTs;Advanced > Specialist;https://www.linkedin.com/company/ultragaz/about/;Hardware e Eletrônicos;data engineer OR data analyst OR bi analyst OR arquiteto de dados OR data architect OR database administrator OR administrador de banco de dados OR dba;ultragaz;1;;https://www.linkedin.com/jobs/view/4475607738/;https://www.linkedin.com/jobs/view/4475607738/;On-site;Specialist, Vendas / Comercial;10/10/2026;;São Paulo;SP;Região Sudeste;Brasil;América do Sul
179;VLI Logística;323372 - ANALISTA SUPRIMENTOS PLENOBelo Horizonte - MGFull-time employee;Belo Horizonte, MG;10/10 06:00;https://www.linkedin.com/jobs/view/4466924777/;https://media.licdn.com/dms/image/v2/D4D0BAQEnJyajUE92sQ/company-logo_100_100/B4DZfHd2wgGkAU-/0/1751398182662?e=1793232000&v=beta&t=yrBCmUJCQyxHwYCbvc8U4ZK38SRIvF2ZzlJl2T4qtqU;Advanced > Specialist;https://www.linkedin.com/company/vli-log-stica/about/;Logística e Supply Chain;data engineer OR data analyst OR bi analyst OR arquiteto de dados OR data architect OR database administrator OR administrador de banco de dados OR dba;vli logística;1;;https://www.linkedin.com/jobs/view/4466924777/;https://www.linkedin.com/jobs/view/4466924777/;Not informed;CLT/Efetivo, Mid, Associate;10/10/2026;;Minas Gerais;MG;Região Sudeste;Brasil;América do Sul
180;WPP Media;Analista de BI Sênior;São Paulo, SP;09/10 22:00;https://www.linkedin.com/jobs/view/4475261939/;https://media.licdn.com/dms/image/v2/D4E0BAQEg1Ox7FAhShg/company-logo_100_100/B4EZoBzd05GoAQ-/0/1760966860672/wpp_media_logo?e=1793232000&v=beta&t=zaBufWfvJ9xTeBMqTsCAZLFYtpXfGrhbfa2Jgo4K8cs;Advanced > Specialist;https://www.linkedin.com/company/wpp-media/about/;Mídia e Entretenimento;data engineer OR data analyst OR bi analyst OR arquiteto de dados OR data architect OR database administrator OR administrador de banco de dados OR dba;wpp media;1;;https://www.linkedin.com/jobs/view/4475261939/;https://www.linkedin.com/jobs/view/4475261939/;Not informed;Senior, Associate;10/10/2026;;São Paulo;SP;Região Sudeste;Brasil;América do Sul
181;Wikimedia Foundation;Senior Data Scientist, Safety & Security;Brasil;09/10 15:00;https://www.linkedin.com/jobs/view/4468882744/;https://media.licdn.com/dms/image/v2/D4D0BAQHLq52VMetF7A/company-logo_100_100/company-logo_100_100/0/1696256412979/wikimedia_foundation_logo?e=1793232000&v=beta&t=LV_p5cTdzS7_5_Hs7KqoKuZIkKEgfImS1oqNovYcOos;Data & Ai > Data Engineering;https://www.linkedin.com/company/wikimedia-foundation/about/;Cibersegurança;data engineer OR data analyst OR bi analyst OR arquiteto de dados OR data architect OR database administrator OR administrador de banco de dados OR dba;wikimedia foundation;1;;https://www.linkedin.com/jobs/view/4468882744/;https://www.linkedin.com/jobs/view/4468882744/;Remote;Senior, Cybersecurity, Dados/Analytics;10/10/2026;;;;;Brasil;América do Sul
182;adjoe;Arquiteto de Soluções Sênior;Barueri, SP;10/10 10:00;https://www.linkedin.com/jobs/view/4478064484/;https://media.licdn.com/dms/image/v2/D4D0BAQHKqWRyAEZFbg/company-logo_100_100/B4DZtusVMHIEAQ-/0/1767088674438/adjoe_logo?e=1793232000&v=beta&t=LVdiRQ_DMkGkX6cilappgpx99Yrk-9ANS9GZk_30m_k;Architecture;https://www.linkedin.com/company/adjoe/about/;Software e Serviços de TI;data engineer OR data analyst OR bi analyst OR arquiteto de dados OR data architect OR database administrator OR administrador de banco de dados OR dba;adjoe;1;;https://www.linkedin.com/jobs/view/4478064484/;https://www.linkedin.com/jobs/view/4478064484/;Hybrid;Senior;10/10/2026;;São Paulo;SP;Região Sudeste;Brasil;América do Sul
183;bp;Data & Analytics Lead;São Paulo, SP;10/10 02:00;https://www.linkedin.com/jobs/view/4475604273/;https://media.licdn.com/dms/image/v2/D4E0BAQFJIiZN5WCYAA/company-logo_100_100/company-logo_100_100/0/1719826788213/bp_logo?e=1793232000&v=beta&t=z4VEwKf1qXGm6Zoo7JtW84xONWh800JNR6dx6TcosNc;Data & Ai > Data Engineering;https://www.linkedin.com/company/bp/about/;Dados e Analytics;data engineer OR data analyst OR bi analyst OR arquiteto de dados OR data architect OR database administrator OR administrador de banco de dados OR dba;bp;1;;https://www.linkedin.com/jobs/view/4475604273/;https://www.linkedin.com/jobs/view/4475604273/;Hybrid;Mid, Liderança/Gerência, Dados/Analytics;10/10/2026;;São Paulo;SP;Região Sudeste;Brasil;América do Sul
184;iFood;Analista de Negócios Júnior;Brasil;09/10 18:00;https://www.linkedin.com/jobs/view/4477875457/;https://media.licdn.com/dms/image/v2/C510BAQFupNOyDYF1sg/company-logo_100_100/company-logo_100_100/0/1631315877254?e=1793232000&v=beta&t=--qUQLnDyGWFjEvaZpYETSLYk6rj-IlYAlN35vuNaGY;Advanced > Specialist;https://www.linkedin.com/company/ifood/about/;Alimentos e Bebidas;data engineer OR data analyst OR bi analyst OR arquiteto de dados OR data architect OR database administrator OR administrador de banco de dados OR dba;ifood;1;;https://www.linkedin.com/jobs/view/4477875457/;https://www.linkedin.com/jobs/view/4477875457/;Remote;Junior, Associate;10/10/2026;;;;;Brasil;América do Sul
185;iFood;Analista de Negócios Sênior;Brasil;09/10 18:00;https://www.linkedin.com/jobs/view/4477873488/;https://media.licdn.com/dms/image/v2/C510BAQFupNOyDYF1sg/company-logo_100_100/company-logo_100_100/0/1631315877254?e=1793232000&v=beta&t=--qUQLnDyGWFjEvaZpYETSLYk6rj-IlYAlN35vuNaGY;Advanced > Specialist;https://www.linkedin.com/company/ifood/about/;Alimentos e Bebidas;data engineer OR data analyst OR bi analyst OR arquiteto de dados OR data architect OR database administrator OR administrador de banco de dados OR dba;ifood;1;;https://www.linkedin.com/jobs/view/4477873488/;https://www.linkedin.com/jobs/view/4477873488/;Remote;Senior, Associate;10/10/2026;;;;;Brasil;América do Sul
186;iFood;Analista Júnior de Payments;Osasco, SP;09/10 18:00;https://www.linkedin.com/jobs/view/4477887011/;https://media.licdn.com/dms/image/v2/C510BAQFupNOyDYF1sg/company-logo_100_100/company-logo_100_100/0/1631315877254?e=1793232000&v=beta&t=--qUQLnDyGWFjEvaZpYETSLYk6rj-IlYAlN35vuNaGY;Advanced > Specialist;https://www.linkedin.com/company/ifood/about/;Alimentos e Bebidas;data engineer OR data analyst OR bi analyst OR arquiteto de dados OR data architect OR database administrator OR administrador de banco de dados OR dba;ifood;1;;https://www.linkedin.com/jobs/view/4477887011/;https://www.linkedin.com/jobs/view/4477887011/;Not informed;Junior, Associate;10/10/2026;;São Paulo;SP;Região Sudeste;Brasil;América do Sul
187;levva;DATA PRODUCT MANAGER;Hortolândia, SP;09/10 17:00;https://www.linkedin.com/jobs/view/4476856049/;https://media.licdn.com/dms/image/v2/D4D0BAQGC2bj7GUclpA/company-logo_100_100/company-logo_100_100/0/1688398016261/levva_logo?e=1793232000&v=beta&t=yJrGFR_JvymSUgB0_klXpy2kRRkpBn1CAXQizd_bXws;Produtos > Data Product Manager;https://www.linkedin.com/company/levva/about/;Dados e Analytics;data engineer OR data analyst OR bi analyst OR arquiteto de dados OR data architect OR database administrator OR administrador de banco de dados OR dba;levva;1;;https://www.linkedin.com/jobs/view/4476856049/;https://www.linkedin.com/jobs/view/4476856049/;Remote;Liderança/Gerência, Product Owner/Product Manager, Dados/Analytics;10/10/2026;;São Paulo;SP;Região Sudeste;Brasil;América do Sul
188;levva;ENGENHEIRO DE DADOS SÊNIOR;Hortolândia, SP;09/10 23:00;https://www.linkedin.com/jobs/view/4476880472/;https://media.licdn.com/dms/image/v2/D4D0BAQGC2bj7GUclpA/company-logo_100_100/company-logo_100_100/0/1688398016261/levva_logo?e=1793232000&v=beta&t=yJrGFR_JvymSUgB0_klXpy2kRRkpBn1CAXQizd_bXws;-;https://www.linkedin.com/company/levva/about/;Dados e Analytics;data engineer OR data analyst OR bi analyst OR arquiteto de dados OR data architect OR database administrator OR administrador de banco de dados OR dba;levva;1;;https://www.linkedin.com/jobs/view/4476880472/;https://www.linkedin.com/jobs/view/4476880472/;Remote;Senior, Dados/Analytics;10/10/2026;;São Paulo;SP;Região Sudeste;Brasil;América do Sul
