Id;Company;Job Title;Location;Published Date;Job Link;Logo;Category;Company Life URL;Industry;Query Parameters;Company_Match;Score;Platform;Job Link_Match;Destination URL;Work Mode;Tags;Capture Date;City;State;UF;Region;Country;Continent
1;3A RIVA;DATA ENGINEER PLENO;Belo Horizonte (MG);18/06 12:00;https://www.linkedin.com/jobs/view/4427834912/;https://media.licdn.com/dms/image/v2/D560BAQEwi74h8ILgwg/company-logo_100_100/B56Z5vCDM.IcAI-/0/1779979269152/3a_riva_logo?e=1783555200&v=beta&t=yHJydE_PEhpnhsQ-BngYfL-_NNe1dnFzEm22cHuJ-qI;Data & Ai > Data Engineering;https://www.linkedin.com/company/3a-riva/about/;Dados e Analytics;(data AND engineer) OR (data AND analyst) OR (bi AND analyst) OR (arquiteto AND de AND dados) OR (data AND architect) OR (database AND administrator) OR (administrador AND de AND banco AND de AND dados) OR dba;3a riva;1;;https://www.linkedin.com/jobs/view/4427834912/;https://www.linkedin.com/jobs/view/4427834912/;On-site;Mid, Dados/Analytics, Engenharia Geral;23/06/2026;Belo Horizonte;Minas Gerais;MG;Região Sudeste;Brasil;América do Sul
2;99;CRM Data Analyst;Grande São Paulo (SP) ;17/06 12:00;https://www.linkedin.com/jobs/view/4429591259/;https://media.licdn.com/dms/image/v2/D4D0BAQGvkxxN_jUX3Q/company-logo_100_100/company-logo_100_100/0/1719800835083/99app_logo?e=1783555200&v=beta&t=8j4GAWkCnWU8CVc7OHM98SoBYNzYR_Xxj12wbBUbMPw;Data & Ai > Data Engineering;https://www.linkedin.com/company/99/about/;Dados e Analytics;(data AND engineer) OR (data AND analyst) OR (bi AND analyst) OR (arquiteto AND de AND dados) OR (data AND architect) OR (database AND administrator) OR (administrador AND de AND banco AND de AND dados) OR dba;99;1.0;careers.didiglobal.com;https://www.linkedin.com/jobs/view/4429591259/;https://www.linkedin.com/jobs/view/4429591259/;Hybrid;Salesforce/CRM, Dados/Analytics;23/06/2026;;São Paulo;SP;Região Sudeste;Brasil;América do Sul
3;ADM;Sr. Data Engineer;São Paulo (SP);23/06 00:00;https://www.linkedin.com/jobs/view/4414358035/;https://media.licdn.com/dms/image/v2/C560BAQG0X_qChwy0vg/company-logo_100_100/company-logo_100_100/0/1656694101135/adm_logo?e=1783555200&v=beta&t=52SZN0DUQ7rVIKZqDe9p2IBCip228fnEJOC9bXdX4_c;Data & Ai > Data Engineering;https://www.linkedin.com/company/adm/about/;Dados e Analytics;(data AND engineer) OR (data AND analyst) OR (bi AND analyst) OR (arquiteto AND de AND dados) OR (data AND architect) OR (database AND administrator) OR (administrador AND de AND banco AND de AND dados) OR dba;adm;1.0;sjobs.brassring.com;https://www.linkedin.com/jobs/view/4414358035/;https://www.linkedin.com/jobs/view/4414358035/;Hybrid;Senior, Dados/Analytics, Engenharia Geral;23/06/2026;São Paulo;São Paulo;SP;Região Sudeste;Brasil;América do Sul
4;Accenture Brasil;Administrador de Banco de Dados - SAP HANA (Inglês fluente);Grande Rio de Janeiro (RJ);22/06 12:00;https://www.linkedin.com/jobs/view/4419590532/;https://media.licdn.com/dms/image/v2/D4D0BAQFxYk90aqWMqA/company-logo_100_100/company-logo_100_100/0/1727873248436/accenturebrasil_logo?e=1783555200&v=beta&t=9ZeAmu5LE3C9Iy6ZjEGD4kKnrLgyc8dyWP56s3ZS3s8;-;https://www.linkedin.com/company/accenture-brasil/about/;Dados e Analytics;(data AND engineer) OR (data AND analyst) OR (bi AND analyst) OR (arquiteto AND de AND dados) OR (data AND architect) OR (database AND administrator) OR (administrador AND de AND banco AND de AND dados) OR dba;accenture brasil;4.0;www.accenture.com;https://www.linkedin.com/jobs/view/4419590532/;https://www.linkedin.com/jobs/view/4419590532/;Remote;Inglês Fluente/Avançado, SAP, Dados/Analytics;23/06/2026;;Rio de Janeiro;RJ;Região Sudeste;Brasil;América do Sul
5;Accenture Brasil;Arquiteto de Dados – Pleno e Sênior;São Paulo (SP);22/06 12:00;https://www.linkedin.com/jobs/view/4430351904/;https://media.licdn.com/dms/image/v2/D4D0BAQFxYk90aqWMqA/company-logo_100_100/company-logo_100_100/0/1727873248436/accenturebrasil_logo?e=1783555200&v=beta&t=9ZeAmu5LE3C9Iy6ZjEGD4kKnrLgyc8dyWP56s3ZS3s8;Architecture;https://www.linkedin.com/company/accenture-brasil/about/;Dados e Analytics;(data AND engineer) OR (data AND analyst) OR (bi AND analyst) OR (arquiteto AND de AND dados) OR (data AND architect) OR (database AND administrator) OR (administrador AND de AND banco AND de AND dados) OR dba;accenture brasil;4.0;www.accenture.com;https://www.linkedin.com/jobs/view/4430351904/;https://www.linkedin.com/jobs/view/4430351904/;Remote;Senior, Mid, Dados/Analytics;23/06/2026;São Paulo;São Paulo;SP;Região Sudeste;Brasil;América do Sul
6;Affinity;Data Engineer;Belo Horizonte (MG);17/06 12:00;https://www.linkedin.com/jobs/view/4429597178/;https://media.licdn.com/dms/image/v2/C4D0BAQHs0947GSZjbQ/company-logo_100_100/company-logo_100_100/0/1630575796505/affinity_portugal_logo?e=1783555200&v=beta&t=R2cOpSjSROD4CJfQaI-PBKo5PI3QQXjTSnszOLVFLYY;Data & Ai > Data Engineering;https://www.linkedin.com/company/affinity/about/;Dados e Analytics;(data AND engineer) OR (data AND analyst) OR (bi AND analyst) OR (arquiteto AND de AND dados) OR (data AND architect) OR (database AND administrator) OR (administrador AND de AND banco AND de AND dados) OR dba;affinity;1.0;;https://www.linkedin.com/jobs/view/4429597178/;https://www.linkedin.com/jobs/view/4429597178/;Remote;Dados/Analytics, Engenharia Geral;23/06/2026;Belo Horizonte;Minas Gerais;MG;Região Sudeste;Brasil;América do Sul
7;Affinity;Data Engineer;Curitiba (PR);17/06 12:00;https://www.linkedin.com/jobs/view/4429579960/;https://media.licdn.com/dms/image/v2/C4D0BAQHs0947GSZjbQ/company-logo_100_100/company-logo_100_100/0/1630575796505/affinity_portugal_logo?e=1783555200&v=beta&t=R2cOpSjSROD4CJfQaI-PBKo5PI3QQXjTSnszOLVFLYY;Data & Ai > Data Engineering;https://www.linkedin.com/company/affinity/about/;Dados e Analytics;(data AND engineer) OR (data AND analyst) OR (bi AND analyst) OR (arquiteto AND de AND dados) OR (data AND architect) OR (database AND administrator) OR (administrador AND de AND banco AND de AND dados) OR dba;affinity;1.0;;https://www.linkedin.com/jobs/view/4429579960/;https://www.linkedin.com/jobs/view/4429579960/;Remote;Dados/Analytics, Engenharia Geral;23/06/2026;Curitiba;Paraná;PR;Região Sul;Brasil;América do Sul
8;Affinity;Data Engineer;Paraíba, Brasil;17/06 12:00;https://www.linkedin.com/jobs/view/4429578644/;https://media.licdn.com/dms/image/v2/C4D0BAQHs0947GSZjbQ/company-logo_100_100/company-logo_100_100/0/1630575796505/affinity_portugal_logo?e=1783555200&v=beta&t=R2cOpSjSROD4CJfQaI-PBKo5PI3QQXjTSnszOLVFLYY;Data & Ai > Data Engineering;https://www.linkedin.com/company/affinity/about/;Dados e Analytics;(data AND engineer) OR (data AND analyst) OR (bi AND analyst) OR (arquiteto AND de AND dados) OR (data AND architect) OR (database AND administrator) OR (administrador AND de AND banco AND de AND dados) OR dba;affinity;1.0;;https://www.linkedin.com/jobs/view/4429578644/;https://www.linkedin.com/jobs/view/4429578644/;Remote;Dados/Analytics, Engenharia Geral;23/06/2026;;Paraíba;PB;Região Nordeste;Brasil;América do Sul
9;Affinity;Data Engineer;Recife (PE);17/06 12:00;https://www.linkedin.com/jobs/view/4429593148/;https://media.licdn.com/dms/image/v2/C4D0BAQHs0947GSZjbQ/company-logo_100_100/company-logo_100_100/0/1630575796505/affinity_portugal_logo?e=1783555200&v=beta&t=R2cOpSjSROD4CJfQaI-PBKo5PI3QQXjTSnszOLVFLYY;Data & Ai > Data Engineering;https://www.linkedin.com/company/affinity/about/;Dados e Analytics;(data AND engineer) OR (data AND analyst) OR (bi AND analyst) OR (arquiteto AND de AND dados) OR (data AND architect) OR (database AND administrator) OR (administrador AND de AND banco AND de AND dados) OR dba;affinity;1.0;;https://www.linkedin.com/jobs/view/4429593148/;https://www.linkedin.com/jobs/view/4429593148/;Remote;Dados/Analytics, Engenharia Geral;23/06/2026;Recife;Pernambuco;PE;Região Nordeste;Brasil;América do Sul
10;Agoda;Associate Data Analyst (New Graduate, Thai Speaking) (Marketing Analytics, Bangkok Based);Brasília (DF);17/06 12:00;https://www.linkedin.com/jobs/view/4410543722/;https://media.licdn.com/dms/image/v2/D4D0BAQHnu249lVL3yA/company-logo_100_100/B4DZ09fn8fJQAU-/0/1774853194495/agoda_logo?e=1783555200&v=beta&t=jyGuEZKXrIINc7Tf9GW9GZtbKwoZPt9TE-mom7Ni2xI;Data & Ai > Data Engineering;https://www.linkedin.com/company/agoda/about/;Dados e Analytics;(data AND engineer) OR (data AND analyst) OR (bi AND analyst) OR (arquiteto AND de AND dados) OR (data AND architect) OR (database AND administrator) OR (administrador AND de AND banco AND de AND dados) OR dba;agoda;1.0;Greenhouse;https://www.linkedin.com/jobs/view/4410543722/;https://www.linkedin.com/jobs/view/4410543722/;On-site;Associate, Dados/Analytics, Marketing/Mídia;23/06/2026;;Distrito Federal;DF;Região Centro-Oeste;Brasil;América do Sul
11;Akurey;Senior Data Engineer (Snowflake);América Latina;22/06 21:00;https://www.linkedin.com/jobs/view/4432050500/;https://media.licdn.com/dms/image/v2/D4E0BAQF_Ttlsp4CzVw/company-logo_100_100/company-logo_100_100/0/1688068182381/akureyinc_logo?e=1783555200&v=beta&t=l4723KMNrGYccPI0-jgCIh3Lsi7Xw-YNbsVd-oTrU9A;Data & Ai > Data Engineering;https://www.linkedin.com/company/akurey/about/;Dados e Analytics;(data AND engineer) OR (data AND analyst) OR (bi AND analyst) OR (arquiteto AND de AND dados) OR (data AND architect) OR (database AND administrator) OR (administrador AND de AND banco AND de AND dados) OR dba;akurey;1;;https://www.linkedin.com/jobs/view/4432050500/;https://www.linkedin.com/jobs/view/4432050500/;Remote;Senior, Dados/Analytics, Engenharia Geral;23/06/2026;;;;;;América Latina
12;Akurey;Senior Data Engineer with Platform Experience;América Latina;22/06 21:00;https://www.linkedin.com/jobs/view/4432052419/;https://media.licdn.com/dms/image/v2/D4E0BAQF_Ttlsp4CzVw/company-logo_100_100/company-logo_100_100/0/1688068182381/akureyinc_logo?e=1783555200&v=beta&t=l4723KMNrGYccPI0-jgCIh3Lsi7Xw-YNbsVd-oTrU9A;Data & Ai > Data Engineering;https://www.linkedin.com/company/akurey/about/;Dados e Analytics;(data AND engineer) OR (data AND analyst) OR (bi AND analyst) OR (arquiteto AND de AND dados) OR (data AND architect) OR (database AND administrator) OR (administrador AND de AND banco AND de AND dados) OR dba;akurey;1;;https://www.linkedin.com/jobs/view/4432052419/;https://www.linkedin.com/jobs/view/4432052419/;Remote;Senior, Dados/Analytics, Engenharia Geral;23/06/2026;;;;;;América Latina
13;Alignerr;E-commerce Data Analyst;Brasil;19/06 12:00;https://www.linkedin.com/jobs/view/4430786251/;https://media.licdn.com/dms/image/v2/D560BAQHD7jKpwp33DA/company-logo_100_100/B56ZsP32kCG4AQ-/0/1765497858824/alignerr_logo?e=1783555200&v=beta&t=At7wPAlGXhqzW2hmMfNwvKKijbkzsJtjO13bWfnGt3E;Data & Ai > Data Engineering;https://www.linkedin.com/company/alignerr/about/;Dados e Analytics;(data AND engineer) OR (data AND analyst) OR (bi AND analyst) OR (arquiteto AND de AND dados) OR (data AND architect) OR (database AND administrator) OR (administrador AND de AND banco AND de AND dados) OR dba;alignerr;1.0;www.alignerr.com;https://www.linkedin.com/jobs/view/4430786251/;https://www.linkedin.com/jobs/view/4430786251/;Remote;Dados/Analytics;23/06/2026;;;;;Brasil;América do Sul
14;Alignerr;Map & Location Data Analyst;Brasil;19/06 12:00;https://www.linkedin.com/jobs/view/4430789239/;https://media.licdn.com/dms/image/v2/D560BAQHD7jKpwp33DA/company-logo_100_100/B56ZsP32kCG4AQ-/0/1765497858824/alignerr_logo?e=1783555200&v=beta&t=At7wPAlGXhqzW2hmMfNwvKKijbkzsJtjO13bWfnGt3E;Data & Ai > Data Engineering;https://www.linkedin.com/company/alignerr/about/;Dados e Analytics;(data AND engineer) OR (data AND analyst) OR (bi AND analyst) OR (arquiteto AND de AND dados) OR (data AND architect) OR (database AND administrator) OR (administrador AND de AND banco AND de AND dados) OR dba;alignerr;1.0;www.alignerr.com;https://www.linkedin.com/jobs/view/4430789239/;https://www.linkedin.com/jobs/view/4430789239/;Remote;Dados/Analytics;23/06/2026;;;;;Brasil;América do Sul
15;Amaris Consulting;Data Engineer Sênior;Brasil;17/06 12:00;https://www.linkedin.com/jobs/view/4427350578/;https://media.licdn.com/dms/image/v2/D4D0BAQHsB8-V6fxAMA/company-logo_100_100/company-logo_100_100/0/1729584227309/amaris_logo?e=1783555200&v=beta&t=HX1W-t6z_hKZyvnMGDf3ZFlS9QYJyaocU4G5KNYDszI;Data & Ai > Data Engineering;https://www.linkedin.com/company/amaris-consulting/about/;Consultoria e Assessoria;(data AND engineer) OR (data AND analyst) OR (bi AND analyst) OR (arquiteto AND de AND dados) OR (data AND architect) OR (database AND administrator) OR (administrador AND de AND banco AND de AND dados) OR dba;amaris consulting;1.0;careers.mantu.com;https://www.linkedin.com/jobs/view/4427350578/;https://www.linkedin.com/jobs/view/4427350578/;Remote;Senior, Dados/Analytics, Engenharia Geral;23/06/2026;;;;;Brasil;América do Sul
16;Amaris Consulting;Senior Data Engineer GCP;SP;22/06 12:00;https://www.linkedin.com/jobs/view/4380017562/;https://media.licdn.com/dms/image/v2/D4D0BAQHsB8-V6fxAMA/company-logo_100_100/company-logo_100_100/0/1729584227309/amaris_logo?e=1783555200&v=beta&t=HX1W-t6z_hKZyvnMGDf3ZFlS9QYJyaocU4G5KNYDszI;Data & Ai > Data Engineering;https://www.linkedin.com/company/amaris-consulting/about/;Consultoria e Assessoria;(data AND engineer) OR (data AND analyst) OR (bi AND analyst) OR (arquiteto AND de AND dados) OR (data AND architect) OR (database AND administrator) OR (administrador AND de AND banco AND de AND dados) OR dba;amaris consulting;1.0;careers.mantu.com;https://www.linkedin.com/jobs/view/4380017562/;https://www.linkedin.com/jobs/view/4380017562/;On-site;Senior, Cloud (AWS/GCP/Azure), Dados/Analytics, Engenharia Geral;23/06/2026;;São Paulo;SP;Região Sudeste;Brasil;América do Sul
17;Amazon;Data Analyst Transp - FM, Pickup, First Mile;Osasco (SP);17/06 12:00;https://www.linkedin.com/jobs/view/4419848763/;https://media.licdn.com/dms/image/v2/D560BAQGDLy4STCnHbg/company-logo_100_100/B56ZnZxDipI0AQ-/0/1760295142304/amazon_logo?e=1783555200&v=beta&t=lrq8UnUp3WIJnoR321iidngYmj1rxeedCHA8y8ONQwA;Data & Ai > Data Engineering;https://www.linkedin.com/company/amazon/about/;Dados e Analytics;(data AND engineer) OR (data AND analyst) OR (bi AND analyst) OR (arquiteto AND de AND dados) OR (data AND architect) OR (database AND administrator) OR (administrador AND de AND banco AND de AND dados) OR dba;amazon;5.0;Amazon;https://www.linkedin.com/jobs/view/4419848763/;https://www.linkedin.com/jobs/view/4419848763/;On-site;Dados/Analytics;23/06/2026;Osasco;São Paulo;SP;Região Sudeste;Brasil;América do Sul
18;Aptonet;Data Engineer (Databricks);América Latina;22/06 19:00;https://www.linkedin.com/jobs/view/4430817138/;https://media.licdn.com/dms/image/v2/C4E0BAQELzB-uiG66ng/company-logo_100_100/company-logo_100_100/0/1630567244478/aptonet_inc_logo?e=1783555200&v=beta&t=85tOxsm-PMRIc0DBurpXA1qlX4Wg2-IjHtOfEzDbmY0;Data & Ai > Data Engineering;https://www.linkedin.com/company/aptonet/about/;Dados e Analytics;(data AND engineer) OR (data AND analyst) OR (bi AND analyst) OR (arquiteto AND de AND dados) OR (data AND architect) OR (database AND administrator) OR (administrador AND de AND banco AND de AND dados) OR dba;aptonet;1.0;;https://www.linkedin.com/jobs/view/4430817138/;https://www.linkedin.com/jobs/view/4430817138/;Remote;Dados/Analytics, Engenharia Geral;23/06/2026;;;;;;América Latina
19;Arco Educação;Data Engineer II;Brasil;20/06 12:00;https://www.linkedin.com/jobs/view/4421201045/;https://media.licdn.com/dms/image/v2/D4D0BAQGaB4FX_HAi2A/company-logo_100_100/B4DZm69YfyJcAQ-/0/1759778277737/arcoeducacao_logo?e=1783555200&v=beta&t=i6b_-zEGZbqhCyN4kTcet9NoTrLXLJeqc8vftc8UxpU;Data & Ai > Data Engineering;https://www.linkedin.com/company/arco-educa-o/about/;Dados e Analytics;(data AND engineer) OR (data AND analyst) OR (bi AND analyst) OR (arquiteto AND de AND dados) OR (data AND architect) OR (database AND administrator) OR (administrador AND de AND banco AND de AND dados) OR dba;arco educação;1.0;Greenhouse;https://www.linkedin.com/jobs/view/4421201045/;https://www.linkedin.com/jobs/view/4421201045/;Remote;Dados/Analytics, Engenharia Geral;23/06/2026;;;;;Brasil;América do Sul
20;Artefact;Intern Data Engineer Brazil;Grande São Paulo (SP) ;22/06 18:00;https://www.linkedin.com/jobs/view/4432029045/;https://media.licdn.com/dms/image/v2/D4E0BAQG6mqYmvSCxFQ/company-logo_100_100/B4EZ7LS31fJkAI-/0/1781527182992/artefact_global_logo?e=1783555200&v=beta&t=Fb1kTADICW9vIKcL1RcS310dlzI9XXCH-pT-WJ2I8_k;Data & Ai > Data Engineering;https://www.linkedin.com/company/artefact/about/;Dados e Analytics;(data AND engineer) OR (data AND analyst) OR (bi AND analyst) OR (arquiteto AND de AND dados) OR (data AND architect) OR (database AND administrator) OR (administrador AND de AND banco AND de AND dados) OR dba;artefact;1.0;Greenhouse;https://www.linkedin.com/jobs/view/4432029045/;https://www.linkedin.com/jobs/view/4432029045/;On-site;Intern, Dados/Analytics, Engenharia Geral;23/06/2026;;São Paulo;SP;Região Sudeste;Brasil;América do Sul
21;Atria Health and Research Institute;Senior Software Engineer, Data Engineering;São Paulo (SP);22/06 12:00;https://www.linkedin.com/jobs/view/4431679545/;https://media.licdn.com/dms/image/v2/C4D0BAQEPtcqtGli2OA/company-logo_100_100/company-logo_100_100/0/1643945885921?e=1783555200&v=beta&t=MYaFhrJKom-CpOUAivSJbaWe0XjKf-JIZKGBbcw6jLM;Data & Ai > Data Engineering;https://www.linkedin.com/company/atria-health-and-research-institute/about/;Dados e Analytics;(data AND engineer) OR (data AND analyst) OR (bi AND analyst) OR (arquiteto AND de AND dados) OR (data AND architect) OR (database AND administrator) OR (administrador AND de AND banco AND de AND dados) OR dba;atria health and research institute;1;;https://www.linkedin.com/jobs/view/4431679545/;https://www.linkedin.com/jobs/view/4431679545/;Remote;Senior, TI/Tech, Dados/Analytics, Engenharia Geral;23/06/2026;São Paulo;São Paulo;SP;Região Sudeste;Brasil;América do Sul
22;Aubay Portugal;Data Engineer (AWS & Scala) - Relocation to Portugal;Brasil;19/06 12:00;https://www.linkedin.com/jobs/view/4430923191/;https://media.licdn.com/dms/image/v2/D4D0BAQFSexdvK2mWhw/company-logo_100_100/company-logo_100_100/0/1736250958915/aubay_portugal_logo?e=1783555200&v=beta&t=IMsIRpwbz4Fl3ri5UCetyVQfxt6KN0EguA2YWFu9xIM;Data & Ai > Data Engineering;https://www.linkedin.com/company/aubay-portugal/about/;Dados e Analytics;(data AND engineer) OR (data AND analyst) OR (bi AND analyst) OR (arquiteto AND de AND dados) OR (data AND architect) OR (database AND administrator) OR (administrador AND de AND banco AND de AND dados) OR dba;aubay portugal;1.0;;https://www.linkedin.com/jobs/view/4430923191/;https://www.linkedin.com/jobs/view/4430923191/;Remote;Cloud (AWS/GCP/Azure), Dados/Analytics, Engenharia Geral;23/06/2026;;;;;Brasil;América do Sul
23;BEES;Mid Level Data Analyst;Campinas (SP);19/06 12:00;https://www.linkedin.com/jobs/view/4431247097/;https://media.licdn.com/dms/image/v2/C4E0BAQGXPkcsGk7KYA/company-logo_100_100/company-logo_100_100/0/1678379975390/beesb2b_logo?e=1783555200&v=beta&t=ag_wfi4BrarAGZTT5B_GMPO7Ahnp_0uGcgRb9WwJHYs;Data & Ai > Data Engineering;https://www.linkedin.com/company/bees/about/;Dados e Analytics;(data AND engineer) OR (data AND analyst) OR (bi AND analyst) OR (arquiteto AND de AND dados) OR (data AND architect) OR (database AND administrator) OR (administrador AND de AND banco AND de AND dados) OR dba;bees;1.0;Greenhouse;https://www.linkedin.com/jobs/view/4431247097/;https://www.linkedin.com/jobs/view/4431247097/;Remote;Mid, Dados/Analytics;23/06/2026;Campinas;São Paulo;SP;Região Sudeste;Brasil;América do Sul
24;BRP;Data Architect - IT;Grande Campinas (SP);18/06 12:00;https://www.linkedin.com/jobs/view/4417250543/;https://media.licdn.com/dms/image/v2/D4E0BAQGqU0VKbG8x8A/company-logo_100_100/B4EZ7L1_rXIAAM-/0/1781536390128/brp_logo?e=1783555200&v=beta&t=qEPCKZ6OddjzvtBtHzWFTqz6JassDV1pPSV1ONLfp60;Data & Ai > Data Engineering;https://www.linkedin.com/company/brp/about/;Dados e Analytics;(data AND engineer) OR (data AND analyst) OR (bi AND analyst) OR (arquiteto AND de AND dados) OR (data AND architect) OR (database AND administrator) OR (administrador AND de AND banco AND de AND dados) OR dba;brp;1.0;careers.brp.com;https://www.linkedin.com/jobs/view/4417250543/;https://www.linkedin.com/jobs/view/4417250543/;On-site;Dados/Analytics;23/06/2026;;São Paulo;SP;Região Sudeste;Brasil;América do Sul
25;BRP;Data Engineer;Grande Campinas (SP);20/06 12:00;https://www.linkedin.com/jobs/view/4417976449/;https://media.licdn.com/dms/image/v2/D4E0BAQGqU0VKbG8x8A/company-logo_100_100/B4EZ7L1_rXIAAM-/0/1781536390128/brp_logo?e=1783555200&v=beta&t=qEPCKZ6OddjzvtBtHzWFTqz6JassDV1pPSV1ONLfp60;Data & Ai > Data Engineering;https://www.linkedin.com/company/brp/about/;Dados e Analytics;(data AND engineer) OR (data AND analyst) OR (bi AND analyst) OR (arquiteto AND de AND dados) OR (data AND architect) OR (database AND administrator) OR (administrador AND de AND banco AND de AND dados) OR dba;brp;1.0;careers.brp.com;https://www.linkedin.com/jobs/view/4417976449/;https://www.linkedin.com/jobs/view/4417976449/;Hybrid;Dados/Analytics, Engenharia Geral;23/06/2026;;São Paulo;SP;Região Sudeste;Brasil;América do Sul
26;BRP;SAP Migration Data Engineer;Grande Campinas (SP);23/06 11:00;https://www.linkedin.com/jobs/view/4417254341/;https://media.licdn.com/dms/image/v2/D4E0BAQGqU0VKbG8x8A/company-logo_100_100/B4EZ7L1_rXIAAM-/0/1781536390128/brp_logo?e=1783555200&v=beta&t=qEPCKZ6OddjzvtBtHzWFTqz6JassDV1pPSV1ONLfp60;Data & Ai > Data Engineering;https://www.linkedin.com/company/brp/about/;Dados e Analytics;(data AND engineer) OR (data AND analyst) OR (bi AND analyst) OR (arquiteto AND de AND dados) OR (data AND architect) OR (database AND administrator) OR (administrador AND de AND banco AND de AND dados) OR dba;brp;1.0;careers.brp.com;https://www.linkedin.com/jobs/view/4417254341/;https://www.linkedin.com/jobs/view/4417254341/;Hybrid;SAP, Dados/Analytics, Engenharia Geral;23/06/2026;;São Paulo;SP;Região Sudeste;Brasil;América do Sul
27;BairesDev;Azure Data Engineer - Remote Work | REF#295528;América Latina;17/06 12:00;https://www.linkedin.com/jobs/view/4429732295/;https://media.licdn.com/dms/image/v2/D4E0BAQGNvQASzrdL_w/company-logo_100_100/company-logo_100_100/0/1687874736484/bairesdev_logo?e=1783555200&v=beta&t=yoSDhw1lzQYUzN-UHn4W9SswOLtQmgDAk7cKsR12He4;Data & Ai > Data Engineering;https://www.linkedin.com/company/bairesdev/about/;Dados e Analytics;(data AND engineer) OR (data AND analyst) OR (bi AND analyst) OR (arquiteto AND de AND dados) OR (data AND architect) OR (database AND administrator) OR (administrador AND de AND banco AND de AND dados) OR dba;bairesdev;2.0;applicants.bairesdev.com;https://www.linkedin.com/jobs/view/4429732295/;https://www.linkedin.com/jobs/view/4429732295/;Remote;Cloud (AWS/GCP/Azure), Dados/Analytics, Engenharia Geral;23/06/2026;;;;;;América Latina
28;BairesDev;BI Analyst - Remote Work;América Latina;22/06 15:00;https://www.linkedin.com/jobs/view/4431731862/;https://media.licdn.com/dms/image/v2/D4E0BAQGNvQASzrdL_w/company-logo_100_100/company-logo_100_100/0/1687874736484/bairesdev_logo?e=1783555200&v=beta&t=yoSDhw1lzQYUzN-UHn4W9SswOLtQmgDAk7cKsR12He4;Advanced > Specialist;https://www.linkedin.com/company/bairesdev/about/;-;(data AND engineer) OR (data AND analyst) OR (bi AND analyst) OR (arquiteto AND de AND dados) OR (data AND architect) OR (database AND administrator) OR (administrador AND de AND banco AND de AND dados) OR dba;bairesdev;2.0;applicants.bairesdev.com;https://www.linkedin.com/jobs/view/4431731862/;https://www.linkedin.com/jobs/view/4431731862/;Remote;-;23/06/2026;;;;;;América Latina
29;BairesDev;Big Data Engineer - Remote Work;América Latina;22/06 15:00;https://www.linkedin.com/jobs/view/4431730935/;https://media.licdn.com/dms/image/v2/D4E0BAQGNvQASzrdL_w/company-logo_100_100/company-logo_100_100/0/1687874736484/bairesdev_logo?e=1783555200&v=beta&t=yoSDhw1lzQYUzN-UHn4W9SswOLtQmgDAk7cKsR12He4;Data & Ai > Data Engineering;https://www.linkedin.com/company/bairesdev/about/;Dados e Analytics;(data AND engineer) OR (data AND analyst) OR (bi AND analyst) OR (arquiteto AND de AND dados) OR (data AND architect) OR (database AND administrator) OR (administrador AND de AND banco AND de AND dados) OR dba;bairesdev;2.0;applicants.bairesdev.com;https://www.linkedin.com/jobs/view/4431730935/;https://www.linkedin.com/jobs/view/4431730935/;Remote;Dados/Analytics, Engenharia Geral;23/06/2026;;;;;;América Latina
30;BairesDev;Business Data Analyst - Remote Work | REF#295258;América Latina;17/06 12:00;https://www.linkedin.com/jobs/view/4429724455/;https://media.licdn.com/dms/image/v2/D4E0BAQGNvQASzrdL_w/company-logo_100_100/company-logo_100_100/0/1687874736484/bairesdev_logo?e=1783555200&v=beta&t=yoSDhw1lzQYUzN-UHn4W9SswOLtQmgDAk7cKsR12He4;Data & Ai > Data Engineering;https://www.linkedin.com/company/bairesdev/about/;Dados e Analytics;(data AND engineer) OR (data AND analyst) OR (bi AND analyst) OR (arquiteto AND de AND dados) OR (data AND architect) OR (database AND administrator) OR (administrador AND de AND banco AND de AND dados) OR dba;bairesdev;2.0;applicants.bairesdev.com;https://www.linkedin.com/jobs/view/4429724455/;https://www.linkedin.com/jobs/view/4429724455/;Remote;Dados/Analytics;23/06/2026;;;;;;América Latina
31;BairesDev;Data Analyst (Python) - Remote Work | REF#295217;América Latina;17/06 12:00;https://www.linkedin.com/jobs/view/4429734281/;https://media.licdn.com/dms/image/v2/D4E0BAQGNvQASzrdL_w/company-logo_100_100/company-logo_100_100/0/1687874736484/bairesdev_logo?e=1783555200&v=beta&t=yoSDhw1lzQYUzN-UHn4W9SswOLtQmgDAk7cKsR12He4;Data & Ai > Data Engineering;https://www.linkedin.com/company/bairesdev/about/;Dados e Analytics;(data AND engineer) OR (data AND analyst) OR (bi AND analyst) OR (arquiteto AND de AND dados) OR (data AND architect) OR (database AND administrator) OR (administrador AND de AND banco AND de AND dados) OR dba;bairesdev;2.0;applicants.bairesdev.com;https://www.linkedin.com/jobs/view/4429734281/;https://www.linkedin.com/jobs/view/4429734281/;Remote;Dados/Analytics;23/06/2026;;;;;;América Latina
32;BairesDev;Data Architect (Databricks + Python) - Remote Work | REF#295252;América Latina;17/06 12:00;https://www.linkedin.com/jobs/view/4429724454/;https://media.licdn.com/dms/image/v2/D4E0BAQGNvQASzrdL_w/company-logo_100_100/company-logo_100_100/0/1687874736484/bairesdev_logo?e=1783555200&v=beta&t=yoSDhw1lzQYUzN-UHn4W9SswOLtQmgDAk7cKsR12He4;Data & Ai > Data Engineering;https://www.linkedin.com/company/bairesdev/about/;Dados e Analytics;(data AND engineer) OR (data AND analyst) OR (bi AND analyst) OR (arquiteto AND de AND dados) OR (data AND architect) OR (database AND administrator) OR (administrador AND de AND banco AND de AND dados) OR dba;bairesdev;2.0;applicants.bairesdev.com;https://www.linkedin.com/jobs/view/4429724454/;https://www.linkedin.com/jobs/view/4429724454/;Remote;Dados/Analytics;23/06/2026;;;;;;América Latina
33;BairesDev;Data Architect (Python + MySQL) - Remote Work | REF#295226;América Latina;17/06 12:00;https://www.linkedin.com/jobs/view/4429719635/;https://media.licdn.com/dms/image/v2/D4E0BAQGNvQASzrdL_w/company-logo_100_100/company-logo_100_100/0/1687874736484/bairesdev_logo?e=1783555200&v=beta&t=yoSDhw1lzQYUzN-UHn4W9SswOLtQmgDAk7cKsR12He4;Data & Ai > Data Engineering;https://www.linkedin.com/company/bairesdev/about/;Dados e Analytics;(data AND engineer) OR (data AND analyst) OR (bi AND analyst) OR (arquiteto AND de AND dados) OR (data AND architect) OR (database AND administrator) OR (administrador AND de AND banco AND de AND dados) OR dba;bairesdev;2.0;applicants.bairesdev.com;https://www.linkedin.com/jobs/view/4429719635/;https://www.linkedin.com/jobs/view/4429719635/;Remote;Dados/Analytics;23/06/2026;;;;;;América Latina
34;BairesDev;Data Architect - Remote Work | REF#295533;América Latina;17/06 12:00;https://www.linkedin.com/jobs/view/4429721562/;https://media.licdn.com/dms/image/v2/D4E0BAQGNvQASzrdL_w/company-logo_100_100/company-logo_100_100/0/1687874736484/bairesdev_logo?e=1783555200&v=beta&t=yoSDhw1lzQYUzN-UHn4W9SswOLtQmgDAk7cKsR12He4;Data & Ai > Data Engineering;https://www.linkedin.com/company/bairesdev/about/;Dados e Analytics;(data AND engineer) OR (data AND analyst) OR (bi AND analyst) OR (arquiteto AND de AND dados) OR (data AND architect) OR (database AND administrator) OR (administrador AND de AND banco AND de AND dados) OR dba;bairesdev;2.0;applicants.bairesdev.com;https://www.linkedin.com/jobs/view/4429721562/;https://www.linkedin.com/jobs/view/4429721562/;Remote;Dados/Analytics;23/06/2026;;;;;;América Latina
35;BairesDev;Data Engineer (Azure Databricks + Python) - Remote Work | REF#295244;América Latina;17/06 12:00;https://www.linkedin.com/jobs/view/4429738199/;https://media.licdn.com/dms/image/v2/D4E0BAQGNvQASzrdL_w/company-logo_100_100/company-logo_100_100/0/1687874736484/bairesdev_logo?e=1783555200&v=beta&t=yoSDhw1lzQYUzN-UHn4W9SswOLtQmgDAk7cKsR12He4;Data & Ai > Data Engineering;https://www.linkedin.com/company/bairesdev/about/;Dados e Analytics;(data AND engineer) OR (data AND analyst) OR (bi AND analyst) OR (arquiteto AND de AND dados) OR (data AND architect) OR (database AND administrator) OR (administrador AND de AND banco AND de AND dados) OR dba;bairesdev;2.0;applicants.bairesdev.com;https://www.linkedin.com/jobs/view/4429738199/;https://www.linkedin.com/jobs/view/4429738199/;Remote;Cloud (AWS/GCP/Azure), Dados/Analytics, Engenharia Geral;23/06/2026;;;;;;América Latina
36;BairesDev;Data Engineer (Azure) - Remote Work | REF#295527;América Latina;17/06 12:00;https://www.linkedin.com/jobs/view/4429732321/;https://media.licdn.com/dms/image/v2/D4E0BAQGNvQASzrdL_w/company-logo_100_100/company-logo_100_100/0/1687874736484/bairesdev_logo?e=1783555200&v=beta&t=yoSDhw1lzQYUzN-UHn4W9SswOLtQmgDAk7cKsR12He4;Data & Ai > Data Engineering;https://www.linkedin.com/company/bairesdev/about/;Dados e Analytics;(data AND engineer) OR (data AND analyst) OR (bi AND analyst) OR (arquiteto AND de AND dados) OR (data AND architect) OR (database AND administrator) OR (administrador AND de AND banco AND de AND dados) OR dba;bairesdev;2.0;applicants.bairesdev.com;https://www.linkedin.com/jobs/view/4429732321/;https://www.linkedin.com/jobs/view/4429732321/;Remote;Cloud (AWS/GCP/Azure), Dados/Analytics, Engenharia Geral;23/06/2026;;;;;;América Latina
37;BairesDev;Data Engineer (Databricks) - Remote Work | REF#295228;América Latina;17/06 12:00;https://www.linkedin.com/jobs/view/4429729370/;https://media.licdn.com/dms/image/v2/D4E0BAQGNvQASzrdL_w/company-logo_100_100/company-logo_100_100/0/1687874736484/bairesdev_logo?e=1783555200&v=beta&t=yoSDhw1lzQYUzN-UHn4W9SswOLtQmgDAk7cKsR12He4;Data & Ai > Data Engineering;https://www.linkedin.com/company/bairesdev/about/;Dados e Analytics;(data AND engineer) OR (data AND analyst) OR (bi AND analyst) OR (arquiteto AND de AND dados) OR (data AND architect) OR (database AND administrator) OR (administrador AND de AND banco AND de AND dados) OR dba;bairesdev;2.0;applicants.bairesdev.com;https://www.linkedin.com/jobs/view/4429729370/;https://www.linkedin.com/jobs/view/4429729370/;Remote;Dados/Analytics, Engenharia Geral;23/06/2026;;;;;;América Latina
38;BairesDev;Data Engineer (Power Platform) - Remote Work | REF#295221;América Latina;17/06 12:00;https://www.linkedin.com/jobs/view/4429724444/;https://media.licdn.com/dms/image/v2/D4E0BAQGNvQASzrdL_w/company-logo_100_100/company-logo_100_100/0/1687874736484/bairesdev_logo?e=1783555200&v=beta&t=yoSDhw1lzQYUzN-UHn4W9SswOLtQmgDAk7cKsR12He4;Data & Ai > Data Engineering;https://www.linkedin.com/company/bairesdev/about/;Dados e Analytics;(data AND engineer) OR (data AND analyst) OR (bi AND analyst) OR (arquiteto AND de AND dados) OR (data AND architect) OR (database AND administrator) OR (administrador AND de AND banco AND de AND dados) OR dba;bairesdev;2.0;applicants.bairesdev.com;https://www.linkedin.com/jobs/view/4429724444/;https://www.linkedin.com/jobs/view/4429724444/;Remote;Dados/Analytics, Engenharia Geral;23/06/2026;;;;;;América Latina
39;BairesDev;Data Engineer (Python) - Remote Work | REF#295214;América Latina;17/06 12:00;https://www.linkedin.com/jobs/view/4429739058/;https://media.licdn.com/dms/image/v2/D4E0BAQGNvQASzrdL_w/company-logo_100_100/company-logo_100_100/0/1687874736484/bairesdev_logo?e=1783555200&v=beta&t=yoSDhw1lzQYUzN-UHn4W9SswOLtQmgDAk7cKsR12He4;Data & Ai > Data Engineering;https://www.linkedin.com/company/bairesdev/about/;Dados e Analytics;(data AND engineer) OR (data AND analyst) OR (bi AND analyst) OR (arquiteto AND de AND dados) OR (data AND architect) OR (database AND administrator) OR (administrador AND de AND banco AND de AND dados) OR dba;bairesdev;2.0;applicants.bairesdev.com;https://www.linkedin.com/jobs/view/4429739058/;https://www.linkedin.com/jobs/view/4429739058/;Remote;Dados/Analytics, Engenharia Geral;23/06/2026;;;;;;América Latina
40;BairesDev;Data Engineer (SAP + Snowflake) - Remote Work | REF#295225;América Latina;17/06 12:00;https://www.linkedin.com/jobs/view/4429729364/;https://media.licdn.com/dms/image/v2/D4E0BAQGNvQASzrdL_w/company-logo_100_100/company-logo_100_100/0/1687874736484/bairesdev_logo?e=1783555200&v=beta&t=yoSDhw1lzQYUzN-UHn4W9SswOLtQmgDAk7cKsR12He4;Data & Ai > Data Engineering;https://www.linkedin.com/company/bairesdev/about/;Dados e Analytics;(data AND engineer) OR (data AND analyst) OR (bi AND analyst) OR (arquiteto AND de AND dados) OR (data AND architect) OR (database AND administrator) OR (administrador AND de AND banco AND de AND dados) OR dba;bairesdev;2.0;applicants.bairesdev.com;https://www.linkedin.com/jobs/view/4429729364/;https://www.linkedin.com/jobs/view/4429729364/;Remote;SAP, Dados/Analytics, Engenharia Geral;23/06/2026;;;;;;América Latina
41;BairesDev;Data Engineer (Snowflake) - Remote Work | REF#295224;América Latina;17/06 12:00;https://www.linkedin.com/jobs/view/4429726377/;https://media.licdn.com/dms/image/v2/D4E0BAQGNvQASzrdL_w/company-logo_100_100/company-logo_100_100/0/1687874736484/bairesdev_logo?e=1783555200&v=beta&t=yoSDhw1lzQYUzN-UHn4W9SswOLtQmgDAk7cKsR12He4;Data & Ai > Data Engineering;https://www.linkedin.com/company/bairesdev/about/;Dados e Analytics;(data AND engineer) OR (data AND analyst) OR (bi AND analyst) OR (arquiteto AND de AND dados) OR (data AND architect) OR (database AND administrator) OR (administrador AND de AND banco AND de AND dados) OR dba;bairesdev;2.0;applicants.bairesdev.com;https://www.linkedin.com/jobs/view/4429726377/;https://www.linkedin.com/jobs/view/4429726377/;Remote;Dados/Analytics, Engenharia Geral;23/06/2026;;;;;;América Latina
42;BairesDev;Data Engineer - Remote Work;América Latina;22/06 16:00;https://www.linkedin.com/jobs/view/4430589242/;https://media.licdn.com/dms/image/v2/D4E0BAQGNvQASzrdL_w/company-logo_100_100/company-logo_100_100/0/1687874736484/bairesdev_logo?e=1783555200&v=beta&t=yoSDhw1lzQYUzN-UHn4W9SswOLtQmgDAk7cKsR12He4;Data & Ai > Data Engineering;https://www.linkedin.com/company/bairesdev/about/;Dados e Analytics;(data AND engineer) OR (data AND analyst) OR (bi AND analyst) OR (arquiteto AND de AND dados) OR (data AND architect) OR (database AND administrator) OR (administrador AND de AND banco AND de AND dados) OR dba;bairesdev;2.0;applicants.bairesdev.com;https://www.linkedin.com/jobs/view/4430589242/;https://www.linkedin.com/jobs/view/4430589242/;Remote;Dados/Analytics, Engenharia Geral;23/06/2026;;;;;;América Latina
43;BairesDev;Enterprise Data Architect - Remote Work | REF#295534;América Latina;17/06 12:00;https://www.linkedin.com/jobs/view/4429720633/;https://media.licdn.com/dms/image/v2/D4E0BAQGNvQASzrdL_w/company-logo_100_100/company-logo_100_100/0/1687874736484/bairesdev_logo?e=1783555200&v=beta&t=yoSDhw1lzQYUzN-UHn4W9SswOLtQmgDAk7cKsR12He4;Data & Ai > Data Engineering;https://www.linkedin.com/company/bairesdev/about/;Dados e Analytics;(data AND engineer) OR (data AND analyst) OR (bi AND analyst) OR (arquiteto AND de AND dados) OR (data AND architect) OR (database AND administrator) OR (administrador AND de AND banco AND de AND dados) OR dba;bairesdev;2.0;applicants.bairesdev.com;https://www.linkedin.com/jobs/view/4429720633/;https://www.linkedin.com/jobs/view/4429720633/;Remote;Dados/Analytics;23/06/2026;;;;;;América Latina
44;BairesDev;GCP Data Engineer - Remote Work | REF#295233;América Latina;17/06 12:00;https://www.linkedin.com/jobs/view/4429719636/;https://media.licdn.com/dms/image/v2/D4E0BAQGNvQASzrdL_w/company-logo_100_100/company-logo_100_100/0/1687874736484/bairesdev_logo?e=1783555200&v=beta&t=yoSDhw1lzQYUzN-UHn4W9SswOLtQmgDAk7cKsR12He4;Data & Ai > Data Engineering;https://www.linkedin.com/company/bairesdev/about/;Dados e Analytics;(data AND engineer) OR (data AND analyst) OR (bi AND analyst) OR (arquiteto AND de AND dados) OR (data AND architect) OR (database AND administrator) OR (administrador AND de AND banco AND de AND dados) OR dba;bairesdev;2.0;applicants.bairesdev.com;https://www.linkedin.com/jobs/view/4429719636/;https://www.linkedin.com/jobs/view/4429719636/;Remote;Cloud (AWS/GCP/Azure), Dados/Analytics, Engenharia Geral;23/06/2026;;;;;;América Latina
45;BairesDev;Geospatial Data Engineer - Remote Work | REF#295292;América Latina;17/06 12:00;https://www.linkedin.com/jobs/view/4429725448/;https://media.licdn.com/dms/image/v2/D4E0BAQGNvQASzrdL_w/company-logo_100_100/company-logo_100_100/0/1687874736484/bairesdev_logo?e=1783555200&v=beta&t=yoSDhw1lzQYUzN-UHn4W9SswOLtQmgDAk7cKsR12He4;Data & Ai > Data Engineering;https://www.linkedin.com/company/bairesdev/about/;Dados e Analytics;(data AND engineer) OR (data AND analyst) OR (bi AND analyst) OR (arquiteto AND de AND dados) OR (data AND architect) OR (database AND administrator) OR (administrador AND de AND banco AND de AND dados) OR dba;bairesdev;2.0;applicants.bairesdev.com;https://www.linkedin.com/jobs/view/4429725448/;https://www.linkedin.com/jobs/view/4429725448/;Remote;Dados/Analytics, Engenharia Geral;23/06/2026;;;;;;América Latina
46;BairesDev;Health Data Engineer - Remote Work | REF#295290;América Latina;17/06 12:00;https://www.linkedin.com/jobs/view/4429725490/;https://media.licdn.com/dms/image/v2/D4E0BAQGNvQASzrdL_w/company-logo_100_100/company-logo_100_100/0/1687874736484/bairesdev_logo?e=1783555200&v=beta&t=yoSDhw1lzQYUzN-UHn4W9SswOLtQmgDAk7cKsR12He4;Data & Ai > Data Engineering;https://www.linkedin.com/company/bairesdev/about/;Dados e Analytics;(data AND engineer) OR (data AND analyst) OR (bi AND analyst) OR (arquiteto AND de AND dados) OR (data AND architect) OR (database AND administrator) OR (administrador AND de AND banco AND de AND dados) OR dba;bairesdev;2.0;applicants.bairesdev.com;https://www.linkedin.com/jobs/view/4429725490/;https://www.linkedin.com/jobs/view/4429725490/;Remote;Dados/Analytics, Engenharia Geral, Saúde/Pesquisa;23/06/2026;;;;;;América Latina
47;BairesDev;Power BI Analyst - Remote Work;América Latina;22/06 12:00;https://www.linkedin.com/jobs/view/4430571492/;https://media.licdn.com/dms/image/v2/D4E0BAQGNvQASzrdL_w/company-logo_100_100/company-logo_100_100/0/1687874736484/bairesdev_logo?e=1783555200&v=beta&t=yoSDhw1lzQYUzN-UHn4W9SswOLtQmgDAk7cKsR12He4;Advanced > Specialist;https://www.linkedin.com/company/bairesdev/about/;-;(data AND engineer) OR (data AND analyst) OR (bi AND analyst) OR (arquiteto AND de AND dados) OR (data AND architect) OR (database AND administrator) OR (administrador AND de AND banco AND de AND dados) OR dba;bairesdev;2.0;applicants.bairesdev.com;https://www.linkedin.com/jobs/view/4430571492/;https://www.linkedin.com/jobs/view/4430571492/;Remote;-;23/06/2026;;;;;;América Latina
48;BairesDev;Principal Data Architect - Remote Work | REF#295535;América Latina;17/06 12:00;https://www.linkedin.com/jobs/view/4429725480/;https://media.licdn.com/dms/image/v2/D4E0BAQGNvQASzrdL_w/company-logo_100_100/company-logo_100_100/0/1687874736484/bairesdev_logo?e=1783555200&v=beta&t=yoSDhw1lzQYUzN-UHn4W9SswOLtQmgDAk7cKsR12He4;Data & Ai > Data Engineering;https://www.linkedin.com/company/bairesdev/about/;Dados e Analytics;(data AND engineer) OR (data AND analyst) OR (bi AND analyst) OR (arquiteto AND de AND dados) OR (data AND architect) OR (database AND administrator) OR (administrador AND de AND banco AND de AND dados) OR dba;bairesdev;2.0;applicants.bairesdev.com;https://www.linkedin.com/jobs/view/4429725480/;https://www.linkedin.com/jobs/view/4429725480/;Remote;Dados/Analytics;23/06/2026;;;;;;América Latina
49;BairesDev;SAP Data Engineer - Remote Work | REF#295530;América Latina;17/06 12:00;https://www.linkedin.com/jobs/view/4429724481/;https://media.licdn.com/dms/image/v2/D4E0BAQGNvQASzrdL_w/company-logo_100_100/company-logo_100_100/0/1687874736484/bairesdev_logo?e=1783555200&v=beta&t=yoSDhw1lzQYUzN-UHn4W9SswOLtQmgDAk7cKsR12He4;Data & Ai > Data Engineering;https://www.linkedin.com/company/bairesdev/about/;Dados e Analytics;(data AND engineer) OR (data AND analyst) OR (bi AND analyst) OR (arquiteto AND de AND dados) OR (data AND architect) OR (database AND administrator) OR (administrador AND de AND banco AND de AND dados) OR dba;bairesdev;2.0;applicants.bairesdev.com;https://www.linkedin.com/jobs/view/4429724481/;https://www.linkedin.com/jobs/view/4429724481/;Remote;SAP, Dados/Analytics, Engenharia Geral;23/06/2026;;;;;;América Latina
50;BairesDev;Senior Data Engineer (Databricks) - Remote Work | REF#295229;América Latina;17/06 12:00;https://www.linkedin.com/jobs/view/4429738197/;https://media.licdn.com/dms/image/v2/D4E0BAQGNvQASzrdL_w/company-logo_100_100/company-logo_100_100/0/1687874736484/bairesdev_logo?e=1783555200&v=beta&t=yoSDhw1lzQYUzN-UHn4W9SswOLtQmgDAk7cKsR12He4;Data & Ai > Data Engineering;https://www.linkedin.com/company/bairesdev/about/;Dados e Analytics;(data AND engineer) OR (data AND analyst) OR (bi AND analyst) OR (arquiteto AND de AND dados) OR (data AND architect) OR (database AND administrator) OR (administrador AND de AND banco AND de AND dados) OR dba;bairesdev;2.0;applicants.bairesdev.com;https://www.linkedin.com/jobs/view/4429738197/;https://www.linkedin.com/jobs/view/4429738197/;Remote;Senior, Dados/Analytics, Engenharia Geral;23/06/2026;;;;;;América Latina
51;BairesDev;Senior Data Engineer 2 - Remote Work | REF#295251;América Latina;17/06 12:00;https://www.linkedin.com/jobs/view/4429721519/;https://media.licdn.com/dms/image/v2/D4E0BAQGNvQASzrdL_w/company-logo_100_100/company-logo_100_100/0/1687874736484/bairesdev_logo?e=1783555200&v=beta&t=yoSDhw1lzQYUzN-UHn4W9SswOLtQmgDAk7cKsR12He4;Data & Ai > Data Engineering;https://www.linkedin.com/company/bairesdev/about/;Dados e Analytics;(data AND engineer) OR (data AND analyst) OR (bi AND analyst) OR (arquiteto AND de AND dados) OR (data AND architect) OR (database AND administrator) OR (administrador AND de AND banco AND de AND dados) OR dba;bairesdev;2.0;applicants.bairesdev.com;https://www.linkedin.com/jobs/view/4429721519/;https://www.linkedin.com/jobs/view/4429721519/;Remote;Senior, Dados/Analytics, Engenharia Geral;23/06/2026;;;;;;América Latina
52;BairesDev;Data Engineer (Azure Databricks + Python) - Remote Work | REF#295242;Brasil;17/06 12:00;https://www.linkedin.com/jobs/view/4429725453/;https://media.licdn.com/dms/image/v2/D4E0BAQGNvQASzrdL_w/company-logo_100_100/company-logo_100_100/0/1687874736484/bairesdev_logo?e=1783555200&v=beta&t=yoSDhw1lzQYUzN-UHn4W9SswOLtQmgDAk7cKsR12He4;Data & Ai > Data Engineering;https://www.linkedin.com/company/bairesdev/about/;Dados e Analytics;(data AND engineer) OR (data AND analyst) OR (bi AND analyst) OR (arquiteto AND de AND dados) OR (data AND architect) OR (database AND administrator) OR (administrador AND de AND banco AND de AND dados) OR dba;bairesdev;2.0;applicants.bairesdev.com;https://www.linkedin.com/jobs/view/4429725453/;https://www.linkedin.com/jobs/view/4429725453/;Remote;Cloud (AWS/GCP/Azure), Dados/Analytics, Engenharia Geral;23/06/2026;;;;;Brasil;América do Sul
53;BairesDev;Data Engineer (Azure Databricks) - Remote Work | REF#295241;Minas Gerais, Brasil;17/06 12:00;https://www.linkedin.com/jobs/view/4429717870/;https://media.licdn.com/dms/image/v2/D4E0BAQGNvQASzrdL_w/company-logo_100_100/company-logo_100_100/0/1687874736484/bairesdev_logo?e=1783555200&v=beta&t=yoSDhw1lzQYUzN-UHn4W9SswOLtQmgDAk7cKsR12He4;Data & Ai > Data Engineering;https://www.linkedin.com/company/bairesdev/about/;Dados e Analytics;(data AND engineer) OR (data AND analyst) OR (bi AND analyst) OR (arquiteto AND de AND dados) OR (data AND architect) OR (database AND administrator) OR (administrador AND de AND banco AND de AND dados) OR dba;bairesdev;2.0;applicants.bairesdev.com;https://www.linkedin.com/jobs/view/4429717870/;https://www.linkedin.com/jobs/view/4429717870/;Remote;Cloud (AWS/GCP/Azure), Dados/Analytics, Engenharia Geral;23/06/2026;;Minas Gerais;MG;Região Sudeste;Brasil;América do Sul
54;Bayer;Data Engineer - Semantic Modeler / EF / São Jose dos Campos/SP;São José dos Campos (SP);22/06 14:00;https://www.linkedin.com/jobs/view/4431729485/;https://media.licdn.com/dms/image/v2/D560BAQFzRYPg-D0zfw/company-logo_100_100/B56Z7WHXcuGcAM-/0/1781708716041/bayer_logo?e=1783555200&v=beta&t=bgqxgq5vCDfQUc5wPstUnKipF6bt2soNwEaFRoq-j7I;Data & Ai > Data Engineering;https://www.linkedin.com/company/bayer/about/;Dados e Analytics;(data AND engineer) OR (data AND analyst) OR (bi AND analyst) OR (arquiteto AND de AND dados) OR (data AND architect) OR (database AND administrator) OR (administrador AND de AND banco AND de AND dados) OR dba;bayer;1.0;jobs.bayer.com;https://www.linkedin.com/jobs/view/4431729485/;https://www.linkedin.com/jobs/view/4431729485/;Hybrid;Dados/Analytics, Engenharia Geral;23/06/2026;São José dos Campos;São Paulo;SP;Região Sudeste;Brasil;América do Sul
55;Bayer;Data Engineer / EF / São Jose dos Campos/SP;São José dos Campos (SP);22/06 12:00;https://www.linkedin.com/jobs/view/4431704214/;https://media.licdn.com/dms/image/v2/D560BAQFzRYPg-D0zfw/company-logo_100_100/B56Z7WHXcuGcAM-/0/1781708716041/bayer_logo?e=1783555200&v=beta&t=bgqxgq5vCDfQUc5wPstUnKipF6bt2soNwEaFRoq-j7I;Data & Ai > Data Engineering;https://www.linkedin.com/company/bayer/about/;Dados e Analytics;(data AND engineer) OR (data AND analyst) OR (bi AND analyst) OR (arquiteto AND de AND dados) OR (data AND architect) OR (database AND administrator) OR (administrador AND de AND banco AND de AND dados) OR dba;bayer;1.0;jobs.bayer.com;https://www.linkedin.com/jobs/view/4431704214/;https://www.linkedin.com/jobs/view/4431704214/;Hybrid;Dados/Analytics, Engenharia Geral;23/06/2026;São José dos Campos;São Paulo;SP;Região Sudeste;Brasil;América do Sul
56;Bernoulli Educação;DATA ARCHITECT SPECIALIST;Brasil;20/06 12:00;https://www.linkedin.com/jobs/view/4430999137/;https://media.licdn.com/dms/image/v2/C4E0BAQG_S8qdMW3LQw/company-logo_100_100/company-logo_100_100/0/1635352720943/bernoulli_educacao_logo?e=1783555200&v=beta&t=TsqzLSX2I1xbxTTMnUC3iDG6vLWVXqu3kFAo4zRSj44;Data & Ai > Data Engineering;https://www.linkedin.com/company/bernoulli-educa-o/about/;Dados e Analytics;(data AND engineer) OR (data AND analyst) OR (bi AND analyst) OR (arquiteto AND de AND dados) OR (data AND architect) OR (database AND administrator) OR (administrador AND de AND banco AND de AND dados) OR dba;bernoulli educação;1.0;;https://www.linkedin.com/jobs/view/4430999137/;https://www.linkedin.com/jobs/view/4430999137/;Remote;Specialist, Dados/Analytics;23/06/2026;;;;;Brasil;América do Sul
57;Bernoulli Educação;DATA ENGINEER SPECIALIST;Brasil;20/06 12:00;https://www.linkedin.com/jobs/view/4431302957/;https://media.licdn.com/dms/image/v2/C4E0BAQG_S8qdMW3LQw/company-logo_100_100/company-logo_100_100/0/1635352720943/bernoulli_educacao_logo?e=1783555200&v=beta&t=TsqzLSX2I1xbxTTMnUC3iDG6vLWVXqu3kFAo4zRSj44;Data & Ai > Data Engineering;https://www.linkedin.com/company/bernoulli-educa-o/about/;Dados e Analytics;(data AND engineer) OR (data AND analyst) OR (bi AND analyst) OR (arquiteto AND de AND dados) OR (data AND architect) OR (database AND administrator) OR (administrador AND de AND banco AND de AND dados) OR dba;bernoulli educação;1.0;;https://www.linkedin.com/jobs/view/4431302957/;https://www.linkedin.com/jobs/view/4431302957/;Remote;Specialist, Dados/Analytics, Engenharia Geral;23/06/2026;;;;;Brasil;América do Sul
58;BlueCloud;#5 Senior Data Engineer- Costa Rica, LATAM;América Latina;18/06 12:00;https://www.linkedin.com/jobs/view/4430120290/;https://media.licdn.com/dms/image/v2/D4E0BAQGkm0iMNFs2Vw/company-logo_100_100/company-logo_100_100/0/1715697649203/bluecloudservices_logo?e=1783555200&v=beta&t=Wm_8CVWvAfeSXKYS0WXYZsY3QNDeb5Vh_Ym4DU2ifpc;Data & Ai > Data Engineering;https://www.linkedin.com/company/bluecloud/about/;Dados e Analytics;(data AND engineer) OR (data AND analyst) OR (bi AND analyst) OR (arquiteto AND de AND dados) OR (data AND architect) OR (database AND administrator) OR (administrador AND de AND banco AND de AND dados) OR dba;bluecloud;1;;https://www.linkedin.com/jobs/view/4430120290/;https://www.linkedin.com/jobs/view/4430120290/;Remote;Senior, Dados/Analytics, Engenharia Geral;23/06/2026;;;;;;América Latina
59;Braze;Senior Marketing Data Analyst;São Paulo (SP);17/06 12:00;https://www.linkedin.com/jobs/view/4429958485/;https://media.licdn.com/dms/image/v2/D4E0BAQHm8zx58eJrcg/company-logo_100_100/company-logo_100_100/0/1720024715139/braze_logo?e=1783555200&v=beta&t=LRzg9gcfTQLVogMT2Za-tLFw1fSRrzAQuntEa9mMbz8;Data & Ai > Data Engineering;https://www.linkedin.com/company/braze/about/;Dados e Analytics;(data AND engineer) OR (data AND analyst) OR (bi AND analyst) OR (arquiteto AND de AND dados) OR (data AND architect) OR (database AND administrator) OR (administrador AND de AND banco AND de AND dados) OR dba;braze;2.0;LinkedIn (Easy Apply);https://www.linkedin.com/jobs/view/4429958485/;https://www.linkedin.com/jobs/view/4429958485/;Hybrid;Senior, Dados/Analytics, Marketing/Mídia;23/06/2026;São Paulo;São Paulo;SP;Região Sudeste;Brasil;América do Sul
60;Braze;Senior Sales Data Analyst;São Paulo (SP);21/06 12:00;https://www.linkedin.com/jobs/view/4411732569/;https://media.licdn.com/dms/image/v2/D4E0BAQHm8zx58eJrcg/company-logo_100_100/company-logo_100_100/0/1720024715139/braze_logo?e=1783555200&v=beta&t=LRzg9gcfTQLVogMT2Za-tLFw1fSRrzAQuntEa9mMbz8;Data & Ai > Data Engineering;https://www.linkedin.com/company/braze/about/;Dados e Analytics;(data AND engineer) OR (data AND analyst) OR (bi AND analyst) OR (arquiteto AND de AND dados) OR (data AND architect) OR (database AND administrator) OR (administrador AND de AND banco AND de AND dados) OR dba;braze;2.0;LinkedIn (Easy Apply);https://www.linkedin.com/jobs/view/4411732569/;https://www.linkedin.com/jobs/view/4411732569/;Hybrid;Senior, Dados/Analytics, Vendas / Comercial;23/06/2026;São Paulo;São Paulo;SP;Região Sudeste;Brasil;América do Sul
61;BuscarVagas - Empregos Brasil;DBA SQL / Server – Porto Alegre – RS;Porto Alegre (RS);23/06 05:00;https://www.linkedin.com/jobs/view/4432206253/;https://media.licdn.com/dms/image/v2/D4D0BAQGegAuLcKhWMg/img-crop_100/B4DZrc3ndQIgAM-/0/1764642161116?e=1783555200&v=beta&t=P0Yd5L83XkZ3MjbV3asDzsQaKXsqXiZ3lxqA5Th9HnU;-;https://www.linkedin.com/company/buscarvagas-empregos-brasil/about/;Energia e Combustíveis;(data AND engineer) OR (data AND analyst) OR (bi AND analyst) OR (arquiteto AND de AND dados) OR (data AND architect) OR (database AND administrator) OR (administrador AND de AND banco AND de AND dados) OR dba;buscarvagas - empregos brasil;2.0;Vagas.com;https://www.linkedin.com/jobs/view/4432206253/;https://www.linkedin.com/jobs/view/4432206253/;On-site;-;23/06/2026;Porto Alegre;Rio Grande do Sul;RS;Região Sul;Brasil;América do Sul
62;CI&T;- Senior Data Engineer - Databricks;Brasil;23/06 11:00;https://www.linkedin.com/jobs/view/4431258395/;https://media.licdn.com/dms/image/v2/D560BAQFOg3ALDaK1TA/company-logo_100_100/B56Z50JQRqHAAQ-/0/1780065044119/ciandt_logo?e=1783555200&v=beta&t=pjOn-iI8hMfP3zWk_r5wAxZQ92r0zZ58FfdIeDpxpeE;Data & Ai > Data Engineering;https://www.linkedin.com/company/ci-t/about/;Dados e Analytics;(data AND engineer) OR (data AND analyst) OR (bi AND analyst) OR (arquiteto AND de AND dados) OR (data AND architect) OR (database AND administrator) OR (administrador AND de AND banco AND de AND dados) OR dba;ci&t;4.0;LinkedIn (Easy Apply);https://www.linkedin.com/jobs/view/4431258395/;https://www.linkedin.com/jobs/view/4431258395/;Remote;Senior, Dados/Analytics, Engenharia Geral;23/06/2026;;;;;Brasil;América do Sul
63;CI&T;Data Engineer Senior (FICO);Brasil;22/06 15:00;https://www.linkedin.com/jobs/view/4431745667/;https://media.licdn.com/dms/image/v2/D560BAQFOg3ALDaK1TA/company-logo_100_100/B56Z50JQRqHAAQ-/0/1780065044119/ciandt_logo?e=1783555200&v=beta&t=pjOn-iI8hMfP3zWk_r5wAxZQ92r0zZ58FfdIeDpxpeE;Data & Ai > Data Engineering;https://www.linkedin.com/company/ci-t/about/;Dados e Analytics;(data AND engineer) OR (data AND analyst) OR (bi AND analyst) OR (arquiteto AND de AND dados) OR (data AND architect) OR (database AND administrator) OR (administrador AND de AND banco AND de AND dados) OR dba;ci&t;4.0;LinkedIn (Easy Apply);https://www.linkedin.com/jobs/view/4431745667/;https://www.linkedin.com/jobs/view/4431745667/;Remote;Senior, Dados/Analytics, Engenharia Geral;23/06/2026;;;;;Brasil;América do Sul
64;CI&T;Senior Data Engineer & Analytics , Brasil;Brasil;22/06 13:00;https://www.linkedin.com/jobs/view/4431712798/;https://media.licdn.com/dms/image/v2/D560BAQFOg3ALDaK1TA/company-logo_100_100/B56Z50JQRqHAAQ-/0/1780065044119/ciandt_logo?e=1783555200&v=beta&t=pjOn-iI8hMfP3zWk_r5wAxZQ92r0zZ58FfdIeDpxpeE;Data & Ai > Data Engineering;https://www.linkedin.com/company/ci-t/about/;Dados e Analytics;(data AND engineer) OR (data AND analyst) OR (bi AND analyst) OR (arquiteto AND de AND dados) OR (data AND architect) OR (database AND administrator) OR (administrador AND de AND banco AND de AND dados) OR dba;ci&t;4.0;LinkedIn (Easy Apply);https://www.linkedin.com/jobs/view/4431712798/;https://www.linkedin.com/jobs/view/4431712798/;Remote;Senior, Dados/Analytics, Engenharia Geral;23/06/2026;;;;;Brasil;América do Sul
65;CI&T;Senior, AI Data Engineer  Brazil;Brasil;19/06 12:00;https://www.linkedin.com/jobs/view/4430746062/;https://media.licdn.com/dms/image/v2/D560BAQFOg3ALDaK1TA/company-logo_100_100/B56Z50JQRqHAAQ-/0/1780065044119/ciandt_logo?e=1783555200&v=beta&t=pjOn-iI8hMfP3zWk_r5wAxZQ92r0zZ58FfdIeDpxpeE;Data & Ai > Data Engineering;https://www.linkedin.com/company/ci-t/about/;Dados e Analytics;(data AND engineer) OR (data AND analyst) OR (bi AND analyst) OR (arquiteto AND de AND dados) OR (data AND architect) OR (database AND administrator) OR (administrador AND de AND banco AND de AND dados) OR dba;ci&t;4.0;LinkedIn (Easy Apply);https://www.linkedin.com/jobs/view/4430746062/;https://www.linkedin.com/jobs/view/4430746062/;Remote;Inteligência Artificial, Senior, Dados/Analytics, Engenharia Geral;23/06/2026;;;;;Brasil;América do Sul
66;CSG;Data Engineer;Brasil;17/06 12:00;https://www.linkedin.com/jobs/view/4428409434/;https://media.licdn.com/dms/image/v2/D4E0BAQFl15L25m66Hg/company-logo_100_100/company-logo_100_100/0/1666182239941/csg__logo?e=1783555200&v=beta&t=ajFaUGDm_itbT2cL3lI7v0RbL_Zfumv6Paoqv87KtVM;Data & Ai > Data Engineering;https://www.linkedin.com/company/csg/about/;Dados e Analytics;(data AND engineer) OR (data AND analyst) OR (bi AND analyst) OR (arquiteto AND de AND dados) OR (data AND architect) OR (database AND administrator) OR (administrador AND de AND banco AND de AND dados) OR dba;csg;2.0;;https://www.linkedin.com/jobs/view/4428409434/;https://www.linkedin.com/jobs/view/4428409434/;Remote;Dados/Analytics, Engenharia Geral;23/06/2026;;;;;Brasil;América do Sul
67;CSG;Senior Data Engineer;Brasil;17/06 12:00;https://www.linkedin.com/jobs/view/4428065326/;https://media.licdn.com/dms/image/v2/D4E0BAQFl15L25m66Hg/company-logo_100_100/company-logo_100_100/0/1666182239941/csg__logo?e=1783555200&v=beta&t=ajFaUGDm_itbT2cL3lI7v0RbL_Zfumv6Paoqv87KtVM;Data & Ai > Data Engineering;https://www.linkedin.com/company/csg/about/;Dados e Analytics;(data AND engineer) OR (data AND analyst) OR (bi AND analyst) OR (arquiteto AND de AND dados) OR (data AND architect) OR (database AND administrator) OR (administrador AND de AND banco AND de AND dados) OR dba;csg;2.0;;https://www.linkedin.com/jobs/view/4428065326/;https://www.linkedin.com/jobs/view/4428065326/;Remote;Senior, Dados/Analytics, Engenharia Geral;23/06/2026;;;;;Brasil;América do Sul
68;Capgemini;FBS Data Engineer (SQL & Power BI);Brasil;18/06 12:00;https://www.linkedin.com/jobs/view/4419235283/;https://media.licdn.com/dms/image/v2/D4E0BAQHIL3HctxNfvg/company-logo_100_100/B4EZokv7VQIUAQ-/0/1761553135376/capgemini_logo?e=1783555200&v=beta&t=kk9BWPHiHUEyo_0RAv4J_I42bGxVGf4PM73nazA4lqU;Data & Ai > Data Engineering;https://www.linkedin.com/company/capgemini/about/;Dados e Analytics;(data AND engineer) OR (data AND analyst) OR (bi AND analyst) OR (arquiteto AND de AND dados) OR (data AND architect) OR (database AND administrator) OR (administrador AND de AND banco AND de AND dados) OR dba;capgemini;4.0;LinkedIn (Easy Apply);https://www.linkedin.com/jobs/view/4419235283/;https://www.linkedin.com/jobs/view/4419235283/;Remote;Dados/Analytics, Engenharia Geral;23/06/2026;;;;;Brasil;América do Sul
69;Capgemini;FBS SAP Informatica Data Engineer;Brasil;19/06 12:00;https://www.linkedin.com/jobs/view/4427865306/;https://media.licdn.com/dms/image/v2/D4E0BAQHIL3HctxNfvg/company-logo_100_100/B4EZokv7VQIUAQ-/0/1761553135376/capgemini_logo?e=1783555200&v=beta&t=kk9BWPHiHUEyo_0RAv4J_I42bGxVGf4PM73nazA4lqU;Data & Ai > Data Engineering;https://www.linkedin.com/company/capgemini/about/;Dados e Analytics;(data AND engineer) OR (data AND analyst) OR (bi AND analyst) OR (arquiteto AND de AND dados) OR (data AND architect) OR (database AND administrator) OR (administrador AND de AND banco AND de AND dados) OR dba;capgemini;4.0;LinkedIn (Easy Apply);https://www.linkedin.com/jobs/view/4427865306/;https://www.linkedin.com/jobs/view/4427865306/;Remote;SAP, Dados/Analytics, Engenharia Geral;23/06/2026;;;;;Brasil;América do Sul
70;Capitani Group;Arquiteto de dados Pleno;Guarulhos (SP);18/06 12:00;https://www.linkedin.com/jobs/view/4430447929/;https://media.licdn.com/dms/image/v2/C4D0BAQFNPiKzvjH9cQ/company-logo_100_100/company-logo_100_100/0/1650388372873/capitani_logo?e=1783555200&v=beta&t=gJHYEA7OWyyVKDtooXly1uNH3g7fHu7dkQ00eJU3XHs;Architecture;https://www.linkedin.com/company/capitani-group/about/;Dados e Analytics;(data AND engineer) OR (data AND analyst) OR (bi AND analyst) OR (arquiteto AND de AND dados) OR (data AND architect) OR (database AND administrator) OR (administrador AND de AND banco AND de AND dados) OR dba;capitani group;1.0;LinkedIn (Easy Apply);https://www.linkedin.com/jobs/view/4430447929/;https://www.linkedin.com/jobs/view/4430447929/;Hybrid;Mid, Dados/Analytics;23/06/2026;Guarulhos;São Paulo;SP;Região Sudeste;Brasil;América do Sul
71;Capitani Group;Arquiteto de dados Pleno;SP;19/06 12:00;https://www.linkedin.com/jobs/view/4430969467/;https://media.licdn.com/dms/image/v2/C4D0BAQFNPiKzvjH9cQ/company-logo_100_100/company-logo_100_100/0/1650388372873/capitani_logo?e=1783555200&v=beta&t=gJHYEA7OWyyVKDtooXly1uNH3g7fHu7dkQ00eJU3XHs;Architecture;https://www.linkedin.com/company/capitani-group/about/;Dados e Analytics;(data AND engineer) OR (data AND analyst) OR (bi AND analyst) OR (arquiteto AND de AND dados) OR (data AND architect) OR (database AND administrator) OR (administrador AND de AND banco AND de AND dados) OR dba;capitani group;1.0;LinkedIn (Easy Apply);https://www.linkedin.com/jobs/view/4430969467/;https://www.linkedin.com/jobs/view/4430969467/;Remote;Mid, Dados/Analytics;23/06/2026;;São Paulo;SP;Região Sudeste;Brasil;América do Sul
72;CloudWalk, Inc.;Data Analyst;São Paulo (SP);19/06 12:00;https://www.linkedin.com/jobs/view/4427841599/;https://media.licdn.com/dms/image/v2/D4D0BAQF1LcnKeI_UxQ/company-logo_100_100/company-logo_100_100/0/1738709971265/cloudwalk_inc_logo?e=1783555200&v=beta&t=-91gC1mH0ylXcDmTcmGvIH9y41ljQyGn7lJYjijmrH8;Data & Ai > Data Engineering;https://www.linkedin.com/company/cloudwalk-inc/about/;Dados e Analytics;(data AND engineer) OR (data AND analyst) OR (bi AND analyst) OR (arquiteto AND de AND dados) OR (data AND architect) OR (database AND administrator) OR (administrador AND de AND banco AND de AND dados) OR dba;cloudwalk, inc.;1;;https://www.linkedin.com/jobs/view/4427841599/;https://www.linkedin.com/jobs/view/4427841599/;Remote;Dados/Analytics;23/06/2026;São Paulo;São Paulo;SP;Região Sudeste;Brasil;América do Sul
73;Cobre;Senior Data Engineer;América Latina;19/06 12:00;https://www.linkedin.com/jobs/view/4430787690/;https://media.licdn.com/dms/image/v2/D4E0BAQFXDp8cw7kBCA/company-logo_100_100/company-logo_100_100/0/1721663179655/cobreinc_logo?e=1783555200&v=beta&t=BP4UnLGI-alhgzcuf1bqcaN1j9r6svLu1Q1QZgYPXjw;Data & Ai > Data Engineering;https://www.linkedin.com/company/cobre/about/;Dados e Analytics;(data AND engineer) OR (data AND analyst) OR (bi AND analyst) OR (arquiteto AND de AND dados) OR (data AND architect) OR (database AND administrator) OR (administrador AND de AND banco AND de AND dados) OR dba;cobre;1;;https://www.linkedin.com/jobs/view/4430787690/;https://www.linkedin.com/jobs/view/4430787690/;Remote;Senior, Dados/Analytics, Engenharia Geral;23/06/2026;;;;;;América Latina
74;Coelate Technologies;Senior HANA Database Administrator;Brasil;18/06 12:00;https://www.linkedin.com/jobs/view/4429307593/;https://media.licdn.com/dms/image/v2/C560BAQH8J0nyB2DzMA/company-logo_100_100/company-logo_100_100/0/1635164104133?e=1783555200&v=beta&t=scvylOAjFiFPEfhmImY0xtEDpXrQuDMV5N9fARfQXu4;-;https://www.linkedin.com/company/coelate-technologies/about/;Dados e Analytics;(data AND engineer) OR (data AND analyst) OR (bi AND analyst) OR (arquiteto AND de AND dados) OR (data AND architect) OR (database AND administrator) OR (administrador AND de AND banco AND de AND dados) OR dba;coelate technologies;1;;https://www.linkedin.com/jobs/view/4429307593/;https://www.linkedin.com/jobs/view/4429307593/;Remote;Senior;23/06/2026;;;;;Brasil;América do Sul
75;Cognizant;Data Engineer (Sao Paulo, BR);Curitiba (PR);19/06 12:00;https://www.linkedin.com/jobs/view/4419397005/;https://media.licdn.com/dms/image/v2/D4E0BAQFZH4svu5BTZA/company-logo_100_100/B4EZk_EfNgHgAU-/0/1757699778309/cognizant_logo?e=1783555200&v=beta&t=Ku9e8GTDs9XUBv0IZJBCrjOVBUuTqrkC13zArGabXro;Data & Ai > Data Engineering;https://www.linkedin.com/company/cognizant/about/;Dados e Analytics;(data AND engineer) OR (data AND analyst) OR (bi AND analyst) OR (arquiteto AND de AND dados) OR (data AND architect) OR (database AND administrator) OR (administrador AND de AND banco AND de AND dados) OR dba;cognizant;4.0;;https://www.linkedin.com/jobs/view/4419397005/;https://www.linkedin.com/jobs/view/4419397005/;On-site;Dados/Analytics, Engenharia Geral;23/06/2026;Curitiba;Paraná;PR;Região Sul;Brasil;América do Sul
76;Compass UOL;Data Architect (AWS | Databricks) | Especialista (Remote);Brasil;19/06 12:00;https://www.linkedin.com/jobs/view/4430748378/;https://media.licdn.com/dms/image/v2/D4D0BAQGS2dYkE6pQUA/company-logo_100_100/B4DZ2b.l4WIkAY-/0/1776438370262/compass_uol_logo?e=1783555200&v=beta&t=jvvODMg0j4iZSCy_AQPJiA4MHqNImUNTmVBtaK5aEXo;Data & Ai > Data Engineering;https://www.linkedin.com/company/compass-uol/about/;Dados e Analytics;(data AND engineer) OR (data AND analyst) OR (bi AND analyst) OR (arquiteto AND de AND dados) OR (data AND architect) OR (database AND administrator) OR (administrador AND de AND banco AND de AND dados) OR dba;compass uol;4.0;Gupy;https://www.linkedin.com/jobs/view/4430748378/;https://www.linkedin.com/jobs/view/4430748378/;Remote;Specialist, Cloud (AWS/GCP/Azure), Dados/Analytics;23/06/2026;;;;;Brasil;América do Sul
77;Compass UOL;Data Engineer (Databricks) | PL (Remote);Brasil;19/06 12:00;https://www.linkedin.com/jobs/view/4430747375/;https://media.licdn.com/dms/image/v2/D4D0BAQGS2dYkE6pQUA/company-logo_100_100/B4DZ2b.l4WIkAY-/0/1776438370262/compass_uol_logo?e=1783555200&v=beta&t=jvvODMg0j4iZSCy_AQPJiA4MHqNImUNTmVBtaK5aEXo;Data & Ai > Data Engineering;https://www.linkedin.com/company/compass-uol/about/;Dados e Analytics;(data AND engineer) OR (data AND analyst) OR (bi AND analyst) OR (arquiteto AND de AND dados) OR (data AND architect) OR (database AND administrator) OR (administrador AND de AND banco AND de AND dados) OR dba;compass uol;4.0;Gupy;https://www.linkedin.com/jobs/view/4430747375/;https://www.linkedin.com/jobs/view/4430747375/;Remote;Mid, Dados/Analytics, Engenharia Geral;23/06/2026;;;;;Brasil;América do Sul
78;Compass UOL;Data Engineer (Databricks) | SR (Remote);Brasil;19/06 12:00;https://www.linkedin.com/jobs/view/4430748377/;https://media.licdn.com/dms/image/v2/D4D0BAQGS2dYkE6pQUA/company-logo_100_100/B4DZ2b.l4WIkAY-/0/1776438370262/compass_uol_logo?e=1783555200&v=beta&t=jvvODMg0j4iZSCy_AQPJiA4MHqNImUNTmVBtaK5aEXo;Data & Ai > Data Engineering;https://www.linkedin.com/company/compass-uol/about/;Dados e Analytics;(data AND engineer) OR (data AND analyst) OR (bi AND analyst) OR (arquiteto AND de AND dados) OR (data AND architect) OR (database AND administrator) OR (administrador AND de AND banco AND de AND dados) OR dba;compass uol;4.0;Gupy;https://www.linkedin.com/jobs/view/4430748377/;https://www.linkedin.com/jobs/view/4430748377/;Remote;Senior, Dados/Analytics, Engenharia Geral;23/06/2026;;;;;Brasil;América do Sul
79;Compass UOL;Power BI Data Analyst | Senior (Remote);Brasil;22/06 18:00;https://www.linkedin.com/jobs/view/4432026482/;https://media.licdn.com/dms/image/v2/D4D0BAQGS2dYkE6pQUA/company-logo_100_100/B4DZ2b.l4WIkAY-/0/1776438370262/compass_uol_logo?e=1783555200&v=beta&t=jvvODMg0j4iZSCy_AQPJiA4MHqNImUNTmVBtaK5aEXo;Data & Ai > Data Engineering;https://www.linkedin.com/company/compass-uol/about/;Dados e Analytics;(data AND engineer) OR (data AND analyst) OR (bi AND analyst) OR (arquiteto AND de AND dados) OR (data AND architect) OR (database AND administrator) OR (administrador AND de AND banco AND de AND dados) OR dba;compass uol;4.0;Gupy;https://www.linkedin.com/jobs/view/4432026482/;https://www.linkedin.com/jobs/view/4432026482/;Remote;Senior, Dados/Analytics;23/06/2026;;;;;Brasil;América do Sul
80;Compass UOL;Python Data Engineer | Pleno (Remote);Brasil;22/06 18:00;https://www.linkedin.com/jobs/view/4432029267/;https://media.licdn.com/dms/image/v2/D4D0BAQGS2dYkE6pQUA/company-logo_100_100/B4DZ2b.l4WIkAY-/0/1776438370262/compass_uol_logo?e=1783555200&v=beta&t=jvvODMg0j4iZSCy_AQPJiA4MHqNImUNTmVBtaK5aEXo;Data & Ai > Data Engineering;https://www.linkedin.com/company/compass-uol/about/;Dados e Analytics;(data AND engineer) OR (data AND analyst) OR (bi AND analyst) OR (arquiteto AND de AND dados) OR (data AND architect) OR (database AND administrator) OR (administrador AND de AND banco AND de AND dados) OR dba;compass uol;4.0;Gupy;https://www.linkedin.com/jobs/view/4432029267/;https://www.linkedin.com/jobs/view/4432029267/;Remote;Mid, Dados/Analytics, Engenharia Geral;23/06/2026;;;;;Brasil;América do Sul
81;Concentrix;Data Analyst;Fortaleza (CE);18/06 12:00;https://www.linkedin.com/jobs/view/4430488149/;https://media.licdn.com/dms/image/v2/D4D0BAQE7MK0289c3WQ/company-logo_100_100/B4DZ48c1XBJUAI-/0/1779130652451/concentrix_logo?e=1783555200&v=beta&t=nY-DEx_XdnAPHIWUyjSo6ydyUtxHqwRC4JsM6GmUaLw;Data & Ai > Data Engineering;https://www.linkedin.com/company/concentrix/about/;Dados e Analytics;(data AND engineer) OR (data AND analyst) OR (bi AND analyst) OR (arquiteto AND de AND dados) OR (data AND architect) OR (database AND administrator) OR (administrador AND de AND banco AND de AND dados) OR dba;concentrix;3.0;Workday;https://www.linkedin.com/jobs/view/4430488149/;https://www.linkedin.com/jobs/view/4430488149/;On-site;Dados/Analytics;23/06/2026;Fortaleza;Ceará;CE;Região Nordeste;Brasil;América do Sul
82;Crossing Hurdles;Data Analyst (Excel) | $55/hr Remote;América Latina;20/06 12:00;https://www.linkedin.com/jobs/view/4430065963/;https://media.licdn.com/dms/image/v2/D560BAQEGLWHBZmzzcA/company-logo_100_100/B56ZYzlx2LHEAY-/0/1744622264274/crossinghurdles_logo?e=1783555200&v=beta&t=v8RoUK-xz9BZxJNZvfE66uSD8n5q6Ske8q7KQD8GGJ0;Data & Ai > Data Engineering;https://www.linkedin.com/company/crossing-hurdles/about/;Dados e Analytics;(data AND engineer) OR (data AND analyst) OR (bi AND analyst) OR (arquiteto AND de AND dados) OR (data AND architect) OR (database AND administrator) OR (administrador AND de AND banco AND de AND dados) OR dba;crossing hurdles;3.0;LinkedIn (Easy Apply);https://www.linkedin.com/jobs/view/4430065963/;https://www.linkedin.com/jobs/view/4430065963/;Remote;Dados/Analytics;23/06/2026;;;;;;América Latina
83;DB;Arquiteto de Dados Sr - Segmento de Tecnologia;Brasil;18/06 12:00;https://www.linkedin.com/jobs/view/4427802390/;https://media.licdn.com/dms/image/v2/C4D0BAQEapSU_88x73Q/company-logo_100_100/company-logo_100_100/0/1642519070298/dbserver_logo?e=1783555200&v=beta&t=LITQWYjNJ5iw8fKvIteb1WBTCUx6ih9QTxomzMuIu6k;Architecture;https://www.linkedin.com/company/db/about/;Dados e Analytics;(data AND engineer) OR (data AND analyst) OR (bi AND analyst) OR (arquiteto AND de AND dados) OR (data AND architect) OR (database AND administrator) OR (administrador AND de AND banco AND de AND dados) OR dba;db;1.0;Gupy;https://www.linkedin.com/jobs/view/4427802390/;https://www.linkedin.com/jobs/view/4427802390/;Remote;Senior, TI/Tech, Dados/Analytics;23/06/2026;;;;;Brasil;América do Sul
84;Dadosfera;Data Engineer (Remote) | Engenheiro de Dados Pleno (Remoto);Belo Horizonte (MG);19/06 12:00;https://www.linkedin.com/jobs/view/4430900922/;https://media.licdn.com/dms/image/v2/C4D0BAQGUyhoExb1PDQ/company-logo_100_100/company-logo_100_100/0/1669912270038/dadosfera_logo?e=1783555200&v=beta&t=Ui7cl-a4J8Fx8vIbfeqAID8vUD6CQyPFaGBo6ozj_es;Data & Ai > Data Engineering;https://www.linkedin.com/company/dadosfera/about/;Dados e Analytics;(data AND engineer) OR (data AND analyst) OR (bi AND analyst) OR (arquiteto AND de AND dados) OR (data AND architect) OR (database AND administrator) OR (administrador AND de AND banco AND de AND dados) OR dba;dadosfera;1.0;;https://www.linkedin.com/jobs/view/4430900922/;https://www.linkedin.com/jobs/view/4430900922/;Remote;Mid, Dados/Analytics, Engenharia Geral;23/06/2026;Belo Horizonte;Minas Gerais;MG;Região Sudeste;Brasil;América do Sul
85;Dadosfera;Senior Data Engineer (Remote) |  Engenheiro de Dados Sênior (Remoto);Brasil;19/06 12:00;https://www.linkedin.com/jobs/view/4430909639/;https://media.licdn.com/dms/image/v2/C4D0BAQGUyhoExb1PDQ/company-logo_100_100/company-logo_100_100/0/1669912270038/dadosfera_logo?e=1783555200&v=beta&t=Ui7cl-a4J8Fx8vIbfeqAID8vUD6CQyPFaGBo6ozj_es;Data & Ai > Data Engineering;https://www.linkedin.com/company/dadosfera/about/;Dados e Analytics;(data AND engineer) OR (data AND analyst) OR (bi AND analyst) OR (arquiteto AND de AND dados) OR (data AND architect) OR (database AND administrator) OR (administrador AND de AND banco AND de AND dados) OR dba;dadosfera;1.0;;https://www.linkedin.com/jobs/view/4430909639/;https://www.linkedin.com/jobs/view/4430909639/;Remote;Senior, Dados/Analytics, Engenharia Geral;23/06/2026;;;;;Brasil;América do Sul
86;Data Meaning;Senior Data Engineer;São Paulo (SP);22/06 17:00;https://www.linkedin.com/jobs/view/4431794377/;https://media.licdn.com/dms/image/v2/C4E0BAQHKkGH75HVsew/company-logo_100_100/company-logo_100_100/0/1630653460432/data_meaning_services_group_logo?e=1783555200&v=beta&t=BQK6zhsZORsMFdGLhRT8HjSyoMz6HdNDVsEfOCrlrT4;Data & Ai > Data Engineering;https://www.linkedin.com/company/data-meaning/about/;Dados e Analytics;(data AND engineer) OR (data AND analyst) OR (bi AND analyst) OR (arquiteto AND de AND dados) OR (data AND architect) OR (database AND administrator) OR (administrador AND de AND banco AND de AND dados) OR dba;data meaning;1;;https://www.linkedin.com/jobs/view/4431794377/;https://www.linkedin.com/jobs/view/4431794377/;Remote;Senior, Dados/Analytics, Engenharia Geral;23/06/2026;São Paulo;São Paulo;SP;Região Sudeste;Brasil;América do Sul
87;Data Meaning;Senior Data Governance Analyst (Azure Purview + Data Engineering);São Paulo (SP);22/06 17:00;https://www.linkedin.com/jobs/view/4431783443/;https://media.licdn.com/dms/image/v2/C4E0BAQHKkGH75HVsew/company-logo_100_100/company-logo_100_100/0/1630653460432/data_meaning_services_group_logo?e=1783555200&v=beta&t=BQK6zhsZORsMFdGLhRT8HjSyoMz6HdNDVsEfOCrlrT4;Data & Ai > Data Engineering;https://www.linkedin.com/company/data-meaning/about/;Dados e Analytics;(data AND engineer) OR (data AND analyst) OR (bi AND analyst) OR (arquiteto AND de AND dados) OR (data AND architect) OR (database AND administrator) OR (administrador AND de AND banco AND de AND dados) OR dba;data meaning;1;;https://www.linkedin.com/jobs/view/4431783443/;https://www.linkedin.com/jobs/view/4431783443/;Remote;Senior, Cloud (AWS/GCP/Azure), Dados/Analytics, Engenharia Geral;23/06/2026;São Paulo;São Paulo;SP;Região Sudeste;Brasil;América do Sul
88;DataEX;Arquiteto de dados;Brasil;20/06 12:00;https://www.linkedin.com/jobs/view/4431135449/;https://media.licdn.com/dms/image/v2/D4D0BAQECzgKaCjq6Bg/company-logo_100_100/company-logo_100_100/0/1701432838654/dataex_logo?e=1783555200&v=beta&t=QrA-Ar5tTbxuW9iXSXC7pB-BXGhAJ_LmqNF1bCLwZ_0;Architecture;https://www.linkedin.com/company/dataex/about/;Dados e Analytics;(data AND engineer) OR (data AND analyst) OR (bi AND analyst) OR (arquiteto AND de AND dados) OR (data AND architect) OR (database AND administrator) OR (administrador AND de AND banco AND de AND dados) OR dba;dataex;1;;https://www.linkedin.com/jobs/view/4431135449/;https://www.linkedin.com/jobs/view/4431135449/;Remote;Dados/Analytics;23/06/2026;;;;;Brasil;América do Sul
89;DoorDash;Data Engineer – Brazil – Vaga exclusiva para PCD;São Paulo (SP);23/06 07:00;https://www.linkedin.com/jobs/view/4391673838/;https://media.licdn.com/dms/image/v2/D4E0BAQFbAtJ4Rl0SEg/company-logo_100_100/B4EZa2Dj_dHkAQ-/0/1746811109671/doordash_logo?e=1783555200&v=beta&t=Q40ORjNDSt60DFFC9uphfH9_0Lkdl7cKk8r43PvkmgQ;Data & Ai > Data Engineering;https://www.linkedin.com/company/doordash/about/;Dados e Analytics;(data AND engineer) OR (data AND analyst) OR (bi AND analyst) OR (arquiteto AND de AND dados) OR (data AND architect) OR (database AND administrator) OR (administrador AND de AND banco AND de AND dados) OR dba;doordash;3.0;Greenhouse;https://www.linkedin.com/jobs/view/4391673838/;https://www.linkedin.com/jobs/view/4391673838/;On-site;PCD / Afirmativa, Dados/Analytics, Engenharia Geral;23/06/2026;São Paulo;São Paulo;SP;Região Sudeste;Brasil;América do Sul
90;DoorDash;Data Engineer – Brazil – Vaga para mulheres;São Paulo (SP);23/06 07:00;https://www.linkedin.com/jobs/view/4391655980/;https://media.licdn.com/dms/image/v2/D4E0BAQFbAtJ4Rl0SEg/company-logo_100_100/B4EZa2Dj_dHkAQ-/0/1746811109671/doordash_logo?e=1783555200&v=beta&t=Q40ORjNDSt60DFFC9uphfH9_0Lkdl7cKk8r43PvkmgQ;Data & Ai > Data Engineering;https://www.linkedin.com/company/doordash/about/;Dados e Analytics;(data AND engineer) OR (data AND analyst) OR (bi AND analyst) OR (arquiteto AND de AND dados) OR (data AND architect) OR (database AND administrator) OR (administrador AND de AND banco AND de AND dados) OR dba;doordash;3.0;Greenhouse;https://www.linkedin.com/jobs/view/4391655980/;https://www.linkedin.com/jobs/view/4391655980/;On-site;Dados/Analytics, Engenharia Geral;23/06/2026;São Paulo;São Paulo;SP;Região Sudeste;Brasil;América do Sul
91;DoorDash;Data Engineer, Corporate Data;São Paulo (SP);19/06 12:00;https://www.linkedin.com/jobs/view/4389867661/;https://media.licdn.com/dms/image/v2/D4E0BAQFbAtJ4Rl0SEg/company-logo_100_100/B4EZa2Dj_dHkAQ-/0/1746811109671/doordash_logo?e=1783555200&v=beta&t=Q40ORjNDSt60DFFC9uphfH9_0Lkdl7cKk8r43PvkmgQ;Data & Ai > Data Engineering;https://www.linkedin.com/company/doordash/about/;Dados e Analytics;(data AND engineer) OR (data AND analyst) OR (bi AND analyst) OR (arquiteto AND de AND dados) OR (data AND architect) OR (database AND administrator) OR (administrador AND de AND banco AND de AND dados) OR dba;doordash;3.0;Greenhouse;https://www.linkedin.com/jobs/view/4389867661/;https://www.linkedin.com/jobs/view/4389867661/;On-site;Dados/Analytics, Engenharia Geral;23/06/2026;São Paulo;São Paulo;SP;Região Sudeste;Brasil;América do Sul
92;Drogaria Araujo S/A;DBA PL;Belo Horizonte (MG);18/06 12:00;https://www.linkedin.com/jobs/view/4430118716/;https://media.licdn.com/dms/image/v2/D4D0BAQGG0e-bxmBtGw/company-logo_100_100/company-logo_100_100/0/1714677012207/drogaria_araujo_s_a_logo?e=1783555200&v=beta&t=CjXYt3pvNA5mjNRj5fRzQ8HUJm0PbjZxgpGWt_VSpsA;-;https://www.linkedin.com/company/drogaria-araujo-s-a/about/;-;(data AND engineer) OR (data AND analyst) OR (bi AND analyst) OR (arquiteto AND de AND dados) OR (data AND architect) OR (database AND administrator) OR (administrador AND de AND banco AND de AND dados) OR dba;drogaria araujo s/a;1.0;Infojobs;https://www.linkedin.com/jobs/view/4430118716/;https://www.linkedin.com/jobs/view/4430118716/;On-site;Mid;23/06/2026;Belo Horizonte;Minas Gerais;MG;Região Sudeste;Brasil;América do Sul
93;EPI-USE Brasil;Technical Consultant SR - Database Administrator/Data Specialist;São Paulo (SP);18/06 12:00;https://www.linkedin.com/jobs/view/4428788184/;https://media.licdn.com/dms/image/v2/D4D0BAQGZyxXuIFxnKg/company-logo_100_100/company-logo_100_100/0/1698870902817/epiuse_brasil_logo?e=1783555200&v=beta&t=OoufBrkkJGnV489XcBS7W_jFm21MSU8FkzG2EeFsVnw;Advanced > Specialist;https://www.linkedin.com/company/epi-use-brasil/about/;Dados e Analytics;(data AND engineer) OR (data AND analyst) OR (bi AND analyst) OR (arquiteto AND de AND dados) OR (data AND architect) OR (database AND administrator) OR (administrador AND de AND banco AND de AND dados) OR dba;epi-use brasil;1.0;;https://www.linkedin.com/jobs/view/4428788184/;https://www.linkedin.com/jobs/view/4428788184/;Hybrid;Specialist, Senior, Consultor, TI/Tech, Dados/Analytics;23/06/2026;São Paulo;São Paulo;SP;Região Sudeste;Brasil;América do Sul
94;EY;DBA Oracle PeopleSoft - Performance, RAC e Troubleshooting;Belo Horizonte (MG);22/06 12:00;https://www.linkedin.com/jobs/view/4392741588/;https://media.licdn.com/dms/image/v2/C510BAQGpRhkpxp5A9A/company-logo_100_100/company-logo_100_100/0/1630570672166/ernstandyoung_logo?e=1783555200&v=beta&t=FTP7OzV6S-RtQdubibOqoF28O_q4rrvZfxJLz3dDFAI;People;https://www.linkedin.com/company/ey/about/;Software e Serviços de TI;(data AND engineer) OR (data AND analyst) OR (bi AND analyst) OR (arquiteto AND de AND dados) OR (data AND architect) OR (database AND administrator) OR (administrador AND de AND banco AND de AND dados) OR dba;ey;1.0;careers.ey.com;https://www.linkedin.com/jobs/view/4392741588/;https://www.linkedin.com/jobs/view/4392741588/;On-site;-;23/06/2026;Belo Horizonte;Minas Gerais;MG;Região Sudeste;Brasil;América do Sul
95;EY;DBA Oracle PeopleSoft - Performance, RAC e Troubleshooting;Blumenau (SC);22/06 12:00;https://www.linkedin.com/jobs/view/2148452171/;https://media.licdn.com/dms/image/v2/C510BAQGpRhkpxp5A9A/company-logo_100_100/company-logo_100_100/0/1630570672166/ernstandyoung_logo?e=1783555200&v=beta&t=FTP7OzV6S-RtQdubibOqoF28O_q4rrvZfxJLz3dDFAI;People;https://www.linkedin.com/company/ey/about/;Software e Serviços de TI;(data AND engineer) OR (data AND analyst) OR (bi AND analyst) OR (arquiteto AND de AND dados) OR (data AND architect) OR (database AND administrator) OR (administrador AND de AND banco AND de AND dados) OR dba;ey;1.0;careers.ey.com;https://www.linkedin.com/jobs/view/2148452171/;https://www.linkedin.com/jobs/view/2148452171/;On-site;-;23/06/2026;Blumenau;Santa Catarina;SC;Região Sul;Brasil;América do Sul
96;EY;DBA Oracle PeopleSoft - Performance, RAC e Troubleshooting;Brasília (DF);22/06 12:00;https://www.linkedin.com/jobs/view/4392745522/;https://media.licdn.com/dms/image/v2/C510BAQGpRhkpxp5A9A/company-logo_100_100/company-logo_100_100/0/1630570672166/ernstandyoung_logo?e=1783555200&v=beta&t=FTP7OzV6S-RtQdubibOqoF28O_q4rrvZfxJLz3dDFAI;People;https://www.linkedin.com/company/ey/about/;Software e Serviços de TI;(data AND engineer) OR (data AND analyst) OR (bi AND analyst) OR (arquiteto AND de AND dados) OR (data AND architect) OR (database AND administrator) OR (administrador AND de AND banco AND de AND dados) OR dba;ey;1.0;careers.ey.com;https://www.linkedin.com/jobs/view/4392745522/;https://www.linkedin.com/jobs/view/4392745522/;On-site;-;23/06/2026;;Distrito Federal;DF;Região Centro-Oeste;Brasil;América do Sul
97;EY;DBA Oracle PeopleSoft - Performance, RAC e Troubleshooting;Campinas (SP);23/06 12:00;https://www.linkedin.com/jobs/view/4418787844/;https://media.licdn.com/dms/image/v2/C510BAQGpRhkpxp5A9A/company-logo_100_100/company-logo_100_100/0/1630570672166/ernstandyoung_logo?e=1783555200&v=beta&t=FTP7OzV6S-RtQdubibOqoF28O_q4rrvZfxJLz3dDFAI;People;https://www.linkedin.com/company/ey/about/;Software e Serviços de TI;(data AND engineer) OR (data AND analyst) OR (bi AND analyst) OR (arquiteto AND de AND dados) OR (data AND architect) OR (database AND administrator) OR (administrador AND de AND banco AND de AND dados) OR dba;ey;1.0;careers.ey.com;https://www.linkedin.com/jobs/view/4418787844/;https://www.linkedin.com/jobs/view/4418787844/;On-site;-;23/06/2026;Campinas;São Paulo;SP;Região Sudeste;Brasil;América do Sul
98;EY;DBA Oracle PeopleSoft - Performance, RAC e Troubleshooting;Curitiba (PR);21/06 12:00;https://www.linkedin.com/jobs/view/4392743640/;https://media.licdn.com/dms/image/v2/C510BAQGpRhkpxp5A9A/company-logo_100_100/company-logo_100_100/0/1630570672166/ernstandyoung_logo?e=1783555200&v=beta&t=FTP7OzV6S-RtQdubibOqoF28O_q4rrvZfxJLz3dDFAI;People;https://www.linkedin.com/company/ey/about/;Software e Serviços de TI;(data AND engineer) OR (data AND analyst) OR (bi AND analyst) OR (arquiteto AND de AND dados) OR (data AND architect) OR (database AND administrator) OR (administrador AND de AND banco AND de AND dados) OR dba;ey;1.0;careers.ey.com;https://www.linkedin.com/jobs/view/4392743640/;https://www.linkedin.com/jobs/view/4392743640/;On-site;-;23/06/2026;Curitiba;Paraná;PR;Região Sul;Brasil;América do Sul
99;EY;DBA Oracle PeopleSoft - Performance, RAC e Troubleshooting;Fortaleza (CE);21/06 12:00;https://www.linkedin.com/jobs/view/4392744540/;https://media.licdn.com/dms/image/v2/C510BAQGpRhkpxp5A9A/company-logo_100_100/company-logo_100_100/0/1630570672166/ernstandyoung_logo?e=1783555200&v=beta&t=FTP7OzV6S-RtQdubibOqoF28O_q4rrvZfxJLz3dDFAI;People;https://www.linkedin.com/company/ey/about/;Software e Serviços de TI;(data AND engineer) OR (data AND analyst) OR (bi AND analyst) OR (arquiteto AND de AND dados) OR (data AND architect) OR (database AND administrator) OR (administrador AND de AND banco AND de AND dados) OR dba;ey;1.0;careers.ey.com;https://www.linkedin.com/jobs/view/4392744540/;https://www.linkedin.com/jobs/view/4392744540/;On-site;-;23/06/2026;Fortaleza;Ceará;CE;Região Nordeste;Brasil;América do Sul
100;EY;DBA Oracle PeopleSoft - Performance, RAC e Troubleshooting;Goiânia (GO);22/06 13:00;https://www.linkedin.com/jobs/view/4392747538/;https://media.licdn.com/dms/image/v2/C510BAQGpRhkpxp5A9A/company-logo_100_100/company-logo_100_100/0/1630570672166/ernstandyoung_logo?e=1783555200&v=beta&t=FTP7OzV6S-RtQdubibOqoF28O_q4rrvZfxJLz3dDFAI;People;https://www.linkedin.com/company/ey/about/;Software e Serviços de TI;(data AND engineer) OR (data AND analyst) OR (bi AND analyst) OR (arquiteto AND de AND dados) OR (data AND architect) OR (database AND administrator) OR (administrador AND de AND banco AND de AND dados) OR dba;ey;1.0;careers.ey.com;https://www.linkedin.com/jobs/view/4392747538/;https://www.linkedin.com/jobs/view/4392747538/;On-site;-;23/06/2026;Goiânia;Goiás;GO;Região Centro-Oeste;Brasil;América do Sul
101;EY;DBA Oracle PeopleSoft - Performance, RAC e Troubleshooting;Grande Ribeirão Preto;23/06 10:00;https://www.linkedin.com/jobs/view/4418792828/;https://media.licdn.com/dms/image/v2/C510BAQGpRhkpxp5A9A/company-logo_100_100/company-logo_100_100/0/1630570672166/ernstandyoung_logo?e=1783555200&v=beta&t=FTP7OzV6S-RtQdubibOqoF28O_q4rrvZfxJLz3dDFAI;People;https://www.linkedin.com/company/ey/about/;Software e Serviços de TI;(data AND engineer) OR (data AND analyst) OR (bi AND analyst) OR (arquiteto AND de AND dados) OR (data AND architect) OR (database AND administrator) OR (administrador AND de AND banco AND de AND dados) OR dba;ey;1.0;careers.ey.com;https://www.linkedin.com/jobs/view/4418792828/;https://www.linkedin.com/jobs/view/4418792828/;On-site;-;23/06/2026;;São Paulo;SP;Região Sudeste;Brasil;América do Sul
102;EY;DBA Oracle PeopleSoft - Performance, RAC e Troubleshooting;Porto Alegre (RS);21/06 12:00;https://www.linkedin.com/jobs/view/2148452168/;https://media.licdn.com/dms/image/v2/C510BAQGpRhkpxp5A9A/company-logo_100_100/company-logo_100_100/0/1630570672166/ernstandyoung_logo?e=1783555200&v=beta&t=FTP7OzV6S-RtQdubibOqoF28O_q4rrvZfxJLz3dDFAI;People;https://www.linkedin.com/company/ey/about/;Software e Serviços de TI;(data AND engineer) OR (data AND analyst) OR (bi AND analyst) OR (arquiteto AND de AND dados) OR (data AND architect) OR (database AND administrator) OR (administrador AND de AND banco AND de AND dados) OR dba;ey;1.0;careers.ey.com;https://www.linkedin.com/jobs/view/2148452168/;https://www.linkedin.com/jobs/view/2148452168/;On-site;-;23/06/2026;Porto Alegre;Rio Grande do Sul;RS;Região Sul;Brasil;América do Sul
103;EY;DBA Oracle PeopleSoft - Performance, RAC e Troubleshooting;Recife (PE);23/06 11:00;https://www.linkedin.com/jobs/view/4418793805/;https://media.licdn.com/dms/image/v2/C510BAQGpRhkpxp5A9A/company-logo_100_100/company-logo_100_100/0/1630570672166/ernstandyoung_logo?e=1783555200&v=beta&t=FTP7OzV6S-RtQdubibOqoF28O_q4rrvZfxJLz3dDFAI;People;https://www.linkedin.com/company/ey/about/;Software e Serviços de TI;(data AND engineer) OR (data AND analyst) OR (bi AND analyst) OR (arquiteto AND de AND dados) OR (data AND architect) OR (database AND administrator) OR (administrador AND de AND banco AND de AND dados) OR dba;ey;1.0;careers.ey.com;https://www.linkedin.com/jobs/view/4418793805/;https://www.linkedin.com/jobs/view/4418793805/;On-site;-;23/06/2026;Recife;Pernambuco;PE;Região Nordeste;Brasil;América do Sul
104;EY;DBA Oracle PeopleSoft - Performance, RAC e Troubleshooting;Rio de Janeiro (RJ);21/06 12:00;https://www.linkedin.com/jobs/view/4392756209/;https://media.licdn.com/dms/image/v2/C510BAQGpRhkpxp5A9A/company-logo_100_100/company-logo_100_100/0/1630570672166/ernstandyoung_logo?e=1783555200&v=beta&t=FTP7OzV6S-RtQdubibOqoF28O_q4rrvZfxJLz3dDFAI;People;https://www.linkedin.com/company/ey/about/;Software e Serviços de TI;(data AND engineer) OR (data AND analyst) OR (bi AND analyst) OR (arquiteto AND de AND dados) OR (data AND architect) OR (database AND administrator) OR (administrador AND de AND banco AND de AND dados) OR dba;ey;1.0;careers.ey.com;https://www.linkedin.com/jobs/view/4392756209/;https://www.linkedin.com/jobs/view/4392756209/;On-site;-;23/06/2026;Rio de Janeiro;Rio de Janeiro;RJ;Região Sudeste;Brasil;América do Sul
105;EY;DBA Oracle PeopleSoft - Performance, RAC e Troubleshooting;São Paulo (SP);23/06 10:00;https://www.linkedin.com/jobs/view/4418783923/;https://media.licdn.com/dms/image/v2/C510BAQGpRhkpxp5A9A/company-logo_100_100/company-logo_100_100/0/1630570672166/ernstandyoung_logo?e=1783555200&v=beta&t=FTP7OzV6S-RtQdubibOqoF28O_q4rrvZfxJLz3dDFAI;People;https://www.linkedin.com/company/ey/about/;Software e Serviços de TI;(data AND engineer) OR (data AND analyst) OR (bi AND analyst) OR (arquiteto AND de AND dados) OR (data AND architect) OR (database AND administrator) OR (administrador AND de AND banco AND de AND dados) OR dba;ey;1.0;careers.ey.com;https://www.linkedin.com/jobs/view/4418783923/;https://www.linkedin.com/jobs/view/4418783923/;On-site;-;23/06/2026;São Paulo;São Paulo;SP;Região Sudeste;Brasil;América do Sul
106;EY;Data Engineer (AWS, Redshift & Spark);São Paulo (SP);22/06 12:00;https://www.linkedin.com/jobs/view/4388869393/;https://media.licdn.com/dms/image/v2/C510BAQGpRhkpxp5A9A/company-logo_100_100/company-logo_100_100/0/1630570672166/ernstandyoung_logo?e=1783555200&v=beta&t=FTP7OzV6S-RtQdubibOqoF28O_q4rrvZfxJLz3dDFAI;Data & Ai > Data Engineering;https://www.linkedin.com/company/ey/about/;Dados e Analytics;(data AND engineer) OR (data AND analyst) OR (bi AND analyst) OR (arquiteto AND de AND dados) OR (data AND architect) OR (database AND administrator) OR (administrador AND de AND banco AND de AND dados) OR dba;ey;1.0;careers.ey.com;https://www.linkedin.com/jobs/view/4388869393/;https://www.linkedin.com/jobs/view/4388869393/;On-site;Cloud (AWS/GCP/Azure), Dados/Analytics, Engenharia Geral;23/06/2026;São Paulo;São Paulo;SP;Região Sudeste;Brasil;América do Sul
107;EY;Senior Data Analyst - SSRS, SQL & Power BI;São Paulo (SP);17/06 12:00;https://www.linkedin.com/jobs/view/4426885014/;https://media.licdn.com/dms/image/v2/C510BAQGpRhkpxp5A9A/company-logo_100_100/company-logo_100_100/0/1630570672166/ernstandyoung_logo?e=1783555200&v=beta&t=FTP7OzV6S-RtQdubibOqoF28O_q4rrvZfxJLz3dDFAI;Data & Ai > Data Engineering;https://www.linkedin.com/company/ey/about/;Dados e Analytics;(data AND engineer) OR (data AND analyst) OR (bi AND analyst) OR (arquiteto AND de AND dados) OR (data AND architect) OR (database AND administrator) OR (administrador AND de AND banco AND de AND dados) OR dba;ey;1.0;careers.ey.com;https://www.linkedin.com/jobs/view/4426885014/;https://www.linkedin.com/jobs/view/4426885014/;On-site;Senior, Dados/Analytics;23/06/2026;São Paulo;São Paulo;SP;Região Sudeste;Brasil;América do Sul
108;Ebury;Data Analyst - Regulatory Reporting;São Paulo (SP);19/06 12:00;https://www.linkedin.com/jobs/view/4420988163/;https://media.licdn.com/dms/image/v2/D4D0BAQE5Q1wVXb_ebw/company-logo_100_100/B4DZxbuXAUG0AQ-/0/1771065405812/eburyfintech_logo?e=1783555200&v=beta&t=GSE1JezlWrv_s3u6tMqjMaMJ0RRvqrleW1ENhm0wqf8;Data & Ai > Data Engineering;https://www.linkedin.com/company/ebury/about/;Dados e Analytics;(data AND engineer) OR (data AND analyst) OR (bi AND analyst) OR (arquiteto AND de AND dados) OR (data AND architect) OR (database AND administrator) OR (administrador AND de AND banco AND de AND dados) OR dba;ebury;2.0;ebury.com;https://www.linkedin.com/jobs/view/4420988163/;https://www.linkedin.com/jobs/view/4420988163/;Hybrid;Dados/Analytics;23/06/2026;São Paulo;São Paulo;SP;Região Sudeste;Brasil;América do Sul
109;Ebury;Data Engineer II;São Paulo (SP);19/06 12:00;https://www.linkedin.com/jobs/view/4422993366/;https://media.licdn.com/dms/image/v2/D4D0BAQE5Q1wVXb_ebw/company-logo_100_100/B4DZxbuXAUG0AQ-/0/1771065405812/eburyfintech_logo?e=1783555200&v=beta&t=GSE1JezlWrv_s3u6tMqjMaMJ0RRvqrleW1ENhm0wqf8;Data & Ai > Data Engineering;https://www.linkedin.com/company/ebury/about/;Dados e Analytics;(data AND engineer) OR (data AND analyst) OR (bi AND analyst) OR (arquiteto AND de AND dados) OR (data AND architect) OR (database AND administrator) OR (administrador AND de AND banco AND de AND dados) OR dba;ebury;2.0;ebury.com;https://www.linkedin.com/jobs/view/4422993366/;https://www.linkedin.com/jobs/view/4422993366/;Hybrid;Dados/Analytics, Engenharia Geral;23/06/2026;São Paulo;São Paulo;SP;Região Sudeste;Brasil;América do Sul
110;Evertec Brasil;DBA PL | SQL Server;Tupã (SP);17/06 12:00;https://www.linkedin.com/jobs/view/4418289087/;https://media.licdn.com/dms/image/v2/D4D0BAQGG_PyIEk0O0w/company-logo_100_100/B4DZfW8646GkAU-/0/1751657983926/evertecbr_logo?e=1783555200&v=beta&t=jOLCjCICKnw_8eu4kAeOOPNutXCxYVO7yXkwg1br6RI;-;https://www.linkedin.com/company/evertec-brasil/about/;-;(data AND engineer) OR (data AND analyst) OR (bi AND analyst) OR (arquiteto AND de AND dados) OR (data AND architect) OR (database AND administrator) OR (administrador AND de AND banco AND de AND dados) OR dba;evertec brasil;1.0;Quickin;https://www.linkedin.com/jobs/view/4418289087/;https://www.linkedin.com/jobs/view/4418289087/;Hybrid;Mid;23/06/2026;Tupã;São Paulo;SP;Região Sudeste;Brasil;América do Sul
111;FullStack;Data Engineer - Remote - Latin America;Belo Horizonte (MG);18/06 12:00;https://www.linkedin.com/jobs/view/4430148039/;https://media.licdn.com/dms/image/v2/D4E0BAQFl6I0phUCDQg/company-logo_100_100/B4EZo1FC7hIIAQ-/0/1761827107300/fullstack_labs_logo?e=1783555200&v=beta&t=d36MkquPTs-s_Vkr2pacluHUebTtAxXFvfaDyl5Z1To;Data & Ai > Data Engineering;https://www.linkedin.com/company/fullstack/about/;Dados e Analytics;(data AND engineer) OR (data AND analyst) OR (bi AND analyst) OR (arquiteto AND de AND dados) OR (data AND architect) OR (database AND administrator) OR (administrador AND de AND banco AND de AND dados) OR dba;fullstack;3.0;talent.fullstack.com;https://www.linkedin.com/jobs/view/4430148039/;https://www.linkedin.com/jobs/view/4430148039/;Remote;Dados/Analytics, Engenharia Geral;23/06/2026;Belo Horizonte;Minas Gerais;MG;Região Sudeste;Brasil;América do Sul
112;FullStack;Data Engineer - Remote - Latin America;Brasil;18/06 12:00;https://www.linkedin.com/jobs/view/4430134860/;https://media.licdn.com/dms/image/v2/D4E0BAQFl6I0phUCDQg/company-logo_100_100/B4EZo1FC7hIIAQ-/0/1761827107300/fullstack_labs_logo?e=1783555200&v=beta&t=d36MkquPTs-s_Vkr2pacluHUebTtAxXFvfaDyl5Z1To;Data & Ai > Data Engineering;https://www.linkedin.com/company/fullstack/about/;Dados e Analytics;(data AND engineer) OR (data AND analyst) OR (bi AND analyst) OR (arquiteto AND de AND dados) OR (data AND architect) OR (database AND administrator) OR (administrador AND de AND banco AND de AND dados) OR dba;fullstack;3.0;talent.fullstack.com;https://www.linkedin.com/jobs/view/4430134860/;https://www.linkedin.com/jobs/view/4430134860/;Remote;Dados/Analytics, Engenharia Geral;23/06/2026;;;;;Brasil;América do Sul
113;FullStack;Data Engineer - Remote - Latin America;Brasília (DF);18/06 12:00;https://www.linkedin.com/jobs/view/4430141111/;https://media.licdn.com/dms/image/v2/D4E0BAQFl6I0phUCDQg/company-logo_100_100/B4EZo1FC7hIIAQ-/0/1761827107300/fullstack_labs_logo?e=1783555200&v=beta&t=d36MkquPTs-s_Vkr2pacluHUebTtAxXFvfaDyl5Z1To;Data & Ai > Data Engineering;https://www.linkedin.com/company/fullstack/about/;Dados e Analytics;(data AND engineer) OR (data AND analyst) OR (bi AND analyst) OR (arquiteto AND de AND dados) OR (data AND architect) OR (database AND administrator) OR (administrador AND de AND banco AND de AND dados) OR dba;fullstack;3.0;talent.fullstack.com;https://www.linkedin.com/jobs/view/4430141111/;https://www.linkedin.com/jobs/view/4430141111/;Remote;Dados/Analytics, Engenharia Geral;23/06/2026;;Distrito Federal;DF;Região Centro-Oeste;Brasil;América do Sul
114;FullStack;Data Engineer - Remote - Latin America;Curitiba (PR);18/06 12:00;https://www.linkedin.com/jobs/view/4430139180/;https://media.licdn.com/dms/image/v2/D4E0BAQFl6I0phUCDQg/company-logo_100_100/B4EZo1FC7hIIAQ-/0/1761827107300/fullstack_labs_logo?e=1783555200&v=beta&t=d36MkquPTs-s_Vkr2pacluHUebTtAxXFvfaDyl5Z1To;Data & Ai > Data Engineering;https://www.linkedin.com/company/fullstack/about/;Dados e Analytics;(data AND engineer) OR (data AND analyst) OR (bi AND analyst) OR (arquiteto AND de AND dados) OR (data AND architect) OR (database AND administrator) OR (administrador AND de AND banco AND de AND dados) OR dba;fullstack;3.0;talent.fullstack.com;https://www.linkedin.com/jobs/view/4430139180/;https://www.linkedin.com/jobs/view/4430139180/;Remote;Dados/Analytics, Engenharia Geral;23/06/2026;Curitiba;Paraná;PR;Região Sul;Brasil;América do Sul
115;FullStack;Data Engineer - Remote - Latin America;Fortaleza (CE);18/06 12:00;https://www.linkedin.com/jobs/view/4430152008/;https://media.licdn.com/dms/image/v2/D4E0BAQFl6I0phUCDQg/company-logo_100_100/B4EZo1FC7hIIAQ-/0/1761827107300/fullstack_labs_logo?e=1783555200&v=beta&t=d36MkquPTs-s_Vkr2pacluHUebTtAxXFvfaDyl5Z1To;Data & Ai > Data Engineering;https://www.linkedin.com/company/fullstack/about/;Dados e Analytics;(data AND engineer) OR (data AND analyst) OR (bi AND analyst) OR (arquiteto AND de AND dados) OR (data AND architect) OR (database AND administrator) OR (administrador AND de AND banco AND de AND dados) OR dba;fullstack;3.0;talent.fullstack.com;https://www.linkedin.com/jobs/view/4430152008/;https://www.linkedin.com/jobs/view/4430152008/;Remote;Dados/Analytics, Engenharia Geral;23/06/2026;Fortaleza;Ceará;CE;Região Nordeste;Brasil;América do Sul
116;FullStack;Data Engineer - Remote - Latin America;Goiânia (GO);18/06 12:00;https://www.linkedin.com/jobs/view/4430138156/;https://media.licdn.com/dms/image/v2/D4E0BAQFl6I0phUCDQg/company-logo_100_100/B4EZo1FC7hIIAQ-/0/1761827107300/fullstack_labs_logo?e=1783555200&v=beta&t=d36MkquPTs-s_Vkr2pacluHUebTtAxXFvfaDyl5Z1To;Data & Ai > Data Engineering;https://www.linkedin.com/company/fullstack/about/;Dados e Analytics;(data AND engineer) OR (data AND analyst) OR (bi AND analyst) OR (arquiteto AND de AND dados) OR (data AND architect) OR (database AND administrator) OR (administrador AND de AND banco AND de AND dados) OR dba;fullstack;3.0;talent.fullstack.com;https://www.linkedin.com/jobs/view/4430138156/;https://www.linkedin.com/jobs/view/4430138156/;Remote;Dados/Analytics, Engenharia Geral;23/06/2026;Goiânia;Goiás;GO;Região Centro-Oeste;Brasil;América do Sul
117;FullStack;Data Engineer - Remote - Latin America;Grande Rio de Janeiro (RJ);18/06 12:00;https://www.linkedin.com/jobs/view/4430140153/;https://media.licdn.com/dms/image/v2/D4E0BAQFl6I0phUCDQg/company-logo_100_100/B4EZo1FC7hIIAQ-/0/1761827107300/fullstack_labs_logo?e=1783555200&v=beta&t=d36MkquPTs-s_Vkr2pacluHUebTtAxXFvfaDyl5Z1To;Data & Ai > Data Engineering;https://www.linkedin.com/company/fullstack/about/;Dados e Analytics;(data AND engineer) OR (data AND analyst) OR (bi AND analyst) OR (arquiteto AND de AND dados) OR (data AND architect) OR (database AND administrator) OR (administrador AND de AND banco AND de AND dados) OR dba;fullstack;3.0;talent.fullstack.com;https://www.linkedin.com/jobs/view/4430140153/;https://www.linkedin.com/jobs/view/4430140153/;Remote;Dados/Analytics, Engenharia Geral;23/06/2026;;Rio de Janeiro;RJ;Região Sudeste;Brasil;América do Sul
118;FullStack;Data Engineer - Remote - Latin America;Manaus (AM);18/06 12:00;https://www.linkedin.com/jobs/view/4430129969/;https://media.licdn.com/dms/image/v2/D4E0BAQFl6I0phUCDQg/company-logo_100_100/B4EZo1FC7hIIAQ-/0/1761827107300/fullstack_labs_logo?e=1783555200&v=beta&t=d36MkquPTs-s_Vkr2pacluHUebTtAxXFvfaDyl5Z1To;Data & Ai > Data Engineering;https://www.linkedin.com/company/fullstack/about/;Dados e Analytics;(data AND engineer) OR (data AND analyst) OR (bi AND analyst) OR (arquiteto AND de AND dados) OR (data AND architect) OR (database AND administrator) OR (administrador AND de AND banco AND de AND dados) OR dba;fullstack;3.0;talent.fullstack.com;https://www.linkedin.com/jobs/view/4430129969/;https://www.linkedin.com/jobs/view/4430129969/;Remote;Dados/Analytics, Engenharia Geral;23/06/2026;Manaus;Amazonas;AM;Região Norte;Brasil;América do Sul
119;FullStack;Data Engineer - Remote - Latin America;Recife (PE);18/06 12:00;https://www.linkedin.com/jobs/view/4430150033/;https://media.licdn.com/dms/image/v2/D4E0BAQFl6I0phUCDQg/company-logo_100_100/B4EZo1FC7hIIAQ-/0/1761827107300/fullstack_labs_logo?e=1783555200&v=beta&t=d36MkquPTs-s_Vkr2pacluHUebTtAxXFvfaDyl5Z1To;Data & Ai > Data Engineering;https://www.linkedin.com/company/fullstack/about/;Dados e Analytics;(data AND engineer) OR (data AND analyst) OR (bi AND analyst) OR (arquiteto AND de AND dados) OR (data AND architect) OR (database AND administrator) OR (administrador AND de AND banco AND de AND dados) OR dba;fullstack;3.0;talent.fullstack.com;https://www.linkedin.com/jobs/view/4430150033/;https://www.linkedin.com/jobs/view/4430150033/;Remote;Dados/Analytics, Engenharia Geral;23/06/2026;Recife;Pernambuco;PE;Região Nordeste;Brasil;América do Sul
120;FullStack;Data Engineer - Remote - Latin America;Salvador (BA);18/06 12:00;https://www.linkedin.com/jobs/view/4430134863/;https://media.licdn.com/dms/image/v2/D4E0BAQFl6I0phUCDQg/company-logo_100_100/B4EZo1FC7hIIAQ-/0/1761827107300/fullstack_labs_logo?e=1783555200&v=beta&t=d36MkquPTs-s_Vkr2pacluHUebTtAxXFvfaDyl5Z1To;Data & Ai > Data Engineering;https://www.linkedin.com/company/fullstack/about/;Dados e Analytics;(data AND engineer) OR (data AND analyst) OR (bi AND analyst) OR (arquiteto AND de AND dados) OR (data AND architect) OR (database AND administrator) OR (administrador AND de AND banco AND de AND dados) OR dba;fullstack;3.0;talent.fullstack.com;https://www.linkedin.com/jobs/view/4430134863/;https://www.linkedin.com/jobs/view/4430134863/;Remote;Dados/Analytics, Engenharia Geral;23/06/2026;Salvador;Bahia;BA;Região Nordeste;Brasil;América do Sul
121;FullStack;Data Engineer - Remote - Latin America;São Paulo (SP);18/06 12:00;https://www.linkedin.com/jobs/view/4430145055/;https://media.licdn.com/dms/image/v2/D4E0BAQFl6I0phUCDQg/company-logo_100_100/B4EZo1FC7hIIAQ-/0/1761827107300/fullstack_labs_logo?e=1783555200&v=beta&t=d36MkquPTs-s_Vkr2pacluHUebTtAxXFvfaDyl5Z1To;Data & Ai > Data Engineering;https://www.linkedin.com/company/fullstack/about/;Dados e Analytics;(data AND engineer) OR (data AND analyst) OR (bi AND analyst) OR (arquiteto AND de AND dados) OR (data AND architect) OR (database AND administrator) OR (administrador AND de AND banco AND de AND dados) OR dba;fullstack;3.0;talent.fullstack.com;https://www.linkedin.com/jobs/view/4430145055/;https://www.linkedin.com/jobs/view/4430145055/;Remote;Dados/Analytics, Engenharia Geral;23/06/2026;São Paulo;São Paulo;SP;Região Sudeste;Brasil;América do Sul
122;Fusemachines;Data Analyst;Brasília (DF);22/06 17:00;https://www.linkedin.com/jobs/view/4432004416/;https://media.licdn.com/dms/image/v2/D560BAQFpBPKrtFEh_A/company-logo_100_100/company-logo_100_100/0/1682490056011/fusemachines_logo?e=1783555200&v=beta&t=c9E9aKWRy3BxEGpgPYE4UytsF2JVGOnpuel-udpVL3I;Data & Ai > Data Engineering;https://www.linkedin.com/company/fusemachines/about/;Dados e Analytics;(data AND engineer) OR (data AND analyst) OR (bi AND analyst) OR (arquiteto AND de AND dados) OR (data AND architect) OR (database AND administrator) OR (administrador AND de AND banco AND de AND dados) OR dba;fusemachines;1;;https://www.linkedin.com/jobs/view/4432004416/;https://www.linkedin.com/jobs/view/4432004416/;Remote;Dados/Analytics;23/06/2026;;Distrito Federal;DF;Região Centro-Oeste;Brasil;América do Sul
123;Fusemachines;Data Analyst;Brasília (DF);22/06 17:00;https://www.linkedin.com/jobs/view/4431788681/;https://media.licdn.com/dms/image/v2/D560BAQFpBPKrtFEh_A/company-logo_100_100/company-logo_100_100/0/1682490056011/fusemachines_logo?e=1783555200&v=beta&t=c9E9aKWRy3BxEGpgPYE4UytsF2JVGOnpuel-udpVL3I;Data & Ai > Data Engineering;https://www.linkedin.com/company/fusemachines/about/;Dados e Analytics;(data AND engineer) OR (data AND analyst) OR (bi AND analyst) OR (arquiteto AND de AND dados) OR (data AND architect) OR (database AND administrator) OR (administrador AND de AND banco AND de AND dados) OR dba;fusemachines;1;;https://www.linkedin.com/jobs/view/4431788681/;https://www.linkedin.com/jobs/view/4431788681/;Remote;Dados/Analytics;23/06/2026;;Distrito Federal;DF;Região Centro-Oeste;Brasil;América do Sul
124;Fusemachines;Senior Data Engineer;Brasília (DF);22/06 17:00;https://www.linkedin.com/jobs/view/4431781740/;https://media.licdn.com/dms/image/v2/D560BAQFpBPKrtFEh_A/company-logo_100_100/company-logo_100_100/0/1682490056011/fusemachines_logo?e=1783555200&v=beta&t=c9E9aKWRy3BxEGpgPYE4UytsF2JVGOnpuel-udpVL3I;Data & Ai > Data Engineering;https://www.linkedin.com/company/fusemachines/about/;Dados e Analytics;(data AND engineer) OR (data AND analyst) OR (bi AND analyst) OR (arquiteto AND de AND dados) OR (data AND architect) OR (database AND administrator) OR (administrador AND de AND banco AND de AND dados) OR dba;fusemachines;1;;https://www.linkedin.com/jobs/view/4431781740/;https://www.linkedin.com/jobs/view/4431781740/;Remote;Senior, Dados/Analytics, Engenharia Geral;23/06/2026;;Distrito Federal;DF;Região Centro-Oeste;Brasil;América do Sul
125;Georgia IT, Inc.;Senior Data Engineer – GCP - 100% Remote;América Latina;17/06 12:00;https://www.linkedin.com/jobs/view/4426885181/;https://media.licdn.com/dms/image/v2/C4D0BAQFRR0iVjuD22g/company-logo_100_100/company-logo_100_100/0/1643954719333/georgia_it_inc__logo?e=1783555200&v=beta&t=PZeE3dN6-0lt8rUlOP9uJWLCA2TbLdYahuOnkwmCD04;Data & Ai > Data Engineering;https://www.linkedin.com/company/georgia-it-inc/about/;Dados e Analytics;(data AND engineer) OR (data AND analyst) OR (bi AND analyst) OR (arquiteto AND de AND dados) OR (data AND architect) OR (database AND administrator) OR (administrador AND de AND banco AND de AND dados) OR dba;georgia it, inc.;1;;https://www.linkedin.com/jobs/view/4426885181/;https://www.linkedin.com/jobs/view/4426885181/;Remote;Senior, Cloud (AWS/GCP/Azure), Dados/Analytics, Engenharia Geral;23/06/2026;;;;;;América Latina
126;GeorgiaTEK Systems Inc.;Senior Data Engineer;América Latina;17/06 12:00;https://www.linkedin.com/jobs/view/4426883133/;https://media.licdn.com/dms/image/v2/C4D0BAQFS2nOc7k3WRA/company-logo_100_100/company-logo_100_100/0/1645584193004/georgiatek_systems_inc_logo?e=1783555200&v=beta&t=XPxXlO3pD-G1W46ZXDK-AkmIvx4777aj7uJg3WVeN0Y;Data & Ai > Data Engineering;https://www.linkedin.com/company/georgiatek-systems-inc/about/;Dados e Analytics;(data AND engineer) OR (data AND analyst) OR (bi AND analyst) OR (arquiteto AND de AND dados) OR (data AND architect) OR (database AND administrator) OR (administrador AND de AND banco AND de AND dados) OR dba;georgiatek systems inc.;1.0;LinkedIn (Easy Apply);https://www.linkedin.com/jobs/view/4426883133/;https://www.linkedin.com/jobs/view/4426883133/;Remote;Senior, Dados/Analytics, Engenharia Geral;23/06/2026;;;;;;América Latina
127;GraceMark Solutions;Software Engineer III - Data Engineer;Brasil;22/06 14:00;https://www.linkedin.com/jobs/view/4431735349/;https://media.licdn.com/dms/image/v2/C4D0BAQHpHX325v_lOQ/company-logo_100_100/company-logo_100_100/0/1630579348980/gracemarksolutions_logo?e=1783555200&v=beta&t=wr0S2hK8NXo_4r8lTIgazn5Mgq44MPBlPzD9E4lqjKU;Data & Ai > Data Engineering;https://www.linkedin.com/company/gracemark-solutions/about/;Dados e Analytics;(data AND engineer) OR (data AND analyst) OR (bi AND analyst) OR (arquiteto AND de AND dados) OR (data AND architect) OR (database AND administrator) OR (administrador AND de AND banco AND de AND dados) OR dba;gracemark solutions;1.0;LinkedIn (Easy Apply);https://www.linkedin.com/jobs/view/4431735349/;https://www.linkedin.com/jobs/view/4431735349/;Remote;TI/Tech, Dados/Analytics, Engenharia Geral;23/06/2026;;;;;Brasil;América do Sul
128;Gramian Consulting;Automotive Data Analyst (Vehicle Data & Documentation);Brasil;18/06 12:00;https://www.linkedin.com/jobs/view/4430447451/;https://media.licdn.com/dms/image/v2/D4E0BAQEMwKq5Apt29A/company-logo_100_100/B4EZl6ck5TKsAU-/0/1758695936047/gramian_consulting_logo?e=1783555200&v=beta&t=_2TOOoaR8SaM2gOxBa112hHsf6coulpogzA9_QNsY1w;Data & Ai > Data Engineering;https://www.linkedin.com/company/gramian-consulting/about/;Consultoria e Assessoria;(data AND engineer) OR (data AND analyst) OR (bi AND analyst) OR (arquiteto AND de AND dados) OR (data AND architect) OR (database AND administrator) OR (administrador AND de AND banco AND de AND dados) OR dba;gramian consulting;1.0;;https://www.linkedin.com/jobs/view/4430447451/;https://www.linkedin.com/jobs/view/4430447451/;Remote;Dados/Analytics;23/06/2026;;;;;Brasil;América do Sul
129;Hire Feed;Data Analyst (Remote);América Latina;23/06 11:00;https://www.linkedin.com/jobs/view/4432268538/;https://media.licdn.com/dms/image/v2/D4D0BAQEeII6H9qdObQ/company-logo_100_100/B4DZ3OfC9fHwAQ-/0/1777285738853/hirefeedd_logo?e=1783555200&v=beta&t=RsG2VYLahKzGZRdU20QZ2Z90nwJBD_9soJfR7zTaiL8;Data & Ai > Data Engineering;https://www.linkedin.com/company/hire-feed/about/;Dados e Analytics;(data AND engineer) OR (data AND analyst) OR (bi AND analyst) OR (arquiteto AND de AND dados) OR (data AND architect) OR (database AND administrator) OR (administrador AND de AND banco AND de AND dados) OR dba;hire feed;1.0;LinkedIn (Easy Apply);https://www.linkedin.com/jobs/view/4432268538/;https://www.linkedin.com/jobs/view/4432268538/;Remote;Dados/Analytics;23/06/2026;;;;;;América Latina
130;Hire Feed;Data Analyst (Remote);América Latina;22/06 12:00;https://www.linkedin.com/jobs/view/4432264500/;https://media.licdn.com/dms/image/v2/D4D0BAQEeII6H9qdObQ/company-logo_100_100/B4DZ3OfC9fHwAQ-/0/1777285738853/hirefeedd_logo?e=1783555200&v=beta&t=RsG2VYLahKzGZRdU20QZ2Z90nwJBD_9soJfR7zTaiL8;Data & Ai > Data Engineering;https://www.linkedin.com/company/hire-feed/about/;Dados e Analytics;(data AND engineer) OR (data AND analyst) OR (bi AND analyst) OR (arquiteto AND de AND dados) OR (data AND architect) OR (database AND administrator) OR (administrador AND de AND banco AND de AND dados) OR dba;hire feed;1.0;LinkedIn (Easy Apply);https://www.linkedin.com/jobs/view/4432264500/;https://www.linkedin.com/jobs/view/4432264500/;Remote;Dados/Analytics;23/06/2026;;;;;;América Latina
131;Hire Feed;Data Engineer (Remote);América Latina;22/06 12:00;https://www.linkedin.com/jobs/view/4432251344/;https://media.licdn.com/dms/image/v2/D4D0BAQEeII6H9qdObQ/company-logo_100_100/B4DZ3OfC9fHwAQ-/0/1777285738853/hirefeedd_logo?e=1783555200&v=beta&t=RsG2VYLahKzGZRdU20QZ2Z90nwJBD_9soJfR7zTaiL8;Data & Ai > Data Engineering;https://www.linkedin.com/company/hire-feed/about/;Dados e Analytics;(data AND engineer) OR (data AND analyst) OR (bi AND analyst) OR (arquiteto AND de AND dados) OR (data AND architect) OR (database AND administrator) OR (administrador AND de AND banco AND de AND dados) OR dba;hire feed;1.0;LinkedIn (Easy Apply);https://www.linkedin.com/jobs/view/4432251344/;https://www.linkedin.com/jobs/view/4432251344/;Remote;Dados/Analytics, Engenharia Geral;23/06/2026;;;;;;América Latina
132;Hire Feed;Big Data Engineer (Remote);Brasil;23/06 11:00;https://www.linkedin.com/jobs/view/4432271323/;https://media.licdn.com/dms/image/v2/D4D0BAQEeII6H9qdObQ/company-logo_100_100/B4DZ3OfC9fHwAQ-/0/1777285738853/hirefeedd_logo?e=1783555200&v=beta&t=RsG2VYLahKzGZRdU20QZ2Z90nwJBD_9soJfR7zTaiL8;Data & Ai > Data Engineering;https://www.linkedin.com/company/hire-feed/about/;Dados e Analytics;(data AND engineer) OR (data AND analyst) OR (bi AND analyst) OR (arquiteto AND de AND dados) OR (data AND architect) OR (database AND administrator) OR (administrador AND de AND banco AND de AND dados) OR dba;hire feed;1.0;LinkedIn (Easy Apply);https://www.linkedin.com/jobs/view/4432271323/;https://www.linkedin.com/jobs/view/4432271323/;Remote;Dados/Analytics, Engenharia Geral;23/06/2026;;;;;Brasil;América do Sul
133;Hire Feed;Data Analyst (Remote);Brasil;23/06 11:00;https://www.linkedin.com/jobs/view/4432264820/;https://media.licdn.com/dms/image/v2/D4D0BAQEeII6H9qdObQ/company-logo_100_100/B4DZ3OfC9fHwAQ-/0/1777285738853/hirefeedd_logo?e=1783555200&v=beta&t=RsG2VYLahKzGZRdU20QZ2Z90nwJBD_9soJfR7zTaiL8;Data & Ai > Data Engineering;https://www.linkedin.com/company/hire-feed/about/;Dados e Analytics;(data AND engineer) OR (data AND analyst) OR (bi AND analyst) OR (arquiteto AND de AND dados) OR (data AND architect) OR (database AND administrator) OR (administrador AND de AND banco AND de AND dados) OR dba;hire feed;1.0;LinkedIn (Easy Apply);https://www.linkedin.com/jobs/view/4432264820/;https://www.linkedin.com/jobs/view/4432264820/;Remote;Dados/Analytics;23/06/2026;;;;;Brasil;América do Sul
134;Hire Feed;Data Analyst (Remote);Brasil;22/06 12:00;https://www.linkedin.com/jobs/view/4432271087/;https://media.licdn.com/dms/image/v2/D4D0BAQEeII6H9qdObQ/company-logo_100_100/B4DZ3OfC9fHwAQ-/0/1777285738853/hirefeedd_logo?e=1783555200&v=beta&t=RsG2VYLahKzGZRdU20QZ2Z90nwJBD_9soJfR7zTaiL8;Data & Ai > Data Engineering;https://www.linkedin.com/company/hire-feed/about/;Dados e Analytics;(data AND engineer) OR (data AND analyst) OR (bi AND analyst) OR (arquiteto AND de AND dados) OR (data AND architect) OR (database AND administrator) OR (administrador AND de AND banco AND de AND dados) OR dba;hire feed;1.0;LinkedIn (Easy Apply);https://www.linkedin.com/jobs/view/4432271087/;https://www.linkedin.com/jobs/view/4432271087/;Remote;Dados/Analytics;23/06/2026;;;;;Brasil;América do Sul
135;Hire Feed;Data Analyst (Remote);Brasil;22/06 12:00;https://www.linkedin.com/jobs/view/4432254069/;https://media.licdn.com/dms/image/v2/D4D0BAQEeII6H9qdObQ/company-logo_100_100/B4DZ3OfC9fHwAQ-/0/1777285738853/hirefeedd_logo?e=1783555200&v=beta&t=RsG2VYLahKzGZRdU20QZ2Z90nwJBD_9soJfR7zTaiL8;Data & Ai > Data Engineering;https://www.linkedin.com/company/hire-feed/about/;Dados e Analytics;(data AND engineer) OR (data AND analyst) OR (bi AND analyst) OR (arquiteto AND de AND dados) OR (data AND architect) OR (database AND administrator) OR (administrador AND de AND banco AND de AND dados) OR dba;hire feed;1.0;LinkedIn (Easy Apply);https://www.linkedin.com/jobs/view/4432254069/;https://www.linkedin.com/jobs/view/4432254069/;Remote;Dados/Analytics;23/06/2026;;;;;Brasil;América do Sul
136;Hire Feed;Data Architect (Remote);Brasil;22/06 12:00;https://www.linkedin.com/jobs/view/4432255251/;https://media.licdn.com/dms/image/v2/D4D0BAQEeII6H9qdObQ/company-logo_100_100/B4DZ3OfC9fHwAQ-/0/1777285738853/hirefeedd_logo?e=1783555200&v=beta&t=RsG2VYLahKzGZRdU20QZ2Z90nwJBD_9soJfR7zTaiL8;Data & Ai > Data Engineering;https://www.linkedin.com/company/hire-feed/about/;Dados e Analytics;(data AND engineer) OR (data AND analyst) OR (bi AND analyst) OR (arquiteto AND de AND dados) OR (data AND architect) OR (database AND administrator) OR (administrador AND de AND banco AND de AND dados) OR dba;hire feed;1.0;LinkedIn (Easy Apply);https://www.linkedin.com/jobs/view/4432255251/;https://www.linkedin.com/jobs/view/4432255251/;Remote;Dados/Analytics;23/06/2026;;;;;Brasil;América do Sul
137;Hire Feed;Data Engineer (Remote);Brasil;22/06 12:00;https://www.linkedin.com/jobs/view/4432252464/;https://media.licdn.com/dms/image/v2/D4D0BAQEeII6H9qdObQ/company-logo_100_100/B4DZ3OfC9fHwAQ-/0/1777285738853/hirefeedd_logo?e=1783555200&v=beta&t=RsG2VYLahKzGZRdU20QZ2Z90nwJBD_9soJfR7zTaiL8;Data & Ai > Data Engineering;https://www.linkedin.com/company/hire-feed/about/;Dados e Analytics;(data AND engineer) OR (data AND analyst) OR (bi AND analyst) OR (arquiteto AND de AND dados) OR (data AND architect) OR (database AND administrator) OR (administrador AND de AND banco AND de AND dados) OR dba;hire feed;1.0;LinkedIn (Easy Apply);https://www.linkedin.com/jobs/view/4432252464/;https://www.linkedin.com/jobs/view/4432252464/;Remote;Dados/Analytics, Engenharia Geral;23/06/2026;;;;;Brasil;América do Sul
138;Hire Feed;Data Engineer (Remote);Brasil;22/06 12:00;https://www.linkedin.com/jobs/view/4432241930/;https://media.licdn.com/dms/image/v2/D4D0BAQEeII6H9qdObQ/company-logo_100_100/B4DZ3OfC9fHwAQ-/0/1777285738853/hirefeedd_logo?e=1783555200&v=beta&t=RsG2VYLahKzGZRdU20QZ2Z90nwJBD_9soJfR7zTaiL8;Data & Ai > Data Engineering;https://www.linkedin.com/company/hire-feed/about/;Dados e Analytics;(data AND engineer) OR (data AND analyst) OR (bi AND analyst) OR (arquiteto AND de AND dados) OR (data AND architect) OR (database AND administrator) OR (administrador AND de AND banco AND de AND dados) OR dba;hire feed;1.0;LinkedIn (Easy Apply);https://www.linkedin.com/jobs/view/4432241930/;https://www.linkedin.com/jobs/view/4432241930/;Remote;Dados/Analytics, Engenharia Geral;23/06/2026;;;;;Brasil;América do Sul
139;Hire Feed;Human Data Engineer (Remote);Brasil;23/06 11:00;https://www.linkedin.com/jobs/view/4432287096/;https://media.licdn.com/dms/image/v2/D4D0BAQEeII6H9qdObQ/company-logo_100_100/B4DZ3OfC9fHwAQ-/0/1777285738853/hirefeedd_logo?e=1783555200&v=beta&t=RsG2VYLahKzGZRdU20QZ2Z90nwJBD_9soJfR7zTaiL8;Data & Ai > Data Engineering;https://www.linkedin.com/company/hire-feed/about/;Dados e Analytics;(data AND engineer) OR (data AND analyst) OR (bi AND analyst) OR (arquiteto AND de AND dados) OR (data AND architect) OR (database AND administrator) OR (administrador AND de AND banco AND de AND dados) OR dba;hire feed;1.0;LinkedIn (Easy Apply);https://www.linkedin.com/jobs/view/4432287096/;https://www.linkedin.com/jobs/view/4432287096/;Remote;Dados/Analytics, Engenharia Geral;23/06/2026;;;;;Brasil;América do Sul
140;Hitss Brasil;Administrador de Banco de Dados - DB2;Osasco (SP);18/06 12:00;https://www.linkedin.com/jobs/view/4427384882/;https://media.licdn.com/dms/image/v2/D4D0BAQHU9akE4trzfQ/company-logo_100_100/company-logo_100_100/0/1737119189689/global_hitss_logo?e=1783555200&v=beta&t=jTb_eS4QC5IGEirT4y_oo4JLv3aCkZAcolYfkkHZq0s;-;https://www.linkedin.com/company/hitss-brasil/about/;Dados e Analytics;(data AND engineer) OR (data AND analyst) OR (bi AND analyst) OR (arquiteto AND de AND dados) OR (data AND architect) OR (database AND administrator) OR (administrador AND de AND banco AND de AND dados) OR dba;hitss brasil;2.0;Gupy;https://www.linkedin.com/jobs/view/4427384882/;https://www.linkedin.com/jobs/view/4427384882/;On-site;Dados/Analytics;23/06/2026;Osasco;São Paulo;SP;Região Sudeste;Brasil;América do Sul
141;INDI Staffing Services;Data Engineer - Remote Work;América Latina;17/06 12:00;https://www.linkedin.com/jobs/view/4429948544/;https://media.licdn.com/dms/image/v2/D560BAQErXjIzfHesyQ/company-logo_100_100/company-logo_100_100/0/1666898446316/indi_staffing_services_logo?e=1783555200&v=beta&t=M1-1Pirmk40IHkvyb_DF2Hi63BsBWCkiJRBdy7ku_ec;Data & Ai > Data Engineering;https://www.linkedin.com/company/indi-staffing-services/about/;Dados e Analytics;(data AND engineer) OR (data AND analyst) OR (bi AND analyst) OR (arquiteto AND de AND dados) OR (data AND architect) OR (database AND administrator) OR (administrador AND de AND banco AND de AND dados) OR dba;indi staffing services;1.0;LinkedIn (Easy Apply);https://www.linkedin.com/jobs/view/4429948544/;https://www.linkedin.com/jobs/view/4429948544/;Remote;Dados/Analytics, Engenharia Geral;23/06/2026;;;;;;América Latina
142;INDI Staffing Services;ETL/Data Engineer - Remote Work;América Latina;17/06 12:00;https://www.linkedin.com/jobs/view/4429955483/;https://media.licdn.com/dms/image/v2/D560BAQErXjIzfHesyQ/company-logo_100_100/company-logo_100_100/0/1666898446316/indi_staffing_services_logo?e=1783555200&v=beta&t=M1-1Pirmk40IHkvyb_DF2Hi63BsBWCkiJRBdy7ku_ec;Advanced > Information Technology;https://www.linkedin.com/company/indi-staffing-services/about/;Dados e Analytics;(data AND engineer) OR (data AND analyst) OR (bi AND analyst) OR (arquiteto AND de AND dados) OR (data AND architect) OR (database AND administrator) OR (administrador AND de AND banco AND de AND dados) OR dba;indi staffing services;1.0;LinkedIn (Easy Apply);https://www.linkedin.com/jobs/view/4429955483/;https://www.linkedin.com/jobs/view/4429955483/;Remote;Dados/Analytics, Engenharia Geral;23/06/2026;;;;;;América Latina
143;INDI Staffing Services;Data Engineer - Remote Work;Guarulhos (SP);17/06 12:00;https://www.linkedin.com/jobs/view/4429949492/;https://media.licdn.com/dms/image/v2/D560BAQErXjIzfHesyQ/company-logo_100_100/company-logo_100_100/0/1666898446316/indi_staffing_services_logo?e=1783555200&v=beta&t=M1-1Pirmk40IHkvyb_DF2Hi63BsBWCkiJRBdy7ku_ec;Data & Ai > Data Engineering;https://www.linkedin.com/company/indi-staffing-services/about/;Dados e Analytics;(data AND engineer) OR (data AND analyst) OR (bi AND analyst) OR (arquiteto AND de AND dados) OR (data AND architect) OR (database AND administrator) OR (administrador AND de AND banco AND de AND dados) OR dba;indi staffing services;1.0;LinkedIn (Easy Apply);https://www.linkedin.com/jobs/view/4429949492/;https://www.linkedin.com/jobs/view/4429949492/;Remote;Dados/Analytics, Engenharia Geral;23/06/2026;Guarulhos;São Paulo;SP;Região Sudeste;Brasil;América do Sul
144;INDI Staffing Services;Data Engineer - Remote Work;SP;17/06 12:00;https://www.linkedin.com/jobs/view/4429959400/;https://media.licdn.com/dms/image/v2/D560BAQErXjIzfHesyQ/company-logo_100_100/company-logo_100_100/0/1666898446316/indi_staffing_services_logo?e=1783555200&v=beta&t=M1-1Pirmk40IHkvyb_DF2Hi63BsBWCkiJRBdy7ku_ec;Data & Ai > Data Engineering;https://www.linkedin.com/company/indi-staffing-services/about/;Dados e Analytics;(data AND engineer) OR (data AND analyst) OR (bi AND analyst) OR (arquiteto AND de AND dados) OR (data AND architect) OR (database AND administrator) OR (administrador AND de AND banco AND de AND dados) OR dba;indi staffing services;1.0;LinkedIn (Easy Apply);https://www.linkedin.com/jobs/view/4429959400/;https://www.linkedin.com/jobs/view/4429959400/;Remote;Dados/Analytics, Engenharia Geral;23/06/2026;;São Paulo;SP;Região Sudeste;Brasil;América do Sul
145;Igreja Universal;DBA de Aplicação;São Paulo (SP);19/06 12:00;https://www.linkedin.com/jobs/view/4430740703/;https://media.licdn.com/dms/image/v2/D4D0BAQFvaL6rVxuFoQ/company-logo_100_100/company-logo_100_100/0/1724341047317/igrejauniversal_logo?e=1783555200&v=beta&t=ejM2QNF6xRkIBcnnunYphVAXFtZ4WcP-DN1VuBPyyTE;-;https://www.linkedin.com/company/igreja-universal/about/;-;(data AND engineer) OR (data AND analyst) OR (bi AND analyst) OR (arquiteto AND de AND dados) OR (data AND architect) OR (database AND administrator) OR (administrador AND de AND banco AND de AND dados) OR dba;igreja universal;1;;https://www.linkedin.com/jobs/view/4430740703/;https://www.linkedin.com/jobs/view/4430740703/;Hybrid;-;23/06/2026;São Paulo;São Paulo;SP;Região Sudeste;Brasil;América do Sul
146;Impelsys;Systems Data Analyst;Brasil;22/06 12:00;https://www.linkedin.com/jobs/view/4426891451/;https://media.licdn.com/dms/image/v2/D560BAQFbIlfU84DtlA/company-logo_100_100/company-logo_100_100/0/1722254992384/impelsys_logo?e=1783555200&v=beta&t=8ENsGLHKyifwEe42_9hXL38wqAYrf1_C33zd9lfaC3c;Data & Ai > Data Engineering;https://www.linkedin.com/company/impelsys/about/;Dados e Analytics;(data AND engineer) OR (data AND analyst) OR (bi AND analyst) OR (arquiteto AND de AND dados) OR (data AND architect) OR (database AND administrator) OR (administrador AND de AND banco AND de AND dados) OR dba;impelsys;1;;https://www.linkedin.com/jobs/view/4426891451/;https://www.linkedin.com/jobs/view/4426891451/;Remote;Dados/Analytics;23/06/2026;;;;;Brasil;América do Sul
147;Indicium AI;Data Engineer (Mid-Level) | Engenheiro de Dados (Pleno);Brasil;22/06 18:00;https://www.linkedin.com/jobs/view/4428793757/;https://media.licdn.com/dms/image/v2/D4E0BAQFnk0qpgEoFHg/company-logo_100_100/B4EZyMrQ9jI4AQ-/0/1771886678132/indicium_ai_logo?e=1783555200&v=beta&t=ruWyqYEAjCPBmdliN3_O5r2rM3V655SgyjG_FS8W2QM;Data & Ai > Data Engineering;https://www.linkedin.com/company/indicium-ai/about/;Dados e Analytics;(data AND engineer) OR (data AND analyst) OR (bi AND analyst) OR (arquiteto AND de AND dados) OR (data AND architect) OR (database AND administrator) OR (administrador AND de AND banco AND de AND dados) OR dba;indicium ai;1.0;Inhire;https://www.linkedin.com/jobs/view/4428793757/;https://www.linkedin.com/jobs/view/4428793757/;Remote;Mid, Dados/Analytics, Engenharia Geral;23/06/2026;;;;;Brasil;América do Sul
148;Indicium AI;Senior Data Engineer | Tech Lead;Brasil;22/06 18:00;https://www.linkedin.com/jobs/view/4429007609/;https://media.licdn.com/dms/image/v2/D4E0BAQFnk0qpgEoFHg/company-logo_100_100/B4EZyMrQ9jI4AQ-/0/1771886678132/indicium_ai_logo?e=1783555200&v=beta&t=ruWyqYEAjCPBmdliN3_O5r2rM3V655SgyjG_FS8W2QM;Data & Ai > Data Engineering;https://www.linkedin.com/company/indicium-ai/about/;Dados e Analytics;(data AND engineer) OR (data AND analyst) OR (bi AND analyst) OR (arquiteto AND de AND dados) OR (data AND architect) OR (database AND administrator) OR (administrador AND de AND banco AND de AND dados) OR dba;indicium ai;1.0;Inhire;https://www.linkedin.com/jobs/view/4429007609/;https://www.linkedin.com/jobs/view/4429007609/;Remote;Senior, Mid, Liderança/Gerência, TI/Tech, Dados/Analytics, Engenharia Geral;23/06/2026;;;;;Brasil;América do Sul
149;Insight Global;Data Engineer;Brasil;17/06 12:00;https://www.linkedin.com/jobs/view/4428495439/;https://media.licdn.com/dms/image/v2/D560BAQEXh1MsUSE84A/company-logo_100_100/B56Z7gEpI_G8AI-/0/1781875775095/insight_global_logo?e=1783555200&v=beta&t=fO2yCOKWtTI5ve0IEHdt3H8BwNOcbHRvyrQ-ADWAhis;Data & Ai > Data Engineering;https://www.linkedin.com/company/insight-global/about/;Dados e Analytics;(data AND engineer) OR (data AND analyst) OR (bi AND analyst) OR (arquiteto AND de AND dados) OR (data AND architect) OR (database AND administrator) OR (administrador AND de AND banco AND de AND dados) OR dba;insight global;1.0;LinkedIn (Easy Apply);https://www.linkedin.com/jobs/view/4428495439/;https://www.linkedin.com/jobs/view/4428495439/;Remote;Dados/Analytics, Engenharia Geral;23/06/2026;;;;;Brasil;América do Sul
150;Intellias;Senior Data Engineer;América Latina;23/06 09:00;https://www.linkedin.com/jobs/view/4432243484/;https://media.licdn.com/dms/image/v2/D4E0BAQGBthWIm_Y4Gw/company-logo_100_100/B4EZ6nPkWSIoAM-/0/1780922336944/intellias_logo?e=1783555200&v=beta&t=iFzOcZmBVBupTjtpa0SUOw4ImzjZ_ZiHVNZlIT65fBU;Data & Ai > Data Engineering;https://www.linkedin.com/company/intellias/about/;Dados e Analytics;(data AND engineer) OR (data AND analyst) OR (bi AND analyst) OR (arquiteto AND de AND dados) OR (data AND architect) OR (database AND administrator) OR (administrador AND de AND banco AND de AND dados) OR dba;intellias;1.0;;https://www.linkedin.com/jobs/view/4432243484/;https://www.linkedin.com/jobs/view/4432243484/;Remote;Senior, Dados/Analytics, Engenharia Geral;23/06/2026;;;;;;América Latina
151;Inter;DATA ANALYST II;Belo Horizonte (MG);19/06 12:00;https://www.linkedin.com/jobs/view/4420462087/;https://media.licdn.com/dms/image/v2/D4D0BAQFTJpEKJy3XsA/company-logo_100_100/B4DZip9S2KHwAQ-/0/1755198075652/inter_logo?e=1783555200&v=beta&t=vYGXez8kh28KN066b1d0h-rCDA3DqC8Sl_ybcnwJZQg;Data & Ai > Data Engineering;https://www.linkedin.com/company/inter/about/;Dados e Analytics;(data AND engineer) OR (data AND analyst) OR (bi AND analyst) OR (arquiteto AND de AND dados) OR (data AND architect) OR (database AND administrator) OR (administrador AND de AND banco AND de AND dados) OR dba;inter;1.0;LinkedIn (Easy Apply);https://www.linkedin.com/jobs/view/4420462087/;https://www.linkedin.com/jobs/view/4420462087/;On-site;Dados/Analytics;23/06/2026;Belo Horizonte;Minas Gerais;MG;Região Sudeste;Brasil;América do Sul
152;Inter;DATA ANALYST II;Belo Horizonte (MG);19/06 12:00;https://www.linkedin.com/jobs/view/4430712355/;https://media.licdn.com/dms/image/v2/D4D0BAQFTJpEKJy3XsA/company-logo_100_100/B4DZip9S2KHwAQ-/0/1755198075652/inter_logo?e=1783555200&v=beta&t=vYGXez8kh28KN066b1d0h-rCDA3DqC8Sl_ybcnwJZQg;Data & Ai > Data Engineering;https://www.linkedin.com/company/inter/about/;Dados e Analytics;(data AND engineer) OR (data AND analyst) OR (bi AND analyst) OR (arquiteto AND de AND dados) OR (data AND architect) OR (database AND administrator) OR (administrador AND de AND banco AND de AND dados) OR dba;inter;1.0;LinkedIn (Easy Apply);https://www.linkedin.com/jobs/view/4430712355/;https://www.linkedin.com/jobs/view/4430712355/;On-site;Dados/Analytics;23/06/2026;Belo Horizonte;Minas Gerais;MG;Região Sudeste;Brasil;América do Sul
153;Inter;DATA ENGINEER I;Belo Horizonte (MG);18/06 12:00;https://www.linkedin.com/jobs/view/4430470469/;https://media.licdn.com/dms/image/v2/D4D0BAQFTJpEKJy3XsA/company-logo_100_100/B4DZip9S2KHwAQ-/0/1755198075652/inter_logo?e=1783555200&v=beta&t=vYGXez8kh28KN066b1d0h-rCDA3DqC8Sl_ybcnwJZQg;Data & Ai > Data Engineering;https://www.linkedin.com/company/inter/about/;Dados e Analytics;(data AND engineer) OR (data AND analyst) OR (bi AND analyst) OR (arquiteto AND de AND dados) OR (data AND architect) OR (database AND administrator) OR (administrador AND de AND banco AND de AND dados) OR dba;inter;1.0;LinkedIn (Easy Apply);https://www.linkedin.com/jobs/view/4430470469/;https://www.linkedin.com/jobs/view/4430470469/;On-site;Dados/Analytics, Engenharia Geral;23/06/2026;Belo Horizonte;Minas Gerais;MG;Região Sudeste;Brasil;América do Sul
154;Inter;DATA ENGINEER SPECIALIST II;Belo Horizonte (MG);19/06 12:00;https://www.linkedin.com/jobs/view/4430719265/;https://media.licdn.com/dms/image/v2/D4D0BAQFTJpEKJy3XsA/company-logo_100_100/B4DZip9S2KHwAQ-/0/1755198075652/inter_logo?e=1783555200&v=beta&t=vYGXez8kh28KN066b1d0h-rCDA3DqC8Sl_ybcnwJZQg;Data & Ai > Data Engineering;https://www.linkedin.com/company/inter/about/;Dados e Analytics;(data AND engineer) OR (data AND analyst) OR (bi AND analyst) OR (arquiteto AND de AND dados) OR (data AND architect) OR (database AND administrator) OR (administrador AND de AND banco AND de AND dados) OR dba;inter;1.0;LinkedIn (Easy Apply);https://www.linkedin.com/jobs/view/4430719265/;https://www.linkedin.com/jobs/view/4430719265/;On-site;Specialist, Dados/Analytics, Engenharia Geral;23/06/2026;Belo Horizonte;Minas Gerais;MG;Região Sudeste;Brasil;América do Sul
155;Inter;DATA ENGINEER SPECIALIST (PySpark);Recife (PE);19/06 12:00;https://www.linkedin.com/jobs/view/4430713338/;https://media.licdn.com/dms/image/v2/D4D0BAQFTJpEKJy3XsA/company-logo_100_100/B4DZip9S2KHwAQ-/0/1755198075652/inter_logo?e=1783555200&v=beta&t=vYGXez8kh28KN066b1d0h-rCDA3DqC8Sl_ybcnwJZQg;Data & Ai > Data Engineering;https://www.linkedin.com/company/inter/about/;Dados e Analytics;(data AND engineer) OR (data AND analyst) OR (bi AND analyst) OR (arquiteto AND de AND dados) OR (data AND architect) OR (database AND administrator) OR (administrador AND de AND banco AND de AND dados) OR dba;inter;1.0;LinkedIn (Easy Apply);https://www.linkedin.com/jobs/view/4430713338/;https://www.linkedin.com/jobs/view/4430713338/;On-site;Specialist, Dados/Analytics, Engenharia Geral;23/06/2026;Recife;Pernambuco;PE;Região Nordeste;Brasil;América do Sul
156;Intersolid Software;Especialista Banco de Dados Oracle - DBA - SP;Brasil;21/06 12:00;https://www.linkedin.com/jobs/view/4428561148/;https://media.licdn.com/dms/image/v2/C4E0BAQF_zl7nJ6fk9Q/company-logo_100_100/company-logo_100_100/0/1639689007529/intersolidsoftware_logo?e=1783555200&v=beta&t=wD5EPKFbGo1Rv75ICCP7TDKQ5i493Nv20ffl26UQeS4;Advanced > Specialist;https://www.linkedin.com/company/intersolid-software/about/;Dados e Analytics;(data AND engineer) OR (data AND analyst) OR (bi AND analyst) OR (arquiteto AND de AND dados) OR (data AND architect) OR (database AND administrator) OR (administrador AND de AND banco AND de AND dados) OR dba;intersolid software;1;;https://www.linkedin.com/jobs/view/4428561148/;https://www.linkedin.com/jobs/view/4428561148/;On-site;Specialist, Dados/Analytics;23/06/2026;;;;;Brasil;América do Sul
157;Involves;Data Engineer I;Brasil;22/06 12:00;https://www.linkedin.com/jobs/view/4430842376/;https://media.licdn.com/dms/image/v2/D4E0BAQERYnG5lj_l_g/company-logo_100_100/company-logo_100_100/0/1666017493013/involves_logo?e=1783555200&v=beta&t=77piW3JbmN_2c8nLrc9-L0LlsASTJ8qqe7k3oHB8Wqg;Data & Ai > Data Engineering;https://www.linkedin.com/company/involves/about/;Dados e Analytics;(data AND engineer) OR (data AND analyst) OR (bi AND analyst) OR (arquiteto AND de AND dados) OR (data AND architect) OR (database AND administrator) OR (administrador AND de AND banco AND de AND dados) OR dba;involves;1;;https://www.linkedin.com/jobs/view/4430842376/;https://www.linkedin.com/jobs/view/4430842376/;Remote;Dados/Analytics, Engenharia Geral;23/06/2026;;;;;Brasil;América do Sul
158;Jobgether;Data Engineer Senior (FICO);Brasil;23/06 11:00;https://www.linkedin.com/jobs/view/4432268730/;https://media.licdn.com/dms/image/v2/D4E0BAQHdx4NngvFyPA/company-logo_100_100/B4EZ5GHh6CHEAU-/0/1779292839822/jobgether_logo?e=1783555200&v=beta&t=ocUqI1HpzK_L1-q6tzGggXO-B8-bgkni7FpZJ0DXNlY;Data & Ai > Data Engineering;https://www.linkedin.com/company/jobgether/about/;Dados e Analytics;(data AND engineer) OR (data AND analyst) OR (bi AND analyst) OR (arquiteto AND de AND dados) OR (data AND architect) OR (database AND administrator) OR (administrador AND de AND banco AND de AND dados) OR dba;jobgether;1.0;LinkedIn (Easy Apply);https://www.linkedin.com/jobs/view/4432268730/;https://www.linkedin.com/jobs/view/4432268730/;Remote;Senior, Dados/Analytics, Engenharia Geral;23/06/2026;;;;;Brasil;América do Sul
159;Jobgether;Data Engineer lll;Brasil;18/06 12:00;https://www.linkedin.com/jobs/view/4429099526/;https://media.licdn.com/dms/image/v2/D4E0BAQHdx4NngvFyPA/company-logo_100_100/B4EZ5GHh6CHEAU-/0/1779292839822/jobgether_logo?e=1783555200&v=beta&t=ocUqI1HpzK_L1-q6tzGggXO-B8-bgkni7FpZJ0DXNlY;Data & Ai > Data Engineering;https://www.linkedin.com/company/jobgether/about/;Dados e Analytics;(data AND engineer) OR (data AND analyst) OR (bi AND analyst) OR (arquiteto AND de AND dados) OR (data AND architect) OR (database AND administrator) OR (administrador AND de AND banco AND de AND dados) OR dba;jobgether;1.0;LinkedIn (Easy Apply);https://www.linkedin.com/jobs/view/4429099526/;https://www.linkedin.com/jobs/view/4429099526/;Remote;Dados/Analytics, Engenharia Geral;23/06/2026;;;;;Brasil;América do Sul
160;Jobgether;Lead Data Engineer;Brasil;18/06 12:00;https://www.linkedin.com/jobs/view/4429313314/;https://media.licdn.com/dms/image/v2/D4E0BAQHdx4NngvFyPA/company-logo_100_100/B4EZ5GHh6CHEAU-/0/1779292839822/jobgether_logo?e=1783555200&v=beta&t=ocUqI1HpzK_L1-q6tzGggXO-B8-bgkni7FpZJ0DXNlY;Data & Ai > Data Engineering;https://www.linkedin.com/company/jobgether/about/;Dados e Analytics;(data AND engineer) OR (data AND analyst) OR (bi AND analyst) OR (arquiteto AND de AND dados) OR (data AND architect) OR (database AND administrator) OR (administrador AND de AND banco AND de AND dados) OR dba;jobgether;1.0;LinkedIn (Easy Apply);https://www.linkedin.com/jobs/view/4429313314/;https://www.linkedin.com/jobs/view/4429313314/;Remote;Mid, Liderança/Gerência, Dados/Analytics, Engenharia Geral;23/06/2026;;;;;Brasil;América do Sul
161;Jobgether;Middle+ Marketing Data Analyst;Brasil;23/06 09:00;https://www.linkedin.com/jobs/view/4432232699/;https://media.licdn.com/dms/image/v2/D4E0BAQHdx4NngvFyPA/company-logo_100_100/B4EZ5GHh6CHEAU-/0/1779292839822/jobgether_logo?e=1783555200&v=beta&t=ocUqI1HpzK_L1-q6tzGggXO-B8-bgkni7FpZJ0DXNlY;Data & Ai > Data Engineering;https://www.linkedin.com/company/jobgether/about/;Dados e Analytics;(data AND engineer) OR (data AND analyst) OR (bi AND analyst) OR (arquiteto AND de AND dados) OR (data AND architect) OR (database AND administrator) OR (administrador AND de AND banco AND de AND dados) OR dba;jobgether;1.0;LinkedIn (Easy Apply);https://www.linkedin.com/jobs/view/4432232699/;https://www.linkedin.com/jobs/view/4432232699/;Remote;Mid, Dados/Analytics, Marketing/Mídia;23/06/2026;;;;;Brasil;América do Sul
162;Jobgether;Power BI Data Analyst | Senior;Brasil;23/06 05:00;https://www.linkedin.com/jobs/view/4432086916/;https://media.licdn.com/dms/image/v2/D4E0BAQHdx4NngvFyPA/company-logo_100_100/B4EZ5GHh6CHEAU-/0/1779292839822/jobgether_logo?e=1783555200&v=beta&t=ocUqI1HpzK_L1-q6tzGggXO-B8-bgkni7FpZJ0DXNlY;Data & Ai > Data Engineering;https://www.linkedin.com/company/jobgether/about/;Dados e Analytics;(data AND engineer) OR (data AND analyst) OR (bi AND analyst) OR (arquiteto AND de AND dados) OR (data AND architect) OR (database AND administrator) OR (administrador AND de AND banco AND de AND dados) OR dba;jobgether;1.0;LinkedIn (Easy Apply);https://www.linkedin.com/jobs/view/4432086916/;https://www.linkedin.com/jobs/view/4432086916/;Remote;Senior, Dados/Analytics;23/06/2026;;;;;Brasil;América do Sul
163;Jobgether;Principal Data Engineer;Brasil;18/06 12:00;https://www.linkedin.com/jobs/view/4428796287/;https://media.licdn.com/dms/image/v2/D4E0BAQHdx4NngvFyPA/company-logo_100_100/B4EZ5GHh6CHEAU-/0/1779292839822/jobgether_logo?e=1783555200&v=beta&t=ocUqI1HpzK_L1-q6tzGggXO-B8-bgkni7FpZJ0DXNlY;Data & Ai > Data Engineering;https://www.linkedin.com/company/jobgether/about/;Dados e Analytics;(data AND engineer) OR (data AND analyst) OR (bi AND analyst) OR (arquiteto AND de AND dados) OR (data AND architect) OR (database AND administrator) OR (administrador AND de AND banco AND de AND dados) OR dba;jobgether;1.0;LinkedIn (Easy Apply);https://www.linkedin.com/jobs/view/4428796287/;https://www.linkedin.com/jobs/view/4428796287/;Remote;Dados/Analytics, Engenharia Geral;23/06/2026;;;;;Brasil;América do Sul
164;Jobgether;Principal Data Engineer - English Required;Brasil;18/06 12:00;https://www.linkedin.com/jobs/view/4429096606/;https://media.licdn.com/dms/image/v2/D4E0BAQHdx4NngvFyPA/company-logo_100_100/B4EZ5GHh6CHEAU-/0/1779292839822/jobgether_logo?e=1783555200&v=beta&t=ocUqI1HpzK_L1-q6tzGggXO-B8-bgkni7FpZJ0DXNlY;Data & Ai > Data Engineering;https://www.linkedin.com/company/jobgether/about/;Dados e Analytics;(data AND engineer) OR (data AND analyst) OR (bi AND analyst) OR (arquiteto AND de AND dados) OR (data AND architect) OR (database AND administrator) OR (administrador AND de AND banco AND de AND dados) OR dba;jobgether;1.0;LinkedIn (Easy Apply);https://www.linkedin.com/jobs/view/4429096606/;https://www.linkedin.com/jobs/view/4429096606/;Remote;Dados/Analytics, Engenharia Geral;23/06/2026;;;;;Brasil;América do Sul
165;Jobgether;Python Data Engineer | Pleno;Brasil;23/06 11:00;https://www.linkedin.com/jobs/view/4432272537/;https://media.licdn.com/dms/image/v2/D4E0BAQHdx4NngvFyPA/company-logo_100_100/B4EZ5GHh6CHEAU-/0/1779292839822/jobgether_logo?e=1783555200&v=beta&t=ocUqI1HpzK_L1-q6tzGggXO-B8-bgkni7FpZJ0DXNlY;Data & Ai > Data Engineering;https://www.linkedin.com/company/jobgether/about/;Dados e Analytics;(data AND engineer) OR (data AND analyst) OR (bi AND analyst) OR (arquiteto AND de AND dados) OR (data AND architect) OR (database AND administrator) OR (administrador AND de AND banco AND de AND dados) OR dba;jobgether;1.0;LinkedIn (Easy Apply);https://www.linkedin.com/jobs/view/4432272537/;https://www.linkedin.com/jobs/view/4432272537/;Remote;Mid, Dados/Analytics, Engenharia Geral;23/06/2026;;;;;Brasil;América do Sul
166;John Deere;SR Data Engineer - Indaiatuba/SP;Indaiatuba (SP);17/06 12:00;https://www.linkedin.com/jobs/view/4408686959/;https://media.licdn.com/dms/image/v2/D560BAQE-28uQ6kKubA/company-logo_100_100/B56ZzSzjoeGQAQ-/0/1773063256957/john_deere_logo?e=1783555200&v=beta&t=VaHy9mth2uD3eKkT4mdLB6VC8Q7Q86WJdZMxTt58jpg;Data & Ai > Data Engineering;https://www.linkedin.com/company/john-deere/about/;Dados e Analytics;(data AND engineer) OR (data AND analyst) OR (bi AND analyst) OR (arquiteto AND de AND dados) OR (data AND architect) OR (database AND administrator) OR (administrador AND de AND banco AND de AND dados) OR dba;john deere;3.0;;https://www.linkedin.com/jobs/view/4408686959/;https://www.linkedin.com/jobs/view/4408686959/;On-site;Senior, Dados/Analytics, Engenharia Geral;23/06/2026;Indaiatuba;São Paulo;SP;Região Sudeste;Brasil;América do Sul
167;Keyrus;Data Engineer GCP JR/PL/SR;São Paulo (SP);23/06 08:00;https://www.linkedin.com/jobs/view/4360501708/;https://media.licdn.com/dms/image/v2/D4E0BAQFtMePGBVzHBw/company-logo_100_100/B4EZ7KQsSXKoAI-/0/1781509834309/keyrus_logo?e=1783555200&v=beta&t=IDGTHy9Kf9O2QaKR1T00PFzMfmzarraM0aWyAKpz7Lk;Data & Ai > Data Engineering;https://www.linkedin.com/company/keyrus/about/;Dados e Analytics;(data AND engineer) OR (data AND analyst) OR (bi AND analyst) OR (arquiteto AND de AND dados) OR (data AND architect) OR (database AND administrator) OR (administrador AND de AND banco AND de AND dados) OR dba;keyrus;3.0;jobs.keyrus.com.br;https://www.linkedin.com/jobs/view/4360501708/;https://www.linkedin.com/jobs/view/4360501708/;On-site;Senior, Mid, Junior, Cloud (AWS/GCP/Azure), Dados/Analytics, Engenharia Geral;23/06/2026;São Paulo;São Paulo;SP;Região Sudeste;Brasil;América do Sul
168;Keyrus;Senior Data Engineer Azure;São Paulo (SP);23/06 08:00;https://www.linkedin.com/jobs/view/4423283268/;https://media.licdn.com/dms/image/v2/D4E0BAQFtMePGBVzHBw/company-logo_100_100/B4EZ7KQsSXKoAI-/0/1781509834309/keyrus_logo?e=1783555200&v=beta&t=IDGTHy9Kf9O2QaKR1T00PFzMfmzarraM0aWyAKpz7Lk;Data & Ai > Data Engineering;https://www.linkedin.com/company/keyrus/about/;Dados e Analytics;(data AND engineer) OR (data AND analyst) OR (bi AND analyst) OR (arquiteto AND de AND dados) OR (data AND architect) OR (database AND administrator) OR (administrador AND de AND banco AND de AND dados) OR dba;keyrus;3.0;jobs.keyrus.com.br;https://www.linkedin.com/jobs/view/4423283268/;https://www.linkedin.com/jobs/view/4423283268/;Hybrid;Senior, Cloud (AWS/GCP/Azure), Dados/Analytics, Engenharia Geral;23/06/2026;São Paulo;São Paulo;SP;Região Sudeste;Brasil;América do Sul
169;Kraken;Senior Data Engineer - AI Infrastructure;Brasil;23/06 11:00;https://www.linkedin.com/jobs/view/4432284341/;https://media.licdn.com/dms/image/v2/D4E0BAQFm8yg0gGJN1A/company-logo_100_100/company-logo_100_100/0/1697458897774/krakenfx_logo?e=1783555200&v=beta&t=axtyZM1ONYc-BLnpr4cQrAgTtOgHGAWPjg8gw6FxO48;Data & Ai > Data Engineering;https://www.linkedin.com/company/kraken/about/;Dados e Analytics;(data AND engineer) OR (data AND analyst) OR (bi AND analyst) OR (arquiteto AND de AND dados) OR (data AND architect) OR (database AND administrator) OR (administrador AND de AND banco AND de AND dados) OR dba;kraken;1.0;jobs.ashbyhq.com;https://www.linkedin.com/jobs/view/4432284341/;https://www.linkedin.com/jobs/view/4432284341/;Remote;Inteligência Artificial, Senior, Dados/Analytics, Engenharia Geral;23/06/2026;;;;;Brasil;América do Sul
170;Kraken;Senior Data Engineer - Agents Systems;Brasil;22/06 12:00;https://www.linkedin.com/jobs/view/4432284340/;https://media.licdn.com/dms/image/v2/D4E0BAQFm8yg0gGJN1A/company-logo_100_100/company-logo_100_100/0/1697458897774/krakenfx_logo?e=1783555200&v=beta&t=axtyZM1ONYc-BLnpr4cQrAgTtOgHGAWPjg8gw6FxO48;Data & Ai > Data Engineering;https://www.linkedin.com/company/kraken/about/;Dados e Analytics;(data AND engineer) OR (data AND analyst) OR (bi AND analyst) OR (arquiteto AND de AND dados) OR (data AND architect) OR (database AND administrator) OR (administrador AND de AND banco AND de AND dados) OR dba;kraken;1.0;jobs.ashbyhq.com;https://www.linkedin.com/jobs/view/4432284340/;https://www.linkedin.com/jobs/view/4432284340/;Remote;Senior, Dados/Analytics, Engenharia Geral;23/06/2026;;;;;Brasil;América do Sul
171;LaTeam Partners;Data Engineer;América Latina;17/06 12:00;https://www.linkedin.com/jobs/view/4429549177/;https://media.licdn.com/dms/image/v2/D4E0BAQE8AqdiVRb-vQ/company-logo_100_100/B4EZ5LbsuTJ0AM-/0/1779382013204/lateam_partners_logo?e=1783555200&v=beta&t=m6JTxgfdU03gYY-oZJ-rmmEVwbhzb-Rkqv-ziLIJHcc;Data & Ai > Data Engineering;https://www.linkedin.com/company/lateam-partners/about/;Dados e Analytics;(data AND engineer) OR (data AND analyst) OR (bi AND analyst) OR (arquiteto AND de AND dados) OR (data AND architect) OR (database AND administrator) OR (administrador AND de AND banco AND de AND dados) OR dba;lateam partners;1.0;LinkedIn (Easy Apply);https://www.linkedin.com/jobs/view/4429549177/;https://www.linkedin.com/jobs/view/4429549177/;Remote;Dados/Analytics, Engenharia Geral;23/06/2026;;;;;;América Latina
172;Lumenalta;Data Engineer - Databricks AWS;América Latina;22/06 12:00;https://www.linkedin.com/jobs/view/4431388945/;https://media.licdn.com/dms/image/v2/D560BAQFOZYFmxUdIyg/company-logo_100_100/company-logo_100_100/0/1707249469550/clevertech_logo?e=1783555200&v=beta&t=6QnVLxoYiYds1IigDUbpNULMJTdM5b7RpT0yP79_ZqY;Data & Ai > Data Engineering;https://www.linkedin.com/company/lumenalta/about/;Dados e Analytics;(data AND engineer) OR (data AND analyst) OR (bi AND analyst) OR (arquiteto AND de AND dados) OR (data AND architect) OR (database AND administrator) OR (administrador AND de AND banco AND de AND dados) OR dba;lumenalta;3.0;;https://www.linkedin.com/jobs/view/4431388945/;https://www.linkedin.com/jobs/view/4431388945/;Remote;Cloud (AWS/GCP/Azure), Dados/Analytics, Engenharia Geral;23/06/2026;;;;;;América Latina
173;Lumenalta;Lead Data Engineer - Databricks (Remote);América Latina;22/06 12:00;https://www.linkedin.com/jobs/view/4431613009/;https://media.licdn.com/dms/image/v2/D560BAQFOZYFmxUdIyg/company-logo_100_100/company-logo_100_100/0/1707249469550/clevertech_logo?e=1783555200&v=beta&t=6QnVLxoYiYds1IigDUbpNULMJTdM5b7RpT0yP79_ZqY;Data & Ai > Data Engineering;https://www.linkedin.com/company/lumenalta/about/;Dados e Analytics;(data AND engineer) OR (data AND analyst) OR (bi AND analyst) OR (arquiteto AND de AND dados) OR (data AND architect) OR (database AND administrator) OR (administrador AND de AND banco AND de AND dados) OR dba;lumenalta;3.0;;https://www.linkedin.com/jobs/view/4431613009/;https://www.linkedin.com/jobs/view/4431613009/;Remote;Mid, Liderança/Gerência, Dados/Analytics, Engenharia Geral;23/06/2026;;;;;;América Latina
174;Luxoft;Lead Data Engineer / Data Architect;SP;18/06 12:00;https://www.linkedin.com/jobs/view/4430138951/;https://media.licdn.com/dms/image/v2/D560BAQGXg4uCDPdcXg/company-logo_100_100/B56ZtGvJgYIEAU-/0/1766418324735/luxoft_logo?e=1783555200&v=beta&t=zuIFPJ66OF36oXC62mwWlgEWDXzCCLTAeOtPW8w2FyA;Data & Ai > Data Engineering;https://www.linkedin.com/company/luxoft/about/;Dados e Analytics;(data AND engineer) OR (data AND analyst) OR (bi AND analyst) OR (arquiteto AND de AND dados) OR (data AND architect) OR (database AND administrator) OR (administrador AND de AND banco AND de AND dados) OR dba;luxoft;1.0;;https://www.linkedin.com/jobs/view/4430138951/;https://www.linkedin.com/jobs/view/4430138951/;Remote;Mid, Liderança/Gerência, Dados/Analytics, Engenharia Geral;23/06/2026;;São Paulo;SP;Região Sudeste;Brasil;América do Sul
175;Luxury Presence;Sr. Data Engineer - LATAM (Remote);América Latina;20/06 12:00;https://www.linkedin.com/jobs/view/4401801035/;https://media.licdn.com/dms/image/v2/C560BAQEv9eTo6golbw/company-logo_100_100/company-logo_100_100/0/1655397407777/luxurypresence_logo?e=1783555200&v=beta&t=vQQZ4yQ4a9RIz80QYR_8LVbx3I5wm09xALgag1nm2Lg;Data & Ai > Data Engineering;https://www.linkedin.com/company/luxury-presence/about/;Dados e Analytics;(data AND engineer) OR (data AND analyst) OR (bi AND analyst) OR (arquiteto AND de AND dados) OR (data AND architect) OR (database AND administrator) OR (administrador AND de AND banco AND de AND dados) OR dba;luxury presence;1;;https://www.linkedin.com/jobs/view/4401801035/;https://www.linkedin.com/jobs/view/4401801035/;Remote;Senior, Dados/Analytics, Engenharia Geral;23/06/2026;;;;;;América Latina
176;Luxury Presence;Staff Data Engineer - LATAM (Remote);América Latina;21/06 12:00;https://www.linkedin.com/jobs/view/4390993090/;https://media.licdn.com/dms/image/v2/C560BAQEv9eTo6golbw/company-logo_100_100/company-logo_100_100/0/1655397407777/luxurypresence_logo?e=1783555200&v=beta&t=vQQZ4yQ4a9RIz80QYR_8LVbx3I5wm09xALgag1nm2Lg;Data & Ai > Data Engineering;https://www.linkedin.com/company/luxury-presence/about/;Dados e Analytics;(data AND engineer) OR (data AND analyst) OR (bi AND analyst) OR (arquiteto AND de AND dados) OR (data AND architect) OR (database AND administrator) OR (administrador AND de AND banco AND de AND dados) OR dba;luxury presence;1;;https://www.linkedin.com/jobs/view/4390993090/;https://www.linkedin.com/jobs/view/4390993090/;Remote;Dados/Analytics, Engenharia Geral;23/06/2026;;;;;;América Latina
177;Meta;Arquiteto de Dados Corporativo - Data Mesh e Hub & Spoke;São Paulo (SP);19/06 12:00;https://www.linkedin.com/jobs/view/4427866434/;https://media.licdn.com/dms/image/v2/C4D0BAQHXTqaueX7X5A/company-logo_100_100/company-logo_100_100/0/1675356313243/metaoficial_logo?e=1783555200&v=beta&t=MRUcfqAGh34Rn_lr9eRk4FyawVP7epqn5w70HQXIR54;Data & Ai > Data Engineering;https://www.linkedin.com/company/meta/about/;Dados e Analytics;(data AND engineer) OR (data AND analyst) OR (bi AND analyst) OR (arquiteto AND de AND dados) OR (data AND architect) OR (database AND administrator) OR (administrador AND de AND banco AND de AND dados) OR dba;meta;2.0;recrut.ai;https://www.linkedin.com/jobs/view/4427866434/;https://www.linkedin.com/jobs/view/4427866434/;Hybrid;Dados/Analytics;23/06/2026;São Paulo;São Paulo;SP;Região Sudeste;Brasil;América do Sul
178;Montreal Oficial;Administrador de Banco de Dados Sênior;Taboão da Serra (SP);20/06 12:00;https://www.linkedin.com/jobs/view/4428535264/;https://media.licdn.com/dms/image/v2/D4D0BAQF5_1b1qz6tnA/company-logo_100_100/B4DZpZnuxjIEAQ-/0/1762440179522/somosmontreal_logo?e=1783555200&v=beta&t=Y11xcx7VbNYwqIEk-RxLbQ4jvRjhxXKnpnG8t2jiQ-I;-;https://www.linkedin.com/company/montreal-oficial/about/;Dados e Analytics;(data AND engineer) OR (data AND analyst) OR (bi AND analyst) OR (arquiteto AND de AND dados) OR (data AND architect) OR (database AND administrator) OR (administrador AND de AND banco AND de AND dados) OR dba;montreal oficial;1.0;Gupy;https://www.linkedin.com/jobs/view/4428535264/;https://www.linkedin.com/jobs/view/4428535264/;On-site;Senior, Dados/Analytics;23/06/2026;Taboão da Serra;São Paulo;SP;Região Sudeste;Brasil;América do Sul
179;NEORIS;Data Engineer (Databricks / Azure);SP;22/06 12:00;https://www.linkedin.com/jobs/view/4432279577/;https://media.licdn.com/dms/image/v2/D4D0BAQGbMzFZiYHxoQ/company-logo_100_100/B4DZnE7F4tKsAQ-/0/1759945450079/epamneoris_logo?e=1783555200&v=beta&t=ypsdw4pHKjPvNx3W6ZzZP1NY6_ZnW_m6UP0nfq4imQg;Data & Ai > Data Engineering;https://www.linkedin.com/company/neoris/about/;Dados e Analytics;(data AND engineer) OR (data AND analyst) OR (bi AND analyst) OR (arquiteto AND de AND dados) OR (data AND architect) OR (database AND administrator) OR (administrador AND de AND banco AND de AND dados) OR dba;neoris;1.0;Greenhouse;https://www.linkedin.com/jobs/view/4432279577/;https://www.linkedin.com/jobs/view/4432279577/;On-site;Cloud (AWS/GCP/Azure), Dados/Analytics, Engenharia Geral;23/06/2026;;São Paulo;SP;Região Sudeste;Brasil;América do Sul
180;NEXTI;DBA JR;Brasil;17/06 12:00;https://www.linkedin.com/jobs/view/4427367152/;https://media.licdn.com/dms/image/v2/C4E0BAQGXNCTCaqm_hw/company-logo_100_100/company-logo_100_100/0/1630592242190/nexti_gesto_on_line_logo?e=1783555200&v=beta&t=oxz-89pHb4kKQz97mIAfeSWrbpEHdsRDpeYiNmWuzUQ;-;https://www.linkedin.com/company/nexti/about/;Software e Serviços de TI;(data AND engineer) OR (data AND analyst) OR (bi AND analyst) OR (arquiteto AND de AND dados) OR (data AND architect) OR (database AND administrator) OR (administrador AND de AND banco AND de AND dados) OR dba;nexti;1.0;people.talentbrand.com.br;https://www.linkedin.com/jobs/view/4427367152/;https://www.linkedin.com/jobs/view/4427367152/;Remote;Junior;23/06/2026;;;;;Brasil;América do Sul
181;NEXTI;Administrador de Banco de Dados (DBA) JR;São José (SC);18/06 12:00;https://www.linkedin.com/jobs/view/4428750557/;https://media.licdn.com/dms/image/v2/C4E0BAQGXNCTCaqm_hw/company-logo_100_100/company-logo_100_100/0/1630592242190/nexti_gesto_on_line_logo?e=1783555200&v=beta&t=oxz-89pHb4kKQz97mIAfeSWrbpEHdsRDpeYiNmWuzUQ;-;https://www.linkedin.com/company/nexti/about/;Dados e Analytics;(data AND engineer) OR (data AND analyst) OR (bi AND analyst) OR (arquiteto AND de AND dados) OR (data AND architect) OR (database AND administrator) OR (administrador AND de AND banco AND de AND dados) OR dba;nexti;1.0;people.talentbrand.com.br;https://www.linkedin.com/jobs/view/4428750557/;https://www.linkedin.com/jobs/view/4428750557/;Remote;Junior, Dados/Analytics;23/06/2026;São José;Santa Catarina;SC;Região Sul;Brasil;América do Sul
182;Nelogica;Administrador de Banco de Dados | SQL Server;Porto Alegre (RS);19/06 12:00;https://www.linkedin.com/jobs/view/4428253362/;https://media.licdn.com/dms/image/v2/D4D0BAQF73mSEIl5NQQ/company-logo_100_100/company-logo_100_100/0/1736356363849/nelogica_logo?e=1783555200&v=beta&t=VvH-irYkUWhJtAEUgmUpzV6rg1MWr0tKy5dkvGdHfDE;-;https://www.linkedin.com/company/nelogica/about/;Dados e Analytics;(data AND engineer) OR (data AND analyst) OR (bi AND analyst) OR (arquiteto AND de AND dados) OR (data AND architect) OR (database AND administrator) OR (administrador AND de AND banco AND de AND dados) OR dba;nelogica;1.0;;https://www.linkedin.com/jobs/view/4428253362/;https://www.linkedin.com/jobs/view/4428253362/;On-site;Dados/Analytics;23/06/2026;Porto Alegre;Rio Grande do Sul;RS;Região Sul;Brasil;América do Sul
183;Net2Source (N2S);Data Engineer lll;Brasil;17/06 12:00;https://www.linkedin.com/jobs/view/4429571749/;https://media.licdn.com/dms/image/v2/D4E0BAQEsQYyJlXOV7Q/company-logo_100_100/B4EZ6X5.9vKkAI-/0/1780665020561/n2s_global_logo?e=1783555200&v=beta&t=tRBOSsqG8u6a43HGA-5J3AXz0ejAwQt3E7xPfbvqXQM;Data & Ai > Data Engineering;https://www.linkedin.com/company/net2source-n2s/about/;Dados e Analytics;(data AND engineer) OR (data AND analyst) OR (bi AND analyst) OR (arquiteto AND de AND dados) OR (data AND architect) OR (database AND administrator) OR (administrador AND de AND banco AND de AND dados) OR dba;net2source (n2s);1.0;;https://www.linkedin.com/jobs/view/4429571749/;https://www.linkedin.com/jobs/view/4429571749/;Remote;Dados/Analytics, Engenharia Geral;23/06/2026;;;;;Brasil;América do Sul
184;Nortal;Data Architect - Work from home - Talent Connection;Grande Brasilia;22/06 13:00;https://www.linkedin.com/jobs/view/4430558698/;https://media.licdn.com/dms/image/v2/D4D0BAQHyq-uNAAkbDw/company-logo_100_100/company-logo_100_100/0/1719836810206/nortal_logo?e=1783555200&v=beta&t=eu8uXU7Y5RbXa78sdNEZP8vDvwGEAaJa1hJP1K5tAqQ;Data & Ai > Data Engineering;https://www.linkedin.com/company/nortal/about/;Dados e Analytics;(data AND engineer) OR (data AND analyst) OR (bi AND analyst) OR (arquiteto AND de AND dados) OR (data AND architect) OR (database AND administrator) OR (administrador AND de AND banco AND de AND dados) OR dba;nortal;1.0;Greenhouse;https://www.linkedin.com/jobs/view/4430558698/;https://www.linkedin.com/jobs/view/4430558698/;Remote;Dados/Analytics;23/06/2026;;Paraná;PR;Região Sul;Brasil;América do Sul
185;Nortal;DBA Specialist - Work from home;Grande Curitiba (PR);22/06 13:00;https://www.linkedin.com/jobs/view/4430568763/;https://media.licdn.com/dms/image/v2/D4D0BAQHyq-uNAAkbDw/company-logo_100_100/company-logo_100_100/0/1719836810206/nortal_logo?e=1783555200&v=beta&t=eu8uXU7Y5RbXa78sdNEZP8vDvwGEAaJa1hJP1K5tAqQ;Advanced > Specialist;https://www.linkedin.com/company/nortal/about/;-;(data AND engineer) OR (data AND analyst) OR (bi AND analyst) OR (arquiteto AND de AND dados) OR (data AND architect) OR (database AND administrator) OR (administrador AND de AND banco AND de AND dados) OR dba;nortal;1.0;Greenhouse;https://www.linkedin.com/jobs/view/4430568763/;https://www.linkedin.com/jobs/view/4430568763/;Remote;Specialist;23/06/2026;;Paraná;PR;Região Sul;Brasil;América do Sul
186;Nortal;Data Engineer - Work from home - Talent Connection;Grande Porto Alegre (RS);22/06 13:00;https://www.linkedin.com/jobs/view/4430557795/;https://media.licdn.com/dms/image/v2/D4D0BAQHyq-uNAAkbDw/company-logo_100_100/company-logo_100_100/0/1719836810206/nortal_logo?e=1783555200&v=beta&t=eu8uXU7Y5RbXa78sdNEZP8vDvwGEAaJa1hJP1K5tAqQ;Data & Ai > Data Engineering;https://www.linkedin.com/company/nortal/about/;Dados e Analytics;(data AND engineer) OR (data AND analyst) OR (bi AND analyst) OR (arquiteto AND de AND dados) OR (data AND architect) OR (database AND administrator) OR (administrador AND de AND banco AND de AND dados) OR dba;nortal;1.0;Greenhouse;https://www.linkedin.com/jobs/view/4430557795/;https://www.linkedin.com/jobs/view/4430557795/;Remote;Dados/Analytics, Engenharia Geral;23/06/2026;;Rio Grande do Sul;RS;Região Sul;Brasil;América do Sul
187;Nortal;Data Architect - Work from home - Talent Connection;Grande Rio de Janeiro (RJ);22/06 13:00;https://www.linkedin.com/jobs/view/4430557782/;https://media.licdn.com/dms/image/v2/D4D0BAQHyq-uNAAkbDw/company-logo_100_100/company-logo_100_100/0/1719836810206/nortal_logo?e=1783555200&v=beta&t=eu8uXU7Y5RbXa78sdNEZP8vDvwGEAaJa1hJP1K5tAqQ;Data & Ai > Data Engineering;https://www.linkedin.com/company/nortal/about/;Dados e Analytics;(data AND engineer) OR (data AND analyst) OR (bi AND analyst) OR (arquiteto AND de AND dados) OR (data AND architect) OR (database AND administrator) OR (administrador AND de AND banco AND de AND dados) OR dba;nortal;1.0;Greenhouse;https://www.linkedin.com/jobs/view/4430557782/;https://www.linkedin.com/jobs/view/4430557782/;Remote;Dados/Analytics;23/06/2026;;Rio de Janeiro;RJ;Região Sudeste;Brasil;América do Sul
188;Nortal;Data Engineer - Work from home - Talent Connection;Grande Rio de Janeiro (RJ);22/06 13:00;https://www.linkedin.com/jobs/view/4430561794/;https://media.licdn.com/dms/image/v2/D4D0BAQHyq-uNAAkbDw/company-logo_100_100/company-logo_100_100/0/1719836810206/nortal_logo?e=1783555200&v=beta&t=eu8uXU7Y5RbXa78sdNEZP8vDvwGEAaJa1hJP1K5tAqQ;Data & Ai > Data Engineering;https://www.linkedin.com/company/nortal/about/;Dados e Analytics;(data AND engineer) OR (data AND analyst) OR (bi AND analyst) OR (arquiteto AND de AND dados) OR (data AND architect) OR (database AND administrator) OR (administrador AND de AND banco AND de AND dados) OR dba;nortal;1.0;Greenhouse;https://www.linkedin.com/jobs/view/4430561794/;https://www.linkedin.com/jobs/view/4430561794/;Remote;Dados/Analytics, Engenharia Geral;23/06/2026;;Rio de Janeiro;RJ;Região Sudeste;Brasil;América do Sul
189;Nortal;DBA Specialist - Work from home;Grande São Paulo (SP) ;22/06 13:00;https://www.linkedin.com/jobs/view/4430568762/;https://media.licdn.com/dms/image/v2/D4D0BAQHyq-uNAAkbDw/company-logo_100_100/company-logo_100_100/0/1719836810206/nortal_logo?e=1783555200&v=beta&t=eu8uXU7Y5RbXa78sdNEZP8vDvwGEAaJa1hJP1K5tAqQ;Advanced > Specialist;https://www.linkedin.com/company/nortal/about/;-;(data AND engineer) OR (data AND analyst) OR (bi AND analyst) OR (arquiteto AND de AND dados) OR (data AND architect) OR (database AND administrator) OR (administrador AND de AND banco AND de AND dados) OR dba;nortal;1.0;Greenhouse;https://www.linkedin.com/jobs/view/4430568762/;https://www.linkedin.com/jobs/view/4430568762/;Remote;Specialist;23/06/2026;;São Paulo;SP;Região Sudeste;Brasil;América do Sul
190;Nortal;RTCDP Data Engineer - Work from home;Grande São Paulo (SP) ;22/06 13:00;https://www.linkedin.com/jobs/view/4430568752/;https://media.licdn.com/dms/image/v2/D4D0BAQHyq-uNAAkbDw/company-logo_100_100/company-logo_100_100/0/1719836810206/nortal_logo?e=1783555200&v=beta&t=eu8uXU7Y5RbXa78sdNEZP8vDvwGEAaJa1hJP1K5tAqQ;Data & Ai > Data Engineering;https://www.linkedin.com/company/nortal/about/;Dados e Analytics;(data AND engineer) OR (data AND analyst) OR (bi AND analyst) OR (arquiteto AND de AND dados) OR (data AND architect) OR (database AND administrator) OR (administrador AND de AND banco AND de AND dados) OR dba;nortal;1.0;Greenhouse;https://www.linkedin.com/jobs/view/4430568752/;https://www.linkedin.com/jobs/view/4430568752/;Remote;Dados/Analytics, Engenharia Geral;23/06/2026;;São Paulo;SP;Região Sudeste;Brasil;América do Sul
191;Oscilar;Data Engineer;Brasil;22/06 21:00;https://www.linkedin.com/jobs/view/4432053113/;https://media.licdn.com/dms/image/v2/D560BAQGFMvMl32gbYA/company-logo_100_100/B56Zk_n9o8HQAQ-/0/1757709065077/oscilar_inc_logo?e=1783555200&v=beta&t=L7Z7zXcDO3ncerKOk96tsb0i1s5tmvwVsru1Ny6zz50;Data & Ai > Data Engineering;https://www.linkedin.com/company/oscilar/about/;Dados e Analytics;(data AND engineer) OR (data AND analyst) OR (bi AND analyst) OR (arquiteto AND de AND dados) OR (data AND architect) OR (database AND administrator) OR (administrador AND de AND banco AND de AND dados) OR dba;oscilar;1.0;jobs.ashbyhq.com;https://www.linkedin.com/jobs/view/4432053113/;https://www.linkedin.com/jobs/view/4432053113/;Remote;Dados/Analytics, Engenharia Geral;23/06/2026;;;;;Brasil;América do Sul
192;PagBank;DBA Sr.;São Paulo (SP);19/06 12:00;https://www.linkedin.com/jobs/view/4409340753/;https://media.licdn.com/dms/image/v2/D4D0BAQFNHYkM6Qxejw/company-logo_100_100/B4DZyexaT9I8AY-/0/1772190279667/pagbank_logo?e=1783555200&v=beta&t=OVq1ZgSJNmwii0DnwKZOxcn3CENmPS2UnlsdHwR_teQ;-;https://www.linkedin.com/company/pagbank/about/;Serviços Financeiros;(data AND engineer) OR (data AND analyst) OR (bi AND analyst) OR (arquiteto AND de AND dados) OR (data AND architect) OR (database AND administrator) OR (administrador AND de AND banco AND de AND dados) OR dba;pagbank;3.0;Gupy;https://www.linkedin.com/jobs/view/4409340753/;https://www.linkedin.com/jobs/view/4409340753/;Hybrid;Senior;23/06/2026;São Paulo;São Paulo;SP;Região Sudeste;Brasil;América do Sul
193;Pie Insurance;Contract Data Engineer (São Paulo, Brazil);SP;19/06 12:00;https://www.linkedin.com/jobs/view/4430486527/;https://media.licdn.com/dms/image/v2/D4E0BAQFzXlyvmJ9KSw/company-logo_100_100/B4EZXKCWSiGwAU-/0/1742851368437/pieinsurance_logo?e=1783555200&v=beta&t=zQ6eFUy_qXcGaudkO73au0xIkFkVO0SaJZ1k8kZ9O0E;Data & Ai > Data Engineering;https://www.linkedin.com/company/pie-insurance/about/;Dados e Analytics;(data AND engineer) OR (data AND analyst) OR (bi AND analyst) OR (arquiteto AND de AND dados) OR (data AND architect) OR (database AND administrator) OR (administrador AND de AND banco AND de AND dados) OR dba;pie insurance;1;;https://www.linkedin.com/jobs/view/4430486527/;https://www.linkedin.com/jobs/view/4430486527/;On-site;Freelance/PJ, Dados/Analytics, Engenharia Geral;23/06/2026;;São Paulo;SP;Região Sudeste;Brasil;América do Sul
194;Q2 Ingressos;DBA Sênior;Franca (SP);22/06 19:00;https://www.linkedin.com/jobs/view/4429417570/;https://media.licdn.com/dms/image/v2/D4D0BAQFu-AKBhc0Tdw/company-logo_100_100/company-logo_100_100/0/1735827590259/q2ingressos_logo?e=1783555200&v=beta&t=lQjWLi_zB37joAA9Xw7caEoCLFVnnKvm0i0otZHXekY;-;https://www.linkedin.com/company/q2-ingressos/about/;-;(data AND engineer) OR (data AND analyst) OR (bi AND analyst) OR (arquiteto AND de AND dados) OR (data AND architect) OR (database AND administrator) OR (administrador AND de AND banco AND de AND dados) OR dba;q2 ingressos;1;;https://www.linkedin.com/jobs/view/4429417570/;https://www.linkedin.com/jobs/view/4429417570/;On-site;Senior;23/06/2026;Franca;São Paulo;SP;Região Sudeste;Brasil;América do Sul
195;QuantumBlack, AI by McKinsey;Data Engineer - QuantumBlack Studio;São Paulo (SP);17/06 12:00;https://www.linkedin.com/jobs/view/4429561622/;https://media.licdn.com/dms/image/v2/C560BAQG12pQe_GvUbQ/company-logo_100_100/company-logo_100_100/0/1651050740774/quantumblack_logo?e=1783555200&v=beta&t=SKR8G8La6KohAD32TYMP51Jlsd92jSeDCRPBoV4aNW0;Data & Ai > Data Engineering;https://www.linkedin.com/company/quantumblack-ai-by-mckinsey/about/;Consultoria e Assessoria;(data AND engineer) OR (data AND analyst) OR (bi AND analyst) OR (arquiteto AND de AND dados) OR (data AND architect) OR (database AND administrator) OR (administrador AND de AND banco AND de AND dados) OR dba;quantumblack, ai by mckinsey;1;;https://www.linkedin.com/jobs/view/4429561622/;https://www.linkedin.com/jobs/view/4429561622/;On-site;Dados/Analytics, Engenharia Geral;23/06/2026;São Paulo;São Paulo;SP;Região Sudeste;Brasil;América do Sul
196;QuantumBlack, AI by McKinsey;Junior Data Engineer - QuantumBlack Studio;São Paulo (SP);17/06 12:00;https://www.linkedin.com/jobs/view/4400654232/;https://media.licdn.com/dms/image/v2/C560BAQG12pQe_GvUbQ/company-logo_100_100/company-logo_100_100/0/1651050740774/quantumblack_logo?e=1783555200&v=beta&t=SKR8G8La6KohAD32TYMP51Jlsd92jSeDCRPBoV4aNW0;Data & Ai > Data Engineering;https://www.linkedin.com/company/quantumblack-ai-by-mckinsey/about/;Consultoria e Assessoria;(data AND engineer) OR (data AND analyst) OR (bi AND analyst) OR (arquiteto AND de AND dados) OR (data AND architect) OR (database AND administrator) OR (administrador AND de AND banco AND de AND dados) OR dba;quantumblack, ai by mckinsey;1;;https://www.linkedin.com/jobs/view/4400654232/;https://www.linkedin.com/jobs/view/4400654232/;On-site;Junior, Dados/Analytics, Engenharia Geral;23/06/2026;São Paulo;São Paulo;SP;Região Sudeste;Brasil;América do Sul
197;QuantumBlack, AI by McKinsey;Principal Data Engineer - QuantumBlack Studio;São Paulo (SP);18/06 12:00;https://www.linkedin.com/jobs/view/4429980798/;https://media.licdn.com/dms/image/v2/C560BAQG12pQe_GvUbQ/company-logo_100_100/company-logo_100_100/0/1651050740774/quantumblack_logo?e=1783555200&v=beta&t=SKR8G8La6KohAD32TYMP51Jlsd92jSeDCRPBoV4aNW0;Data & Ai > Data Engineering;https://www.linkedin.com/company/quantumblack-ai-by-mckinsey/about/;Consultoria e Assessoria;(data AND engineer) OR (data AND analyst) OR (bi AND analyst) OR (arquiteto AND de AND dados) OR (data AND architect) OR (database AND administrator) OR (administrador AND de AND banco AND de AND dados) OR dba;quantumblack, ai by mckinsey;1;;https://www.linkedin.com/jobs/view/4429980798/;https://www.linkedin.com/jobs/view/4429980798/;On-site;Dados/Analytics, Engenharia Geral;23/06/2026;São Paulo;São Paulo;SP;Região Sudeste;Brasil;América do Sul
198;QuantumBlack, AI by McKinsey;Senior Data Engineer - QuantumBlack Studio;São Paulo (SP);17/06 12:00;https://www.linkedin.com/jobs/view/4429551856/;https://media.licdn.com/dms/image/v2/C560BAQG12pQe_GvUbQ/company-logo_100_100/company-logo_100_100/0/1651050740774/quantumblack_logo?e=1783555200&v=beta&t=SKR8G8La6KohAD32TYMP51Jlsd92jSeDCRPBoV4aNW0;Data & Ai > Data Engineering;https://www.linkedin.com/company/quantumblack-ai-by-mckinsey/about/;Consultoria e Assessoria;(data AND engineer) OR (data AND analyst) OR (bi AND analyst) OR (arquiteto AND de AND dados) OR (data AND architect) OR (database AND administrator) OR (administrador AND de AND banco AND de AND dados) OR dba;quantumblack, ai by mckinsey;1;;https://www.linkedin.com/jobs/view/4429551856/;https://www.linkedin.com/jobs/view/4429551856/;On-site;Senior, Dados/Analytics, Engenharia Geral;23/06/2026;São Paulo;São Paulo;SP;Região Sudeste;Brasil;América do Sul
199;Quik Hire Staffing;Data Analyst (Remote);Brasil;23/06 10:00;https://www.linkedin.com/jobs/view/4432239949/;https://media.licdn.com/dms/image/v2/D560BAQFYxxMZnepyAw/company-logo_100_100/B56ZsDhgBgI0AQ-/0/1765290672906/quik_hire_staffing_logo?e=1783555200&v=beta&t=jOzLS6GIuNGEv7jLbswx6ocNvMuTC7nWDLDMLHvp6nQ;Data & Ai > Data Engineering;https://www.linkedin.com/company/quik-hire-staffing/about/;Dados e Analytics;(data AND engineer) OR (data AND analyst) OR (bi AND analyst) OR (arquiteto AND de AND dados) OR (data AND architect) OR (database AND administrator) OR (administrador AND de AND banco AND de AND dados) OR dba;quik hire staffing;1.0;outlier.ai;https://www.linkedin.com/jobs/view/4432239949/;https://www.linkedin.com/jobs/view/4432239949/;Remote;Dados/Analytics;23/06/2026;;;;;Brasil;América do Sul
200;Quik Hire Staffing;Data Analyst (Remote);Brasil;23/06 10:00;https://www.linkedin.com/jobs/view/4432239946/;https://media.licdn.com/dms/image/v2/D560BAQFYxxMZnepyAw/company-logo_100_100/B56ZsDhgBgI0AQ-/0/1765290672906/quik_hire_staffing_logo?e=1783555200&v=beta&t=jOzLS6GIuNGEv7jLbswx6ocNvMuTC7nWDLDMLHvp6nQ;Data & Ai > Data Engineering;https://www.linkedin.com/company/quik-hire-staffing/about/;Dados e Analytics;(data AND engineer) OR (data AND analyst) OR (bi AND analyst) OR (arquiteto AND de AND dados) OR (data AND architect) OR (database AND administrator) OR (administrador AND de AND banco AND de AND dados) OR dba;quik hire staffing;1.0;outlier.ai;https://www.linkedin.com/jobs/view/4432239946/;https://www.linkedin.com/jobs/view/4432239946/;Remote;Dados/Analytics;23/06/2026;;;;;Brasil;América do Sul
201;Quik Hire Staffing;Data Engineer (Remote);Brasil;23/06 11:00;https://www.linkedin.com/jobs/view/4432271144/;https://media.licdn.com/dms/image/v2/D560BAQFYxxMZnepyAw/company-logo_100_100/B56ZsDhgBgI0AQ-/0/1765290672906/quik_hire_staffing_logo?e=1783555200&v=beta&t=jOzLS6GIuNGEv7jLbswx6ocNvMuTC7nWDLDMLHvp6nQ;Data & Ai > Data Engineering;https://www.linkedin.com/company/quik-hire-staffing/about/;Dados e Analytics;(data AND engineer) OR (data AND analyst) OR (bi AND analyst) OR (arquiteto AND de AND dados) OR (data AND architect) OR (database AND administrator) OR (administrador AND de AND banco AND de AND dados) OR dba;quik hire staffing;1.0;outlier.ai;https://www.linkedin.com/jobs/view/4432271144/;https://www.linkedin.com/jobs/view/4432271144/;Remote;Dados/Analytics, Engenharia Geral;23/06/2026;;;;;Brasil;América do Sul
202;Quik Hire Staffing;Data Engineer (Remote);Brasil;23/06 10:00;https://www.linkedin.com/jobs/view/4432259083/;https://media.licdn.com/dms/image/v2/D560BAQFYxxMZnepyAw/company-logo_100_100/B56ZsDhgBgI0AQ-/0/1765290672906/quik_hire_staffing_logo?e=1783555200&v=beta&t=jOzLS6GIuNGEv7jLbswx6ocNvMuTC7nWDLDMLHvp6nQ;Data & Ai > Data Engineering;https://www.linkedin.com/company/quik-hire-staffing/about/;Dados e Analytics;(data AND engineer) OR (data AND analyst) OR (bi AND analyst) OR (arquiteto AND de AND dados) OR (data AND architect) OR (database AND administrator) OR (administrador AND de AND banco AND de AND dados) OR dba;quik hire staffing;1.0;outlier.ai;https://www.linkedin.com/jobs/view/4432259083/;https://www.linkedin.com/jobs/view/4432259083/;Remote;Dados/Analytics, Engenharia Geral;23/06/2026;;;;;Brasil;América do Sul
203;Quik Hire Staffing;Data Engineer (Remote);Brasil;23/06 10:00;https://www.linkedin.com/jobs/view/4432251165/;https://media.licdn.com/dms/image/v2/D560BAQFYxxMZnepyAw/company-logo_100_100/B56ZsDhgBgI0AQ-/0/1765290672906/quik_hire_staffing_logo?e=1783555200&v=beta&t=jOzLS6GIuNGEv7jLbswx6ocNvMuTC7nWDLDMLHvp6nQ;Data & Ai > Data Engineering;https://www.linkedin.com/company/quik-hire-staffing/about/;Dados e Analytics;(data AND engineer) OR (data AND analyst) OR (bi AND analyst) OR (arquiteto AND de AND dados) OR (data AND architect) OR (database AND administrator) OR (administrador AND de AND banco AND de AND dados) OR dba;quik hire staffing;1.0;outlier.ai;https://www.linkedin.com/jobs/view/4432251165/;https://www.linkedin.com/jobs/view/4432251165/;Remote;Dados/Analytics, Engenharia Geral;23/06/2026;;;;;Brasil;América do Sul
204;Quik Hire Staffing;Database Administrator (Remote);Brasil;23/06 10:00;https://www.linkedin.com/jobs/view/4432245891/;https://media.licdn.com/dms/image/v2/D560BAQFYxxMZnepyAw/company-logo_100_100/B56ZsDhgBgI0AQ-/0/1765290672906/quik_hire_staffing_logo?e=1783555200&v=beta&t=jOzLS6GIuNGEv7jLbswx6ocNvMuTC7nWDLDMLHvp6nQ;-;https://www.linkedin.com/company/quik-hire-staffing/about/;Dados e Analytics;(data AND engineer) OR (data AND analyst) OR (bi AND analyst) OR (arquiteto AND de AND dados) OR (data AND architect) OR (database AND administrator) OR (administrador AND de AND banco AND de AND dados) OR dba;quik hire staffing;1.0;outlier.ai;https://www.linkedin.com/jobs/view/4432245891/;https://www.linkedin.com/jobs/view/4432245891/;Remote;-;23/06/2026;;;;;Brasil;América do Sul
205;Quik Hire Staffing;Database Administrator (Remote);Brasil;23/06 10:00;https://www.linkedin.com/jobs/view/4432231985/;https://media.licdn.com/dms/image/v2/D560BAQFYxxMZnepyAw/company-logo_100_100/B56ZsDhgBgI0AQ-/0/1765290672906/quik_hire_staffing_logo?e=1783555200&v=beta&t=jOzLS6GIuNGEv7jLbswx6ocNvMuTC7nWDLDMLHvp6nQ;-;https://www.linkedin.com/company/quik-hire-staffing/about/;Dados e Analytics;(data AND engineer) OR (data AND analyst) OR (bi AND analyst) OR (arquiteto AND de AND dados) OR (data AND architect) OR (database AND administrator) OR (administrador AND de AND banco AND de AND dados) OR dba;quik hire staffing;1.0;outlier.ai;https://www.linkedin.com/jobs/view/4432231985/;https://www.linkedin.com/jobs/view/4432231985/;Remote;-;23/06/2026;;;;;Brasil;América do Sul
206;QuintoAndar;Grupo QuintoAndar | Senior Data Engineer;Brasil;23/06 09:00;https://www.linkedin.com/jobs/view/4422197224/;https://media.licdn.com/dms/image/v2/D560BAQH4xO5MMu06SQ/company-logo_100_100/B56Z6xoMnMIgAI-/0/1781096565434/quintoandar_com_br_logo?e=1783555200&v=beta&t=iI79uycZdblCxXMuiUT6QQNQvkaoNiw6eL6sXyVT338;Data & Ai > Data Engineering;https://www.linkedin.com/company/quintoandar/about/;Dados e Analytics;(data AND engineer) OR (data AND analyst) OR (bi AND analyst) OR (arquiteto AND de AND dados) OR (data AND architect) OR (database AND administrator) OR (administrador AND de AND banco AND de AND dados) OR dba;quintoandar;5.0;;https://www.linkedin.com/jobs/view/4422197224/;https://www.linkedin.com/jobs/view/4422197224/;Remote;Senior, Dados/Analytics, Engenharia Geral;23/06/2026;;;;;Brasil;América do Sul
207;RE Partners;Senior Data Engineer;Brasil;19/06 12:00;https://www.linkedin.com/jobs/view/4429682303/;https://media.licdn.com/dms/image/v2/D560BAQHjUCgCij30rQ/company-logo_100_100/company-logo_100_100/0/1707196309854/re_partners_logo?e=1783555200&v=beta&t=TOI1TfZ-cf_JRVlb_TIflzj932-D6cSK90pUrAMPaFU;Data & Ai > Data Engineering;https://www.linkedin.com/company/re-partners/about/;Dados e Analytics;(data AND engineer) OR (data AND analyst) OR (bi AND analyst) OR (arquiteto AND de AND dados) OR (data AND architect) OR (database AND administrator) OR (administrador AND de AND banco AND de AND dados) OR dba;re partners;1;;https://www.linkedin.com/jobs/view/4429682303/;https://www.linkedin.com/jobs/view/4429682303/;Remote;Senior, Dados/Analytics, Engenharia Geral;23/06/2026;;;;;Brasil;América do Sul
208;Remote Leverage;Data Analyst;América Latina;22/06 12:00;https://www.linkedin.com/jobs/view/4431698972/;https://media.licdn.com/dms/image/v2/D4E0BAQF2iwfYS078vA/company-logo_100_100/B4EZ6y_xwBKYAI-/0/1781119524097/remote_leverage_logo?e=1783555200&v=beta&t=kPTzpxGLyF6dIdaGqIVztzY9F7JArBJLFw0wKXOPdK0;Data & Ai > Data Engineering;https://www.linkedin.com/company/remote-leverage/about/;Dados e Analytics;(data AND engineer) OR (data AND analyst) OR (bi AND analyst) OR (arquiteto AND de AND dados) OR (data AND architect) OR (database AND administrator) OR (administrador AND de AND banco AND de AND dados) OR dba;remote leverage;1.0;Recruit CRM;https://www.linkedin.com/jobs/view/4431698972/;https://www.linkedin.com/jobs/view/4431698972/;Remote;Dados/Analytics;23/06/2026;;;;;;América Latina
209;Remote Leverage;Data Architect;América Latina;23/06 11:00;https://www.linkedin.com/jobs/view/4431727102/;https://media.licdn.com/dms/image/v2/D4E0BAQF2iwfYS078vA/company-logo_100_100/B4EZ6y_xwBKYAI-/0/1781119524097/remote_leverage_logo?e=1783555200&v=beta&t=kPTzpxGLyF6dIdaGqIVztzY9F7JArBJLFw0wKXOPdK0;Data & Ai > Data Engineering;https://www.linkedin.com/company/remote-leverage/about/;Dados e Analytics;(data AND engineer) OR (data AND analyst) OR (bi AND analyst) OR (arquiteto AND de AND dados) OR (data AND architect) OR (database AND administrator) OR (administrador AND de AND banco AND de AND dados) OR dba;remote leverage;1.0;Recruit CRM;https://www.linkedin.com/jobs/view/4431727102/;https://www.linkedin.com/jobs/view/4431727102/;Remote;Dados/Analytics;23/06/2026;;;;;;América Latina
210;Remote Leverage;Data Engineer;América Latina;23/06 11:00;https://www.linkedin.com/jobs/view/4431721292/;https://media.licdn.com/dms/image/v2/D4E0BAQF2iwfYS078vA/company-logo_100_100/B4EZ6y_xwBKYAI-/0/1781119524097/remote_leverage_logo?e=1783555200&v=beta&t=kPTzpxGLyF6dIdaGqIVztzY9F7JArBJLFw0wKXOPdK0;Data & Ai > Data Engineering;https://www.linkedin.com/company/remote-leverage/about/;Dados e Analytics;(data AND engineer) OR (data AND analyst) OR (bi AND analyst) OR (arquiteto AND de AND dados) OR (data AND architect) OR (database AND administrator) OR (administrador AND de AND banco AND de AND dados) OR dba;remote leverage;1.0;Recruit CRM;https://www.linkedin.com/jobs/view/4431721292/;https://www.linkedin.com/jobs/view/4431721292/;Remote;Dados/Analytics, Engenharia Geral;23/06/2026;;;;;;América Latina
211;Rubiboo;Data Analyst;Brasil;19/06 12:00;https://www.linkedin.com/jobs/view/4427872295/;missing logo;Data & Ai > Data Engineering;https://www.linkedin.com/company/rubiboo/about/;Dados e Analytics;(data AND engineer) OR (data AND analyst) OR (bi AND analyst) OR (arquiteto AND de AND dados) OR (data AND architect) OR (database AND administrator) OR (administrador AND de AND banco AND de AND dados) OR dba;rubiboo;1;;https://www.linkedin.com/jobs/view/4427872295/;https://www.linkedin.com/jobs/view/4427872295/;Remote;Dados/Analytics;23/06/2026;;;;;Brasil;América do Sul
212;SAP;SAP Analytics & Data Architect - Global Delivery Hub;Brasil;18/06 12:00;https://www.linkedin.com/jobs/view/4418265642/;https://media.licdn.com/dms/image/v2/D560BAQGmwwo0aq4jVA/company-logo_100_100/company-logo_100_100/0/1723034255614/sap_logo?e=1783555200&v=beta&t=n-0kRr0x1538I4HEcfQ6lqpMem3iawa_7GDeZrK_rpw;Data & Ai > Data Engineering;https://www.linkedin.com/company/sap/about/;Dados e Analytics;(data AND engineer) OR (data AND analyst) OR (bi AND analyst) OR (arquiteto AND de AND dados) OR (data AND architect) OR (database AND administrator) OR (administrador AND de AND banco AND de AND dados) OR dba;sap;5.0;jobs.sap.com;https://www.linkedin.com/jobs/view/4418265642/;https://www.linkedin.com/jobs/view/4418265642/;Hybrid;SAP, Delivery/SDM, Dados/Analytics;23/06/2026;;;;;Brasil;América do Sul
213;Selbetti Tecnologia;Arquiteto de Dados Especialista Funcional;Joinville (SC);22/06 20:00;https://www.linkedin.com/jobs/view/4429411677/;https://media.licdn.com/dms/image/v2/C4D0BAQFfmskUMxPNHw/company-logo_100_100/company-logo_100_100/0/1650278940409/selbettioficial_logo?e=1783555200&v=beta&t=yMNe9xUon6BlC9NeAdcrGN7tNuWezxRQa0AibnkS0bQ;Architecture;https://www.linkedin.com/company/selbetti-tecnologia/about/;Dados e Analytics;(data AND engineer) OR (data AND analyst) OR (bi AND analyst) OR (arquiteto AND de AND dados) OR (data AND architect) OR (database AND administrator) OR (administrador AND de AND banco AND de AND dados) OR dba;selbetti tecnologia;1.0;www.linkedin.com;https://www.linkedin.com/jobs/view/4429411677/;https://www.linkedin.com/jobs/view/4429411677/;Remote;Specialist, Dados/Analytics;23/06/2026;Joinville;Santa Catarina;SC;Região Sul;Brasil;América do Sul
214;Skeelo;Senior Data Analyst;Brasil;20/06 12:00;https://www.linkedin.com/jobs/view/4431133541/;https://media.licdn.com/dms/image/v2/D4D0BAQH6UYMzZWGOEg/company-logo_100_100/B4DZygvkhwIUAU-/0/1772223351541/skeelo_logo?e=1783555200&v=beta&t=PrCRXknJpSVptzSLt3ufEVGn8DeU2tqygWTv-mmXC5Y;Data & Ai > Data Engineering;https://www.linkedin.com/company/skeelo/about/;Dados e Analytics;(data AND engineer) OR (data AND analyst) OR (bi AND analyst) OR (arquiteto AND de AND dados) OR (data AND architect) OR (database AND administrator) OR (administrador AND de AND banco AND de AND dados) OR dba;skeelo;1.0;ats.rippling.com;https://www.linkedin.com/jobs/view/4431133541/;https://www.linkedin.com/jobs/view/4431133541/;Remote;Senior, Dados/Analytics;23/06/2026;;;;;Brasil;América do Sul
215;Solvd, Inc.;Senior Data Engineer;Brasil;19/06 12:00;https://www.linkedin.com/jobs/view/4429630416/;https://media.licdn.com/dms/image/v2/D4D0BAQFxR16EhMWlgg/company-logo_100_100/B4DZXS8WCEG8AQ-/0/1743000789589/solvdinc_logo?e=1783555200&v=beta&t=zoYd9s_zMQ8GirE7pHgI71UxBKeISal5QJZzx8P_MRk;Data & Ai > Data Engineering;https://www.linkedin.com/company/solvd-inc/about/;Dados e Analytics;(data AND engineer) OR (data AND analyst) OR (bi AND analyst) OR (arquiteto AND de AND dados) OR (data AND architect) OR (database AND administrator) OR (administrador AND de AND banco AND de AND dados) OR dba;solvd, inc.;1;;https://www.linkedin.com/jobs/view/4429630416/;https://www.linkedin.com/jobs/view/4429630416/;Remote;Senior, Dados/Analytics, Engenharia Geral;23/06/2026;;;;;Brasil;América do Sul
216;Stefanini Brasil;DBA | Ambiente Multicloud;Brasil;18/06 12:00;https://www.linkedin.com/jobs/view/4420233276/;https://media.licdn.com/dms/image/v2/D4D0BAQFOPyOhO4wTTg/company-logo_100_100/company-logo_100_100/0/1719784126380/stefanini_brasil_logo?e=1783555200&v=beta&t=XEn-B5O2zPR71Yujl_4lbPit6HBxXVntw0DjaFc4F30;-;https://www.linkedin.com/company/stefanini-brasil/about/;Software e Serviços de TI;(data AND engineer) OR (data AND analyst) OR (bi AND analyst) OR (arquiteto AND de AND dados) OR (data AND architect) OR (database AND administrator) OR (administrador AND de AND banco AND de AND dados) OR dba;stefanini brasil;4.0;Gupy;https://www.linkedin.com/jobs/view/4420233276/;https://www.linkedin.com/jobs/view/4420233276/;Remote;-;23/06/2026;;;;;Brasil;América do Sul
217;Stone;Sênior Data Engineer - Experimentação;Brasil;20/06 12:00;https://www.linkedin.com/jobs/view/4411735026/;https://media.licdn.com/dms/image/v2/D4D0BAQEZQ73DBLnfwg/company-logo_100_100/B4DZ4tXA2qHAAM-/0/1778877468290/stone_co_logo?e=1783555200&v=beta&t=Yw9Ug-sO4r2OocY2sA3gZtQqgWZmaNLkNLmyopOn75A;Data & Ai > Data Engineering;https://www.linkedin.com/company/stone/about/;Dados e Analytics;(data AND engineer) OR (data AND analyst) OR (bi AND analyst) OR (arquiteto AND de AND dados) OR (data AND architect) OR (database AND administrator) OR (administrador AND de AND banco AND de AND dados) OR dba;stone;5.0;Greenhouse;https://www.linkedin.com/jobs/view/4411735026/;https://www.linkedin.com/jobs/view/4411735026/;Remote;Senior, Dados/Analytics, Engenharia Geral;23/06/2026;;;;;Brasil;América do Sul
218;TRACTIAN;Data Engineer (GTM);São Paulo (SP);22/06 21:00;https://www.linkedin.com/jobs/view/4430836348/;https://media.licdn.com/dms/image/v2/D4D0BAQFy11_pDnXLDA/company-logo_100_100/company-logo_100_100/0/1705859564086/get_tractian_logo?e=1783555200&v=beta&t=Pm46aVMTWlYT6bAqgjh3P94M5pZLEuYs_MbiQRGQI5w;Data & Ai > Data Engineering;https://www.linkedin.com/company/tractian/about/;Dados e Analytics;(data AND engineer) OR (data AND analyst) OR (bi AND analyst) OR (arquiteto AND de AND dados) OR (data AND architect) OR (database AND administrator) OR (administrador AND de AND banco AND de AND dados) OR dba;tractian;1;;https://www.linkedin.com/jobs/view/4430836348/;https://www.linkedin.com/jobs/view/4430836348/;On-site;Dados/Analytics, Engenharia Geral;23/06/2026;São Paulo;São Paulo;SP;Região Sudeste;Brasil;América do Sul
219;TRACTIAN;Data Engineer: Data Foundry Engineer;São Paulo (SP);20/06 12:00;https://www.linkedin.com/jobs/view/4431162064/;https://media.licdn.com/dms/image/v2/D4D0BAQFy11_pDnXLDA/company-logo_100_100/company-logo_100_100/0/1705859564086/get_tractian_logo?e=1783555200&v=beta&t=Pm46aVMTWlYT6bAqgjh3P94M5pZLEuYs_MbiQRGQI5w;Data & Ai > Data Engineering;https://www.linkedin.com/company/tractian/about/;Dados e Analytics;(data AND engineer) OR (data AND analyst) OR (bi AND analyst) OR (arquiteto AND de AND dados) OR (data AND architect) OR (database AND administrator) OR (administrador AND de AND banco AND de AND dados) OR dba;tractian;1;;https://www.linkedin.com/jobs/view/4431162064/;https://www.linkedin.com/jobs/view/4431162064/;Remote;Dados/Analytics, Engenharia Geral;23/06/2026;São Paulo;São Paulo;SP;Região Sudeste;Brasil;América do Sul
220;TRACTIAN;GTM Data Analyst;São Paulo (SP);22/06 21:00;https://www.linkedin.com/jobs/view/4430839304/;https://media.licdn.com/dms/image/v2/D4D0BAQFy11_pDnXLDA/company-logo_100_100/company-logo_100_100/0/1705859564086/get_tractian_logo?e=1783555200&v=beta&t=Pm46aVMTWlYT6bAqgjh3P94M5pZLEuYs_MbiQRGQI5w;Data & Ai > Data Engineering;https://www.linkedin.com/company/tractian/about/;Dados e Analytics;(data AND engineer) OR (data AND analyst) OR (bi AND analyst) OR (arquiteto AND de AND dados) OR (data AND architect) OR (database AND administrator) OR (administrador AND de AND banco AND de AND dados) OR dba;tractian;1;;https://www.linkedin.com/jobs/view/4430839304/;https://www.linkedin.com/jobs/view/4430839304/;Hybrid;Dados/Analytics;23/06/2026;São Paulo;São Paulo;SP;Região Sudeste;Brasil;América do Sul
221;TRACTIAN;Senior Data Engineer;São Paulo (SP);17/06 12:00;https://www.linkedin.com/jobs/view/4429540976/;https://media.licdn.com/dms/image/v2/D4D0BAQFy11_pDnXLDA/company-logo_100_100/company-logo_100_100/0/1705859564086/get_tractian_logo?e=1783555200&v=beta&t=Pm46aVMTWlYT6bAqgjh3P94M5pZLEuYs_MbiQRGQI5w;Data & Ai > Data Engineering;https://www.linkedin.com/company/tractian/about/;Dados e Analytics;(data AND engineer) OR (data AND analyst) OR (bi AND analyst) OR (arquiteto AND de AND dados) OR (data AND architect) OR (database AND administrator) OR (administrador AND de AND banco AND de AND dados) OR dba;tractian;1;;https://www.linkedin.com/jobs/view/4429540976/;https://www.linkedin.com/jobs/view/4429540976/;Remote;Senior, Dados/Analytics, Engenharia Geral;23/06/2026;São Paulo;São Paulo;SP;Região Sudeste;Brasil;América do Sul
222;Tata Consultancy Services;Arquiteto de Dados Sênior;Belo Horizonte (MG);22/06 12:00;https://www.linkedin.com/jobs/view/4431695227/;https://media.licdn.com/dms/image/v2/D4D0BAQGsGR9p4ikS5w/company-logo_100_100/company-logo_100_100/0/1708946550425/tata_consultancy_services_logo?e=1783555200&v=beta&t=0SqX-7nDRsneYhrRYgyvpnVKE_hpi3Co-CfckHrqfFg;Architecture;https://www.linkedin.com/company/tata-consultancy-services/about/;Dados e Analytics;(data AND engineer) OR (data AND analyst) OR (bi AND analyst) OR (arquiteto AND de AND dados) OR (data AND architect) OR (database AND administrator) OR (administrador AND de AND banco AND de AND dados) OR dba;tata consultancy services;1.0;LinkedIn (Easy Apply);https://www.linkedin.com/jobs/view/4431695227/;https://www.linkedin.com/jobs/view/4431695227/;Remote;Senior, Dados/Analytics;23/06/2026;Belo Horizonte;Minas Gerais;MG;Região Sudeste;Brasil;América do Sul
223;Tata Consultancy Services;Data Engineer - AWS | Python | PySpark;SP;21/06 12:00;https://www.linkedin.com/jobs/view/4431323819/;https://media.licdn.com/dms/image/v2/D4D0BAQGsGR9p4ikS5w/company-logo_100_100/company-logo_100_100/0/1708946550425/tata_consultancy_services_logo?e=1783555200&v=beta&t=0SqX-7nDRsneYhrRYgyvpnVKE_hpi3Co-CfckHrqfFg;Data & Ai > Data Engineering;https://www.linkedin.com/company/tata-consultancy-services/about/;Dados e Analytics;(data AND engineer) OR (data AND analyst) OR (bi AND analyst) OR (arquiteto AND de AND dados) OR (data AND architect) OR (database AND administrator) OR (administrador AND de AND banco AND de AND dados) OR dba;tata consultancy services;1.0;LinkedIn (Easy Apply);https://www.linkedin.com/jobs/view/4431323819/;https://www.linkedin.com/jobs/view/4431323819/;Hybrid;Cloud (AWS/GCP/Azure), Dados/Analytics, Engenharia Geral;23/06/2026;;São Paulo;SP;Região Sudeste;Brasil;América do Sul
224;Tech Mahindra - Brasil;Data Engineer (Inglês Avançado);Brasil;20/06 12:00;https://www.linkedin.com/jobs/view/4428285321/;https://media.licdn.com/dms/image/v2/D4E0BAQE4MtLokcp8KQ/company-logo_100_100/B4EZssfhuGGQAU-/0/1765978021420?e=1783555200&v=beta&t=_0ClOgfP0a9JnaHuAKpR0HWGn468wNJvmH83ae8LsDA;Data & Ai > Data Engineering;https://www.linkedin.com/company/tech-mahindra-brasil/about/;Dados e Analytics;(data AND engineer) OR (data AND analyst) OR (bi AND analyst) OR (arquiteto AND de AND dados) OR (data AND architect) OR (database AND administrator) OR (administrador AND de AND banco AND de AND dados) OR dba;tech mahindra - brasil;1.0;LinkedIn (Easy Apply);https://www.linkedin.com/jobs/view/4428285321/;https://www.linkedin.com/jobs/view/4428285321/;Remote;Inglês Fluente/Avançado, Dados/Analytics, Engenharia Geral;23/06/2026;;;;;Brasil;América do Sul
225;Tekshapers;GCP Data Engineer;Brasil;17/06 12:00;https://www.linkedin.com/jobs/view/4427355763/;https://media.licdn.com/dms/image/v2/C510BAQHnUId7X-78SA/company-logo_100_100/company-logo_100_100/0/1631418337995/tekshapers_inc_logo?e=1783555200&v=beta&t=WawQEZa5t2YbfHpooYnsC9TnzGShz7OYxF3QgI1jxr4;Data & Ai > Data Engineering;https://www.linkedin.com/company/tekshapers/about/;Dados e Analytics;(data AND engineer) OR (data AND analyst) OR (bi AND analyst) OR (arquiteto AND de AND dados) OR (data AND architect) OR (database AND administrator) OR (administrador AND de AND banco AND de AND dados) OR dba;tekshapers;1;;https://www.linkedin.com/jobs/view/4427355763/;https://www.linkedin.com/jobs/view/4427355763/;Remote;Cloud (AWS/GCP/Azure), Dados/Analytics, Engenharia Geral;23/06/2026;;;;;Brasil;América do Sul
226;The HEINEKEN Company;Arquiteto de Dados e Soluções - São Paulo/SP (Afirmativa Exclusiva para Mulheres);São Paulo (SP);20/06 12:00;https://www.linkedin.com/jobs/view/4420958407/;https://media.licdn.com/dms/image/v2/D4E0BAQFGMcUwOz0TTQ/company-logo_100_100/B4EZaMIR_CGYAQ-/0/1746107703763/heineken_logo?e=1783555200&v=beta&t=ORV0b2WIeIislwMvffwmdwk0DORyiMqydq7YaI1bC7c;Architecture;https://www.linkedin.com/company/the-heineken-company/about/;Dados e Analytics;(data AND engineer) OR (data AND analyst) OR (bi AND analyst) OR (arquiteto AND de AND dados) OR (data AND architect) OR (database AND administrator) OR (administrador AND de AND banco AND de AND dados) OR dba;the heineken company;1.0;;https://www.linkedin.com/jobs/view/4420958407/;https://www.linkedin.com/jobs/view/4420958407/;Hybrid;PCD / Afirmativa, Dados/Analytics;23/06/2026;São Paulo;São Paulo;SP;Região Sudeste;Brasil;América do Sul
227;Thermo Fisher Scientific;Senior Data Analyst;São Paulo (SP);23/06 08:00;https://www.linkedin.com/jobs/view/4431212490/;https://media.licdn.com/dms/image/v2/D560BAQGe2HQP4zwTlA/company-logo_100_100/company-logo_100_100/0/1688649979581/thermo_fisher_scientific_logo?e=1783555200&v=beta&t=pSEmb9OlmLzIrM4sHmXGz_UluwPxj4N2IPD4WWqGMOc;Data & Ai > Data Engineering;https://www.linkedin.com/company/thermo-fisher-scientific/about/;Dados e Analytics;(data AND engineer) OR (data AND analyst) OR (bi AND analyst) OR (arquiteto AND de AND dados) OR (data AND architect) OR (database AND administrator) OR (administrador AND de AND banco AND de AND dados) OR dba;thermo fisher scientific;3.0;jobs.thermofisher.com;https://www.linkedin.com/jobs/view/4431212490/;https://www.linkedin.com/jobs/view/4431212490/;Hybrid;Senior, Dados/Analytics;23/06/2026;São Paulo;São Paulo;SP;Região Sudeste;Brasil;América do Sul
228;VTEX;Data Engineer, Data Platform;Brasil;23/06 11:00;https://www.linkedin.com/jobs/view/4431241937/;https://media.licdn.com/dms/image/v2/C4E0BAQGuwANNml02DA/company-logo_100_100/company-logo_100_100/0/1630650735642/vtex_logo?e=1783555200&v=beta&t=CK67_UYxoxrx0m8ufrXHtYRFUWDIwCsSqmjfQ5YQLZI;Data & Ai > Data Engineering;https://www.linkedin.com/company/vtex/about/;Dados e Analytics;(data AND engineer) OR (data AND analyst) OR (bi AND analyst) OR (arquiteto AND de AND dados) OR (data AND architect) OR (database AND administrator) OR (administrador AND de AND banco AND de AND dados) OR dba;vtex;3.0;Greenhouse;https://www.linkedin.com/jobs/view/4431241937/;https://www.linkedin.com/jobs/view/4431241937/;Remote;Dados/Analytics, Engenharia Geral;23/06/2026;;;;;Brasil;América do Sul
229;Wellhub;Data Analyst Specialist | CX Insights;Brasil;20/06 12:00;https://www.linkedin.com/jobs/view/4422036934/;https://media.licdn.com/dms/image/v2/D4D0BAQFZDqwQ_HgdhA/company-logo_100_100/company-logo_100_100/0/1712841115571/wellhub_logo?e=1783555200&v=beta&t=poLtWnrNZV7VcTM1bFZ-4_9tuHm4qRZ-ox7Yyi-NUog;Data & Ai > Data Engineering;https://www.linkedin.com/company/wellhub/about/;Dados e Analytics;(data AND engineer) OR (data AND analyst) OR (bi AND analyst) OR (arquiteto AND de AND dados) OR (data AND architect) OR (database AND administrator) OR (administrador AND de AND banco AND de AND dados) OR dba;wellhub;1.0;Greenhouse;https://www.linkedin.com/jobs/view/4422036934/;https://www.linkedin.com/jobs/view/4422036934/;Remote;Specialist, Dados/Analytics;23/06/2026;;;;;Brasil;América do Sul
230;Wellhub;Mid-Level Data Analyst | Partnerships;Brasil;19/06 12:00;https://www.linkedin.com/jobs/view/4399904363/;https://media.licdn.com/dms/image/v2/D4D0BAQFZDqwQ_HgdhA/company-logo_100_100/company-logo_100_100/0/1712841115571/wellhub_logo?e=1783555200&v=beta&t=poLtWnrNZV7VcTM1bFZ-4_9tuHm4qRZ-ox7Yyi-NUog;Data & Ai > Data Engineering;https://www.linkedin.com/company/wellhub/about/;Dados e Analytics;(data AND engineer) OR (data AND analyst) OR (bi AND analyst) OR (arquiteto AND de AND dados) OR (data AND architect) OR (database AND administrator) OR (administrador AND de AND banco AND de AND dados) OR dba;wellhub;1.0;Greenhouse;https://www.linkedin.com/jobs/view/4399904363/;https://www.linkedin.com/jobs/view/4399904363/;Remote;Mid, Dados/Analytics;23/06/2026;;;;;Brasil;América do Sul
231;Whirlpool Corporation;Jr Data Engineer;São Paulo (SP);20/06 12:00;https://www.linkedin.com/jobs/view/4431125763/;https://media.licdn.com/dms/image/v2/C560BAQEc41FEInZ78g/company-logo_100_100/company-logo_100_100/0/1635873911509/whirlpool_corporation_logo?e=1783555200&v=beta&t=Mjlgybnl8WfMlznnM5eZ2veeZp46-kn6KYPal-jS2hE;Data & Ai > Data Engineering;https://www.linkedin.com/company/whirlpool-corporation/about/;Dados e Analytics;(data AND engineer) OR (data AND analyst) OR (bi AND analyst) OR (arquiteto AND de AND dados) OR (data AND architect) OR (database AND administrator) OR (administrador AND de AND banco AND de AND dados) OR dba;whirlpool corporation;1.0;jobs.whirlpool.com;https://www.linkedin.com/jobs/view/4431125763/;https://www.linkedin.com/jobs/view/4431125763/;Remote;Junior, Dados/Analytics, Engenharia Geral;23/06/2026;São Paulo;São Paulo;SP;Região Sudeste;Brasil;América do Sul
232;X-Team;Staff Data Engineer;Brasil;23/06 11:00;https://www.linkedin.com/jobs/view/4432274428/;https://media.licdn.com/dms/image/v2/C560BAQExsGYdj9of7w/company-logo_100_100/company-logo_100_100/0/1630656349541/x_team_logo?e=1783555200&v=beta&t=FGUGb4SaRCvZui31I34Pt8N5grlQjB5gEGY6elNzKFg;Data & Ai > Data Engineering;https://www.linkedin.com/company/x-team/about/;Dados e Analytics;(data AND engineer) OR (data AND analyst) OR (bi AND analyst) OR (arquiteto AND de AND dados) OR (data AND architect) OR (database AND administrator) OR (administrador AND de AND banco AND de AND dados) OR dba;x-team;1;;https://www.linkedin.com/jobs/view/4432274428/;https://www.linkedin.com/jobs/view/4432274428/;Remote;Dados/Analytics, Engenharia Geral;23/06/2026;;;;;Brasil;América do Sul
233;XP Inc.;Data Engineer Pleno | Plataforma de Dados;São Paulo (SP);17/06 12:00;https://www.linkedin.com/jobs/view/4410777319/;https://media.licdn.com/dms/image/v2/D4E0BAQGNGiz9pu4KZw/company-logo_100_100/company-logo_100_100/0/1735922822407/xpinc_logo?e=1783555200&v=beta&t=lcKul0JZfvRkv0gjv2mBpOS15V09tvP7P5DrOcZVbKk;Data & Ai > Data Engineering;https://www.linkedin.com/company/xp-inc/about/;Dados e Analytics;(data AND engineer) OR (data AND analyst) OR (bi AND analyst) OR (arquiteto AND de AND dados) OR (data AND architect) OR (database AND administrator) OR (administrador AND de AND banco AND de AND dados) OR dba;xp inc.;5.0;Greenhouse;https://www.linkedin.com/jobs/view/4410777319/;https://www.linkedin.com/jobs/view/4410777319/;Hybrid;Mid, Dados/Analytics, Engenharia Geral;23/06/2026;São Paulo;São Paulo;SP;Região Sudeste;Brasil;América do Sul
234;Zallpy Digital;Mid-level Product Data Analyst;São Paulo (SP);20/06 12:00;https://www.linkedin.com/jobs/view/4419342086/;https://media.licdn.com/dms/image/v2/D4D0BAQET3FfZSou1AA/company-logo_100_100/company-logo_100_100/0/1689014576978/zallpy_digital_logo?e=1783555200&v=beta&t=5XfGiFkboLXUzKZ28o9O4WKg-KYoswfaWXu2L18IsoA;Data & Ai > Data Engineering;https://www.linkedin.com/company/zallpy-digital/about/;Dados e Analytics;(data AND engineer) OR (data AND analyst) OR (bi AND analyst) OR (arquiteto AND de AND dados) OR (data AND architect) OR (database AND administrator) OR (administrador AND de AND banco AND de AND dados) OR dba;zallpy digital;1.0;Inhire;https://www.linkedin.com/jobs/view/4419342086/;https://www.linkedin.com/jobs/view/4419342086/;Hybrid;Mid, Dados/Analytics;23/06/2026;São Paulo;São Paulo;SP;Região Sudeste;Brasil;América do Sul
235;innolevels;Administrador de banco de dados - SP;Grande São Paulo (SP) ;21/06 12:00;https://www.linkedin.com/jobs/view/4428562343/;https://media.licdn.com/dms/image/v2/C4D0BAQHTJl0dF22boA/company-logo_100_100/company-logo_100_100/0/1662223622824/innolevels_logo?e=1783555200&v=beta&t=gDnhynCcCWBMrL3roIQ7YkbJ1n4swSPJ2Glkz4lsYHk;-;https://www.linkedin.com/company/innolevels/about/;Dados e Analytics;(data AND engineer) OR (data AND analyst) OR (bi AND analyst) OR (arquiteto AND de AND dados) OR (data AND architect) OR (database AND administrator) OR (administrador AND de AND banco AND de AND dados) OR dba;innolevels;1.0;www.curriculum.com.br;https://www.linkedin.com/jobs/view/4428562343/;https://www.linkedin.com/jobs/view/4428562343/;Hybrid;Dados/Analytics;23/06/2026;;São Paulo;SP;Região Sudeste;Brasil;América do Sul
236;wwwwwwww;Senior Data Engineer (Spark);Barueri (SP);18/06 12:00;https://www.linkedin.com/jobs/view/4427846004/;https://media.licdn.com/dms/image/v2/C560BAQGQsHEFIDuayQ/company-logo_100_100/company-logo_100_100/0/1647785950252/the_metabyte_logo?e=1783555200&v=beta&t=hynzE7EzC8dXjo0lXmVfI3SzfCGMjC-Cw5I2YrewTzY;Data & Ai > Data Engineering;https://www.linkedin.com/company/wwwwwwww/about/;Dados e Analytics;(data AND engineer) OR (data AND analyst) OR (bi AND analyst) OR (arquiteto AND de AND dados) OR (data AND architect) OR (database AND administrator) OR (administrador AND de AND banco AND de AND dados) OR dba;wwwwwwww;1;;https://www.linkedin.com/jobs/view/4427846004/;https://www.linkedin.com/jobs/view/4427846004/;Hybrid;Senior, Dados/Analytics, Engenharia Geral;23/06/2026;Barueri;São Paulo;SP;Região Sudeste;Brasil;América do Sul
