Id;Company;Job Title;Location;Published Date;Job Link;Logo;Category;Company Life URL;Industry;Query Parameters;Company_Match;Score;Platform;Job Link_Match;Destination URL;Work Mode;Tags;Capture Date;City;State;UF;Region;Country;Continent
1;AGCO Corporation;Sr Specialist, AI Platform Engineering;Jundiaí, SP;13/08 18:00;https://www.linkedin.com/jobs/view/4442084376/;https://media.licdn.com/dms/image/v2/C4E0BAQF5TwBZg6M6TA/company-logo_100_100/company-logo_100_100/0/1630563830825/agco_corporation_logo?e=1788393600&v=beta&t=4x6Pyp5A77cK2mhirqs4C2EVzXqOXARDge92AJ7IWNk;Advanced > Information Technology;https://www.linkedin.com/company/agco-corporation/about/;Inteligência Artificial;cybersecurity OR cyber security OR ai red team;agco corporation;1;;https://www.linkedin.com/jobs/view/4442084376/;https://www.linkedin.com/jobs/view/4442084376/;On-site;Inteligência Artificial, Specialist, Senior, Engenharia Geral;13/08/2026;Jundiaí;São Paulo;SP;Região Sudeste;Brasil;América do Sul
2;ALIX Suporte Técnico Gerenciado;Técnico de Suporte II – Redes e Infraestrutura;São José, SC;13/08 13:00;https://www.linkedin.com/jobs/view/4454048848/;https://media.licdn.com/dms/image/v2/D4D0BAQHCW3V1y2hk9A/company-logo_100_100/B4DZTxkCIcGcAU-/0/1739219543292/alixtecnologia_logo?e=1788393600&v=beta&t=WXC97W5gYcFSYZXyzKIdZM9H2N3JIsnKNaaFxZhzTPE;-;https://www.linkedin.com/company/alix-suporte-t-cnico-gerenciado/about/;Infraestrutura;cybersecurity OR cyber security OR ai red team;alix suporte técnico gerenciado;1;;https://www.linkedin.com/jobs/view/4454048848/;https://www.linkedin.com/jobs/view/4454048848/;On-site;Infraestrutura/Redes;13/08/2026;;Santa Catarina;SC;Região Sul;Brasil;América do Sul
3;ALTASNET;Analista de Redes Senior - Tecnologia da Informação (Cisco);Grande Belo Horizonte (MG);12/08 21:00;https://www.linkedin.com/jobs/view/4453614547/;https://media.licdn.com/dms/image/v2/D4D0BAQERZFdho7l4-Q/company-logo_100_100/company-logo_100_100/0/1719257088925/altasnet_logo?e=1788393600&v=beta&t=AqPb5Gp5h2f_lvpr0XhPQblU8PvAeMoXjQcdeO6fEpI;Advanced > Specialist;https://www.linkedin.com/company/altasnet/about/;Software e Serviços de TI;cybersecurity OR cyber security OR ai red team;altasnet;1;;https://www.linkedin.com/jobs/view/4453614547/;https://www.linkedin.com/jobs/view/4453614547/;Hybrid;Senior, Associate, TI/Tech, Infraestrutura/Redes;13/08/2026;;Minas Gerais;MG;Região Sudeste;Brasil;América do Sul
4;ASAAS;Cloud Security Engineer Team Lead;Joinville, SC;13/08 12:00;https://www.linkedin.com/jobs/view/4450821122/;https://media.licdn.com/dms/image/v2/D4D0BAQHnReI431P6iw/company-logo_100_100/B4DZ1DwvyBGUAQ-/0/1774958345828/asaasbrasil_logo?e=1788393600&v=beta&t=uKTmKyMwh4zNgWII4o7S-bEoLxEl1ZytLLKMWkrRIqg;Cybersecurity;https://www.linkedin.com/company/asaas/about/;Cibersegurança;cybersecurity OR cyber security OR ai red team;asaas;1;;https://www.linkedin.com/jobs/view/4450821122/;https://www.linkedin.com/jobs/view/4450821122/;Remote;Mid, Liderança/Gerência, Cybersecurity, Engenharia Geral;13/08/2026;Joinville;Santa Catarina;SC;Região Sul;Brasil;América do Sul
5;Accenture Brasil;Responsible AI Data and Monitoring Manager;São Paulo, SP;13/08 18:00;https://www.linkedin.com/jobs/view/4453246741/;https://media.licdn.com/dms/image/v2/D4D0BAQFxYk90aqWMqA/company-logo_100_100/company-logo_100_100/0/1727873248436/accenturebrasil_logo?e=1788393600&v=beta&t=FuaAWPZvNh587NmQQPneV5NE1cEO7aOW8ZBQalmKzwg;Data & Ai > Data Engineering;https://www.linkedin.com/company/accenture-brasil/about/;Dados e Analytics;cybersecurity OR cyber security OR ai red team;accenture brasil;1;;https://www.linkedin.com/jobs/view/4453246741/;https://www.linkedin.com/jobs/view/4453246741/;Not informed;Inteligência Artificial, Liderança/Gerência, Dados/Analytics;13/08/2026;São Paulo;São Paulo;SP;Região Sudeste;Brasil;América do Sul
6;Acerto;Senior Platform Engineering Manager;Brasil;13/08 09:00;https://www.linkedin.com/jobs/view/4440760108/;https://media.licdn.com/dms/image/v2/D4D0BAQHf5WS_qqO9Fw/company-logo_100_100/company-logo_100_100/0/1738695557158/acertonegocie_logo?e=1788393600&v=beta&t=DFLckKfrIeUslhP12g7_t1mSfD67AKMVOen2IDPgByA;Middle > Manager;https://www.linkedin.com/company/acerto/about/;-;cybersecurity OR cyber security OR ai red team;acerto;1;;https://www.linkedin.com/jobs/view/4440760108/;https://www.linkedin.com/jobs/view/4440760108/;Remote;Senior, Liderança/Gerência, Engenharia Geral;13/08/2026;;;;;Brasil;América do Sul
7;Agoda;Senior Security Engineer (Bangkok Based, Relocation Provided);Grande Rio de Janeiro (RJ);13/08 00:00;https://www.linkedin.com/jobs/view/4453635362/;https://media.licdn.com/dms/image/v2/D4D0BAQHnu249lVL3yA/company-logo_100_100/B4DZ09fn8fJQAU-/0/1774853194495/agoda_logo?e=1788393600&v=beta&t=tAJ2KR5_C3uy4KqY5YVgn5DUdxrvYuyH4kYkeBLW2X4;Cybersecurity;https://www.linkedin.com/company/agoda/about/;Cibersegurança;cybersecurity OR cyber security OR ai red team;agoda;1;;https://www.linkedin.com/jobs/view/4453635362/;https://www.linkedin.com/jobs/view/4453635362/;Not informed;Senior, Cybersecurity, Engenharia Geral;13/08/2026;;Rio de Janeiro;RJ;Região Sudeste;Brasil;América do Sul
8;Agoda;Senior Security Operation Engineer;Grande Rio de Janeiro (RJ);13/08 00:00;https://www.linkedin.com/jobs/view/4453629637/;https://media.licdn.com/dms/image/v2/D4D0BAQHnu249lVL3yA/company-logo_100_100/B4DZ09fn8fJQAU-/0/1774853194495/agoda_logo?e=1788393600&v=beta&t=tAJ2KR5_C3uy4KqY5YVgn5DUdxrvYuyH4kYkeBLW2X4;Cybersecurity;https://www.linkedin.com/company/agoda/about/;Cibersegurança;cybersecurity OR cyber security OR ai red team;agoda;1;;https://www.linkedin.com/jobs/view/4453629637/;https://www.linkedin.com/jobs/view/4453629637/;Not informed;Senior, Cybersecurity, Engenharia Geral;13/08/2026;;Rio de Janeiro;RJ;Região Sudeste;Brasil;América do Sul
9;Agoda;Senior Security Engineer (Bangkok Based, Relocation Provided);Salvador, BA;13/08 00:00;https://www.linkedin.com/jobs/view/4453633529/;https://media.licdn.com/dms/image/v2/D4D0BAQHnu249lVL3yA/company-logo_100_100/B4DZ09fn8fJQAU-/0/1774853194495/agoda_logo?e=1788393600&v=beta&t=tAJ2KR5_C3uy4KqY5YVgn5DUdxrvYuyH4kYkeBLW2X4;Cybersecurity;https://www.linkedin.com/company/agoda/about/;Cibersegurança;cybersecurity OR cyber security OR ai red team;agoda;1;;https://www.linkedin.com/jobs/view/4453633529/;https://www.linkedin.com/jobs/view/4453633529/;Not informed;Senior, Cybersecurity, Engenharia Geral;13/08/2026;;Bahia;BA;Região Nordeste;Brasil;América do Sul
10;Agoda;Senior Security Operation Engineer;Salvador, BA;13/08 00:00;https://www.linkedin.com/jobs/view/4453622728/;https://media.licdn.com/dms/image/v2/D4D0BAQHnu249lVL3yA/company-logo_100_100/B4DZ09fn8fJQAU-/0/1774853194495/agoda_logo?e=1788393600&v=beta&t=tAJ2KR5_C3uy4KqY5YVgn5DUdxrvYuyH4kYkeBLW2X4;Cybersecurity;https://www.linkedin.com/company/agoda/about/;Cibersegurança;cybersecurity OR cyber security OR ai red team;agoda;1;;https://www.linkedin.com/jobs/view/4453622728/;https://www.linkedin.com/jobs/view/4453622728/;Not informed;Senior, Cybersecurity, Engenharia Geral;13/08/2026;;Bahia;BA;Região Nordeste;Brasil;América do Sul
11;Akamai Technologies;Senior II Security Architect;São Paulo, SP;13/08 16:00;https://www.linkedin.com/jobs/view/4454080980/;https://media.licdn.com/dms/image/v2/D4E0BAQHpsdQkVIn86g/company-logo_100_100/B4EZiajPQ8GUAY-/0/1754939585924/akamai_technologies_logo?e=1788393600&v=beta&t=sUN6Jfgv4Spw9AVvdfWOilFov2Ur48zHCImDI-4dSaM;Cybersecurity;https://www.linkedin.com/company/akamai-technologies/about/;Cibersegurança;cybersecurity OR cyber security OR ai red team;akamai technologies;1;;https://www.linkedin.com/jobs/view/4454080980/;https://www.linkedin.com/jobs/view/4454080980/;Remote;Senior, Cybersecurity;13/08/2026;São Paulo;São Paulo;SP;Região Sudeste;Brasil;América do Sul
12;Alignerr;AI / Emerging Tech Security Analyst;Brasil;12/08 22:00;https://www.linkedin.com/jobs/view/4453619215/;https://media.licdn.com/dms/image/v2/D560BAQHD7jKpwp33DA/company-logo_100_100/B56ZsP32kCG4AQ-/0/1765497858824/alignerr_logo?e=1788393600&v=beta&t=3d8xyZZ03Ssq5pf-LGSfl0O8fA-fb3TkKbCB8i3uY-c;Cybersecurity;https://www.linkedin.com/company/alignerr/about/;Cibersegurança;cybersecurity OR cyber security OR ai red team;alignerr;1;;https://www.linkedin.com/jobs/view/4453619215/;https://www.linkedin.com/jobs/view/4453619215/;Remote;Inteligência Artificial, TI/Tech, Cybersecurity;13/08/2026;;;;;Brasil;América do Sul
13;Alignerr;Cloud Security Analyst;Brasil;12/08 22:00;https://www.linkedin.com/jobs/view/4453620159/;https://media.licdn.com/dms/image/v2/D560BAQHD7jKpwp33DA/company-logo_100_100/B56ZsP32kCG4AQ-/0/1765497858824/alignerr_logo?e=1788393600&v=beta&t=3d8xyZZ03Ssq5pf-LGSfl0O8fA-fb3TkKbCB8i3uY-c;Cybersecurity;https://www.linkedin.com/company/alignerr/about/;Cibersegurança;cybersecurity OR cyber security OR ai red team;alignerr;1;;https://www.linkedin.com/jobs/view/4453620159/;https://www.linkedin.com/jobs/view/4453620159/;Remote;Cybersecurity;13/08/2026;;;;;Brasil;América do Sul
14;Alignerr;Data Security & DLP Analyst;Brasil;12/08 22:00;https://www.linkedin.com/jobs/view/4453623082/;https://media.licdn.com/dms/image/v2/D560BAQHD7jKpwp33DA/company-logo_100_100/B56ZsP32kCG4AQ-/0/1765497858824/alignerr_logo?e=1788393600&v=beta&t=3d8xyZZ03Ssq5pf-LGSfl0O8fA-fb3TkKbCB8i3uY-c;Data & Ai > Data Engineering;https://www.linkedin.com/company/alignerr/about/;Cibersegurança;cybersecurity OR cyber security OR ai red team;alignerr;1;;https://www.linkedin.com/jobs/view/4453623082/;https://www.linkedin.com/jobs/view/4453623082/;Remote;Cybersecurity, Dados/Analytics;13/08/2026;;;;;Brasil;América do Sul
15;Alignerr;Identity & Access Management (IAM) Analyst;Brasil;12/08 22:00;https://www.linkedin.com/jobs/view/4453610856/;https://media.licdn.com/dms/image/v2/D560BAQHD7jKpwp33DA/company-logo_100_100/B56ZsP32kCG4AQ-/0/1765497858824/alignerr_logo?e=1788393600&v=beta&t=3d8xyZZ03Ssq5pf-LGSfl0O8fA-fb3TkKbCB8i3uY-c;Middle > Manager;https://www.linkedin.com/company/alignerr/about/;Software e Serviços de TI;cybersecurity OR cyber security OR ai red team;alignerr;1;;https://www.linkedin.com/jobs/view/4453610856/;https://www.linkedin.com/jobs/view/4453610856/;Remote;-;13/08/2026;;;;;Brasil;América do Sul
16;Alignerr;Incident Response Analyst;Brasil;12/08 22:00;https://www.linkedin.com/jobs/view/4453610831/;https://media.licdn.com/dms/image/v2/D560BAQHD7jKpwp33DA/company-logo_100_100/B56ZsP32kCG4AQ-/0/1765497858824/alignerr_logo?e=1788393600&v=beta&t=3d8xyZZ03Ssq5pf-LGSfl0O8fA-fb3TkKbCB8i3uY-c;Advanced > Specialist;https://www.linkedin.com/company/alignerr/about/;-;cybersecurity OR cyber security OR ai red team;alignerr;1;;https://www.linkedin.com/jobs/view/4453610831/;https://www.linkedin.com/jobs/view/4453610831/;Remote;-;13/08/2026;;;;;Brasil;América do Sul
17;Alignerr;Network & Infrastructure Security Analyst;Brasil;12/08 22:00;https://www.linkedin.com/jobs/view/4453621125/;https://media.licdn.com/dms/image/v2/D560BAQHD7jKpwp33DA/company-logo_100_100/B56ZsP32kCG4AQ-/0/1765497858824/alignerr_logo?e=1788393600&v=beta&t=3d8xyZZ03Ssq5pf-LGSfl0O8fA-fb3TkKbCB8i3uY-c;Cybersecurity;https://www.linkedin.com/company/alignerr/about/;Cibersegurança;cybersecurity OR cyber security OR ai red team;alignerr;1;;https://www.linkedin.com/jobs/view/4453621125/;https://www.linkedin.com/jobs/view/4453621125/;Remote;Cybersecurity, Infraestrutura/Redes;13/08/2026;;;;;Brasil;América do Sul
18;Alignerr;Offensive Security Analyst (Structured / Non-Exploit);Brasil;12/08 22:00;https://www.linkedin.com/jobs/view/4453619190/;https://media.licdn.com/dms/image/v2/D560BAQHD7jKpwp33DA/company-logo_100_100/B56ZsP32kCG4AQ-/0/1765497858824/alignerr_logo?e=1788393600&v=beta&t=3d8xyZZ03Ssq5pf-LGSfl0O8fA-fb3TkKbCB8i3uY-c;Cybersecurity;https://www.linkedin.com/company/alignerr/about/;Cibersegurança;cybersecurity OR cyber security OR ai red team;alignerr;1;;https://www.linkedin.com/jobs/view/4453619190/;https://www.linkedin.com/jobs/view/4453619190/;Remote;Cybersecurity;13/08/2026;;;;;Brasil;América do Sul
19;Alignerr;Security Operations Analyst;Brasil;12/08 22:00;https://www.linkedin.com/jobs/view/4453609883/;https://media.licdn.com/dms/image/v2/D560BAQHD7jKpwp33DA/company-logo_100_100/B56ZsP32kCG4AQ-/0/1765497858824/alignerr_logo?e=1788393600&v=beta&t=3d8xyZZ03Ssq5pf-LGSfl0O8fA-fb3TkKbCB8i3uY-c;Cybersecurity;https://www.linkedin.com/company/alignerr/about/;Cibersegurança;cybersecurity OR cyber security OR ai red team;alignerr;1;;https://www.linkedin.com/jobs/view/4453609883/;https://www.linkedin.com/jobs/view/4453609883/;Remote;Cybersecurity;13/08/2026;;;;;Brasil;América do Sul
20;Alignerr;Threat Intelligence Analyst;Brasil;12/08 22:00;https://www.linkedin.com/jobs/view/4453619220/;https://media.licdn.com/dms/image/v2/D560BAQHD7jKpwp33DA/company-logo_100_100/B56ZsP32kCG4AQ-/0/1765497858824/alignerr_logo?e=1788393600&v=beta&t=3d8xyZZ03Ssq5pf-LGSfl0O8fA-fb3TkKbCB8i3uY-c;Advanced > Specialist;https://www.linkedin.com/company/alignerr/about/;Hardware e Eletrônicos;cybersecurity OR cyber security OR ai red team;alignerr;1;;https://www.linkedin.com/jobs/view/4453619220/;https://www.linkedin.com/jobs/view/4453619220/;Remote;-;13/08/2026;;;;;Brasil;América do Sul
21;Alignerr;Vulnerability Management Analyst;Brasil;12/08 22:00;https://www.linkedin.com/jobs/view/4453629039/;https://media.licdn.com/dms/image/v2/D560BAQHD7jKpwp33DA/company-logo_100_100/B56ZsP32kCG4AQ-/0/1765497858824/alignerr_logo?e=1788393600&v=beta&t=3d8xyZZ03Ssq5pf-LGSfl0O8fA-fb3TkKbCB8i3uY-c;Middle > Manager;https://www.linkedin.com/company/alignerr/about/;Software e Serviços de TI;cybersecurity OR cyber security OR ai red team;alignerr;1;;https://www.linkedin.com/jobs/view/4453629039/;https://www.linkedin.com/jobs/view/4453629039/;Remote;-;13/08/2026;;;;;Brasil;América do Sul
22;Alignerr;AI / Emerging Tech Security Analyst;Rio de Janeiro, RJ;12/08 22:00;https://www.linkedin.com/jobs/view/4453609898/;https://media.licdn.com/dms/image/v2/D560BAQHD7jKpwp33DA/company-logo_100_100/B56ZsP32kCG4AQ-/0/1765497858824/alignerr_logo?e=1788393600&v=beta&t=3d8xyZZ03Ssq5pf-LGSfl0O8fA-fb3TkKbCB8i3uY-c;Cybersecurity;https://www.linkedin.com/company/alignerr/about/;Cibersegurança;cybersecurity OR cyber security OR ai red team;alignerr;1;;https://www.linkedin.com/jobs/view/4453609898/;https://www.linkedin.com/jobs/view/4453609898/;Remote;Inteligência Artificial, TI/Tech, Cybersecurity;13/08/2026;Rio de Janeiro;Rio de Janeiro;RJ;Região Sudeste;Brasil;América do Sul
23;Alignerr;Application Security Analyst;Rio de Janeiro, RJ;12/08 22:00;https://www.linkedin.com/jobs/view/4453627042/;https://media.licdn.com/dms/image/v2/D560BAQHD7jKpwp33DA/company-logo_100_100/B56ZsP32kCG4AQ-/0/1765497858824/alignerr_logo?e=1788393600&v=beta&t=3d8xyZZ03Ssq5pf-LGSfl0O8fA-fb3TkKbCB8i3uY-c;Cybersecurity;https://www.linkedin.com/company/alignerr/about/;Cibersegurança;cybersecurity OR cyber security OR ai red team;alignerr;1;;https://www.linkedin.com/jobs/view/4453627042/;https://www.linkedin.com/jobs/view/4453627042/;Remote;Cybersecurity;13/08/2026;Rio de Janeiro;Rio de Janeiro;RJ;Região Sudeste;Brasil;América do Sul
24;Alignerr;Cloud Security Analyst;Rio de Janeiro, RJ;12/08 22:00;https://www.linkedin.com/jobs/view/4453614713/;https://media.licdn.com/dms/image/v2/D560BAQHD7jKpwp33DA/company-logo_100_100/B56ZsP32kCG4AQ-/0/1765497858824/alignerr_logo?e=1788393600&v=beta&t=3d8xyZZ03Ssq5pf-LGSfl0O8fA-fb3TkKbCB8i3uY-c;Cybersecurity;https://www.linkedin.com/company/alignerr/about/;Cibersegurança;cybersecurity OR cyber security OR ai red team;alignerr;1;;https://www.linkedin.com/jobs/view/4453614713/;https://www.linkedin.com/jobs/view/4453614713/;Remote;Cybersecurity;13/08/2026;Rio de Janeiro;Rio de Janeiro;RJ;Região Sudeste;Brasil;América do Sul
25;Alignerr;Data Security & DLP Analyst;Rio de Janeiro, RJ;12/08 22:00;https://www.linkedin.com/jobs/view/4453630012/;https://media.licdn.com/dms/image/v2/D560BAQHD7jKpwp33DA/company-logo_100_100/B56ZsP32kCG4AQ-/0/1765497858824/alignerr_logo?e=1788393600&v=beta&t=3d8xyZZ03Ssq5pf-LGSfl0O8fA-fb3TkKbCB8i3uY-c;Data & Ai > Data Engineering;https://www.linkedin.com/company/alignerr/about/;Cibersegurança;cybersecurity OR cyber security OR ai red team;alignerr;1;;https://www.linkedin.com/jobs/view/4453630012/;https://www.linkedin.com/jobs/view/4453630012/;Remote;Cybersecurity, Dados/Analytics;13/08/2026;Rio de Janeiro;Rio de Janeiro;RJ;Região Sudeste;Brasil;América do Sul
26;Alignerr;Identity & Access Management (IAM) Analyst;Rio de Janeiro, RJ;12/08 22:00;https://www.linkedin.com/jobs/view/4453619217/;https://media.licdn.com/dms/image/v2/D560BAQHD7jKpwp33DA/company-logo_100_100/B56ZsP32kCG4AQ-/0/1765497858824/alignerr_logo?e=1788393600&v=beta&t=3d8xyZZ03Ssq5pf-LGSfl0O8fA-fb3TkKbCB8i3uY-c;Middle > Manager;https://www.linkedin.com/company/alignerr/about/;Software e Serviços de TI;cybersecurity OR cyber security OR ai red team;alignerr;1;;https://www.linkedin.com/jobs/view/4453619217/;https://www.linkedin.com/jobs/view/4453619217/;Remote;-;13/08/2026;Rio de Janeiro;Rio de Janeiro;RJ;Região Sudeste;Brasil;América do Sul
27;Alignerr;Incident Response Analyst;Rio de Janeiro, RJ;12/08 22:00;https://www.linkedin.com/jobs/view/4453613784/;https://media.licdn.com/dms/image/v2/D560BAQHD7jKpwp33DA/company-logo_100_100/B56ZsP32kCG4AQ-/0/1765497858824/alignerr_logo?e=1788393600&v=beta&t=3d8xyZZ03Ssq5pf-LGSfl0O8fA-fb3TkKbCB8i3uY-c;Advanced > Specialist;https://www.linkedin.com/company/alignerr/about/;-;cybersecurity OR cyber security OR ai red team;alignerr;1;;https://www.linkedin.com/jobs/view/4453613784/;https://www.linkedin.com/jobs/view/4453613784/;Remote;-;13/08/2026;Rio de Janeiro;Rio de Janeiro;RJ;Região Sudeste;Brasil;América do Sul
28;Alignerr;Network & Infrastructure Security Analyst;Rio de Janeiro, RJ;12/08 22:00;https://www.linkedin.com/jobs/view/4453613770/;https://media.licdn.com/dms/image/v2/D560BAQHD7jKpwp33DA/company-logo_100_100/B56ZsP32kCG4AQ-/0/1765497858824/alignerr_logo?e=1788393600&v=beta&t=3d8xyZZ03Ssq5pf-LGSfl0O8fA-fb3TkKbCB8i3uY-c;Cybersecurity;https://www.linkedin.com/company/alignerr/about/;Cibersegurança;cybersecurity OR cyber security OR ai red team;alignerr;1;;https://www.linkedin.com/jobs/view/4453613770/;https://www.linkedin.com/jobs/view/4453613770/;Remote;Cybersecurity, Infraestrutura/Redes;13/08/2026;Rio de Janeiro;Rio de Janeiro;RJ;Região Sudeste;Brasil;América do Sul
29;Alignerr;Offensive Security Analyst (Structured / Non-Exploit);Rio de Janeiro, RJ;12/08 22:00;https://www.linkedin.com/jobs/view/4453611745/;https://media.licdn.com/dms/image/v2/D560BAQHD7jKpwp33DA/company-logo_100_100/B56ZsP32kCG4AQ-/0/1765497858824/alignerr_logo?e=1788393600&v=beta&t=3d8xyZZ03Ssq5pf-LGSfl0O8fA-fb3TkKbCB8i3uY-c;Cybersecurity;https://www.linkedin.com/company/alignerr/about/;Cibersegurança;cybersecurity OR cyber security OR ai red team;alignerr;1;;https://www.linkedin.com/jobs/view/4453611745/;https://www.linkedin.com/jobs/view/4453611745/;Remote;Cybersecurity;13/08/2026;Rio de Janeiro;Rio de Janeiro;RJ;Região Sudeste;Brasil;América do Sul
30;Alignerr;Vulnerability Management Analyst;Rio de Janeiro, RJ;12/08 22:00;https://www.linkedin.com/jobs/view/4453625052/;https://media.licdn.com/dms/image/v2/D560BAQHD7jKpwp33DA/company-logo_100_100/B56ZsP32kCG4AQ-/0/1765497858824/alignerr_logo?e=1788393600&v=beta&t=3d8xyZZ03Ssq5pf-LGSfl0O8fA-fb3TkKbCB8i3uY-c;Middle > Manager;https://www.linkedin.com/company/alignerr/about/;Software e Serviços de TI;cybersecurity OR cyber security OR ai red team;alignerr;1;;https://www.linkedin.com/jobs/view/4453625052/;https://www.linkedin.com/jobs/view/4453625052/;Remote;-;13/08/2026;Rio de Janeiro;Rio de Janeiro;RJ;Região Sudeste;Brasil;América do Sul
31;Alignerr;Cybersecurity Defense Expert;São Paulo, SP;12/08 22:00;https://www.linkedin.com/jobs/view/4453630010/;https://media.licdn.com/dms/image/v2/D560BAQHD7jKpwp33DA/company-logo_100_100/B56ZsP32kCG4AQ-/0/1765497858824/alignerr_logo?e=1788393600&v=beta&t=3d8xyZZ03Ssq5pf-LGSfl0O8fA-fb3TkKbCB8i3uY-c;Cybersecurity;https://www.linkedin.com/company/alignerr/about/;Cibersegurança;cybersecurity OR cyber security OR ai red team;alignerr;1;;https://www.linkedin.com/jobs/view/4453630010/;https://www.linkedin.com/jobs/view/4453630010/;Remote;Specialist, Cybersecurity;13/08/2026;São Paulo;São Paulo;SP;Região Sudeste;Brasil;América do Sul
32;Alignerr;Cybersecurity Penetration Testing Expert;São Paulo, SP;12/08 22:00;https://www.linkedin.com/jobs/view/4453626026/;https://media.licdn.com/dms/image/v2/D560BAQHD7jKpwp33DA/company-logo_100_100/B56ZsP32kCG4AQ-/0/1765497858824/alignerr_logo?e=1788393600&v=beta&t=3d8xyZZ03Ssq5pf-LGSfl0O8fA-fb3TkKbCB8i3uY-c;Cybersecurity;https://www.linkedin.com/company/alignerr/about/;Cibersegurança;cybersecurity OR cyber security OR ai red team;alignerr;1;;https://www.linkedin.com/jobs/view/4453626026/;https://www.linkedin.com/jobs/view/4453626026/;Remote;Specialist, Cybersecurity, Testes / QA;13/08/2026;São Paulo;São Paulo;SP;Região Sudeste;Brasil;América do Sul
33;Alignerr;Cybersecurity Penetration Testing Expert;São Paulo, SP;12/08 22:00;https://www.linkedin.com/jobs/view/4453619206/;https://media.licdn.com/dms/image/v2/D560BAQHD7jKpwp33DA/company-logo_100_100/B56ZsP32kCG4AQ-/0/1765497858824/alignerr_logo?e=1788393600&v=beta&t=3d8xyZZ03Ssq5pf-LGSfl0O8fA-fb3TkKbCB8i3uY-c;Cybersecurity;https://www.linkedin.com/company/alignerr/about/;Cibersegurança;cybersecurity OR cyber security OR ai red team;alignerr;1;;https://www.linkedin.com/jobs/view/4453619206/;https://www.linkedin.com/jobs/view/4453619206/;Remote;Specialist, Cybersecurity, Testes / QA;13/08/2026;São Paulo;São Paulo;SP;Região Sudeste;Brasil;América do Sul
34;Alpha Estágio;ESTÁGIO EM SEGURANÇA DA INFORMAÇÃO E INFRAESTRUTURA DE TI RIO DE JANEIRORJ VGALGM - RJ;Grande Rio de Janeiro (RJ);12/08 23:00;https://www.linkedin.com/jobs/view/4450443459/;https://media.licdn.com/dms/image/v2/C4D0BAQFxt3oY3Ni2lg/company-logo_100_100/company-logo_100_100/0/1642101002803/alpha_estgio_logo?e=1788393600&v=beta&t=1eOUZch-Qa5-LtqPy8iQvcKqbgYNQWtIt-9X4yj0Qds;-;https://www.linkedin.com/company/alpha-est-gio/about/;Cibersegurança;cybersecurity OR cyber security OR ai red team;alpha estágio;1;;https://www.linkedin.com/jobs/view/4450443459/;https://www.linkedin.com/jobs/view/4450443459/;On-site;Intern, TI/Tech, Cybersecurity, Infraestrutura/Redes;13/08/2026;;Rio de Janeiro;RJ;Região Sudeste;Brasil;América do Sul
35;Amazon Web Services (AWS);Delivery Consultant - Cloud Security, Professional Services, Professional Services;Grande São Paulo (SP) ;12/08 22:00;https://www.linkedin.com/jobs/view/4453613243/;https://media.licdn.com/dms/image/v2/D4E0BAQFqdm1TZ-RZKQ/company-logo_100_100/B4EZgOay6gHEAY-/0/1752588562343/amazon_web_services_logo?e=1788393600&v=beta&t=yMZViGm_2yJ4r9HWDE1PvQabKceLdrF0mbdpVA7mSiA;Cybersecurity;https://www.linkedin.com/company/amazon-web-services-aws/about/;Cibersegurança;cybersecurity OR cyber security OR ai red team;amazon web services (aws);1;;https://www.linkedin.com/jobs/view/4453613243/;https://www.linkedin.com/jobs/view/4453613243/;Not informed;Consultor, Cybersecurity, Delivery/SDM;13/08/2026;;São Paulo;SP;Região Sudeste;Brasil;América do Sul
36;Assaí Atacadista;Especialista de Segurança da Informação III – Incidentes;São Paulo, SP;13/08 19:00;https://www.linkedin.com/jobs/view/4450829765/;https://media.licdn.com/dms/image/v2/D4D0BAQGxJbbfmCSbqw/company-logo_100_100/B4DZh65m30GsAQ-/0/1754408579127/assaiatacadista_logo?e=1788393600&v=beta&t=Ld-6nuq_GMvEzLat8aH5f70a2ieAjYWL8qSvhbWmW3E;Advanced > Specialist;https://www.linkedin.com/company/assa-atacadista/about/;Cibersegurança;cybersecurity OR cyber security OR ai red team;assaí atacadista;1;;https://www.linkedin.com/jobs/view/4450829765/;https://www.linkedin.com/jobs/view/4450829765/;Hybrid;Specialist, Cybersecurity;13/08/2026;São Paulo;São Paulo;SP;Região Sudeste;Brasil;América do Sul
37;Auren Energia;Consultor de Gestão de Identidade & Acessos I;São Paulo, SP;13/08 07:00;https://www.linkedin.com/jobs/view/4447584802/;https://media.licdn.com/dms/image/v2/D4D0BAQFKx_tt_qArUw/company-logo_100_100/company-logo_100_100/0/1688490410882/aurenenergia_logo?e=1788393600&v=beta&t=l0qQRnyPmZIB91stzujhUUvmZ41lDVYaUBcCkb8enlM;Advanced > Specialist;https://www.linkedin.com/company/auren-energia/about/;Energia e Combustíveis;cybersecurity OR cyber security OR ai red team;auren energia;1;;https://www.linkedin.com/jobs/view/4447584802/;https://www.linkedin.com/jobs/view/4447584802/;Hybrid;Consultor;13/08/2026;São Paulo;São Paulo;SP;Região Sudeste;Brasil;América do Sul
38;BANCO PAULISTA S.A.;ANALISTA DE SEGURANÇA  INFORMAÇÃO PL;São Paulo, SP;12/08 22:00;https://www.linkedin.com/jobs/view/4453605917/;https://media.licdn.com/dms/image/v2/D4D0BAQGUhSCXxvTPcQ/company-logo_100_100/B4DZraLXXCKIAQ-/0/1764597004096/banco_paulista_logo?e=1788393600&v=beta&t=J_kqwh2_KsboobEh6ES9mVGVdmJFpR4WK2URY9Z6FgE;Advanced > Specialist;https://www.linkedin.com/company/banco-paulista-s-a/about/;Cibersegurança;cybersecurity OR cyber security OR ai red team;banco paulista s.a.;1;;https://www.linkedin.com/jobs/view/4453605917/;https://www.linkedin.com/jobs/view/4453605917/;On-site;Mid, Associate;13/08/2026;São Paulo;São Paulo;SP;Região Sudeste;Brasil;América do Sul
39;BTG Pactual;Especialista de GENAI Security;São Paulo, SP;13/08 06:00;https://www.linkedin.com/jobs/view/4435110923/;https://media.licdn.com/dms/image/v2/C4E0BAQE0wyub1rswiA/company-logo_100_100/company-logo_100_100/0/1654720569889/btgpactual_logo?e=1788393600&v=beta&t=uZYCfebp4lHb-Vbu1O9UIyfIhAFvrnUqV-X3kWF-F3Q;Data & Ai > Generative Ai;https://www.linkedin.com/company/btg-pactual/about/;Cibersegurança;cybersecurity OR cyber security OR ai red team;btg pactual;1;;https://www.linkedin.com/jobs/view/4435110923/;https://www.linkedin.com/jobs/view/4435110923/;Not informed;Specialist, Cybersecurity;13/08/2026;São Paulo;São Paulo;SP;Região Sudeste;Brasil;América do Sul
40;BairesDev;Application Security Engineer (Checkmarx / SAST) - Remote Work;Brasil;13/08 17:00;https://www.linkedin.com/jobs/view/4453257396/;https://media.licdn.com/dms/image/v2/D4E0BAQGNvQASzrdL_w/company-logo_100_100/company-logo_100_100/0/1687874736484/bairesdev_logo?e=1788393600&v=beta&t=6wniX0AEtLFVXfaIkyBCkhHM8agRCPrRsiiD4U9orAw;Cybersecurity;https://www.linkedin.com/company/bairesdev/about/;Cibersegurança;cybersecurity OR cyber security OR ai red team;bairesdev;1;;https://www.linkedin.com/jobs/view/4453257396/;https://www.linkedin.com/jobs/view/4453257396/;Remote;Cybersecurity, Engenharia Geral;13/08/2026;;;;;Brasil;América do Sul
41;BairesDev;Embedded Security Engineer - Remote Work;Brasil;13/08 15:00;https://www.linkedin.com/jobs/view/4453243050/;https://media.licdn.com/dms/image/v2/D4E0BAQGNvQASzrdL_w/company-logo_100_100/company-logo_100_100/0/1687874736484/bairesdev_logo?e=1788393600&v=beta&t=6wniX0AEtLFVXfaIkyBCkhHM8agRCPrRsiiD4U9orAw;Cybersecurity;https://www.linkedin.com/company/bairesdev/about/;Cibersegurança;cybersecurity OR cyber security OR ai red team;bairesdev;1;;https://www.linkedin.com/jobs/view/4453243050/;https://www.linkedin.com/jobs/view/4453243050/;Remote;Cybersecurity, Engenharia Geral;13/08/2026;;;;;Brasil;América do Sul
42;BairesDev;Engenheiro de Segurança de Aplicações (Checkmarx / SAST) - Trabalho Remoto;Brasil;13/08 17:00;https://www.linkedin.com/jobs/view/4453257492/;https://media.licdn.com/dms/image/v2/D4E0BAQGNvQASzrdL_w/company-logo_100_100/company-logo_100_100/0/1687874736484/bairesdev_logo?e=1788393600&v=beta&t=6wniX0AEtLFVXfaIkyBCkhHM8agRCPrRsiiD4U9orAw;-;https://www.linkedin.com/company/bairesdev/about/;Cibersegurança;cybersecurity OR cyber security OR ai red team;bairesdev;1;;https://www.linkedin.com/jobs/view/4453257492/;https://www.linkedin.com/jobs/view/4453257492/;Remote;TI/Tech;13/08/2026;;;;;Brasil;América do Sul
43;BairesDev;Senior DevSecOps Engineer - Remote Work;Brasil;13/08 16:00;https://www.linkedin.com/jobs/view/4453242365/;https://media.licdn.com/dms/image/v2/D4E0BAQGNvQASzrdL_w/company-logo_100_100/company-logo_100_100/0/1687874736484/bairesdev_logo?e=1788393600&v=beta&t=6wniX0AEtLFVXfaIkyBCkhHM8agRCPrRsiiD4U9orAw;Advanced > Information Technology;https://www.linkedin.com/company/bairesdev/about/;-;cybersecurity OR cyber security OR ai red team;bairesdev;1;;https://www.linkedin.com/jobs/view/4453242365/;https://www.linkedin.com/jobs/view/4453242365/;Remote;Senior, Engenharia Geral;13/08/2026;;;;;Brasil;América do Sul
44;BairesDev;Senior Java & Cloud Engineer - Remote Work;Brasil;13/08 12:00;https://www.linkedin.com/jobs/view/4453208465/;https://media.licdn.com/dms/image/v2/D4E0BAQGNvQASzrdL_w/company-logo_100_100/company-logo_100_100/0/1687874736484/bairesdev_logo?e=1788393600&v=beta&t=6wniX0AEtLFVXfaIkyBCkhHM8agRCPrRsiiD4U9orAw;Specific > Cloud;https://www.linkedin.com/company/bairesdev/about/;-;cybersecurity OR cyber security OR ai red team;bairesdev;1;;https://www.linkedin.com/jobs/view/4453208465/;https://www.linkedin.com/jobs/view/4453208465/;Remote;Senior, Engenharia Geral;13/08/2026;;;;;Brasil;América do Sul
45;BairesDev;Engenheiro de Segurança de Aplicações (Checkmarx / SAST) - Trabalho Remoto;Brasília, DF;13/08 17:00;https://www.linkedin.com/jobs/view/4453243594/;https://media.licdn.com/dms/image/v2/D4E0BAQGNvQASzrdL_w/company-logo_100_100/company-logo_100_100/0/1687874736484/bairesdev_logo?e=1788393600&v=beta&t=6wniX0AEtLFVXfaIkyBCkhHM8agRCPrRsiiD4U9orAw;-;https://www.linkedin.com/company/bairesdev/about/;Cibersegurança;cybersecurity OR cyber security OR ai red team;bairesdev;1;;https://www.linkedin.com/jobs/view/4453243594/;https://www.linkedin.com/jobs/view/4453243594/;Remote;TI/Tech;13/08/2026;;Distrito Federal;DF;Região Centro-Oeste;Brasil;América do Sul
46;BairesDev;Engenheiro de Segurança de Aplicações (Checkmarx / SAST) - Trabalho Remoto;Campinas, SP;13/08 17:00;https://www.linkedin.com/jobs/view/4453246533/;https://media.licdn.com/dms/image/v2/D4E0BAQGNvQASzrdL_w/company-logo_100_100/company-logo_100_100/0/1687874736484/bairesdev_logo?e=1788393600&v=beta&t=6wniX0AEtLFVXfaIkyBCkhHM8agRCPrRsiiD4U9orAw;-;https://www.linkedin.com/company/bairesdev/about/;Cibersegurança;cybersecurity OR cyber security OR ai red team;bairesdev;1;;https://www.linkedin.com/jobs/view/4453246533/;https://www.linkedin.com/jobs/view/4453246533/;Remote;TI/Tech;13/08/2026;;São Paulo;SP;Região Sudeste;Brasil;América do Sul
47;BairesDev;Engenheiro de Segurança de Aplicações (Checkmarx / SAST) - Trabalho Remoto;Campo Grande, MS;13/08 17:00;https://www.linkedin.com/jobs/view/4453239564/;https://media.licdn.com/dms/image/v2/D4E0BAQGNvQASzrdL_w/company-logo_100_100/company-logo_100_100/0/1687874736484/bairesdev_logo?e=1788393600&v=beta&t=6wniX0AEtLFVXfaIkyBCkhHM8agRCPrRsiiD4U9orAw;-;https://www.linkedin.com/company/bairesdev/about/;Cibersegurança;cybersecurity OR cyber security OR ai red team;bairesdev;1;;https://www.linkedin.com/jobs/view/4453239564/;https://www.linkedin.com/jobs/view/4453239564/;Remote;TI/Tech;13/08/2026;Campo Grande;Mato Grosso do Sul;MS;Região Centro-Oeste;Brasil;América do Sul
48;BairesDev;Engenheiro de Segurança de Aplicações (Checkmarx / SAST) - Trabalho Remoto;Campo Grande, SP;13/08 17:00;https://www.linkedin.com/jobs/view/4453240533/;https://media.licdn.com/dms/image/v2/D4E0BAQGNvQASzrdL_w/company-logo_100_100/company-logo_100_100/0/1687874736484/bairesdev_logo?e=1788393600&v=beta&t=6wniX0AEtLFVXfaIkyBCkhHM8agRCPrRsiiD4U9orAw;-;https://www.linkedin.com/company/bairesdev/about/;Cibersegurança;cybersecurity OR cyber security OR ai red team;bairesdev;1;;https://www.linkedin.com/jobs/view/4453240533/;https://www.linkedin.com/jobs/view/4453240533/;Remote;TI/Tech;13/08/2026;;São Paulo;SP;Região Sudeste;Brasil;América do Sul
49;BairesDev;Engenheiro de Segurança de Aplicações (Checkmarx / SAST) - Trabalho Remoto;Cuiabá, MT;13/08 17:00;https://www.linkedin.com/jobs/view/4453238533/;https://media.licdn.com/dms/image/v2/D4E0BAQGNvQASzrdL_w/company-logo_100_100/company-logo_100_100/0/1687874736484/bairesdev_logo?e=1788393600&v=beta&t=6wniX0AEtLFVXfaIkyBCkhHM8agRCPrRsiiD4U9orAw;-;https://www.linkedin.com/company/bairesdev/about/;Cibersegurança;cybersecurity OR cyber security OR ai red team;bairesdev;1;;https://www.linkedin.com/jobs/view/4453238533/;https://www.linkedin.com/jobs/view/4453238533/;Remote;TI/Tech;13/08/2026;Cuiabá;Mato Grosso;MT;Região Centro-Oeste;Brasil;América do Sul
50;BairesDev;Engenheiro de Segurança de Aplicações (Checkmarx / SAST) - Trabalho Remoto;Curitiba, PR;13/08 17:00;https://www.linkedin.com/jobs/view/4453253493/;https://media.licdn.com/dms/image/v2/D4E0BAQGNvQASzrdL_w/company-logo_100_100/company-logo_100_100/0/1687874736484/bairesdev_logo?e=1788393600&v=beta&t=6wniX0AEtLFVXfaIkyBCkhHM8agRCPrRsiiD4U9orAw;-;https://www.linkedin.com/company/bairesdev/about/;Cibersegurança;cybersecurity OR cyber security OR ai red team;bairesdev;1;;https://www.linkedin.com/jobs/view/4453253493/;https://www.linkedin.com/jobs/view/4453253493/;Remote;TI/Tech;13/08/2026;;Paraná;PR;Região Sul;Brasil;América do Sul
51;BairesDev;Engenheiro de Segurança de Aplicações (Checkmarx / SAST) - Trabalho Remoto;Duque de Caxias, RJ;13/08 17:00;https://www.linkedin.com/jobs/view/4453236584/;https://media.licdn.com/dms/image/v2/D4E0BAQGNvQASzrdL_w/company-logo_100_100/company-logo_100_100/0/1687874736484/bairesdev_logo?e=1788393600&v=beta&t=6wniX0AEtLFVXfaIkyBCkhHM8agRCPrRsiiD4U9orAw;-;https://www.linkedin.com/company/bairesdev/about/;Cibersegurança;cybersecurity OR cyber security OR ai red team;bairesdev;1;;https://www.linkedin.com/jobs/view/4453236584/;https://www.linkedin.com/jobs/view/4453236584/;Remote;TI/Tech;13/08/2026;Duque de Caxias;Rio de Janeiro;RJ;Região Sudeste;Brasil;América do Sul
52;BairesDev;Application Security Engineer (Checkmarx / SAST) - Remote Work;Federal District, Brasil;13/08 17:00;https://www.linkedin.com/jobs/view/4453244499/;https://media.licdn.com/dms/image/v2/D4E0BAQGNvQASzrdL_w/company-logo_100_100/company-logo_100_100/0/1687874736484/bairesdev_logo?e=1788393600&v=beta&t=6wniX0AEtLFVXfaIkyBCkhHM8agRCPrRsiiD4U9orAw;Cybersecurity;https://www.linkedin.com/company/bairesdev/about/;Cibersegurança;cybersecurity OR cyber security OR ai red team;bairesdev;1;;https://www.linkedin.com/jobs/view/4453244499/;https://www.linkedin.com/jobs/view/4453244499/;Remote;Cybersecurity, Engenharia Geral;13/08/2026;;Distrito Federal;DF;Região Centro-Oeste;Brasil;América do Sul
53;BairesDev;Engenheiro de Segurança de Aplicações (Checkmarx / SAST) - Trabalho Remoto;Federal District, Brasil;13/08 17:00;https://www.linkedin.com/jobs/view/4453257496/;https://media.licdn.com/dms/image/v2/D4E0BAQGNvQASzrdL_w/company-logo_100_100/company-logo_100_100/0/1687874736484/bairesdev_logo?e=1788393600&v=beta&t=6wniX0AEtLFVXfaIkyBCkhHM8agRCPrRsiiD4U9orAw;-;https://www.linkedin.com/company/bairesdev/about/;Cibersegurança;cybersecurity OR cyber security OR ai red team;bairesdev;1;;https://www.linkedin.com/jobs/view/4453257496/;https://www.linkedin.com/jobs/view/4453257496/;Remote;TI/Tech;13/08/2026;;Distrito Federal;DF;Região Centro-Oeste;Brasil;América do Sul
54;BairesDev;Engenheiro de Segurança de Aplicações (Checkmarx / SAST) - Trabalho Remoto;Florianópolis, SC;13/08 17:00;https://www.linkedin.com/jobs/view/4453248535/;https://media.licdn.com/dms/image/v2/D4E0BAQGNvQASzrdL_w/company-logo_100_100/company-logo_100_100/0/1687874736484/bairesdev_logo?e=1788393600&v=beta&t=6wniX0AEtLFVXfaIkyBCkhHM8agRCPrRsiiD4U9orAw;-;https://www.linkedin.com/company/bairesdev/about/;Cibersegurança;cybersecurity OR cyber security OR ai red team;bairesdev;1;;https://www.linkedin.com/jobs/view/4453248535/;https://www.linkedin.com/jobs/view/4453248535/;Remote;TI/Tech;13/08/2026;;Santa Catarina;SC;Região Sul;Brasil;América do Sul
55;BairesDev;Engenheiro de Segurança de Aplicações (Checkmarx / SAST) - Trabalho Remoto;Fortaleza, CE;13/08 17:00;https://www.linkedin.com/jobs/view/4453255484/;https://media.licdn.com/dms/image/v2/D4E0BAQGNvQASzrdL_w/company-logo_100_100/company-logo_100_100/0/1687874736484/bairesdev_logo?e=1788393600&v=beta&t=6wniX0AEtLFVXfaIkyBCkhHM8agRCPrRsiiD4U9orAw;-;https://www.linkedin.com/company/bairesdev/about/;Cibersegurança;cybersecurity OR cyber security OR ai red team;bairesdev;1;;https://www.linkedin.com/jobs/view/4453255484/;https://www.linkedin.com/jobs/view/4453255484/;Remote;TI/Tech;13/08/2026;Fortaleza;Ceará;CE;Região Nordeste;Brasil;América do Sul
56;BairesDev;Engenheiro de Segurança de Aplicações (Checkmarx / SAST) - Trabalho Remoto;Goiana, PE;13/08 17:00;https://www.linkedin.com/jobs/view/4453247595/;https://media.licdn.com/dms/image/v2/D4E0BAQGNvQASzrdL_w/company-logo_100_100/company-logo_100_100/0/1687874736484/bairesdev_logo?e=1788393600&v=beta&t=6wniX0AEtLFVXfaIkyBCkhHM8agRCPrRsiiD4U9orAw;-;https://www.linkedin.com/company/bairesdev/about/;Cibersegurança;cybersecurity OR cyber security OR ai red team;bairesdev;1;;https://www.linkedin.com/jobs/view/4453247595/;https://www.linkedin.com/jobs/view/4453247595/;Remote;TI/Tech;13/08/2026;Goiana;Pernambuco;PE;Região Nordeste;Brasil;América do Sul
57;BairesDev;Engenheiro de Segurança de Aplicações (Checkmarx / SAST) - Trabalho Remoto;Goianápolis, GO;13/08 17:00;https://www.linkedin.com/jobs/view/4453257498/;https://media.licdn.com/dms/image/v2/D4E0BAQGNvQASzrdL_w/company-logo_100_100/company-logo_100_100/0/1687874736484/bairesdev_logo?e=1788393600&v=beta&t=6wniX0AEtLFVXfaIkyBCkhHM8agRCPrRsiiD4U9orAw;-;https://www.linkedin.com/company/bairesdev/about/;Cibersegurança;cybersecurity OR cyber security OR ai red team;bairesdev;1;;https://www.linkedin.com/jobs/view/4453257498/;https://www.linkedin.com/jobs/view/4453257498/;Remote;TI/Tech;13/08/2026;Goianápolis;Goiás;GO;Região Centro-Oeste;Brasil;América do Sul
58;BairesDev;Engenheiro de Segurança de Aplicações (Checkmarx / SAST) - Trabalho Remoto;Goiânia, GO;13/08 17:00;https://www.linkedin.com/jobs/view/4453250525/;https://media.licdn.com/dms/image/v2/D4E0BAQGNvQASzrdL_w/company-logo_100_100/company-logo_100_100/0/1687874736484/bairesdev_logo?e=1788393600&v=beta&t=6wniX0AEtLFVXfaIkyBCkhHM8agRCPrRsiiD4U9orAw;-;https://www.linkedin.com/company/bairesdev/about/;Cibersegurança;cybersecurity OR cyber security OR ai red team;bairesdev;1;;https://www.linkedin.com/jobs/view/4453250525/;https://www.linkedin.com/jobs/view/4453250525/;Remote;TI/Tech;13/08/2026;Goiânia;Goiás;GO;Região Centro-Oeste;Brasil;América do Sul
59;BairesDev;Engenheiro de Segurança de Aplicações (Checkmarx / SAST) - Trabalho Remoto;Guarujá, SP;13/08 17:00;https://www.linkedin.com/jobs/view/4453240538/;https://media.licdn.com/dms/image/v2/D4E0BAQGNvQASzrdL_w/company-logo_100_100/company-logo_100_100/0/1687874736484/bairesdev_logo?e=1788393600&v=beta&t=6wniX0AEtLFVXfaIkyBCkhHM8agRCPrRsiiD4U9orAw;-;https://www.linkedin.com/company/bairesdev/about/;Cibersegurança;cybersecurity OR cyber security OR ai red team;bairesdev;1;;https://www.linkedin.com/jobs/view/4453240538/;https://www.linkedin.com/jobs/view/4453240538/;Remote;TI/Tech;13/08/2026;Guarujá;São Paulo;SP;Região Sudeste;Brasil;América do Sul
60;BairesDev;Engenheiro de Segurança de Aplicações (Checkmarx / SAST) - Trabalho Remoto;Guarulhos, SP;13/08 17:00;https://www.linkedin.com/jobs/view/4453243598/;https://media.licdn.com/dms/image/v2/D4E0BAQGNvQASzrdL_w/company-logo_100_100/company-logo_100_100/0/1687874736484/bairesdev_logo?e=1788393600&v=beta&t=6wniX0AEtLFVXfaIkyBCkhHM8agRCPrRsiiD4U9orAw;-;https://www.linkedin.com/company/bairesdev/about/;Cibersegurança;cybersecurity OR cyber security OR ai red team;bairesdev;1;;https://www.linkedin.com/jobs/view/4453243598/;https://www.linkedin.com/jobs/view/4453243598/;Remote;TI/Tech;13/08/2026;Guarulhos;São Paulo;SP;Região Sudeste;Brasil;América do Sul
61;BairesDev;Engenheiro de Segurança de Aplicações (Checkmarx / SAST) - Trabalho Remoto;Londrina, PR;13/08 17:00;https://www.linkedin.com/jobs/view/4453235592/;https://media.licdn.com/dms/image/v2/D4E0BAQGNvQASzrdL_w/company-logo_100_100/company-logo_100_100/0/1687874736484/bairesdev_logo?e=1788393600&v=beta&t=6wniX0AEtLFVXfaIkyBCkhHM8agRCPrRsiiD4U9orAw;-;https://www.linkedin.com/company/bairesdev/about/;Cibersegurança;cybersecurity OR cyber security OR ai red team;bairesdev;1;;https://www.linkedin.com/jobs/view/4453235592/;https://www.linkedin.com/jobs/view/4453235592/;Remote;TI/Tech;13/08/2026;Londrina;Paraná;PR;Região Sul;Brasil;América do Sul
62;BairesDev;Application Security Engineer (Checkmarx / SAST) - Remote Work;Minas Gerais, Brasil;13/08 17:00;https://www.linkedin.com/jobs/view/4453247500/;https://media.licdn.com/dms/image/v2/D4E0BAQGNvQASzrdL_w/company-logo_100_100/company-logo_100_100/0/1687874736484/bairesdev_logo?e=1788393600&v=beta&t=6wniX0AEtLFVXfaIkyBCkhHM8agRCPrRsiiD4U9orAw;Cybersecurity;https://www.linkedin.com/company/bairesdev/about/;Cibersegurança;cybersecurity OR cyber security OR ai red team;bairesdev;1;;https://www.linkedin.com/jobs/view/4453247500/;https://www.linkedin.com/jobs/view/4453247500/;Remote;Cybersecurity, Engenharia Geral;13/08/2026;;Minas Gerais;MG;Região Sudeste;Brasil;América do Sul
63;BairesDev;Application Security Engineer (Checkmarx / SAST) - Remote Work;RJ;13/08 17:00;https://www.linkedin.com/jobs/view/4453257399/;https://media.licdn.com/dms/image/v2/D4E0BAQGNvQASzrdL_w/company-logo_100_100/company-logo_100_100/0/1687874736484/bairesdev_logo?e=1788393600&v=beta&t=6wniX0AEtLFVXfaIkyBCkhHM8agRCPrRsiiD4U9orAw;Cybersecurity;https://www.linkedin.com/company/bairesdev/about/;Cibersegurança;cybersecurity OR cyber security OR ai red team;bairesdev;1;;https://www.linkedin.com/jobs/view/4453257399/;https://www.linkedin.com/jobs/view/4453257399/;Remote;Cybersecurity, Engenharia Geral;13/08/2026;;Rio de Janeiro;RJ;Região Sudeste;Brasil;América do Sul
64;BairesDev;Engenheiro de Segurança de Produto - Trabalho Remoto;RJ;13/08 13:00;https://www.linkedin.com/jobs/view/4452988996/;https://media.licdn.com/dms/image/v2/D4E0BAQGNvQASzrdL_w/company-logo_100_100/company-logo_100_100/0/1687874736484/bairesdev_logo?e=1788393600&v=beta&t=6wniX0AEtLFVXfaIkyBCkhHM8agRCPrRsiiD4U9orAw;-;https://www.linkedin.com/company/bairesdev/about/;Cibersegurança;cybersecurity OR cyber security OR ai red team;bairesdev;1;;https://www.linkedin.com/jobs/view/4452988996/;https://www.linkedin.com/jobs/view/4452988996/;Remote;-;13/08/2026;;Rio de Janeiro;RJ;Região Sudeste;Brasil;América do Sul
65;BairesDev;Application Security Engineer (Checkmarx / SAST) - Remote Work;SP;13/08 17:00;https://www.linkedin.com/jobs/view/4453252429/;https://media.licdn.com/dms/image/v2/D4E0BAQGNvQASzrdL_w/company-logo_100_100/company-logo_100_100/0/1687874736484/bairesdev_logo?e=1788393600&v=beta&t=6wniX0AEtLFVXfaIkyBCkhHM8agRCPrRsiiD4U9orAw;Cybersecurity;https://www.linkedin.com/company/bairesdev/about/;Cibersegurança;cybersecurity OR cyber security OR ai red team;bairesdev;1;;https://www.linkedin.com/jobs/view/4453252429/;https://www.linkedin.com/jobs/view/4453252429/;Remote;Cybersecurity, Engenharia Geral;13/08/2026;;São Paulo;SP;Região Sudeste;Brasil;América do Sul
66;Banco BBC Digital;ESPECIALISTA DE REDES E SI;São Paulo, SP;13/08 19:00;https://www.linkedin.com/jobs/view/4450829794/;https://media.licdn.com/dms/image/v2/C4E0BAQF-oHz4eoNjZQ/company-logo_100_100/company-logo_100_100/0/1630574710458/bbcdigital_logo?e=1788393600&v=beta&t=dRm4jg08OBwz3-PGCnaz_kN782aFyGaVkNET-z8SNdk;Advanced > Specialist;https://www.linkedin.com/company/banco-bbc-digital/about/;Serviços Financeiros;cybersecurity OR cyber security OR ai red team;banco bbc digital;1;;https://www.linkedin.com/jobs/view/4450829794/;https://www.linkedin.com/jobs/view/4450829794/;On-site;Specialist, Infraestrutura/Redes;13/08/2026;São Paulo;São Paulo;SP;Região Sudeste;Brasil;América do Sul
67;Banco Bradesco;Analista Segurança da Informação - CSIRT;Osasco, SP;13/08 14:00;https://www.linkedin.com/jobs/view/4454069299/;https://media.licdn.com/dms/image/v2/C4E0BAQEXB9xussWsHQ/company-logo_100_100/company-logo_100_100/0/1680038081185/bradesco_logo?e=1788393600&v=beta&t=4Sfb3v0drbsBY-2DcwByB35sa62aj_lpQVjrQaOZIxI;Advanced > Specialist;https://www.linkedin.com/company/banco-bradesco/about/;Cibersegurança;cybersecurity OR cyber security OR ai red team;banco bradesco;1;;https://www.linkedin.com/jobs/view/4454069299/;https://www.linkedin.com/jobs/view/4454069299/;Not informed;Associate, Cybersecurity;13/08/2026;Osasco;São Paulo;SP;Região Sudeste;Brasil;América do Sul
68;Bunge;Anl II BT Security;São Paulo, SP;12/08 22:00;https://www.linkedin.com/jobs/view/4453624307/;https://media.licdn.com/dms/image/v2/D560BAQFJQ0GVco3UXw/company-logo_100_100/company-logo_100_100/0/1720012233520/bunge_logo?e=1788393600&v=beta&t=HfG57YgAXpplK-devqWykYoOQ3D7S99_lUK3tqele7E;Cybersecurity;https://www.linkedin.com/company/bunge/about/;Cibersegurança;cybersecurity OR cyber security OR ai red team;bunge;1;;https://www.linkedin.com/jobs/view/4453624307/;https://www.linkedin.com/jobs/view/4453624307/;On-site;Cybersecurity;13/08/2026;São Paulo;São Paulo;SP;Região Sudeste;Brasil;América do Sul
69;ByteDance;Solutions Architect;São Paulo, SP;13/08 15:00;https://www.linkedin.com/jobs/view/4453246065/;https://media.licdn.com/dms/image/v2/C560BAQGA-1ynUGnhlA/company-logo_100_100/company-logo_100_100/0/1630658803864/bytedance_logo?e=1788393600&v=beta&t=MUP3lcmYTBqJTJISaET7fNE2DxnhLvP1mANm4RcTfuk;Architecture > Solutions Architect;https://www.linkedin.com/company/bytedance/about/;Software e Serviços de TI;cybersecurity OR cyber security OR ai red team;bytedance;1;;https://www.linkedin.com/jobs/view/4453246065/;https://www.linkedin.com/jobs/view/4453246065/;On-site;-;13/08/2026;São Paulo;São Paulo;SP;Região Sudeste;Brasil;América do Sul
70;CHQ Gestão Empresarial e Franchising;Analista de Infraestrutura e Redes Pleno;São José do Rio Preto, SP;12/08 22:00;https://www.linkedin.com/jobs/view/4453602888/;https://media.licdn.com/dms/image/v2/C560BAQH15wv7IE0NTA/company-logo_100_100/company-logo_100_100/0/1631323503501?e=1788393600&v=beta&t=icw8Twse09q5kAZzM1jLialI1FPYTjeMMoXsAUuIjy0;Advanced > Specialist;https://www.linkedin.com/company/chq-gest-o-empresarial-e-franchising/about/;Infraestrutura;cybersecurity OR cyber security OR ai red team;chq gestão empresarial e franchising;1;;https://www.linkedin.com/jobs/view/4453602888/;https://www.linkedin.com/jobs/view/4453602888/;On-site;Mid, Associate, Infraestrutura/Redes;13/08/2026;São José do Rio Preto;São Paulo;SP;Região Sudeste;Brasil;América do Sul
71;CI&T;AI Engineer Senior (Claude Code);Brasil;13/08 01:00;https://www.linkedin.com/jobs/view/4453663276/;https://media.licdn.com/dms/image/v2/D4E0BAQHeZyGQWQJb7g/company-logo_100_100/B4EZ89lXBZJEAI-/0/1783444632002/ciandt_logo?e=1788393600&v=beta&t=W3TL5onRLuu1Mcmv6tV7uBh_bDsdKYQxEjjPuR6AhHY;Advanced > Information Technology;https://www.linkedin.com/company/ci-t/about/;-;cybersecurity OR cyber security OR ai red team;ci&t;1;;https://www.linkedin.com/jobs/view/4453663276/;https://www.linkedin.com/jobs/view/4453663276/;Remote;Inteligência Artificial, Senior, Engenharia Geral;13/08/2026;;;;;Brasil;América do Sul
72;CI&T;Master Generative AI Developer, Brazil;Brasil;13/08 14:00;https://www.linkedin.com/jobs/view/4454063369/;https://media.licdn.com/dms/image/v2/D4E0BAQHeZyGQWQJb7g/company-logo_100_100/B4EZ89lXBZJEAI-/0/1783444632002/ciandt_logo?e=1788393600&v=beta&t=W3TL5onRLuu1Mcmv6tV7uBh_bDsdKYQxEjjPuR6AhHY;Data & Ai > Generative Ai;https://www.linkedin.com/company/ci-t/about/;Inteligência Artificial;cybersecurity OR cyber security OR ai red team;ci&t;1;;https://www.linkedin.com/jobs/view/4454063369/;https://www.linkedin.com/jobs/view/4454063369/;Remote;Inteligência Artificial;13/08/2026;;;;;Brasil;América do Sul
73;CI&T;Senior Software Developer;Brasil;13/08 18:00;https://www.linkedin.com/jobs/view/4454306817/;https://media.licdn.com/dms/image/v2/D4E0BAQHeZyGQWQJb7g/company-logo_100_100/B4EZ89lXBZJEAI-/0/1783444632002/ciandt_logo?e=1788393600&v=beta&t=W3TL5onRLuu1Mcmv6tV7uBh_bDsdKYQxEjjPuR6AhHY;Advanced > Information Technology;https://www.linkedin.com/company/ci-t/about/;Software e Serviços de TI;cybersecurity OR cyber security OR ai red team;ci&t;1;;https://www.linkedin.com/jobs/view/4454306817/;https://www.linkedin.com/jobs/view/4454306817/;Remote;Senior, TI/Tech;13/08/2026;;;;;Brasil;América do Sul
74;Cactvs;Coordenador de Segurança da Informação;São Paulo, SP;12/08 22:00;https://www.linkedin.com/jobs/view/4453614541/;https://media.licdn.com/dms/image/v2/D4D0BAQEsUcFt1YMdxg/company-logo_100_100/company-logo_100_100/0/1733244794946/cactvs_logo?e=1788393600&v=beta&t=qzsQ7jzgHFz8Jb9w9ZKdiE8_rD2-MHRrA_Ped3BdFnw;Middle > Manager;https://www.linkedin.com/company/cactvs/about/;Cibersegurança;cybersecurity OR cyber security OR ai red team;cactvs;1;;https://www.linkedin.com/jobs/view/4453614541/;https://www.linkedin.com/jobs/view/4453614541/;On-site;Mid, Liderança/Gerência, Cybersecurity;13/08/2026;São Paulo;São Paulo;SP;Região Sudeste;Brasil;América do Sul
75;Capitani Group;Analista de Infraestrutura Cloud;Itajaí, SC;13/08 10:00;https://www.linkedin.com/jobs/view/4454035500/;https://media.licdn.com/dms/image/v2/C4D0BAQFNPiKzvjH9cQ/company-logo_100_100/company-logo_100_100/0/1650388372873/capitani_logo?e=1788393600&v=beta&t=kd0t1OGlrdOlpsABtFpXqWDeTSZD7-VF1ErlL7nt0H4;Specific > Cloud;https://www.linkedin.com/company/capitani-group/about/;Infraestrutura;cybersecurity OR cyber security OR ai red team;capitani group;1;;https://www.linkedin.com/jobs/view/4454035500/;https://www.linkedin.com/jobs/view/4454035500/;Hybrid;Associate, Infraestrutura/Redes;13/08/2026;Itajaí;Santa Catarina;SC;Região Sul;Brasil;América do Sul
76;Centro Universitário FAMINAS BH;Analista de Cibersegurança - MG;Grande Belo Horizonte (MG);12/08 23:00;https://www.linkedin.com/jobs/view/4450439481/;https://media.licdn.com/dms/image/v2/D4D0BAQGMTOwW7J_K7w/company-logo_100_100/B4DZy6CyRiI4AQ-/0/1772647818773/faminas_bh_logo?e=1788393600&v=beta&t=y6Qz0LrFF-Q_0UwyCa0P5uWYlL2sViFvXSaz0ccAad0;Advanced > Specialist;https://www.linkedin.com/company/centro-universit-rio-faminas-bh/about/;Cibersegurança;cybersecurity OR cyber security OR ai red team;centro universitário faminas bh;1;;https://www.linkedin.com/jobs/view/4450439481/;https://www.linkedin.com/jobs/view/4450439481/;On-site;Associate;13/08/2026;;Minas Gerais;MG;Região Sudeste;Brasil;América do Sul
77;Ciklum;Senior Artificial Intelligence/Machine Learning Engineer;Brasil;13/08 18:00;https://www.linkedin.com/jobs/view/4454311145/;https://media.licdn.com/dms/image/v2/C4D0BAQGNh_4pInYIIQ/company-logo_100_100/company-logo_100_100/0/1647617951142/ciklum_logo?e=1788393600&v=beta&t=jHFf_rZJd5biRqCohzR5VRYgO1O3QtjFeefZk2W8-hw;Advanced > Information Technology;https://www.linkedin.com/company/ciklum/about/;Hardware e Eletrônicos;cybersecurity OR cyber security OR ai red team;ciklum;1;;https://www.linkedin.com/jobs/view/4454311145/;https://www.linkedin.com/jobs/view/4454311145/;Remote;Machine Learning, Inteligência Artificial, Senior, Engenharia Geral;13/08/2026;;;;;Brasil;América do Sul
78;Ciklum;Senior DevOps Engineer;Brasil;13/08 12:00;https://www.linkedin.com/jobs/view/4454041460/;https://media.licdn.com/dms/image/v2/C4D0BAQGNh_4pInYIIQ/company-logo_100_100/company-logo_100_100/0/1647617951142/ciklum_logo?e=1788393600&v=beta&t=jHFf_rZJd5biRqCohzR5VRYgO1O3QtjFeefZk2W8-hw;Advanced > Information Technology;https://www.linkedin.com/company/ciklum/about/;-;cybersecurity OR cyber security OR ai red team;ciklum;1;;https://www.linkedin.com/jobs/view/4454041460/;https://www.linkedin.com/jobs/view/4454041460/;Remote;Senior, DevOps, Engenharia Geral;13/08/2026;;;;;Brasil;América do Sul
79;Ciklum;Solution Architect;Brasil;13/08 12:00;https://www.linkedin.com/jobs/view/4454038594/;https://media.licdn.com/dms/image/v2/C4D0BAQGNh_4pInYIIQ/company-logo_100_100/company-logo_100_100/0/1647617951142/ciklum_logo?e=1788393600&v=beta&t=jHFf_rZJd5biRqCohzR5VRYgO1O3QtjFeefZk2W8-hw;Architecture > Solutions Architect;https://www.linkedin.com/company/ciklum/about/;Software e Serviços de TI;cybersecurity OR cyber security OR ai red team;ciklum;1;;https://www.linkedin.com/jobs/view/4454038594/;https://www.linkedin.com/jobs/view/4454038594/;Remote;-;13/08/2026;;;;;Brasil;América do Sul
80;Ciklum;Solution Architect;Brasil;13/08 12:00;https://www.linkedin.com/jobs/view/4454056329/;https://media.licdn.com/dms/image/v2/C4D0BAQGNh_4pInYIIQ/company-logo_100_100/company-logo_100_100/0/1647617951142/ciklum_logo?e=1788393600&v=beta&t=jHFf_rZJd5biRqCohzR5VRYgO1O3QtjFeefZk2W8-hw;Architecture > Solutions Architect;https://www.linkedin.com/company/ciklum/about/;Software e Serviços de TI;cybersecurity OR cyber security OR ai red team;ciklum;1;;https://www.linkedin.com/jobs/view/4454056329/;https://www.linkedin.com/jobs/view/4454056329/;Remote;-;13/08/2026;;;;;Brasil;América do Sul
81;Cloud Target;Especialista IGA;Brasil;13/08 07:00;https://www.linkedin.com/jobs/view/4453691599/;https://media.licdn.com/dms/image/v2/D4D0BAQHH_U5Fyy269A/company-logo_100_100/company-logo_100_100/0/1725569368711/cloud_target_logo?e=1788393600&v=beta&t=QbuMhkuEfUjiLN1F_ujOd7oh0Kfe8z4qEq_Tw1kqhhY;Advanced > Specialist;https://www.linkedin.com/company/cloud-target/about/;-;cybersecurity OR cyber security OR ai red team;cloud target;1;;https://www.linkedin.com/jobs/view/4453691599/;https://www.linkedin.com/jobs/view/4453691599/;Remote;Specialist;13/08/2026;;;;;Brasil;América do Sul
82;CloudLinux;Kernel Developer - KernelCare ELS team (fully remote, LATAM);Brasília, DF;13/08 13:00;https://www.linkedin.com/jobs/view/4441070187/;https://media.licdn.com/dms/image/v2/C560BAQGJBK31jHxCPw/company-logo_100_100/company-logo_100_100/0/1630565286299/cloudlinux_logo?e=1788393600&v=beta&t=N2z2euzj0Q0oh45xUeFCmpejMQDbdMdT1LvzRXmiX0c;Advanced > Information Technology;https://www.linkedin.com/company/cloudlinux/about/;-;cybersecurity OR cyber security OR ai red team;cloudlinux;1;;https://www.linkedin.com/jobs/view/4441070187/;https://www.linkedin.com/jobs/view/4441070187/;Remote;-;13/08/2026;;Distrito Federal;DF;Região Centro-Oeste;Brasil;América do Sul
83;Construtora Ápia;ANALISTA DE SEGURANÇA DA INFORMAÇÃO;Belo Horizonte, MG;13/08 12:00;https://www.linkedin.com/jobs/view/4452997541/;https://media.licdn.com/dms/image/v2/D4D0BAQGTMLzm-Jdt2A/company-logo_100_100/B4DZvBwoZ3JgAQ-/0/1768482310354/construtora_pia_logo?e=1788393600&v=beta&t=ENMAwvyVDMMpOuYfVgBJhqMpo0OpcpUDGCXyKIJWLJ0;Advanced > Specialist;https://www.linkedin.com/company/construtora-pia/about/;Cibersegurança;cybersecurity OR cyber security OR ai red team;construtora ápia;1;;https://www.linkedin.com/jobs/view/4452997541/;https://www.linkedin.com/jobs/view/4452997541/;On-site;Associate, Cybersecurity;13/08/2026;;Minas Gerais;MG;Região Sudeste;Brasil;América do Sul
84;CovertSwarm;Specialist Hive Member - South America Hive;Brasil;13/08 18:00;https://www.linkedin.com/jobs/view/4452481428/;https://media.licdn.com/dms/image/v2/D4E0BAQFw23hXxeAmNw/company-logo_100_100/company-logo_100_100/0/1703092638754/covertswarm_logo?e=1788393600&v=beta&t=IWN_dhOeT7kRE2rF0Iflo45Tc7i4Dqykbd_xtHQHQt4;Advanced > Specialist;https://www.linkedin.com/company/covertswarm/about/;-;cybersecurity OR cyber security OR ai red team;covertswarm;1;;https://www.linkedin.com/jobs/view/4452481428/;https://www.linkedin.com/jobs/view/4452481428/;Remote;Specialist;13/08/2026;;;;;Brasil;América do Sul
85;Cury Construtora;Pessoa Analista de IA SR;São Paulo, SP;13/08 07:00;https://www.linkedin.com/jobs/view/4450483317/;https://media.licdn.com/dms/image/v2/C4D0BAQGIK9sXxTJSvA/company-logo_100_100/company-logo_100_100/0/1672952948924/cury_construtora_logo?e=1788393600&v=beta&t=xpAV8O_F4HvQZRTO3OwOh3m4_m0beNiaH6lkpm4cQuM;Advanced > Specialist;https://www.linkedin.com/company/cury-construtora/about/;Construção e Civil;cybersecurity OR cyber security OR ai red team;cury construtora;1;;https://www.linkedin.com/jobs/view/4450483317/;https://www.linkedin.com/jobs/view/4450483317/;On-site;Inteligência Artificial, PCD / Afirmativa, Senior, Associate;13/08/2026;São Paulo;São Paulo;SP;Região Sudeste;Brasil;América do Sul
86;DB Diagnósticos;Analista de Cyber Security SR;São José dos Pinhais, PR;13/08 11:00;https://www.linkedin.com/jobs/view/4454026722/;https://media.licdn.com/dms/image/v2/D4D0BAQHDFNMYWSt6tQ/company-logo_100_100/B4DZfHzmvHH4AU-/0/1751403883870/dbdiagnosticos_logo?e=1788393600&v=beta&t=wsufgLcsR_43N4ztHXEq4xsp6rvmefgvtwWRi4XNOG4;Cybersecurity;https://www.linkedin.com/company/db-diagn-sticos/about/;Cibersegurança;cybersecurity OR cyber security OR ai red team;db diagnósticos;1;;https://www.linkedin.com/jobs/view/4454026722/;https://www.linkedin.com/jobs/view/4454026722/;Hybrid;Senior, Associate, Cybersecurity;13/08/2026;São José dos Pinhais;Paraná;PR;Região Sul;Brasil;América do Sul
87;DIGISYSTEM - IT Solutions;Analista de Infraestrutura de Active Directory e Desktop/Workplace;Brasil;12/08 21:00;https://www.linkedin.com/jobs/view/4453615219/;https://media.licdn.com/dms/image/v2/D4D0BAQEryLjOgxwxdw/company-logo_100_100/B4DZWKqZq9G8AQ-/0/1741788126994/digisystem_logo?e=1788393600&v=beta&t=0EDJudEnke1sA2U4zn6BVgtRfDQyEhE12JeHait3T3E;Leadership > C-Level > Director;https://www.linkedin.com/company/digisystem-it-solutions/about/;Infraestrutura;cybersecurity OR cyber security OR ai red team;digisystem - it solutions;1;;https://www.linkedin.com/jobs/view/4453615219/;https://www.linkedin.com/jobs/view/4453615219/;Remote;Associate, Liderança/Gerência, Infraestrutura/Redes;13/08/2026;;;;;Brasil;América do Sul
88;EBANX;Mid-level Cyber Security Analyst - Pentester;Curitiba, PR;13/08 19:00;https://www.linkedin.com/jobs/view/4454310883/;https://media.licdn.com/dms/image/v2/C4D0BAQGeN3tRIIskUg/company-logo_100_100/company-logo_100_100/0/1646913266040/ebanx_logo?e=1788393600&v=beta&t=rbG_rN9BA_Y-W4LoSMrwkGILp-fZEfRjkPilUiO2PT8;Cybersecurity;https://www.linkedin.com/company/ebanx/about/;Cibersegurança;cybersecurity OR cyber security OR ai red team;ebanx;1;;https://www.linkedin.com/jobs/view/4454310883/;https://www.linkedin.com/jobs/view/4454310883/;Hybrid;Mid, Cybersecurity, Testes / QA;13/08/2026;;Paraná;PR;Região Sul;Brasil;América do Sul
89;EPAM Systems;Senior AI OPS Engineer;Brasil;13/08 00:00;https://www.linkedin.com/jobs/view/4452789366/;https://media.licdn.com/dms/image/v2/D4D0BAQGd7yeYsBtfzw/company-logo_100_100/B4DZuc0QBQH4AQ-/0/1767862501956/epam_systems_logo?e=1788393600&v=beta&t=qkQD4JKnnVwc66nK6DM6BoIEGbY5gr3LHN9Q3yrAPhc;Advanced > Information Technology;https://www.linkedin.com/company/epam-systems/about/;Inteligência Artificial;cybersecurity OR cyber security OR ai red team;epam systems;1;;https://www.linkedin.com/jobs/view/4452789366/;https://www.linkedin.com/jobs/view/4452789366/;Remote;Inteligência Artificial, Senior, Engenharia Geral;13/08/2026;;;;;Brasil;América do Sul
90;EY;Engenheiro(a) Sênior - Proteção de Dados;Belo Horizonte, MG;13/08 17:00;https://www.linkedin.com/jobs/view/4450829333/;https://media.licdn.com/dms/image/v2/C510BAQGpRhkpxp5A9A/company-logo_100_100/company-logo_100_100/0/1630570672166/ernstandyoung_logo?e=1788393600&v=beta&t=v2TExrikaYeB2vaSAqPE5bvxQp-EFqZpMrame4QBd2c;-;https://www.linkedin.com/company/ey/about/;Dados e Analytics;cybersecurity OR cyber security OR ai red team;ey;1;;https://www.linkedin.com/jobs/view/4450829333/;https://www.linkedin.com/jobs/view/4450829333/;Hybrid;Senior, Dados/Analytics;13/08/2026;;Minas Gerais;MG;Região Sudeste;Brasil;América do Sul
91;EY;Engenheiro(a) Sênior - Proteção de Dados;Blumenau, SC;13/08 17:00;https://www.linkedin.com/jobs/view/4450835270/;https://media.licdn.com/dms/image/v2/C510BAQGpRhkpxp5A9A/company-logo_100_100/company-logo_100_100/0/1630570672166/ernstandyoung_logo?e=1788393600&v=beta&t=v2TExrikaYeB2vaSAqPE5bvxQp-EFqZpMrame4QBd2c;-;https://www.linkedin.com/company/ey/about/;Dados e Analytics;cybersecurity OR cyber security OR ai red team;ey;1;;https://www.linkedin.com/jobs/view/4450835270/;https://www.linkedin.com/jobs/view/4450835270/;Hybrid;Senior, Dados/Analytics;13/08/2026;Blumenau;Santa Catarina;SC;Região Sul;Brasil;América do Sul
92;EY;Engenheiro(a) Sênior - Proteção de Dados;Brasília, DF;13/08 17:00;https://www.linkedin.com/jobs/view/4450836288/;https://media.licdn.com/dms/image/v2/C510BAQGpRhkpxp5A9A/company-logo_100_100/company-logo_100_100/0/1630570672166/ernstandyoung_logo?e=1788393600&v=beta&t=v2TExrikaYeB2vaSAqPE5bvxQp-EFqZpMrame4QBd2c;-;https://www.linkedin.com/company/ey/about/;Dados e Analytics;cybersecurity OR cyber security OR ai red team;ey;1;;https://www.linkedin.com/jobs/view/4450836288/;https://www.linkedin.com/jobs/view/4450836288/;Hybrid;Senior, Dados/Analytics;13/08/2026;;Distrito Federal;DF;Região Centro-Oeste;Brasil;América do Sul
93;EY;Engenheiro(a) Sênior - Proteção de Dados;Campinas, SP;13/08 17:00;https://www.linkedin.com/jobs/view/4450844064/;https://media.licdn.com/dms/image/v2/C510BAQGpRhkpxp5A9A/company-logo_100_100/company-logo_100_100/0/1630570672166/ernstandyoung_logo?e=1788393600&v=beta&t=v2TExrikaYeB2vaSAqPE5bvxQp-EFqZpMrame4QBd2c;-;https://www.linkedin.com/company/ey/about/;Dados e Analytics;cybersecurity OR cyber security OR ai red team;ey;1;;https://www.linkedin.com/jobs/view/4450844064/;https://www.linkedin.com/jobs/view/4450844064/;Hybrid;Senior, Dados/Analytics;13/08/2026;;São Paulo;SP;Região Sudeste;Brasil;América do Sul
94;EY;Especialista - OT Security;Campinas, SP;13/08 17:00;https://www.linkedin.com/jobs/view/4450824478/;https://media.licdn.com/dms/image/v2/C510BAQGpRhkpxp5A9A/company-logo_100_100/company-logo_100_100/0/1630570672166/ernstandyoung_logo?e=1788393600&v=beta&t=v2TExrikaYeB2vaSAqPE5bvxQp-EFqZpMrame4QBd2c;Cybersecurity;https://www.linkedin.com/company/ey/about/;Cibersegurança;cybersecurity OR cyber security OR ai red team;ey;1;;https://www.linkedin.com/jobs/view/4450824478/;https://www.linkedin.com/jobs/view/4450824478/;Hybrid;Specialist, Cybersecurity;13/08/2026;;São Paulo;SP;Região Sudeste;Brasil;América do Sul
95;EY;Engenheiro(a) Sênior - Proteção de Dados;Curitiba, PR;13/08 17:00;https://www.linkedin.com/jobs/view/4450835269/;https://media.licdn.com/dms/image/v2/C510BAQGpRhkpxp5A9A/company-logo_100_100/company-logo_100_100/0/1630570672166/ernstandyoung_logo?e=1788393600&v=beta&t=v2TExrikaYeB2vaSAqPE5bvxQp-EFqZpMrame4QBd2c;-;https://www.linkedin.com/company/ey/about/;Dados e Analytics;cybersecurity OR cyber security OR ai red team;ey;1;;https://www.linkedin.com/jobs/view/4450835269/;https://www.linkedin.com/jobs/view/4450835269/;Hybrid;Senior, Dados/Analytics;13/08/2026;;Paraná;PR;Região Sul;Brasil;América do Sul
96;EY;Engenheiro(a) Sênior - Proteção de Dados;Fortaleza, CE;13/08 17:00;https://www.linkedin.com/jobs/view/4450827362/;https://media.licdn.com/dms/image/v2/C510BAQGpRhkpxp5A9A/company-logo_100_100/company-logo_100_100/0/1630570672166/ernstandyoung_logo?e=1788393600&v=beta&t=v2TExrikaYeB2vaSAqPE5bvxQp-EFqZpMrame4QBd2c;-;https://www.linkedin.com/company/ey/about/;Dados e Analytics;cybersecurity OR cyber security OR ai red team;ey;1;;https://www.linkedin.com/jobs/view/4450827362/;https://www.linkedin.com/jobs/view/4450827362/;Hybrid;Senior, Dados/Analytics;13/08/2026;Fortaleza;Ceará;CE;Região Nordeste;Brasil;América do Sul
97;EY;Especialista - OT Security;Fortaleza, CE;13/08 17:00;https://www.linkedin.com/jobs/view/4450840227/;https://media.licdn.com/dms/image/v2/C510BAQGpRhkpxp5A9A/company-logo_100_100/company-logo_100_100/0/1630570672166/ernstandyoung_logo?e=1788393600&v=beta&t=v2TExrikaYeB2vaSAqPE5bvxQp-EFqZpMrame4QBd2c;Cybersecurity;https://www.linkedin.com/company/ey/about/;Cibersegurança;cybersecurity OR cyber security OR ai red team;ey;1;;https://www.linkedin.com/jobs/view/4450840227/;https://www.linkedin.com/jobs/view/4450840227/;Hybrid;Specialist, Cybersecurity;13/08/2026;Fortaleza;Ceará;CE;Região Nordeste;Brasil;América do Sul
98;EY;Engenheiro(a) Sênior - Proteção de Dados;Goiânia, GO;13/08 17:00;https://www.linkedin.com/jobs/view/4450824481/;https://media.licdn.com/dms/image/v2/C510BAQGpRhkpxp5A9A/company-logo_100_100/company-logo_100_100/0/1630570672166/ernstandyoung_logo?e=1788393600&v=beta&t=v2TExrikaYeB2vaSAqPE5bvxQp-EFqZpMrame4QBd2c;-;https://www.linkedin.com/company/ey/about/;Dados e Analytics;cybersecurity OR cyber security OR ai red team;ey;1;;https://www.linkedin.com/jobs/view/4450824481/;https://www.linkedin.com/jobs/view/4450824481/;Hybrid;Senior, Dados/Analytics;13/08/2026;Goiânia;Goiás;GO;Região Centro-Oeste;Brasil;América do Sul
99;EY;Engenheiro(a) Sênior - Proteção de Dados;Grande Ribeirão Preto;13/08 17:00;https://www.linkedin.com/jobs/view/4450822511/;https://media.licdn.com/dms/image/v2/C510BAQGpRhkpxp5A9A/company-logo_100_100/company-logo_100_100/0/1630570672166/ernstandyoung_logo?e=1788393600&v=beta&t=v2TExrikaYeB2vaSAqPE5bvxQp-EFqZpMrame4QBd2c;-;https://www.linkedin.com/company/ey/about/;Dados e Analytics;cybersecurity OR cyber security OR ai red team;ey;1;;https://www.linkedin.com/jobs/view/4450822511/;https://www.linkedin.com/jobs/view/4450822511/;Hybrid;Senior, Dados/Analytics;13/08/2026;;São Paulo;SP;Região Sudeste;Brasil;América do Sul
100;EY;Engenheiro(a) Sênior - Proteção de Dados;Porto Alegre, RS;13/08 17:00;https://www.linkedin.com/jobs/view/4450841188/;https://media.licdn.com/dms/image/v2/C510BAQGpRhkpxp5A9A/company-logo_100_100/company-logo_100_100/0/1630570672166/ernstandyoung_logo?e=1788393600&v=beta&t=v2TExrikaYeB2vaSAqPE5bvxQp-EFqZpMrame4QBd2c;-;https://www.linkedin.com/company/ey/about/;Dados e Analytics;cybersecurity OR cyber security OR ai red team;ey;1;;https://www.linkedin.com/jobs/view/4450841188/;https://www.linkedin.com/jobs/view/4450841188/;Hybrid;Senior, Dados/Analytics;13/08/2026;Porto Alegre;Rio Grande do Sul;RS;Região Sul;Brasil;América do Sul
101;EY;Engenheiro(a) Sênior - Proteção de Dados;Recife, PE;13/08 17:00;https://www.linkedin.com/jobs/view/4450824482/;https://media.licdn.com/dms/image/v2/C510BAQGpRhkpxp5A9A/company-logo_100_100/company-logo_100_100/0/1630570672166/ernstandyoung_logo?e=1788393600&v=beta&t=v2TExrikaYeB2vaSAqPE5bvxQp-EFqZpMrame4QBd2c;-;https://www.linkedin.com/company/ey/about/;Dados e Analytics;cybersecurity OR cyber security OR ai red team;ey;1;;https://www.linkedin.com/jobs/view/4450824482/;https://www.linkedin.com/jobs/view/4450824482/;Hybrid;Senior, Dados/Analytics;13/08/2026;Recife;Pernambuco;PE;Região Nordeste;Brasil;América do Sul
102;EY;Engenheiro(a) Sênior - Proteção de Dados;Recife, PE;13/08 17:00;https://www.linkedin.com/jobs/view/4450842190/;https://media.licdn.com/dms/image/v2/C510BAQGpRhkpxp5A9A/company-logo_100_100/company-logo_100_100/0/1630570672166/ernstandyoung_logo?e=1788393600&v=beta&t=v2TExrikaYeB2vaSAqPE5bvxQp-EFqZpMrame4QBd2c;-;https://www.linkedin.com/company/ey/about/;Dados e Analytics;cybersecurity OR cyber security OR ai red team;ey;1;;https://www.linkedin.com/jobs/view/4450842190/;https://www.linkedin.com/jobs/view/4450842190/;Hybrid;Senior, Dados/Analytics;13/08/2026;Recife;Pernambuco;PE;Região Nordeste;Brasil;América do Sul
103;EY;Engenheiro(a) Sênior - Proteção de Dados;Rio de Janeiro, RJ;13/08 17:00;https://www.linkedin.com/jobs/view/4450822508/;https://media.licdn.com/dms/image/v2/C510BAQGpRhkpxp5A9A/company-logo_100_100/company-logo_100_100/0/1630570672166/ernstandyoung_logo?e=1788393600&v=beta&t=v2TExrikaYeB2vaSAqPE5bvxQp-EFqZpMrame4QBd2c;-;https://www.linkedin.com/company/ey/about/;Dados e Analytics;cybersecurity OR cyber security OR ai red team;ey;1;;https://www.linkedin.com/jobs/view/4450822508/;https://www.linkedin.com/jobs/view/4450822508/;Hybrid;Senior, Dados/Analytics;13/08/2026;Rio de Janeiro;Rio de Janeiro;RJ;Região Sudeste;Brasil;América do Sul
104;EY;Engenheiro(a) Sênior - Proteção de Dados;Salvador, BA;13/08 17:00;https://www.linkedin.com/jobs/view/4450829334/;https://media.licdn.com/dms/image/v2/C510BAQGpRhkpxp5A9A/company-logo_100_100/company-logo_100_100/0/1630570672166/ernstandyoung_logo?e=1788393600&v=beta&t=v2TExrikaYeB2vaSAqPE5bvxQp-EFqZpMrame4QBd2c;-;https://www.linkedin.com/company/ey/about/;Dados e Analytics;cybersecurity OR cyber security OR ai red team;ey;1;;https://www.linkedin.com/jobs/view/4450829334/;https://www.linkedin.com/jobs/view/4450829334/;Hybrid;Senior, Dados/Analytics;13/08/2026;;Bahia;BA;Região Nordeste;Brasil;América do Sul
105;EY;Consultor(a) Senior em Technology Strategy;São Paulo, SP;13/08 11:00;https://www.linkedin.com/jobs/view/4450813045/;https://media.licdn.com/dms/image/v2/C510BAQGpRhkpxp5A9A/company-logo_100_100/company-logo_100_100/0/1630570672166/ernstandyoung_logo?e=1788393600&v=beta&t=v2TExrikaYeB2vaSAqPE5bvxQp-EFqZpMrame4QBd2c;Advanced > Specialist;https://www.linkedin.com/company/ey/about/;Software e Serviços de TI;cybersecurity OR cyber security OR ai red team;ey;1;;https://www.linkedin.com/jobs/view/4450813045/;https://www.linkedin.com/jobs/view/4450813045/;Hybrid;Senior, Consultor, TI/Tech;13/08/2026;São Paulo;São Paulo;SP;Região Sudeste;Brasil;América do Sul
106;EY;Engenheiro(a) Sênior - Proteção de Dados;São Paulo, SP;13/08 17:00;https://www.linkedin.com/jobs/view/4450828360/;https://media.licdn.com/dms/image/v2/C510BAQGpRhkpxp5A9A/company-logo_100_100/company-logo_100_100/0/1630570672166/ernstandyoung_logo?e=1788393600&v=beta&t=v2TExrikaYeB2vaSAqPE5bvxQp-EFqZpMrame4QBd2c;-;https://www.linkedin.com/company/ey/about/;Dados e Analytics;cybersecurity OR cyber security OR ai red team;ey;1;;https://www.linkedin.com/jobs/view/4450828360/;https://www.linkedin.com/jobs/view/4450828360/;Hybrid;Senior, Dados/Analytics;13/08/2026;São Paulo;São Paulo;SP;Região Sudeste;Brasil;América do Sul
107;EY;Especialista - OT Security;São Paulo, SP;13/08 17:00;https://www.linkedin.com/jobs/view/4450826366/;https://media.licdn.com/dms/image/v2/C510BAQGpRhkpxp5A9A/company-logo_100_100/company-logo_100_100/0/1630570672166/ernstandyoung_logo?e=1788393600&v=beta&t=v2TExrikaYeB2vaSAqPE5bvxQp-EFqZpMrame4QBd2c;Cybersecurity;https://www.linkedin.com/company/ey/about/;Cibersegurança;cybersecurity OR cyber security OR ai red team;ey;1;;https://www.linkedin.com/jobs/view/4450826366/;https://www.linkedin.com/jobs/view/4450826366/;Hybrid;Specialist, Cybersecurity;13/08/2026;São Paulo;São Paulo;SP;Região Sudeste;Brasil;América do Sul
108;Empresa Confidencial;Profissional de Segurança da Informação - Vaga Afirmativa para Pessoa com Deficiência).;Brasil;13/08 19:00;https://www.linkedin.com/jobs/view/4450825716/;https://media.licdn.com/dms/image/v2/D4D0BAQE5LKe2moMnHg/company-logo_100_100/company-logo_100_100/0/1736630274411/empresa_confidencial_logo?e=1788393600&v=beta&t=43Z-_YjE6P16ZkJcovi38K9CRQr1ykTb0j1xOota--E;-;https://www.linkedin.com/company/empresa-confidencial/about/;Cibersegurança;cybersecurity OR cyber security OR ai red team;empresa confidencial;1;;https://www.linkedin.com/jobs/view/4450825716/;https://www.linkedin.com/jobs/view/4450825716/;Remote;PCD / Afirmativa, Cybersecurity;13/08/2026;;;;;Brasil;América do Sul
109;Empresa Confidencial;Analista de Segurança da Informação Pleno (Exclusiva PcD);SP;13/08 14:00;https://www.linkedin.com/jobs/view/4454075154/;https://media.licdn.com/dms/image/v2/D4D0BAQE5LKe2moMnHg/company-logo_100_100/company-logo_100_100/0/1736630274411/empresa_confidencial_logo?e=1788393600&v=beta&t=43Z-_YjE6P16ZkJcovi38K9CRQr1ykTb0j1xOota--E;Advanced > Specialist;https://www.linkedin.com/company/empresa-confidencial/about/;Cibersegurança;cybersecurity OR cyber security OR ai red team;empresa confidencial;1;;https://www.linkedin.com/jobs/view/4454075154/;https://www.linkedin.com/jobs/view/4454075154/;Hybrid;PCD / Afirmativa, Mid, Associate, Cybersecurity;13/08/2026;;São Paulo;SP;Região Sudeste;Brasil;América do Sul
110;Evertec Brasil;Engenheiro de Software Especialista | DevSecOps;São Paulo, SP;12/08 20:00;https://www.linkedin.com/jobs/view/4450193623/;https://media.licdn.com/dms/image/v2/D4D0BAQGG_PyIEk0O0w/company-logo_100_100/B4DZfW8646GkAU-/0/1751657983926/evertecbr_logo?e=1788393600&v=beta&t=T6rK6xKRkmoWKgRzGmGDurNmFui3d4VtnvE8UWPjuvI;Advanced > Specialist;https://www.linkedin.com/company/evertec-brasil/about/;Software e Serviços de TI;cybersecurity OR cyber security OR ai red team;evertec brasil;1;;https://www.linkedin.com/jobs/view/4450193623/;https://www.linkedin.com/jobs/view/4450193623/;Hybrid;Specialist, TI/Tech;13/08/2026;São Paulo;São Paulo;SP;Região Sudeste;Brasil;América do Sul
111;FCamara;Analista de Governança de Aplicações Sênior;São Paulo, SP;13/08 07:00;https://www.linkedin.com/jobs/view/4444201548/;https://media.licdn.com/dms/image/v2/C4D0BAQEzMzmY-T_F1g/company-logo_100_100/company-logo_100_100/0/1670441718552/grupofcamara_logo?e=1788393600&v=beta&t=DA1b_4br0QMD-9Uy0s_FNBkX27QkjYssM_YqP8dpzHw;Advanced > Specialist;https://www.linkedin.com/company/fcamara/about/;-;cybersecurity OR cyber security OR ai red team;fcamara;1;;https://www.linkedin.com/jobs/view/4444201548/;https://www.linkedin.com/jobs/view/4444201548/;Hybrid;Senior, Associate, TI/Tech;13/08/2026;São Paulo;São Paulo;SP;Região Sudeste;Brasil;América do Sul
112;FF Seguros;Coordenador de Suporte;São Paulo, SP;13/08 19:00;https://www.linkedin.com/jobs/view/4450845513/;https://media.licdn.com/dms/image/v2/D4D0BAQGKYsrfm0o6Ow/company-logo_100_100/B4DZuzS_AlGgAU-/0/1768239657511/ffseguros_logo?e=1788393600&v=beta&t=imYU9Uc2DI1zn63tfqSLwvcmjMczfq5q4GiB3dK8wa8;Middle > Manager;https://www.linkedin.com/company/ff-seguros/about/;Seguros e Previdência;cybersecurity OR cyber security OR ai red team;ff seguros;1;;https://www.linkedin.com/jobs/view/4450845513/;https://www.linkedin.com/jobs/view/4450845513/;On-site;Mid, Liderança/Gerência;13/08/2026;São Paulo;São Paulo;SP;Região Sudeste;Brasil;América do Sul
113;FOURSYS;Analista de cibersegurança;São Paulo, SP;13/08 16:00;https://www.linkedin.com/jobs/view/4451818710/;https://media.licdn.com/dms/image/v2/D4D0BAQF6qlnhGHoVZw/company-logo_100_100/B4DZmb3QnoGsAQ-/0/1759256578947/foursys_logo?e=1788393600&v=beta&t=ML9nYIxNS0jWABHW2MSuCTkXTF6hTdOXfVcB9L4UixU;Advanced > Specialist;https://www.linkedin.com/company/foursys/about/;Cibersegurança;cybersecurity OR cyber security OR ai red team;foursys;1;;https://www.linkedin.com/jobs/view/4451818710/;https://www.linkedin.com/jobs/view/4451818710/;Hybrid;Associate;13/08/2026;São Paulo;São Paulo;SP;Região Sudeste;Brasil;América do Sul
114;GeorgiaTEK Systems Inc.;Cloud Network Security Architect / Engineer;Brasil;13/08 18:00;https://www.linkedin.com/jobs/view/4450844254/;https://media.licdn.com/dms/image/v2/C4D0BAQFS2nOc7k3WRA/company-logo_100_100/company-logo_100_100/0/1645584193004/georgiatek_systems_inc_logo?e=1788393600&v=beta&t=k03-bag0Er_f8HfmcPpYRdX76e8Yc3v3rPxkj2wkVaM;Cybersecurity;https://www.linkedin.com/company/georgiatek-systems-inc/about/;Cibersegurança;cybersecurity OR cyber security OR ai red team;georgiatek systems inc.;1;;https://www.linkedin.com/jobs/view/4450844254/;https://www.linkedin.com/jobs/view/4450844254/;Remote;Cybersecurity, Engenharia Geral, Infraestrutura/Redes;13/08/2026;;;;;Brasil;América do Sul
115;GeorgiaTEK Systems Inc.;Network Platform Automation Engineer - HCL;Brasil;13/08 18:00;https://www.linkedin.com/jobs/view/4450843385/;https://media.licdn.com/dms/image/v2/C4D0BAQFS2nOc7k3WRA/company-logo_100_100/company-logo_100_100/0/1645584193004/georgiatek_systems_inc_logo?e=1788393600&v=beta&t=k03-bag0Er_f8HfmcPpYRdX76e8Yc3v3rPxkj2wkVaM;Advanced > Process & Automation;https://www.linkedin.com/company/georgiatek-systems-inc/about/;Software e Serviços de TI;cybersecurity OR cyber security OR ai red team;georgiatek systems inc.;1;;https://www.linkedin.com/jobs/view/4450843385/;https://www.linkedin.com/jobs/view/4450843385/;Remote;Engenharia Geral, Infraestrutura/Redes;13/08/2026;;;;;Brasil;América do Sul
116;GeorgiaTEK Systems Inc.;Senior Edge Security Engineer – Akamai/WAF - Remote (Brazil);Brasil;13/08 19:00;https://www.linkedin.com/jobs/view/4450839538/;https://media.licdn.com/dms/image/v2/C4D0BAQFS2nOc7k3WRA/company-logo_100_100/company-logo_100_100/0/1645584193004/georgiatek_systems_inc_logo?e=1788393600&v=beta&t=k03-bag0Er_f8HfmcPpYRdX76e8Yc3v3rPxkj2wkVaM;Cybersecurity;https://www.linkedin.com/company/georgiatek-systems-inc/about/;Cibersegurança;cybersecurity OR cyber security OR ai red team;georgiatek systems inc.;1;;https://www.linkedin.com/jobs/view/4450839538/;https://www.linkedin.com/jobs/view/4450839538/;Remote;Senior, Cybersecurity, Engenharia Geral;13/08/2026;;;;;Brasil;América do Sul
117;Getnet;AI Engineer Specialist | Agentic Commerce;Brasil;13/08 15:00;https://www.linkedin.com/jobs/view/4454073783/;https://media.licdn.com/dms/image/v2/D4D0BAQEnUoFjKuBdCg/company-logo_100_100/company-logo_100_100/0/1702636787644/getneteurope_logo?e=1788393600&v=beta&t=Msn8aT-5cRGaisdcHGLN40H2M5yQsuItz6N7EPsF8iI;Advanced > Information Technology;https://www.linkedin.com/company/getnet/about/;Software e Serviços de TI;cybersecurity OR cyber security OR ai red team;getnet;1;;https://www.linkedin.com/jobs/view/4454073783/;https://www.linkedin.com/jobs/view/4454073783/;Remote;Inteligência Artificial, Specialist, Engenharia Geral;13/08/2026;;;;;Brasil;América do Sul
118;Gi Group;Analista de segurança da informação;São Paulo, SP;13/08 17:00;https://www.linkedin.com/jobs/view/4453257381/;https://media.licdn.com/dms/image/v2/D4E0BAQFGYRNPj6x4-g/company-logo_100_100/B4EZ5yl9sGGsAI-/0/1780039015472/gi_group_logo?e=1788393600&v=beta&t=QCfuaeVC_fmKSOJv_ix9twdy5_WSZIM2_VD8notvb4k;Advanced > Specialist;https://www.linkedin.com/company/gi-group/about/;Cibersegurança;cybersecurity OR cyber security OR ai red team;gi group;1;;https://www.linkedin.com/jobs/view/4453257381/;https://www.linkedin.com/jobs/view/4453257381/;Hybrid;Associate, Cybersecurity;13/08/2026;São Paulo;São Paulo;SP;Região Sudeste;Brasil;América do Sul
119;Grupo Berlanda;Analista de Infraestrutura - TI;Curitibanos, SC;13/08 04:00;https://www.linkedin.com/jobs/view/4453683497/;https://media.licdn.com/dms/image/v2/D4D0BAQG6Z83hOprjNw/company-logo_100_100/B4DZwfYrTfIgAM-/0/1770053088887/grupoberlanda_logo?e=1788393600&v=beta&t=p0tVK9vuOJEuk3Me1Bi77Dvudce0TmmwN9j0Lj799hI;Advanced > Specialist;https://www.linkedin.com/company/grupo-berlanda/about/;Infraestrutura;cybersecurity OR cyber security OR ai red team;grupo berlanda;1;;https://www.linkedin.com/jobs/view/4453683497/;https://www.linkedin.com/jobs/view/4453683497/;Not informed;Associate, TI/Tech, Infraestrutura/Redes;13/08/2026;Curitibanos;Santa Catarina;SC;Região Sul;Brasil;América do Sul
120;Grupo Muffato;ANALISTA DE INFRAESTRUTURA DE TI - PR;Brasil;12/08 23:00;https://www.linkedin.com/jobs/view/4450440233/;https://media.licdn.com/dms/image/v2/D4D0BAQEUuTZWsbKZmw/company-logo_100_100/B4DZcNwx4wG8AQ-/0/1748282580980/grupomuffato_logo?e=1788393600&v=beta&t=enTzw8SPOiPQpBkpyQwWWh02ynViI_gn0iaIW718KmA;Advanced > Specialist;https://www.linkedin.com/company/grupo-muffato/about/;Infraestrutura;cybersecurity OR cyber security OR ai red team;grupo muffato;1;;https://www.linkedin.com/jobs/view/4450440233/;https://www.linkedin.com/jobs/view/4450440233/;On-site;Associate, TI/Tech, Infraestrutura/Redes;13/08/2026;;;;;Brasil;América do Sul
121;Grupo NTSec;Analista de Segurança da Informação - Check Point;Brasília, DF;13/08 13:00;https://www.linkedin.com/jobs/view/4453204739/;https://media.licdn.com/dms/image/v2/D4D0BAQEBhWKvUAafIA/company-logo_100_100/B4DZxXxPHPG8AQ-/0/1770999051699/grupontsec_logo?e=1788393600&v=beta&t=BHx4ELQe2LzmBxpFvNClalcW7Al6F3UpBbC_NQeb-yQ;Advanced > Specialist;https://www.linkedin.com/company/grupo-ntsec/about/;Cibersegurança;cybersecurity OR cyber security OR ai red team;grupo ntsec;1;;https://www.linkedin.com/jobs/view/4453204739/;https://www.linkedin.com/jobs/view/4453204739/;Not informed;Associate, Cybersecurity;13/08/2026;;Distrito Federal;DF;Região Centro-Oeste;Brasil;América do Sul
122;Grupo Quattror;Coordenador de Infraestrutura e Segurança da Informação;Vila Velha, ES;12/08 22:00;https://www.linkedin.com/jobs/view/4453620014/;https://media.licdn.com/dms/image/v2/D4D0BAQHaiFJtmChFnw/company-logo_100_100/company-logo_100_100/0/1667302186556/quattrorcomercial_logo?e=1788393600&v=beta&t=WuOXWXGy2tH-xC8qAJ88rJTKvsBsuHW_NMr9ActvpJw;Middle > Manager;https://www.linkedin.com/company/grupo-quattror/about/;Cibersegurança;cybersecurity OR cyber security OR ai red team;grupo quattror;1;;https://www.linkedin.com/jobs/view/4453620014/;https://www.linkedin.com/jobs/view/4453620014/;On-site;Mid, Liderança/Gerência, Cybersecurity, Infraestrutura/Redes;13/08/2026;Vila Velha;Espírito Santo;ES;Região Sudeste;Brasil;América do Sul
123;Grupo Quattror;Coordenador de Infraestrutura e Segurança da Informação - ES;Vila Velha, ES;12/08 23:00;https://www.linkedin.com/jobs/view/4450445754/;https://media.licdn.com/dms/image/v2/D4D0BAQHaiFJtmChFnw/company-logo_100_100/company-logo_100_100/0/1667302186556/quattrorcomercial_logo?e=1788393600&v=beta&t=WuOXWXGy2tH-xC8qAJ88rJTKvsBsuHW_NMr9ActvpJw;Middle > Manager;https://www.linkedin.com/company/grupo-quattror/about/;Cibersegurança;cybersecurity OR cyber security OR ai red team;grupo quattror;1;;https://www.linkedin.com/jobs/view/4450445754/;https://www.linkedin.com/jobs/view/4450445754/;On-site;Mid, Liderança/Gerência, Cybersecurity, Infraestrutura/Redes;13/08/2026;Vila Velha;Espírito Santo;ES;Região Sudeste;Brasil;América do Sul
124;Hire Feed;Cyber Security Analyst (Remote);Brasil;13/08 12:00;https://www.linkedin.com/jobs/view/4454046661/;https://media.licdn.com/dms/image/v2/D4D0BAQEeII6H9qdObQ/company-logo_100_100/B4DZ3OfC9fHwAQ-/0/1777285738853/hirefeedd_logo?e=1788393600&v=beta&t=SPoL1Ha40fDKmIheFjs5TiZTWX0V3KziIKnNRsutCE4;Cybersecurity;https://www.linkedin.com/company/hire-feed/about/;Cibersegurança;cybersecurity OR cyber security OR ai red team;hire feed;1;;https://www.linkedin.com/jobs/view/4454046661/;https://www.linkedin.com/jobs/view/4454046661/;Remote;Cybersecurity;13/08/2026;;;;;Brasil;América do Sul
125;Hire Feed;Cybersecurity Specialist (Remote);Brasil;13/08 13:00;https://www.linkedin.com/jobs/view/4454046757/;https://media.licdn.com/dms/image/v2/D4D0BAQEeII6H9qdObQ/company-logo_100_100/B4DZ3OfC9fHwAQ-/0/1777285738853/hirefeedd_logo?e=1788393600&v=beta&t=SPoL1Ha40fDKmIheFjs5TiZTWX0V3KziIKnNRsutCE4;Cybersecurity;https://www.linkedin.com/company/hire-feed/about/;Cibersegurança;cybersecurity OR cyber security OR ai red team;hire feed;1;;https://www.linkedin.com/jobs/view/4454046757/;https://www.linkedin.com/jobs/view/4454046757/;Remote;Specialist, Cybersecurity;13/08/2026;;;;;Brasil;América do Sul
126;Hitss Brasil;21341-Analista de Segurança da Informação LIPIC (Noturno);Brasília, DF;13/08 07:00;https://www.linkedin.com/jobs/view/4450479322/;https://media.licdn.com/dms/image/v2/D4D0BAQHU9akE4trzfQ/company-logo_100_100/company-logo_100_100/0/1737119189689/global_hitss_logo?e=1788393600&v=beta&t=dCLkAbMw7dxLKwQ1gPudEtG2o-hulG4WkuOLzGt00xk;-;https://www.linkedin.com/company/hitss-brasil/about/;Cibersegurança;cybersecurity OR cyber security OR ai red team;hitss brasil;1;;https://www.linkedin.com/jobs/view/4450479322/;https://www.linkedin.com/jobs/view/4450479322/;On-site;Associate, Cybersecurity;13/08/2026;;Distrito Federal;DF;Região Centro-Oeste;Brasil;América do Sul
127;Hitss Brasil;21918-Analista de Suporte de Segurança da Informação JR;Brasília, DF;13/08 07:00;https://www.linkedin.com/jobs/view/4450481316/;https://media.licdn.com/dms/image/v2/D4D0BAQHU9akE4trzfQ/company-logo_100_100/company-logo_100_100/0/1737119189689/global_hitss_logo?e=1788393600&v=beta&t=dCLkAbMw7dxLKwQ1gPudEtG2o-hulG4WkuOLzGt00xk;-;https://www.linkedin.com/company/hitss-brasil/about/;Cibersegurança;cybersecurity OR cyber security OR ai red team;hitss brasil;1;;https://www.linkedin.com/jobs/view/4450481316/;https://www.linkedin.com/jobs/view/4450481316/;On-site;Junior, Associate, Cybersecurity;13/08/2026;;Distrito Federal;DF;Região Centro-Oeste;Brasil;América do Sul
128;Infomach;Cloud Analyst (AWS | Kubernetes | Containers);Brasil;13/08 15:00;https://www.linkedin.com/jobs/view/4450812710/;https://media.licdn.com/dms/image/v2/D4E0BAQHCYgQbYvUFJA/company-logo_100_100/B4EZsp2qeVIoAU-/0/1765933754773/infomach_logo?e=1788393600&v=beta&t=YhiqoZYTKYUa8qZzYSQV45DY3iCnBovkjYI3hJMfq1Y;Specific > Cloud;https://www.linkedin.com/company/infomach/about/;Transporte e Mobilidade;cybersecurity OR cyber security OR ai red team;infomach;1;;https://www.linkedin.com/jobs/view/4450812710/;https://www.linkedin.com/jobs/view/4450812710/;Remote;Cloud (AWS/GCP/Azure);13/08/2026;;;;;Brasil;América do Sul
129;Insi;Analista Júnior de Gestão de Acessos (IAM);São Paulo, SP;13/08 00:00;https://www.linkedin.com/jobs/view/4450460070/;https://media.licdn.com/dms/image/v2/D4E0BAQHvZWGCjUlORw/company-logo_100_100/B4EZ6DQIrcH8AI-/0/1780318506699/insi_global_logo?e=1788393600&v=beta&t=x8l4kKSS52PvpGs8aBj7TRTo7yawwObYB8xnFWGwOm0;Advanced > Specialist;https://www.linkedin.com/company/insi/about/;-;cybersecurity OR cyber security OR ai red team;insi;1;;https://www.linkedin.com/jobs/view/4450460070/;https://www.linkedin.com/jobs/view/4450460070/;Hybrid;Junior, Associate;13/08/2026;São Paulo;São Paulo;SP;Região Sudeste;Brasil;América do Sul
130;Inter;TECH OPS SPECIALIST II;Belo Horizonte, MG;13/08 13:00;https://www.linkedin.com/jobs/view/4454052631/;https://media.licdn.com/dms/image/v2/D4D0BAQFTJpEKJy3XsA/company-logo_100_100/B4DZip9S2KHwAQ-/0/1755198075652/inter_logo?e=1788393600&v=beta&t=tlS2c2xU97GqtlPXjF_3l8EQGxozOFGzsPZZNS6VvMY;Advanced > Information Technology;https://www.linkedin.com/company/inter/about/;Software e Serviços de TI;cybersecurity OR cyber security OR ai red team;inter;1;;https://www.linkedin.com/jobs/view/4454052631/;https://www.linkedin.com/jobs/view/4454052631/;On-site;Specialist, TI/Tech;13/08/2026;;Minas Gerais;MG;Região Sudeste;Brasil;América do Sul
131;Interact Solutions;Analista de Segurança da Informação - RS;Lajeado, RS;12/08 23:00;https://www.linkedin.com/jobs/view/4450447446/;https://media.licdn.com/dms/image/v2/D4D0BAQFmzi_qi3bI_A/company-logo_100_100/company-logo_100_100/0/1719256054011/interact_solutions_logo?e=1788393600&v=beta&t=QE1co_bGou9B_d22c_nkR4rF_zxOPONXgVh9Y23fFjc;Advanced > Specialist;https://www.linkedin.com/company/interact-solutions/about/;Cibersegurança;cybersecurity OR cyber security OR ai red team;interact solutions;1;;https://www.linkedin.com/jobs/view/4450447446/;https://www.linkedin.com/jobs/view/4450447446/;On-site;Associate, Cybersecurity;13/08/2026;Lajeado;Rio Grande do Sul;RS;Região Sul;Brasil;América do Sul
132;Itaú Unibanco;Especialista em Arquitetura de Soluções - Cyber Security;São Paulo, SP;12/08 21:00;https://www.linkedin.com/jobs/view/4450413053/;https://media.licdn.com/dms/image/v2/D4D0BAQGmyPiGIU-69w/company-logo_100_100/B4DZZFc2k4GgAQ-/0/1744921914031/itau_logo?e=1788393600&v=beta&t=PH6B7v-rOpHhfcHdx_T-N_Pq_qHcC4ACI7ZSPFRImSQ;Cybersecurity;https://www.linkedin.com/company/ita-unibanco/about/;Cibersegurança;cybersecurity OR cyber security OR ai red team;itaú unibanco;1;;https://www.linkedin.com/jobs/view/4450413053/;https://www.linkedin.com/jobs/view/4450413053/;Not informed;Specialist, Cybersecurity;13/08/2026;São Paulo;São Paulo;SP;Região Sudeste;Brasil;América do Sul
133;Itaú Unibanco;Especialista em SRE - Comunidade Agro Varejo;São Paulo, SP;12/08 21:00;https://www.linkedin.com/jobs/view/4450400429/;https://media.licdn.com/dms/image/v2/D4D0BAQGmyPiGIU-69w/company-logo_100_100/B4DZZFc2k4GgAQ-/0/1744921914031/itau_logo?e=1788393600&v=beta&t=PH6B7v-rOpHhfcHdx_T-N_Pq_qHcC4ACI7ZSPFRImSQ;Advanced > Specialist;https://www.linkedin.com/company/ita-unibanco/about/;Agro;cybersecurity OR cyber security OR ai red team;itaú unibanco;1;;https://www.linkedin.com/jobs/view/4450400429/;https://www.linkedin.com/jobs/view/4450400429/;Not informed;Specialist, Varejo;13/08/2026;São Paulo;São Paulo;SP;Região Sudeste;Brasil;América do Sul
134;Jobbol;Supervisor de Tecnologia da Informação;Campinas, SP;12/08 23:00;https://www.linkedin.com/jobs/view/4453620534/;https://media.licdn.com/dms/image/v2/D4D0BAQEUwreILeGS7Q/company-logo_100_100/B4DZ5wJQzAG4AM-/0/1779997937122/jobbol_empregos_logo?e=1788393600&v=beta&t=kSwFpzpZbuLCbui5TOqEhTRhFC_E4zJYw11S-JBA-DM;Middle > Manager;https://www.linkedin.com/company/jobbol/about/;Software e Serviços de TI;cybersecurity OR cyber security OR ai red team;jobbol;1;;https://www.linkedin.com/jobs/view/4453620534/;https://www.linkedin.com/jobs/view/4453620534/;On-site;Mid, Liderança/Gerência, TI/Tech;13/08/2026;;São Paulo;SP;Região Sudeste;Brasil;América do Sul
135;Jobgether;Analista de Privacidade e Proteção de Dados;Brasil;13/08 05:00;https://www.linkedin.com/jobs/view/4452924860/;https://media.licdn.com/dms/image/v2/D4E0BAQHdx4NngvFyPA/company-logo_100_100/B4EZ5GHh6CHEAU-/0/1779292839822/jobgether_logo?e=1788393600&v=beta&t=tUDyJAbKs43kbeMZyrkehcRxuZUUBKahx0CFI8E-UC0;Advanced > Specialist;https://www.linkedin.com/company/jobgether/about/;Dados e Analytics;cybersecurity OR cyber security OR ai red team;jobgether;1;;https://www.linkedin.com/jobs/view/4452924860/;https://www.linkedin.com/jobs/view/4452924860/;Remote;Associate, Dados/Analytics;13/08/2026;;;;;Brasil;América do Sul
136;Jobgether;Lead, Data Governance;Brasil;13/08 03:00;https://www.linkedin.com/jobs/view/4452925035/;https://media.licdn.com/dms/image/v2/D4E0BAQHdx4NngvFyPA/company-logo_100_100/B4EZ5GHh6CHEAU-/0/1779292839822/jobgether_logo?e=1788393600&v=beta&t=tUDyJAbKs43kbeMZyrkehcRxuZUUBKahx0CFI8E-UC0;Data & Ai > Data Engineering;https://www.linkedin.com/company/jobgether/about/;Dados e Analytics;cybersecurity OR cyber security OR ai red team;jobgether;1;;https://www.linkedin.com/jobs/view/4452925035/;https://www.linkedin.com/jobs/view/4452925035/;Remote;Mid, Liderança/Gerência, Dados/Analytics;13/08/2026;;;;;Brasil;América do Sul
137;Johnson & Johnson;Job Description Senior Principal, Cyber Experience & AI Engagement;São José dos Campos, SP;13/08 13:00;https://www.linkedin.com/jobs/view/4454048545/;https://media.licdn.com/dms/image/v2/D4E0BAQFuqNYNGYIxzg/company-logo_100_100/company-logo_100_100/0/1694701608948/johnson__johnson_logo?e=1788393600&v=beta&t=BBYl5jz-0XKbmHHuvrSUxsRJ32UbiJKJAmEuHUdRj2M;Cybersecurity;https://www.linkedin.com/company/johnson-johnson/about/;Inteligência Artificial;cybersecurity OR cyber security OR ai red team;johnson & johnson;1;;https://www.linkedin.com/jobs/view/4454048545/;https://www.linkedin.com/jobs/view/4454048545/;Hybrid;Inteligência Artificial, Senior, Engagement;13/08/2026;São José dos Campos;São Paulo;SP;Região Sudeste;Brasil;América do Sul
138;Lightera;Senior Cybersecurity Engineer;Curitiba, PR;13/08 09:00;https://www.linkedin.com/jobs/view/4454016092/;https://media.licdn.com/dms/image/v2/D4E0BAQFJ0fqmlLobmQ/company-logo_100_100/B4EZXI2pLiGYAQ-/0/1742831522884/lightera_global_logo?e=1788393600&v=beta&t=q1tEuZcbjve8MxxspFwqKqBRVISylbePwWQuvcu_yHU;Cybersecurity;https://www.linkedin.com/company/lightera/about/;Cibersegurança;cybersecurity OR cyber security OR ai red team;lightera;1;;https://www.linkedin.com/jobs/view/4454016092/;https://www.linkedin.com/jobs/view/4454016092/;Hybrid;Senior, Cybersecurity, Engenharia Geral;13/08/2026;;Paraná;PR;Região Sul;Brasil;América do Sul
139;MYTH Selection;Site Reliability Engineer;SP;13/08 16:00;https://www.linkedin.com/jobs/view/4450823438/;https://media.licdn.com/dms/image/v2/D4D0BAQGzwqfRaK1x7Q/company-logo_100_100/B4DZZdaRi1GwAQ-/0/1745323892127?e=1788393600&v=beta&t=7do6e8RtEXVMcG6bDdndkCHsNOU7IH4oFDmR6XYfozw;Advanced > Information Technology;https://www.linkedin.com/company/myth-selection/about/;Software e Serviços de TI;cybersecurity OR cyber security OR ai red team;myth selection;1;;https://www.linkedin.com/jobs/view/4450823438/;https://www.linkedin.com/jobs/view/4450823438/;Hybrid;DevOps, Engenharia Geral;13/08/2026;;São Paulo;SP;Região Sudeste;Brasil;América do Sul
140;MYTH Selection;Site Reliability Engineer;São Paulo, SP;13/08 15:00;https://www.linkedin.com/jobs/view/4450811889/;https://media.licdn.com/dms/image/v2/D4D0BAQGzwqfRaK1x7Q/company-logo_100_100/B4DZZdaRi1GwAQ-/0/1745323892127?e=1788393600&v=beta&t=7do6e8RtEXVMcG6bDdndkCHsNOU7IH4oFDmR6XYfozw;Advanced > Information Technology;https://www.linkedin.com/company/myth-selection/about/;Software e Serviços de TI;cybersecurity OR cyber security OR ai red team;myth selection;1;;https://www.linkedin.com/jobs/view/4450811889/;https://www.linkedin.com/jobs/view/4450811889/;Hybrid;DevOps, Engenharia Geral;13/08/2026;São Paulo;São Paulo;SP;Região Sudeste;Brasil;América do Sul
141;Mea IT;Analista de Infraestrutura de Redes e Cloud;Belo Horizonte, MG;13/08 13:00;https://www.linkedin.com/jobs/view/4450806504/;https://media.licdn.com/dms/image/v2/D4D0BAQHFTK9v0eS6Jw/company-logo_100_100/B4DZiuAQRQGsAU-/0/1755265959395/tocodetecnologia_logo?e=1788393600&v=beta&t=ZzK_0_IK033ohuqQxe1DFklvCYuJv_FKtr3aHH7djso;Specific > Cloud;https://www.linkedin.com/company/mea-it/about/;Infraestrutura;cybersecurity OR cyber security OR ai red team;mea it;1;;https://www.linkedin.com/jobs/view/4450806504/;https://www.linkedin.com/jobs/view/4450806504/;Hybrid;Associate, Infraestrutura/Redes;13/08/2026;;Minas Gerais;MG;Região Sudeste;Brasil;América do Sul
142;Mercado Livre Brasil;Analista de Segurança Corporativa;Osasco, SP;13/08 12:00;https://www.linkedin.com/jobs/view/4450499576/;https://media.licdn.com/dms/image/v2/D4D0BAQE4q-iBP4fZ0g/company-logo_100_100/B4DZUUipIKG8AQ-/0/1739806380950/mercadolivre_com_logo?e=1788393600&v=beta&t=jCWI0lxZIffRppKzv-MtlcpdUu43mJxUo01dXT1OL9s;Advanced > Specialist;https://www.linkedin.com/company/mercado-livre-brasil/about/;Cibersegurança;cybersecurity OR cyber security OR ai red team;mercado livre brasil;1;;https://www.linkedin.com/jobs/view/4450499576/;https://www.linkedin.com/jobs/view/4450499576/;On-site;Associate;13/08/2026;Osasco;São Paulo;SP;Região Sudeste;Brasil;América do Sul
143;Nava | Tech for Business;Analista de Redes Júnior;Curitiba, PR;13/08 14:00;https://www.linkedin.com/jobs/view/4454072360/;https://media.licdn.com/dms/image/v2/D4D0BAQHpXmVDvF7gvQ/company-logo_100_100/B4DZkvU3xhJgAQ-/0/1757435624969/nava_technology_logo?e=1788393600&v=beta&t=h7VPk7AcVWPMNuyXs600YsOPjnV2nSjWUpyi07siPYs;Advanced > Specialist;https://www.linkedin.com/company/nava-tech-for-business/about/;Software e Serviços de TI;cybersecurity OR cyber security OR ai red team;nava | tech for business;1;;https://www.linkedin.com/jobs/view/4454072360/;https://www.linkedin.com/jobs/view/4454072360/;On-site;Junior, Associate, Infraestrutura/Redes;13/08/2026;;Paraná;PR;Região Sul;Brasil;América do Sul
144;Nava | Tech for Business;Analista de Redes Pleno;Curitiba, PR;13/08 14:00;https://www.linkedin.com/jobs/view/4454085232/;https://media.licdn.com/dms/image/v2/D4D0BAQHpXmVDvF7gvQ/company-logo_100_100/B4DZkvU3xhJgAQ-/0/1757435624969/nava_technology_logo?e=1788393600&v=beta&t=h7VPk7AcVWPMNuyXs600YsOPjnV2nSjWUpyi07siPYs;Advanced > Specialist;https://www.linkedin.com/company/nava-tech-for-business/about/;Software e Serviços de TI;cybersecurity OR cyber security OR ai red team;nava | tech for business;1;;https://www.linkedin.com/jobs/view/4454085232/;https://www.linkedin.com/jobs/view/4454085232/;On-site;Mid, Associate, Infraestrutura/Redes;13/08/2026;;Paraná;PR;Região Sul;Brasil;América do Sul
145;Nava | Tech for Business;Analista de Redes Sênior;Curitiba, PR;13/08 14:00;https://www.linkedin.com/jobs/view/4454077316/;https://media.licdn.com/dms/image/v2/D4D0BAQHpXmVDvF7gvQ/company-logo_100_100/B4DZkvU3xhJgAQ-/0/1757435624969/nava_technology_logo?e=1788393600&v=beta&t=h7VPk7AcVWPMNuyXs600YsOPjnV2nSjWUpyi07siPYs;Advanced > Specialist;https://www.linkedin.com/company/nava-tech-for-business/about/;Software e Serviços de TI;cybersecurity OR cyber security OR ai red team;nava | tech for business;1;;https://www.linkedin.com/jobs/view/4454077316/;https://www.linkedin.com/jobs/view/4454077316/;On-site;Senior, Associate, Infraestrutura/Redes;13/08/2026;;Paraná;PR;Região Sul;Brasil;América do Sul
146;Nava | Tech for Business;Analista de rede;Curitiba, PR;13/08 12:00;https://www.linkedin.com/jobs/view/4450814289/;https://media.licdn.com/dms/image/v2/D4D0BAQHpXmVDvF7gvQ/company-logo_100_100/B4DZkvU3xhJgAQ-/0/1757435624969/nava_technology_logo?e=1788393600&v=beta&t=h7VPk7AcVWPMNuyXs600YsOPjnV2nSjWUpyi07siPYs;Advanced > Specialist;https://www.linkedin.com/company/nava-tech-for-business/about/;Software e Serviços de TI;cybersecurity OR cyber security OR ai red team;nava | tech for business;1;;https://www.linkedin.com/jobs/view/4450814289/;https://www.linkedin.com/jobs/view/4450814289/;On-site;Associate;13/08/2026;;Paraná;PR;Região Sul;Brasil;América do Sul
147;Nava | Tech for Business;Analista de rede;Curitiba, PR;13/08 12:00;https://www.linkedin.com/jobs/view/4450810259/;https://media.licdn.com/dms/image/v2/D4D0BAQHpXmVDvF7gvQ/company-logo_100_100/B4DZkvU3xhJgAQ-/0/1757435624969/nava_technology_logo?e=1788393600&v=beta&t=h7VPk7AcVWPMNuyXs600YsOPjnV2nSjWUpyi07siPYs;Advanced > Specialist;https://www.linkedin.com/company/nava-tech-for-business/about/;Software e Serviços de TI;cybersecurity OR cyber security OR ai red team;nava | tech for business;1;;https://www.linkedin.com/jobs/view/4450810259/;https://www.linkedin.com/jobs/view/4450810259/;On-site;Associate;13/08/2026;;Paraná;PR;Região Sul;Brasil;América do Sul
148;Nubank;Senior Security Engineer (Offensive Security);Belo Horizonte, MG;13/08 17:00;https://www.linkedin.com/jobs/view/4454093651/;https://media.licdn.com/dms/image/v2/C4D0BAQE2EnQJeawjAA/company-logo_100_100/company-logo_100_100/0/1657129831483/nubank_logo?e=1788393600&v=beta&t=fvU1oqqyJIHc8Ej6EoepmpntLznirGnId-JrHz5pG_E;Cybersecurity;https://www.linkedin.com/company/nubank/about/;Cibersegurança;cybersecurity OR cyber security OR ai red team;nubank;1;;https://www.linkedin.com/jobs/view/4454093651/;https://www.linkedin.com/jobs/view/4454093651/;Hybrid;Senior, Cybersecurity, Engenharia Geral;13/08/2026;;Minas Gerais;MG;Região Sudeste;Brasil;América do Sul
149;Nubank;Senior Security Engineer - Application Security- BR - 2026;Belo Horizonte, MG;12/08 23:00;https://www.linkedin.com/jobs/view/4453623580/;https://media.licdn.com/dms/image/v2/C4D0BAQE2EnQJeawjAA/company-logo_100_100/company-logo_100_100/0/1657129831483/nubank_logo?e=1788393600&v=beta&t=fvU1oqqyJIHc8Ej6EoepmpntLznirGnId-JrHz5pG_E;Cybersecurity;https://www.linkedin.com/company/nubank/about/;Cibersegurança;cybersecurity OR cyber security OR ai red team;nubank;1;;https://www.linkedin.com/jobs/view/4453623580/;https://www.linkedin.com/jobs/view/4453623580/;Hybrid;Senior, Cybersecurity, Engenharia Geral;13/08/2026;;Minas Gerais;MG;Região Sudeste;Brasil;América do Sul
150;Nubank;Senior Security Engineer (Blockchain Security);Campinas, SP;12/08 20:00;https://www.linkedin.com/jobs/view/4453363985/;https://media.licdn.com/dms/image/v2/C4D0BAQE2EnQJeawjAA/company-logo_100_100/company-logo_100_100/0/1657129831483/nubank_logo?e=1788393600&v=beta&t=fvU1oqqyJIHc8Ej6EoepmpntLznirGnId-JrHz5pG_E;Cybersecurity;https://www.linkedin.com/company/nubank/about/;Blockchain e Cripto;cybersecurity OR cyber security OR ai red team;nubank;1;;https://www.linkedin.com/jobs/view/4453363985/;https://www.linkedin.com/jobs/view/4453363985/;On-site;Senior, Cybersecurity, Engenharia Geral;13/08/2026;;São Paulo;SP;Região Sudeste;Brasil;América do Sul
151;Nubank;Senior Security Engineer (Offensive Security);Campinas, SP;13/08 17:00;https://www.linkedin.com/jobs/view/4454088753/;https://media.licdn.com/dms/image/v2/C4D0BAQE2EnQJeawjAA/company-logo_100_100/company-logo_100_100/0/1657129831483/nubank_logo?e=1788393600&v=beta&t=fvU1oqqyJIHc8Ej6EoepmpntLznirGnId-JrHz5pG_E;Cybersecurity;https://www.linkedin.com/company/nubank/about/;Cibersegurança;cybersecurity OR cyber security OR ai red team;nubank;1;;https://www.linkedin.com/jobs/view/4454088753/;https://www.linkedin.com/jobs/view/4454088753/;On-site;Senior, Cybersecurity, Engenharia Geral;13/08/2026;;São Paulo;SP;Região Sudeste;Brasil;América do Sul
152;Nubank;Senior Security Engineer - Application Security- BR - 2026;Campinas, SP;12/08 23:00;https://www.linkedin.com/jobs/view/4453626557/;https://media.licdn.com/dms/image/v2/C4D0BAQE2EnQJeawjAA/company-logo_100_100/company-logo_100_100/0/1657129831483/nubank_logo?e=1788393600&v=beta&t=fvU1oqqyJIHc8Ej6EoepmpntLznirGnId-JrHz5pG_E;Cybersecurity;https://www.linkedin.com/company/nubank/about/;Cibersegurança;cybersecurity OR cyber security OR ai red team;nubank;1;;https://www.linkedin.com/jobs/view/4453626557/;https://www.linkedin.com/jobs/view/4453626557/;On-site;Senior, Cybersecurity, Engenharia Geral;13/08/2026;;São Paulo;SP;Região Sudeste;Brasil;América do Sul
153;Nubank;Senior Security Engineer (Offensive Security);Rio de Janeiro, RJ;13/08 17:00;https://www.linkedin.com/jobs/view/4454307492/;https://media.licdn.com/dms/image/v2/C4D0BAQE2EnQJeawjAA/company-logo_100_100/company-logo_100_100/0/1657129831483/nubank_logo?e=1788393600&v=beta&t=fvU1oqqyJIHc8Ej6EoepmpntLznirGnId-JrHz5pG_E;Cybersecurity;https://www.linkedin.com/company/nubank/about/;Cibersegurança;cybersecurity OR cyber security OR ai red team;nubank;1;;https://www.linkedin.com/jobs/view/4454307492/;https://www.linkedin.com/jobs/view/4454307492/;On-site;Senior, Cybersecurity, Engenharia Geral;13/08/2026;Rio de Janeiro;Rio de Janeiro;RJ;Região Sudeste;Brasil;América do Sul
154;Nubank;Senior Security Engineer - Application Security- BR - 2026;Rio de Janeiro, RJ;12/08 23:00;https://www.linkedin.com/jobs/view/4453621584/;https://media.licdn.com/dms/image/v2/C4D0BAQE2EnQJeawjAA/company-logo_100_100/company-logo_100_100/0/1657129831483/nubank_logo?e=1788393600&v=beta&t=fvU1oqqyJIHc8Ej6EoepmpntLznirGnId-JrHz5pG_E;Cybersecurity;https://www.linkedin.com/company/nubank/about/;Cibersegurança;cybersecurity OR cyber security OR ai red team;nubank;1;;https://www.linkedin.com/jobs/view/4453621584/;https://www.linkedin.com/jobs/view/4453621584/;On-site;Senior, Cybersecurity, Engenharia Geral;13/08/2026;Rio de Janeiro;Rio de Janeiro;RJ;Região Sudeste;Brasil;América do Sul
155;Nubank;Senior Software Engineer (Github) - IC5 - 2026;Rio de Janeiro, RJ;12/08 20:00;https://www.linkedin.com/jobs/view/4453365895/;https://media.licdn.com/dms/image/v2/C4D0BAQE2EnQJeawjAA/company-logo_100_100/company-logo_100_100/0/1657129831483/nubank_logo?e=1788393600&v=beta&t=fvU1oqqyJIHc8Ej6EoepmpntLznirGnId-JrHz5pG_E;Advanced > Information Technology;https://www.linkedin.com/company/nubank/about/;Serviços Financeiros;cybersecurity OR cyber security OR ai red team;nubank;1;;https://www.linkedin.com/jobs/view/4453365895/;https://www.linkedin.com/jobs/view/4453365895/;Hybrid;Senior, TI/Tech, Engenharia Geral;13/08/2026;Rio de Janeiro;Rio de Janeiro;RJ;Região Sudeste;Brasil;América do Sul
156;Nubank;Staff Security Engineer (IAM) - BR - 2026;Rio de Janeiro, RJ;12/08 20:00;https://www.linkedin.com/jobs/view/4453369320/;https://media.licdn.com/dms/image/v2/C4D0BAQE2EnQJeawjAA/company-logo_100_100/company-logo_100_100/0/1657129831483/nubank_logo?e=1788393600&v=beta&t=fvU1oqqyJIHc8Ej6EoepmpntLznirGnId-JrHz5pG_E;Cybersecurity;https://www.linkedin.com/company/nubank/about/;Cibersegurança;cybersecurity OR cyber security OR ai red team;nubank;1;;https://www.linkedin.com/jobs/view/4453369320/;https://www.linkedin.com/jobs/view/4453369320/;Hybrid;Cybersecurity, Engenharia Geral;13/08/2026;Rio de Janeiro;Rio de Janeiro;RJ;Região Sudeste;Brasil;América do Sul
157;Nubank;Senior Security Engineer (Offensive Security);São Paulo, SP;13/08 17:00;https://www.linkedin.com/jobs/view/4454088754/;https://media.licdn.com/dms/image/v2/C4D0BAQE2EnQJeawjAA/company-logo_100_100/company-logo_100_100/0/1657129831483/nubank_logo?e=1788393600&v=beta&t=fvU1oqqyJIHc8Ej6EoepmpntLznirGnId-JrHz5pG_E;Cybersecurity;https://www.linkedin.com/company/nubank/about/;Cibersegurança;cybersecurity OR cyber security OR ai red team;nubank;1;;https://www.linkedin.com/jobs/view/4454088754/;https://www.linkedin.com/jobs/view/4454088754/;Hybrid;Senior, Cybersecurity, Engenharia Geral;13/08/2026;São Paulo;São Paulo;SP;Região Sudeste;Brasil;América do Sul
158;Nubank;Senior Security Engineer - Application Security- BR - 2026;São Paulo, SP;12/08 23:00;https://www.linkedin.com/jobs/view/4453630542/;https://media.licdn.com/dms/image/v2/C4D0BAQE2EnQJeawjAA/company-logo_100_100/company-logo_100_100/0/1657129831483/nubank_logo?e=1788393600&v=beta&t=fvU1oqqyJIHc8Ej6EoepmpntLznirGnId-JrHz5pG_E;Cybersecurity;https://www.linkedin.com/company/nubank/about/;Cibersegurança;cybersecurity OR cyber security OR ai red team;nubank;1;;https://www.linkedin.com/jobs/view/4453630542/;https://www.linkedin.com/jobs/view/4453630542/;Hybrid;Senior, Cybersecurity, Engenharia Geral;13/08/2026;São Paulo;São Paulo;SP;Região Sudeste;Brasil;América do Sul
159;Palo Alto Networks;SASE Sales Specialist;São Paulo, SP;13/08 12:00;https://www.linkedin.com/jobs/view/4431980239/;https://media.licdn.com/dms/image/v2/C560BAQFZg72Sfni4SA/company-logo_100_100/company-logo_100_100/0/1657225156841/palo_alto_networks_logo?e=1788393600&v=beta&t=aN-B19WPaWH-Kl6JxgbPo-g9jBFAekTFsNDPerh8xIM;Advanced > Specialist;https://www.linkedin.com/company/palo-alto-networks/about/;Vendas e Suporte;cybersecurity OR cyber security OR ai red team;palo alto networks;1;;https://www.linkedin.com/jobs/view/4431980239/;https://www.linkedin.com/jobs/view/4431980239/;Remote;Specialist, Vendas / Comercial;13/08/2026;São Paulo;São Paulo;SP;Região Sudeste;Brasil;América do Sul
160;Paraná Banco S/A;Especilista de IAM;Curitiba, PR;13/08 12:00;https://www.linkedin.com/jobs/view/4453206520/;https://media.licdn.com/dms/image/v2/C4E0BAQGd23iENnlnNw/company-logo_100_100/company-logo_100_100/0/1630586854387/paran_banco_s_a_logo?e=1788393600&v=beta&t=4-hJqq5K8uOGuikrbZikotsv07cgK_Id_U4_eZQVQEo;Cybersecurity > Iam Manager;https://www.linkedin.com/company/paran-banco-s-a/about/;Inteligência Artificial;cybersecurity OR cyber security OR ai red team;paraná banco s/a;1;;https://www.linkedin.com/jobs/view/4453206520/;https://www.linkedin.com/jobs/view/4453206520/;Hybrid;Specialist;13/08/2026;;Paraná;PR;Região Sul;Brasil;América do Sul
161;Peers Consulting + Technology;Pool de Talentos - Engenheiro de Inteligência Artificial Sênior (Vaga Perene);Brasil;12/08 21:00;https://www.linkedin.com/jobs/view/4452924194/;https://media.licdn.com/dms/image/v2/D4D0BAQGHuPuQyTvSFg/company-logo_100_100/company-logo_100_100/0/1729877709805/peersbr_logo?e=1788393600&v=beta&t=Wd7muAjOT89AX3ABrKq30eDvoHB_ieizWhNsI6ST7tM;People;https://www.linkedin.com/company/peers-consulting-technology/about/;Consultoria e Assessoria;cybersecurity OR cyber security OR ai red team;peers consulting + technology;1;;https://www.linkedin.com/jobs/view/4452924194/;https://www.linkedin.com/jobs/view/4452924194/;Remote;Inteligência Artificial, Senior;13/08/2026;;;;;Brasil;América do Sul
162;Pipevoz;CTO — Voice AI / Enterprise Infrastructure;SP;13/08 17:00;https://www.linkedin.com/jobs/view/4450834135/;https://media.licdn.com/dms/image/v2/D4D0BAQFv_0PiagZy2g/company-logo_100_100/B4DZ8qruoXGkAI-/0/1783127534363/pipevoz_logo?e=1788393600&v=beta&t=zWPQDCuHeRtumymWWM8RQbJsphqbrGCU06lZuCr0gmA;-;https://www.linkedin.com/company/pipevoz/about/;Infraestrutura;cybersecurity OR cyber security OR ai red team;pipevoz;1;;https://www.linkedin.com/jobs/view/4450834135/;https://www.linkedin.com/jobs/view/4450834135/;Remote;Inteligência Artificial;13/08/2026;;São Paulo;SP;Região Sudeste;Brasil;América do Sul
163;Porto;Especialista DevOps;SP;13/08 10:00;https://www.linkedin.com/jobs/view/4454028713/;https://media.licdn.com/dms/image/v2/C4D0BAQHdvjiq_3u9SQ/company-logo_100_100/company-logo_100_100/0/1651181402504?e=1788393600&v=beta&t=YxLSWGYChc9SI17R6EWhIZdSNAMxzW6jh247Iik35WA;Advanced > Specialist;https://www.linkedin.com/company/porto/about/;-;cybersecurity OR cyber security OR ai red team;porto;1;;https://www.linkedin.com/jobs/view/4454028713/;https://www.linkedin.com/jobs/view/4454028713/;On-site;Specialist, DevOps;13/08/2026;;São Paulo;SP;Região Sudeste;Brasil;América do Sul
164;QOS Tecnologia;Analista de Segurança da Informação- Firewall PL ou SR;Recife, PE;12/08 21:00;https://www.linkedin.com/jobs/view/4453398894/;https://media.licdn.com/dms/image/v2/C4E0BAQHWcvkoH9TbYg/company-logo_100_100/company-logo_100_100/0/1630646386794/qos_tecnologia_logo?e=1788393600&v=beta&t=fkCOm-VwBGbRTgiLW_kjxDbhtj1WBVAxkixGZvsBiCg;Advanced > Specialist;https://www.linkedin.com/company/qos-tecnologia/about/;Cibersegurança;cybersecurity OR cyber security OR ai red team;qos tecnologia;1;;https://www.linkedin.com/jobs/view/4453398894/;https://www.linkedin.com/jobs/view/4453398894/;On-site;Senior, Mid, Associate, Cybersecurity;13/08/2026;Recife;Pernambuco;PE;Região Nordeste;Brasil;América do Sul
165;Questrade Financial Group;JSOC - Cybersecurity Specialist - Incident Response;Brasil;13/08 19:00;https://www.linkedin.com/jobs/view/4450830659/;https://media.licdn.com/dms/image/v2/D4D0BAQFa8vVUyr4YWA/company-logo_100_100/B4DZ.v5YcxIYAI-/0/1785362483361/questrade_logo?e=1788393600&v=beta&t=5yiZFLgxZetIOoOphOEKMA1HxZuufpfbWYPFjD-4HS0;Cybersecurity;https://www.linkedin.com/company/questrade-financial-group/about/;Cibersegurança;cybersecurity OR cyber security OR ai red team;questrade financial group;1;;https://www.linkedin.com/jobs/view/4450830659/;https://www.linkedin.com/jobs/view/4450830659/;Remote;Specialist, Cybersecurity;13/08/2026;;;;;Brasil;América do Sul
166;Quik Hire Staffing;AI Research Scientist (Remote);Brasil;13/08 13:00;https://www.linkedin.com/jobs/view/4454056701/;https://media.licdn.com/dms/image/v2/D560BAQFYxxMZnepyAw/company-logo_100_100/B56ZsDhgBgI0AQ-/0/1765290672906/quik_hire_staffing_logo?e=1788393600&v=beta&t=grLzIO4kxE_Ofr0A-A4z1O3z8mYVwg6v3AXp2GdUbe4;-;https://www.linkedin.com/company/quik-hire-staffing/about/;Software e Serviços de TI;cybersecurity OR cyber security OR ai red team;quik hire staffing;1;;https://www.linkedin.com/jobs/view/4454056701/;https://www.linkedin.com/jobs/view/4454056701/;Remote;Inteligência Artificial;13/08/2026;;;;;Brasil;América do Sul
167;Reachr Soluções Inovadoras em RH;Analista de segurança da informação;Ceará, Brasil;13/08 17:00;https://www.linkedin.com/jobs/view/4454096885/;https://media.licdn.com/dms/image/v2/C4D0BAQFAFvpk_gxqCQ/company-logo_100_100/company-logo_100_100/0/1630560157871/reachr_recrutamento_logo?e=1788393600&v=beta&t=11xFBXbolcjWv650njY0XGsZ8dC5znjEv5I47q5OEQk;Advanced > Specialist;https://www.linkedin.com/company/reachr-solu-es-inovadoras-em-rh/about/;Cibersegurança;cybersecurity OR cyber security OR ai red team;reachr soluções inovadoras em rh;1;;https://www.linkedin.com/jobs/view/4454096885/;https://www.linkedin.com/jobs/view/4454096885/;On-site;Associate, Cybersecurity;13/08/2026;;Ceará;CE;Região Nordeste;Brasil;América do Sul
168;Rede D'Or;Analista de Privacidade PL I Corporativo Rio de Janeiro;Rio de Janeiro, RJ;13/08 13:00;https://www.linkedin.com/jobs/view/4443987842/;https://media.licdn.com/dms/image/v2/D4D0BAQHN4dv08rV5TA/company-logo_100_100/B4DZpJGxNBH0AQ-/0/1762163103503/rededor_logo?e=1788393600&v=beta&t=FawllISELECZ1RMFZBF938dhKJp3_1R3G7Et3Z7HJ-A;Advanced > Specialist;https://www.linkedin.com/company/rede-d-or/about/;Software e Serviços de TI;cybersecurity OR cyber security OR ai red team;rede d'or;1;;https://www.linkedin.com/jobs/view/4443987842/;https://www.linkedin.com/jobs/view/4443987842/;Hybrid;Mid, Associate;13/08/2026;Rio de Janeiro;Rio de Janeiro;RJ;Região Sudeste;Brasil;América do Sul
169;Redebrasil Gestão de Ativos;Analista de Segurança da Informação - RS;Canoas, RS;12/08 23:00;https://www.linkedin.com/jobs/view/4450430624/;https://media.licdn.com/dms/image/v2/D4D0BAQEu4SoNPcK1Hg/company-logo_100_100/company-logo_100_100/0/1688476417680/redebrasil_gest_o_de_ativos_logo?e=1788393600&v=beta&t=S1XZ1FV3M6ulKh0lLUd8ZWFKqeDchCXCk8FwvIVcxPQ;Advanced > Specialist;https://www.linkedin.com/company/redebrasil-gest-o-de-ativos/about/;Cibersegurança;cybersecurity OR cyber security OR ai red team;redebrasil gestão de ativos;1;;https://www.linkedin.com/jobs/view/4450430624/;https://www.linkedin.com/jobs/view/4450430624/;On-site;Associate, Cybersecurity;13/08/2026;Canoas;Rio Grande do Sul;RS;Região Sul;Brasil;América do Sul
170;Redebrasil Gestão de Ativos;Analista de Segurança da Informação - SP;Grande São Paulo (SP) ;12/08 23:00;https://www.linkedin.com/jobs/view/4450431771/;https://media.licdn.com/dms/image/v2/D4D0BAQEu4SoNPcK1Hg/company-logo_100_100/company-logo_100_100/0/1688476417680/redebrasil_gest_o_de_ativos_logo?e=1788393600&v=beta&t=S1XZ1FV3M6ulKh0lLUd8ZWFKqeDchCXCk8FwvIVcxPQ;Advanced > Specialist;https://www.linkedin.com/company/redebrasil-gest-o-de-ativos/about/;Cibersegurança;cybersecurity OR cyber security OR ai red team;redebrasil gestão de ativos;1;;https://www.linkedin.com/jobs/view/4450431771/;https://www.linkedin.com/jobs/view/4450431771/;On-site;Associate, Cybersecurity;13/08/2026;;São Paulo;SP;Região Sudeste;Brasil;América do Sul
171;SBM Offshore;Senior IT Network Specialist;Rio de Janeiro, RJ;13/08 17:00;https://www.linkedin.com/jobs/view/4453252527/;https://media.licdn.com/dms/image/v2/C4E0BAQHU_y0s5H5HWg/company-logo_100_100/company-logo_100_100/0/1676540255533/sbmoffshore_logo?e=1788393600&v=beta&t=iusBUohk__MVTTqoX-yrBDI9yHrdTdGLcraacxVNcGA;Advanced > Specialist;https://www.linkedin.com/company/sbm-offshore/about/;Software e Serviços de TI;cybersecurity OR cyber security OR ai red team;sbm offshore;1;;https://www.linkedin.com/jobs/view/4453252527/;https://www.linkedin.com/jobs/view/4453252527/;Hybrid;Specialist, Senior, Infraestrutura/Redes;13/08/2026;Rio de Janeiro;Rio de Janeiro;RJ;Região Sudeste;Brasil;América do Sul
172;SSA - São Salvador Alimentos;Analista Infraestrutura TI Sênior;Itaberaí, GO;13/08 17:00;https://www.linkedin.com/jobs/view/4450841293/;https://media.licdn.com/dms/image/v2/D4D0BAQHFolBOX1AZJw/company-logo_100_100/company-logo_100_100/0/1730228482354/saosalvadoralimentos_logo?e=1788393600&v=beta&t=F-wobvwYntJe0PbM_6vREaJAk09gEfwjEjFjElTU_fc;Advanced > Specialist;https://www.linkedin.com/company/ssa-s-o-salvador-alimentos/about/;Alimentos e Bebidas;cybersecurity OR cyber security OR ai red team;ssa - são salvador alimentos;1;;https://www.linkedin.com/jobs/view/4450841293/;https://www.linkedin.com/jobs/view/4450841293/;On-site;Senior, Associate, TI/Tech, Infraestrutura/Redes;13/08/2026;Itaberaí;Goiás;GO;Região Centro-Oeste;Brasil;América do Sul
173;SSA - São Salvador Alimentos;Analista de Infraestrutura - Sênior;Itaberaí, GO;13/08 13:00;https://www.linkedin.com/jobs/view/4450812536/;https://media.licdn.com/dms/image/v2/D4D0BAQHFolBOX1AZJw/company-logo_100_100/company-logo_100_100/0/1730228482354/saosalvadoralimentos_logo?e=1788393600&v=beta&t=F-wobvwYntJe0PbM_6vREaJAk09gEfwjEjFjElTU_fc;Advanced > Specialist;https://www.linkedin.com/company/ssa-s-o-salvador-alimentos/about/;Alimentos e Bebidas;cybersecurity OR cyber security OR ai red team;ssa - são salvador alimentos;1;;https://www.linkedin.com/jobs/view/4450812536/;https://www.linkedin.com/jobs/view/4450812536/;On-site;Senior, Associate, Infraestrutura/Redes;13/08/2026;Itaberaí;Goiás;GO;Região Centro-Oeste;Brasil;América do Sul
174;Santander Brasil;Cyber Security Spec IV (BISO);São Paulo, SP;13/08 15:00;https://www.linkedin.com/jobs/view/4454085609/;https://media.licdn.com/dms/image/v2/D4D0BAQGO_CAKXyEH2g/company-logo_100_100/B4DZfGdXQHHMAQ-/0/1751381276407/grupo_santander_brasil_logo?e=1788393600&v=beta&t=JLrME_pYAda-8Jfuz0JTyAVyNInvNKfvpTS7MjH55ac;Cybersecurity;https://www.linkedin.com/company/santander-brasil/about/;Cibersegurança;cybersecurity OR cyber security OR ai red team;santander brasil;1;;https://www.linkedin.com/jobs/view/4454085609/;https://www.linkedin.com/jobs/view/4454085609/;Not informed;Cybersecurity;13/08/2026;São Paulo;São Paulo;SP;Região Sudeste;Brasil;América do Sul
175;SecurityScorecard;Senior Data Scientist;Brasil;13/08 19:00;https://www.linkedin.com/jobs/view/4450833616/;https://media.licdn.com/dms/image/v2/D560BAQFVfSMZBwBwYg/company-logo_100_100/company-logo_100_100/0/1690297691684/security_scorecard_logo?e=1788393600&v=beta&t=bB1-9XRARE7M6A9iL-mSklsR_KfkZWe3wc_Qwxf50bY;Data & Ai > Data Engineering;https://www.linkedin.com/company/securityscorecard/about/;Cibersegurança;cybersecurity OR cyber security OR ai red team;securityscorecard;1;;https://www.linkedin.com/jobs/view/4450833616/;https://www.linkedin.com/jobs/view/4450833616/;Remote;Senior, Dados/Analytics;13/08/2026;;;;;Brasil;América do Sul
176;SecurityScorecard;Senior Data Scientist;Grande Florianopolis;13/08 19:00;https://www.linkedin.com/jobs/view/4450829655/;https://media.licdn.com/dms/image/v2/D560BAQFVfSMZBwBwYg/company-logo_100_100/company-logo_100_100/0/1690297691684/security_scorecard_logo?e=1788393600&v=beta&t=bB1-9XRARE7M6A9iL-mSklsR_KfkZWe3wc_Qwxf50bY;Data & Ai > Data Engineering;https://www.linkedin.com/company/securityscorecard/about/;Cibersegurança;cybersecurity OR cyber security OR ai red team;securityscorecard;1;;https://www.linkedin.com/jobs/view/4450829655/;https://www.linkedin.com/jobs/view/4450829655/;Remote;Senior, Dados/Analytics;13/08/2026;;Rio Grande do Sul;RS;Região Sul;Brasil;América do Sul
177;SecurityScorecard;Senior Data Scientist;Grande Rio de Janeiro (RJ);13/08 19:00;https://www.linkedin.com/jobs/view/4450834583/;https://media.licdn.com/dms/image/v2/D560BAQFVfSMZBwBwYg/company-logo_100_100/company-logo_100_100/0/1690297691684/security_scorecard_logo?e=1788393600&v=beta&t=bB1-9XRARE7M6A9iL-mSklsR_KfkZWe3wc_Qwxf50bY;Data & Ai > Data Engineering;https://www.linkedin.com/company/securityscorecard/about/;Cibersegurança;cybersecurity OR cyber security OR ai red team;securityscorecard;1;;https://www.linkedin.com/jobs/view/4450834583/;https://www.linkedin.com/jobs/view/4450834583/;Remote;Senior, Dados/Analytics;13/08/2026;;Rio de Janeiro;RJ;Região Sudeste;Brasil;América do Sul
178;SecurityScorecard;Senior Data Scientist;Grande São Paulo (SP) ;13/08 19:00;https://www.linkedin.com/jobs/view/4450832653/;https://media.licdn.com/dms/image/v2/D560BAQFVfSMZBwBwYg/company-logo_100_100/company-logo_100_100/0/1690297691684/security_scorecard_logo?e=1788393600&v=beta&t=bB1-9XRARE7M6A9iL-mSklsR_KfkZWe3wc_Qwxf50bY;Data & Ai > Data Engineering;https://www.linkedin.com/company/securityscorecard/about/;Cibersegurança;cybersecurity OR cyber security OR ai red team;securityscorecard;1;;https://www.linkedin.com/jobs/view/4450832653/;https://www.linkedin.com/jobs/view/4450832653/;Remote;Senior, Dados/Analytics;13/08/2026;;São Paulo;SP;Região Sudeste;Brasil;América do Sul
179;Seguros Unimed;Analista Cyber Security Sênior | Blue Team;SP;13/08 12:00;https://www.linkedin.com/jobs/view/4450802481/;https://media.licdn.com/dms/image/v2/D4D0BAQHU5VdDqJ0bsA/company-logo_100_100/company-logo_100_100/0/1665166409260/segurosunimed_logo?e=1788393600&v=beta&t=5gW6fKtFltl3gNZwoYjgWFBPatJCpmyZeC_JN8xSacw;Cybersecurity;https://www.linkedin.com/company/seguros-unimed/about/;Cibersegurança;cybersecurity OR cyber security OR ai red team;seguros unimed;1;;https://www.linkedin.com/jobs/view/4450802481/;https://www.linkedin.com/jobs/view/4450802481/;Hybrid;Senior, Associate, Cybersecurity;13/08/2026;;São Paulo;SP;Região Sudeste;Brasil;América do Sul
180;Sicoob Central Crediminas;Analista de Segurança da Informação (Cyber Security) PL  | Belo Horizonte;Belo Horizonte, MG;13/08 17:00;https://www.linkedin.com/jobs/view/4454310313/;https://media.licdn.com/dms/image/v2/D4D0BAQEopeSx5bsTkg/company-logo_100_100/company-logo_100_100/0/1723557067791/sicoobcentralcrediminas_logo?e=1788393600&v=beta&t=ZguZ4shUYHKROiha6gwJ8FlT-FZpDlMK-hPb1dyhLco;Cybersecurity;https://www.linkedin.com/company/sicoob-central-crediminas/about/;Cibersegurança;cybersecurity OR cyber security OR ai red team;sicoob central crediminas;1;;https://www.linkedin.com/jobs/view/4454310313/;https://www.linkedin.com/jobs/view/4454310313/;On-site;Mid, Associate, Cybersecurity;13/08/2026;;Minas Gerais;MG;Região Sudeste;Brasil;América do Sul
181;Sigilosa;Consultor de Infraestrutura de TI Sênior;São Paulo, SP;13/08 16:00;https://www.linkedin.com/jobs/view/4450836010/;https://media.licdn.com/dms/image/v2/C560BAQHBmN-tosvWsw/company-logo_100_100/company-logo_100_100/0/1662654690176?e=1788393600&v=beta&t=O2cJPTgvo029JpXcqATgynWS04OCRoILNapjDvAiHTo;Advanced > Specialist;https://www.linkedin.com/company/sigilosa/about/;Infraestrutura;cybersecurity OR cyber security OR ai red team;sigilosa;1;;https://www.linkedin.com/jobs/view/4450836010/;https://www.linkedin.com/jobs/view/4450836010/;Hybrid;Senior, Consultor, TI/Tech, Infraestrutura/Redes;13/08/2026;São Paulo;São Paulo;SP;Região Sudeste;Brasil;América do Sul
182;SoftwareOne;2026-30683 Consultor Sênior de Dados e IA | Microsoft & Databricks- BR;São Paulo, SP;13/08 10:00;https://www.linkedin.com/jobs/view/4452990281/;https://media.licdn.com/dms/image/v2/D4D0BAQEhL6atpUXREA/company-logo_100_100/B4DZ8aoQrRI0AI-/0/1782858189730/softwareone_logo?e=1788393600&v=beta&t=1hYGedXI23eWdrTXRB5U4SpTXXMp8lqRoQUm4wA3TnE;Advanced > Specialist;https://www.linkedin.com/company/softwareone/about/;Dados e Analytics;cybersecurity OR cyber security OR ai red team;softwareone;1;;https://www.linkedin.com/jobs/view/4452990281/;https://www.linkedin.com/jobs/view/4452990281/;Hybrid;Inteligência Artificial, Senior, Consultor, Dados/Analytics;13/08/2026;São Paulo;São Paulo;SP;Região Sudeste;Brasil;América do Sul
183;Solar Coca-Cola;Assistente de Tecnologia da Informação - Rio Branco/Ac;Rio Branco, AC;12/08 21:00;https://www.linkedin.com/jobs/view/4452776258/;https://media.licdn.com/dms/image/v2/D4D0BAQELO0EKKmpv3g/company-logo_100_100/company-logo_100_100/0/1725368110153/solar_coca_cola_logo?e=1788393600&v=beta&t=E1nn2n1SiBH_Y3YR-lz31pFJSwcHR-Yqdqv9YaGxgsw;-;https://www.linkedin.com/company/solar-coca-cola/about/;Energia e Combustíveis;cybersecurity OR cyber security OR ai red team;solar coca-cola;1;;https://www.linkedin.com/jobs/view/4452776258/;https://www.linkedin.com/jobs/view/4452776258/;Not informed;Associate, TI/Tech;13/08/2026;Rio Branco;Acre;AC;Região Norte;Brasil;América do Sul
184;Stefanini Brasil;Analista de Governança de Inteligência Artificial;Brasil;13/08 18:00;https://www.linkedin.com/jobs/view/4454306985/;https://media.licdn.com/dms/image/v2/D4D0BAQFOPyOhO4wTTg/company-logo_100_100/company-logo_100_100/0/1719784126380/stefanini_brasil_logo?e=1788393600&v=beta&t=LA0sD1BGzeKRNnWc-LbCYbdlOoOsYW-2V60_l8NMwUY;Advanced > Specialist;https://www.linkedin.com/company/stefanini-brasil/about/;Hardware e Eletrônicos;cybersecurity OR cyber security OR ai red team;stefanini brasil;1;;https://www.linkedin.com/jobs/view/4454306985/;https://www.linkedin.com/jobs/view/4454306985/;Remote;Inteligência Artificial, Associate;13/08/2026;;;;;Brasil;América do Sul
185;Stone;Arquiteto de Segurança em Desenvolvimento (AppSec) Senior;Brasil;13/08 07:00;https://www.linkedin.com/jobs/view/4420640387/;https://media.licdn.com/dms/image/v2/D4D0BAQEZQ73DBLnfwg/company-logo_100_100/B4DZ4tXA2qHAAM-/0/1778877468290/stone_co_logo?e=1788393600&v=beta&t=T3sjKc1wLHZRkA_--nSkU_FrERz_3kaYo6Qzbb77b14;Architecture;https://www.linkedin.com/company/stone/about/;Cibersegurança;cybersecurity OR cyber security OR ai red team;stone;1;;https://www.linkedin.com/jobs/view/4420640387/;https://www.linkedin.com/jobs/view/4420640387/;Remote;Senior;13/08/2026;;;;;Brasil;América do Sul
186;SysMap Solutions;Engenheiro de Machine Learning SR – Especialista em Microsoft;São Paulo, SP;13/08 17:00;https://www.linkedin.com/jobs/view/4450836305/;https://media.licdn.com/dms/image/v2/D4D0BAQF9hclRurD5gA/company-logo_100_100/company-logo_100_100/0/1733148827276/sysmap_solutions_logo?e=1788393600&v=beta&t=J8rS26zuBVg7IVwAVCOL7j3IzR4AxgEU3JLwAxO7eUY;Advanced > Specialist;https://www.linkedin.com/company/sysmap-solutions/about/;Inteligência Artificial;cybersecurity OR cyber security OR ai red team;sysmap solutions;1;;https://www.linkedin.com/jobs/view/4450836305/;https://www.linkedin.com/jobs/view/4450836305/;Hybrid;Machine Learning, Specialist, Senior;13/08/2026;São Paulo;São Paulo;SP;Região Sudeste;Brasil;América do Sul
187;Tech Economy;Lead, AI Engineering;São Paulo, SP;12/08 23:00;https://www.linkedin.com/jobs/view/4452781614/;https://media.licdn.com/dms/image/v2/C4D0BAQHQ0gjkgfHrxQ/company-logo_100_100/company-logo_100_100/0/1630570389803/tech_economy_partners_logo?e=1788393600&v=beta&t=tbs-mNGewy0AiLwxom5y9Ou38vMdtOjvoUF1NwmlNZs;Middle > Manager;https://www.linkedin.com/company/tech-economy/about/;Inteligência Artificial;cybersecurity OR cyber security OR ai red team;tech economy;1;;https://www.linkedin.com/jobs/view/4452781614/;https://www.linkedin.com/jobs/view/4452781614/;Not informed;Inteligência Artificial, Mid, Liderança/Gerência, Engenharia Geral;13/08/2026;São Paulo;São Paulo;SP;Região Sudeste;Brasil;América do Sul
188;Tech For TI;Especialista em Redes e Segurança;SP;13/08 11:00;https://www.linkedin.com/jobs/view/4454022861/;https://media.licdn.com/dms/image/v2/C4E0BAQHWJ8CzNXXwLw/company-logo_100_100/company-logo_100_100/0/1631368257431?e=1788393600&v=beta&t=OGWA1ahDzjby1OwBod8kYc-YYEqbqUpcUgT1-YzRn7E;Advanced > Specialist;https://www.linkedin.com/company/tech-for-ti/about/;Cibersegurança;cybersecurity OR cyber security OR ai red team;tech for ti;1;;https://www.linkedin.com/jobs/view/4454022861/;https://www.linkedin.com/jobs/view/4454022861/;Remote;Specialist, Infraestrutura/Redes;13/08/2026;;São Paulo;SP;Região Sudeste;Brasil;América do Sul
189;TotalPass Brasil;Analista de Segurança da Informação Pleno;São Paulo, SP;13/08 18:00;https://www.linkedin.com/jobs/view/4454095976/;https://media.licdn.com/dms/image/v2/D4E0BAQGA_mzWHXViJw/company-logo_100_100/B4EZ85Dsw4HwAM-/0/1783368699219/totalpassbrasil_logo?e=1788393600&v=beta&t=jdSAMfHcukHhFDdLRVOeUF_DHc1T18184RGOjw_XQrE;Advanced > Specialist;https://www.linkedin.com/company/totalpass-brasil/about/;Cibersegurança;cybersecurity OR cyber security OR ai red team;totalpass brasil;1;;https://www.linkedin.com/jobs/view/4454095976/;https://www.linkedin.com/jobs/view/4454095976/;Remote;Mid, Associate, Cybersecurity;13/08/2026;São Paulo;São Paulo;SP;Região Sudeste;Brasil;América do Sul
190;Unifique;Analista de Governança TI;Brasil;13/08 07:00;https://www.linkedin.com/jobs/view/4450497143/;https://media.licdn.com/dms/image/v2/D4D0BAQHdn_nk6s5OJw/company-logo_100_100/B4DZt.8hJOK0AQ-/0/1767361352915/unifiqueoficial_logo?e=1788393600&v=beta&t=x2E044fZTjeK1PCt9Df5F-xABgWMKIfBKfhj6kLtBbw;Advanced > Specialist;https://www.linkedin.com/company/unifique/about/;Software e Serviços de TI;cybersecurity OR cyber security OR ai red team;unifique;1;;https://www.linkedin.com/jobs/view/4450497143/;https://www.linkedin.com/jobs/view/4450497143/;Remote;Associate, TI/Tech;13/08/2026;;;;;Brasil;América do Sul
191;Unifique;Analista de Privacidade e Proteção de Dados;Brasil;13/08 07:00;https://www.linkedin.com/jobs/view/4450479329/;https://media.licdn.com/dms/image/v2/D4D0BAQHdn_nk6s5OJw/company-logo_100_100/B4DZt.8hJOK0AQ-/0/1767361352915/unifiqueoficial_logo?e=1788393600&v=beta&t=x2E044fZTjeK1PCt9Df5F-xABgWMKIfBKfhj6kLtBbw;Advanced > Specialist;https://www.linkedin.com/company/unifique/about/;Dados e Analytics;cybersecurity OR cyber security OR ai red team;unifique;1;;https://www.linkedin.com/jobs/view/4450479329/;https://www.linkedin.com/jobs/view/4450479329/;Remote;Associate, Dados/Analytics;13/08/2026;;;;;Brasil;América do Sul
192;Unimed do Brasil;Analista de Arquitetura de Software Sr;São Paulo, SP;13/08 19:00;https://www.linkedin.com/jobs/view/4450838648/;https://media.licdn.com/dms/image/v2/D4D0BAQGkyJAXpcWSTw/company-logo_100_100/company-logo_100_100/0/1666084542187/unimeddobrasil_logo?e=1788393600&v=beta&t=UMOhkuAhaqpXM4WnyF98hK1GOs3uTZKg6vRZr155HHI;Advanced > Specialist;https://www.linkedin.com/company/unimed-do-brasil/about/;Software e Serviços de TI;cybersecurity OR cyber security OR ai red team;unimed do brasil;1;;https://www.linkedin.com/jobs/view/4450838648/;https://www.linkedin.com/jobs/view/4450838648/;Hybrid;Senior, Associate, TI/Tech;13/08/2026;São Paulo;São Paulo;SP;Região Sudeste;Brasil;América do Sul
193;Vagas ManpowerGroup;DevSecOps / Cloud Architect;Rio de Janeiro, RJ;13/08 09:00;https://www.linkedin.com/jobs/view/4450488610/;https://media.licdn.com/dms/image/v2/D4D0BAQHdUzCExj7SZg/company-logo_100_100/B4DZlcqEAdHYAQ-/0/1758196154801/manpowergroup_vagas_de_emprego_logo?e=1788393600&v=beta&t=Ywvk_AA555nAtH40l5xE41RDq17LSsCxrFzbApjYM5A;Architecture;https://www.linkedin.com/company/vagas-manpowergroup/about/;Energia e Combustíveis;cybersecurity OR cyber security OR ai red team;vagas manpowergroup;1;;https://www.linkedin.com/jobs/view/4450488610/;https://www.linkedin.com/jobs/view/4450488610/;On-site;-;13/08/2026;Rio de Janeiro;Rio de Janeiro;RJ;Região Sudeste;Brasil;América do Sul
194;Vagas ManpowerGroup;DevSecOps / Cloud Architect;São Paulo, SP;13/08 09:00;https://www.linkedin.com/jobs/view/4450489662/;https://media.licdn.com/dms/image/v2/D4D0BAQHdUzCExj7SZg/company-logo_100_100/B4DZlcqEAdHYAQ-/0/1758196154801/manpowergroup_vagas_de_emprego_logo?e=1788393600&v=beta&t=Ywvk_AA555nAtH40l5xE41RDq17LSsCxrFzbApjYM5A;Architecture;https://www.linkedin.com/company/vagas-manpowergroup/about/;Energia e Combustíveis;cybersecurity OR cyber security OR ai red team;vagas manpowergroup;1;;https://www.linkedin.com/jobs/view/4450489662/;https://www.linkedin.com/jobs/view/4450489662/;On-site;-;13/08/2026;São Paulo;São Paulo;SP;Região Sudeste;Brasil;América do Sul
195;WPP;Technology Risk & Controls Transformation Specialist;São Paulo, SP;13/08 12:00;https://www.linkedin.com/jobs/view/4440163641/;https://media.licdn.com/dms/image/v2/D4E0BAQHa3RF4LTQEOA/company-logo_100_100/B4EZyYl8OaGcAQ-/0/1772086609205/wpp_logo?e=1788393600&v=beta&t=fVcOxAz0t9kQIVg64h4MGXCAEeMxnPeJ_AGhoddP2M4;Advanced > Specialist;https://www.linkedin.com/company/wpp/about/;Software e Serviços de TI;cybersecurity OR cyber security OR ai red team;wpp;1;;https://www.linkedin.com/jobs/view/4440163641/;https://www.linkedin.com/jobs/view/4440163641/;Hybrid;Specialist, TI/Tech;13/08/2026;São Paulo;São Paulo;SP;Região Sudeste;Brasil;América do Sul
196;WTime Business Intelligence;Clone: Especialista Sênior de Segurança de Dados (Data Security Strategy);São Paulo, SP;12/08 22:00;https://www.linkedin.com/jobs/view/4452767429/;https://media.licdn.com/dms/image/v2/C560BAQEiX9lnCt-Qpg/company-logo_100_100/company-logo_100_100/0/1630654905191/wtime_business_intellingence_logo?e=1788393600&v=beta&t=K4Hig36cStWPCCi_Va45flzYUW0gT5nLzilXtYhfCP4;Cybersecurity;https://www.linkedin.com/company/wtime-business-intelligence/about/;Cibersegurança;cybersecurity OR cyber security OR ai red team;wtime business intelligence;1;;https://www.linkedin.com/jobs/view/4452767429/;https://www.linkedin.com/jobs/view/4452767429/;Remote;Specialist, Senior, Cybersecurity, Dados/Analytics;13/08/2026;São Paulo;São Paulo;SP;Região Sudeste;Brasil;América do Sul
197;Wiz;Senior Solutions Engineer, Brazil;Brasil;13/08 12:00;https://www.linkedin.com/jobs/view/4431997130/;https://media.licdn.com/dms/image/v2/D4E0BAQFOGx_ymF4Z5A/company-logo_100_100/B4EZ9B2tmlHwAI-/0/1783516289657/wizsecurity_logo?e=1788393600&v=beta&t=-ASD03HuP5QCLYhgrsUAIS-16hEqA2GR2zXtC3O78As;Advanced > Information Technology;https://www.linkedin.com/company/wiz/about/;Software e Serviços de TI;cybersecurity OR cyber security OR ai red team;wiz;1;;https://www.linkedin.com/jobs/view/4431997130/;https://www.linkedin.com/jobs/view/4431997130/;Remote;Senior, Engenharia Geral;13/08/2026;;;;;Brasil;América do Sul
198;WÜRTH IT BRASIL;Sr. PingIdentity Analyst (IAM);Cotia, SP;13/08 10:00;https://www.linkedin.com/jobs/view/4449887340/;https://media.licdn.com/dms/image/v2/D4D0BAQHupMHnHz38HQ/company-logo_100_100/company-logo_100_100/0/1711443617077?e=1788393600&v=beta&t=lk-fhPqCk3-YW_00hr21jo_c8RSW_3GJ0OUZNyAX2Eg;Advanced > Specialist;https://www.linkedin.com/company/w-rth-it-brasil/about/;Software e Serviços de TI;cybersecurity OR cyber security OR ai red team;würth it brasil;1;;https://www.linkedin.com/jobs/view/4449887340/;https://www.linkedin.com/jobs/view/4449887340/;Hybrid;Senior;13/08/2026;Cotia;São Paulo;SP;Região Sudeste;Brasil;América do Sul
199;XP Inc.;Analista de Segurança da Informação Sênior – Projetos de Gestão de Acessos;São Paulo, SP;13/08 06:00;https://www.linkedin.com/jobs/view/4435324121/;https://media.licdn.com/dms/image/v2/D4E0BAQGNGiz9pu4KZw/company-logo_100_100/company-logo_100_100/0/1735922822407/xpinc_logo?e=1788393600&v=beta&t=kM2VOCHQn6lTPhzhrf5o4JrhcU1JoO8b9dQFGkV4XqU;Advanced > Specialist;https://www.linkedin.com/company/xp-inc/about/;Cibersegurança;cybersecurity OR cyber security OR ai red team;xp inc.;1;;https://www.linkedin.com/jobs/view/4435324121/;https://www.linkedin.com/jobs/view/4435324121/;Not informed;Senior, Associate, Cybersecurity;13/08/2026;São Paulo;São Paulo;SP;Região Sudeste;Brasil;América do Sul
200;XP Inc.;Product Manager Especialista | Prevenção a Fraudes;São Paulo, SP;13/08 07:00;https://www.linkedin.com/jobs/view/4407506204/;https://media.licdn.com/dms/image/v2/D4E0BAQGNGiz9pu4KZw/company-logo_100_100/company-logo_100_100/0/1735922822407/xpinc_logo?e=1788393600&v=beta&t=kM2VOCHQn6lTPhzhrf5o4JrhcU1JoO8b9dQFGkV4XqU;Produtos > Product Manager;https://www.linkedin.com/company/xp-inc/about/;-;cybersecurity OR cyber security OR ai red team;xp inc.;1;;https://www.linkedin.com/jobs/view/4407506204/;https://www.linkedin.com/jobs/view/4407506204/;Not informed;Specialist, Liderança/Gerência, Product Owner/Product Manager;13/08/2026;São Paulo;São Paulo;SP;Região Sudeste;Brasil;América do Sul
201;banco BV;Jovem Aprendiz | Cyber Security;São Paulo, SP;13/08 10:00;https://www.linkedin.com/jobs/view/4454031579/;https://media.licdn.com/dms/image/v2/D560BAQGE-TS-axJsYg/company-logo_100_100/B56Z5G6A1tKsAI-/0/1779306073662/bancobv_logo?e=1788393600&v=beta&t=iUfQuPsCAEp1t92DfRQFHDngYOiLihrq8H9Vg2QDC8c;Cybersecurity;https://www.linkedin.com/company/banco-bv/about/;Cibersegurança;cybersecurity OR cyber security OR ai red team;banco bv;1;;https://www.linkedin.com/jobs/view/4454031579/;https://www.linkedin.com/jobs/view/4454031579/;Hybrid;Intern, Cybersecurity;13/08/2026;São Paulo;São Paulo;SP;Região Sudeste;Brasil;América do Sul
202;innolevels;Desenvolvedor de IA Generativa Sênior  - SP;Grande São Paulo (SP) ;12/08 23:00;https://www.linkedin.com/jobs/view/4450441467/;https://media.licdn.com/dms/image/v2/C4D0BAQHTJl0dF22boA/company-logo_100_100/company-logo_100_100/0/1662223622824/innolevels_logo?e=1788393600&v=beta&t=I-C4T1iCzRtreAFcNDJdPvEu4gbweaaPHniCsc_DmzU;-;https://www.linkedin.com/company/innolevels/about/;Inteligência Artificial;cybersecurity OR cyber security OR ai red team;innolevels;1;;https://www.linkedin.com/jobs/view/4450441467/;https://www.linkedin.com/jobs/view/4450441467/;Remote;Inteligência Artificial, Senior;13/08/2026;;São Paulo;SP;Região Sudeste;Brasil;América do Sul
203;innolevels;Engenheiro de Inteligência Artificial - SP;Grande São Paulo (SP) ;12/08 23:00;https://www.linkedin.com/jobs/view/4450446414/;https://media.licdn.com/dms/image/v2/C4D0BAQHTJl0dF22boA/company-logo_100_100/company-logo_100_100/0/1662223622824/innolevels_logo?e=1788393600&v=beta&t=I-C4T1iCzRtreAFcNDJdPvEu4gbweaaPHniCsc_DmzU;-;https://www.linkedin.com/company/innolevels/about/;Hardware e Eletrônicos;cybersecurity OR cyber security OR ai red team;innolevels;1;;https://www.linkedin.com/jobs/view/4450446414/;https://www.linkedin.com/jobs/view/4450446414/;Hybrid;Inteligência Artificial;13/08/2026;;São Paulo;SP;Região Sudeste;Brasil;América do Sul
204;innolevels;Analista de Segurança da Informação - PE;Recife, PE;12/08 23:00;https://www.linkedin.com/jobs/view/4450447478/;https://media.licdn.com/dms/image/v2/C4D0BAQHTJl0dF22boA/company-logo_100_100/company-logo_100_100/0/1662223622824/innolevels_logo?e=1788393600&v=beta&t=I-C4T1iCzRtreAFcNDJdPvEu4gbweaaPHniCsc_DmzU;Advanced > Specialist;https://www.linkedin.com/company/innolevels/about/;Cibersegurança;cybersecurity OR cyber security OR ai red team;innolevels;1;;https://www.linkedin.com/jobs/view/4450447478/;https://www.linkedin.com/jobs/view/4450447478/;Hybrid;Associate, Cybersecurity;13/08/2026;Recife;Pernambuco;PE;Região Nordeste;Brasil;América do Sul
205;mazzatech;Analista de Segurança da Informação SR;São Paulo, SP;13/08 18:00;https://www.linkedin.com/jobs/view/4453245888/;https://media.licdn.com/dms/image/v2/C4D0BAQEKJqw5f_jIFQ/company-logo_100_100/company-logo_100_100/0/1672330389019?e=1788393600&v=beta&t=xkVKqo0kpG48GiEeXvHp5zP1ODfv8IHI3iJ8DA0VAtE;Advanced > Specialist;https://www.linkedin.com/company/mazzatech/about/;Cibersegurança;cybersecurity OR cyber security OR ai red team;mazzatech;1;;https://www.linkedin.com/jobs/view/4453245888/;https://www.linkedin.com/jobs/view/4453245888/;On-site;Senior, Associate, Cybersecurity;13/08/2026;São Paulo;São Paulo;SP;Região Sudeste;Brasil;América do Sul
