Id;Company;Job Title;Location;Published Date;Job Link;Logo;Category;Company Life URL;Industry;Query Parameters;Company_Match;Score;Platform;Job Link_Match;Destination URL;Work Mode;Tags;Capture Date;City;State;UF;Region;Country;Continent
1;AB InBev;Associate Product Manager – Plataforma de Campanhas de Marketing;Campinas (SP);20/06 20:00;https://www.linkedin.com/jobs/view/4400453140/;https://media.licdn.com/dms/image/v2/C560BAQEZRSga0FreWA/company-logo_100_100/company-logo_100_100/0/1656631574816/ab_inbev_logo?e=1784160000&v=beta&t=V4cL8i7HBInvg4Qxp9UMyU-mmittx-UAgFVVe3Kscxc;Produtos > Product Manager;https://www.linkedin.com/company/ab-inbev/about/;Marketing e Publicidade Marketing;(engineering AND manager) OR (tech AND manager) OR (gerente AND de AND projetos) OR (project AND manager) OR (gerente AND de AND produtos) OR (product AND manager) OR (program AND manager) OR (senior AND program AND manager) OR (coordenador AND de AND ti) OR (it AND coordinator);ab inbev;1.0;Workday;https://www.linkedin.com/jobs/view/4400453140/;https://www.linkedin.com/jobs/view/4400453140/;On-site;Associate, Liderança/Gerência, Product Owner/Product Manager, Marketing/Mídia;26/06/2026;Campinas;São Paulo;SP;Região Sudeste;Brasil;América do Sul
2;AB InBev;Product Manager (CRM & CDP);Campinas (SP);21/06 20:00;https://www.linkedin.com/jobs/view/4400453141/;https://media.licdn.com/dms/image/v2/C560BAQEZRSga0FreWA/company-logo_100_100/company-logo_100_100/0/1656631574816/ab_inbev_logo?e=1784160000&v=beta&t=V4cL8i7HBInvg4Qxp9UMyU-mmittx-UAgFVVe3Kscxc;Produtos > Product Manager;https://www.linkedin.com/company/ab-inbev/about/;-;(engineering AND manager) OR (tech AND manager) OR (gerente AND de AND projetos) OR (project AND manager) OR (gerente AND de AND produtos) OR (product AND manager) OR (program AND manager) OR (senior AND program AND manager) OR (coordenador AND de AND ti) OR (it AND coordinator);ab inbev;1.0;Workday;https://www.linkedin.com/jobs/view/4400453141/;https://www.linkedin.com/jobs/view/4400453141/;On-site;Liderança/Gerência, Salesforce/CRM, Product Owner/Product Manager;26/06/2026;Campinas;São Paulo;SP;Região Sudeste;Brasil;América do Sul
3;AB InBev;Technology Project Manager;Campinas (SP);26/06 09:00;https://www.linkedin.com/jobs/view/4433214551/;https://media.licdn.com/dms/image/v2/C560BAQEZRSga0FreWA/company-logo_100_100/company-logo_100_100/0/1656631574816/ab_inbev_logo?e=1784160000&v=beta&t=V4cL8i7HBInvg4Qxp9UMyU-mmittx-UAgFVVe3Kscxc;Portfolio > Projetos > Project Manager;https://www.linkedin.com/company/ab-inbev/about/;Software e Serviços de TI;(engineering AND manager) OR (tech AND manager) OR (gerente AND de AND projetos) OR (project AND manager) OR (gerente AND de AND produtos) OR (product AND manager) OR (program AND manager) OR (senior AND program AND manager) OR (coordenador AND de AND ti) OR (it AND coordinator);ab inbev;1.0;Workday;https://www.linkedin.com/jobs/view/4433214551/;https://www.linkedin.com/jobs/view/4433214551/;Remote;Liderança/Gerência, TI/Tech;26/06/2026;Campinas;São Paulo;SP;Região Sudeste;Brasil;América do Sul
4;AGCO Corporation;Sr NPI Project Manager, Governance & System Engineering;Canoas (RS);24/06 20:00;https://www.linkedin.com/jobs/view/4424253535/;https://media.licdn.com/dms/image/v2/C4E0BAQF5TwBZg6M6TA/company-logo_100_100/company-logo_100_100/0/1630563830825/agco_corporation_logo?e=1784160000&v=beta&t=lsC0LoMWwGrixf1jN2AUgoWW-dTfyTrkZGj-Nl3nxzc;Portfolio > Projetos > Project Manager;https://www.linkedin.com/company/agco-corporation/about/;Software e Serviços de TI;(engineering AND manager) OR (tech AND manager) OR (gerente AND de AND projetos) OR (project AND manager) OR (gerente AND de AND produtos) OR (product AND manager) OR (program AND manager) OR (senior AND program AND manager) OR (coordenador AND de AND ti) OR (it AND coordinator);agco corporation;1.0;;https://www.linkedin.com/jobs/view/4424253535/;https://www.linkedin.com/jobs/view/4424253535/;On-site;Senior, Liderança/Gerência, Engenharia Geral;26/06/2026;Canoas;Rio Grande do Sul;RS;Região Sul;Brasil;América do Sul
5;ALTAVE;Engineering Manager - IA para Proteger Vidas;São José dos Campos (SP);25/06 20:00;https://www.linkedin.com/jobs/view/4430240513/;https://media.licdn.com/dms/image/v2/D4D0BAQFPU6_MwIJlhg/company-logo_100_100/B4DZdaIs6QGkAU-/0/1749563920541/flyaltave_logo?e=1784160000&v=beta&t=CoG1WgEQwGN7G2LpXFZ5bdkhBkvJNmcJHdtQfIhDyQo;Middle > Manager;https://www.linkedin.com/company/altave/about/;Inteligência Artificial;(engineering AND manager) OR (tech AND manager) OR (gerente AND de AND projetos) OR (project AND manager) OR (gerente AND de AND produtos) OR (product AND manager) OR (program AND manager) OR (senior AND program AND manager) OR (coordenador AND de AND ti) OR (it AND coordinator);altave;3.0;;https://www.linkedin.com/jobs/view/4430240513/;https://www.linkedin.com/jobs/view/4430240513/;Hybrid;Inteligência Artificial, Liderança/Gerência, Engenharia Geral;26/06/2026;São José dos Campos;São Paulo;SP;Região Sudeste;Brasil;América do Sul
6;Abc Technology Group;Gerente de Projetos - SAP Fiori;Hortolândia (SP);26/06 12:00;https://www.linkedin.com/jobs/view/4430614176/;https://media.licdn.com/dms/image/v2/D4D0BAQGs55J1MOA_1w/company-logo_100_100/B4DZXiWafsHsAQ-/0/1743259281782/abc_technology_des_sol_empresariais_ltda_logo?e=1784160000&v=beta&t=ZukRIDJGUOSXQNX-4WX6Cu4_cLRC5rDDrGi2hcC_TBg;Middle > Manager;https://www.linkedin.com/company/abc-technology-group/about/;Software e Serviços de TI;(engineering AND manager) OR (tech AND manager) OR (gerente AND de AND projetos) OR (project AND manager) OR (gerente AND de AND produtos) OR (product AND manager) OR (program AND manager) OR (senior AND program AND manager) OR (coordenador AND de AND ti) OR (it AND coordinator);abc technology group;1.0;LinkedIn (Easy Apply);https://www.linkedin.com/jobs/view/4430614176/;https://www.linkedin.com/jobs/view/4430614176/;Hybrid;Mid, Liderança/Gerência, SAP;26/06/2026;Hortolândia;São Paulo;SP;Região Sudeste;Brasil;América do Sul
7;Accenture Brasil;Tech Manager;São Paulo (SP);25/06 20:00;https://www.linkedin.com/jobs/view/4433037480/;https://media.licdn.com/dms/image/v2/D4D0BAQFxYk90aqWMqA/company-logo_100_100/company-logo_100_100/0/1727873248436/accenturebrasil_logo?e=1784160000&v=beta&t=I8ml82PzbpYtaSPl24Ho6hcQXVOx_Z7ZoaOSdmx9tWM;Middle > Manager;https://www.linkedin.com/company/accenture-brasil/about/;Software e Serviços de TI;(engineering AND manager) OR (tech AND manager) OR (gerente AND de AND projetos) OR (project AND manager) OR (gerente AND de AND produtos) OR (product AND manager) OR (program AND manager) OR (senior AND program AND manager) OR (coordenador AND de AND ti) OR (it AND coordinator);accenture brasil;4.0;www.accenture.com;https://www.linkedin.com/jobs/view/4433037480/;https://www.linkedin.com/jobs/view/4433037480/;On-site;Liderança/Gerência, TI/Tech;26/06/2026;São Paulo;São Paulo;SP;Região Sudeste;Brasil;América do Sul
8;Adecco Permanent Recruitment;Energy Project Manager (Campinas/SP);Campinas (SP);26/06 15:00;https://www.linkedin.com/jobs/view/4430621781/;https://media.licdn.com/dms/image/v2/D4D0BAQG7IaihAlqG4g/company-logo_100_100/B4DZVb0q3vGcAQ-/0/1741002288977/adecco_recruitment_portugal_logo?e=1784160000&v=beta&t=xzx8mowUWuMlJSidGLIuyA7zpQGoOyggy1bpMiTGruw;Portfolio > Projetos > Project Manager;https://www.linkedin.com/company/adecco-permanent-recruitment/about/;Energia e Combustíveis;(engineering AND manager) OR (tech AND manager) OR (gerente AND de AND projetos) OR (project AND manager) OR (gerente AND de AND produtos) OR (product AND manager) OR (program AND manager) OR (senior AND program AND manager) OR (coordenador AND de AND ti) OR (it AND coordinator);adecco permanent recruitment;1;;https://www.linkedin.com/jobs/view/4430621781/;https://www.linkedin.com/jobs/view/4430621781/;On-site;Liderança/Gerência;26/06/2026;Campinas;São Paulo;SP;Região Sudeste;Brasil;América do Sul
9;Adistec;Project Manager - BR;São Paulo (SP);26/06 17:00;https://www.linkedin.com/jobs/view/4423971348/;https://media.licdn.com/dms/image/v2/D4D0BAQG2PKyhyPvOYA/company-logo_100_100/B4DZjijjTDGQAc-/0/1756147627603/adistec_logo?e=1784160000&v=beta&t=PMM32lzlpa-YESfQvb_ry_SXyedHU81UVrKEIlBdfL8;Portfolio > Projetos > Project Manager;https://www.linkedin.com/company/adistec/about/;-;(engineering AND manager) OR (tech AND manager) OR (gerente AND de AND projetos) OR (project AND manager) OR (gerente AND de AND produtos) OR (product AND manager) OR (program AND manager) OR (senior AND program AND manager) OR (coordenador AND de AND ti) OR (it AND coordinator);adistec;1;;https://www.linkedin.com/jobs/view/4423971348/;https://www.linkedin.com/jobs/view/4423971348/;Hybrid;Liderança/Gerência;26/06/2026;São Paulo;São Paulo;SP;Região Sudeste;Brasil;América do Sul
10;Aditi Consulting;Project Manager;Contagem (MG);24/06 20:00;https://www.linkedin.com/jobs/view/4422494648/;https://media.licdn.com/dms/image/v2/C560BAQFhSuWL16cn7A/company-logo_100_100/company-logo_100_100/0/1655498607143/aditiconsulting_logo?e=1784160000&v=beta&t=HqAc6dCpfPkYsPHfpsVLHt5hU3njnFGRJymQwb5jSaU;Portfolio > Projetos > Project Manager;https://www.linkedin.com/company/aditi-consulting/about/;Consultoria e Assessoria;(engineering AND manager) OR (tech AND manager) OR (gerente AND de AND projetos) OR (project AND manager) OR (gerente AND de AND produtos) OR (product AND manager) OR (program AND manager) OR (senior AND program AND manager) OR (coordenador AND de AND ti) OR (it AND coordinator);aditi consulting;1.0;;https://www.linkedin.com/jobs/view/4422494648/;https://www.linkedin.com/jobs/view/4422494648/;On-site;Liderança/Gerência;26/06/2026;Contagem;Minas Gerais;MG;Região Sudeste;Brasil;América do Sul
11;Adyen;Product Manager;São Paulo (SP);21/06 20:00;https://www.linkedin.com/jobs/view/4390959964/;https://media.licdn.com/dms/image/v2/D4E0BAQGkcf7qKLd6mQ/company-logo_100_100/B4EZpKb3XwKkAc-/0/1762185410414/adyen_logo?e=1784160000&v=beta&t=vPaUakDtAT-Ns61GRaya2PaPWehxr0zLWpzitfaVzpI;Produtos > Product Manager;https://www.linkedin.com/company/adyen/about/;-;(engineering AND manager) OR (tech AND manager) OR (gerente AND de AND projetos) OR (project AND manager) OR (gerente AND de AND produtos) OR (product AND manager) OR (program AND manager) OR (senior AND program AND manager) OR (coordenador AND de AND ti) OR (it AND coordinator);adyen;1.0;Greenhouse;https://www.linkedin.com/jobs/view/4390959964/;https://www.linkedin.com/jobs/view/4390959964/;On-site;Liderança/Gerência, Product Owner/Product Manager;26/06/2026;São Paulo;São Paulo;SP;Região Sudeste;Brasil;América do Sul
12;AgileEngine;Senior Technical Program Manager ID70121;Belo Horizonte (MG);23/06 20:00;https://www.linkedin.com/jobs/view/4431256794/;https://media.licdn.com/dms/image/v2/D4D0BAQEV7XPrwqjYLg/company-logo_100_100/company-logo_100_100/0/1693840967446/agileengine_logo?e=1784160000&v=beta&t=ev-cC4vKeSrC3brsBEt7G92kYcvAIPjLHXfPSFvM2Fg;Portfolio > Programas > Program Manager;https://www.linkedin.com/company/agileengine/about/;Software e Serviços de TI;(engineering AND manager) OR (tech AND manager) OR (gerente AND de AND projetos) OR (project AND manager) OR (gerente AND de AND produtos) OR (product AND manager) OR (program AND manager) OR (senior AND program AND manager) OR (coordenador AND de AND ti) OR (it AND coordinator);agileengine;1.0;Zohorecruit;https://www.linkedin.com/jobs/view/4431256794/;https://www.linkedin.com/jobs/view/4431256794/;Remote;Senior, Liderança/Gerência, TI/Tech;26/06/2026;Belo Horizonte;Minas Gerais;MG;Região Sudeste;Brasil;América do Sul
13;AgileEngine;Senior Technical Program Manager ID70121;Campinas (SP);23/06 20:00;https://www.linkedin.com/jobs/view/4431277488/;https://media.licdn.com/dms/image/v2/D4D0BAQEV7XPrwqjYLg/company-logo_100_100/company-logo_100_100/0/1693840967446/agileengine_logo?e=1784160000&v=beta&t=ev-cC4vKeSrC3brsBEt7G92kYcvAIPjLHXfPSFvM2Fg;Portfolio > Programas > Program Manager;https://www.linkedin.com/company/agileengine/about/;Software e Serviços de TI;(engineering AND manager) OR (tech AND manager) OR (gerente AND de AND projetos) OR (project AND manager) OR (gerente AND de AND produtos) OR (product AND manager) OR (program AND manager) OR (senior AND program AND manager) OR (coordenador AND de AND ti) OR (it AND coordinator);agileengine;1.0;Zohorecruit;https://www.linkedin.com/jobs/view/4431277488/;https://www.linkedin.com/jobs/view/4431277488/;Remote;Senior, Liderança/Gerência, TI/Tech;26/06/2026;Campinas;São Paulo;SP;Região Sudeste;Brasil;América do Sul
14;AgileEngine;Senior Technical Program Manager ID70121;Curitiba (PR);23/06 20:00;https://www.linkedin.com/jobs/view/4431266748/;https://media.licdn.com/dms/image/v2/D4D0BAQEV7XPrwqjYLg/company-logo_100_100/company-logo_100_100/0/1693840967446/agileengine_logo?e=1784160000&v=beta&t=ev-cC4vKeSrC3brsBEt7G92kYcvAIPjLHXfPSFvM2Fg;Portfolio > Programas > Program Manager;https://www.linkedin.com/company/agileengine/about/;Software e Serviços de TI;(engineering AND manager) OR (tech AND manager) OR (gerente AND de AND projetos) OR (project AND manager) OR (gerente AND de AND produtos) OR (product AND manager) OR (program AND manager) OR (senior AND program AND manager) OR (coordenador AND de AND ti) OR (it AND coordinator);agileengine;1.0;Zohorecruit;https://www.linkedin.com/jobs/view/4431266748/;https://www.linkedin.com/jobs/view/4431266748/;Remote;Senior, Liderança/Gerência, TI/Tech;26/06/2026;Curitiba;Paraná;PR;Região Sul;Brasil;América do Sul
15;AgileEngine;Senior Technical Program Manager ID70121;Florianópolis (SC);23/06 20:00;https://www.linkedin.com/jobs/view/4431278185/;https://media.licdn.com/dms/image/v2/D4D0BAQEV7XPrwqjYLg/company-logo_100_100/company-logo_100_100/0/1693840967446/agileengine_logo?e=1784160000&v=beta&t=ev-cC4vKeSrC3brsBEt7G92kYcvAIPjLHXfPSFvM2Fg;Portfolio > Programas > Program Manager;https://www.linkedin.com/company/agileengine/about/;Software e Serviços de TI;(engineering AND manager) OR (tech AND manager) OR (gerente AND de AND projetos) OR (project AND manager) OR (gerente AND de AND produtos) OR (product AND manager) OR (program AND manager) OR (senior AND program AND manager) OR (coordenador AND de AND ti) OR (it AND coordinator);agileengine;1.0;Zohorecruit;https://www.linkedin.com/jobs/view/4431278185/;https://www.linkedin.com/jobs/view/4431278185/;Remote;Senior, Liderança/Gerência, TI/Tech;26/06/2026;Florianópolis;Santa Catarina;SC;Região Sul;Brasil;América do Sul
16;AgileEngine;Senior Technical Program Manager ID70121;Grande Rio de Janeiro (RJ);23/06 20:00;https://www.linkedin.com/jobs/view/4431275726/;https://media.licdn.com/dms/image/v2/D4D0BAQEV7XPrwqjYLg/company-logo_100_100/company-logo_100_100/0/1693840967446/agileengine_logo?e=1784160000&v=beta&t=ev-cC4vKeSrC3brsBEt7G92kYcvAIPjLHXfPSFvM2Fg;Portfolio > Programas > Program Manager;https://www.linkedin.com/company/agileengine/about/;Software e Serviços de TI;(engineering AND manager) OR (tech AND manager) OR (gerente AND de AND projetos) OR (project AND manager) OR (gerente AND de AND produtos) OR (product AND manager) OR (program AND manager) OR (senior AND program AND manager) OR (coordenador AND de AND ti) OR (it AND coordinator);agileengine;1.0;Zohorecruit;https://www.linkedin.com/jobs/view/4431275726/;https://www.linkedin.com/jobs/view/4431275726/;Remote;Senior, Liderança/Gerência, TI/Tech;26/06/2026;;Rio de Janeiro;RJ;Região Sudeste;Brasil;América do Sul
17;AgileEngine;Senior Technical Program Manager ID70121;Porto Alegre (RS);23/06 20:00;https://www.linkedin.com/jobs/view/4431257867/;https://media.licdn.com/dms/image/v2/D4D0BAQEV7XPrwqjYLg/company-logo_100_100/company-logo_100_100/0/1693840967446/agileengine_logo?e=1784160000&v=beta&t=ev-cC4vKeSrC3brsBEt7G92kYcvAIPjLHXfPSFvM2Fg;Portfolio > Programas > Program Manager;https://www.linkedin.com/company/agileengine/about/;Software e Serviços de TI;(engineering AND manager) OR (tech AND manager) OR (gerente AND de AND projetos) OR (project AND manager) OR (gerente AND de AND produtos) OR (product AND manager) OR (program AND manager) OR (senior AND program AND manager) OR (coordenador AND de AND ti) OR (it AND coordinator);agileengine;1.0;Zohorecruit;https://www.linkedin.com/jobs/view/4431257867/;https://www.linkedin.com/jobs/view/4431257867/;Remote;Senior, Liderança/Gerência, TI/Tech;26/06/2026;;Rio Grande do Sul;RS;Região Sul;Brasil;América do Sul
18;AgileEngine;Senior Technical Program Manager ID70121;Recife (PE);23/06 20:00;https://www.linkedin.com/jobs/view/4431261742/;https://media.licdn.com/dms/image/v2/D4D0BAQEV7XPrwqjYLg/company-logo_100_100/company-logo_100_100/0/1693840967446/agileengine_logo?e=1784160000&v=beta&t=ev-cC4vKeSrC3brsBEt7G92kYcvAIPjLHXfPSFvM2Fg;Portfolio > Programas > Program Manager;https://www.linkedin.com/company/agileengine/about/;Software e Serviços de TI;(engineering AND manager) OR (tech AND manager) OR (gerente AND de AND projetos) OR (project AND manager) OR (gerente AND de AND produtos) OR (product AND manager) OR (program AND manager) OR (senior AND program AND manager) OR (coordenador AND de AND ti) OR (it AND coordinator);agileengine;1.0;Zohorecruit;https://www.linkedin.com/jobs/view/4431261742/;https://www.linkedin.com/jobs/view/4431261742/;Remote;Senior, Liderança/Gerência, TI/Tech;26/06/2026;Recife;Pernambuco;PE;Região Nordeste;Brasil;América do Sul
19;AgileEngine;Senior Technical Program Manager ID70121;Salvador (BA);23/06 20:00;https://www.linkedin.com/jobs/view/4431273734/;https://media.licdn.com/dms/image/v2/D4D0BAQEV7XPrwqjYLg/company-logo_100_100/company-logo_100_100/0/1693840967446/agileengine_logo?e=1784160000&v=beta&t=ev-cC4vKeSrC3brsBEt7G92kYcvAIPjLHXfPSFvM2Fg;Portfolio > Programas > Program Manager;https://www.linkedin.com/company/agileengine/about/;Software e Serviços de TI;(engineering AND manager) OR (tech AND manager) OR (gerente AND de AND projetos) OR (project AND manager) OR (gerente AND de AND produtos) OR (product AND manager) OR (program AND manager) OR (senior AND program AND manager) OR (coordenador AND de AND ti) OR (it AND coordinator);agileengine;1.0;Zohorecruit;https://www.linkedin.com/jobs/view/4431273734/;https://www.linkedin.com/jobs/view/4431273734/;Remote;Senior, Liderança/Gerência, TI/Tech;26/06/2026;Salvador;Bahia;BA;Região Nordeste;Brasil;América do Sul
20;AgileEngine;Senior Technical Program Manager ID70121;Sorocaba (SP);23/06 20:00;https://www.linkedin.com/jobs/view/4431261829/;https://media.licdn.com/dms/image/v2/D4D0BAQEV7XPrwqjYLg/company-logo_100_100/company-logo_100_100/0/1693840967446/agileengine_logo?e=1784160000&v=beta&t=ev-cC4vKeSrC3brsBEt7G92kYcvAIPjLHXfPSFvM2Fg;Portfolio > Programas > Program Manager;https://www.linkedin.com/company/agileengine/about/;Software e Serviços de TI;(engineering AND manager) OR (tech AND manager) OR (gerente AND de AND projetos) OR (project AND manager) OR (gerente AND de AND produtos) OR (product AND manager) OR (program AND manager) OR (senior AND program AND manager) OR (coordenador AND de AND ti) OR (it AND coordinator);agileengine;1.0;Zohorecruit;https://www.linkedin.com/jobs/view/4431261829/;https://www.linkedin.com/jobs/view/4431261829/;Remote;Senior, Liderança/Gerência, TI/Tech;26/06/2026;Sorocaba;São Paulo;SP;Região Sudeste;Brasil;América do Sul
21;AgileEngine;Senior Technical Program Manager ID70121;São Bernardo do Campo (SP);23/06 20:00;https://www.linkedin.com/jobs/view/4431266738/;https://media.licdn.com/dms/image/v2/D4D0BAQEV7XPrwqjYLg/company-logo_100_100/company-logo_100_100/0/1693840967446/agileengine_logo?e=1784160000&v=beta&t=ev-cC4vKeSrC3brsBEt7G92kYcvAIPjLHXfPSFvM2Fg;Portfolio > Programas > Program Manager;https://www.linkedin.com/company/agileengine/about/;Software e Serviços de TI;(engineering AND manager) OR (tech AND manager) OR (gerente AND de AND projetos) OR (project AND manager) OR (gerente AND de AND produtos) OR (product AND manager) OR (program AND manager) OR (senior AND program AND manager) OR (coordenador AND de AND ti) OR (it AND coordinator);agileengine;1.0;Zohorecruit;https://www.linkedin.com/jobs/view/4431266738/;https://www.linkedin.com/jobs/view/4431266738/;Remote;Senior, Liderança/Gerência, TI/Tech;26/06/2026;São Bernardo do Campo;São Paulo;SP;Região Sudeste;Brasil;América do Sul
22;AgileEngine;Senior Technical Program Manager ID70121;São Paulo (SP);23/06 20:00;https://www.linkedin.com/jobs/view/4431255847/;https://media.licdn.com/dms/image/v2/D4D0BAQEV7XPrwqjYLg/company-logo_100_100/company-logo_100_100/0/1693840967446/agileengine_logo?e=1784160000&v=beta&t=ev-cC4vKeSrC3brsBEt7G92kYcvAIPjLHXfPSFvM2Fg;Portfolio > Programas > Program Manager;https://www.linkedin.com/company/agileengine/about/;Software e Serviços de TI;(engineering AND manager) OR (tech AND manager) OR (gerente AND de AND projetos) OR (project AND manager) OR (gerente AND de AND produtos) OR (product AND manager) OR (program AND manager) OR (senior AND program AND manager) OR (coordenador AND de AND ti) OR (it AND coordinator);agileengine;1.0;Zohorecruit;https://www.linkedin.com/jobs/view/4431255847/;https://www.linkedin.com/jobs/view/4431255847/;Remote;Senior, Liderança/Gerência, TI/Tech;26/06/2026;São Paulo;São Paulo;SP;Região Sudeste;Brasil;América do Sul
23;Agência F2F;Gerente de Projetos T2;São Paulo (SP);25/06 22:00;https://www.linkedin.com/jobs/view/4432914558/;https://media.licdn.com/dms/image/v2/D4D0BAQESP4Vxh4wtkQ/company-logo_100_100/company-logo_100_100/0/1727807476697/f2f_logo?e=1784160000&v=beta&t=4o0C92_Sv9kf5XBA9Fcr0OOe-0MiQi56alctLhgCIKk;Middle > Manager;https://www.linkedin.com/company/ag-ncia-f2f/about/;Marketing e Publicidade Marketing;(engineering AND manager) OR (tech AND manager) OR (gerente AND de AND projetos) OR (project AND manager) OR (gerente AND de AND produtos) OR (product AND manager) OR (program AND manager) OR (senior AND program AND manager) OR (coordenador AND de AND ti) OR (it AND coordinator);agência f2f;1;;https://www.linkedin.com/jobs/view/4432914558/;https://www.linkedin.com/jobs/view/4432914558/;Hybrid;Mid, Liderança/Gerência;26/06/2026;São Paulo;São Paulo;SP;Região Sudeste;Brasil;América do Sul
24;Alibaba Cloud;Technical Program Manager, Data Center Deployment-Sao Paulo;Grande São Paulo (SP) ;25/06 20:00;https://www.linkedin.com/jobs/view/4432159348/;https://media.licdn.com/dms/image/v2/D560BAQEZecjjDTVXJA/company-logo_100_100/company-logo_100_100/0/1723709190350/alibaba_cloud_computing_company_logo?e=1784160000&v=beta&t=z1hperE0sxZyIa0O8GlCwoGSiEEPOtuMOjlxEG029Hs;Data & Ai > Data Engineering;https://www.linkedin.com/company/alibaba-cloud/about/;Dados e Analytics;(engineering AND manager) OR (tech AND manager) OR (gerente AND de AND projetos) OR (project AND manager) OR (gerente AND de AND produtos) OR (product AND manager) OR (program AND manager) OR (senior AND program AND manager) OR (coordenador AND de AND ti) OR (it AND coordinator);alibaba cloud;1;;https://www.linkedin.com/jobs/view/4432159348/;https://www.linkedin.com/jobs/view/4432159348/;On-site;Liderança/Gerência, TI/Tech, Dados/Analytics;26/06/2026;;São Paulo;SP;Região Sudeste;Brasil;América do Sul
25;AllStrategy;Gerente de Projetos JR - Curitiba/PR;Curitiba (PR);24/06 20:00;https://www.linkedin.com/jobs/view/4429854455/;https://media.licdn.com/dms/image/v2/D4D0BAQFVXGadS5GNoQ/company-logo_100_100/B4DZ5RHqPyHIAI-/0/1779477423281/prophix_br_logo?e=1784160000&v=beta&t=k4-_I8Mw1lE6lJwBwbZiFQ2L6DfBNOCMaFRG2H9J5z4;Middle > Manager;https://www.linkedin.com/company/allstrategy/about/;Software e Serviços de TI;(engineering AND manager) OR (tech AND manager) OR (gerente AND de AND projetos) OR (project AND manager) OR (gerente AND de AND produtos) OR (product AND manager) OR (program AND manager) OR (senior AND program AND manager) OR (coordenador AND de AND ti) OR (it AND coordinator);allstrategy;1;;https://www.linkedin.com/jobs/view/4429854455/;https://www.linkedin.com/jobs/view/4429854455/;Hybrid;Mid, Junior, Liderança/Gerência;26/06/2026;Curitiba;Paraná;PR;Região Sul;Brasil;América do Sul
26;AlstraMax;Gerente de projetos SAP;São Paulo (SP);25/06 20:00;https://www.linkedin.com/jobs/view/4430226285/;https://media.licdn.com/dms/image/v2/C4D0BAQGfdaWlJg6fBA/company-logo_100_100/company-logo_100_100/0/1630547454570/alstra_logo?e=1784160000&v=beta&t=bhNfI8MK6muR_8ANllI-qcpMbjV5gIGF5J2D8iugn-I;Middle > Manager;https://www.linkedin.com/company/alstramax/about/;-;(engineering AND manager) OR (tech AND manager) OR (gerente AND de AND projetos) OR (project AND manager) OR (gerente AND de AND produtos) OR (product AND manager) OR (program AND manager) OR (senior AND program AND manager) OR (coordenador AND de AND ti) OR (it AND coordinator);alstramax;1.0;;https://www.linkedin.com/jobs/view/4430226285/;https://www.linkedin.com/jobs/view/4430226285/;Hybrid;Mid, Liderança/Gerência, SAP;26/06/2026;São Paulo;São Paulo;SP;Região Sudeste;Brasil;América do Sul
27;Amazon;Sr. Technical Program Manager, IES LATECH & GIS;Grande Belo Horizonte (MG);21/06 20:00;https://www.linkedin.com/jobs/view/4421340245/;https://media.licdn.com/dms/image/v2/D560BAQGDLy4STCnHbg/company-logo_100_100/B56ZnZxDipI0AQ-/0/1760295142304/amazon_logo?e=1784160000&v=beta&t=aSKBwbXo6FGsrW25THlmivsP2qrJ_lmfWf-grRxGi2E;Portfolio > Programas > Program Manager;https://www.linkedin.com/company/amazon/about/;Software e Serviços de TI;(engineering AND manager) OR (tech AND manager) OR (gerente AND de AND projetos) OR (project AND manager) OR (gerente AND de AND produtos) OR (product AND manager) OR (program AND manager) OR (senior AND program AND manager) OR (coordenador AND de AND ti) OR (it AND coordinator);amazon;5.0;Amazon;https://www.linkedin.com/jobs/view/4421340245/;https://www.linkedin.com/jobs/view/4421340245/;On-site;Senior, Liderança/Gerência, TI/Tech;26/06/2026;;Minas Gerais;MG;Região Sudeste;Brasil;América do Sul
28;Amazon;Business Line Program Manager, Workforce Staffing;Grande São Paulo (SP) ;24/06 20:00;https://www.linkedin.com/jobs/view/4412932495/;https://media.licdn.com/dms/image/v2/D560BAQGDLy4STCnHbg/company-logo_100_100/B56ZnZxDipI0AQ-/0/1760295142304/amazon_logo?e=1784160000&v=beta&t=aSKBwbXo6FGsrW25THlmivsP2qrJ_lmfWf-grRxGi2E;Portfolio > Programas > Program Manager;https://www.linkedin.com/company/amazon/about/;Varejo e E-commerce;(engineering AND manager) OR (tech AND manager) OR (gerente AND de AND projetos) OR (project AND manager) OR (gerente AND de AND produtos) OR (product AND manager) OR (program AND manager) OR (senior AND program AND manager) OR (coordenador AND de AND ti) OR (it AND coordinator);amazon;5.0;Amazon;https://www.linkedin.com/jobs/view/4412932495/;https://www.linkedin.com/jobs/view/4412932495/;On-site;Liderança/Gerência;26/06/2026;;São Paulo;SP;Região Sudeste;Brasil;América do Sul
29;Amazon;LATAM Trade Ops Program Manager, Amazon Leo;Grande São Paulo (SP) ;20/06 20:00;https://www.linkedin.com/jobs/view/4381114991/;https://media.licdn.com/dms/image/v2/D560BAQGDLy4STCnHbg/company-logo_100_100/B56ZnZxDipI0AQ-/0/1760295142304/amazon_logo?e=1784160000&v=beta&t=aSKBwbXo6FGsrW25THlmivsP2qrJ_lmfWf-grRxGi2E;Portfolio > Programas > Program Manager;https://www.linkedin.com/company/amazon/about/;Varejo e E-commerce;(engineering AND manager) OR (tech AND manager) OR (gerente AND de AND projetos) OR (project AND manager) OR (gerente AND de AND produtos) OR (product AND manager) OR (program AND manager) OR (senior AND program AND manager) OR (coordenador AND de AND ti) OR (it AND coordinator);amazon;5.0;Amazon;https://www.linkedin.com/jobs/view/4381114991/;https://www.linkedin.com/jobs/view/4381114991/;On-site;Liderança/Gerência;26/06/2026;;São Paulo;SP;Região Sudeste;Brasil;América do Sul
30;Amazon;Program Manager (Speed and Contingency), BR Speed and Ops Excellence Team;Grande São Paulo (SP) ;22/06 20:00;https://www.linkedin.com/jobs/view/4431694207/;https://media.licdn.com/dms/image/v2/D560BAQGDLy4STCnHbg/company-logo_100_100/B56ZnZxDipI0AQ-/0/1760295142304/amazon_logo?e=1784160000&v=beta&t=aSKBwbXo6FGsrW25THlmivsP2qrJ_lmfWf-grRxGi2E;Portfolio > Programas > Program Manager;https://www.linkedin.com/company/amazon/about/;Software e Serviços de TI;(engineering AND manager) OR (tech AND manager) OR (gerente AND de AND projetos) OR (project AND manager) OR (gerente AND de AND produtos) OR (product AND manager) OR (program AND manager) OR (senior AND program AND manager) OR (coordenador AND de AND ti) OR (it AND coordinator);amazon;5.0;Amazon;https://www.linkedin.com/jobs/view/4431694207/;https://www.linkedin.com/jobs/view/4431694207/;On-site;Liderança/Gerência;26/06/2026;;São Paulo;SP;Região Sudeste;Brasil;América do Sul
31;Amazon;Sr Program Manager - Transportation;Grande São Paulo (SP) ;25/06 20:00;https://www.linkedin.com/jobs/view/4432899384/;https://media.licdn.com/dms/image/v2/D560BAQGDLy4STCnHbg/company-logo_100_100/B56ZnZxDipI0AQ-/0/1760295142304/amazon_logo?e=1784160000&v=beta&t=aSKBwbXo6FGsrW25THlmivsP2qrJ_lmfWf-grRxGi2E;Portfolio > Programas > Program Manager;https://www.linkedin.com/company/amazon/about/;Software e Serviços de TI;(engineering AND manager) OR (tech AND manager) OR (gerente AND de AND projetos) OR (project AND manager) OR (gerente AND de AND produtos) OR (product AND manager) OR (program AND manager) OR (senior AND program AND manager) OR (coordenador AND de AND ti) OR (it AND coordinator);amazon;5.0;Amazon;https://www.linkedin.com/jobs/view/4432899384/;https://www.linkedin.com/jobs/view/4432899384/;On-site;Senior, Liderança/Gerência, Logística/Supply;26/06/2026;;São Paulo;SP;Região Sudeste;Brasil;América do Sul
32;Amazon;Sr. Product Manager - LATAM Seller Experience, LATAM SX Affordability & Compliance;Grande São Paulo (SP) ;20/06 20:00;https://www.linkedin.com/jobs/view/4372212606/;https://media.licdn.com/dms/image/v2/D560BAQGDLy4STCnHbg/company-logo_100_100/B56ZnZxDipI0AQ-/0/1760295142304/amazon_logo?e=1784160000&v=beta&t=aSKBwbXo6FGsrW25THlmivsP2qrJ_lmfWf-grRxGi2E;Produtos > Product Manager;https://www.linkedin.com/company/amazon/about/;Software e Serviços de TI;(engineering AND manager) OR (tech AND manager) OR (gerente AND de AND projetos) OR (project AND manager) OR (gerente AND de AND produtos) OR (product AND manager) OR (program AND manager) OR (senior AND program AND manager) OR (coordenador AND de AND ti) OR (it AND coordinator);amazon;5.0;Amazon;https://www.linkedin.com/jobs/view/4372212606/;https://www.linkedin.com/jobs/view/4372212606/;On-site;Senior, Liderança/Gerência, Product Owner/Product Manager;26/06/2026;;São Paulo;SP;Região Sudeste;Brasil;América do Sul
33;Amazon;Sr. Product Manager, Amazon International Technology;Grande São Paulo (SP) ;21/06 20:00;https://www.linkedin.com/jobs/view/4412468360/;https://media.licdn.com/dms/image/v2/D560BAQGDLy4STCnHbg/company-logo_100_100/B56ZnZxDipI0AQ-/0/1760295142304/amazon_logo?e=1784160000&v=beta&t=aSKBwbXo6FGsrW25THlmivsP2qrJ_lmfWf-grRxGi2E;Produtos > Product Manager;https://www.linkedin.com/company/amazon/about/;Software e Serviços de TI;(engineering AND manager) OR (tech AND manager) OR (gerente AND de AND projetos) OR (project AND manager) OR (gerente AND de AND produtos) OR (product AND manager) OR (program AND manager) OR (senior AND program AND manager) OR (coordenador AND de AND ti) OR (it AND coordinator);amazon;5.0;Amazon;https://www.linkedin.com/jobs/view/4412468360/;https://www.linkedin.com/jobs/view/4412468360/;On-site;Senior, Intern, Liderança/Gerência, TI/Tech, Product Owner/Product Manager;26/06/2026;;São Paulo;SP;Região Sudeste;Brasil;América do Sul
34;Amazon;Sr. Program Manager, Network Design BR, BR Speed and Ops Excellence Team;Grande São Paulo (SP) ;24/06 20:00;https://www.linkedin.com/jobs/view/4422938131/;https://media.licdn.com/dms/image/v2/D560BAQGDLy4STCnHbg/company-logo_100_100/B56ZnZxDipI0AQ-/0/1760295142304/amazon_logo?e=1784160000&v=beta&t=aSKBwbXo6FGsrW25THlmivsP2qrJ_lmfWf-grRxGi2E;Portfolio > Programas > Program Manager;https://www.linkedin.com/company/amazon/about/;Varejo e E-commerce;(engineering AND manager) OR (tech AND manager) OR (gerente AND de AND projetos) OR (project AND manager) OR (gerente AND de AND produtos) OR (product AND manager) OR (program AND manager) OR (senior AND program AND manager) OR (coordenador AND de AND ti) OR (it AND coordinator);amazon;5.0;Amazon;https://www.linkedin.com/jobs/view/4422938131/;https://www.linkedin.com/jobs/view/4422938131/;On-site;Senior, Liderança/Gerência, Infraestrutura/Redes;26/06/2026;;São Paulo;SP;Região Sudeste;Brasil;América do Sul
35;Amazon;Sr. Technical Program Manager, IES LATECH & GIS;Grande São Paulo (SP) ;20/06 20:00;https://www.linkedin.com/jobs/view/4421358088/;https://media.licdn.com/dms/image/v2/D560BAQGDLy4STCnHbg/company-logo_100_100/B56ZnZxDipI0AQ-/0/1760295142304/amazon_logo?e=1784160000&v=beta&t=aSKBwbXo6FGsrW25THlmivsP2qrJ_lmfWf-grRxGi2E;Portfolio > Programas > Program Manager;https://www.linkedin.com/company/amazon/about/;Software e Serviços de TI;(engineering AND manager) OR (tech AND manager) OR (gerente AND de AND projetos) OR (project AND manager) OR (gerente AND de AND produtos) OR (product AND manager) OR (program AND manager) OR (senior AND program AND manager) OR (coordenador AND de AND ti) OR (it AND coordinator);amazon;5.0;Amazon;https://www.linkedin.com/jobs/view/4421358088/;https://www.linkedin.com/jobs/view/4421358088/;On-site;Senior, Liderança/Gerência, TI/Tech;26/06/2026;;São Paulo;SP;Região Sudeste;Brasil;América do Sul
36;Amazon;Supply Chain Product Manager, BR SCOT;Grande São Paulo (SP) ;25/06 20:00;https://www.linkedin.com/jobs/view/4413749851/;https://media.licdn.com/dms/image/v2/D560BAQGDLy4STCnHbg/company-logo_100_100/B56ZnZxDipI0AQ-/0/1760295142304/amazon_logo?e=1784160000&v=beta&t=aSKBwbXo6FGsrW25THlmivsP2qrJ_lmfWf-grRxGi2E;Produtos > Product Manager;https://www.linkedin.com/company/amazon/about/;Logística e Supply Chain;(engineering AND manager) OR (tech AND manager) OR (gerente AND de AND projetos) OR (project AND manager) OR (gerente AND de AND produtos) OR (product AND manager) OR (program AND manager) OR (senior AND program AND manager) OR (coordenador AND de AND ti) OR (it AND coordinator);amazon;5.0;Amazon;https://www.linkedin.com/jobs/view/4413749851/;https://www.linkedin.com/jobs/view/4413749851/;On-site;Liderança/Gerência, Product Owner/Product Manager, Logística/Supply;26/06/2026;;São Paulo;SP;Região Sudeste;Brasil;América do Sul
37;Amazon;Program Manager, Last Mile Central Operations;Osasco (SP);23/06 20:00;https://www.linkedin.com/jobs/view/4412994694/;https://media.licdn.com/dms/image/v2/D560BAQGDLy4STCnHbg/company-logo_100_100/B56ZnZxDipI0AQ-/0/1760295142304/amazon_logo?e=1784160000&v=beta&t=aSKBwbXo6FGsrW25THlmivsP2qrJ_lmfWf-grRxGi2E;Portfolio > Programas > Program Manager;https://www.linkedin.com/company/amazon/about/;Software e Serviços de TI;(engineering AND manager) OR (tech AND manager) OR (gerente AND de AND projetos) OR (project AND manager) OR (gerente AND de AND produtos) OR (product AND manager) OR (program AND manager) OR (senior AND program AND manager) OR (coordenador AND de AND ti) OR (it AND coordinator);amazon;5.0;Amazon;https://www.linkedin.com/jobs/view/4412994694/;https://www.linkedin.com/jobs/view/4412994694/;On-site;Liderança/Gerência;26/06/2026;Osasco;São Paulo;SP;Região Sudeste;Brasil;América do Sul
38;Amazon;Program Manager, Operations Excellence - SSD;Osasco (SP);23/06 20:00;https://www.linkedin.com/jobs/view/4432050832/;https://media.licdn.com/dms/image/v2/D560BAQGDLy4STCnHbg/company-logo_100_100/B56ZnZxDipI0AQ-/0/1760295142304/amazon_logo?e=1784160000&v=beta&t=aSKBwbXo6FGsrW25THlmivsP2qrJ_lmfWf-grRxGi2E;Portfolio > Programas > Program Manager;https://www.linkedin.com/company/amazon/about/;Software e Serviços de TI;(engineering AND manager) OR (tech AND manager) OR (gerente AND de AND projetos) OR (project AND manager) OR (gerente AND de AND produtos) OR (product AND manager) OR (program AND manager) OR (senior AND program AND manager) OR (coordenador AND de AND ti) OR (it AND coordinator);amazon;5.0;Amazon;https://www.linkedin.com/jobs/view/4432050832/;https://www.linkedin.com/jobs/view/4432050832/;On-site;Liderança/Gerência;26/06/2026;Osasco;São Paulo;SP;Região Sudeste;Brasil;América do Sul
39;Arco Educação;Engineering Manager;Brasil;20/06 20:00;https://www.linkedin.com/jobs/view/4342553411/;https://media.licdn.com/dms/image/v2/D4D0BAQGaB4FX_HAi2A/company-logo_100_100/B4DZm69YfyJcAQ-/0/1759778277737/arcoeducacao_logo?e=1784160000&v=beta&t=znI8Vo5jc223j8NEO2gaMWXBx4NI1cYUivZgAVt0wTo;Middle > Manager;https://www.linkedin.com/company/arco-educa-o/about/;Educação;(engineering AND manager) OR (tech AND manager) OR (gerente AND de AND projetos) OR (project AND manager) OR (gerente AND de AND produtos) OR (product AND manager) OR (program AND manager) OR (senior AND program AND manager) OR (coordenador AND de AND ti) OR (it AND coordinator);arco educação;1.0;Greenhouse;https://www.linkedin.com/jobs/view/4342553411/;https://www.linkedin.com/jobs/view/4342553411/;Remote;Liderança/Gerência, Engenharia Geral;26/06/2026;;;;;Brasil;América do Sul
40;Avalara Brasil;Senior Product Manager;Brasil;25/06 20:00;https://www.linkedin.com/jobs/view/4423058708/;https://media.licdn.com/dms/image/v2/D560BAQHWqSUIz1FTLg/company-logo_100_100/B56Z1wInHmGsAQ-/0/1775702799132/avalara_brasil_logo?e=1784160000&v=beta&t=wgjpjUZRWdqj6Q9aErzQoMG1yOizAiW6C0E4o1FEkhM;Produtos > Product Manager;https://www.linkedin.com/company/avalara-brasil/about/;-;(engineering AND manager) OR (tech AND manager) OR (gerente AND de AND projetos) OR (project AND manager) OR (gerente AND de AND produtos) OR (product AND manager) OR (program AND manager) OR (senior AND program AND manager) OR (coordenador AND de AND ti) OR (it AND coordinator);avalara brasil;1.0;app.careerpuck.com;https://www.linkedin.com/jobs/view/4423058708/;https://www.linkedin.com/jobs/view/4423058708/;Remote;Senior, Liderança/Gerência, Product Owner/Product Manager;26/06/2026;;;;;Brasil;América do Sul
41;BA Global Talent;Project Manager;Brasil;22/06 20:00;https://www.linkedin.com/jobs/view/4428957235/;https://media.licdn.com/dms/image/v2/C560BAQE1wwRe27rR5w/company-logo_100_100/company-logo_100_100/0/1656690934095/backoffice_abroad_logo?e=1784160000&v=beta&t=HxzZ75L1DL9GskC3ZRp6hoGv7fXhx4z4qVDr4xitN7I;Portfolio > Projetos > Project Manager;https://www.linkedin.com/company/ba-global-talent/about/;-;(engineering AND manager) OR (tech AND manager) OR (gerente AND de AND projetos) OR (project AND manager) OR (gerente AND de AND produtos) OR (product AND manager) OR (program AND manager) OR (senior AND program AND manager) OR (coordenador AND de AND ti) OR (it AND coordinator);ba global talent;1;;https://www.linkedin.com/jobs/view/4428957235/;https://www.linkedin.com/jobs/view/4428957235/;Remote;Liderança/Gerência;26/06/2026;;;;;Brasil;América do Sul
42;BEES;Mid Level Project Manager;Campinas (SP);26/06 16:00;https://www.linkedin.com/jobs/view/4434009690/;https://media.licdn.com/dms/image/v2/C4E0BAQGXPkcsGk7KYA/company-logo_100_100/company-logo_100_100/0/1678379975390/beesb2b_logo?e=1784160000&v=beta&t=Wp_d_rfa1OTXHft1UcQ-RcKhoqtp6ceR85j7mqjZpVc;Portfolio > Projetos > Project Manager;https://www.linkedin.com/company/bees/about/;-;(engineering AND manager) OR (tech AND manager) OR (gerente AND de AND projetos) OR (project AND manager) OR (gerente AND de AND produtos) OR (product AND manager) OR (program AND manager) OR (senior AND program AND manager) OR (coordenador AND de AND ti) OR (it AND coordinator);bees;1.0;Greenhouse;https://www.linkedin.com/jobs/view/4434009690/;https://www.linkedin.com/jobs/view/4434009690/;Remote;Mid, Liderança/Gerência;26/06/2026;Campinas;São Paulo;SP;Região Sudeste;Brasil;América do Sul
43;BRQ Digital Solutions;Product Manager - Inglês Fluente;São Paulo (SP);24/06 20:00;https://www.linkedin.com/jobs/view/4432480120/;https://media.licdn.com/dms/image/v2/D4D0BAQHsHMIGkFifsw/company-logo_100_100/B4DZwerWdfIoAQ-/0/1770041207049/brq_logo?e=1784160000&v=beta&t=KzfUOwoz-VE-7yvPQQf_g-MgavUxhraMF3RcpKzcn64;Produtos > Product Manager;https://www.linkedin.com/company/brq-digital-solutions/about/;Software e Serviços de TI;(engineering AND manager) OR (tech AND manager) OR (gerente AND de AND projetos) OR (project AND manager) OR (gerente AND de AND produtos) OR (product AND manager) OR (program AND manager) OR (senior AND program AND manager) OR (coordenador AND de AND ti) OR (it AND coordinator);brq digital solutions;1.0;LinkedIn (Easy Apply);https://www.linkedin.com/jobs/view/4432480120/;https://www.linkedin.com/jobs/view/4432480120/;Hybrid;Inglês Fluente/Avançado, Liderança/Gerência, Product Owner/Product Manager;26/06/2026;São Paulo;São Paulo;SP;Região Sudeste;Brasil;América do Sul
44;BairesDev;Project Manager - Remote Work;América Latina;25/06 20:00;https://www.linkedin.com/jobs/view/4431861005/;https://media.licdn.com/dms/image/v2/D4E0BAQGNvQASzrdL_w/company-logo_100_100/company-logo_100_100/0/1687874736484/bairesdev_logo?e=1784160000&v=beta&t=daiLiamdsJLEM6E212eORLj8kpoqyUdBZiqNmB5BCZ0;Portfolio > Projetos > Project Manager;https://www.linkedin.com/company/bairesdev/about/;-;(engineering AND manager) OR (tech AND manager) OR (gerente AND de AND projetos) OR (project AND manager) OR (gerente AND de AND produtos) OR (product AND manager) OR (program AND manager) OR (senior AND program AND manager) OR (coordenador AND de AND ti) OR (it AND coordinator);bairesdev;2.0;applicants.bairesdev.com;https://www.linkedin.com/jobs/view/4431861005/;https://www.linkedin.com/jobs/view/4431861005/;Remote;Liderança/Gerência;26/06/2026;;;;;;América Latina
45;BairesDev;Senior Project Manager - Remote Work;América Latina;24/06 20:00;https://www.linkedin.com/jobs/view/4431867091/;https://media.licdn.com/dms/image/v2/D4E0BAQGNvQASzrdL_w/company-logo_100_100/company-logo_100_100/0/1687874736484/bairesdev_logo?e=1784160000&v=beta&t=daiLiamdsJLEM6E212eORLj8kpoqyUdBZiqNmB5BCZ0;Portfolio > Projetos > Project Manager;https://www.linkedin.com/company/bairesdev/about/;-;(engineering AND manager) OR (tech AND manager) OR (gerente AND de AND projetos) OR (project AND manager) OR (gerente AND de AND produtos) OR (product AND manager) OR (program AND manager) OR (senior AND program AND manager) OR (coordenador AND de AND ti) OR (it AND coordinator);bairesdev;2.0;applicants.bairesdev.com;https://www.linkedin.com/jobs/view/4431867091/;https://www.linkedin.com/jobs/view/4431867091/;Remote;Senior, Liderança/Gerência;26/06/2026;;;;;;América Latina
46;BairesDev;Senior Project Manager - Trabajo Remoto;América Latina;23/06 20:00;https://www.linkedin.com/jobs/view/4431235621/;https://media.licdn.com/dms/image/v2/D4E0BAQGNvQASzrdL_w/company-logo_100_100/company-logo_100_100/0/1687874736484/bairesdev_logo?e=1784160000&v=beta&t=daiLiamdsJLEM6E212eORLj8kpoqyUdBZiqNmB5BCZ0;Portfolio > Projetos > Project Manager;https://www.linkedin.com/company/bairesdev/about/;-;(engineering AND manager) OR (tech AND manager) OR (gerente AND de AND projetos) OR (project AND manager) OR (gerente AND de AND produtos) OR (product AND manager) OR (program AND manager) OR (senior AND program AND manager) OR (coordenador AND de AND ti) OR (it AND coordinator);bairesdev;2.0;applicants.bairesdev.com;https://www.linkedin.com/jobs/view/4431235621/;https://www.linkedin.com/jobs/view/4431235621/;Remote;Senior, Liderança/Gerência;26/06/2026;;;;;;América Latina
47;BairesDev;Project Manager - Remote Work;Brasil;24/06 20:00;https://www.linkedin.com/jobs/view/4431855555/;https://media.licdn.com/dms/image/v2/D4E0BAQGNvQASzrdL_w/company-logo_100_100/company-logo_100_100/0/1687874736484/bairesdev_logo?e=1784160000&v=beta&t=daiLiamdsJLEM6E212eORLj8kpoqyUdBZiqNmB5BCZ0;Portfolio > Projetos > Project Manager;https://www.linkedin.com/company/bairesdev/about/;-;(engineering AND manager) OR (tech AND manager) OR (gerente AND de AND projetos) OR (project AND manager) OR (gerente AND de AND produtos) OR (product AND manager) OR (program AND manager) OR (senior AND program AND manager) OR (coordenador AND de AND ti) OR (it AND coordinator);bairesdev;2.0;applicants.bairesdev.com;https://www.linkedin.com/jobs/view/4431855555/;https://www.linkedin.com/jobs/view/4431855555/;Remote;Liderança/Gerência;26/06/2026;;;;;Brasil;América do Sul
48;BairesDev;Project Manager - Remote Work;Curitiba (PR);25/06 20:00;https://www.linkedin.com/jobs/view/4431861017/;https://media.licdn.com/dms/image/v2/D4E0BAQGNvQASzrdL_w/company-logo_100_100/company-logo_100_100/0/1687874736484/bairesdev_logo?e=1784160000&v=beta&t=daiLiamdsJLEM6E212eORLj8kpoqyUdBZiqNmB5BCZ0;Portfolio > Projetos > Project Manager;https://www.linkedin.com/company/bairesdev/about/;-;(engineering AND manager) OR (tech AND manager) OR (gerente AND de AND projetos) OR (project AND manager) OR (gerente AND de AND produtos) OR (product AND manager) OR (program AND manager) OR (senior AND program AND manager) OR (coordenador AND de AND ti) OR (it AND coordinator);bairesdev;2.0;applicants.bairesdev.com;https://www.linkedin.com/jobs/view/4431861017/;https://www.linkedin.com/jobs/view/4431861017/;Remote;Liderança/Gerência;26/06/2026;Curitiba;Paraná;PR;Região Sul;Brasil;América do Sul
49;BairesDev;Senior Project Manager - Remote Work;RJ;24/06 20:00;https://www.linkedin.com/jobs/view/4431865147/;https://media.licdn.com/dms/image/v2/D4E0BAQGNvQASzrdL_w/company-logo_100_100/company-logo_100_100/0/1687874736484/bairesdev_logo?e=1784160000&v=beta&t=daiLiamdsJLEM6E212eORLj8kpoqyUdBZiqNmB5BCZ0;Portfolio > Projetos > Project Manager;https://www.linkedin.com/company/bairesdev/about/;-;(engineering AND manager) OR (tech AND manager) OR (gerente AND de AND projetos) OR (project AND manager) OR (gerente AND de AND produtos) OR (product AND manager) OR (program AND manager) OR (senior AND program AND manager) OR (coordenador AND de AND ti) OR (it AND coordinator);bairesdev;2.0;applicants.bairesdev.com;https://www.linkedin.com/jobs/view/4431865147/;https://www.linkedin.com/jobs/view/4431865147/;Remote;Senior, Liderança/Gerência;26/06/2026;;Rio de Janeiro;RJ;Região Sudeste;Brasil;América do Sul
50;BairesDev;Senior Project Manager - Remote Work;SP;24/06 20:00;https://www.linkedin.com/jobs/view/4431870092/;https://media.licdn.com/dms/image/v2/D4E0BAQGNvQASzrdL_w/company-logo_100_100/company-logo_100_100/0/1687874736484/bairesdev_logo?e=1784160000&v=beta&t=daiLiamdsJLEM6E212eORLj8kpoqyUdBZiqNmB5BCZ0;Portfolio > Projetos > Project Manager;https://www.linkedin.com/company/bairesdev/about/;-;(engineering AND manager) OR (tech AND manager) OR (gerente AND de AND projetos) OR (project AND manager) OR (gerente AND de AND produtos) OR (product AND manager) OR (program AND manager) OR (senior AND program AND manager) OR (coordenador AND de AND ti) OR (it AND coordinator);bairesdev;2.0;applicants.bairesdev.com;https://www.linkedin.com/jobs/view/4431870092/;https://www.linkedin.com/jobs/view/4431870092/;Remote;Senior, Liderança/Gerência;26/06/2026;;São Paulo;SP;Região Sudeste;Brasil;América do Sul
51;Baker Hughes;Engineering Manager – Flexible Pipe Systems Design;Rio de Janeiro (RJ);23/06 20:00;https://www.linkedin.com/jobs/view/4432442772/;https://media.licdn.com/dms/image/v2/C4E0BAQE4CJSgGjKt_w/company-logo_100_100/company-logo_100_100/0/1630655649902/bakerhughes_logo?e=1784160000&v=beta&t=oUMphlvq7NEQX2JmkDoCblVxz6WIbCvb3bgeXNFtQmU;Middle > Manager;https://www.linkedin.com/company/baker-hughes/about/;-;(engineering AND manager) OR (tech AND manager) OR (gerente AND de AND projetos) OR (project AND manager) OR (gerente AND de AND produtos) OR (product AND manager) OR (program AND manager) OR (senior AND program AND manager) OR (coordenador AND de AND ti) OR (it AND coordinator);baker hughes;1.0;careers.bakerhughes.com;https://www.linkedin.com/jobs/view/4432442772/;https://www.linkedin.com/jobs/view/4432442772/;Hybrid;Liderança/Gerência, Engenharia Geral;26/06/2026;Rio de Janeiro;Rio de Janeiro;RJ;Região Sudeste;Brasil;América do Sul
52;Banco Bradesco;Product Manager;Osasco (SP);19/06 20:00;https://www.linkedin.com/jobs/view/4431152732/;https://media.licdn.com/dms/image/v2/C4E0BAQEXB9xussWsHQ/company-logo_100_100/company-logo_100_100/0/1680038081185/bradesco_logo?e=1784160000&v=beta&t=hKG_oSdIYFxX3oVsxF27IxNydm24Tpqkip5v8TNJa7A;Produtos > Product Manager;https://www.linkedin.com/company/banco-bradesco/about/;Serviços Financeiros;(engineering AND manager) OR (tech AND manager) OR (gerente AND de AND projetos) OR (project AND manager) OR (gerente AND de AND produtos) OR (product AND manager) OR (program AND manager) OR (senior AND program AND manager) OR (coordenador AND de AND ti) OR (it AND coordinator);banco bradesco;4.0;bradesco.csod.com;https://www.linkedin.com/jobs/view/4431152732/;https://www.linkedin.com/jobs/view/4431152732/;Hybrid;Liderança/Gerência, Product Owner/Product Manager;26/06/2026;Osasco;São Paulo;SP;Região Sudeste;Brasil;América do Sul
53;Banco Bradesco;Product Manager SR;Osasco (SP);24/06 20:00;https://www.linkedin.com/jobs/view/4432565602/;https://media.licdn.com/dms/image/v2/C4E0BAQEXB9xussWsHQ/company-logo_100_100/company-logo_100_100/0/1680038081185/bradesco_logo?e=1784160000&v=beta&t=hKG_oSdIYFxX3oVsxF27IxNydm24Tpqkip5v8TNJa7A;Produtos > Product Manager;https://www.linkedin.com/company/banco-bradesco/about/;Serviços Financeiros;(engineering AND manager) OR (tech AND manager) OR (gerente AND de AND projetos) OR (project AND manager) OR (gerente AND de AND produtos) OR (product AND manager) OR (program AND manager) OR (senior AND program AND manager) OR (coordenador AND de AND ti) OR (it AND coordinator);banco bradesco;4.0;bradesco.csod.com;https://www.linkedin.com/jobs/view/4432565602/;https://www.linkedin.com/jobs/view/4432565602/;Hybrid;Senior, Liderança/Gerência, Product Owner/Product Manager;26/06/2026;Osasco;São Paulo;SP;Região Sudeste;Brasil;América do Sul
54;Banco Bradesco;Product Manager SR;Osasco (SP);24/06 20:00;https://www.linkedin.com/jobs/view/4422463092/;https://media.licdn.com/dms/image/v2/C4E0BAQEXB9xussWsHQ/company-logo_100_100/company-logo_100_100/0/1680038081185/bradesco_logo?e=1784160000&v=beta&t=hKG_oSdIYFxX3oVsxF27IxNydm24Tpqkip5v8TNJa7A;Produtos > Product Manager;https://www.linkedin.com/company/banco-bradesco/about/;Serviços Financeiros;(engineering AND manager) OR (tech AND manager) OR (gerente AND de AND projetos) OR (project AND manager) OR (gerente AND de AND produtos) OR (product AND manager) OR (program AND manager) OR (senior AND program AND manager) OR (coordenador AND de AND ti) OR (it AND coordinator);banco bradesco;4.0;bradesco.csod.com;https://www.linkedin.com/jobs/view/4422463092/;https://www.linkedin.com/jobs/view/4422463092/;Hybrid;Senior, Liderança/Gerência, Product Owner/Product Manager;26/06/2026;Osasco;São Paulo;SP;Região Sudeste;Brasil;América do Sul
55;Banco Bradesco;Product Manager SR - Canais Digitais PJ;Osasco (SP);23/06 20:00;https://www.linkedin.com/jobs/view/4432467843/;https://media.licdn.com/dms/image/v2/C4E0BAQEXB9xussWsHQ/company-logo_100_100/company-logo_100_100/0/1680038081185/bradesco_logo?e=1784160000&v=beta&t=hKG_oSdIYFxX3oVsxF27IxNydm24Tpqkip5v8TNJa7A;Produtos > Product Manager;https://www.linkedin.com/company/banco-bradesco/about/;Serviços Financeiros;(engineering AND manager) OR (tech AND manager) OR (gerente AND de AND projetos) OR (project AND manager) OR (gerente AND de AND produtos) OR (product AND manager) OR (program AND manager) OR (senior AND program AND manager) OR (coordenador AND de AND ti) OR (it AND coordinator);banco bradesco;4.0;bradesco.csod.com;https://www.linkedin.com/jobs/view/4432467843/;https://www.linkedin.com/jobs/view/4432467843/;Hybrid;Freelance/PJ, Senior, Liderança/Gerência, Product Owner/Product Manager;26/06/2026;Osasco;São Paulo;SP;Região Sudeste;Brasil;América do Sul
56;Banco Bradesco;Product Manager SR - Gestão de Releases e Lojas de Apps;Osasco (SP);23/06 20:00;https://www.linkedin.com/jobs/view/4432465958/;https://media.licdn.com/dms/image/v2/C4E0BAQEXB9xussWsHQ/company-logo_100_100/company-logo_100_100/0/1680038081185/bradesco_logo?e=1784160000&v=beta&t=hKG_oSdIYFxX3oVsxF27IxNydm24Tpqkip5v8TNJa7A;Produtos > Product Manager;https://www.linkedin.com/company/banco-bradesco/about/;Serviços Financeiros;(engineering AND manager) OR (tech AND manager) OR (gerente AND de AND projetos) OR (project AND manager) OR (gerente AND de AND produtos) OR (product AND manager) OR (program AND manager) OR (senior AND program AND manager) OR (coordenador AND de AND ti) OR (it AND coordinator);banco bradesco;4.0;bradesco.csod.com;https://www.linkedin.com/jobs/view/4432465958/;https://www.linkedin.com/jobs/view/4432465958/;Hybrid;Senior, Liderança/Gerência, Product Owner/Product Manager;26/06/2026;Osasco;São Paulo;SP;Região Sudeste;Brasil;América do Sul
57;Bees Brasil;Intermediate Product Manager;Brasil;23/06 20:00;https://www.linkedin.com/jobs/view/4431283635/;https://media.licdn.com/dms/image/v2/C4D0BAQHm1ULYG7xpsw/company-logo_100_100/company-logo_100_100/0/1630576352748/beesbrasil_logo?e=1784160000&v=beta&t=clGiWyiwD3cy0fTs9euri8m18vsUbbM5_VvkGiuVmbc;Produtos > Product Manager;https://www.linkedin.com/company/bees-brasil/about/;Mídia e Entretenimento;(engineering AND manager) OR (tech AND manager) OR (gerente AND de AND projetos) OR (project AND manager) OR (gerente AND de AND produtos) OR (product AND manager) OR (program AND manager) OR (senior AND program AND manager) OR (coordenador AND de AND ti) OR (it AND coordinator);bees brasil;1.0;Greenhouse;https://www.linkedin.com/jobs/view/4431283635/;https://www.linkedin.com/jobs/view/4431283635/;Remote;Liderança/Gerência, Product Owner/Product Manager, Marketing/Mídia;26/06/2026;;;;;Brasil;América do Sul
58;Bees Brasil;Tech Manager;Brasil;23/06 20:00;https://www.linkedin.com/jobs/view/4431295633/;https://media.licdn.com/dms/image/v2/C4D0BAQHm1ULYG7xpsw/company-logo_100_100/company-logo_100_100/0/1630576352748/beesbrasil_logo?e=1784160000&v=beta&t=clGiWyiwD3cy0fTs9euri8m18vsUbbM5_VvkGiuVmbc;Middle > Manager;https://www.linkedin.com/company/bees-brasil/about/;Software e Serviços de TI;(engineering AND manager) OR (tech AND manager) OR (gerente AND de AND projetos) OR (project AND manager) OR (gerente AND de AND produtos) OR (product AND manager) OR (program AND manager) OR (senior AND program AND manager) OR (coordenador AND de AND ti) OR (it AND coordinator);bees brasil;1.0;Greenhouse;https://www.linkedin.com/jobs/view/4431295633/;https://www.linkedin.com/jobs/view/4431295633/;Remote;Liderança/Gerência, TI/Tech;26/06/2026;;;;;Brasil;América do Sul
59;Bees Brasil;Technical Project Manager;Brasil;24/06 20:00;https://www.linkedin.com/jobs/view/4431833476/;https://media.licdn.com/dms/image/v2/C4D0BAQHm1ULYG7xpsw/company-logo_100_100/company-logo_100_100/0/1630576352748/beesbrasil_logo?e=1784160000&v=beta&t=clGiWyiwD3cy0fTs9euri8m18vsUbbM5_VvkGiuVmbc;Portfolio > Projetos > Project Manager;https://www.linkedin.com/company/bees-brasil/about/;Software e Serviços de TI;(engineering AND manager) OR (tech AND manager) OR (gerente AND de AND projetos) OR (project AND manager) OR (gerente AND de AND produtos) OR (product AND manager) OR (program AND manager) OR (senior AND program AND manager) OR (coordenador AND de AND ti) OR (it AND coordinator);bees brasil;1.0;Greenhouse;https://www.linkedin.com/jobs/view/4431833476/;https://www.linkedin.com/jobs/view/4431833476/;Remote;Liderança/Gerência, TI/Tech;26/06/2026;;;;;Brasil;América do Sul
60;Bees Brasil;Technology Project Manager;Brasil;23/06 20:00;https://www.linkedin.com/jobs/view/4431292754/;https://media.licdn.com/dms/image/v2/C4D0BAQHm1ULYG7xpsw/company-logo_100_100/company-logo_100_100/0/1630576352748/beesbrasil_logo?e=1784160000&v=beta&t=clGiWyiwD3cy0fTs9euri8m18vsUbbM5_VvkGiuVmbc;Portfolio > Projetos > Project Manager;https://www.linkedin.com/company/bees-brasil/about/;Software e Serviços de TI;(engineering AND manager) OR (tech AND manager) OR (gerente AND de AND projetos) OR (project AND manager) OR (gerente AND de AND produtos) OR (product AND manager) OR (program AND manager) OR (senior AND program AND manager) OR (coordenador AND de AND ti) OR (it AND coordinator);bees brasil;1.0;Greenhouse;https://www.linkedin.com/jobs/view/4431292754/;https://www.linkedin.com/jobs/view/4431292754/;Remote;Liderança/Gerência, TI/Tech;26/06/2026;;;;;Brasil;América do Sul
61;Bees Brasil;Data Product Manager | Computer Vision & Machine Learning;São Paulo (SP);23/06 20:00;https://www.linkedin.com/jobs/view/4431295999/;https://media.licdn.com/dms/image/v2/C4D0BAQHm1ULYG7xpsw/company-logo_100_100/company-logo_100_100/0/1630576352748/beesbrasil_logo?e=1784160000&v=beta&t=clGiWyiwD3cy0fTs9euri8m18vsUbbM5_VvkGiuVmbc;Produtos > Data Product Manager;https://www.linkedin.com/company/bees-brasil/about/;Dados e Analytics;(engineering AND manager) OR (tech AND manager) OR (gerente AND de AND projetos) OR (project AND manager) OR (gerente AND de AND produtos) OR (product AND manager) OR (program AND manager) OR (senior AND program AND manager) OR (coordenador AND de AND ti) OR (it AND coordinator);bees brasil;1.0;Greenhouse;https://www.linkedin.com/jobs/view/4431295999/;https://www.linkedin.com/jobs/view/4431295999/;Hybrid;Machine Learning, Liderança/Gerência, Product Owner/Product Manager, Dados/Analytics;26/06/2026;São Paulo;São Paulo;SP;Região Sudeste;Brasil;América do Sul
62;Bernoulli Educação;PRODUCT MANAGER;Brasil;26/06 13:00;https://www.linkedin.com/jobs/view/4433005103/;https://media.licdn.com/dms/image/v2/C4E0BAQG_S8qdMW3LQw/company-logo_100_100/company-logo_100_100/0/1635352720943/bernoulli_educacao_logo?e=1784160000&v=beta&t=DD8x-GKtWxlP4qaIosfnRv12rH-UK7jP1E8mfiRb4y0;Produtos > Product Manager;https://www.linkedin.com/company/bernoulli-educa-o/about/;Educação;(engineering AND manager) OR (tech AND manager) OR (gerente AND de AND projetos) OR (project AND manager) OR (gerente AND de AND produtos) OR (product AND manager) OR (program AND manager) OR (senior AND program AND manager) OR (coordenador AND de AND ti) OR (it AND coordinator);bernoulli educação;1.0;;https://www.linkedin.com/jobs/view/4433005103/;https://www.linkedin.com/jobs/view/4433005103/;Remote;Liderança/Gerência, Product Owner/Product Manager;26/06/2026;;;;;Brasil;América do Sul
63;Birlasoft;Senior ERP Project Manager (SAP / Oracle / JDE / Infor / PeopleSoft);SP;22/06 20:00;https://www.linkedin.com/jobs/view/4430594413/;https://media.licdn.com/dms/image/v2/C4E0BAQFJ26tVfkJeKg/company-logo_100_100/company-logo_100_100/0/1630606173796/birlasoft_logo?e=1784160000&v=beta&t=oyt9Y_tFQA_z-gXT9UcyfvkGoZLdv6p4WwYjVNgVXd4;Portfolio > Projetos > Project Manager;https://www.linkedin.com/company/birlasoft/about/;-;(engineering AND manager) OR (tech AND manager) OR (gerente AND de AND projetos) OR (project AND manager) OR (gerente AND de AND produtos) OR (product AND manager) OR (program AND manager) OR (senior AND program AND manager) OR (coordenador AND de AND ti) OR (it AND coordinator);birlasoft;1.0;LinkedIn (Easy Apply);https://www.linkedin.com/jobs/view/4430594413/;https://www.linkedin.com/jobs/view/4430594413/;Hybrid;Senior, Liderança/Gerência, SAP, ERP/EPM;26/06/2026;;São Paulo;SP;Região Sudeste;Brasil;América do Sul
64;Bitrefill;Web3 Product Manager;Brasil;25/06 20:00;https://www.linkedin.com/jobs/view/4432685734/;https://media.licdn.com/dms/image/v2/C4D0BAQFCgTSR-GetYw/company-logo_100_100/company-logo_100_100/0/1650621589572/bitrefill_logo?e=1784160000&v=beta&t=MwXeUWv96jFC756bhKFBvx-u4U27i7da2xEdEGI2Amg;Produtos > Product Manager;https://www.linkedin.com/company/bitrefill/about/;Blockchain e Cripto;(engineering AND manager) OR (tech AND manager) OR (gerente AND de AND projetos) OR (project AND manager) OR (gerente AND de AND produtos) OR (product AND manager) OR (program AND manager) OR (senior AND program AND manager) OR (coordenador AND de AND ti) OR (it AND coordinator);bitrefill;1;;https://www.linkedin.com/jobs/view/4432685734/;https://www.linkedin.com/jobs/view/4432685734/;Remote;Liderança/Gerência, Product Owner/Product Manager;26/06/2026;;;;;Brasil;América do Sul
65;Blite Tecnologia;Gerente de Projetos SAP BRIM;São Paulo (SP);25/06 21:00;https://www.linkedin.com/jobs/view/4430271760/;https://media.licdn.com/dms/image/v2/D4D0BAQEUHq2hq_exMw/company-logo_100_100/B4DZ5lsoUhIUAI-/0/1779822659104/bliteti_logo?e=1784160000&v=beta&t=Qm1HkxEAHwxHbm-EH0XRNMill4zvrfkk6IGy1-CPgN8;Middle > Manager;https://www.linkedin.com/company/blite-tecnologia/about/;Software e Serviços de TI;(engineering AND manager) OR (tech AND manager) OR (gerente AND de AND projetos) OR (project AND manager) OR (gerente AND de AND produtos) OR (product AND manager) OR (program AND manager) OR (senior AND program AND manager) OR (coordenador AND de AND ti) OR (it AND coordinator);blite tecnologia;1.0;Vagas.com;https://www.linkedin.com/jobs/view/4430271760/;https://www.linkedin.com/jobs/view/4430271760/;Remote;Mid, Liderança/Gerência, SAP;26/06/2026;São Paulo;São Paulo;SP;Região Sudeste;Brasil;América do Sul
66;Blizzard Entertainment;Program Manager | São Paulo, BR;São Paulo (SP);25/06 20:00;https://www.linkedin.com/jobs/view/4403967093/;https://media.licdn.com/dms/image/v2/D560BAQGVOMAVOjq1DQ/company-logo_100_100/B56ZpU6IcmH8AU-/0/1762361116762/blizzard_entertainment_logo?e=1784160000&v=beta&t=iGljrifsjcuvPzB0zl2nJ7h26cHOdbahRDn--iNpJmY;Portfolio > Programas > Program Manager;https://www.linkedin.com/company/blizzard-entertainment/about/;-;(engineering AND manager) OR (tech AND manager) OR (gerente AND de AND projetos) OR (project AND manager) OR (gerente AND de AND produtos) OR (product AND manager) OR (program AND manager) OR (senior AND program AND manager) OR (coordenador AND de AND ti) OR (it AND coordinator);blizzard entertainment;1.0;;https://www.linkedin.com/jobs/view/4403967093/;https://www.linkedin.com/jobs/view/4403967093/;On-site;Liderança/Gerência;26/06/2026;São Paulo;São Paulo;SP;Região Sudeste;Brasil;América do Sul
67;Boeing;Flight Controls Engineering Manager;São José dos Campos (SP);23/06 20:00;https://www.linkedin.com/jobs/view/4429448362/;https://media.licdn.com/dms/image/v2/D560BAQG8NhuAoYdTgw/company-logo_100_100/company-logo_100_100/0/1708109812925/boeing_logo?e=1784160000&v=beta&t=RQwH2VIi6g1EIifszONlieX7__BiiEREmq_nPYa_AGU;Middle > Manager;https://www.linkedin.com/company/boeing/about/;Aeroespacial e Aviação;(engineering AND manager) OR (tech AND manager) OR (gerente AND de AND projetos) OR (project AND manager) OR (gerente AND de AND produtos) OR (product AND manager) OR (program AND manager) OR (senior AND program AND manager) OR (coordenador AND de AND ti) OR (it AND coordinator);boeing;3.0;;https://www.linkedin.com/jobs/view/4429448362/;https://www.linkedin.com/jobs/view/4429448362/;Hybrid;Liderança/Gerência, Engenharia Geral;26/06/2026;São José dos Campos;São Paulo;SP;Região Sudeste;Brasil;América do Sul
68;Boeing;Systems and Safety Engineering Manager;São José dos Campos (SP);26/06 13:00;https://www.linkedin.com/jobs/view/4430613423/;https://media.licdn.com/dms/image/v2/D560BAQG8NhuAoYdTgw/company-logo_100_100/company-logo_100_100/0/1708109812925/boeing_logo?e=1784160000&v=beta&t=RQwH2VIi6g1EIifszONlieX7__BiiEREmq_nPYa_AGU;Middle > Manager;https://www.linkedin.com/company/boeing/about/;Aeroespacial e Aviação;(engineering AND manager) OR (tech AND manager) OR (gerente AND de AND projetos) OR (project AND manager) OR (gerente AND de AND produtos) OR (product AND manager) OR (program AND manager) OR (senior AND program AND manager) OR (coordenador AND de AND ti) OR (it AND coordinator);boeing;3.0;;https://www.linkedin.com/jobs/view/4430613423/;https://www.linkedin.com/jobs/view/4430613423/;On-site;Liderança/Gerência, Engenharia Geral;26/06/2026;São José dos Campos;São Paulo;SP;Região Sudeste;Brasil;América do Sul
69;Brasol;Project Manager - ERP Microsoft Dynamics;São Paulo (SP);24/06 20:00;https://www.linkedin.com/jobs/view/4429846596/;https://media.licdn.com/dms/image/v2/D4D0BAQHbAkE3YvRtPQ/company-logo_100_100/B4DZXZpFf4G8AQ-/0/1743113183054?e=1784160000&v=beta&t=GcfdDR23i7qGyodr3QynUVnCMf6TvmQGO2v2-sApxIo;Portfolio > Projetos > Project Manager;https://www.linkedin.com/company/brasol/about/;-;(engineering AND manager) OR (tech AND manager) OR (gerente AND de AND projetos) OR (project AND manager) OR (gerente AND de AND produtos) OR (product AND manager) OR (program AND manager) OR (senior AND program AND manager) OR (coordenador AND de AND ti) OR (it AND coordinator);brasol;1;;https://www.linkedin.com/jobs/view/4429846596/;https://www.linkedin.com/jobs/view/4429846596/;On-site;Liderança/Gerência, ERP/EPM;26/06/2026;São Paulo;São Paulo;SP;Região Sudeste;Brasil;América do Sul
70;Bristol Myers Squibb;Program Manager;São Paulo (SP);26/06 20:00;https://www.linkedin.com/jobs/view/4434063185/;https://media.licdn.com/dms/image/v2/D4E0BAQH2q_LCsO7XxA/company-logo_100_100/B4EZ6T2arTK0AM-/0/1780596976681/bristol_myers_squibb_logo?e=1784160000&v=beta&t=n7KM1ON_WWzX89Wg7umQNU55vdA2VstewDDgxvdW1hE;Portfolio > Programas > Program Manager;https://www.linkedin.com/company/bristol-myers-squibb/about/;-;(engineering AND manager) OR (tech AND manager) OR (gerente AND de AND projetos) OR (project AND manager) OR (gerente AND de AND produtos) OR (product AND manager) OR (program AND manager) OR (senior AND program AND manager) OR (coordenador AND de AND ti) OR (it AND coordinator);bristol myers squibb;1;;https://www.linkedin.com/jobs/view/4434063185/;https://www.linkedin.com/jobs/view/4434063185/;On-site;Liderança/Gerência;26/06/2026;São Paulo;São Paulo;SP;Região Sudeste;Brasil;América do Sul
71;Brose Brasil;SAP Inhouse Consultant / IT Project Manager;São José dos Pinhais (PR);23/06 20:00;https://www.linkedin.com/jobs/view/4419244881/;https://media.licdn.com/dms/image/v2/D4D0BAQFuOeEH3KmiPg/company-logo_100_100/company-logo_100_100/0/1706788003473/brose_do_brasil_logo?e=1784160000&v=beta&t=yxJeUbJYj1dSem0HT3DSB1dFH4n7VWyl6VSdjAa-3y8;Portfolio > Projetos > Project Manager;https://www.linkedin.com/company/brose-brasil/about/;Software e Serviços de TI;(engineering AND manager) OR (tech AND manager) OR (gerente AND de AND projetos) OR (project AND manager) OR (gerente AND de AND produtos) OR (product AND manager) OR (program AND manager) OR (senior AND program AND manager) OR (coordenador AND de AND ti) OR (it AND coordinator);brose brasil;1;;https://www.linkedin.com/jobs/view/4419244881/;https://www.linkedin.com/jobs/view/4419244881/;On-site;Liderança/Gerência, Consultor, SAP;26/06/2026;São José dos Pinhais;Paraná;PR;Região Sul;Brasil;América do Sul
72;BruntWork;Technical Project Manager (Process Improvement & Delivery);América Latina;26/06 13:00;https://www.linkedin.com/jobs/view/4430630230/;https://media.licdn.com/dms/image/v2/D560BAQEcCL_eiKAREA/company-logo_100_100/company-logo_100_100/0/1721186064757/bruntworkcareers_logo?e=1784160000&v=beta&t=VnMLYUMvu29F6t6-sflqODsoXtvHmm2PGu_6_qupdis;Portfolio > Projetos > Project Manager;https://www.linkedin.com/company/bruntwork/about/;Software e Serviços de TI;(engineering AND manager) OR (tech AND manager) OR (gerente AND de AND projetos) OR (project AND manager) OR (gerente AND de AND produtos) OR (product AND manager) OR (program AND manager) OR (senior AND program AND manager) OR (coordenador AND de AND ti) OR (it AND coordinator);bruntwork;1.0;apply.bruntworkcareers.co;https://www.linkedin.com/jobs/view/4430630230/;https://www.linkedin.com/jobs/view/4430630230/;Remote;Liderança/Gerência, TI/Tech, Delivery/SDM;26/06/2026;;;;;;América Latina
73;C&D Talent Advisory - Academy;Product Manager (Mobile);São Paulo (SP);25/06 23:00;https://www.linkedin.com/jobs/view/4432924729/;https://media.licdn.com/dms/image/v2/D4D0BAQElfs5-S8yVMw/company-logo_100_100/B4DZvPVEv4I0AQ-/0/1768709967545?e=1784160000&v=beta&t=gJgbot0uG6sRzaBHz5Tb5-00iav1rZXgvpHw1xou8uc;Produtos > Product Manager;https://www.linkedin.com/company/c-d-talent-advisory-academy/about/;-;(engineering AND manager) OR (tech AND manager) OR (gerente AND de AND projetos) OR (project AND manager) OR (gerente AND de AND produtos) OR (product AND manager) OR (program AND manager) OR (senior AND program AND manager) OR (coordenador AND de AND ti) OR (it AND coordinator);c&d talent advisory - academy;1;;https://www.linkedin.com/jobs/view/4432924729/;https://www.linkedin.com/jobs/view/4432924729/;On-site;Liderança/Gerência, Product Owner/Product Manager;26/06/2026;São Paulo;São Paulo;SP;Região Sudeste;Brasil;América do Sul
74;C&D Talent Advisory - Academy;Product Manager (Mobile);São Paulo (SP);25/06 23:00;https://www.linkedin.com/jobs/view/4432935069/;https://media.licdn.com/dms/image/v2/D4D0BAQElfs5-S8yVMw/company-logo_100_100/B4DZvPVEv4I0AQ-/0/1768709967545?e=1784160000&v=beta&t=gJgbot0uG6sRzaBHz5Tb5-00iav1rZXgvpHw1xou8uc;Produtos > Product Manager;https://www.linkedin.com/company/c-d-talent-advisory-academy/about/;-;(engineering AND manager) OR (tech AND manager) OR (gerente AND de AND projetos) OR (project AND manager) OR (gerente AND de AND produtos) OR (product AND manager) OR (program AND manager) OR (senior AND program AND manager) OR (coordenador AND de AND ti) OR (it AND coordinator);c&d talent advisory - academy;1;;https://www.linkedin.com/jobs/view/4432935069/;https://www.linkedin.com/jobs/view/4432935069/;On-site;Liderança/Gerência, Product Owner/Product Manager;26/06/2026;São Paulo;São Paulo;SP;Região Sudeste;Brasil;América do Sul
75;CEVA Logistics;Gerente de projetos;Jundiaí (SP);23/06 20:00;https://www.linkedin.com/jobs/view/4429473009/;https://media.licdn.com/dms/image/v2/D4D0BAQEAQQ9sUsfmQA/company-logo_100_100/B4DZt0Kz0tKYAQ-/0/1767180549820/ceva_logistics_logo?e=1784160000&v=beta&t=ivNQQzgFO49-4ehPEfjc8uKIAz7aAgmWc5Rzs3bCcZQ;Middle > Manager;https://www.linkedin.com/company/ceva-logistics/about/;Logística e Supply Chain;(engineering AND manager) OR (tech AND manager) OR (gerente AND de AND projetos) OR (project AND manager) OR (gerente AND de AND produtos) OR (product AND manager) OR (program AND manager) OR (senior AND program AND manager) OR (coordenador AND de AND ti) OR (it AND coordinator);ceva logistics;1.0;;https://www.linkedin.com/jobs/view/4429473009/;https://www.linkedin.com/jobs/view/4429473009/;On-site;Mid, Liderança/Gerência;26/06/2026;Jundiaí;São Paulo;SP;Região Sudeste;Brasil;América do Sul
76;CI&T;Data Product Manager, Brazil;Brasil;24/06 20:00;https://www.linkedin.com/jobs/view/4432490394/;https://media.licdn.com/dms/image/v2/D560BAQFOg3ALDaK1TA/company-logo_100_100/B56Z50JQRqHAAQ-/0/1780065044119/ciandt_logo?e=1784160000&v=beta&t=C-ukCQBfrJXFA0SUOGkZEHvA0MUDEOKjdWOg8BjEgQc;Produtos > Data Product Manager;https://www.linkedin.com/company/ci-t/about/;Dados e Analytics;(engineering AND manager) OR (tech AND manager) OR (gerente AND de AND projetos) OR (project AND manager) OR (gerente AND de AND produtos) OR (product AND manager) OR (program AND manager) OR (senior AND program AND manager) OR (coordenador AND de AND ti) OR (it AND coordinator);ci&t;4.0;LinkedIn (Easy Apply);https://www.linkedin.com/jobs/view/4432490394/;https://www.linkedin.com/jobs/view/4432490394/;Remote;Liderança/Gerência, Product Owner/Product Manager, Dados/Analytics;26/06/2026;;;;;Brasil;América do Sul
77;CI&T;Product Manager Senior (Hibrido São Paulo);Brasil;23/06 20:00;https://www.linkedin.com/jobs/view/4432443615/;https://media.licdn.com/dms/image/v2/D560BAQFOg3ALDaK1TA/company-logo_100_100/B56Z50JQRqHAAQ-/0/1780065044119/ciandt_logo?e=1784160000&v=beta&t=C-ukCQBfrJXFA0SUOGkZEHvA0MUDEOKjdWOg8BjEgQc;Produtos > Product Manager;https://www.linkedin.com/company/ci-t/about/;-;(engineering AND manager) OR (tech AND manager) OR (gerente AND de AND projetos) OR (project AND manager) OR (gerente AND de AND produtos) OR (product AND manager) OR (program AND manager) OR (senior AND program AND manager) OR (coordenador AND de AND ti) OR (it AND coordinator);ci&t;4.0;LinkedIn (Easy Apply);https://www.linkedin.com/jobs/view/4432443615/;https://www.linkedin.com/jobs/view/4432443615/;Remote;Senior, Liderança/Gerência, Product Owner/Product Manager;26/06/2026;;;;;Brasil;América do Sul
78;CTI Clinical Trial and Consulting Services;Clinical Project Manager **Experienced Project Managers**;São Paulo (SP);23/06 20:00;https://www.linkedin.com/jobs/view/4431241820/;https://media.licdn.com/dms/image/v2/C4D0BAQE5dV-EZ2FmUQ/company-logo_100_100/company-logo_100_100/0/1644938395763/cticlinical_logo?e=1784160000&v=beta&t=AoCJZ8mroBYqZLWp1zPbqnVe3aG8pQ_kuC_jiFpai6M;Portfolio > Projetos > Project Manager;https://www.linkedin.com/company/cti-clinical-trial-and-consulting-services/about/;Consultoria e Assessoria;(engineering AND manager) OR (tech AND manager) OR (gerente AND de AND projetos) OR (project AND manager) OR (gerente AND de AND produtos) OR (product AND manager) OR (program AND manager) OR (senior AND program AND manager) OR (coordenador AND de AND ti) OR (it AND coordinator);cti clinical trial and consulting services;1.0;;https://www.linkedin.com/jobs/view/4431241820/;https://www.linkedin.com/jobs/view/4431241820/;Hybrid;Liderança/Gerência;26/06/2026;São Paulo;São Paulo;SP;Região Sudeste;Brasil;América do Sul
79;Canonical;Cloud Field Engineering Manager;América Latina;21/06 20:00;https://www.linkedin.com/jobs/view/4337145205/;https://media.licdn.com/dms/image/v2/C560BAQEbIYAkAURcYw/company-logo_100_100/company-logo_100_100/0/1650566107463/canonical_logo?e=1784160000&v=beta&t=PrcG64WvL9fWrHX-W1d_djdVngU7S-rIdwpSGGbucfE;Specific > Cloud;https://www.linkedin.com/company/canonical/about/;-;(engineering AND manager) OR (tech AND manager) OR (gerente AND de AND projetos) OR (project AND manager) OR (gerente AND de AND produtos) OR (product AND manager) OR (program AND manager) OR (senior AND program AND manager) OR (coordenador AND de AND ti) OR (it AND coordinator);canonical;3.0;Greenhouse;https://www.linkedin.com/jobs/view/4337145205/;https://www.linkedin.com/jobs/view/4337145205/;Remote;Liderança/Gerência, Engenharia Geral;26/06/2026;;;;;;América Latina
80;Canonical;Embedded Linux Field Engineering Manager (Americas only);América Latina;24/06 20:00;https://www.linkedin.com/jobs/view/4412939298/;https://media.licdn.com/dms/image/v2/C560BAQEbIYAkAURcYw/company-logo_100_100/company-logo_100_100/0/1650566107463/canonical_logo?e=1784160000&v=beta&t=PrcG64WvL9fWrHX-W1d_djdVngU7S-rIdwpSGGbucfE;Middle > Manager;https://www.linkedin.com/company/canonical/about/;-;(engineering AND manager) OR (tech AND manager) OR (gerente AND de AND projetos) OR (project AND manager) OR (gerente AND de AND produtos) OR (product AND manager) OR (program AND manager) OR (senior AND program AND manager) OR (coordenador AND de AND ti) OR (it AND coordinator);canonical;3.0;Greenhouse;https://www.linkedin.com/jobs/view/4412939298/;https://www.linkedin.com/jobs/view/4412939298/;Remote;Liderança/Gerência, Engenharia Geral;26/06/2026;;;;;;América Latina
81;Canonical;Public Cloud Project Manager;Brasil;25/06 20:00;https://www.linkedin.com/jobs/view/4433370621/;https://media.licdn.com/dms/image/v2/C560BAQEbIYAkAURcYw/company-logo_100_100/company-logo_100_100/0/1650566107463/canonical_logo?e=1784160000&v=beta&t=PrcG64WvL9fWrHX-W1d_djdVngU7S-rIdwpSGGbucfE;Portfolio > Projetos > Project Manager;https://www.linkedin.com/company/canonical/about/;-;(engineering AND manager) OR (tech AND manager) OR (gerente AND de AND projetos) OR (project AND manager) OR (gerente AND de AND produtos) OR (product AND manager) OR (program AND manager) OR (senior AND program AND manager) OR (coordenador AND de AND ti) OR (it AND coordinator);canonical;3.0;Greenhouse;https://www.linkedin.com/jobs/view/4433370621/;https://www.linkedin.com/jobs/view/4433370621/;Remote;Liderança/Gerência;26/06/2026;;;;;Brasil;América do Sul
82;Canonical;Software Engineering Manager (Backend SaaS);Brasil;26/06 08:00;https://www.linkedin.com/jobs/view/4433370623/;https://media.licdn.com/dms/image/v2/C560BAQEbIYAkAURcYw/company-logo_100_100/company-logo_100_100/0/1650566107463/canonical_logo?e=1784160000&v=beta&t=PrcG64WvL9fWrHX-W1d_djdVngU7S-rIdwpSGGbucfE;Middle > Manager;https://www.linkedin.com/company/canonical/about/;Software e Serviços de TI;(engineering AND manager) OR (tech AND manager) OR (gerente AND de AND projetos) OR (project AND manager) OR (gerente AND de AND produtos) OR (product AND manager) OR (program AND manager) OR (senior AND program AND manager) OR (coordenador AND de AND ti) OR (it AND coordinator);canonical;3.0;Greenhouse;https://www.linkedin.com/jobs/view/4433370623/;https://www.linkedin.com/jobs/view/4433370623/;Remote;Liderança/Gerência, TI/Tech, Backend, Engenharia Geral;26/06/2026;;;;;Brasil;América do Sul
83;Canonical;Software Engineering Manager - Sustaining Engineering;Brasil;25/06 20:00;https://www.linkedin.com/jobs/view/4433375452/;https://media.licdn.com/dms/image/v2/C560BAQEbIYAkAURcYw/company-logo_100_100/company-logo_100_100/0/1650566107463/canonical_logo?e=1784160000&v=beta&t=PrcG64WvL9fWrHX-W1d_djdVngU7S-rIdwpSGGbucfE;Middle > Manager;https://www.linkedin.com/company/canonical/about/;Software e Serviços de TI;(engineering AND manager) OR (tech AND manager) OR (gerente AND de AND projetos) OR (project AND manager) OR (gerente AND de AND produtos) OR (product AND manager) OR (program AND manager) OR (senior AND program AND manager) OR (coordenador AND de AND ti) OR (it AND coordinator);canonical;3.0;Greenhouse;https://www.linkedin.com/jobs/view/4433375452/;https://www.linkedin.com/jobs/view/4433375452/;Remote;Liderança/Gerência, TI/Tech, Engenharia Geral;26/06/2026;;;;;Brasil;América do Sul
84;Capgemini;Project Manager (IBM Z);Barueri (SP);22/06 20:00;https://www.linkedin.com/jobs/view/4429769240/;https://media.licdn.com/dms/image/v2/D4E0BAQHIL3HctxNfvg/company-logo_100_100/B4EZokv7VQIUAQ-/0/1761553135376/capgemini_logo?e=1784160000&v=beta&t=osXrKWVzf4eEac9qEIOWvwec94I4FfOdZoBtw7QKeMA;Portfolio > Projetos > Project Manager;https://www.linkedin.com/company/capgemini/about/;-;(engineering AND manager) OR (tech AND manager) OR (gerente AND de AND projetos) OR (project AND manager) OR (gerente AND de AND produtos) OR (product AND manager) OR (program AND manager) OR (senior AND program AND manager) OR (coordenador AND de AND ti) OR (it AND coordinator);capgemini;4.0;LinkedIn (Easy Apply);https://www.linkedin.com/jobs/view/4429769240/;https://www.linkedin.com/jobs/view/4429769240/;On-site;Liderança/Gerência;26/06/2026;Barueri;São Paulo;SP;Região Sudeste;Brasil;América do Sul
85;Chainlink Labs;Engineering Manager, CRE Services;Brasil;25/06 20:00;https://www.linkedin.com/jobs/view/4433009041/;https://media.licdn.com/dms/image/v2/D560BAQEYHgoKT4l1jQ/company-logo_100_100/company-logo_100_100/0/1729725476545/chainlink_labs_logo?e=1784160000&v=beta&t=z8beR_3wrgty5bM2jMoGwNns-j0X_1OCZ85Go-7ODuI;Middle > Manager;https://www.linkedin.com/company/chainlink-labs/about/;-;(engineering AND manager) OR (tech AND manager) OR (gerente AND de AND projetos) OR (project AND manager) OR (gerente AND de AND produtos) OR (product AND manager) OR (program AND manager) OR (senior AND program AND manager) OR (coordenador AND de AND ti) OR (it AND coordinator);chainlink labs;1.0;jobs.ashbyhq.com;https://www.linkedin.com/jobs/view/4433009041/;https://www.linkedin.com/jobs/view/4433009041/;Remote;Liderança/Gerência, Engenharia Geral;26/06/2026;;;;;Brasil;América do Sul
86;Chainlink Labs;Product Manager, Banking and Capital Markets;Brasil;25/06 20:00;https://www.linkedin.com/jobs/view/4432897307/;https://media.licdn.com/dms/image/v2/D560BAQEYHgoKT4l1jQ/company-logo_100_100/company-logo_100_100/0/1729725476545/chainlink_labs_logo?e=1784160000&v=beta&t=z8beR_3wrgty5bM2jMoGwNns-j0X_1OCZ85Go-7ODuI;Produtos > Product Manager;https://www.linkedin.com/company/chainlink-labs/about/;Serviços Financeiros;(engineering AND manager) OR (tech AND manager) OR (gerente AND de AND projetos) OR (project AND manager) OR (gerente AND de AND produtos) OR (product AND manager) OR (program AND manager) OR (senior AND program AND manager) OR (coordenador AND de AND ti) OR (it AND coordinator);chainlink labs;1.0;jobs.ashbyhq.com;https://www.linkedin.com/jobs/view/4432897307/;https://www.linkedin.com/jobs/view/4432897307/;Remote;Liderança/Gerência, Product Owner/Product Manager;26/06/2026;;;;;Brasil;América do Sul
87;Chainlink Labs;Product Manager, Compliance;Brasil;25/06 20:00;https://www.linkedin.com/jobs/view/4432890431/;https://media.licdn.com/dms/image/v2/D560BAQEYHgoKT4l1jQ/company-logo_100_100/company-logo_100_100/0/1729725476545/chainlink_labs_logo?e=1784160000&v=beta&t=z8beR_3wrgty5bM2jMoGwNns-j0X_1OCZ85Go-7ODuI;Produtos > Product Manager;https://www.linkedin.com/company/chainlink-labs/about/;-;(engineering AND manager) OR (tech AND manager) OR (gerente AND de AND projetos) OR (project AND manager) OR (gerente AND de AND produtos) OR (product AND manager) OR (program AND manager) OR (senior AND program AND manager) OR (coordenador AND de AND ti) OR (it AND coordinator);chainlink labs;1.0;jobs.ashbyhq.com;https://www.linkedin.com/jobs/view/4432890431/;https://www.linkedin.com/jobs/view/4432890431/;Remote;Liderança/Gerência, Product Owner/Product Manager;26/06/2026;;;;;Brasil;América do Sul
88;Chainlink Labs;Product Manager, Node Economics;Brasil;25/06 20:00;https://www.linkedin.com/jobs/view/4433006134/;https://media.licdn.com/dms/image/v2/D560BAQEYHgoKT4l1jQ/company-logo_100_100/company-logo_100_100/0/1729725476545/chainlink_labs_logo?e=1784160000&v=beta&t=z8beR_3wrgty5bM2jMoGwNns-j0X_1OCZ85Go-7ODuI;Produtos > Product Manager;https://www.linkedin.com/company/chainlink-labs/about/;-;(engineering AND manager) OR (tech AND manager) OR (gerente AND de AND projetos) OR (project AND manager) OR (gerente AND de AND produtos) OR (product AND manager) OR (program AND manager) OR (senior AND program AND manager) OR (coordenador AND de AND ti) OR (it AND coordinator);chainlink labs;1.0;jobs.ashbyhq.com;https://www.linkedin.com/jobs/view/4433006134/;https://www.linkedin.com/jobs/view/4433006134/;Remote;Liderança/Gerência, Product Owner/Product Manager;26/06/2026;;;;;Brasil;América do Sul
89;Chainlink Labs;Senior Product Manager, Node Infrastructure;Brasil;26/06 08:00;https://www.linkedin.com/jobs/view/4432890429/;https://media.licdn.com/dms/image/v2/D560BAQEYHgoKT4l1jQ/company-logo_100_100/company-logo_100_100/0/1729725476545/chainlink_labs_logo?e=1784160000&v=beta&t=z8beR_3wrgty5bM2jMoGwNns-j0X_1OCZ85Go-7ODuI;Produtos > Product Manager;https://www.linkedin.com/company/chainlink-labs/about/;Infraestrutura;(engineering AND manager) OR (tech AND manager) OR (gerente AND de AND projetos) OR (project AND manager) OR (gerente AND de AND produtos) OR (product AND manager) OR (program AND manager) OR (senior AND program AND manager) OR (coordenador AND de AND ti) OR (it AND coordinator);chainlink labs;1.0;jobs.ashbyhq.com;https://www.linkedin.com/jobs/view/4432890429/;https://www.linkedin.com/jobs/view/4432890429/;Remote;Senior, Liderança/Gerência, Product Owner/Product Manager;26/06/2026;;;;;Brasil;América do Sul
90;Charly Agency;Website Strategist & Project Manager;Brasil;26/06 14:00;https://www.linkedin.com/jobs/view/4433886467/;https://media.licdn.com/dms/image/v2/D4D0BAQHenxzQIC9eZA/company-logo_100_100/company-logo_100_100/0/1708621212733/weby_agency_logo?e=1784160000&v=beta&t=DQTnD--lWSoLqaN38NCiIa2yVdFoE6PYFATuZ6lfBF0;Portfolio > Projetos > Project Manager;https://www.linkedin.com/company/charly-agency/about/;Software e Serviços de TI;(engineering AND manager) OR (tech AND manager) OR (gerente AND de AND projetos) OR (project AND manager) OR (gerente AND de AND produtos) OR (product AND manager) OR (program AND manager) OR (senior AND program AND manager) OR (coordenador AND de AND ti) OR (it AND coordinator);charly agency;1.0;LinkedIn (Easy Apply);https://www.linkedin.com/jobs/view/4433886467/;https://www.linkedin.com/jobs/view/4433886467/;Remote;Liderança/Gerência;26/06/2026;;;;;Brasil;América do Sul
91;China Mobile International Limited;Project Manager;São Paulo (SP);23/06 20:00;https://www.linkedin.com/jobs/view/4431433134/;https://media.licdn.com/dms/image/v2/D560BAQGcwh0PjRUyfg/company-logo_100_100/B56ZrcsRatLQAU-/0/1764639184977/china_mobile_international_limited_logo?e=1784160000&v=beta&t=dSir-7yl3zSvPJqNkJ3U99Qi1ixHi2OhRBrOhOjJOak;Portfolio > Projetos > Project Manager;https://www.linkedin.com/company/china-mobile-international-limited/about/;Software e Serviços de TI;(engineering AND manager) OR (tech AND manager) OR (gerente AND de AND projetos) OR (project AND manager) OR (gerente AND de AND produtos) OR (product AND manager) OR (program AND manager) OR (senior AND program AND manager) OR (coordenador AND de AND ti) OR (it AND coordinator);china mobile international limited;1.0;;https://www.linkedin.com/jobs/view/4431433134/;https://www.linkedin.com/jobs/view/4431433134/;On-site;Liderança/Gerência;26/06/2026;São Paulo;São Paulo;SP;Região Sudeste;Brasil;América do Sul
92;ClassPass;Product Manager;São Paulo (SP);23/06 20:00;https://www.linkedin.com/jobs/view/4418769572/;https://media.licdn.com/dms/image/v2/D560BAQFm2VYPkA3hjg/company-logo_100_100/company-logo_100_100/0/1689120052565/classpass_logo?e=1784160000&v=beta&t=xKBTI0HBcjyxS8cUWcBvWhW1v3BVJowTHGzvWuSyeFg;Produtos > Product Manager;https://www.linkedin.com/company/classpass/about/;-;(engineering AND manager) OR (tech AND manager) OR (gerente AND de AND projetos) OR (project AND manager) OR (gerente AND de AND produtos) OR (product AND manager) OR (program AND manager) OR (senior AND program AND manager) OR (coordenador AND de AND ti) OR (it AND coordinator);classpass;1.0;www.playlist.com;https://www.linkedin.com/jobs/view/4418769572/;https://www.linkedin.com/jobs/view/4418769572/;Remote;Liderança/Gerência, Product Owner/Product Manager;26/06/2026;São Paulo;São Paulo;SP;Região Sudeste;Brasil;América do Sul
93;ClickBus;Sênior Product Manager (GDS);São Paulo (SP);24/06 20:00;https://www.linkedin.com/jobs/view/4429896340/;https://media.licdn.com/dms/image/v2/D4D0BAQGV2X4BC2vUDQ/company-logo_100_100/B4DZqCn06NH4AU-/0/1763128070163/clickbus_logo?e=1784160000&v=beta&t=yWD-ykMViwVE4xbZsr1853MGicUO9kn6_suQpCL9_b0;Produtos > Product Manager;https://www.linkedin.com/company/clickbus/about/;-;(engineering AND manager) OR (tech AND manager) OR (gerente AND de AND projetos) OR (project AND manager) OR (gerente AND de AND produtos) OR (product AND manager) OR (program AND manager) OR (senior AND program AND manager) OR (coordenador AND de AND ti) OR (it AND coordinator);clickbus;3.0;Gupy;https://www.linkedin.com/jobs/view/4429896340/;https://www.linkedin.com/jobs/view/4429896340/;Hybrid;Senior, Liderança/Gerência, Product Owner/Product Manager;26/06/2026;São Paulo;São Paulo;SP;Região Sudeste;Brasil;América do Sul
94;Clicksign;Gerente de Projetos (Tecnologia);Brasil;20/06 20:00;https://www.linkedin.com/jobs/view/4428551116/;https://media.licdn.com/dms/image/v2/D4D0BAQGCOKCVbsDMlA/company-logo_100_100/company-logo_100_100/0/1713842395508/clicksign_logo?e=1784160000&v=beta&t=6jHMWd4IlZ__y-K49uP8qW5iGSTHP6XB3fnU1o-UDZc;Middle > Manager;https://www.linkedin.com/company/clicksign/about/;-;(engineering AND manager) OR (tech AND manager) OR (gerente AND de AND projetos) OR (project AND manager) OR (gerente AND de AND produtos) OR (product AND manager) OR (program AND manager) OR (senior AND program AND manager) OR (coordenador AND de AND ti) OR (it AND coordinator);clicksign;1.0;Gupy;https://www.linkedin.com/jobs/view/4428551116/;https://www.linkedin.com/jobs/view/4428551116/;Remote;Mid, Liderança/Gerência, TI/Tech;26/06/2026;;;;;Brasil;América do Sul
95;Connectly.ai;Agent Product Manager - New Verticals;Brasília (DF);26/06 11:00;https://www.linkedin.com/jobs/view/4433865485/;https://media.licdn.com/dms/image/v2/D4E0BAQFEHUY5clUlHw/company-logo_100_100/company-logo_100_100/0/1724784025381/connectly_ai_logo?e=1784160000&v=beta&t=3n3GoLTMHmUNXDDCELxs1DUV--aFAHsNqWhV_oV8e8U;Produtos > Product Manager;https://www.linkedin.com/company/connectly-ai/about/;Software e Serviços de TI;(engineering AND manager) OR (tech AND manager) OR (gerente AND de AND projetos) OR (project AND manager) OR (gerente AND de AND produtos) OR (product AND manager) OR (program AND manager) OR (senior AND program AND manager) OR (coordenador AND de AND ti) OR (it AND coordinator);connectly.ai;1;;https://www.linkedin.com/jobs/view/4433865485/;https://www.linkedin.com/jobs/view/4433865485/;Hybrid;Liderança/Gerência, Product Owner/Product Manager;26/06/2026;;Distrito Federal;DF;Região Centro-Oeste;Brasil;América do Sul
96;Conta Azul;Product Manager Fiscal / TAX (Foco em Reforma Tributária & IA);Brasil;25/06 20:00;https://www.linkedin.com/jobs/view/4432672704/;https://media.licdn.com/dms/image/v2/D4D0BAQHuV6EQ__c64A/company-logo_100_100/B4DZY.KdrRG4AU-/0/1744799654100/contaazul_logo?e=1784160000&v=beta&t=AqnwKrnX771DLCyT4RvAkKAz4aR8fT3oj1qUpHTs9G8;Agility > Agile Coach > Tribo;https://www.linkedin.com/company/conta-azul/about/;Inteligência Artificial;(engineering AND manager) OR (tech AND manager) OR (gerente AND de AND projetos) OR (project AND manager) OR (gerente AND de AND produtos) OR (product AND manager) OR (program AND manager) OR (senior AND program AND manager) OR (coordenador AND de AND ti) OR (it AND coordinator);conta azul;1;;https://www.linkedin.com/jobs/view/4432672704/;https://www.linkedin.com/jobs/view/4432672704/;Remote;Inteligência Artificial, Liderança/Gerência, Product Owner/Product Manager, Financeiro/Fiscal;26/06/2026;;;;;Brasil;América do Sul
97;Contato Gestão de Pessoas;Product Owner Product Manager;Florianópolis (SC);25/06 23:00;https://www.linkedin.com/jobs/view/4433564371/;missing logo;Produtos > Product Manager;https://www.linkedin.com/company/contato-gest-o-de-pessoas/about/;-;(engineering AND manager) OR (tech AND manager) OR (gerente AND de AND projetos) OR (project AND manager) OR (gerente AND de AND produtos) OR (product AND manager) OR (program AND manager) OR (senior AND program AND manager) OR (coordenador AND de AND ti) OR (it AND coordinator);contato gestão de pessoas;1;;https://www.linkedin.com/jobs/view/4433564371/;https://www.linkedin.com/jobs/view/4433564371/;On-site;Liderança/Gerência, Product Owner/Product Manager;26/06/2026;Florianópolis;Santa Catarina;SC;Região Sul;Brasil;América do Sul
98;Crest IT Resources LLC;SAP Project Manager;América Latina;22/06 20:00;https://www.linkedin.com/jobs/view/4430864411/;https://media.licdn.com/dms/image/v2/D560BAQFLCi9RHzZfMA/company-logo_100_100/B56ZyRs4gkG4AQ-/0/1771970988355/crestitresourcesllc_logo?e=1784160000&v=beta&t=iSMXk1xnjDWhkmXhivuvY52j1pkrK7DCfF0S7b3Q-oE;Portfolio > Projetos > Project Manager;https://www.linkedin.com/company/crest-it-resources-llc/about/;Software e Serviços de TI;(engineering AND manager) OR (tech AND manager) OR (gerente AND de AND projetos) OR (project AND manager) OR (gerente AND de AND produtos) OR (product AND manager) OR (program AND manager) OR (senior AND program AND manager) OR (coordenador AND de AND ti) OR (it AND coordinator);crest it resources llc;1;;https://www.linkedin.com/jobs/view/4430864411/;https://www.linkedin.com/jobs/view/4430864411/;Remote;Liderança/Gerência, SAP;26/06/2026;;;;;;América Latina
99;Dassault Systèmes;Project Manager;São Paulo (SP);25/06 20:00;https://www.linkedin.com/jobs/view/4372186191/;https://media.licdn.com/dms/image/v2/C560BAQHroRzeNTva6Q/company-logo_100_100/company-logo_100_100/0/1631330934922?e=1784160000&v=beta&t=fohbwhETMwDVN5O5NaV5ORx53jOfs5jNKGGd6_C6l2s;Portfolio > Projetos > Project Manager;https://www.linkedin.com/company/dassault-syst-mes/about/;-;(engineering AND manager) OR (tech AND manager) OR (gerente AND de AND projetos) OR (project AND manager) OR (gerente AND de AND produtos) OR (product AND manager) OR (program AND manager) OR (senior AND program AND manager) OR (coordenador AND de AND ti) OR (it AND coordinator);dassault systèmes;1.0;www.3ds.com;https://www.linkedin.com/jobs/view/4372186191/;https://www.linkedin.com/jobs/view/4372186191/;Hybrid;Liderança/Gerência;26/06/2026;São Paulo;São Paulo;SP;Região Sudeste;Brasil;América do Sul
100;Databricks;Field Technical Program Manager, Forward Deployed Engineering - LATAM;São Paulo (SP);23/06 20:00;https://www.linkedin.com/jobs/view/4410123062/;https://media.licdn.com/dms/image/v2/D560BAQFPIRKiPVETuw/company-logo_100_100/company-logo_100_100/0/1697215766274?e=1784160000&v=beta&t=vlLz6Rpjz6jXA_HfhuBQSWiD-8W4QnY89oa7-n13MqI;Portfolio > Programas > Program Manager;https://www.linkedin.com/company/databricks/about/;Dados e Analytics;(engineering AND manager) OR (tech AND manager) OR (gerente AND de AND projetos) OR (project AND manager) OR (gerente AND de AND produtos) OR (product AND manager) OR (program AND manager) OR (senior AND program AND manager) OR (coordenador AND de AND ti) OR (it AND coordinator);databricks;1.0;www.databricks.com;https://www.linkedin.com/jobs/view/4410123062/;https://www.linkedin.com/jobs/view/4410123062/;On-site;Liderança/Gerência, TI/Tech, Engenharia Geral;26/06/2026;São Paulo;São Paulo;SP;Região Sudeste;Brasil;América do Sul
101;Delivery Associates;AI Product Manager – LAC (Brazil) - 12 months contractor;Brasil;25/06 20:00;https://www.linkedin.com/jobs/view/4401992331/;https://media.licdn.com/dms/image/v2/C4D0BAQHiVVC-t0YHHA/company-logo_100_100/company-logo_100_100/0/1630575720376/delivery_associates_logo?e=1784160000&v=beta&t=OujEk9fqhAjhuKI2wMULO_7JTS6atlyhOHtmY7jqQtU;Produtos > Product Manager;https://www.linkedin.com/company/delivery-associates/about/;-;(engineering AND manager) OR (tech AND manager) OR (gerente AND de AND projetos) OR (project AND manager) OR (gerente AND de AND produtos) OR (product AND manager) OR (program AND manager) OR (senior AND program AND manager) OR (coordenador AND de AND ti) OR (it AND coordinator);delivery associates;1;;https://www.linkedin.com/jobs/view/4401992331/;https://www.linkedin.com/jobs/view/4401992331/;Remote;Inteligência Artificial, Freelance/PJ, Liderança/Gerência, Product Owner/Product Manager;26/06/2026;;;;;Brasil;América do Sul
102;Designity;Creative Project Manager;América Latina;25/06 20:00;https://www.linkedin.com/jobs/view/4430203814/;https://media.licdn.com/dms/image/v2/D4E0BAQG98LqWd1fssw/company-logo_100_100/company-logo_100_100/0/1665007923860/designitycom_logo?e=1784160000&v=beta&t=U3XEyjhcvxeAfsxm2slh-kpRDMZbESJ95YJ0Y_0Wmlk;Portfolio > Projetos > Project Manager;https://www.linkedin.com/company/designity/about/;Software e Serviços de TI;(engineering AND manager) OR (tech AND manager) OR (gerente AND de AND projetos) OR (project AND manager) OR (gerente AND de AND produtos) OR (product AND manager) OR (program AND manager) OR (senior AND program AND manager) OR (coordenador AND de AND ti) OR (it AND coordinator);designity;1.0;www.designity.com;https://www.linkedin.com/jobs/view/4430203814/;https://www.linkedin.com/jobs/view/4430203814/;Remote;Liderança/Gerência;26/06/2026;;;;;;América Latina
103;Dev.Pro;Intermediate Project Manager - OP02174;São Paulo (SP);23/06 20:00;https://www.linkedin.com/jobs/view/4432224534/;https://media.licdn.com/dms/image/v2/C4D0BAQFn2opu_8IJJQ/company-logo_100_100/company-logo_100_100/0/1651225884624/dev_pro_logo?e=1784160000&v=beta&t=EToyQWi_dH7lP-71p_yVyOddcs3ouwcCYAZxhX8yktU;Portfolio > Projetos > Project Manager;https://www.linkedin.com/company/dev-pro/about/;Mídia e Entretenimento;(engineering AND manager) OR (tech AND manager) OR (gerente AND de AND projetos) OR (project AND manager) OR (gerente AND de AND produtos) OR (product AND manager) OR (program AND manager) OR (senior AND program AND manager) OR (coordenador AND de AND ti) OR (it AND coordinator);dev.pro;1.0;LinkedIn (Easy Apply);https://www.linkedin.com/jobs/view/4432224534/;https://www.linkedin.com/jobs/view/4432224534/;Remote;Liderança/Gerência, Marketing/Mídia;26/06/2026;São Paulo;São Paulo;SP;Região Sudeste;Brasil;América do Sul
104;Dexian Brasil;Project Manager #1008790;Brasil;24/06 20:00;https://www.linkedin.com/jobs/view/4431878963/;https://media.licdn.com/dms/image/v2/D560BAQGaZpYWHidaqw/company-logo_100_100/company-logo_100_100/0/1738000677714/dexian_brasil_logo?e=1784160000&v=beta&t=-j3uNSLoecXv9dDPt44n7yiVf9YoyO1ZvAbMQ9uHh-c;Portfolio > Projetos > Project Manager;https://www.linkedin.com/company/dexian-brasil/about/;-;(engineering AND manager) OR (tech AND manager) OR (gerente AND de AND projetos) OR (project AND manager) OR (gerente AND de AND produtos) OR (product AND manager) OR (program AND manager) OR (senior AND program AND manager) OR (coordenador AND de AND ti) OR (it AND coordinator);dexian brasil;1.0;LinkedIn (Easy Apply);https://www.linkedin.com/jobs/view/4431878963/;https://www.linkedin.com/jobs/view/4431878963/;Remote;Liderança/Gerência;26/06/2026;;;;;Brasil;América do Sul
105;Digital Work Computer Services;Gerente de Produtos - Cyber Segurança;São Paulo (SP);25/06 22:00;https://www.linkedin.com/jobs/view/4433534869/;https://media.licdn.com/dms/image/v2/C4E0BAQGe1vBLmrEVxA/company-logo_100_100/company-logo_100_100/0/1630650740849/digital_work_computer_services_logo?e=1784160000&v=beta&t=QSWJUkGgt0pdg3ftPZvEpqJk24G9nROnhFDcsOtZUFk;Cybersecurity;https://www.linkedin.com/company/digital-work-computer-services/about/;Cibersegurança;(engineering AND manager) OR (tech AND manager) OR (gerente AND de AND projetos) OR (project AND manager) OR (gerente AND de AND produtos) OR (product AND manager) OR (program AND manager) OR (senior AND program AND manager) OR (coordenador AND de AND ti) OR (it AND coordinator);digital work computer services;1.0;;https://www.linkedin.com/jobs/view/4433534869/;https://www.linkedin.com/jobs/view/4433534869/;On-site;Mid, Liderança/Gerência;26/06/2026;São Paulo;São Paulo;SP;Região Sudeste;Brasil;América do Sul
106;Distrito;Product Manager;São Paulo (SP);26/06 15:00;https://www.linkedin.com/jobs/view/4433880993/;https://media.licdn.com/dms/image/v2/D4D0BAQHVNbfvApDK0w/company-logo_100_100/B4DZ0cATF4HEAQ-/0/1774291334145/distrito_me_logo?e=1784160000&v=beta&t=LmvoKYNQnwoEj2K2IaQjrVDAAAzVCTGJQ8dxALTSTGE;Produtos > Product Manager;https://www.linkedin.com/company/distrito/about/;Software e Serviços de TI;(engineering AND manager) OR (tech AND manager) OR (gerente AND de AND projetos) OR (project AND manager) OR (gerente AND de AND produtos) OR (product AND manager) OR (program AND manager) OR (senior AND program AND manager) OR (coordenador AND de AND ti) OR (it AND coordinator);distrito;1;;https://www.linkedin.com/jobs/view/4433880993/;https://www.linkedin.com/jobs/view/4433880993/;Hybrid;Liderança/Gerência, Product Owner/Product Manager;26/06/2026;São Paulo;São Paulo;SP;Região Sudeste;Brasil;América do Sul
107;DoorDash;Engineering Manager – Brazil – Vaga exclusiva para PCD;São Paulo (SP);23/06 20:00;https://www.linkedin.com/jobs/view/4391659931/;https://media.licdn.com/dms/image/v2/D4E0BAQFbAtJ4Rl0SEg/company-logo_100_100/B4EZa2Dj_dHkAQ-/0/1746811109671/doordash_logo?e=1784160000&v=beta&t=b-Rw2GodnSe3io001tIr2emTZ5h8_gPFAPukWljhg4o;Middle > Manager;https://www.linkedin.com/company/doordash/about/;-;(engineering AND manager) OR (tech AND manager) OR (gerente AND de AND projetos) OR (project AND manager) OR (gerente AND de AND produtos) OR (product AND manager) OR (program AND manager) OR (senior AND program AND manager) OR (coordenador AND de AND ti) OR (it AND coordinator);doordash;3.0;Greenhouse;https://www.linkedin.com/jobs/view/4391659931/;https://www.linkedin.com/jobs/view/4391659931/;On-site;PCD / Afirmativa, Liderança/Gerência, Engenharia Geral;26/06/2026;São Paulo;São Paulo;SP;Região Sudeste;Brasil;América do Sul
108;DoorDash;Engineering Manager – Brazil – Vaga para mulheres;São Paulo (SP);23/06 20:00;https://www.linkedin.com/jobs/view/4391675780/;https://media.licdn.com/dms/image/v2/D4E0BAQFbAtJ4Rl0SEg/company-logo_100_100/B4EZa2Dj_dHkAQ-/0/1746811109671/doordash_logo?e=1784160000&v=beta&t=b-Rw2GodnSe3io001tIr2emTZ5h8_gPFAPukWljhg4o;Middle > Manager;https://www.linkedin.com/company/doordash/about/;-;(engineering AND manager) OR (tech AND manager) OR (gerente AND de AND projetos) OR (project AND manager) OR (gerente AND de AND produtos) OR (product AND manager) OR (program AND manager) OR (senior AND program AND manager) OR (coordenador AND de AND ti) OR (it AND coordinator);doordash;3.0;Greenhouse;https://www.linkedin.com/jobs/view/4391675780/;https://www.linkedin.com/jobs/view/4391675780/;On-site;Liderança/Gerência, Engenharia Geral;26/06/2026;São Paulo;São Paulo;SP;Região Sudeste;Brasil;América do Sul
109;EZVIZ Inc.;Operator Project Manager;SP;25/06 20:00;https://www.linkedin.com/jobs/view/4395019612/;https://media.licdn.com/dms/image/v2/C560BAQFhC9bUAKfU2g/company-logo_100_100/company-logo_100_100/0/1630658613635/ezviz_inc_logo?e=1784160000&v=beta&t=Pzu-A_NL2E2TH5b2nO2ETPa2kBsqorZUJvGaxv9Vv14;Portfolio > Projetos > Project Manager;https://www.linkedin.com/company/ezviz-inc/about/;-;(engineering AND manager) OR (tech AND manager) OR (gerente AND de AND projetos) OR (project AND manager) OR (gerente AND de AND produtos) OR (product AND manager) OR (program AND manager) OR (senior AND program AND manager) OR (coordenador AND de AND ti) OR (it AND coordinator);ezviz inc.;1.0;LinkedIn (Easy Apply);https://www.linkedin.com/jobs/view/4395019612/;https://www.linkedin.com/jobs/view/4395019612/;On-site;Liderança/Gerência;26/06/2026;;São Paulo;SP;Região Sudeste;Brasil;América do Sul
110;Ebury;Product Manager - Financial Crime Prevention;São Paulo (SP);24/06 20:00;https://www.linkedin.com/jobs/view/4429260244/;https://media.licdn.com/dms/image/v2/D4D0BAQE5Q1wVXb_ebw/company-logo_100_100/B4DZxbuXAUG0AQ-/0/1771065405812/eburyfintech_logo?e=1784160000&v=beta&t=i9groYbCsx9VAKH51mQKZP_NIrknK-N1ISkxReR3KZ0;Produtos > Product Manager;https://www.linkedin.com/company/ebury/about/;Software e Serviços de TI;(engineering AND manager) OR (tech AND manager) OR (gerente AND de AND projetos) OR (project AND manager) OR (gerente AND de AND produtos) OR (product AND manager) OR (program AND manager) OR (senior AND program AND manager) OR (coordenador AND de AND ti) OR (it AND coordinator);ebury;2.0;ebury.com;https://www.linkedin.com/jobs/view/4429260244/;https://www.linkedin.com/jobs/view/4429260244/;Hybrid;Liderança/Gerência, Product Owner/Product Manager, Eventos;26/06/2026;São Paulo;São Paulo;SP;Região Sudeste;Brasil;América do Sul
111;Entellux;SAP Project Manager;América Latina;23/06 20:00;https://www.linkedin.com/jobs/view/4432275514/;https://media.licdn.com/dms/image/v2/D4E0BAQEA-BYd833BdQ/company-logo_100_100/B4EZlvjMJlIkAQ-/0/1758513120744/entellux_logo?e=1784160000&v=beta&t=JIutr2Wphk0t6aDHjkKYUxntj85ve5dcA0paKVzEsAg;Portfolio > Projetos > Project Manager;https://www.linkedin.com/company/entellux/about/;-;(engineering AND manager) OR (tech AND manager) OR (gerente AND de AND projetos) OR (project AND manager) OR (gerente AND de AND produtos) OR (product AND manager) OR (program AND manager) OR (senior AND program AND manager) OR (coordenador AND de AND ti) OR (it AND coordinator);entellux;1.0;LinkedIn (Easy Apply);https://www.linkedin.com/jobs/view/4432275514/;https://www.linkedin.com/jobs/view/4432275514/;Remote;Liderança/Gerência, SAP;26/06/2026;;;;;;América Latina
112;Espetinho e Lanches Rosa Burguer;Group Product Manager - (Catálogo);Osasco (SP);26/06 08:00;https://www.linkedin.com/jobs/view/4432600882/;https://media.licdn.com/dms/image/v2/D4D0BAQEju0YBGHgxtQ/company-logo_100_100/company-logo_100_100/0/1688564995731?e=1784160000&v=beta&t=9pQPCtaTvoUElWtakWp7-ah1ugPiCEKfNZS-hWk0-fI;Produtos > Group Product Manager;https://www.linkedin.com/company/espetinho-e-lanches-rosa-burguer/about/;Cuidado Animal;(engineering AND manager) OR (tech AND manager) OR (gerente AND de AND projetos) OR (project AND manager) OR (gerente AND de AND produtos) OR (product AND manager) OR (program AND manager) OR (senior AND program AND manager) OR (coordenador AND de AND ti) OR (it AND coordinator);espetinho e lanches rosa burguer;1;;https://www.linkedin.com/jobs/view/4432600882/;https://www.linkedin.com/jobs/view/4432600882/;On-site;Liderança/Gerência, Product Owner/Product Manager;26/06/2026;Osasco;São Paulo;SP;Região Sudeste;Brasil;América do Sul
113;Espetinho e Lanches Rosa Burguer;Product Manager Sênior - Produto Ifood Beneficios;Osasco (SP);25/06 20:00;https://www.linkedin.com/jobs/view/4432608418/;https://media.licdn.com/dms/image/v2/D4D0BAQEju0YBGHgxtQ/company-logo_100_100/company-logo_100_100/0/1688564995731?e=1784160000&v=beta&t=9pQPCtaTvoUElWtakWp7-ah1ugPiCEKfNZS-hWk0-fI;Produtos > Product Manager;https://www.linkedin.com/company/espetinho-e-lanches-rosa-burguer/about/;Alimentos e Bebidas;(engineering AND manager) OR (tech AND manager) OR (gerente AND de AND projetos) OR (project AND manager) OR (gerente AND de AND produtos) OR (product AND manager) OR (program AND manager) OR (senior AND program AND manager) OR (coordenador AND de AND ti) OR (it AND coordinator);espetinho e lanches rosa burguer;1;;https://www.linkedin.com/jobs/view/4432608418/;https://www.linkedin.com/jobs/view/4432608418/;On-site;Senior, Liderança/Gerência, Product Owner/Product Manager;26/06/2026;Osasco;São Paulo;SP;Região Sudeste;Brasil;América do Sul
114;Espetinho e Lanches Rosa Burguer;Software Engineering Manager - Backend;Osasco (SP);25/06 20:00;https://www.linkedin.com/jobs/view/4432611063/;https://media.licdn.com/dms/image/v2/D4D0BAQEju0YBGHgxtQ/company-logo_100_100/company-logo_100_100/0/1688564995731?e=1784160000&v=beta&t=9pQPCtaTvoUElWtakWp7-ah1ugPiCEKfNZS-hWk0-fI;Middle > Manager;https://www.linkedin.com/company/espetinho-e-lanches-rosa-burguer/about/;Cuidado Animal;(engineering AND manager) OR (tech AND manager) OR (gerente AND de AND projetos) OR (project AND manager) OR (gerente AND de AND produtos) OR (product AND manager) OR (program AND manager) OR (senior AND program AND manager) OR (coordenador AND de AND ti) OR (it AND coordinator);espetinho e lanches rosa burguer;1;;https://www.linkedin.com/jobs/view/4432611063/;https://www.linkedin.com/jobs/view/4432611063/;On-site;Liderança/Gerência, TI/Tech, Backend, Engenharia Geral;26/06/2026;Osasco;São Paulo;SP;Região Sudeste;Brasil;América do Sul
115;Eswelt;SAP Project Manager (Tax);São Paulo (SP);24/06 20:00;https://www.linkedin.com/jobs/view/4431847443/;https://media.licdn.com/dms/image/v2/C4E0BAQHj0mfmJntuQQ/company-logo_100_100/company-logo_100_100/0/1649155859352/eswelt_logo?e=1784160000&v=beta&t=hpwrvwP4btkFjzyIeXn26_cxMPaFsdCTdxmk6cfQe0E;Portfolio > Projetos > Project Manager;https://www.linkedin.com/company/eswelt/about/;-;(engineering AND manager) OR (tech AND manager) OR (gerente AND de AND projetos) OR (project AND manager) OR (gerente AND de AND produtos) OR (product AND manager) OR (program AND manager) OR (senior AND program AND manager) OR (coordenador AND de AND ti) OR (it AND coordinator);eswelt;1.0;LinkedIn (Easy Apply);https://www.linkedin.com/jobs/view/4431847443/;https://www.linkedin.com/jobs/view/4431847443/;Remote;Liderança/Gerência, SAP, Financeiro/Fiscal;26/06/2026;São Paulo;São Paulo;SP;Região Sudeste;Brasil;América do Sul
116;Ezra Clark;Product Manager (Legal Engineer);Registro (SP);22/06 20:00;https://www.linkedin.com/jobs/view/4430383780/;https://media.licdn.com/dms/image/v2/D560BAQGkCz3BkDhbIw/company-logo_100_100/B56Zq.Hh8rJ8AQ-/0/1764126237264?e=1784160000&v=beta&t=rroY8IpMjcv2doxfoXpDMC0zj6ZObQ6kdpkgqJMfJTQ;Produtos > Product Manager;https://www.linkedin.com/company/ezra-clark/about/;Jurídico;(engineering AND manager) OR (tech AND manager) OR (gerente AND de AND projetos) OR (project AND manager) OR (gerente AND de AND produtos) OR (product AND manager) OR (program AND manager) OR (senior AND program AND manager) OR (coordenador AND de AND ti) OR (it AND coordinator);ezra clark;1;;https://www.linkedin.com/jobs/view/4430383780/;https://www.linkedin.com/jobs/view/4430383780/;On-site;Liderança/Gerência, Product Owner/Product Manager, Engenharia Geral;26/06/2026;Registro;São Paulo;SP;Região Sudeste;Brasil;América do Sul
117;FCamara;Gerente de Projetos de Infraestrutura Especialista;Belo Horizonte (MG);24/06 20:00;https://www.linkedin.com/jobs/view/4432100968/;https://media.licdn.com/dms/image/v2/C4D0BAQEzMzmY-T_F1g/company-logo_100_100/company-logo_100_100/0/1670441718552/grupofcamara_logo?e=1784160000&v=beta&t=0oyL16E1bV6CbXvHGUiP-5cIQTbZECdIL1jYg2FSw3M;Middle > Manager;https://www.linkedin.com/company/fcamara/about/;Infraestrutura;(engineering AND manager) OR (tech AND manager) OR (gerente AND de AND projetos) OR (project AND manager) OR (gerente AND de AND produtos) OR (product AND manager) OR (program AND manager) OR (senior AND program AND manager) OR (coordenador AND de AND ti) OR (it AND coordinator);fcamara;1.0;Gupy;https://www.linkedin.com/jobs/view/4432100968/;https://www.linkedin.com/jobs/view/4432100968/;Hybrid;Specialist, Mid, Liderança/Gerência, Infraestrutura/Redes;26/06/2026;Belo Horizonte;Minas Gerais;MG;Região Sudeste;Brasil;América do Sul
118;FCamara;Clinical Product Manager - Sênior;Brasil;26/06 18:00;https://www.linkedin.com/jobs/view/4434047039/;https://media.licdn.com/dms/image/v2/C4D0BAQEzMzmY-T_F1g/company-logo_100_100/company-logo_100_100/0/1670441718552/grupofcamara_logo?e=1784160000&v=beta&t=0oyL16E1bV6CbXvHGUiP-5cIQTbZECdIL1jYg2FSw3M;Produtos > Product Manager;https://www.linkedin.com/company/fcamara/about/;-;(engineering AND manager) OR (tech AND manager) OR (gerente AND de AND projetos) OR (project AND manager) OR (gerente AND de AND produtos) OR (product AND manager) OR (program AND manager) OR (senior AND program AND manager) OR (coordenador AND de AND ti) OR (it AND coordinator);fcamara;1.0;Gupy;https://www.linkedin.com/jobs/view/4434047039/;https://www.linkedin.com/jobs/view/4434047039/;Remote;Senior, Liderança/Gerência, Product Owner/Product Manager;26/06/2026;;;;;Brasil;América do Sul
119;Factored;Software Engineering Manager;América Latina;25/06 20:00;https://www.linkedin.com/jobs/view/4412857661/;https://media.licdn.com/dms/image/v2/D560BAQFQQo3MLyiWGg/company-logo_100_100/B56Z6DphWeJkAw-/0/1780325160603/factoredai_logo?e=1784160000&v=beta&t=NiUtfU27i8bDaJnUmlIDoRJfah6hxj-1pHsBWUA7yAc;Middle > Manager;https://www.linkedin.com/company/factored/about/;Software e Serviços de TI;(engineering AND manager) OR (tech AND manager) OR (gerente AND de AND projetos) OR (project AND manager) OR (gerente AND de AND produtos) OR (product AND manager) OR (program AND manager) OR (senior AND program AND manager) OR (coordenador AND de AND ti) OR (it AND coordinator);factored;1.0;Greenhouse;https://www.linkedin.com/jobs/view/4412857661/;https://www.linkedin.com/jobs/view/4412857661/;Remote;Liderança/Gerência, TI/Tech, Engenharia Geral;26/06/2026;;;;;;América Latina
120;FazComex Tecnologia Para Comércio Exterior;Gerente de Projetos;São Leopoldo (RS);26/06 17:00;https://www.linkedin.com/jobs/view/4430617935/;https://media.licdn.com/dms/image/v2/C4E0BAQGTdITU-pzzEw/company-logo_100_100/company-logo_100_100/0/1631328550146?e=1784160000&v=beta&t=9CMo1_ARnUJKPjGZYHvNmt4jFUbUjIgVJ4U-eSPF6po;Middle > Manager;https://www.linkedin.com/company/fazcomex-tecnologia-para-com-rcio-exterior/about/;Varejo e E-commerce;(engineering AND manager) OR (tech AND manager) OR (gerente AND de AND projetos) OR (project AND manager) OR (gerente AND de AND produtos) OR (product AND manager) OR (program AND manager) OR (senior AND program AND manager) OR (coordenador AND de AND ti) OR (it AND coordinator);fazcomex tecnologia para comércio exterior;1;;https://www.linkedin.com/jobs/view/4430617935/;https://www.linkedin.com/jobs/view/4430617935/;On-site;Mid, Liderança/Gerência;26/06/2026;São Leopoldo;Rio Grande do Sul;RS;Região Sul;Brasil;América do Sul
121;Firedev IT;Gerente de projetos;Grande São Paulo (SP) ;24/06 20:00;https://www.linkedin.com/jobs/view/4432841339/;https://media.licdn.com/dms/image/v2/C4E0BAQFjLXltMZ2BrQ/company-logo_100_100/company-logo_100_100/0/1630632162289/firedevbr_logo?e=1784160000&v=beta&t=pj7Ik6mQwk9Sxv-GPF0HWNcqkYpipV4O3wgXnahLTbc;Middle > Manager;https://www.linkedin.com/company/firedev-it/about/;Software e Serviços de TI;(engineering AND manager) OR (tech AND manager) OR (gerente AND de AND projetos) OR (project AND manager) OR (gerente AND de AND produtos) OR (product AND manager) OR (program AND manager) OR (senior AND program AND manager) OR (coordenador AND de AND ti) OR (it AND coordinator);firedev it;1.0;portal-v2.skillhunter.com.br;https://www.linkedin.com/jobs/view/4432841339/;https://www.linkedin.com/jobs/view/4432841339/;Hybrid;Mid, Liderança/Gerência;26/06/2026;;São Paulo;SP;Região Sudeste;Brasil;América do Sul
122;Firedev IT;Gerente de Projetos;São Paulo (SP);25/06 20:00;https://www.linkedin.com/jobs/view/4375031950/;https://media.licdn.com/dms/image/v2/C4E0BAQFjLXltMZ2BrQ/company-logo_100_100/company-logo_100_100/0/1630632162289/firedevbr_logo?e=1784160000&v=beta&t=pj7Ik6mQwk9Sxv-GPF0HWNcqkYpipV4O3wgXnahLTbc;Middle > Manager;https://www.linkedin.com/company/firedev-it/about/;Software e Serviços de TI;(engineering AND manager) OR (tech AND manager) OR (gerente AND de AND projetos) OR (project AND manager) OR (gerente AND de AND produtos) OR (product AND manager) OR (program AND manager) OR (senior AND program AND manager) OR (coordenador AND de AND ti) OR (it AND coordinator);firedev it;1.0;portal-v2.skillhunter.com.br;https://www.linkedin.com/jobs/view/4375031950/;https://www.linkedin.com/jobs/view/4375031950/;Hybrid;Mid, Liderança/Gerência;26/06/2026;São Paulo;São Paulo;SP;Região Sudeste;Brasil;América do Sul
123;Framework Digital;Gerente de Projetos;Fortaleza (CE);25/06 20:00;https://www.linkedin.com/jobs/view/4430271126/;https://media.licdn.com/dms/image/v2/D4D0BAQEuO2AvpIxFxQ/company-logo_100_100/B4DZ6ozSJYJUAM-/0/1780948476743/frameworkdigital_logo?e=1784160000&v=beta&t=iLxHdsNcNdvgvs_1lWO3xt7Km66NIwkJIpHHJjV5mhM;Middle > Manager;https://www.linkedin.com/company/framework-digital/about/;Software e Serviços de TI;(engineering AND manager) OR (tech AND manager) OR (gerente AND de AND projetos) OR (project AND manager) OR (gerente AND de AND produtos) OR (product AND manager) OR (program AND manager) OR (senior AND program AND manager) OR (coordenador AND de AND ti) OR (it AND coordinator);framework digital;1.0;LinkedIn (Easy Apply);https://www.linkedin.com/jobs/view/4430271126/;https://www.linkedin.com/jobs/view/4430271126/;On-site;Mid, Liderança/Gerência;26/06/2026;Fortaleza;Ceará;CE;Região Nordeste;Brasil;América do Sul
124;Full Sales System;CS4 - Gerente de Projetos;São Paulo (SP);23/06 20:00;https://www.linkedin.com/jobs/view/4432272073/;https://media.licdn.com/dms/image/v2/D4D0BAQGuR4fe5Gnrmg/company-logo_100_100/B4DZXXrvCAG4AQ-/0/1743080322225/full_sales_system_logo?e=1784160000&v=beta&t=OZtdNF_nih-N868NZ2O9OFguEt1bqe0ly9MAaw9_tgQ;Middle > Manager;https://www.linkedin.com/company/full-sales-system/about/;Vendas e Suporte;(engineering AND manager) OR (tech AND manager) OR (gerente AND de AND projetos) OR (project AND manager) OR (gerente AND de AND produtos) OR (product AND manager) OR (program AND manager) OR (senior AND program AND manager) OR (coordenador AND de AND ti) OR (it AND coordinator);full sales system;1.0;;https://www.linkedin.com/jobs/view/4432272073/;https://www.linkedin.com/jobs/view/4432272073/;On-site;Mid, Liderança/Gerência;26/06/2026;São Paulo;São Paulo;SP;Região Sudeste;Brasil;América do Sul
125;Funcional Health Tech;PRODUCT MANAGER – Meios de Pagamento e Autorização de Transações;São Paulo (SP);20/06 20:00;https://www.linkedin.com/jobs/view/4428534268/;https://media.licdn.com/dms/image/v2/D4D0BAQF6HCgkPdWPyA/company-logo_100_100/B4DZk4fRfoGQAQ-/0/1757589346660/funcional_logo?e=1784160000&v=beta&t=QskbsqGWu43Ltcu1pOL0D9FZliu_gGdj9fyD63w-Fj0;Produtos > Product Manager;https://www.linkedin.com/company/funcional-health-tech/about/;Saúde e Hospitais;(engineering AND manager) OR (tech AND manager) OR (gerente AND de AND projetos) OR (project AND manager) OR (gerente AND de AND produtos) OR (product AND manager) OR (program AND manager) OR (senior AND program AND manager) OR (coordenador AND de AND ti) OR (it AND coordinator);funcional health tech;1.0;;https://www.linkedin.com/jobs/view/4428534268/;https://www.linkedin.com/jobs/view/4428534268/;Hybrid;Liderança/Gerência, Product Owner/Product Manager;26/06/2026;São Paulo;São Paulo;SP;Região Sudeste;Brasil;América do Sul
126;G4;Gerente de produtos;São Paulo (SP);26/06 18:00;https://www.linkedin.com/jobs/view/4434034448/;https://media.licdn.com/dms/image/v2/D4D0BAQHMVlRb3EQ9XQ/company-logo_100_100/B4DZwq9xC7J8AU-/0/1770247361919/g4businessbr_logo?e=1784160000&v=beta&t=W3X1skX1weIxH40-dts90RAUUYkQ_oftdKEMYYc3W_c;Middle > Manager;https://www.linkedin.com/company/g4/about/;-;(engineering AND manager) OR (tech AND manager) OR (gerente AND de AND projetos) OR (project AND manager) OR (gerente AND de AND produtos) OR (product AND manager) OR (program AND manager) OR (senior AND program AND manager) OR (coordenador AND de AND ti) OR (it AND coordinator);g4;1.0;LinkedIn (Easy Apply);https://www.linkedin.com/jobs/view/4434034448/;https://www.linkedin.com/jobs/view/4434034448/;On-site;Mid, Liderança/Gerência;26/06/2026;São Paulo;São Paulo;SP;Região Sudeste;Brasil;América do Sul
127;G4F;GERENTE DE PROJETOS DE TIC PLENO;Rio de Janeiro (RJ);22/06 20:00;https://www.linkedin.com/jobs/view/4430821066/;https://media.licdn.com/dms/image/v2/D4D0BAQHpoP3ocuyKcA/company-logo_100_100/company-logo_100_100/0/1719257200990/g4fbr_logo?e=1784160000&v=beta&t=8a_hcFpwf6ew1FdDfGTcCxiGs30iVvW7JY_R423A-is;Middle > Manager;https://www.linkedin.com/company/g4f/about/;Software e Serviços de TI;(engineering AND manager) OR (tech AND manager) OR (gerente AND de AND projetos) OR (project AND manager) OR (gerente AND de AND produtos) OR (product AND manager) OR (program AND manager) OR (senior AND program AND manager) OR (coordenador AND de AND ti) OR (it AND coordinator);g4f;1.0;;https://www.linkedin.com/jobs/view/4430821066/;https://www.linkedin.com/jobs/view/4430821066/;On-site;Mid, Liderança/Gerência;26/06/2026;Rio de Janeiro;Rio de Janeiro;RJ;Região Sudeste;Brasil;América do Sul
128;GE Vernova;Project Manager (Campinas/SP);Campinas (SP);23/06 20:00;https://www.linkedin.com/jobs/view/4432455319/;https://media.licdn.com/dms/image/v2/D4E0BAQG3fXAI-jYu5A/company-logo_100_100/company-logo_100_100/0/1681910638687/gevernova_logo?e=1784160000&v=beta&t=B6FZXc5KlyMuCVWqLM3gsCDgqRJrvbHQ5yLOkYmxJdY;Portfolio > Projetos > Project Manager;https://www.linkedin.com/company/ge-vernova/about/;-;(engineering AND manager) OR (tech AND manager) OR (gerente AND de AND projetos) OR (project AND manager) OR (gerente AND de AND produtos) OR (product AND manager) OR (program AND manager) OR (senior AND program AND manager) OR (coordenador AND de AND ti) OR (it AND coordinator);ge vernova;1.0;careers.gevernova.com;https://www.linkedin.com/jobs/view/4432455319/;https://www.linkedin.com/jobs/view/4432455319/;On-site;Liderança/Gerência;26/06/2026;Campinas;São Paulo;SP;Região Sudeste;Brasil;América do Sul
129;GeorgiaTEK Systems Inc.;Project Manager;América Latina;25/06 20:00;https://www.linkedin.com/jobs/view/4430282475/;https://media.licdn.com/dms/image/v2/C4D0BAQFS2nOc7k3WRA/company-logo_100_100/company-logo_100_100/0/1645584193004/georgiatek_systems_inc_logo?e=1784160000&v=beta&t=pPC2fETFOB1AEUkV_ZaFRSYpC1TIddiS1oDbZo4B1-4;Portfolio > Projetos > Project Manager;https://www.linkedin.com/company/georgiatek-systems-inc/about/;-;(engineering AND manager) OR (tech AND manager) OR (gerente AND de AND projetos) OR (project AND manager) OR (gerente AND de AND produtos) OR (product AND manager) OR (program AND manager) OR (senior AND program AND manager) OR (coordenador AND de AND ti) OR (it AND coordinator);georgiatek systems inc.;1.0;LinkedIn (Easy Apply);https://www.linkedin.com/jobs/view/4430282475/;https://www.linkedin.com/jobs/view/4430282475/;Remote;Liderança/Gerência;26/06/2026;;;;;;América Latina
130;GeorgiaTEK Systems Inc.;Senior Project Manager;América Latina;26/06 13:00;https://www.linkedin.com/jobs/view/4430617296/;https://media.licdn.com/dms/image/v2/C4D0BAQFS2nOc7k3WRA/company-logo_100_100/company-logo_100_100/0/1645584193004/georgiatek_systems_inc_logo?e=1784160000&v=beta&t=pPC2fETFOB1AEUkV_ZaFRSYpC1TIddiS1oDbZo4B1-4;Portfolio > Projetos > Project Manager;https://www.linkedin.com/company/georgiatek-systems-inc/about/;-;(engineering AND manager) OR (tech AND manager) OR (gerente AND de AND projetos) OR (project AND manager) OR (gerente AND de AND produtos) OR (product AND manager) OR (program AND manager) OR (senior AND program AND manager) OR (coordenador AND de AND ti) OR (it AND coordinator);georgiatek systems inc.;1.0;LinkedIn (Easy Apply);https://www.linkedin.com/jobs/view/4430617296/;https://www.linkedin.com/jobs/view/4430617296/;Remote;Senior, Liderança/Gerência;26/06/2026;;;;;;América Latina
131;Getnet;Engineering Manager – Risk & Fraud (Chargeback & Solutions);São Paulo (SP);24/06 20:00;https://www.linkedin.com/jobs/view/4432513412/;https://media.licdn.com/dms/image/v2/D4D0BAQEnUoFjKuBdCg/company-logo_100_100/company-logo_100_100/0/1702636787644/getneteurope_logo?e=1784160000&v=beta&t=3PLpMkWJhId4ZEXhh0423mbO301wHrjwPmkVuxGM1CI;Middle > Manager;https://www.linkedin.com/company/getnet/about/;Software e Serviços de TI;(engineering AND manager) OR (tech AND manager) OR (gerente AND de AND projetos) OR (project AND manager) OR (gerente AND de AND produtos) OR (product AND manager) OR (program AND manager) OR (senior AND program AND manager) OR (coordenador AND de AND ti) OR (it AND coordinator);getnet;1.0;;https://www.linkedin.com/jobs/view/4432513412/;https://www.linkedin.com/jobs/view/4432513412/;Hybrid;Liderança/Gerência, Engenharia Geral;26/06/2026;São Paulo;São Paulo;SP;Região Sudeste;Brasil;América do Sul
132;Getnet;Engineering Manager – Risk & Fraud (Chargeback & Solutions);São Paulo (SP);23/06 20:00;https://www.linkedin.com/jobs/view/4432466066/;https://media.licdn.com/dms/image/v2/D4D0BAQEnUoFjKuBdCg/company-logo_100_100/company-logo_100_100/0/1702636787644/getneteurope_logo?e=1784160000&v=beta&t=3PLpMkWJhId4ZEXhh0423mbO301wHrjwPmkVuxGM1CI;Middle > Manager;https://www.linkedin.com/company/getnet/about/;Software e Serviços de TI;(engineering AND manager) OR (tech AND manager) OR (gerente AND de AND projetos) OR (project AND manager) OR (gerente AND de AND produtos) OR (product AND manager) OR (program AND manager) OR (senior AND program AND manager) OR (coordenador AND de AND ti) OR (it AND coordinator);getnet;1.0;;https://www.linkedin.com/jobs/view/4432466066/;https://www.linkedin.com/jobs/view/4432466066/;Hybrid;Liderança/Gerência, Engenharia Geral;26/06/2026;São Paulo;São Paulo;SP;Região Sudeste;Brasil;América do Sul
133;Globaltize;Construction Project Manager;América Latina;22/06 20:00;https://www.linkedin.com/jobs/view/4432022865/;https://media.licdn.com/dms/image/v2/D560BAQE-0GobDYeRfQ/company-logo_100_100/B56ZmoA3KlJwAU-/0/1759460424343/globaltize_logo?e=1784160000&v=beta&t=pOLQPMd5qVhsKmkjM4K4_5o5QYdUYyOND1wklevYbUI;Portfolio > Projetos > Project Manager;https://www.linkedin.com/company/globaltize/about/;Construção e Civil;(engineering AND manager) OR (tech AND manager) OR (gerente AND de AND projetos) OR (project AND manager) OR (gerente AND de AND produtos) OR (product AND manager) OR (program AND manager) OR (senior AND program AND manager) OR (coordenador AND de AND ti) OR (it AND coordinator);globaltize;2.0;;https://www.linkedin.com/jobs/view/4432022865/;https://www.linkedin.com/jobs/view/4432022865/;Remote;Liderança/Gerência;26/06/2026;;;;;;América Latina
134;Golabs Tech;Senior Technical Project Manager;América Latina;23/06 20:00;https://www.linkedin.com/jobs/view/4432439525/;https://media.licdn.com/dms/image/v2/D4E0BAQEDAXNgN6A5rw/company-logo_100_100/B4EZ6pFBbVHoAI-/0/1780953126846/golabstech_logo?e=1784160000&v=beta&t=H7ghAq2jBXTQBqIe_V5AtNP0mK2R4KlI3z6AkLrdiOU;Portfolio > Projetos > Project Manager;https://www.linkedin.com/company/golabs-tech/about/;Software e Serviços de TI;(engineering AND manager) OR (tech AND manager) OR (gerente AND de AND projetos) OR (project AND manager) OR (gerente AND de AND produtos) OR (product AND manager) OR (program AND manager) OR (senior AND program AND manager) OR (coordenador AND de AND ti) OR (it AND coordinator);golabs tech;1.0;;https://www.linkedin.com/jobs/view/4432439525/;https://www.linkedin.com/jobs/view/4432439525/;Remote;Senior, Liderança/Gerência, TI/Tech;26/06/2026;;;;;;América Latina
135;Google;Software Engineering Manager (For Women in Tech Candidates);Belo Horizonte (MG);25/06 20:00;https://www.linkedin.com/jobs/view/4363454758/;https://media.licdn.com/dms/image/v2/D4E0BAQGv3cqOuUMY7g/company-logo_100_100/B4EZmhegXHGcAU-/0/1759350753990/google_logo?e=1784160000&v=beta&t=PHu9lS7-YucyrKEjpH_gKW4go8LRAwnnIxiXijdQZQ4;Middle > Manager;https://www.linkedin.com/company/google/about/;Software e Serviços de TI;(engineering AND manager) OR (tech AND manager) OR (gerente AND de AND projetos) OR (project AND manager) OR (gerente AND de AND produtos) OR (product AND manager) OR (program AND manager) OR (senior AND program AND manager) OR (coordenador AND de AND ti) OR (it AND coordinator);google;5.0;;https://www.linkedin.com/jobs/view/4363454758/;https://www.linkedin.com/jobs/view/4363454758/;On-site;Liderança/Gerência, TI/Tech, Engenharia Geral;26/06/2026;Belo Horizonte;Minas Gerais;MG;Região Sudeste;Brasil;América do Sul
136;Google;Engineering Manager, Egregious Abuse Protection;Grande São Paulo (SP) ;26/06 13:00;https://www.linkedin.com/jobs/view/4433257140/;https://media.licdn.com/dms/image/v2/D4E0BAQGv3cqOuUMY7g/company-logo_100_100/B4EZmhegXHGcAU-/0/1759350753990/google_logo?e=1784160000&v=beta&t=PHu9lS7-YucyrKEjpH_gKW4go8LRAwnnIxiXijdQZQ4;Middle > Manager;https://www.linkedin.com/company/google/about/;Software e Serviços de TI;(engineering AND manager) OR (tech AND manager) OR (gerente AND de AND projetos) OR (project AND manager) OR (gerente AND de AND produtos) OR (product AND manager) OR (program AND manager) OR (senior AND program AND manager) OR (coordenador AND de AND ti) OR (it AND coordinator);google;5.0;;https://www.linkedin.com/jobs/view/4433257140/;https://www.linkedin.com/jobs/view/4433257140/;On-site;Liderança/Gerência, Engenharia Geral;26/06/2026;;São Paulo;SP;Região Sudeste;Brasil;América do Sul
137;Google;Forward Deployed Engineering Manager, GenAI, Cloud Consulting, LATAM (English, Portuguese/Spanish);Grande São Paulo (SP) ;24/06 20:00;https://www.linkedin.com/jobs/view/4431833355/;https://media.licdn.com/dms/image/v2/D4E0BAQGv3cqOuUMY7g/company-logo_100_100/B4EZmhegXHGcAU-/0/1759350753990/google_logo?e=1784160000&v=beta&t=PHu9lS7-YucyrKEjpH_gKW4go8LRAwnnIxiXijdQZQ4;Data & Ai > Generative Ai;https://www.linkedin.com/company/google/about/;Consultoria e Assessoria;(engineering AND manager) OR (tech AND manager) OR (gerente AND de AND projetos) OR (project AND manager) OR (gerente AND de AND produtos) OR (product AND manager) OR (program AND manager) OR (senior AND program AND manager) OR (coordenador AND de AND ti) OR (it AND coordinator);google;5.0;;https://www.linkedin.com/jobs/view/4431833355/;https://www.linkedin.com/jobs/view/4431833355/;On-site;Liderança/Gerência, Engenharia Geral;26/06/2026;;São Paulo;SP;Região Sudeste;Brasil;América do Sul
138;Grupo OLX;Group Product Manager (GPM) - Core Solutions (CRM, Canais & AI);São Paulo (SP);26/06 20:00;https://www.linkedin.com/jobs/view/4433360097/;https://media.licdn.com/dms/image/v2/D4D0BAQFYyCLqESAtWg/company-logo_100_100/B4DZ50jNZtJEAI-/0/1780071848050/grupoolx_logo?e=1784160000&v=beta&t=hD5oRKOk-UZ5wyOOpymQ9T2gOxsEXJavMRWVkgiNGp8;Produtos > Group Product Manager;https://www.linkedin.com/company/grupo-olx/about/;Inteligência Artificial;(engineering AND manager) OR (tech AND manager) OR (gerente AND de AND projetos) OR (project AND manager) OR (gerente AND de AND produtos) OR (product AND manager) OR (program AND manager) OR (senior AND program AND manager) OR (coordenador AND de AND ti) OR (it AND coordinator);grupo olx;1.0;Gupy;https://www.linkedin.com/jobs/view/4433360097/;https://www.linkedin.com/jobs/view/4433360097/;Remote;Inteligência Artificial, Liderança/Gerência, Salesforce/CRM, Product Owner/Product Manager;26/06/2026;São Paulo;São Paulo;SP;Região Sudeste;Brasil;América do Sul
139;Grupo Seven;Coordenador de TI;Brasília (DF);24/06 20:00;https://www.linkedin.com/jobs/view/4432865017/;https://media.licdn.com/dms/image/v2/D4D0BAQGvZkmMMt5XfA/company-logo_100_100/company-logo_100_100/0/1719255873831/seven_participa_es_logo?e=1784160000&v=beta&t=QORX_dFmRM7f4ThYPfA7T5QP8E8BaZ9rwxokDaRJeHg;Middle > Manager;https://www.linkedin.com/company/grupo-seven/about/;Software e Serviços de TI;(engineering AND manager) OR (tech AND manager) OR (gerente AND de AND projetos) OR (project AND manager) OR (gerente AND de AND produtos) OR (product AND manager) OR (program AND manager) OR (senior AND program AND manager) OR (coordenador AND de AND ti) OR (it AND coordinator);grupo seven;1.0;;https://www.linkedin.com/jobs/view/4432865017/;https://www.linkedin.com/jobs/view/4432865017/;On-site;Mid, Liderança/Gerência, TI/Tech;26/06/2026;;Distrito Federal;DF;Região Centro-Oeste;Brasil;América do Sul
140;Homestead Studio;Email + SMS Project Manager;América Latina;26/06 11:00;https://www.linkedin.com/jobs/view/4433848893/;https://media.licdn.com/dms/image/v2/C4E0BAQGS211y3kX-Vw/company-logo_100_100/company-logo_100_100/0/1630611594854/homesteadstudio_logo?e=1784160000&v=beta&t=KBcK2wXE4YimbCAwbFjrepJ3P1sIiGmeTKATebGZGGo;Portfolio > Projetos > Project Manager;https://www.linkedin.com/company/homestead-studio/about/;-;(engineering AND manager) OR (tech AND manager) OR (gerente AND de AND projetos) OR (project AND manager) OR (gerente AND de AND produtos) OR (product AND manager) OR (program AND manager) OR (senior AND program AND manager) OR (coordenador AND de AND ti) OR (it AND coordinator);homestead studio;1;;https://www.linkedin.com/jobs/view/4433848893/;https://www.linkedin.com/jobs/view/4433848893/;Remote;Liderança/Gerência;26/06/2026;;;;;;América Latina
141;HostGator América Latina;Product Manager Senior (Hosting);Brasil;24/06 20:00;https://www.linkedin.com/jobs/view/4414952400/;https://media.licdn.com/dms/image/v2/C4D0BAQFa9JVeWTehZA/company-logo_100_100/company-logo_100_100/0/1630562335264/hostgator_latam_logo?e=1784160000&v=beta&t=LqTP7tOa_4DTTI0Vbzkv0Zi4yxvqwmjJjG7LdC8CFds;Produtos > Product Manager;https://www.linkedin.com/company/hostgator-am-rica-latina/about/;Software e Serviços de TI;(engineering AND manager) OR (tech AND manager) OR (gerente AND de AND projetos) OR (project AND manager) OR (gerente AND de AND produtos) OR (product AND manager) OR (program AND manager) OR (senior AND program AND manager) OR (coordenador AND de AND ti) OR (it AND coordinator);hostgator américa latina;1.0;Workday;https://www.linkedin.com/jobs/view/4414952400/;https://www.linkedin.com/jobs/view/4414952400/;Remote;Senior, Liderança/Gerência, Product Owner/Product Manager;26/06/2026;;;;;Brasil;América do Sul
142;Housecall Pro;Senior Product Manager I (Mobile);Brasil;23/06 20:00;https://www.linkedin.com/jobs/view/4432296920/;https://media.licdn.com/dms/image/v2/D560BAQGCFWjcR89VSg/company-logo_100_100/B56ZxD4No4IEAQ-/0/1770665336021/housecallpro_logo?e=1784160000&v=beta&t=li4Hc649fsOrullWFADZZYuLcTkCOVTjFw7pcbz4rGQ;Produtos > Product Manager;https://www.linkedin.com/company/housecall-pro/about/;-;(engineering AND manager) OR (tech AND manager) OR (gerente AND de AND projetos) OR (project AND manager) OR (gerente AND de AND produtos) OR (product AND manager) OR (program AND manager) OR (senior AND program AND manager) OR (coordenador AND de AND ti) OR (it AND coordinator);housecall pro;2.0;;https://www.linkedin.com/jobs/view/4432296920/;https://www.linkedin.com/jobs/view/4432296920/;Remote;Senior, Liderança/Gerência, Product Owner/Product Manager;26/06/2026;;;;;Brasil;América do Sul
143;Hyland;Associate Project Manager;Brasil;25/06 20:00;https://www.linkedin.com/jobs/view/4432652924/;https://media.licdn.com/dms/image/v2/D4E0BAQGRzC5P03b71Q/company-logo_100_100/B4EZWpevatHcAU-/0/1742305163610/hyland_software_logo?e=1784160000&v=beta&t=pnp2UzSSsPfeC53QfyB4-7ukM_Yt6UsmTzlhWYUucc4;Portfolio > Projetos > Project Manager;https://www.linkedin.com/company/hyland/about/;-;(engineering AND manager) OR (tech AND manager) OR (gerente AND de AND projetos) OR (project AND manager) OR (gerente AND de AND produtos) OR (product AND manager) OR (program AND manager) OR (senior AND program AND manager) OR (coordenador AND de AND ti) OR (it AND coordinator);hyland;1.0;iCIMS;https://www.linkedin.com/jobs/view/4432652924/;https://www.linkedin.com/jobs/view/4432652924/;Remote;Associate, Liderança/Gerência;26/06/2026;;;;;Brasil;América do Sul
144;Hypera;Gerente de Projetos;São Paulo (SP);23/06 20:00;https://www.linkedin.com/jobs/view/4430899510/;https://media.licdn.com/dms/image/v2/C4D0BAQE3eBSvfckRIg/company-logo_100_100/company-logo_100_100/0/1673963388033/hypera_logo?e=1784160000&v=beta&t=oKE6N0ReHocYkSACkSL_3JQp9d8nG5DrNycKhC6xZXQ;Middle > Manager;https://www.linkedin.com/company/hypera/about/;-;(engineering AND manager) OR (tech AND manager) OR (gerente AND de AND projetos) OR (project AND manager) OR (gerente AND de AND produtos) OR (product AND manager) OR (program AND manager) OR (senior AND program AND manager) OR (coordenador AND de AND ti) OR (it AND coordinator);hypera;1.0;;https://www.linkedin.com/jobs/view/4430899510/;https://www.linkedin.com/jobs/view/4430899510/;On-site;Mid, Liderança/Gerência;26/06/2026;São Paulo;São Paulo;SP;Região Sudeste;Brasil;América do Sul
145;IBM;Project Manager Senior | Salesforce;São Paulo (SP);22/06 20:00;https://www.linkedin.com/jobs/view/4429410280/;https://media.licdn.com/dms/image/v2/D560BAQGiz5ecgpCtkA/company-logo_100_100/company-logo_100_100/0/1688684715866/ibm_logo?e=1784160000&v=beta&t=7sG6BWB9B9iTbKZywd8MoTw8rFr0rLoQmJQjYBL1Q2Q;Portfolio > Projetos > Project Manager;https://www.linkedin.com/company/ibm/about/;Vendas e Suporte;(engineering AND manager) OR (tech AND manager) OR (gerente AND de AND projetos) OR (project AND manager) OR (gerente AND de AND produtos) OR (product AND manager) OR (program AND manager) OR (senior AND program AND manager) OR (coordenador AND de AND ti) OR (it AND coordinator);ibm;5.0;careers.ibm.com;https://www.linkedin.com/jobs/view/4429410280/;https://www.linkedin.com/jobs/view/4429410280/;On-site;Senior, Liderança/Gerência, Salesforce/CRM, Vendas / Comercial;26/06/2026;São Paulo;São Paulo;SP;Região Sudeste;Brasil;América do Sul
146;IBR Gerenciamento e Projetos;Gerente de Projetos Sênior – Infraestrutura Urbana;Florianópolis (SC);23/06 20:00;https://www.linkedin.com/jobs/view/4432259307/;https://media.licdn.com/dms/image/v2/D4D0BAQHgApGmy91KTw/company-logo_100_100/company-logo_100_100/0/1705592507874/inova_brasil_engenharia_logo?e=1784160000&v=beta&t=H40AiQPCSNLADvYiAZeER0of-moOWJRgYzSn_B83YW4;Middle > Manager;https://www.linkedin.com/company/ibr-gerenciamento-e-projetos/about/;Infraestrutura;(engineering AND manager) OR (tech AND manager) OR (gerente AND de AND projetos) OR (project AND manager) OR (gerente AND de AND produtos) OR (product AND manager) OR (program AND manager) OR (senior AND program AND manager) OR (coordenador AND de AND ti) OR (it AND coordinator);ibr gerenciamento e projetos;1;;https://www.linkedin.com/jobs/view/4432259307/;https://www.linkedin.com/jobs/view/4432259307/;On-site;Senior, Mid, Liderança/Gerência, Infraestrutura/Redes;26/06/2026;Florianópolis;Santa Catarina;SC;Região Sul;Brasil;América do Sul
147;ICON plc;Associate Project Manager - Language Services;São Paulo (SP);26/06 04:00;https://www.linkedin.com/jobs/view/4432937887/;https://media.licdn.com/dms/image/v2/C4E0BAQHoml1yCdoBcg/company-logo_100_100/company-logo_100_100/0/1630603280507/icon_plc_2_logo?e=1784160000&v=beta&t=QvFLKhhoTqLy26-YG0Z-nAYKhV55rjVp_CwGC_0Mrh8;Portfolio > Projetos > Project Manager;https://www.linkedin.com/company/icon-plc/about/;-;(engineering AND manager) OR (tech AND manager) OR (gerente AND de AND projetos) OR (project AND manager) OR (gerente AND de AND produtos) OR (product AND manager) OR (program AND manager) OR (senior AND program AND manager) OR (coordenador AND de AND ti) OR (it AND coordinator);icon plc;1.0;;https://www.linkedin.com/jobs/view/4432937887/;https://www.linkedin.com/jobs/view/4432937887/;Hybrid;Associate, Liderança/Gerência;26/06/2026;São Paulo;São Paulo;SP;Região Sudeste;Brasil;América do Sul
148;INDI Staffing Services;Assistant Project Manager - Remote Work;América Latina;24/06 20:00;https://www.linkedin.com/jobs/view/4432582634/;https://media.licdn.com/dms/image/v2/D560BAQErXjIzfHesyQ/company-logo_100_100/company-logo_100_100/0/1666898446316/indi_staffing_services_logo?e=1784160000&v=beta&t=-8ZLEQaGqS-DEU0Oa_5DNeju_UvpwldeIhXTUtCGfC8;Portfolio > Projetos > Project Manager;https://www.linkedin.com/company/indi-staffing-services/about/;-;(engineering AND manager) OR (tech AND manager) OR (gerente AND de AND projetos) OR (project AND manager) OR (gerente AND de AND produtos) OR (product AND manager) OR (program AND manager) OR (senior AND program AND manager) OR (coordenador AND de AND ti) OR (it AND coordinator);indi staffing services;1.0;LinkedIn (Easy Apply);https://www.linkedin.com/jobs/view/4432582634/;https://www.linkedin.com/jobs/view/4432582634/;Remote;Associate, Liderança/Gerência;26/06/2026;;;;;;América Latina
149;INDI Staffing Services;Project Manager Senior - Remote;América Latina;24/06 20:00;https://www.linkedin.com/jobs/view/4432803661/;https://media.licdn.com/dms/image/v2/D560BAQErXjIzfHesyQ/company-logo_100_100/company-logo_100_100/0/1666898446316/indi_staffing_services_logo?e=1784160000&v=beta&t=-8ZLEQaGqS-DEU0Oa_5DNeju_UvpwldeIhXTUtCGfC8;Portfolio > Projetos > Project Manager;https://www.linkedin.com/company/indi-staffing-services/about/;-;(engineering AND manager) OR (tech AND manager) OR (gerente AND de AND projetos) OR (project AND manager) OR (gerente AND de AND produtos) OR (product AND manager) OR (program AND manager) OR (senior AND program AND manager) OR (coordenador AND de AND ti) OR (it AND coordinator);indi staffing services;1.0;LinkedIn (Easy Apply);https://www.linkedin.com/jobs/view/4432803661/;https://www.linkedin.com/jobs/view/4432803661/;Remote;Senior, Liderança/Gerência;26/06/2026;;;;;;América Latina
150;INDI Staffing Services;Project Manager Senior - Remote;São Paulo (SP);24/06 20:00;https://www.linkedin.com/jobs/view/4432811541/;https://media.licdn.com/dms/image/v2/D560BAQErXjIzfHesyQ/company-logo_100_100/company-logo_100_100/0/1666898446316/indi_staffing_services_logo?e=1784160000&v=beta&t=-8ZLEQaGqS-DEU0Oa_5DNeju_UvpwldeIhXTUtCGfC8;Portfolio > Projetos > Project Manager;https://www.linkedin.com/company/indi-staffing-services/about/;-;(engineering AND manager) OR (tech AND manager) OR (gerente AND de AND projetos) OR (project AND manager) OR (gerente AND de AND produtos) OR (product AND manager) OR (program AND manager) OR (senior AND program AND manager) OR (coordenador AND de AND ti) OR (it AND coordinator);indi staffing services;1.0;LinkedIn (Easy Apply);https://www.linkedin.com/jobs/view/4432811541/;https://www.linkedin.com/jobs/view/4432811541/;Remote;Senior, Liderança/Gerência;26/06/2026;São Paulo;São Paulo;SP;Região Sudeste;Brasil;América do Sul
151;INSPYR Global Solutions;Project Manager (Portfolio Management);América Latina;23/06 20:00;https://www.linkedin.com/jobs/view/4431418067/;https://media.licdn.com/dms/image/v2/D4E0BAQFKHCUgv_B00Q/company-logo_100_100/B4EZ7_mh4dKIAM-/0/1782404751337/micro_talent_s_a_s_logo?e=1784160000&v=beta&t=cVWCgpeqFB-VxmxPIxdXZzLHazyotNnywRcPP-GqtF8;Portfolio > Projetos > Project Manager;https://www.linkedin.com/company/inspyr-global-solutions/about/;Software e Serviços de TI;(engineering AND manager) OR (tech AND manager) OR (gerente AND de AND projetos) OR (project AND manager) OR (gerente AND de AND produtos) OR (product AND manager) OR (program AND manager) OR (senior AND program AND manager) OR (coordenador AND de AND ti) OR (it AND coordinator);inspyr global solutions;1;;https://www.linkedin.com/jobs/view/4431418067/;https://www.linkedin.com/jobs/view/4431418067/;Remote;Liderança/Gerência;26/06/2026;;;;;;América Latina
152;InComm Payments;IT Project Manager II;Brasil;24/06 20:00;https://www.linkedin.com/jobs/view/4431853071/;https://media.licdn.com/dms/image/v2/C4D0BAQExVKozoptuLA/company-logo_100_100/company-logo_100_100/0/1630544992626/incomm_logo?e=1784160000&v=beta&t=75x0NQFltOnRKX8pxFMjPzHWlxD-Mx0Qw816c9XIJis;Portfolio > Projetos > Project Manager;https://www.linkedin.com/company/incomm-payments/about/;Software e Serviços de TI;(engineering AND manager) OR (tech AND manager) OR (gerente AND de AND projetos) OR (project AND manager) OR (gerente AND de AND produtos) OR (product AND manager) OR (program AND manager) OR (senior AND program AND manager) OR (coordenador AND de AND ti) OR (it AND coordinator);incomm payments;1.0;LinkedIn (Easy Apply);https://www.linkedin.com/jobs/view/4431853071/;https://www.linkedin.com/jobs/view/4431853071/;Remote;Liderança/Gerência;26/06/2026;;;;;Brasil;América do Sul
153;Indicium AI;Data & AI Project Manager (Mid-Level);Brasil;22/06 20:00;https://www.linkedin.com/jobs/view/4429012505/;https://media.licdn.com/dms/image/v2/D4E0BAQFnk0qpgEoFHg/company-logo_100_100/B4EZyMrQ9jI4AQ-/0/1771886678132/indicium_ai_logo?e=1784160000&v=beta&t=DtwvLWEMLLBR49O6zaI8pizajoke9AhVwB0e538MpgM;Data & Ai > Data Engineering;https://www.linkedin.com/company/indicium-ai/about/;Dados e Analytics;(engineering AND manager) OR (tech AND manager) OR (gerente AND de AND projetos) OR (project AND manager) OR (gerente AND de AND produtos) OR (product AND manager) OR (program AND manager) OR (senior AND program AND manager) OR (coordenador AND de AND ti) OR (it AND coordinator);indicium ai;1.0;Inhire;https://www.linkedin.com/jobs/view/4429012505/;https://www.linkedin.com/jobs/view/4429012505/;Remote;Inteligência Artificial, Mid, Liderança/Gerência, Dados/Analytics;26/06/2026;;;;;Brasil;América do Sul
154;Infosys;SAP Project Manager (Talent Pool);São Paulo (SP);23/06 20:00;https://www.linkedin.com/jobs/view/4419220189/;https://media.licdn.com/dms/image/v2/D560BAQEv67uGFge5Sw/company-logo_100_100/B56ZfEsEVpHoAU-/0/1751351576332/infosys_logo?e=1784160000&v=beta&t=POCHyL2M2ZRoL2QAPbGDQ4JSzfwwp-6k1tdzuURTxpg;Portfolio > Projetos > Project Manager;https://www.linkedin.com/company/infosys/about/;-;(engineering AND manager) OR (tech AND manager) OR (gerente AND de AND projetos) OR (project AND manager) OR (gerente AND de AND produtos) OR (product AND manager) OR (program AND manager) OR (senior AND program AND manager) OR (coordenador AND de AND ti) OR (it AND coordinator);infosys;1.0;digitalcareers.infosys.com;https://www.linkedin.com/jobs/view/4419220189/;https://www.linkedin.com/jobs/view/4419220189/;On-site;Banco de Talentos, Liderança/Gerência, SAP;26/06/2026;São Paulo;São Paulo;SP;Região Sudeste;Brasil;América do Sul
155;Itaú Unibanco;Product Manager - AI Specialist;São Paulo (SP);22/06 20:00;https://www.linkedin.com/jobs/view/4432024684/;https://media.licdn.com/dms/image/v2/D4D0BAQGmyPiGIU-69w/company-logo_100_100/B4DZZFc2k4GgAQ-/0/1744921914031/itau_logo?e=1784160000&v=beta&t=6yHObmRZ2BmdC9CBF-BPEURUm9gY-ZbsBYeRMg0QbuI;Produtos > Product Manager;https://www.linkedin.com/company/ita-unibanco/about/;Inteligência Artificial;(engineering AND manager) OR (tech AND manager) OR (gerente AND de AND projetos) OR (project AND manager) OR (gerente AND de AND produtos) OR (product AND manager) OR (program AND manager) OR (senior AND program AND manager) OR (coordenador AND de AND ti) OR (it AND coordinator);itaú unibanco;5.0;carreiras.itau.com.br;https://www.linkedin.com/jobs/view/4432024684/;https://www.linkedin.com/jobs/view/4432024684/;On-site;Inteligência Artificial, Specialist, Liderança/Gerência, Product Owner/Product Manager;26/06/2026;São Paulo;São Paulo;SP;Região Sudeste;Brasil;América do Sul
156;JPMorganChase;Lead Technical Project Manager - Testing;São Paulo (SP);26/06 06:00;https://www.linkedin.com/jobs/view/4414526711/;https://media.licdn.com/dms/image/v2/D4E0BAQGxpntCyRgsuA/company-logo_100_100/company-logo_100_100/0/1718711710850/jpmorganchase_logo?e=1784160000&v=beta&t=zfRvOFwL6-7WSWvEkODfS7MhSksHDETH7nTQ_kbk_lM;Portfolio > Projetos > Project Manager;https://www.linkedin.com/company/jpmorganchase/about/;Software e Serviços de TI;(engineering AND manager) OR (tech AND manager) OR (gerente AND de AND projetos) OR (project AND manager) OR (gerente AND de AND produtos) OR (product AND manager) OR (program AND manager) OR (senior AND program AND manager) OR (coordenador AND de AND ti) OR (it AND coordinator);jpmorganchase;1.0;Oracle;https://www.linkedin.com/jobs/view/4414526711/;https://www.linkedin.com/jobs/view/4414526711/;On-site;Mid, Liderança/Gerência, TI/Tech, Testes / QA;26/06/2026;São Paulo;São Paulo;SP;Região Sudeste;Brasil;América do Sul
157;Jeeves;Product Manager - Accounting (Contractor);São Paulo (SP);24/06 20:00;https://www.linkedin.com/jobs/view/4431869811/;https://media.licdn.com/dms/image/v2/C4E0BAQHr6HDhtgWR-Q/company-logo_100_100/company-logo_100_100/0/1670865559521/tryjeeves_logo?e=1784160000&v=beta&t=PIy5-PxBsrdm4mr_OjMEh249VhP07lrdkVqtP8AMFf4;Produtos > Product Manager;https://www.linkedin.com/company/jeeves/about/;Software e Serviços de TI;(engineering AND manager) OR (tech AND manager) OR (gerente AND de AND projetos) OR (project AND manager) OR (gerente AND de AND produtos) OR (product AND manager) OR (program AND manager) OR (senior AND program AND manager) OR (coordenador AND de AND ti) OR (it AND coordinator);jeeves;1.0;;https://www.linkedin.com/jobs/view/4431869811/;https://www.linkedin.com/jobs/view/4431869811/;Remote;Freelance/PJ, Liderança/Gerência, Product Owner/Product Manager;26/06/2026;São Paulo;São Paulo;SP;Região Sudeste;Brasil;América do Sul
158;Jobbol;Gerente de Projetos e Engenharia;Belo Horizonte (MG);23/06 20:00;https://www.linkedin.com/jobs/view/4429434231/;https://media.licdn.com/dms/image/v2/D4D0BAQEUwreILeGS7Q/company-logo_100_100/B4DZ5wJQzAG4AM-/0/1779997937122/jobbol_empregos_logo?e=1784160000&v=beta&t=2wGxbZsE9mxAaynjWygCZEABnALT9t5CGDBLmpNXNMA;Middle > Manager;https://www.linkedin.com/company/jobbol/about/;-;(engineering AND manager) OR (tech AND manager) OR (gerente AND de AND projetos) OR (project AND manager) OR (gerente AND de AND produtos) OR (product AND manager) OR (program AND manager) OR (senior AND program AND manager) OR (coordenador AND de AND ti) OR (it AND coordinator);jobbol;1.0;www.jobbol.com.br;https://www.linkedin.com/jobs/view/4429434231/;https://www.linkedin.com/jobs/view/4429434231/;On-site;Mid, Liderança/Gerência, Engenharia Geral;26/06/2026;Belo Horizonte;Minas Gerais;MG;Região Sudeste;Brasil;América do Sul
159;Jobbol;Coordenador de TI;Santos (SP);23/06 20:00;https://www.linkedin.com/jobs/view/4432436531/;https://media.licdn.com/dms/image/v2/D4D0BAQEUwreILeGS7Q/company-logo_100_100/B4DZ5wJQzAG4AM-/0/1779997937122/jobbol_empregos_logo?e=1784160000&v=beta&t=2wGxbZsE9mxAaynjWygCZEABnALT9t5CGDBLmpNXNMA;Middle > Manager;https://www.linkedin.com/company/jobbol/about/;Software e Serviços de TI;(engineering AND manager) OR (tech AND manager) OR (gerente AND de AND projetos) OR (project AND manager) OR (gerente AND de AND produtos) OR (product AND manager) OR (program AND manager) OR (senior AND program AND manager) OR (coordenador AND de AND ti) OR (it AND coordinator);jobbol;1.0;www.jobbol.com.br;https://www.linkedin.com/jobs/view/4432436531/;https://www.linkedin.com/jobs/view/4432436531/;On-site;Mid, Liderança/Gerência, TI/Tech;26/06/2026;Santos;São Paulo;SP;Região Sudeste;Brasil;América do Sul
160;Jobgether;Data Product Manager;Brasil;25/06 20:00;https://www.linkedin.com/jobs/view/4433005443/;https://media.licdn.com/dms/image/v2/D4E0BAQHdx4NngvFyPA/company-logo_100_100/B4EZ5GHh6CHEAU-/0/1779292839822/jobgether_logo?e=1784160000&v=beta&t=BDPXtiQfPnIslUW-9lJj4jUc334ct-n8e1PVRf8TSxo;Produtos > Data Product Manager;https://www.linkedin.com/company/jobgether/about/;Dados e Analytics;(engineering AND manager) OR (tech AND manager) OR (gerente AND de AND projetos) OR (project AND manager) OR (gerente AND de AND produtos) OR (product AND manager) OR (program AND manager) OR (senior AND program AND manager) OR (coordenador AND de AND ti) OR (it AND coordinator);jobgether;1.0;LinkedIn (Easy Apply);https://www.linkedin.com/jobs/view/4433005443/;https://www.linkedin.com/jobs/view/4433005443/;Remote;Liderança/Gerência, Product Owner/Product Manager, Dados/Analytics;26/06/2026;;;;;Brasil;América do Sul
161;Jobgether;Ed-Tech Project Manager;Brasil;23/06 20:00;https://www.linkedin.com/jobs/view/4432211565/;https://media.licdn.com/dms/image/v2/D4E0BAQHdx4NngvFyPA/company-logo_100_100/B4EZ5GHh6CHEAU-/0/1779292839822/jobgether_logo?e=1784160000&v=beta&t=BDPXtiQfPnIslUW-9lJj4jUc334ct-n8e1PVRf8TSxo;Portfolio > Projetos > Project Manager;https://www.linkedin.com/company/jobgether/about/;Software e Serviços de TI;(engineering AND manager) OR (tech AND manager) OR (gerente AND de AND projetos) OR (project AND manager) OR (gerente AND de AND produtos) OR (product AND manager) OR (program AND manager) OR (senior AND program AND manager) OR (coordenador AND de AND ti) OR (it AND coordinator);jobgether;1.0;LinkedIn (Easy Apply);https://www.linkedin.com/jobs/view/4432211565/;https://www.linkedin.com/jobs/view/4432211565/;Remote;Liderança/Gerência, TI/Tech;26/06/2026;;;;;Brasil;América do Sul
162;Jobgether;Lead Product Manager, Safety;Brasil;22/06 20:00;https://www.linkedin.com/jobs/view/4430374937/;https://media.licdn.com/dms/image/v2/D4E0BAQHdx4NngvFyPA/company-logo_100_100/B4EZ5GHh6CHEAU-/0/1779292839822/jobgether_logo?e=1784160000&v=beta&t=BDPXtiQfPnIslUW-9lJj4jUc334ct-n8e1PVRf8TSxo;Produtos > Product Manager;https://www.linkedin.com/company/jobgether/about/;-;(engineering AND manager) OR (tech AND manager) OR (gerente AND de AND projetos) OR (project AND manager) OR (gerente AND de AND produtos) OR (product AND manager) OR (program AND manager) OR (senior AND program AND manager) OR (coordenador AND de AND ti) OR (it AND coordinator);jobgether;1.0;LinkedIn (Easy Apply);https://www.linkedin.com/jobs/view/4430374937/;https://www.linkedin.com/jobs/view/4430374937/;Remote;Mid, Liderança/Gerência, Product Owner/Product Manager;26/06/2026;;;;;Brasil;América do Sul
163;Jobgether;Local SEO Project Manager for Scalable Agency Work (WordPress + GMB + Citations);Brasil;23/06 20:00;https://www.linkedin.com/jobs/view/4432087997/;https://media.licdn.com/dms/image/v2/D4E0BAQHdx4NngvFyPA/company-logo_100_100/B4EZ5GHh6CHEAU-/0/1779292839822/jobgether_logo?e=1784160000&v=beta&t=BDPXtiQfPnIslUW-9lJj4jUc334ct-n8e1PVRf8TSxo;Portfolio > Projetos > Project Manager;https://www.linkedin.com/company/jobgether/about/;Software e Serviços de TI;(engineering AND manager) OR (tech AND manager) OR (gerente AND de AND projetos) OR (project AND manager) OR (gerente AND de AND produtos) OR (product AND manager) OR (program AND manager) OR (senior AND program AND manager) OR (coordenador AND de AND ti) OR (it AND coordinator);jobgether;1.0;LinkedIn (Easy Apply);https://www.linkedin.com/jobs/view/4432087997/;https://www.linkedin.com/jobs/view/4432087997/;Remote;Liderança/Gerência;26/06/2026;;;;;Brasil;América do Sul
164;Jobgether;Marketing Project Manager;Brasil;23/06 20:00;https://www.linkedin.com/jobs/view/4430864738/;https://media.licdn.com/dms/image/v2/D4E0BAQHdx4NngvFyPA/company-logo_100_100/B4EZ5GHh6CHEAU-/0/1779292839822/jobgether_logo?e=1784160000&v=beta&t=BDPXtiQfPnIslUW-9lJj4jUc334ct-n8e1PVRf8TSxo;Portfolio > Projetos > Project Manager;https://www.linkedin.com/company/jobgether/about/;Marketing e Publicidade Marketing;(engineering AND manager) OR (tech AND manager) OR (gerente AND de AND projetos) OR (project AND manager) OR (gerente AND de AND produtos) OR (product AND manager) OR (program AND manager) OR (senior AND program AND manager) OR (coordenador AND de AND ti) OR (it AND coordinator);jobgether;1.0;LinkedIn (Easy Apply);https://www.linkedin.com/jobs/view/4430864738/;https://www.linkedin.com/jobs/view/4430864738/;Remote;Liderança/Gerência, Marketing/Mídia;26/06/2026;;;;;Brasil;América do Sul
165;Jobgether;Product Manager Sênior / Especialista – Aplicativo (Retenção & Monetização);Brasil;23/06 20:00;https://www.linkedin.com/jobs/view/4432209054/;https://media.licdn.com/dms/image/v2/D4E0BAQHdx4NngvFyPA/company-logo_100_100/B4EZ5GHh6CHEAU-/0/1779292839822/jobgether_logo?e=1784160000&v=beta&t=BDPXtiQfPnIslUW-9lJj4jUc334ct-n8e1PVRf8TSxo;Produtos > Product Manager;https://www.linkedin.com/company/jobgether/about/;Software e Serviços de TI;(engineering AND manager) OR (tech AND manager) OR (gerente AND de AND projetos) OR (project AND manager) OR (gerente AND de AND produtos) OR (product AND manager) OR (program AND manager) OR (senior AND program AND manager) OR (coordenador AND de AND ti) OR (it AND coordinator);jobgether;1.0;LinkedIn (Easy Apply);https://www.linkedin.com/jobs/view/4432209054/;https://www.linkedin.com/jobs/view/4432209054/;Remote;Specialist, Senior, Liderança/Gerência, Product Owner/Product Manager;26/06/2026;;;;;Brasil;América do Sul
166;Jobgether;Program Manager Mining;Brasil;25/06 20:00;https://www.linkedin.com/jobs/view/4432220168/;https://media.licdn.com/dms/image/v2/D4E0BAQHdx4NngvFyPA/company-logo_100_100/B4EZ5GHh6CHEAU-/0/1779292839822/jobgether_logo?e=1784160000&v=beta&t=BDPXtiQfPnIslUW-9lJj4jUc334ct-n8e1PVRf8TSxo;Portfolio > Programas > Program Manager;https://www.linkedin.com/company/jobgether/about/;Mineração e Extração;(engineering AND manager) OR (tech AND manager) OR (gerente AND de AND projetos) OR (project AND manager) OR (gerente AND de AND produtos) OR (product AND manager) OR (program AND manager) OR (senior AND program AND manager) OR (coordenador AND de AND ti) OR (it AND coordinator);jobgether;1.0;LinkedIn (Easy Apply);https://www.linkedin.com/jobs/view/4432220168/;https://www.linkedin.com/jobs/view/4432220168/;Remote;Liderança/Gerência;26/06/2026;;;;;Brasil;América do Sul
167;Jobgether;Semi Senior Project Manager - Digital Marketing & Advertising;Brasil;22/06 20:00;https://www.linkedin.com/jobs/view/4430361928/;https://media.licdn.com/dms/image/v2/D4E0BAQHdx4NngvFyPA/company-logo_100_100/B4EZ5GHh6CHEAU-/0/1779292839822/jobgether_logo?e=1784160000&v=beta&t=BDPXtiQfPnIslUW-9lJj4jUc334ct-n8e1PVRf8TSxo;Portfolio > Projetos > Project Manager;https://www.linkedin.com/company/jobgether/about/;Marketing e Publicidade Marketing;(engineering AND manager) OR (tech AND manager) OR (gerente AND de AND projetos) OR (project AND manager) OR (gerente AND de AND produtos) OR (product AND manager) OR (program AND manager) OR (senior AND program AND manager) OR (coordenador AND de AND ti) OR (it AND coordinator);jobgether;1.0;LinkedIn (Easy Apply);https://www.linkedin.com/jobs/view/4430361928/;https://www.linkedin.com/jobs/view/4430361928/;Remote;Senior, Liderança/Gerência, TI/Tech, Marketing/Mídia;26/06/2026;;;;;Brasil;América do Sul
168;Jobgether;Senior Product Manager (Mobile);Brasil;25/06 20:00;https://www.linkedin.com/jobs/view/4433001644/;https://media.licdn.com/dms/image/v2/D4E0BAQHdx4NngvFyPA/company-logo_100_100/B4EZ5GHh6CHEAU-/0/1779292839822/jobgether_logo?e=1784160000&v=beta&t=BDPXtiQfPnIslUW-9lJj4jUc334ct-n8e1PVRf8TSxo;Produtos > Product Manager;https://www.linkedin.com/company/jobgether/about/;-;(engineering AND manager) OR (tech AND manager) OR (gerente AND de AND projetos) OR (project AND manager) OR (gerente AND de AND produtos) OR (product AND manager) OR (program AND manager) OR (senior AND program AND manager) OR (coordenador AND de AND ti) OR (it AND coordinator);jobgether;1.0;LinkedIn (Easy Apply);https://www.linkedin.com/jobs/view/4433001644/;https://www.linkedin.com/jobs/view/4433001644/;Remote;Senior, Liderança/Gerência, Product Owner/Product Manager;26/06/2026;;;;;Brasil;América do Sul
169;Jobgether;Senior Product Manager I (Mobile);Brasil;25/06 20:00;https://www.linkedin.com/jobs/view/4433039416/;https://media.licdn.com/dms/image/v2/D4E0BAQHdx4NngvFyPA/company-logo_100_100/B4EZ5GHh6CHEAU-/0/1779292839822/jobgether_logo?e=1784160000&v=beta&t=BDPXtiQfPnIslUW-9lJj4jUc334ct-n8e1PVRf8TSxo;Produtos > Product Manager;https://www.linkedin.com/company/jobgether/about/;-;(engineering AND manager) OR (tech AND manager) OR (gerente AND de AND projetos) OR (project AND manager) OR (gerente AND de AND produtos) OR (product AND manager) OR (program AND manager) OR (senior AND program AND manager) OR (coordenador AND de AND ti) OR (it AND coordinator);jobgether;1.0;LinkedIn (Easy Apply);https://www.linkedin.com/jobs/view/4433039416/;https://www.linkedin.com/jobs/view/4433039416/;Remote;Senior, Liderança/Gerência, Product Owner/Product Manager;26/06/2026;;;;;Brasil;América do Sul
170;Jobgether;Senior Product Manager, Content Management;Brasil;24/06 20:00;https://www.linkedin.com/jobs/view/4429819205/;https://media.licdn.com/dms/image/v2/D4E0BAQHdx4NngvFyPA/company-logo_100_100/B4EZ5GHh6CHEAU-/0/1779292839822/jobgether_logo?e=1784160000&v=beta&t=BDPXtiQfPnIslUW-9lJj4jUc334ct-n8e1PVRf8TSxo;Produtos > Product Manager;https://www.linkedin.com/company/jobgether/about/;-;(engineering AND manager) OR (tech AND manager) OR (gerente AND de AND projetos) OR (project AND manager) OR (gerente AND de AND produtos) OR (product AND manager) OR (program AND manager) OR (senior AND program AND manager) OR (coordenador AND de AND ti) OR (it AND coordinator);jobgether;1.0;LinkedIn (Easy Apply);https://www.linkedin.com/jobs/view/4429819205/;https://www.linkedin.com/jobs/view/4429819205/;Remote;Senior, Liderança/Gerência, Product Owner/Product Manager;26/06/2026;;;;;Brasil;América do Sul
171;Jobgether;Senior Project Manager / Technical Project Manager (TPM);Brasil;24/06 20:00;https://www.linkedin.com/jobs/view/4431835480/;https://media.licdn.com/dms/image/v2/D4E0BAQHdx4NngvFyPA/company-logo_100_100/B4EZ5GHh6CHEAU-/0/1779292839822/jobgether_logo?e=1784160000&v=beta&t=BDPXtiQfPnIslUW-9lJj4jUc334ct-n8e1PVRf8TSxo;Portfolio > Projetos > Project Manager;https://www.linkedin.com/company/jobgether/about/;Software e Serviços de TI;(engineering AND manager) OR (tech AND manager) OR (gerente AND de AND projetos) OR (project AND manager) OR (gerente AND de AND produtos) OR (product AND manager) OR (program AND manager) OR (senior AND program AND manager) OR (coordenador AND de AND ti) OR (it AND coordinator);jobgether;1.0;LinkedIn (Easy Apply);https://www.linkedin.com/jobs/view/4431835480/;https://www.linkedin.com/jobs/view/4431835480/;Remote;Senior, Liderança/Gerência, TI/Tech;26/06/2026;;;;;Brasil;América do Sul
172;Jobgether;Tech Manager Sênior;Brasil;22/06 20:00;https://www.linkedin.com/jobs/view/4430385814/;https://media.licdn.com/dms/image/v2/D4E0BAQHdx4NngvFyPA/company-logo_100_100/B4EZ5GHh6CHEAU-/0/1779292839822/jobgether_logo?e=1784160000&v=beta&t=BDPXtiQfPnIslUW-9lJj4jUc334ct-n8e1PVRf8TSxo;Middle > Manager;https://www.linkedin.com/company/jobgether/about/;Software e Serviços de TI;(engineering AND manager) OR (tech AND manager) OR (gerente AND de AND projetos) OR (project AND manager) OR (gerente AND de AND produtos) OR (product AND manager) OR (program AND manager) OR (senior AND program AND manager) OR (coordenador AND de AND ti) OR (it AND coordinator);jobgether;1.0;LinkedIn (Easy Apply);https://www.linkedin.com/jobs/view/4430385814/;https://www.linkedin.com/jobs/view/4430385814/;Remote;Senior, Liderança/Gerência, TI/Tech;26/06/2026;;;;;Brasil;América do Sul
173;Jobgether;Technical Program Manager;Brasil;25/06 20:00;https://www.linkedin.com/jobs/view/4431479529/;https://media.licdn.com/dms/image/v2/D4E0BAQHdx4NngvFyPA/company-logo_100_100/B4EZ5GHh6CHEAU-/0/1779292839822/jobgether_logo?e=1784160000&v=beta&t=BDPXtiQfPnIslUW-9lJj4jUc334ct-n8e1PVRf8TSxo;Portfolio > Programas > Program Manager;https://www.linkedin.com/company/jobgether/about/;Software e Serviços de TI;(engineering AND manager) OR (tech AND manager) OR (gerente AND de AND projetos) OR (project AND manager) OR (gerente AND de AND produtos) OR (product AND manager) OR (program AND manager) OR (senior AND program AND manager) OR (coordenador AND de AND ti) OR (it AND coordinator);jobgether;1.0;LinkedIn (Easy Apply);https://www.linkedin.com/jobs/view/4431479529/;https://www.linkedin.com/jobs/view/4431479529/;Remote;Liderança/Gerência, TI/Tech;26/06/2026;;;;;Brasil;América do Sul
174;Jobgether;Technology Product Manager | Sênior;Brasil;25/06 20:00;https://www.linkedin.com/jobs/view/4433011055/;https://media.licdn.com/dms/image/v2/D4E0BAQHdx4NngvFyPA/company-logo_100_100/B4EZ5GHh6CHEAU-/0/1779292839822/jobgether_logo?e=1784160000&v=beta&t=BDPXtiQfPnIslUW-9lJj4jUc334ct-n8e1PVRf8TSxo;Produtos > Product Manager;https://www.linkedin.com/company/jobgether/about/;Software e Serviços de TI;(engineering AND manager) OR (tech AND manager) OR (gerente AND de AND projetos) OR (project AND manager) OR (gerente AND de AND produtos) OR (product AND manager) OR (program AND manager) OR (senior AND program AND manager) OR (coordenador AND de AND ti) OR (it AND coordinator);jobgether;1.0;LinkedIn (Easy Apply);https://www.linkedin.com/jobs/view/4433011055/;https://www.linkedin.com/jobs/view/4433011055/;Remote;Senior, Liderança/Gerência, TI/Tech, Product Owner/Product Manager;26/06/2026;;;;;Brasil;América do Sul
175;Jobgether;Virtual Project Manager;Brasil;25/06 20:00;https://www.linkedin.com/jobs/view/4432214550/;https://media.licdn.com/dms/image/v2/D4E0BAQHdx4NngvFyPA/company-logo_100_100/B4EZ5GHh6CHEAU-/0/1779292839822/jobgether_logo?e=1784160000&v=beta&t=BDPXtiQfPnIslUW-9lJj4jUc334ct-n8e1PVRf8TSxo;Portfolio > Projetos > Project Manager;https://www.linkedin.com/company/jobgether/about/;-;(engineering AND manager) OR (tech AND manager) OR (gerente AND de AND projetos) OR (project AND manager) OR (gerente AND de AND produtos) OR (product AND manager) OR (program AND manager) OR (senior AND program AND manager) OR (coordenador AND de AND ti) OR (it AND coordinator);jobgether;1.0;LinkedIn (Easy Apply);https://www.linkedin.com/jobs/view/4432214550/;https://www.linkedin.com/jobs/view/4432214550/;Remote;Liderança/Gerência;26/06/2026;;;;;Brasil;América do Sul
176;Kraken;Sr Product Manager - Onchain;Brasil;25/06 20:00;https://www.linkedin.com/jobs/view/4424254542/;https://media.licdn.com/dms/image/v2/D4E0BAQFm8yg0gGJN1A/company-logo_100_100/company-logo_100_100/0/1697458897774/krakenfx_logo?e=1784160000&v=beta&t=nZFkdtkDxdb7WTepm6e2TNzRW422KV_b_KMADJpGJS0;Produtos > Product Manager;https://www.linkedin.com/company/kraken/about/;-;(engineering AND manager) OR (tech AND manager) OR (gerente AND de AND projetos) OR (project AND manager) OR (gerente AND de AND produtos) OR (product AND manager) OR (program AND manager) OR (senior AND program AND manager) OR (coordenador AND de AND ti) OR (it AND coordinator);kraken;1.0;jobs.ashbyhq.com;https://www.linkedin.com/jobs/view/4424254542/;https://www.linkedin.com/jobs/view/4424254542/;Remote;Senior, Liderança/Gerência, Product Owner/Product Manager;26/06/2026;;;;;Brasil;América do Sul
177;Kyndryl;Project Manager;Hortolândia (SP);24/06 20:00;https://www.linkedin.com/jobs/view/4415133092/;https://media.licdn.com/dms/image/v2/C560BAQHgQ1kcTnuSCg/company-logo_100_100/company-logo_100_100/0/1630640554546/kyndryl_logo?e=1784160000&v=beta&t=AGOdqHNtqBKKuN5hmKbv7xV1lBBfN2uVpR-Agjxu4dU;Portfolio > Projetos > Project Manager;https://www.linkedin.com/company/kyndryl/about/;-;(engineering AND manager) OR (tech AND manager) OR (gerente AND de AND projetos) OR (project AND manager) OR (gerente AND de AND produtos) OR (product AND manager) OR (program AND manager) OR (senior AND program AND manager) OR (coordenador AND de AND ti) OR (it AND coordinator);kyndryl;1.0;Workday;https://www.linkedin.com/jobs/view/4415133092/;https://www.linkedin.com/jobs/view/4415133092/;On-site;Liderança/Gerência;26/06/2026;Hortolândia;São Paulo;SP;Região Sudeste;Brasil;América do Sul
178;LIBBS FARMACÊUTICA LTDA;Gerente de Produtos Pl. (SNC);Brasil;23/06 20:00;https://www.linkedin.com/jobs/view/4429463414/;https://media.licdn.com/dms/image/v2/D4D0BAQHo3mpBBTsGKA/company-logo_100_100/company-logo_100_100/0/1665437120780/libbsfarmaceutica_logo?e=1784160000&v=beta&t=_dqkmRMqnkzrfXQW-uJJVVWahow3iD7WJpQg9LbLDDQ;Middle > Manager;https://www.linkedin.com/company/libbs-farmac-utica-ltda/about/;Farmacêutica;(engineering AND manager) OR (tech AND manager) OR (gerente AND de AND projetos) OR (project AND manager) OR (gerente AND de AND produtos) OR (product AND manager) OR (program AND manager) OR (senior AND program AND manager) OR (coordenador AND de AND ti) OR (it AND coordinator);libbs farmacêutica ltda;3.0;Gupy;https://www.linkedin.com/jobs/view/4429463414/;https://www.linkedin.com/jobs/view/4429463414/;Remote;Mid, Liderança/Gerência;26/06/2026;;;;;Brasil;América do Sul
179;LINA;Group Product Manager;Brasil;26/06 09:00;https://www.linkedin.com/jobs/view/4430299520/;https://media.licdn.com/dms/image/v2/D4D0BAQEZF3JUL_iFDw/company-logo_100_100/B4DZk0tKYrIcAU-/0/1757525879028/lina_openx_logo?e=1784160000&v=beta&t=hjZlLaLHC7JfjPnB9Khick8mS7zmOfdqtsbTsu2LVF0;Produtos > Group Product Manager;https://www.linkedin.com/company/lina/about/;-;(engineering AND manager) OR (tech AND manager) OR (gerente AND de AND projetos) OR (project AND manager) OR (gerente AND de AND produtos) OR (product AND manager) OR (program AND manager) OR (senior AND program AND manager) OR (coordenador AND de AND ti) OR (it AND coordinator);lina;1;;https://www.linkedin.com/jobs/view/4430299520/;https://www.linkedin.com/jobs/view/4430299520/;Remote;Liderança/Gerência, Product Owner/Product Manager;26/06/2026;;;;;Brasil;América do Sul
180;LINA;Group Product Manager;São Paulo (SP);26/06 15:00;https://www.linkedin.com/jobs/view/4433885913/;https://media.licdn.com/dms/image/v2/D4D0BAQEZF3JUL_iFDw/company-logo_100_100/B4DZk0tKYrIcAU-/0/1757525879028/lina_openx_logo?e=1784160000&v=beta&t=hjZlLaLHC7JfjPnB9Khick8mS7zmOfdqtsbTsu2LVF0;Produtos > Group Product Manager;https://www.linkedin.com/company/lina/about/;-;(engineering AND manager) OR (tech AND manager) OR (gerente AND de AND projetos) OR (project AND manager) OR (gerente AND de AND produtos) OR (product AND manager) OR (program AND manager) OR (senior AND program AND manager) OR (coordenador AND de AND ti) OR (it AND coordinator);lina;1;;https://www.linkedin.com/jobs/view/4433885913/;https://www.linkedin.com/jobs/view/4433885913/;Remote;Liderança/Gerência, Product Owner/Product Manager;26/06/2026;São Paulo;São Paulo;SP;Região Sudeste;Brasil;América do Sul
181;LKM Tecnologia;Gerente de Projetos SAP | Híbrido | São Paulo;São Paulo (SP);24/06 20:00;https://www.linkedin.com/jobs/view/4432491548/;https://media.licdn.com/dms/image/v2/D4D0BAQHXHz4cqv4Jgg/company-logo_100_100/B4DZwfvDr_HwAU-/0/1770058956189/lkm_tecnologia_logo?e=1784160000&v=beta&t=Dpood9ngarOOLu0Nyuv3Qu8woeXOec51lcYtxRRuQL4;Middle > Manager;https://www.linkedin.com/company/lkm-tecnologia/about/;-;(engineering AND manager) OR (tech AND manager) OR (gerente AND de AND projetos) OR (project AND manager) OR (gerente AND de AND produtos) OR (product AND manager) OR (program AND manager) OR (senior AND program AND manager) OR (coordenador AND de AND ti) OR (it AND coordinator);lkm tecnologia;1.0;;https://www.linkedin.com/jobs/view/4432491548/;https://www.linkedin.com/jobs/view/4432491548/;Hybrid;Mid, Liderança/Gerência, SAP;26/06/2026;São Paulo;São Paulo;SP;Região Sudeste;Brasil;América do Sul
182;LUZA Group;Gerente de Projetos;São Paulo (SP);23/06 20:00;https://www.linkedin.com/jobs/view/4430876263/;https://media.licdn.com/dms/image/v2/D4D0BAQH9o89gJ0S2GQ/company-logo_100_100/B4DZ7XO8i5HEAI-/0/1781727480290/luza_group_logo?e=1784160000&v=beta&t=AccW6MnIsUG87i8lnAnoRCU9c0W2zkERoH2gqeQlX2A;Middle > Manager;https://www.linkedin.com/company/luza-group/about/;-;(engineering AND manager) OR (tech AND manager) OR (gerente AND de AND projetos) OR (project AND manager) OR (gerente AND de AND produtos) OR (product AND manager) OR (program AND manager) OR (senior AND program AND manager) OR (coordenador AND de AND ti) OR (it AND coordinator);luza group;1.0;www.careers-page.com;https://www.linkedin.com/jobs/view/4430876263/;https://www.linkedin.com/jobs/view/4430876263/;On-site;Mid, Liderança/Gerência;26/06/2026;São Paulo;São Paulo;SP;Região Sudeste;Brasil;América do Sul
183;LaTeam Partners;Lead Product Manager;América Latina;25/06 20:00;https://www.linkedin.com/jobs/view/4432897885/;https://media.licdn.com/dms/image/v2/D4E0BAQE8AqdiVRb-vQ/company-logo_100_100/B4EZ5LbsuTJ0AM-/0/1779382013204/lateam_partners_logo?e=1784160000&v=beta&t=fREnDxAhqmvzfLozrjLdK4AGGzUrruMvPo-R1VxOPbY;Produtos > Product Manager;https://www.linkedin.com/company/lateam-partners/about/;-;(engineering AND manager) OR (tech AND manager) OR (gerente AND de AND projetos) OR (project AND manager) OR (gerente AND de AND produtos) OR (product AND manager) OR (program AND manager) OR (senior AND program AND manager) OR (coordenador AND de AND ti) OR (it AND coordinator);lateam partners;1.0;LinkedIn (Easy Apply);https://www.linkedin.com/jobs/view/4432897885/;https://www.linkedin.com/jobs/view/4432897885/;Remote;Mid, Liderança/Gerência, Product Owner/Product Manager;26/06/2026;;;;;;América Latina
184;Lago;E-commerce Project Manager - Marketplace (Amazon / Walmart);América Latina;24/06 20:00;https://www.linkedin.com/jobs/view/4431897982/;https://media.licdn.com/dms/image/v2/D4E0BAQE3_FX9lzWE-A/company-logo_100_100/B4EZ8CevaBHkAM-/0/1782453041015/hire_lago_logo?e=1784160000&v=beta&t=ylnp15a-cEAx8V16eyuoSHCyI3CHff5Hw5QxVNDZu4U;Portfolio > Projetos > Project Manager;https://www.linkedin.com/company/lago/about/;Varejo e E-commerce;(engineering AND manager) OR (tech AND manager) OR (gerente AND de AND projetos) OR (project AND manager) OR (gerente AND de AND produtos) OR (product AND manager) OR (program AND manager) OR (senior AND program AND manager) OR (coordenador AND de AND ti) OR (it AND coordinator);lago;1.0;apply.workable.com;https://www.linkedin.com/jobs/view/4431897982/;https://www.linkedin.com/jobs/view/4431897982/;Remote;Liderança/Gerência;26/06/2026;;;;;;América Latina
185;Lazer Technologies;Product Manager - Contract;Brasil;25/06 20:00;https://www.linkedin.com/jobs/view/4433069636/;https://media.licdn.com/dms/image/v2/D560BAQH-PPhlUwFvAQ/company-logo_100_100/company-logo_100_100/0/1724685832316/lazer_technologies_logo?e=1784160000&v=beta&t=0xCVxLjwVX_6-Uocebng43GJXlq-Ziy5_s3J1X2BqPQ;Produtos > Product Manager;https://www.linkedin.com/company/lazer-technologies/about/;Software e Serviços de TI;(engineering AND manager) OR (tech AND manager) OR (gerente AND de AND projetos) OR (project AND manager) OR (gerente AND de AND produtos) OR (product AND manager) OR (program AND manager) OR (senior AND program AND manager) OR (coordenador AND de AND ti) OR (it AND coordinator);lazer technologies;1.0;;https://www.linkedin.com/jobs/view/4433069636/;https://www.linkedin.com/jobs/view/4433069636/;Remote;Freelance/PJ, Liderança/Gerência, Product Owner/Product Manager;26/06/2026;;;;;Brasil;América do Sul
186;Life360;Principal Product Manager II, International - AI Native;São Paulo (SP);20/06 20:00;https://www.linkedin.com/jobs/view/4421239493/;https://media.licdn.com/dms/image/v2/C560BAQF8LinjjtbeoQ/company-logo_100_100/company-logo_100_100/0/1630649767591/life360_logo?e=1784160000&v=beta&t=mr-ohhMzrjPJXuTMHZ_ip68FGZoDBvxDJrSPS2lomSc;Produtos > Product Manager;https://www.linkedin.com/company/life360/about/;Inteligência Artificial;(engineering AND manager) OR (tech AND manager) OR (gerente AND de AND projetos) OR (project AND manager) OR (gerente AND de AND produtos) OR (product AND manager) OR (program AND manager) OR (senior AND program AND manager) OR (coordenador AND de AND ti) OR (it AND coordinator);life360;1;;https://www.linkedin.com/jobs/view/4421239493/;https://www.linkedin.com/jobs/view/4421239493/;On-site;Inteligência Artificial, Intern, Liderança/Gerência, Product Owner/Product Manager;26/06/2026;São Paulo;São Paulo;SP;Região Sudeste;Brasil;América do Sul
187;LineSlip Solutions;Project Manager;Brasil;23/06 20:00;https://www.linkedin.com/jobs/view/4431409306/;https://media.licdn.com/dms/image/v2/C560BAQGhSOlYl6VEwQ/company-logo_100_100/company-logo_100_100/0/1645110029414/lineslip_solutions_inc_logo?e=1784160000&v=beta&t=I8kESKGhxy76O76jxjh-cN3LgOFF9As4yfq3ZMxok58;Portfolio > Projetos > Project Manager;https://www.linkedin.com/company/lineslip-solutions/about/;Software e Serviços de TI;(engineering AND manager) OR (tech AND manager) OR (gerente AND de AND projetos) OR (project AND manager) OR (gerente AND de AND produtos) OR (product AND manager) OR (program AND manager) OR (senior AND program AND manager) OR (coordenador AND de AND ti) OR (it AND coordinator);lineslip solutions;1;;https://www.linkedin.com/jobs/view/4431409306/;https://www.linkedin.com/jobs/view/4431409306/;Remote;Liderança/Gerência;26/06/2026;;;;;Brasil;América do Sul
188;MCFO Company;Masa | Gerente de Projetos & Processos — Backoffice (100% Remoto);Brasil;23/06 20:00;https://www.linkedin.com/jobs/view/4431280062/;https://media.licdn.com/dms/image/v2/D4D0BAQHIGSQXoaId-g/company-logo_100_100/B4DZkH0tRsG8AQ-/0/1756772883145/masabackoffice_logo?e=1784160000&v=beta&t=lPpaHSoqtkW_JiJOz93vUTPv9-yXfObWJ13kaqlQ6mg;Middle > Manager;https://www.linkedin.com/company/mcfo-company/about/;-;(engineering AND manager) OR (tech AND manager) OR (gerente AND de AND projetos) OR (project AND manager) OR (gerente AND de AND produtos) OR (product AND manager) OR (program AND manager) OR (senior AND program AND manager) OR (coordenador AND de AND ti) OR (it AND coordinator);mcfo company;1;;https://www.linkedin.com/jobs/view/4431280062/;https://www.linkedin.com/jobs/view/4431280062/;Remote;Mid, Liderança/Gerência, Processos/Excelência;26/06/2026;;;;;Brasil;América do Sul
189;MJV Technology & Innovation;Gerente de Projetos (Híbrido/Rio de Janeiro/RJ);Rio de Janeiro (RJ);25/06 21:00;https://www.linkedin.com/jobs/view/4433260666/;https://media.licdn.com/dms/image/v2/D4D0BAQGlEIHzx81JxQ/company-logo_100_100/B4DZd_pzPSGkAU-/0/1750193354321/mjv_tech_and_innovation_logo?e=1784160000&v=beta&t=_aUwhN_oAJ8IplFvPMX1i8UcSLy2vZrdkXvtEKgaLro;Middle > Manager;https://www.linkedin.com/company/mjv-technology-innovation/about/;Software e Serviços de TI;(engineering AND manager) OR (tech AND manager) OR (gerente AND de AND projetos) OR (project AND manager) OR (gerente AND de AND produtos) OR (product AND manager) OR (program AND manager) OR (senior AND program AND manager) OR (coordenador AND de AND ti) OR (it AND coordinator);mjv technology & innovation;1.0;Inhire;https://www.linkedin.com/jobs/view/4433260666/;https://www.linkedin.com/jobs/view/4433260666/;Hybrid;Mid, Liderança/Gerência;26/06/2026;Rio de Janeiro;Rio de Janeiro;RJ;Região Sudeste;Brasil;América do Sul
190;Magotteaux Brasil;Project Manager for Industry 4.0;Contagem (MG);25/06 20:00;https://www.linkedin.com/jobs/view/4432597914/;https://media.licdn.com/dms/image/v2/D4D0BAQGNc3rmGVmj1Q/company-logo_100_100/B4DZ5GXZUkKAAI-/0/1779296998893?e=1784160000&v=beta&t=I3n0ajHsl5XDQNhEoTfxuGkkLrRMHv77NP-hZHCBxS0;Portfolio > Projetos > Project Manager;https://www.linkedin.com/company/magotteaux-brasil/about/;Manufatura e Produção;(engineering AND manager) OR (tech AND manager) OR (gerente AND de AND projetos) OR (project AND manager) OR (gerente AND de AND produtos) OR (product AND manager) OR (program AND manager) OR (senior AND program AND manager) OR (coordenador AND de AND ti) OR (it AND coordinator);magotteaux brasil;1;;https://www.linkedin.com/jobs/view/4432597914/;https://www.linkedin.com/jobs/view/4432597914/;On-site;Liderança/Gerência;26/06/2026;Contagem;Minas Gerais;MG;Região Sudeste;Brasil;América do Sul
191;Marajoara Indústria de Laticínios Ltda.;Coordenador de TI;Hidrolândia (GO);24/06 20:00;https://www.linkedin.com/jobs/view/4429825867/;https://media.licdn.com/dms/image/v2/D4D0BAQEu69l-lZbkMA/company-logo_100_100/company-logo_100_100/0/1664829580008/marajoara_ind_stria_de_latic_nios_ltda__logo?e=1784160000&v=beta&t=qWoJ-y2iikXg-EctQ7Elc5_CNB1zU8v2jCh15858bD4;Middle > Manager;https://www.linkedin.com/company/marajoara-ind-stria-de-latic-nios-ltda/about/;Manufatura e Produção;(engineering AND manager) OR (tech AND manager) OR (gerente AND de AND projetos) OR (project AND manager) OR (gerente AND de AND produtos) OR (product AND manager) OR (program AND manager) OR (senior AND program AND manager) OR (coordenador AND de AND ti) OR (it AND coordinator);marajoara indústria de laticínios ltda.;1;;https://www.linkedin.com/jobs/view/4429825867/;https://www.linkedin.com/jobs/view/4429825867/;On-site;Mid, Liderança/Gerência, TI/Tech;26/06/2026;Hidrolândia;Goiás;GO;Região Centro-Oeste;Brasil;América do Sul
192;Meta;Gerente de Projetos Sênior;Brasil;23/06 20:00;https://www.linkedin.com/jobs/view/4429456286/;https://media.licdn.com/dms/image/v2/C4D0BAQHXTqaueX7X5A/company-logo_100_100/company-logo_100_100/0/1675356313243/metaoficial_logo?e=1784160000&v=beta&t=vk0tMaZU1loXnUvLsy1YlRUuIfVvhg8f-frkJpE5tvc;Middle > Manager;https://www.linkedin.com/company/meta/about/;-;(engineering AND manager) OR (tech AND manager) OR (gerente AND de AND projetos) OR (project AND manager) OR (gerente AND de AND produtos) OR (product AND manager) OR (program AND manager) OR (senior AND program AND manager) OR (coordenador AND de AND ti) OR (it AND coordinator);meta;2.0;recrut.ai;https://www.linkedin.com/jobs/view/4429456286/;https://www.linkedin.com/jobs/view/4429456286/;Remote;Senior, Mid, Liderança/Gerência;26/06/2026;;;;;Brasil;América do Sul
193;Meta;IT Project Manager;Brasil;24/06 20:00;https://www.linkedin.com/jobs/view/4430202150/;https://media.licdn.com/dms/image/v2/C4D0BAQHXTqaueX7X5A/company-logo_100_100/company-logo_100_100/0/1675356313243/metaoficial_logo?e=1784160000&v=beta&t=vk0tMaZU1loXnUvLsy1YlRUuIfVvhg8f-frkJpE5tvc;Portfolio > Projetos > Project Manager;https://www.linkedin.com/company/meta/about/;Software e Serviços de TI;(engineering AND manager) OR (tech AND manager) OR (gerente AND de AND projetos) OR (project AND manager) OR (gerente AND de AND produtos) OR (product AND manager) OR (program AND manager) OR (senior AND program AND manager) OR (coordenador AND de AND ti) OR (it AND coordinator);meta;2.0;recrut.ai;https://www.linkedin.com/jobs/view/4430202150/;https://www.linkedin.com/jobs/view/4430202150/;Remote;Liderança/Gerência;26/06/2026;;;;;Brasil;América do Sul
194;Meta;Product Manager II;Guarulhos (SP);22/06 20:00;https://www.linkedin.com/jobs/view/4429403673/;https://media.licdn.com/dms/image/v2/C4D0BAQHXTqaueX7X5A/company-logo_100_100/company-logo_100_100/0/1675356313243/metaoficial_logo?e=1784160000&v=beta&t=vk0tMaZU1loXnUvLsy1YlRUuIfVvhg8f-frkJpE5tvc;Produtos > Product Manager;https://www.linkedin.com/company/meta/about/;-;(engineering AND manager) OR (tech AND manager) OR (gerente AND de AND projetos) OR (project AND manager) OR (gerente AND de AND produtos) OR (product AND manager) OR (program AND manager) OR (senior AND program AND manager) OR (coordenador AND de AND ti) OR (it AND coordinator);meta;2.0;recrut.ai;https://www.linkedin.com/jobs/view/4429403673/;https://www.linkedin.com/jobs/view/4429403673/;On-site;Liderança/Gerência, Product Owner/Product Manager;26/06/2026;Guarulhos;São Paulo;SP;Região Sudeste;Brasil;América do Sul
195;Meta;Product Manager II;São Paulo (SP);23/06 20:00;https://www.linkedin.com/jobs/view/4429490306/;https://media.licdn.com/dms/image/v2/C4D0BAQHXTqaueX7X5A/company-logo_100_100/company-logo_100_100/0/1675356313243/metaoficial_logo?e=1784160000&v=beta&t=vk0tMaZU1loXnUvLsy1YlRUuIfVvhg8f-frkJpE5tvc;Produtos > Product Manager;https://www.linkedin.com/company/meta/about/;-;(engineering AND manager) OR (tech AND manager) OR (gerente AND de AND projetos) OR (project AND manager) OR (gerente AND de AND produtos) OR (product AND manager) OR (program AND manager) OR (senior AND program AND manager) OR (coordenador AND de AND ti) OR (it AND coordinator);meta;2.0;recrut.ai;https://www.linkedin.com/jobs/view/4429490306/;https://www.linkedin.com/jobs/view/4429490306/;Hybrid;Liderança/Gerência, Product Owner/Product Manager;26/06/2026;São Paulo;São Paulo;SP;Região Sudeste;Brasil;América do Sul
196;Metal Toad;Project Manager;São Paulo (SP);25/06 20:00;https://www.linkedin.com/jobs/view/4430276118/;https://media.licdn.com/dms/image/v2/C560BAQHPZVLpavjohw/company-logo_100_100/company-logo_100_100/0/1631305111942?e=1784160000&v=beta&t=YIeIbq1SpLCEjT4daJ0txXzWmOZUhv5ilaMzIRF8RWc;Portfolio > Projetos > Project Manager;https://www.linkedin.com/company/metal-toad/about/;-;(engineering AND manager) OR (tech AND manager) OR (gerente AND de AND projetos) OR (project AND manager) OR (gerente AND de AND produtos) OR (product AND manager) OR (program AND manager) OR (senior AND program AND manager) OR (coordenador AND de AND ti) OR (it AND coordinator);metal toad;1;;https://www.linkedin.com/jobs/view/4430276118/;https://www.linkedin.com/jobs/view/4430276118/;Remote;Liderança/Gerência;26/06/2026;São Paulo;São Paulo;SP;Região Sudeste;Brasil;América do Sul
197;Microsoft;Data Center Program Manager (On-Site);Campinas (SP);24/06 20:00;https://www.linkedin.com/jobs/view/4432576485/;https://media.licdn.com/dms/image/v2/D560BAQH32RJQCl3dDQ/company-logo_100_100/B56ZYQ0mrGGoAU-/0/1744038948046/microsoft_logo?e=1784160000&v=beta&t=U1UWN6m6_N_zm_LLCpUJSR6z3N6zCqYy2DHLoC9J3mo;Data & Ai > Data Engineering;https://www.linkedin.com/company/microsoft/about/;Dados e Analytics;(engineering AND manager) OR (tech AND manager) OR (gerente AND de AND projetos) OR (project AND manager) OR (gerente AND de AND produtos) OR (product AND manager) OR (program AND manager) OR (senior AND program AND manager) OR (coordenador AND de AND ti) OR (it AND coordinator);microsoft;5.0;;https://www.linkedin.com/jobs/view/4432576485/;https://www.linkedin.com/jobs/view/4432576485/;On-site;Liderança/Gerência, Dados/Analytics;26/06/2026;Campinas;São Paulo;SP;Região Sudeste;Brasil;América do Sul
198;Minerva Foods;Analista de Negócio Sênior (Senior Product Manager);São Paulo (SP);23/06 20:00;https://www.linkedin.com/jobs/view/4429484391/;https://media.licdn.com/dms/image/v2/D4D0BAQECpiovp4LEiw/company-logo_100_100/company-logo_100_100/0/1738269649242/minerva_sa_logo?e=1784160000&v=beta&t=NYDOg0W9Ene15P2ZbNSRD45jefPf-PXOD8HQkgaaGok;Produtos > Product Manager;https://www.linkedin.com/company/minerva-foods/about/;Alimentos e Bebidas;(engineering AND manager) OR (tech AND manager) OR (gerente AND de AND projetos) OR (project AND manager) OR (gerente AND de AND produtos) OR (product AND manager) OR (program AND manager) OR (senior AND program AND manager) OR (coordenador AND de AND ti) OR (it AND coordinator);minerva foods;3.0;;https://www.linkedin.com/jobs/view/4429484391/;https://www.linkedin.com/jobs/view/4429484391/;Remote;Senior, Associate, Liderança/Gerência, Product Owner/Product Manager;26/06/2026;São Paulo;São Paulo;SP;Região Sudeste;Brasil;América do Sul
199;Minerva Foods;Analista de Negócios Sênior (Senior Product Manager);São Paulo (SP);23/06 20:00;https://www.linkedin.com/jobs/view/4429487340/;https://media.licdn.com/dms/image/v2/D4D0BAQECpiovp4LEiw/company-logo_100_100/company-logo_100_100/0/1738269649242/minerva_sa_logo?e=1784160000&v=beta&t=NYDOg0W9Ene15P2ZbNSRD45jefPf-PXOD8HQkgaaGok;Produtos > Product Manager;https://www.linkedin.com/company/minerva-foods/about/;Alimentos e Bebidas;(engineering AND manager) OR (tech AND manager) OR (gerente AND de AND projetos) OR (project AND manager) OR (gerente AND de AND produtos) OR (product AND manager) OR (program AND manager) OR (senior AND program AND manager) OR (coordenador AND de AND ti) OR (it AND coordinator);minerva foods;3.0;;https://www.linkedin.com/jobs/view/4429487340/;https://www.linkedin.com/jobs/view/4429487340/;Remote;Senior, Associate, Liderança/Gerência, Product Owner/Product Manager;26/06/2026;São Paulo;São Paulo;SP;Região Sudeste;Brasil;América do Sul
200;Mobit Tecnologia;Gerente de Projetos de Implantação | Fortaleza (CE);Fortaleza (CE);20/06 20:00;https://www.linkedin.com/jobs/view/4428552120/;https://media.licdn.com/dms/image/v2/C4E0BAQE10zKVlCpLyA/company-logo_100_100/company-logo_100_100/0/1631320455521?e=1784160000&v=beta&t=_MxcYk3Hzu6AcvAqkmAUqbtmL9thlj4TbdSbkOA6YNo;Middle > Manager;https://www.linkedin.com/company/mobit-tecnologia/about/;Software e Serviços de TI;(engineering AND manager) OR (tech AND manager) OR (gerente AND de AND projetos) OR (project AND manager) OR (gerente AND de AND produtos) OR (product AND manager) OR (program AND manager) OR (senior AND program AND manager) OR (coordenador AND de AND ti) OR (it AND coordinator);mobit tecnologia;1;;https://www.linkedin.com/jobs/view/4428552120/;https://www.linkedin.com/jobs/view/4428552120/;On-site;Mid, Liderança/Gerência, Implementação;26/06/2026;Fortaleza;Ceará;CE;Região Nordeste;Brasil;América do Sul
201;MonetizeMore;Group Product Manager (Remote);Brasil;22/06 20:00;https://www.linkedin.com/jobs/view/4432003248/;https://media.licdn.com/dms/image/v2/D4D0BAQH9sgglSkbb_w/company-logo_100_100/company-logo_100_100/0/1664444404627/monetizemore_logo?e=1784160000&v=beta&t=ig4EnXIyK-Fe0txHahrtLLp4ZgYEe6lXQ3mIQbqhxF0;Produtos > Group Product Manager;https://www.linkedin.com/company/monetizemore/about/;Software e Serviços de TI;(engineering AND manager) OR (tech AND manager) OR (gerente AND de AND projetos) OR (project AND manager) OR (gerente AND de AND produtos) OR (product AND manager) OR (program AND manager) OR (senior AND program AND manager) OR (coordenador AND de AND ti) OR (it AND coordinator);monetizemore;1.0;;https://www.linkedin.com/jobs/view/4432003248/;https://www.linkedin.com/jobs/view/4432003248/;Remote;Liderança/Gerência, Product Owner/Product Manager;26/06/2026;;;;;Brasil;América do Sul
202;Monks;Project Manager - Publicidade (Vaga Afirmativa para Pessoas Negras);SP;25/06 20:00;https://www.linkedin.com/jobs/view/4415368834/;https://media.licdn.com/dms/image/v2/D560BAQEI-gxFLQF3nQ/company-logo_100_100/company-logo_100_100/0/1721303718951/mediamonks_logo?e=1784160000&v=beta&t=GcJHXSTVy5WUpEGe3cen7IIbSVeNOseuSjj0x2o2U-E;Portfolio > Projetos > Project Manager;https://www.linkedin.com/company/monks/about/;Marketing e Publicidade Marketing;(engineering AND manager) OR (tech AND manager) OR (gerente AND de AND projetos) OR (project AND manager) OR (gerente AND de AND produtos) OR (product AND manager) OR (program AND manager) OR (senior AND program AND manager) OR (coordenador AND de AND ti) OR (it AND coordinator);monks;1.0;LinkedIn (Easy Apply);https://www.linkedin.com/jobs/view/4415368834/;https://www.linkedin.com/jobs/view/4415368834/;On-site;PCD / Afirmativa, Liderança/Gerência;26/06/2026;;São Paulo;SP;Região Sudeste;Brasil;América do Sul
203;Monks;Sr Project Manager;São Paulo (SP);25/06 20:00;https://www.linkedin.com/jobs/view/4432148088/;https://media.licdn.com/dms/image/v2/D560BAQEI-gxFLQF3nQ/company-logo_100_100/company-logo_100_100/0/1721303718951/mediamonks_logo?e=1784160000&v=beta&t=GcJHXSTVy5WUpEGe3cen7IIbSVeNOseuSjj0x2o2U-E;Portfolio > Projetos > Project Manager;https://www.linkedin.com/company/monks/about/;-;(engineering AND manager) OR (tech AND manager) OR (gerente AND de AND projetos) OR (project AND manager) OR (gerente AND de AND produtos) OR (product AND manager) OR (program AND manager) OR (senior AND program AND manager) OR (coordenador AND de AND ti) OR (it AND coordinator);monks;1.0;LinkedIn (Easy Apply);https://www.linkedin.com/jobs/view/4432148088/;https://www.linkedin.com/jobs/view/4432148088/;Hybrid;Senior, Liderança/Gerência;26/06/2026;São Paulo;São Paulo;SP;Região Sudeste;Brasil;América do Sul
204;Máquinas Furlan Ltda;GERENTE DE PROJETOS PROJECT MANAGER;Limeira (SP);24/06 20:00;https://www.linkedin.com/jobs/view/4429498316/;https://media.licdn.com/dms/image/v2/D4D0BAQGKiC2-H64qUw/company-logo_100_100/B4DZuOGAvQIIAU-/0/1767615501580/m_quinas_furlan_ltda_logo?e=1784160000&v=beta&t=Z6eVGZOwuln8VxGDtLpVNhXJktBimpnc-G78h8SHoak;Portfolio > Projetos > Project Manager;https://www.linkedin.com/company/m-quinas-furlan-ltda/about/;-;(engineering AND manager) OR (tech AND manager) OR (gerente AND de AND projetos) OR (project AND manager) OR (gerente AND de AND produtos) OR (product AND manager) OR (program AND manager) OR (senior AND program AND manager) OR (coordenador AND de AND ti) OR (it AND coordinator);máquinas furlan ltda;1;;https://www.linkedin.com/jobs/view/4429498316/;https://www.linkedin.com/jobs/view/4429498316/;On-site;Mid, Liderança/Gerência;26/06/2026;Limeira;São Paulo;SP;Região Sudeste;Brasil;América do Sul
205;NEORIS;Banco de Talentos | SAP Project Manager;SP;25/06 20:00;https://www.linkedin.com/jobs/view/4425797486/;https://media.licdn.com/dms/image/v2/D4D0BAQGbMzFZiYHxoQ/company-logo_100_100/B4DZnE7F4tKsAQ-/0/1759945450079/epamneoris_logo?e=1784160000&v=beta&t=odwF2X0xhhTf22aA_3hG8-fv1mWodUcYHtH0yjY_cL4;Portfolio > Projetos > Project Manager;https://www.linkedin.com/company/neoris/about/;Serviços Financeiros;(engineering AND manager) OR (tech AND manager) OR (gerente AND de AND projetos) OR (project AND manager) OR (gerente AND de AND produtos) OR (product AND manager) OR (program AND manager) OR (senior AND program AND manager) OR (coordenador AND de AND ti) OR (it AND coordinator);neoris;1.0;Greenhouse;https://www.linkedin.com/jobs/view/4425797486/;https://www.linkedin.com/jobs/view/4425797486/;On-site;Banco de Talentos, Liderança/Gerência, SAP;26/06/2026;;São Paulo;SP;Região Sudeste;Brasil;América do Sul
206;NPS Prism;Product Manager;São Paulo (SP);23/06 20:00;https://www.linkedin.com/jobs/view/4429470277/;https://media.licdn.com/dms/image/v2/C560BAQF3ZTOXv4yYlA/company-logo_100_100/company-logo_100_100/0/1671203752938?e=1784160000&v=beta&t=6-ncnd91xNo3A28aweeRXGSN-42ZIgXD0hNEmFwAtW8;Produtos > Product Manager;https://www.linkedin.com/company/nps-prism/about/;-;(engineering AND manager) OR (tech AND manager) OR (gerente AND de AND projetos) OR (project AND manager) OR (gerente AND de AND produtos) OR (product AND manager) OR (program AND manager) OR (senior AND program AND manager) OR (coordenador AND de AND ti) OR (it AND coordinator);nps prism;1;;https://www.linkedin.com/jobs/view/4429470277/;https://www.linkedin.com/jobs/view/4429470277/;On-site;Liderança/Gerência, Product Owner/Product Manager;26/06/2026;São Paulo;São Paulo;SP;Região Sudeste;Brasil;América do Sul
207;NetCarreiras;GERENTE DE PROJETOS;Grande São Paulo (SP) ;23/06 20:00;https://www.linkedin.com/jobs/view/4429489364/;https://media.licdn.com/dms/image/v2/C4E0BAQHoJ8uaTknMog/company-logo_100_100/company-logo_100_100/0/1630570916430?e=1784160000&v=beta&t=XplrALJn4puHDWxUuaKTH7i7BKnzRCDbCmLfJyxHKVY;Middle > Manager;https://www.linkedin.com/company/netcarreiras/about/;-;(engineering AND manager) OR (tech AND manager) OR (gerente AND de AND projetos) OR (project AND manager) OR (gerente AND de AND produtos) OR (product AND manager) OR (program AND manager) OR (senior AND program AND manager) OR (coordenador AND de AND ti) OR (it AND coordinator);netcarreiras;1.0;www.netcarreiras.com.br;https://www.linkedin.com/jobs/view/4429489364/;https://www.linkedin.com/jobs/view/4429489364/;Remote;Mid, Liderança/Gerência;26/06/2026;;São Paulo;SP;Região Sudeste;Brasil;América do Sul
208;Ninecon Consultores Associados Ltda;Product Manager Sr;São Paulo (SP);25/06 21:00;https://www.linkedin.com/jobs/view/4433274222/;https://media.licdn.com/dms/image/v2/D4D0BAQFVBdNhewyWZA/company-logo_100_100/company-logo_100_100/0/1698864239364/ninecon_logo?e=1784160000&v=beta&t=O6h9m8iaWVMSH217WrXteL4Vj_ZwkdkTDeBW4kYyQ54;Produtos > Product Manager;https://www.linkedin.com/company/ninecon-consultores-associados-ltda/about/;-;(engineering AND manager) OR (tech AND manager) OR (gerente AND de AND projetos) OR (project AND manager) OR (gerente AND de AND produtos) OR (product AND manager) OR (program AND manager) OR (senior AND program AND manager) OR (coordenador AND de AND ti) OR (it AND coordinator);ninecon consultores associados ltda;1.0;Inhire;https://www.linkedin.com/jobs/view/4433274222/;https://www.linkedin.com/jobs/view/4433274222/;Hybrid;Senior, Liderança/Gerência, Product Owner/Product Manager;26/06/2026;São Paulo;São Paulo;SP;Região Sudeste;Brasil;América do Sul
209;OKX;Principal / Senior Product Manager, Local Market & Growth (Latin America);Grande São Paulo (SP) ;21/06 20:00;https://www.linkedin.com/jobs/view/4381053874/;https://media.licdn.com/dms/image/v2/D560BAQEUtvfyDUaTxA/company-logo_100_100/company-logo_100_100/0/1719256675098?e=1784160000&v=beta&t=qGpUrPQVjuWLH86SUh37w0vx3RVDW10qEyev16sdg4M;Produtos > Product Manager;https://www.linkedin.com/company/okx/about/;Software e Serviços de TI;(engineering AND manager) OR (tech AND manager) OR (gerente AND de AND projetos) OR (project AND manager) OR (gerente AND de AND produtos) OR (product AND manager) OR (program AND manager) OR (senior AND program AND manager) OR (coordenador AND de AND ti) OR (it AND coordinator);okx;1;;https://www.linkedin.com/jobs/view/4381053874/;https://www.linkedin.com/jobs/view/4381053874/;Remote;Senior, Liderança/Gerência, Product Owner/Product Manager;26/06/2026;;São Paulo;SP;Região Sudeste;Brasil;América do Sul
210;OSF Digital;Project Manager;Brasil;24/06 20:00;https://www.linkedin.com/jobs/view/4432835059/;https://media.licdn.com/dms/image/v2/D4D0BAQF1yiiHtnIfyA/company-logo_100_100/B4DZUpCAc3HYAQ-/0/1740150147280/osf_digital_logo?e=1784160000&v=beta&t=wiZq-qXFODZeWUyjhkmrJkGN4z4LE_dG3Mkt1xtKOn8;Portfolio > Projetos > Project Manager;https://www.linkedin.com/company/osf-digital/about/;Software e Serviços de TI;(engineering AND manager) OR (tech AND manager) OR (gerente AND de AND projetos) OR (project AND manager) OR (gerente AND de AND produtos) OR (product AND manager) OR (program AND manager) OR (senior AND program AND manager) OR (coordenador AND de AND ti) OR (it AND coordinator);osf digital;1.0;LinkedIn (Easy Apply);https://www.linkedin.com/jobs/view/4432835059/;https://www.linkedin.com/jobs/view/4432835059/;Remote;Liderança/Gerência;26/06/2026;;;;;Brasil;América do Sul
211;Objective;Gerente de Projetos (PMO) - SR - Inglês avançado - Hibrido - PJ;Barueri (SP);24/06 20:00;https://www.linkedin.com/jobs/view/4432915292/;https://media.licdn.com/dms/image/v2/C4E0BAQFWcdNXVCbZpQ/company-logo_100_100/company-logo_100_100/0/1630628005291/objectivebr_logo?e=1784160000&v=beta&t=Phw4uW_FC0CbdMuVtZmnyJGUd0fJH__eDvUXboMGNWM;Middle > Manager;https://www.linkedin.com/company/objective/about/;Software e Serviços de TI;(engineering AND manager) OR (tech AND manager) OR (gerente AND de AND projetos) OR (project AND manager) OR (gerente AND de AND produtos) OR (product AND manager) OR (program AND manager) OR (senior AND program AND manager) OR (coordenador AND de AND ti) OR (it AND coordinator);objective;1.0;Inhire;https://www.linkedin.com/jobs/view/4432915292/;https://www.linkedin.com/jobs/view/4432915292/;Hybrid;Inglês Fluente/Avançado, Freelance/PJ, Senior, Mid, Liderança/Gerência, PMO;26/06/2026;Barueri;São Paulo;SP;Região Sudeste;Brasil;América do Sul
212;Oceaneering;Project Manager;Macaé (RJ);20/06 20:00;https://www.linkedin.com/jobs/view/4421278017/;https://media.licdn.com/dms/image/v2/C510BAQFZNLZ5eVmYDg/company-logo_100_100/company-logo_100_100/0/1631303819267?e=1784160000&v=beta&t=WppnICwkjm0xkiTZ0BbbP9Rlv0p9Hr-Tr8Mb-RrF28o;Portfolio > Projetos > Project Manager;https://www.linkedin.com/company/oceaneering/about/;-;(engineering AND manager) OR (tech AND manager) OR (gerente AND de AND projetos) OR (project AND manager) OR (gerente AND de AND produtos) OR (product AND manager) OR (program AND manager) OR (senior AND program AND manager) OR (coordenador AND de AND ti) OR (it AND coordinator);oceaneering;1.0;Oracle;https://www.linkedin.com/jobs/view/4421278017/;https://www.linkedin.com/jobs/view/4421278017/;On-site;Liderança/Gerência;26/06/2026;Macaé;Rio de Janeiro;RJ;Região Sudeste;Brasil;América do Sul
213;Oderço;Gerente de Produtos;Maringá (PR);22/06 20:00;https://www.linkedin.com/jobs/view/4428952786/;https://media.licdn.com/dms/image/v2/D4D0BAQFv0G8a94lZYw/company-logo_100_100/company-logo_100_100/0/1716214730762/odercodistribuidora_logo?e=1784160000&v=beta&t=a-HlSGg9uamfDfsXe8yln8TSzcNk4Q8mnbZphCjMJkw;Middle > Manager;https://www.linkedin.com/company/oder-o/about/;-;(engineering AND manager) OR (tech AND manager) OR (gerente AND de AND projetos) OR (project AND manager) OR (gerente AND de AND produtos) OR (product AND manager) OR (program AND manager) OR (senior AND program AND manager) OR (coordenador AND de AND ti) OR (it AND coordinator);oderço;1;;https://www.linkedin.com/jobs/view/4428952786/;https://www.linkedin.com/jobs/view/4428952786/;On-site;Mid, Liderança/Gerência;26/06/2026;Maringá;Paraná;PR;Região Sul;Brasil;América do Sul
214;Omnilink;GERENTE DE PRODUTOS SAFE;Barueri (SP);26/06 18:00;https://www.linkedin.com/jobs/view/4434024939/;https://media.licdn.com/dms/image/v2/D4D0BAQFwLwtHeOH5BA/company-logo_100_100/company-logo_100_100/0/1736858015321/omnilinkbr_logo?e=1784160000&v=beta&t=yvw92VdiZp6feGjQZOhyjnizN1Q-nVFy590DZ1qq9Rw;Agility > Safe;https://www.linkedin.com/company/omnilink/about/;-;(engineering AND manager) OR (tech AND manager) OR (gerente AND de AND projetos) OR (project AND manager) OR (gerente AND de AND produtos) OR (product AND manager) OR (program AND manager) OR (senior AND program AND manager) OR (coordenador AND de AND ti) OR (it AND coordinator);omnilink;1.0;;https://www.linkedin.com/jobs/view/4434024939/;https://www.linkedin.com/jobs/view/4434024939/;On-site;Mid, Liderança/Gerência;26/06/2026;Barueri;São Paulo;SP;Região Sudeste;Brasil;América do Sul
215;Onzze;Coordenador de TI;Grande Belo Horizonte (MG);24/06 20:00;https://www.linkedin.com/jobs/view/4431832600/;https://media.licdn.com/dms/image/v2/C4D0BAQGHBWzZPQ5KdA/company-logo_100_100/company-logo_100_100/0/1636417779827/onzze_rh_logo?e=1784160000&v=beta&t=8ez5otdPgrmAIxEMFTgrv1oqWAHb658wIfkAIqk_RB4;Middle > Manager;https://www.linkedin.com/company/onzze/about/;Software e Serviços de TI;(engineering AND manager) OR (tech AND manager) OR (gerente AND de AND projetos) OR (project AND manager) OR (gerente AND de AND produtos) OR (product AND manager) OR (program AND manager) OR (senior AND program AND manager) OR (coordenador AND de AND ti) OR (it AND coordinator);onzze;1.0;Quickin;https://www.linkedin.com/jobs/view/4431832600/;https://www.linkedin.com/jobs/view/4431832600/;On-site;Mid, Liderança/Gerência, TI/Tech;26/06/2026;;Minas Gerais;MG;Região Sudeste;Brasil;América do Sul
216;PagBank;Gerente de Produtos (Business Analytics);São Paulo (SP);23/06 20:00;https://www.linkedin.com/jobs/view/4430863227/;https://media.licdn.com/dms/image/v2/D4D0BAQFNHYkM6Qxejw/company-logo_100_100/B4DZyexaT9I8AY-/0/1772190279667/pagbank_logo?e=1784160000&v=beta&t=fx39ool7cdHZ4lfPcJ03WeCpGd3gKNYvkyIOy4oaaD8;Data & Ai > BI Analytics And Big Data;https://www.linkedin.com/company/pagbank/about/;Dados e Analytics;(engineering AND manager) OR (tech AND manager) OR (gerente AND de AND projetos) OR (project AND manager) OR (gerente AND de AND produtos) OR (product AND manager) OR (program AND manager) OR (senior AND program AND manager) OR (coordenador AND de AND ti) OR (it AND coordinator);pagbank;3.0;Gupy;https://www.linkedin.com/jobs/view/4430863227/;https://www.linkedin.com/jobs/view/4430863227/;Hybrid;Mid, Liderança/Gerência, Dados/Analytics;26/06/2026;São Paulo;São Paulo;SP;Região Sudeste;Brasil;América do Sul
217;Pagaleve;Product Manager Sênior / Especialista – Aplicativo (Retenção & Monetização);Brasil;22/06 20:00;https://www.linkedin.com/jobs/view/4429412706/;https://media.licdn.com/dms/image/v2/D4D0BAQFZzlrukM0N1g/company-logo_100_100/B4DZ3y4E9yH0AI-/0/1777896280130/pagaleve_logo?e=1784160000&v=beta&t=m7JTxpuipkJR2rWFu6rxPXSOlJts9LgkWaMnF26jegY;Produtos > Product Manager;https://www.linkedin.com/company/pagaleve/about/;Software e Serviços de TI;(engineering AND manager) OR (tech AND manager) OR (gerente AND de AND projetos) OR (project AND manager) OR (gerente AND de AND produtos) OR (product AND manager) OR (program AND manager) OR (senior AND program AND manager) OR (coordenador AND de AND ti) OR (it AND coordinator);pagaleve;1.0;;https://www.linkedin.com/jobs/view/4429412706/;https://www.linkedin.com/jobs/view/4429412706/;Remote;Specialist, Senior, Liderança/Gerência, Product Owner/Product Manager;26/06/2026;;;;;Brasil;América do Sul
218;Parcero;Agile Digital Project Manager (100% Remote);Brasil;26/06 20:00;https://www.linkedin.com/jobs/view/4434045776/;https://media.licdn.com/dms/image/v2/D4E0BAQGinrtTZMO_2w/company-logo_100_100/B4EZoscY4vGoAQ-/0/1761682231246/unschoolingco_logo?e=1784160000&v=beta&t=ZYPEZeOoBPYxtan-qRtror0yPv33DxvqPbAjfLx-gvg;Portfolio > Projetos > Project Manager;https://www.linkedin.com/company/parcero/about/;Software e Serviços de TI;(engineering AND manager) OR (tech AND manager) OR (gerente AND de AND projetos) OR (project AND manager) OR (gerente AND de AND produtos) OR (product AND manager) OR (program AND manager) OR (senior AND program AND manager) OR (coordenador AND de AND ti) OR (it AND coordinator);parcero;1.0;Unknown/Error;https://www.linkedin.com/jobs/view/4434045776/;https://www.linkedin.com/jobs/view/4434045776/;Remote;Liderança/Gerência, TI/Tech, Scrum/Agile;26/06/2026;;;;;Brasil;América do Sul
219;Pave Talent;Amazon Project Manager, Seller Central + Helium 10 Specialist (Listings, A+, Promos) | 3564522;América Latina;23/06 20:00;https://www.linkedin.com/jobs/view/4431451915/;https://media.licdn.com/dms/image/v2/D560BAQFfqOxHZFg8NQ/company-logo_100_100/B56Z7xO15MGQAI-/0/1782163660650/pavetalent_logo?e=1784160000&v=beta&t=mm4qi9wX2YYEldj40G4qSWU_uY5xCQRfzlc42ihdBvQ;Portfolio > Projetos > Project Manager;https://www.linkedin.com/company/pave-talent/about/;Software e Serviços de TI;(engineering AND manager) OR (tech AND manager) OR (gerente AND de AND projetos) OR (project AND manager) OR (gerente AND de AND produtos) OR (product AND manager) OR (program AND manager) OR (senior AND program AND manager) OR (coordenador AND de AND ti) OR (it AND coordinator);pave talent;1.0;LinkedIn (Easy Apply);https://www.linkedin.com/jobs/view/4431451915/;https://www.linkedin.com/jobs/view/4431451915/;Remote;Specialist, Liderança/Gerência;26/06/2026;;;;;;América Latina
220;Paytrack;Product Manager — Pagamentos de Travel;Brasil;23/06 20:00;https://www.linkedin.com/jobs/view/4428718695/;https://media.licdn.com/dms/image/v2/D4D0BAQETCRygOSxSOg/company-logo_100_100/company-logo_100_100/0/1728492252094/paytrack_logo?e=1784160000&v=beta&t=Q0orDQk9Li1LFwNcg2MgE4HRgUT4pQlG5QPxknWMcow;Produtos > Product Manager;https://www.linkedin.com/company/paytrack/about/;Serviços Financeiros;(engineering AND manager) OR (tech AND manager) OR (gerente AND de AND projetos) OR (project AND manager) OR (gerente AND de AND produtos) OR (product AND manager) OR (program AND manager) OR (senior AND program AND manager) OR (coordenador AND de AND ti) OR (it AND coordinator);paytrack;1.0;Inhire;https://www.linkedin.com/jobs/view/4428718695/;https://www.linkedin.com/jobs/view/4428718695/;Remote;Liderança/Gerência, Product Owner/Product Manager;26/06/2026;;;;;Brasil;América do Sul
221;Persona;Assistant Project Manager (Work From Home);América Latina;22/06 20:00;https://www.linkedin.com/jobs/view/4430373604/;https://media.licdn.com/dms/image/v2/D560BAQFBONOpYEyekA/company-logo_100_100/B56Zqm5c0MJsAQ-/0/1763736670143/personatalent_logo?e=1784160000&v=beta&t=dVMOGpw8LXLN6UWnpk8txgcpjg5muMXaDp7cTy9u5QI;Portfolio > Projetos > Project Manager;https://www.linkedin.com/company/persona/about/;-;(engineering AND manager) OR (tech AND manager) OR (gerente AND de AND projetos) OR (project AND manager) OR (gerente AND de AND produtos) OR (product AND manager) OR (program AND manager) OR (senior AND program AND manager) OR (coordenador AND de AND ti) OR (it AND coordinator);persona;1.0;tally.so;https://www.linkedin.com/jobs/view/4430373604/;https://www.linkedin.com/jobs/view/4430373604/;Remote;Associate, Liderança/Gerência;26/06/2026;;;;;;América Latina
222;Persona;Project Manager (Work From Home);América Latina;22/06 20:00;https://www.linkedin.com/jobs/view/4430386031/;https://media.licdn.com/dms/image/v2/D560BAQFBONOpYEyekA/company-logo_100_100/B56Zqm5c0MJsAQ-/0/1763736670143/personatalent_logo?e=1784160000&v=beta&t=dVMOGpw8LXLN6UWnpk8txgcpjg5muMXaDp7cTy9u5QI;Portfolio > Projetos > Project Manager;https://www.linkedin.com/company/persona/about/;-;(engineering AND manager) OR (tech AND manager) OR (gerente AND de AND projetos) OR (project AND manager) OR (gerente AND de AND produtos) OR (product AND manager) OR (program AND manager) OR (senior AND program AND manager) OR (coordenador AND de AND ti) OR (it AND coordinator);persona;1.0;tally.so;https://www.linkedin.com/jobs/view/4430386031/;https://www.linkedin.com/jobs/view/4430386031/;Remote;Liderança/Gerência;26/06/2026;;;;;;América Latina
223;Persona;Senior Technical Product Manager (Work From Home);América Latina;22/06 20:00;https://www.linkedin.com/jobs/view/4430391141/;https://media.licdn.com/dms/image/v2/D560BAQFBONOpYEyekA/company-logo_100_100/B56Zqm5c0MJsAQ-/0/1763736670143/personatalent_logo?e=1784160000&v=beta&t=dVMOGpw8LXLN6UWnpk8txgcpjg5muMXaDp7cTy9u5QI;Produtos > Product Manager;https://www.linkedin.com/company/persona/about/;Software e Serviços de TI;(engineering AND manager) OR (tech AND manager) OR (gerente AND de AND projetos) OR (project AND manager) OR (gerente AND de AND produtos) OR (product AND manager) OR (program AND manager) OR (senior AND program AND manager) OR (coordenador AND de AND ti) OR (it AND coordinator);persona;1.0;tally.so;https://www.linkedin.com/jobs/view/4430391141/;https://www.linkedin.com/jobs/view/4430391141/;Remote;Senior, Liderança/Gerência, TI/Tech, Product Owner/Product Manager;26/06/2026;;;;;;América Latina
224;Persona;Senior Technical Project Manager (Work From Home);América Latina;22/06 20:00;https://www.linkedin.com/jobs/view/4430381109/;https://media.licdn.com/dms/image/v2/D560BAQFBONOpYEyekA/company-logo_100_100/B56Zqm5c0MJsAQ-/0/1763736670143/personatalent_logo?e=1784160000&v=beta&t=dVMOGpw8LXLN6UWnpk8txgcpjg5muMXaDp7cTy9u5QI;Portfolio > Projetos > Project Manager;https://www.linkedin.com/company/persona/about/;Software e Serviços de TI;(engineering AND manager) OR (tech AND manager) OR (gerente AND de AND projetos) OR (project AND manager) OR (gerente AND de AND produtos) OR (product AND manager) OR (program AND manager) OR (senior AND program AND manager) OR (coordenador AND de AND ti) OR (it AND coordinator);persona;1.0;tally.so;https://www.linkedin.com/jobs/view/4430381109/;https://www.linkedin.com/jobs/view/4430381109/;Remote;Senior, Liderança/Gerência, TI/Tech;26/06/2026;;;;;;América Latina
225;Platform Builders;Product Manager Sênior - Supply Chain | Butantã - SP;São Paulo (SP);26/06 12:00;https://www.linkedin.com/jobs/view/4430619029/;https://media.licdn.com/dms/image/v2/C560BAQHMjfT2f8er3g/company-logo_100_100/company-logo_100_100/0/1630575167215/platformbuilders_logo?e=1784160000&v=beta&t=ntIkyDEDMBj6jFGfT8-eEX3S_r6tTmb85VcqUBRgkww;Produtos > Product Manager;https://www.linkedin.com/company/platform-builders/about/;Logística e Supply Chain;(engineering AND manager) OR (tech AND manager) OR (gerente AND de AND projetos) OR (project AND manager) OR (gerente AND de AND produtos) OR (product AND manager) OR (program AND manager) OR (senior AND program AND manager) OR (coordenador AND de AND ti) OR (it AND coordinator);platform builders;1.0;;https://www.linkedin.com/jobs/view/4430619029/;https://www.linkedin.com/jobs/view/4430619029/;Hybrid;Senior, Liderança/Gerência, Product Owner/Product Manager, Logística/Supply;26/06/2026;São Paulo;São Paulo;SP;Região Sudeste;Brasil;América do Sul
226;Playlist;Engineering Manager;Brasil;26/06 07:00;https://www.linkedin.com/jobs/view/4396146933/;https://media.licdn.com/dms/image/v2/D4E0BAQFm5lGcjcCpxQ/company-logo_100_100/B4EZc7O3PyHsAQ-/0/1749045441841?e=1784160000&v=beta&t=hjJBIaV0XK0aIg60L0gwWN_t03wvOY3uvV7BLn8SeEQ;Middle > Manager;https://www.linkedin.com/company/playlist/about/;-;(engineering AND manager) OR (tech AND manager) OR (gerente AND de AND projetos) OR (project AND manager) OR (gerente AND de AND produtos) OR (product AND manager) OR (program AND manager) OR (senior AND program AND manager) OR (coordenador AND de AND ti) OR (it AND coordinator);playlist;1.0;LinkedIn (Easy Apply);https://www.linkedin.com/jobs/view/4396146933/;https://www.linkedin.com/jobs/view/4396146933/;Remote;Liderança/Gerência, Engenharia Geral;26/06/2026;;;;;Brasil;América do Sul
227;Plena Performance;Gerente de projetos - Atuação por Projetos;Brasil;24/06 20:00;https://www.linkedin.com/jobs/view/4431866204/;https://media.licdn.com/dms/image/v2/D4D0BAQE1Y-fBlYsFcw/company-logo_100_100/B4DZnuNnNmIgAQ-/0/1760638171405/plena_performance_logo?e=1784160000&v=beta&t=IWMUJE2Pyhj-eCJYQ8nI89fpfeJYQvUrlV6MLVn5q20;Middle > Manager;https://www.linkedin.com/company/plena-performance/about/;-;(engineering AND manager) OR (tech AND manager) OR (gerente AND de AND projetos) OR (project AND manager) OR (gerente AND de AND produtos) OR (product AND manager) OR (program AND manager) OR (senior AND program AND manager) OR (coordenador AND de AND ti) OR (it AND coordinator);plena performance;1.0;plenaperformance.com.br;https://www.linkedin.com/jobs/view/4431866204/;https://www.linkedin.com/jobs/view/4431866204/;Remote;Mid, Liderança/Gerência;26/06/2026;;;;;Brasil;América do Sul
228;Porto;Product Manager - Canal Comercial;São Paulo (SP);23/06 20:00;https://www.linkedin.com/jobs/view/4432405419/;https://media.licdn.com/dms/image/v2/C4D0BAQHdvjiq_3u9SQ/company-logo_100_100/company-logo_100_100/0/1651181402504?e=1784160000&v=beta&t=-MnFch0N9lYZDhZ6aA9YgAa6ilM8wA8oroA2_8ALazc;Produtos > Product Manager;https://www.linkedin.com/company/porto/about/;Vendas e Suporte;(engineering AND manager) OR (tech AND manager) OR (gerente AND de AND projetos) OR (project AND manager) OR (gerente AND de AND produtos) OR (product AND manager) OR (program AND manager) OR (senior AND program AND manager) OR (coordenador AND de AND ti) OR (it AND coordinator);porto;4.0;Gupy;https://www.linkedin.com/jobs/view/4432405419/;https://www.linkedin.com/jobs/view/4432405419/;Hybrid;Liderança/Gerência, Product Owner/Product Manager, Vendas / Comercial;26/06/2026;São Paulo;São Paulo;SP;Região Sudeste;Brasil;América do Sul
229;Porto;Product Manager - Jornadas;São Paulo (SP);25/06 20:00;https://www.linkedin.com/jobs/view/4423072103/;https://media.licdn.com/dms/image/v2/C4D0BAQHdvjiq_3u9SQ/company-logo_100_100/company-logo_100_100/0/1651181402504?e=1784160000&v=beta&t=-MnFch0N9lYZDhZ6aA9YgAa6ilM8wA8oroA2_8ALazc;Produtos > Product Manager;https://www.linkedin.com/company/porto/about/;-;(engineering AND manager) OR (tech AND manager) OR (gerente AND de AND projetos) OR (project AND manager) OR (gerente AND de AND produtos) OR (product AND manager) OR (program AND manager) OR (senior AND program AND manager) OR (coordenador AND de AND ti) OR (it AND coordinator);porto;4.0;Gupy;https://www.linkedin.com/jobs/view/4423072103/;https://www.linkedin.com/jobs/view/4423072103/;On-site;Liderança/Gerência, Product Owner/Product Manager;26/06/2026;São Paulo;São Paulo;SP;Região Sudeste;Brasil;América do Sul
230;Porto;Product Manager - Produtos;São Paulo (SP);25/06 20:00;https://www.linkedin.com/jobs/view/4423053994/;https://media.licdn.com/dms/image/v2/C4D0BAQHdvjiq_3u9SQ/company-logo_100_100/company-logo_100_100/0/1651181402504?e=1784160000&v=beta&t=-MnFch0N9lYZDhZ6aA9YgAa6ilM8wA8oroA2_8ALazc;Produtos > Product Manager;https://www.linkedin.com/company/porto/about/;-;(engineering AND manager) OR (tech AND manager) OR (gerente AND de AND projetos) OR (project AND manager) OR (gerente AND de AND produtos) OR (product AND manager) OR (program AND manager) OR (senior AND program AND manager) OR (coordenador AND de AND ti) OR (it AND coordinator);porto;4.0;Gupy;https://www.linkedin.com/jobs/view/4423053994/;https://www.linkedin.com/jobs/view/4423053994/;On-site;Liderança/Gerência, Product Owner/Product Manager;26/06/2026;São Paulo;São Paulo;SP;Região Sudeste;Brasil;América do Sul
231;Projectiva Holding;Coordenador de TI / Projetos e Sistemas;São Leopoldo (RS);23/06 20:00;https://www.linkedin.com/jobs/view/4431444898/;https://media.licdn.com/dms/image/v2/D4D0BAQHu-afFQFIJjQ/company-logo_100_100/B4DZbOuoSuG0AQ-/0/1747225052909/projectivaholding_logo?e=1784160000&v=beta&t=ND_OYr6JIfHC12kewvIPTa0bklb3k02EAsYZYh9kbds;Middle > Manager;https://www.linkedin.com/company/projectiva-holding/about/;Software e Serviços de TI;(engineering AND manager) OR (tech AND manager) OR (gerente AND de AND projetos) OR (project AND manager) OR (gerente AND de AND produtos) OR (product AND manager) OR (program AND manager) OR (senior AND program AND manager) OR (coordenador AND de AND ti) OR (it AND coordinator);projectiva holding;1;;https://www.linkedin.com/jobs/view/4431444898/;https://www.linkedin.com/jobs/view/4431444898/;On-site;Mid, Liderança/Gerência, TI/Tech;26/06/2026;São Leopoldo;Rio Grande do Sul;RS;Região Sul;Brasil;América do Sul
232;QiBit;Product Manager - (Chatbot);Barueri (SP);25/06 20:00;https://www.linkedin.com/jobs/view/4430637126/;https://media.licdn.com/dms/image/v2/D560BAQGXpBtKuttQXA/company-logo_100_100/company-logo_100_100/0/1711544513936/thebridgesocial_logo?e=1784160000&v=beta&t=dyGBdtm8HQWPseoTusca4ZSihejsm8gaaBZB1ytJYuk;Produtos > Product Manager;https://www.linkedin.com/company/qibit/about/;Software e Serviços de TI;(engineering AND manager) OR (tech AND manager) OR (gerente AND de AND projetos) OR (project AND manager) OR (gerente AND de AND produtos) OR (product AND manager) OR (program AND manager) OR (senior AND program AND manager) OR (coordenador AND de AND ti) OR (it AND coordinator);qibit;1.0;;https://www.linkedin.com/jobs/view/4430637126/;https://www.linkedin.com/jobs/view/4430637126/;On-site;Liderança/Gerência, Product Owner/Product Manager;26/06/2026;Barueri;São Paulo;SP;Região Sudeste;Brasil;América do Sul
233;QiBit;Product Manager - (Product Experience);Barueri (SP);26/06 17:00;https://www.linkedin.com/jobs/view/4430647006/;https://media.licdn.com/dms/image/v2/D560BAQGXpBtKuttQXA/company-logo_100_100/company-logo_100_100/0/1711544513936/thebridgesocial_logo?e=1784160000&v=beta&t=dyGBdtm8HQWPseoTusca4ZSihejsm8gaaBZB1ytJYuk;Produtos > Product Manager;https://www.linkedin.com/company/qibit/about/;Software e Serviços de TI;(engineering AND manager) OR (tech AND manager) OR (gerente AND de AND projetos) OR (project AND manager) OR (gerente AND de AND produtos) OR (product AND manager) OR (program AND manager) OR (senior AND program AND manager) OR (coordenador AND de AND ti) OR (it AND coordinator);qibit;1.0;;https://www.linkedin.com/jobs/view/4430647006/;https://www.linkedin.com/jobs/view/4430647006/;On-site;Liderança/Gerência, Product Owner/Product Manager;26/06/2026;Barueri;São Paulo;SP;Região Sudeste;Brasil;América do Sul
234;Quadrante;Gerente de Projetos - Subestações;São Paulo (SP);25/06 20:00;https://www.linkedin.com/jobs/view/4430647198/;https://media.licdn.com/dms/image/v2/D4D0BAQFyzlDkZFDmAA/company-logo_100_100/company-logo_100_100/0/1708424694973/quadrante_group_logo?e=1784160000&v=beta&t=qCa4NyFl3i-CaNm1pyBfw7gRvyiuvoVwSHay_2BFoXM;Middle > Manager;https://www.linkedin.com/company/quadrante/about/;-;(engineering AND manager) OR (tech AND manager) OR (gerente AND de AND projetos) OR (project AND manager) OR (gerente AND de AND produtos) OR (product AND manager) OR (program AND manager) OR (senior AND program AND manager) OR (coordenador AND de AND ti) OR (it AND coordinator);quadrante;1.0;LinkedIn (Easy Apply);https://www.linkedin.com/jobs/view/4430647198/;https://www.linkedin.com/jobs/view/4430647198/;Hybrid;Mid, Liderança/Gerência;26/06/2026;São Paulo;São Paulo;SP;Região Sudeste;Brasil;América do Sul
235;Quantra;Gerente de projetos;Belo Horizonte (MG);24/06 20:00;https://www.linkedin.com/jobs/view/4432851857/;https://media.licdn.com/dms/image/v2/D4D0BAQHfWzt1v4fNlA/company-logo_100_100/B4DZT8WojTHAAU-/0/1739400579851?e=1784160000&v=beta&t=Thz1tkqEDIcsjMImetcYYiJvaQOKLMq6dJ6H-InZwCY;Middle > Manager;https://www.linkedin.com/company/quantra/about/;-;(engineering AND manager) OR (tech AND manager) OR (gerente AND de AND projetos) OR (project AND manager) OR (gerente AND de AND produtos) OR (product AND manager) OR (program AND manager) OR (senior AND program AND manager) OR (coordenador AND de AND ti) OR (it AND coordinator);quantra;1;;https://www.linkedin.com/jobs/view/4432851857/;https://www.linkedin.com/jobs/view/4432851857/;On-site;Mid, Liderança/Gerência;26/06/2026;Belo Horizonte;Minas Gerais;MG;Região Sudeste;Brasil;América do Sul
236;ROIT;Product Manager;São Paulo (SP);24/06 20:00;https://www.linkedin.com/jobs/view/4429868184/;https://media.licdn.com/dms/image/v2/D4D0BAQEE7DG4xZusXQ/company-logo_100_100/B4DZ6olrs9I0AI-/0/1780944911749/roit_ai_logo?e=1784160000&v=beta&t=gJ1NNCdfA37Rnzz8oMJF0taHubHV7ycNqdjoXSq1Ak8;Produtos > Product Manager;https://www.linkedin.com/company/roit/about/;Software e Serviços de TI;(engineering AND manager) OR (tech AND manager) OR (gerente AND de AND projetos) OR (project AND manager) OR (gerente AND de AND produtos) OR (product AND manager) OR (program AND manager) OR (senior AND program AND manager) OR (coordenador AND de AND ti) OR (it AND coordinator);roit;1.0;Vagas.com;https://www.linkedin.com/jobs/view/4429868184/;https://www.linkedin.com/jobs/view/4429868184/;Hybrid;Liderança/Gerência, Product Owner/Product Manager;26/06/2026;São Paulo;São Paulo;SP;Região Sudeste;Brasil;América do Sul
237;ROSEN;Project Manager - Engineering;RJ;24/06 20:00;https://www.linkedin.com/jobs/view/4431863145/;https://media.licdn.com/dms/image/v2/D560BAQHoqmJenV7CDA/company-logo_100_100/company-logo_100_100/0/1714116244044/rosen_logo?e=1784160000&v=beta&t=HMspW5W4OWE-dV9O9j-B0_7zfAb6jXP2kl5ewZuzpdI;Portfolio > Projetos > Project Manager;https://www.linkedin.com/company/rosen/about/;-;(engineering AND manager) OR (tech AND manager) OR (gerente AND de AND projetos) OR (project AND manager) OR (gerente AND de AND produtos) OR (product AND manager) OR (program AND manager) OR (senior AND program AND manager) OR (coordenador AND de AND ti) OR (it AND coordinator);rosen;1;;https://www.linkedin.com/jobs/view/4431863145/;https://www.linkedin.com/jobs/view/4431863145/;Hybrid;Liderança/Gerência, Engenharia Geral;26/06/2026;;Rio de Janeiro;RJ;Região Sudeste;Brasil;América do Sul
238;Radartec;Gerente de Projetos Atuação;São Paulo (SP);25/06 20:00;https://www.linkedin.com/jobs/view/4433314359/;https://media.licdn.com/dms/image/v2/C4D0BAQFOy6dzb7ZxHQ/company-logo_100_100/company-logo_100_100/0/1631326999577?e=1784160000&v=beta&t=KAmKlE-mbqyI4ddE3G2jD-LEG9h0DI57OAkNz0siQxo;Middle > Manager;https://www.linkedin.com/company/radartec/about/;-;(engineering AND manager) OR (tech AND manager) OR (gerente AND de AND projetos) OR (project AND manager) OR (gerente AND de AND produtos) OR (product AND manager) OR (program AND manager) OR (senior AND program AND manager) OR (coordenador AND de AND ti) OR (it AND coordinator);radartec;1.0;radartec.com.br;https://www.linkedin.com/jobs/view/4433314359/;https://www.linkedin.com/jobs/view/4433314359/;Remote;Mid, Liderança/Gerência;26/06/2026;São Paulo;São Paulo;SP;Região Sudeste;Brasil;América do Sul
239;Raízen;Product Manager - Shell Box;São Paulo (SP);23/06 20:00;https://www.linkedin.com/jobs/view/4429477530/;https://media.licdn.com/dms/image/v2/D4D0BAQGxbiHInI-ZqA/company-logo_100_100/B4DZ1KcQIvGgAU-/0/1775070413806/raizenoficial_logo?e=1784160000&v=beta&t=81_Lt5uk4Xk7DcalYrwGT63V88I_rAyFpIAV79BmszY;Produtos > Product Manager;https://www.linkedin.com/company/ra-zen/about/;Energia e Combustíveis;(engineering AND manager) OR (tech AND manager) OR (gerente AND de AND projetos) OR (project AND manager) OR (gerente AND de AND produtos) OR (product AND manager) OR (program AND manager) OR (senior AND program AND manager) OR (coordenador AND de AND ti) OR (it AND coordinator);raízen;1.0;Gupy;https://www.linkedin.com/jobs/view/4429477530/;https://www.linkedin.com/jobs/view/4429477530/;On-site;Liderança/Gerência, Product Owner/Product Manager;26/06/2026;São Paulo;São Paulo;SP;Região Sudeste;Brasil;América do Sul
240;RedeFlex Comércio e Serviço de Telefonia Ltda;Product Manager - Engajar e Fidelizar;Brasil;25/06 20:00;https://www.linkedin.com/jobs/view/4432135757/;https://media.licdn.com/dms/image/v2/D4D0BAQFf1HRnPgKPLg/company-logo_100_100/B4DZyvTNuQG8AU-/0/1772467576187/redeflex_logo?e=1784160000&v=beta&t=cD-YcWDiOHADgDzin-ajdI37ZgLM-EH-nE8HONe_pr8;Produtos > Product Manager;https://www.linkedin.com/company/redeflex-com-rcio-e-servi-o-de-telefonia-ltda/about/;Telecomunicações;(engineering AND manager) OR (tech AND manager) OR (gerente AND de AND projetos) OR (project AND manager) OR (gerente AND de AND produtos) OR (product AND manager) OR (program AND manager) OR (senior AND program AND manager) OR (coordenador AND de AND ti) OR (it AND coordinator);redeflex comércio e serviço de telefonia ltda;1;;https://www.linkedin.com/jobs/view/4432135757/;https://www.linkedin.com/jobs/view/4432135757/;On-site;Liderança/Gerência, Product Owner/Product Manager;26/06/2026;;;;;Brasil;América do Sul
241;Remote Leverage;Project Manager;América Latina;26/06 17:00;https://www.linkedin.com/jobs/view/4431725405/;https://media.licdn.com/dms/image/v2/D4E0BAQF2iwfYS078vA/company-logo_100_100/B4EZ6y_xwBKYAI-/0/1781119524097/remote_leverage_logo?e=1784160000&v=beta&t=fC0vQzrxateXBJahNH6NKS1XXVkxjYe7WiqKZYXF2QE;Portfolio > Projetos > Project Manager;https://www.linkedin.com/company/remote-leverage/about/;-;(engineering AND manager) OR (tech AND manager) OR (gerente AND de AND projetos) OR (project AND manager) OR (gerente AND de AND produtos) OR (product AND manager) OR (program AND manager) OR (senior AND program AND manager) OR (coordenador AND de AND ti) OR (it AND coordinator);remote leverage;1.0;Recruit CRM;https://www.linkedin.com/jobs/view/4431725405/;https://www.linkedin.com/jobs/view/4431725405/;Remote;Liderança/Gerência;26/06/2026;;;;;;América Latina
242;Riachuelo;Product Manager Especialista de Canais Conversacionais;São Paulo (SP);24/06 20:00;https://www.linkedin.com/jobs/view/4429847585/;https://media.licdn.com/dms/image/v2/D4D0BAQHYnDOfMRYPZQ/company-logo_100_100/B4DZraA3sxIgAQ-/0/1764594253290/riachuelo_logo?e=1784160000&v=beta&t=63K_c3_YSyQQq6ZRhRNtRZPwbpQSBHvpAKM6yzewsNA;Produtos > Product Manager;https://www.linkedin.com/company/riachuelo/about/;-;(engineering AND manager) OR (tech AND manager) OR (gerente AND de AND projetos) OR (project AND manager) OR (gerente AND de AND produtos) OR (product AND manager) OR (program AND manager) OR (senior AND program AND manager) OR (coordenador AND de AND ti) OR (it AND coordinator);riachuelo;3.0;;https://www.linkedin.com/jobs/view/4429847585/;https://www.linkedin.com/jobs/view/4429847585/;Hybrid;Specialist, Liderança/Gerência, Product Owner/Product Manager;26/06/2026;São Paulo;São Paulo;SP;Região Sudeste;Brasil;América do Sul
243;Rimini Street;Client Program Manager – Tax & Regulatory Solutions LATAM;Brasil;23/06 20:00;https://www.linkedin.com/jobs/view/4422116084/;https://media.licdn.com/dms/image/v2/D4E0BAQHiCR_-VrwU7w/company-logo_100_100/company-logo_100_100/0/1730296412497/rimini_street_logo?e=1784160000&v=beta&t=zDi8EGFQ52UplwLYQZFxyLtTkgQkM9wq5HNnTpQHTbM;Portfolio > Programas > Program Manager;https://www.linkedin.com/company/rimini-street/about/;Software e Serviços de TI;(engineering AND manager) OR (tech AND manager) OR (gerente AND de AND projetos) OR (project AND manager) OR (gerente AND de AND produtos) OR (product AND manager) OR (program AND manager) OR (senior AND program AND manager) OR (coordenador AND de AND ti) OR (it AND coordinator);rimini street;1.0;Workday;https://www.linkedin.com/jobs/view/4422116084/;https://www.linkedin.com/jobs/view/4422116084/;Remote;Liderança/Gerência, Financeiro/Fiscal;26/06/2026;;;;;Brasil;América do Sul
244;Rimini Street;Onboarding Project Manager;Brasil;26/06 06:00;https://www.linkedin.com/jobs/view/4414925460/;https://media.licdn.com/dms/image/v2/D4E0BAQHiCR_-VrwU7w/company-logo_100_100/company-logo_100_100/0/1730296412497/rimini_street_logo?e=1784160000&v=beta&t=zDi8EGFQ52UplwLYQZFxyLtTkgQkM9wq5HNnTpQHTbM;Portfolio > Projetos > Project Manager;https://www.linkedin.com/company/rimini-street/about/;-;(engineering AND manager) OR (tech AND manager) OR (gerente AND de AND projetos) OR (project AND manager) OR (gerente AND de AND produtos) OR (product AND manager) OR (program AND manager) OR (senior AND program AND manager) OR (coordenador AND de AND ti) OR (it AND coordinator);rimini street;1.0;Workday;https://www.linkedin.com/jobs/view/4414925460/;https://www.linkedin.com/jobs/view/4414925460/;Remote;Liderança/Gerência;26/06/2026;;;;;Brasil;América do Sul
245;Runtalent;Gerente de Projetos PMO Sênior;Brasil;26/06 17:00;https://www.linkedin.com/jobs/view/4434036109/;https://media.licdn.com/dms/image/v2/D4D0BAQGKFTdmgRWATQ/company-logo_100_100/B4DZsH_iKYKQAQ-/0/1765365654638/runtalent_logo?e=1784160000&v=beta&t=CINbafOIEhB5YwibuRPF6OulGQob_gdFux8AD66moLY;Produtos > Product Manager;https://www.linkedin.com/company/runtalent/about/;-;(engineering AND manager) OR (tech AND manager) OR (gerente AND de AND projetos) OR (project AND manager) OR (gerente AND de AND produtos) OR (product AND manager) OR (program AND manager) OR (senior AND program AND manager) OR (coordenador AND de AND ti) OR (it AND coordinator);runtalent;1.0;LinkedIn (Easy Apply);https://www.linkedin.com/jobs/view/4434036109/;https://www.linkedin.com/jobs/view/4434036109/;Remote;Senior, Mid, Liderança/Gerência, PMO;26/06/2026;;;;;Brasil;América do Sul
246;SAP;Engineering Manager - SAP Concur Platform Profile/IES;São Leopoldo (RS);26/06 15:00;https://www.linkedin.com/jobs/view/4404794286/;https://media.licdn.com/dms/image/v2/D560BAQGmwwo0aq4jVA/company-logo_100_100/company-logo_100_100/0/1723034255614/sap_logo?e=1784160000&v=beta&t=31A_EIh5KXqOOVbwUbEpuWBwMyjOjLYiaPmzhKf3Pmo;Middle > Manager;https://www.linkedin.com/company/sap/about/;-;(engineering AND manager) OR (tech AND manager) OR (gerente AND de AND projetos) OR (project AND manager) OR (gerente AND de AND produtos) OR (product AND manager) OR (program AND manager) OR (senior AND program AND manager) OR (coordenador AND de AND ti) OR (it AND coordinator);sap;5.0;jobs.sap.com;https://www.linkedin.com/jobs/view/4404794286/;https://www.linkedin.com/jobs/view/4404794286/;Hybrid;Liderança/Gerência, SAP, Engenharia Geral;26/06/2026;São Leopoldo;Rio Grande do Sul;RS;Região Sul;Brasil;América do Sul
247;SAP;Sr. Program Manager - Product and Engineering;São Leopoldo (RS);24/06 20:00;https://www.linkedin.com/jobs/view/4423987647/;https://media.licdn.com/dms/image/v2/D560BAQGmwwo0aq4jVA/company-logo_100_100/company-logo_100_100/0/1723034255614/sap_logo?e=1784160000&v=beta&t=31A_EIh5KXqOOVbwUbEpuWBwMyjOjLYiaPmzhKf3Pmo;Portfolio > Programas > Program Manager;https://www.linkedin.com/company/sap/about/;-;(engineering AND manager) OR (tech AND manager) OR (gerente AND de AND projetos) OR (project AND manager) OR (gerente AND de AND produtos) OR (product AND manager) OR (program AND manager) OR (senior AND program AND manager) OR (coordenador AND de AND ti) OR (it AND coordinator);sap;5.0;jobs.sap.com;https://www.linkedin.com/jobs/view/4423987647/;https://www.linkedin.com/jobs/view/4423987647/;Hybrid;Senior, Liderança/Gerência, Engenharia Geral;26/06/2026;São Leopoldo;Rio Grande do Sul;RS;Região Sul;Brasil;América do Sul
248;SEIDOR;362 - Gerente de Projetos SAP CX-CRM SR;São Paulo (SP);26/06 16:00;https://www.linkedin.com/jobs/view/4432670986/;https://media.licdn.com/dms/image/v2/D4E0BAQGzP_yKTdMF4g/company-logo_100_100/B4EZYzV0g.HMAQ-/0/1744618080696/seidor_logo?e=1784160000&v=beta&t=16rn6T22amDFQlLwMWzocxcNk3OVn8m9aAgg-iiPSN4;Middle > Manager;https://www.linkedin.com/company/seidor/about/;-;(engineering AND manager) OR (tech AND manager) OR (gerente AND de AND projetos) OR (project AND manager) OR (gerente AND de AND produtos) OR (product AND manager) OR (program AND manager) OR (senior AND program AND manager) OR (coordenador AND de AND ti) OR (it AND coordinator);seidor;1.0;Quickin;https://www.linkedin.com/jobs/view/4432670986/;https://www.linkedin.com/jobs/view/4432670986/;Hybrid;Senior, Mid, Liderança/Gerência, SAP, Salesforce/CRM;26/06/2026;São Paulo;São Paulo;SP;Região Sudeste;Brasil;América do Sul
249;SEIDOR;363 - Gerente de Projetos SAP Billing SR;São Paulo (SP);26/06 16:00;https://www.linkedin.com/jobs/view/4432670992/;https://media.licdn.com/dms/image/v2/D4E0BAQGzP_yKTdMF4g/company-logo_100_100/B4EZYzV0g.HMAQ-/0/1744618080696/seidor_logo?e=1784160000&v=beta&t=16rn6T22amDFQlLwMWzocxcNk3OVn8m9aAgg-iiPSN4;Middle > Manager;https://www.linkedin.com/company/seidor/about/;-;(engineering AND manager) OR (tech AND manager) OR (gerente AND de AND projetos) OR (project AND manager) OR (gerente AND de AND produtos) OR (product AND manager) OR (program AND manager) OR (senior AND program AND manager) OR (coordenador AND de AND ti) OR (it AND coordinator);seidor;1.0;Quickin;https://www.linkedin.com/jobs/view/4432670992/;https://www.linkedin.com/jobs/view/4432670992/;Hybrid;Senior, Mid, Liderança/Gerência, SAP;26/06/2026;São Paulo;São Paulo;SP;Região Sudeste;Brasil;América do Sul
250;Sagan Recruitment;Construction Project Manager;América Latina;26/06 11:00;https://www.linkedin.com/jobs/view/4431882780/;https://media.licdn.com/dms/image/v2/D560BAQFBFnVHLaownw/company-logo_100_100/B56ZnNNTO4J4AQ-/0/1760084440431/sagan_recruitment_logo?e=1784160000&v=beta&t=CkahKsbhk63UqkgmBKC6xAzithbyPX6WQWxS100NzK0;Portfolio > Projetos > Project Manager;https://www.linkedin.com/company/sagan-recruitment/about/;Construção e Civil;(engineering AND manager) OR (tech AND manager) OR (gerente AND de AND projetos) OR (project AND manager) OR (gerente AND de AND produtos) OR (product AND manager) OR (program AND manager) OR (senior AND program AND manager) OR (coordenador AND de AND ti) OR (it AND coordinator);sagan recruitment;1.0;;https://www.linkedin.com/jobs/view/4431882780/;https://www.linkedin.com/jobs/view/4431882780/;Remote;Liderança/Gerência;26/06/2026;;;;;;América Latina
251;Scale Army Careers;Construction Project Manager;América Latina;24/06 20:00;https://www.linkedin.com/jobs/view/4431881384/;https://media.licdn.com/dms/image/v2/D4E0BAQFM0QmPI3hK_g/company-logo_100_100/B4EZsjht6zHgAQ-/0/1765827600477/scalearmycareers_logo?e=1784160000&v=beta&t=ppCSUcE6Sr1u0-0xTd_BiiruOCXKGL20uCUx_JzqPHI;Portfolio > Projetos > Project Manager;https://www.linkedin.com/company/scale-army-careers/about/;Construção e Civil;(engineering AND manager) OR (tech AND manager) OR (gerente AND de AND projetos) OR (project AND manager) OR (gerente AND de AND produtos) OR (product AND manager) OR (program AND manager) OR (senior AND program AND manager) OR (coordenador AND de AND ti) OR (it AND coordinator);scale army careers;1.0;jobs.ashbyhq.com;https://www.linkedin.com/jobs/view/4431881384/;https://www.linkedin.com/jobs/view/4431881384/;Remote;Liderança/Gerência;26/06/2026;;;;;;América Latina
252;SearchApi;Engineering Manager;Brasil;22/06 20:00;https://www.linkedin.com/jobs/view/4431723228/;https://media.licdn.com/dms/image/v2/D4D0BAQErXQ3QBcL_0g/company-logo_100_100/B4DZoLeOIIIAAQ-/0/1761129063460/searchapi_logo?e=1784160000&v=beta&t=T2F8-dXRu2-UpXVJmD-w9zB9rOC0uu3Cgg45HcF7pKs;Middle > Manager;https://www.linkedin.com/company/searchapi/about/;-;(engineering AND manager) OR (tech AND manager) OR (gerente AND de AND projetos) OR (project AND manager) OR (gerente AND de AND produtos) OR (product AND manager) OR (program AND manager) OR (senior AND program AND manager) OR (coordenador AND de AND ti) OR (it AND coordinator);searchapi;1;;https://www.linkedin.com/jobs/view/4431723228/;https://www.linkedin.com/jobs/view/4431723228/;Remote;Liderança/Gerência, Engenharia Geral;26/06/2026;;;;;Brasil;América do Sul
253;Senior Sistemas;Gerente de Projetos (TMS) - 11474;São Paulo (SP);26/06 18:00;https://www.linkedin.com/jobs/view/4430647195/;https://media.licdn.com/dms/image/v2/C4E0BAQFlbJMLQgUBbQ/company-logo_100_100/company-logo_100_100/0/1631330968616?e=1784160000&v=beta&t=ZiSmV9an3u0RpMkBtqlVVcF_oWX4JbLY08vOkrN9FLU;Middle > Manager;https://www.linkedin.com/company/senior-sistemas/about/;Software e Serviços de TI;(engineering AND manager) OR (tech AND manager) OR (gerente AND de AND projetos) OR (project AND manager) OR (gerente AND de AND produtos) OR (product AND manager) OR (program AND manager) OR (senior AND program AND manager) OR (coordenador AND de AND ti) OR (it AND coordinator);senior sistemas;1.0;Senior;https://www.linkedin.com/jobs/view/4430647195/;https://www.linkedin.com/jobs/view/4430647195/;On-site;Mid, Liderança/Gerência;26/06/2026;São Paulo;São Paulo;SP;Região Sudeste;Brasil;América do Sul
254;Serasa Experian;Product Manager Sênior - Design System;São Paulo (SP);20/06 20:00;https://www.linkedin.com/jobs/view/4420951853/;https://media.licdn.com/dms/image/v2/D4D0BAQGW4EB1A1aUYQ/company-logo_100_100/B4DZyL2uQ_IUAY-/0/1771872904949/serasaexperian_logo?e=1784160000&v=beta&t=nhh90ZwcfqKhV5iTI_53OKqU8LuAX7vIm3L1UIrTiOk;Produtos > Product Manager;https://www.linkedin.com/company/serasa-experian/about/;-;(engineering AND manager) OR (tech AND manager) OR (gerente AND de AND projetos) OR (project AND manager) OR (gerente AND de AND produtos) OR (product AND manager) OR (program AND manager) OR (senior AND program AND manager) OR (coordenador AND de AND ti) OR (it AND coordinator);serasa experian;4.0;Smartrecruiters;https://www.linkedin.com/jobs/view/4420951853/;https://www.linkedin.com/jobs/view/4420951853/;Hybrid;Senior, Liderança/Gerência, Product Owner/Product Manager;26/06/2026;São Paulo;São Paulo;SP;Região Sudeste;Brasil;América do Sul
255;Serasa Experian;Software Engineering Manager;São Paulo (SP);23/06 20:00;https://www.linkedin.com/jobs/view/4432298862/;https://media.licdn.com/dms/image/v2/D4D0BAQGW4EB1A1aUYQ/company-logo_100_100/B4DZyL2uQ_IUAY-/0/1771872904949/serasaexperian_logo?e=1784160000&v=beta&t=nhh90ZwcfqKhV5iTI_53OKqU8LuAX7vIm3L1UIrTiOk;Middle > Manager;https://www.linkedin.com/company/serasa-experian/about/;Software e Serviços de TI;(engineering AND manager) OR (tech AND manager) OR (gerente AND de AND projetos) OR (project AND manager) OR (gerente AND de AND produtos) OR (product AND manager) OR (program AND manager) OR (senior AND program AND manager) OR (coordenador AND de AND ti) OR (it AND coordinator);serasa experian;4.0;Smartrecruiters;https://www.linkedin.com/jobs/view/4432298862/;https://www.linkedin.com/jobs/view/4432298862/;Hybrid;Liderança/Gerência, TI/Tech, Engenharia Geral;26/06/2026;São Paulo;São Paulo;SP;Região Sudeste;Brasil;América do Sul
256;Sezzle;Technical Product Manager;América Latina;20/06 20:00;https://www.linkedin.com/jobs/view/4421233229/;https://media.licdn.com/dms/image/v2/D4D0BAQG7gz7YdO6a9A/company-logo_100_100/B4DZuT4MapH8AQ-/0/1767712540797/sezzle_logo?e=1784160000&v=beta&t=Scj9CraZUUzyrVWHYUJGdmSCXwIkchLfMUXDX9tBhg4;Produtos > Product Manager;https://www.linkedin.com/company/sezzle/about/;Software e Serviços de TI;(engineering AND manager) OR (tech AND manager) OR (gerente AND de AND projetos) OR (project AND manager) OR (gerente AND de AND produtos) OR (product AND manager) OR (program AND manager) OR (senior AND program AND manager) OR (coordenador AND de AND ti) OR (it AND coordinator);sezzle;1.0;Greenhouse;https://www.linkedin.com/jobs/view/4421233229/;https://www.linkedin.com/jobs/view/4421233229/;Remote;Liderança/Gerência, TI/Tech, Product Owner/Product Manager;26/06/2026;;;;;;América Latina
257;Sezzle;Vendor Management Program Manager;América Latina;26/06 10:00;https://www.linkedin.com/jobs/view/4377552468/;https://media.licdn.com/dms/image/v2/D4D0BAQG7gz7YdO6a9A/company-logo_100_100/B4DZuT4MapH8AQ-/0/1767712540797/sezzle_logo?e=1784160000&v=beta&t=Scj9CraZUUzyrVWHYUJGdmSCXwIkchLfMUXDX9tBhg4;Portfolio > Programas > Program Manager;https://www.linkedin.com/company/sezzle/about/;-;(engineering AND manager) OR (tech AND manager) OR (gerente AND de AND projetos) OR (project AND manager) OR (gerente AND de AND produtos) OR (product AND manager) OR (program AND manager) OR (senior AND program AND manager) OR (coordenador AND de AND ti) OR (it AND coordinator);sezzle;1.0;Greenhouse;https://www.linkedin.com/jobs/view/4377552468/;https://www.linkedin.com/jobs/view/4377552468/;Remote;Liderança/Gerência;26/06/2026;;;;;;América Latina
258;Sezzle;Product Manager - Merchant Experience (Brazil);Brasil;25/06 20:00;https://www.linkedin.com/jobs/view/4413461174/;https://media.licdn.com/dms/image/v2/D4D0BAQG7gz7YdO6a9A/company-logo_100_100/B4DZuT4MapH8AQ-/0/1767712540797/sezzle_logo?e=1784160000&v=beta&t=Scj9CraZUUzyrVWHYUJGdmSCXwIkchLfMUXDX9tBhg4;Produtos > Product Manager;https://www.linkedin.com/company/sezzle/about/;-;(engineering AND manager) OR (tech AND manager) OR (gerente AND de AND projetos) OR (project AND manager) OR (gerente AND de AND produtos) OR (product AND manager) OR (program AND manager) OR (senior AND program AND manager) OR (coordenador AND de AND ti) OR (it AND coordinator);sezzle;1.0;Greenhouse;https://www.linkedin.com/jobs/view/4413461174/;https://www.linkedin.com/jobs/view/4413461174/;Remote;Liderança/Gerência, Product Owner/Product Manager;26/06/2026;;;;;Brasil;América do Sul
259;Sezzle;Vendor Management Program Manager;Brasil;26/06 11:00;https://www.linkedin.com/jobs/view/4377550514/;https://media.licdn.com/dms/image/v2/D4D0BAQG7gz7YdO6a9A/company-logo_100_100/B4DZuT4MapH8AQ-/0/1767712540797/sezzle_logo?e=1784160000&v=beta&t=Scj9CraZUUzyrVWHYUJGdmSCXwIkchLfMUXDX9tBhg4;Portfolio > Programas > Program Manager;https://www.linkedin.com/company/sezzle/about/;-;(engineering AND manager) OR (tech AND manager) OR (gerente AND de AND projetos) OR (project AND manager) OR (gerente AND de AND produtos) OR (product AND manager) OR (program AND manager) OR (senior AND program AND manager) OR (coordenador AND de AND ti) OR (it AND coordinator);sezzle;1.0;Greenhouse;https://www.linkedin.com/jobs/view/4377550514/;https://www.linkedin.com/jobs/view/4377550514/;Remote;Liderança/Gerência;26/06/2026;;;;;Brasil;América do Sul
260;Shopee;Associate Product Manager;São Paulo (SP);22/06 20:00;https://www.linkedin.com/jobs/view/4210866689/;https://media.licdn.com/dms/image/v2/C560BAQE0iX_dgdH7nA/company-logo_100_100/company-logo_100_100/0/1672279162763/shopee_logo?e=1784160000&v=beta&t=sLfl_78HllpacKDkBXYVIvwPm-XQw365sXGplDAhcHQ;Produtos > Product Manager;https://www.linkedin.com/company/shopee/about/;-;(engineering AND manager) OR (tech AND manager) OR (gerente AND de AND projetos) OR (project AND manager) OR (gerente AND de AND produtos) OR (product AND manager) OR (program AND manager) OR (senior AND program AND manager) OR (coordenador AND de AND ti) OR (it AND coordinator);shopee;3.0;careers.shopee.sg;https://www.linkedin.com/jobs/view/4210866689/;https://www.linkedin.com/jobs/view/4210866689/;Hybrid;Associate, Liderança/Gerência, Product Owner/Product Manager;26/06/2026;São Paulo;São Paulo;SP;Região Sudeste;Brasil;América do Sul
261;Shopee;Product Manager | Operations;São Paulo (SP);24/06 20:00;https://www.linkedin.com/jobs/view/4431868332/;https://media.licdn.com/dms/image/v2/C560BAQE0iX_dgdH7nA/company-logo_100_100/company-logo_100_100/0/1672279162763/shopee_logo?e=1784160000&v=beta&t=sLfl_78HllpacKDkBXYVIvwPm-XQw365sXGplDAhcHQ;Produtos > Product Manager;https://www.linkedin.com/company/shopee/about/;Software e Serviços de TI;(engineering AND manager) OR (tech AND manager) OR (gerente AND de AND projetos) OR (project AND manager) OR (gerente AND de AND produtos) OR (product AND manager) OR (program AND manager) OR (senior AND program AND manager) OR (coordenador AND de AND ti) OR (it AND coordinator);shopee;3.0;careers.shopee.sg;https://www.linkedin.com/jobs/view/4431868332/;https://www.linkedin.com/jobs/view/4431868332/;Hybrid;Liderança/Gerência, Product Owner/Product Manager;26/06/2026;São Paulo;São Paulo;SP;Região Sudeste;Brasil;América do Sul
262;Siemens Energy;Especialista/Engenheiro(a) Sistemas e Soluções Digitais SR - (Product Manager for Switchgear Tools);Jundiaí (SP);22/06 20:00;https://www.linkedin.com/jobs/view/4431748453/;https://media.licdn.com/dms/image/v2/D4D0BAQECcRnMH3l7jg/company-logo_100_100/B4DZ6B4rimIMAI-/0/1780295580077/siemens_energy_logo?e=1784160000&v=beta&t=oXCvJSNSj0bE2KY4BMqFTcC5iNdcdo3L023Ne6P-2JA;Middle > Manager;https://www.linkedin.com/company/siemens-energy/about/;Energia e Combustíveis;(engineering AND manager) OR (tech AND manager) OR (gerente AND de AND projetos) OR (project AND manager) OR (gerente AND de AND produtos) OR (product AND manager) OR (program AND manager) OR (senior AND program AND manager) OR (coordenador AND de AND ti) OR (it AND coordinator);siemens energy;1.0;jobs.siemens-energy.com;https://www.linkedin.com/jobs/view/4431748453/;https://www.linkedin.com/jobs/view/4431748453/;Hybrid;Specialist, Senior, Liderança/Gerência, TI/Tech, Product Owner/Product Manager;26/06/2026;Jundiaí;São Paulo;SP;Região Sudeste;Brasil;América do Sul
263;Skopia Digital;Product Manager | IA Specialist;Brasil;22/06 20:00;https://www.linkedin.com/jobs/view/4428935677/;https://media.licdn.com/dms/image/v2/D4E0BAQHXAybjHJEiOA/company-logo_100_100/B4EZarlkHeHYAQ-/0/1746635473784/skopiadigital_logo?e=1784160000&v=beta&t=K59aaF10WPcb7jYhvCUrXAHijD4aDi_Sl2Aaeq7WekQ;Produtos > Product Manager;https://www.linkedin.com/company/skopia-digital/about/;Inteligência Artificial;(engineering AND manager) OR (tech AND manager) OR (gerente AND de AND projetos) OR (project AND manager) OR (gerente AND de AND produtos) OR (product AND manager) OR (program AND manager) OR (senior AND program AND manager) OR (coordenador AND de AND ti) OR (it AND coordinator);skopia digital;1.0;Inhire;https://www.linkedin.com/jobs/view/4428935677/;https://www.linkedin.com/jobs/view/4428935677/;Remote;Inteligência Artificial, Specialist, Liderança/Gerência, Product Owner/Product Manager;26/06/2026;;;;;Brasil;América do Sul
264;Solas IT Recruitment;DevOps Engineering Manager;Brasil;24/06 20:00;https://www.linkedin.com/jobs/view/4432558873/;https://media.licdn.com/dms/image/v2/D4E0BAQGPhjfuU1AXhA/company-logo_100_100/company-logo_100_100/0/1705315239877/solas_consulting_group_logo?e=1784160000&v=beta&t=bKy4rZ-O09FfHQRaIE-lfar9JiO8R27EUsEbCwDmi6g;Middle > Manager;https://www.linkedin.com/company/solas-it-recruitment/about/;Software e Serviços de TI;(engineering AND manager) OR (tech AND manager) OR (gerente AND de AND projetos) OR (project AND manager) OR (gerente AND de AND produtos) OR (product AND manager) OR (program AND manager) OR (senior AND program AND manager) OR (coordenador AND de AND ti) OR (it AND coordinator);solas it recruitment;1;;https://www.linkedin.com/jobs/view/4432558873/;https://www.linkedin.com/jobs/view/4432558873/;Remote;Liderança/Gerência, DevOps, Engenharia Geral;26/06/2026;;;;;Brasil;América do Sul
265;Spiralyze;Project Manager;SP;26/06 04:00;https://www.linkedin.com/jobs/view/4432943895/;https://media.licdn.com/dms/image/v2/C4E0BAQHZdQ7C18-VSw/company-logo_100_100/company-logo_100_100/0/1630577185951/spiralyze_logo?e=1784160000&v=beta&t=KUFGuXlzWZG-to0_h2c30b2Mw46mtTvPzX2xcQ5MeDc;Portfolio > Projetos > Project Manager;https://www.linkedin.com/company/spiralyze/about/;-;(engineering AND manager) OR (tech AND manager) OR (gerente AND de AND projetos) OR (project AND manager) OR (gerente AND de AND produtos) OR (product AND manager) OR (program AND manager) OR (senior AND program AND manager) OR (coordenador AND de AND ti) OR (it AND coordinator);spiralyze;1.0;spiralyze.pinpointhq.com;https://www.linkedin.com/jobs/view/4432943895/;https://www.linkedin.com/jobs/view/4432943895/;Remote;Liderança/Gerência;26/06/2026;;São Paulo;SP;Região Sudeste;Brasil;América do Sul
266;Staffer;Gerente de Projetos Digitais;São José dos Campos (SP);25/06 22:00;https://www.linkedin.com/jobs/view/4433532913/;https://media.licdn.com/dms/image/v2/D4D0BAQFpXorXWRJkxA/company-logo_100_100/B4DZYf63eSG8AU-/0/1744292247823/stafferoutsourcing_logo?e=1784160000&v=beta&t=kK1wOuNoQmXk7eQxmpNAPl5a4Pjny7CMb4DTN8Iny58;Middle > Manager;https://www.linkedin.com/company/staffer/about/;Software e Serviços de TI;(engineering AND manager) OR (tech AND manager) OR (gerente AND de AND projetos) OR (project AND manager) OR (gerente AND de AND produtos) OR (product AND manager) OR (program AND manager) OR (senior AND program AND manager) OR (coordenador AND de AND ti) OR (it AND coordinator);staffer;1.0;Recrutei;https://www.linkedin.com/jobs/view/4433532913/;https://www.linkedin.com/jobs/view/4433532913/;Hybrid;Mid, Liderança/Gerência;26/06/2026;São José dos Campos;São Paulo;SP;Região Sudeste;Brasil;América do Sul
267;Starbem;Product Manager (AI-Driven & Hands-on);São Paulo (SP);26/06 13:00;https://www.linkedin.com/jobs/view/4430634243/;https://media.licdn.com/dms/image/v2/D4E0BAQHnQbrMPdauLA/company-logo_100_100/B4EZ7WGbcVKAAM-/0/1781708470271/starbemapp_logo?e=1784160000&v=beta&t=Uo130zUcbG0cMkNn9h1gagm6ZDD6hqVMMdF-QZIRJ8k;Produtos > Product Manager;https://www.linkedin.com/company/starbem/about/;-;(engineering AND manager) OR (tech AND manager) OR (gerente AND de AND projetos) OR (project AND manager) OR (gerente AND de AND produtos) OR (product AND manager) OR (program AND manager) OR (senior AND program AND manager) OR (coordenador AND de AND ti) OR (it AND coordinator);starbem;1.0;Totvs;https://www.linkedin.com/jobs/view/4430634243/;https://www.linkedin.com/jobs/view/4430634243/;Hybrid;Inteligência Artificial, Liderança/Gerência, Product Owner/Product Manager;26/06/2026;São Paulo;São Paulo;SP;Região Sudeste;Brasil;América do Sul
268;Stefanini Brasil;Gerente de projetos Pleno;Brasil;25/06 20:00;https://www.linkedin.com/jobs/view/4433346365/;https://media.licdn.com/dms/image/v2/D4D0BAQFOPyOhO4wTTg/company-logo_100_100/company-logo_100_100/0/1719784126380/stefanini_brasil_logo?e=1784160000&v=beta&t=eibaZRVMn0D_vHeSwkeYxixuIDmeZnzQEXNuvAZSNTU;Middle > Manager;https://www.linkedin.com/company/stefanini-brasil/about/;-;(engineering AND manager) OR (tech AND manager) OR (gerente AND de AND projetos) OR (project AND manager) OR (gerente AND de AND produtos) OR (product AND manager) OR (program AND manager) OR (senior AND program AND manager) OR (coordenador AND de AND ti) OR (it AND coordinator);stefanini brasil;4.0;Gupy;https://www.linkedin.com/jobs/view/4433346365/;https://www.linkedin.com/jobs/view/4433346365/;Remote;Mid, Liderança/Gerência;26/06/2026;;;;;Brasil;América do Sul
269;Stefanini Group;Senior IT Project Manager;Brasil;25/06 21:00;https://www.linkedin.com/jobs/view/4433528465/;https://media.licdn.com/dms/image/v2/D560BAQGxw8ejZKpVTA/company-logo_100_100/company-logo_100_100/0/1689014804966/stefanini_logo?e=1784160000&v=beta&t=TZpEMP4P_4ZTNCCVWc9FRjwLrVVv-apK6cgnDJ8Vkpg;Portfolio > Projetos > Project Manager;https://www.linkedin.com/company/stefanini-group/about/;Software e Serviços de TI;(engineering AND manager) OR (tech AND manager) OR (gerente AND de AND projetos) OR (project AND manager) OR (gerente AND de AND produtos) OR (product AND manager) OR (program AND manager) OR (senior AND program AND manager) OR (coordenador AND de AND ti) OR (it AND coordinator);stefanini group;1.0;LinkedIn (Easy Apply);https://www.linkedin.com/jobs/view/4433528465/;https://www.linkedin.com/jobs/view/4433528465/;Remote;Senior, Liderança/Gerência;26/06/2026;;;;;Brasil;América do Sul
270;SuperFrete;Product Manager Pleno (PM);Brasil;23/06 20:00;https://www.linkedin.com/jobs/view/4432273148/;https://media.licdn.com/dms/image/v2/D4D0BAQERhAbshnD0Jw/company-logo_100_100/B4DZwvAqQUI4AU-/0/1770315228692/super_frete_logo?e=1784160000&v=beta&t=oGNAG22zdqk0glF8xnRMxbafUKJodzw-y6kkL7L7W2k;Produtos > Product Manager;https://www.linkedin.com/company/superfrete/about/;Logística e Supply Chain;(engineering AND manager) OR (tech AND manager) OR (gerente AND de AND projetos) OR (project AND manager) OR (gerente AND de AND produtos) OR (product AND manager) OR (program AND manager) OR (senior AND program AND manager) OR (coordenador AND de AND ti) OR (it AND coordinator);superfrete;1;;https://www.linkedin.com/jobs/view/4432273148/;https://www.linkedin.com/jobs/view/4432273148/;Remote;Mid, Liderança/Gerência, Product Owner/Product Manager;26/06/2026;;;;;Brasil;América do Sul
271;SysManager;Gerente de Projetos;Brasil;22/06 20:00;https://www.linkedin.com/jobs/view/4429413181/;https://media.licdn.com/dms/image/v2/D4D0BAQGrw9yCHhtA-g/company-logo_100_100/B4DZgKt.5FHwAQ-/0/1752526483903/sysmanager_logo?e=1784160000&v=beta&t=z2mEoaAs4M-_ZjDlX2YTE7mGyZGMPX132TLbhy5kLi8;Middle > Manager;https://www.linkedin.com/company/sysmanager/about/;-;(engineering AND manager) OR (tech AND manager) OR (gerente AND de AND projetos) OR (project AND manager) OR (gerente AND de AND produtos) OR (product AND manager) OR (program AND manager) OR (senior AND program AND manager) OR (coordenador AND de AND ti) OR (it AND coordinator);sysmanager;1.0;LinkedIn (Easy Apply);https://www.linkedin.com/jobs/view/4429413181/;https://www.linkedin.com/jobs/view/4429413181/;Remote;Mid, Liderança/Gerência;26/06/2026;;;;;Brasil;América do Sul
272;TD SYNNEX Brasil;Technical Product Manager - Tax & Fiscal Solutions (Brazil & Latam);São Paulo (SP);26/06 01:00;https://www.linkedin.com/jobs/view/4430298458/;https://media.licdn.com/dms/image/v2/D4D0BAQG5e4h_mbkSOQ/company-logo_100_100/company-logo_100_100/0/1688391316589/td_synnex_brasil_logo?e=1784160000&v=beta&t=Hzc84o4AEx4J_Zqef0L2ToBt0T9XpPvY6d4qmJ3kXEg;Produtos > Product Manager;https://www.linkedin.com/company/td-synnex-brasil/about/;Software e Serviços de TI;(engineering AND manager) OR (tech AND manager) OR (gerente AND de AND projetos) OR (project AND manager) OR (gerente AND de AND produtos) OR (product AND manager) OR (program AND manager) OR (senior AND program AND manager) OR (coordenador AND de AND ti) OR (it AND coordinator);td synnex brasil;1;;https://www.linkedin.com/jobs/view/4430298458/;https://www.linkedin.com/jobs/view/4430298458/;Hybrid;Liderança/Gerência, TI/Tech, Product Owner/Product Manager, Financeiro/Fiscal;26/06/2026;São Paulo;São Paulo;SP;Região Sudeste;Brasil;América do Sul
273;Talent Hackers;Project Manager;Brasil;26/06 12:00;https://www.linkedin.com/jobs/view/4430620077/;https://media.licdn.com/dms/image/v2/D4E0BAQF4AV0n8FVKKA/company-logo_100_100/company-logo_100_100/0/1708363789393?e=1784160000&v=beta&t=DxbpuKynLnIZ3saEp2P012YYtTKJT-C1s8yg-u8c2kU;Portfolio > Projetos > Project Manager;https://www.linkedin.com/company/talent-hackers/about/;-;(engineering AND manager) OR (tech AND manager) OR (gerente AND de AND projetos) OR (project AND manager) OR (gerente AND de AND produtos) OR (product AND manager) OR (program AND manager) OR (senior AND program AND manager) OR (coordenador AND de AND ti) OR (it AND coordinator);talent hackers;1;;https://www.linkedin.com/jobs/view/4430620077/;https://www.linkedin.com/jobs/view/4430620077/;Remote;Liderança/Gerência;26/06/2026;;;;;Brasil;América do Sul
274;Talent Scout;Creative Project Manager;América Latina;24/06 20:00;https://www.linkedin.com/jobs/view/4431869476/;https://media.licdn.com/dms/image/v2/D4E0BAQEszEopAzSByg/company-logo_100_100/B4EZYVzSsFHYAU-/0/1744122489919?e=1784160000&v=beta&t=nzSUvFcohCD0gksWmPN0OCtvLV0X7Bmk7Cu8h6wRmGU;Portfolio > Projetos > Project Manager;https://www.linkedin.com/company/talent-scout/about/;Software e Serviços de TI;(engineering AND manager) OR (tech AND manager) OR (gerente AND de AND projetos) OR (project AND manager) OR (gerente AND de AND produtos) OR (product AND manager) OR (program AND manager) OR (senior AND program AND manager) OR (coordenador AND de AND ti) OR (it AND coordinator);talent scout;1.0;app.loxo.co;https://www.linkedin.com/jobs/view/4431869476/;https://www.linkedin.com/jobs/view/4431869476/;Remote;Liderança/Gerência;26/06/2026;;;;;;América Latina
275;Talentum RH Desenvolvimento Humano;Gerente de Projetos Logísticos;Barueri (SP);25/06 20:00;https://www.linkedin.com/jobs/view/4433082186/;https://media.licdn.com/dms/image/v2/D4D0BAQGCibV0CUE0Yg/company-logo_100_100/company-logo_100_100/0/1722002493542?e=1784160000&v=beta&t=ui6DEKUgN7cfYXb2nLkw16oj08og1DUxsQsiJGUSTOc;Middle > Manager;https://www.linkedin.com/company/talentum-rh-desenvolvimento-humano/about/;Recursos Humanos;(engineering AND manager) OR (tech AND manager) OR (gerente AND de AND projetos) OR (project AND manager) OR (gerente AND de AND produtos) OR (product AND manager) OR (program AND manager) OR (senior AND program AND manager) OR (coordenador AND de AND ti) OR (it AND coordinator);talentum rh desenvolvimento humano;1;;https://www.linkedin.com/jobs/view/4433082186/;https://www.linkedin.com/jobs/view/4433082186/;On-site;Mid, Liderança/Gerência, Logística/Supply;26/06/2026;Barueri;São Paulo;SP;Região Sudeste;Brasil;América do Sul
276;Teamswell;Marketing Project Manager;América Latina;24/06 20:00;https://www.linkedin.com/jobs/view/4429873920/;https://media.licdn.com/dms/image/v2/D4E0BAQEHYeEarh55vQ/company-logo_100_100/company-logo_100_100/0/1723487681508/teamswell_logo?e=1784160000&v=beta&t=whc_HU44_RigcE_vfvrJ4za9VfvI0Fc2HihpEgCwcoY;Portfolio > Projetos > Project Manager;https://www.linkedin.com/company/teamswell/about/;Marketing e Publicidade Marketing;(engineering AND manager) OR (tech AND manager) OR (gerente AND de AND projetos) OR (project AND manager) OR (gerente AND de AND produtos) OR (product AND manager) OR (program AND manager) OR (senior AND program AND manager) OR (coordenador AND de AND ti) OR (it AND coordinator);teamswell;1;;https://www.linkedin.com/jobs/view/4429873920/;https://www.linkedin.com/jobs/view/4429873920/;Remote;Liderança/Gerência, Marketing/Mídia;26/06/2026;;;;;;América Latina
277;Tecsa® Group;Product Manager Pleno;São Paulo (SP);25/06 20:00;https://www.linkedin.com/jobs/view/4429896884/;https://media.licdn.com/dms/image/v2/D4D0BAQEJyxqtvTiQ0w/company-logo_100_100/B4DZrqtfDvIkAQ-/0/1764874384145/tecsa_group_logo?e=1784160000&v=beta&t=U52nDdE05jp4oBtEcfAc9Jc3L6lKw_t-UL-lqIvbOoM;Produtos > Product Manager;https://www.linkedin.com/company/tecsa-group/about/;-;(engineering AND manager) OR (tech AND manager) OR (gerente AND de AND projetos) OR (project AND manager) OR (gerente AND de AND produtos) OR (product AND manager) OR (program AND manager) OR (senior AND program AND manager) OR (coordenador AND de AND ti) OR (it AND coordinator);tecsa® group;1.0;;https://www.linkedin.com/jobs/view/4429896884/;https://www.linkedin.com/jobs/view/4429896884/;Hybrid;Mid, Liderança/Gerência, Product Owner/Product Manager;26/06/2026;São Paulo;São Paulo;SP;Região Sudeste;Brasil;América do Sul
278;The Adecco Group;Gerente de Projetos- Finance Transformation;SP;25/06 20:00;https://www.linkedin.com/jobs/view/4430233254/;https://media.licdn.com/dms/image/v2/D4E0BAQG_Wxpj-NIc-g/company-logo_100_100/B4EZWjWLibGwAQ-/0/1742202255897/theadeccogroup_logo?e=1784160000&v=beta&t=wzWIZEECfhSjTf4PwOkxxZPbRDwa2Y6z_k_R0Sr3lg4;Middle > Manager;https://www.linkedin.com/company/the-adecco-group/about/;Serviços Financeiros;(engineering AND manager) OR (tech AND manager) OR (gerente AND de AND projetos) OR (project AND manager) OR (gerente AND de AND produtos) OR (product AND manager) OR (program AND manager) OR (senior AND program AND manager) OR (coordenador AND de AND ti) OR (it AND coordinator);the adecco group;1.0;;https://www.linkedin.com/jobs/view/4430233254/;https://www.linkedin.com/jobs/view/4430233254/;Hybrid;Mid, Liderança/Gerência;26/06/2026;;São Paulo;SP;Região Sudeste;Brasil;América do Sul
279;Thermo Fisher Scientific;IT Project Manager - LATAM IT Demand & Delivery;São Paulo (SP);24/06 20:00;https://www.linkedin.com/jobs/view/4429855398/;https://media.licdn.com/dms/image/v2/D560BAQGe2HQP4zwTlA/company-logo_100_100/company-logo_100_100/0/1688649979581/thermo_fisher_scientific_logo?e=1784160000&v=beta&t=nxxILnXXPkw-YCKQsDHhx-W3E_tXzvZpKnMrZ1P5kWQ;Portfolio > Projetos > Project Manager;https://www.linkedin.com/company/thermo-fisher-scientific/about/;Software e Serviços de TI;(engineering AND manager) OR (tech AND manager) OR (gerente AND de AND projetos) OR (project AND manager) OR (gerente AND de AND produtos) OR (product AND manager) OR (program AND manager) OR (senior AND program AND manager) OR (coordenador AND de AND ti) OR (it AND coordinator);thermo fisher scientific;3.0;jobs.thermofisher.com;https://www.linkedin.com/jobs/view/4429855398/;https://www.linkedin.com/jobs/view/4429855398/;Hybrid;Liderança/Gerência, Delivery/SDM;26/06/2026;São Paulo;São Paulo;SP;Região Sudeste;Brasil;América do Sul
280;Truelogic Software;Senior Project Manager AI & Technology Initiatives  - Managed IT;Brasil;24/06 20:00;https://www.linkedin.com/jobs/view/4432592292/;https://media.licdn.com/dms/image/v2/D4D0BAQHhp0bj-2-MXQ/company-logo_100_100/B4DZjTVtHAHYAQ-/0/1755892341834/truelogicsoftware_logo?e=1784160000&v=beta&t=PqYm-XtDZMvt0bp7LacQaPf2gu7flAApOE9KhtsiSZM;Portfolio > Projetos > Project Manager;https://www.linkedin.com/company/truelogic-software/about/;Inteligência Artificial;(engineering AND manager) OR (tech AND manager) OR (gerente AND de AND projetos) OR (project AND manager) OR (gerente AND de AND produtos) OR (product AND manager) OR (program AND manager) OR (senior AND program AND manager) OR (coordenador AND de AND ti) OR (it AND coordinator);truelogic software;3.0;;https://www.linkedin.com/jobs/view/4432592292/;https://www.linkedin.com/jobs/view/4432592292/;Remote;Inteligência Artificial, Senior, Liderança/Gerência, TI/Tech;26/06/2026;;;;;Brasil;América do Sul
281;Turner & Townsend;Gerente de Projetos Senior - Real Estate, São Paulo;Grande São Paulo (SP) ;26/06 11:00;https://www.linkedin.com/jobs/view/4433232504/;https://media.licdn.com/dms/image/v2/C4E0BAQFRuJ5DEwjzMw/company-logo_100_100/company-logo_100_100/0/1650894278206/turner__townsend_logo?e=1784160000&v=beta&t=_3hpeZAyOd1nSRpXN8-9kS9slXClEJ9sRMJBc0JilB0;Middle > Manager;https://www.linkedin.com/company/turner-townsend/about/;Mercado Imobiliário;(engineering AND manager) OR (tech AND manager) OR (gerente AND de AND projetos) OR (project AND manager) OR (gerente AND de AND produtos) OR (product AND manager) OR (program AND manager) OR (senior AND program AND manager) OR (coordenador AND de AND ti) OR (it AND coordinator);turner & townsend;1.0;Smartrecruiters;https://www.linkedin.com/jobs/view/4433232504/;https://www.linkedin.com/jobs/view/4433232504/;On-site;Senior, Mid, Liderança/Gerência;26/06/2026;;São Paulo;SP;Região Sudeste;Brasil;América do Sul
282;Turner & Townsend;Gerente de Projetos de Construção - Real Estate, (Camaçari/Bahia);Salvador (BA);24/06 20:00;https://www.linkedin.com/jobs/view/4413819452/;https://media.licdn.com/dms/image/v2/C4E0BAQFRuJ5DEwjzMw/company-logo_100_100/company-logo_100_100/0/1650894278206/turner__townsend_logo?e=1784160000&v=beta&t=_3hpeZAyOd1nSRpXN8-9kS9slXClEJ9sRMJBc0JilB0;Middle > Manager;https://www.linkedin.com/company/turner-townsend/about/;Construção e Civil;(engineering AND manager) OR (tech AND manager) OR (gerente AND de AND projetos) OR (project AND manager) OR (gerente AND de AND produtos) OR (product AND manager) OR (program AND manager) OR (senior AND program AND manager) OR (coordenador AND de AND ti) OR (it AND coordinator);turner & townsend;1.0;Smartrecruiters;https://www.linkedin.com/jobs/view/4413819452/;https://www.linkedin.com/jobs/view/4413819452/;On-site;Mid, Liderança/Gerência;26/06/2026;Salvador;Bahia;BA;Região Nordeste;Brasil;América do Sul
283;Turner & Townsend;Assistant Project Manager - Real Estate, São Jose dos Pinhais;São José dos Pinhais (PR);25/06 20:00;https://www.linkedin.com/jobs/view/4402740035/;https://media.licdn.com/dms/image/v2/C4E0BAQFRuJ5DEwjzMw/company-logo_100_100/company-logo_100_100/0/1650894278206/turner__townsend_logo?e=1784160000&v=beta&t=_3hpeZAyOd1nSRpXN8-9kS9slXClEJ9sRMJBc0JilB0;Portfolio > Projetos > Project Manager;https://www.linkedin.com/company/turner-townsend/about/;Mercado Imobiliário;(engineering AND manager) OR (tech AND manager) OR (gerente AND de AND projetos) OR (project AND manager) OR (gerente AND de AND produtos) OR (product AND manager) OR (program AND manager) OR (senior AND program AND manager) OR (coordenador AND de AND ti) OR (it AND coordinator);turner & townsend;1.0;Smartrecruiters;https://www.linkedin.com/jobs/view/4402740035/;https://www.linkedin.com/jobs/view/4402740035/;On-site;Associate, Liderança/Gerência;26/06/2026;São José dos Pinhais;Paraná;PR;Região Sul;Brasil;América do Sul
284;Uberall;Product Manager;Brasil;22/06 20:00;https://www.linkedin.com/jobs/view/4431718331/;https://media.licdn.com/dms/image/v2/D4E0BAQFjAU2tuhCeJA/company-logo_100_100/B4EZrfZHUDHMAQ-/0/1764684494778/get_uberall_logo?e=1784160000&v=beta&t=fPXi_yaSDCAPvjbN7CqK7UOei68hnzo7l9VWX0bvQtQ;Produtos > Product Manager;https://www.linkedin.com/company/uberall/about/;Transporte e Mobilidade;(engineering AND manager) OR (tech AND manager) OR (gerente AND de AND projetos) OR (project AND manager) OR (gerente AND de AND produtos) OR (product AND manager) OR (program AND manager) OR (senior AND program AND manager) OR (coordenador AND de AND ti) OR (it AND coordinator);uberall;1;;https://www.linkedin.com/jobs/view/4431718331/;https://www.linkedin.com/jobs/view/4431718331/;Remote;Liderança/Gerência, Product Owner/Product Manager;26/06/2026;;;;;Brasil;América do Sul
285;União Química Farmacêutica Nacional;Gerente de Produtos Pleno ,  1 vaga;São Paulo (SP);26/06 17:00;https://www.linkedin.com/jobs/view/4430633845/;https://media.licdn.com/dms/image/v2/D4D0BAQFWPcmrrpywDA/company-logo_100_100/B4DZqXKDy3IMAU-/0/1763472588446/uniaoquimica_logo?e=1784160000&v=beta&t=fr2bQQeeEGJJQjdogSckXgCVO6TaKGHTbHXfQOwZeb0;Middle > Manager;https://www.linkedin.com/company/uni-o-qu-mica-farmac-utica-nacional/about/;Farmacêutica;(engineering AND manager) OR (tech AND manager) OR (gerente AND de AND projetos) OR (project AND manager) OR (gerente AND de AND produtos) OR (product AND manager) OR (program AND manager) OR (senior AND program AND manager) OR (coordenador AND de AND ti) OR (it AND coordinator);união química farmacêutica nacional;1.0;Vagas.com;https://www.linkedin.com/jobs/view/4430633845/;https://www.linkedin.com/jobs/view/4430633845/;On-site;Mid, Liderança/Gerência;26/06/2026;São Paulo;São Paulo;SP;Região Sudeste;Brasil;América do Sul
286;VTEX;Senior Product Manager, Content Management;Brasil;23/06 20:00;https://www.linkedin.com/jobs/view/4430832867/;https://media.licdn.com/dms/image/v2/C4E0BAQGuwANNml02DA/company-logo_100_100/company-logo_100_100/0/1630650735642/vtex_logo?e=1784160000&v=beta&t=gDyt3pc9Ji2h1t5zNIbXLWAnWbqpr4qcySDn00eDykw;Produtos > Product Manager;https://www.linkedin.com/company/vtex/about/;-;(engineering AND manager) OR (tech AND manager) OR (gerente AND de AND projetos) OR (project AND manager) OR (gerente AND de AND produtos) OR (product AND manager) OR (program AND manager) OR (senior AND program AND manager) OR (coordenador AND de AND ti) OR (it AND coordinator);vtex;3.0;Greenhouse;https://www.linkedin.com/jobs/view/4430832867/;https://www.linkedin.com/jobs/view/4430832867/;Remote;Senior, Liderança/Gerência, Product Owner/Product Manager;26/06/2026;;;;;Brasil;América do Sul
287;Value Bridge Consultoria e Participações;Gerente de projetos de consultoria;SP;26/06 10:00;https://www.linkedin.com/jobs/view/4430292670/;https://media.licdn.com/dms/image/v2/D4D0BAQH3AqwHA_mN6Q/company-logo_100_100/company-logo_100_100/0/1694714380482/value_bridge_consultoria_e_participa_es_logo?e=1784160000&v=beta&t=sMUuAQtqU-OJsPVRKcNi75OrSDznfkLNOeWgdiWtSbI;Middle > Manager;https://www.linkedin.com/company/value-bridge-consultoria-e-participa-es/about/;Consultoria e Assessoria;(engineering AND manager) OR (tech AND manager) OR (gerente AND de AND projetos) OR (project AND manager) OR (gerente AND de AND produtos) OR (product AND manager) OR (program AND manager) OR (senior AND program AND manager) OR (coordenador AND de AND ti) OR (it AND coordinator);value bridge consultoria e participações;1;;https://www.linkedin.com/jobs/view/4430292670/;https://www.linkedin.com/jobs/view/4430292670/;On-site;Mid, Liderança/Gerência, Consultor;26/06/2026;;São Paulo;SP;Região Sudeste;Brasil;América do Sul
288;Verity Group;Project Manager Sênior - HÍBRIDO;São Paulo (SP);26/06 07:00;https://www.linkedin.com/jobs/view/4432980441/;https://media.licdn.com/dms/image/v2/D560BAQF0wKfjAB0xAg/company-logo_100_100/company-logo_100_100/0/1732730785506/veritydigital_logo?e=1784160000&v=beta&t=bfs9-QJ18llfQ7ETb65MHIVo0dUVQ4yISN0AapBLRaM;Portfolio > Projetos > Project Manager;https://www.linkedin.com/company/verity-group/about/;Software e Serviços de TI;(engineering AND manager) OR (tech AND manager) OR (gerente AND de AND projetos) OR (project AND manager) OR (gerente AND de AND produtos) OR (product AND manager) OR (program AND manager) OR (senior AND program AND manager) OR (coordenador AND de AND ti) OR (it AND coordinator);verity group;1.0;Gupy;https://www.linkedin.com/jobs/view/4432980441/;https://www.linkedin.com/jobs/view/4432980441/;Hybrid;Senior, Liderança/Gerência;26/06/2026;São Paulo;São Paulo;SP;Região Sudeste;Brasil;América do Sul
289;Verity Group;Project Manager Sênior - HÍBRIDO;São Paulo (SP);26/06 07:00;https://www.linkedin.com/jobs/view/4432966853/;https://media.licdn.com/dms/image/v2/D560BAQF0wKfjAB0xAg/company-logo_100_100/company-logo_100_100/0/1732730785506/veritydigital_logo?e=1784160000&v=beta&t=bfs9-QJ18llfQ7ETb65MHIVo0dUVQ4yISN0AapBLRaM;Portfolio > Projetos > Project Manager;https://www.linkedin.com/company/verity-group/about/;Software e Serviços de TI;(engineering AND manager) OR (tech AND manager) OR (gerente AND de AND projetos) OR (project AND manager) OR (gerente AND de AND produtos) OR (product AND manager) OR (program AND manager) OR (senior AND program AND manager) OR (coordenador AND de AND ti) OR (it AND coordinator);verity group;1.0;Gupy;https://www.linkedin.com/jobs/view/4432966853/;https://www.linkedin.com/jobs/view/4432966853/;Hybrid;Senior, Liderança/Gerência;26/06/2026;São Paulo;São Paulo;SP;Região Sudeste;Brasil;América do Sul
290;WEX;Engineering Manager (Frontend);Grande São Paulo (SP) ;21/06 20:00;https://www.linkedin.com/jobs/view/4403536731/;https://media.licdn.com/dms/image/v2/D560BAQEqDSQp6mtoSw/company-logo_100_100/B56Zx8YMCPJUAU-/0/1771613242228/wexinc_logo?e=1784160000&v=beta&t=HxDQbFthet64zhjUIl3ZMtkO5CU-lxX7xzzRWNAAp9c;Middle > Manager;https://www.linkedin.com/company/wex/about/;-;(engineering AND manager) OR (tech AND manager) OR (gerente AND de AND projetos) OR (project AND manager) OR (gerente AND de AND produtos) OR (product AND manager) OR (program AND manager) OR (senior AND program AND manager) OR (coordenador AND de AND ti) OR (it AND coordinator);wex;2.0;careers.wexinc.com;https://www.linkedin.com/jobs/view/4403536731/;https://www.linkedin.com/jobs/view/4403536731/;Remote;Liderança/Gerência, Frontend, Engenharia Geral;26/06/2026;;São Paulo;SP;Região Sudeste;Brasil;América do Sul
291;WEX;Technical Program Manager;SP;23/06 20:00;https://www.linkedin.com/jobs/view/4432451916/;https://media.licdn.com/dms/image/v2/D560BAQEqDSQp6mtoSw/company-logo_100_100/B56Zx8YMCPJUAU-/0/1771613242228/wexinc_logo?e=1784160000&v=beta&t=HxDQbFthet64zhjUIl3ZMtkO5CU-lxX7xzzRWNAAp9c;Portfolio > Programas > Program Manager;https://www.linkedin.com/company/wex/about/;Software e Serviços de TI;(engineering AND manager) OR (tech AND manager) OR (gerente AND de AND projetos) OR (project AND manager) OR (gerente AND de AND produtos) OR (product AND manager) OR (program AND manager) OR (senior AND program AND manager) OR (coordenador AND de AND ti) OR (it AND coordinator);wex;2.0;careers.wexinc.com;https://www.linkedin.com/jobs/view/4432451916/;https://www.linkedin.com/jobs/view/4432451916/;Remote;Liderança/Gerência, TI/Tech;26/06/2026;;São Paulo;SP;Região Sudeste;Brasil;América do Sul
292;Weatherford;Gerente de Projetos/MPD;Macaé (RJ);23/06 20:00;https://www.linkedin.com/jobs/view/4422146462/;https://media.licdn.com/dms/image/v2/C560BAQHd0wiFu76Y5Q/company-logo_100_100/company-logo_100_100/0/1631375725286?e=1784160000&v=beta&t=qTNWSOhvSG2HK4zRfzZ34Yijp4aEP1lLQR9g-6f3gNM;Middle > Manager;https://www.linkedin.com/company/weatherford/about/;-;(engineering AND manager) OR (tech AND manager) OR (gerente AND de AND projetos) OR (project AND manager) OR (gerente AND de AND produtos) OR (product AND manager) OR (program AND manager) OR (senior AND program AND manager) OR (coordenador AND de AND ti) OR (it AND coordinator);weatherford;1;;https://www.linkedin.com/jobs/view/4422146462/;https://www.linkedin.com/jobs/view/4422146462/;On-site;Mid, Liderança/Gerência;26/06/2026;Macaé;Rio de Janeiro;RJ;Região Sudeste;Brasil;América do Sul
293;Wellhub;Frontend Engineering Manager | Design System;Brasil;23/06 20:00;https://www.linkedin.com/jobs/view/4364159751/;https://media.licdn.com/dms/image/v2/D4D0BAQFZDqwQ_HgdhA/company-logo_100_100/company-logo_100_100/0/1712841115571/wellhub_logo?e=1784160000&v=beta&t=cUg6O_h2kTPtfzWIm31IjJyUotMe91MhtLTmkoHcHpA;Middle > Manager;https://www.linkedin.com/company/wellhub/about/;-;(engineering AND manager) OR (tech AND manager) OR (gerente AND de AND projetos) OR (project AND manager) OR (gerente AND de AND produtos) OR (product AND manager) OR (program AND manager) OR (senior AND program AND manager) OR (coordenador AND de AND ti) OR (it AND coordinator);wellhub;1.0;Greenhouse;https://www.linkedin.com/jobs/view/4364159751/;https://www.linkedin.com/jobs/view/4364159751/;Remote;Liderança/Gerência, Frontend, Engenharia Geral;26/06/2026;;;;;Brasil;América do Sul
294;XP Inc.;Banco de Talentos - Product Manager e Associate Product Manager;São Paulo (SP);23/06 20:00;https://www.linkedin.com/jobs/view/4413236461/;https://media.licdn.com/dms/image/v2/D4E0BAQGNGiz9pu4KZw/company-logo_100_100/company-logo_100_100/0/1735922822407/xpinc_logo?e=1784160000&v=beta&t=BNhxWvjfOKRQhMAqFC1Ttl6EIA5jcKZ8ZSwrxw2b3mw;Produtos > Product Manager;https://www.linkedin.com/company/xp-inc/about/;Serviços Financeiros;(engineering AND manager) OR (tech AND manager) OR (gerente AND de AND projetos) OR (project AND manager) OR (gerente AND de AND produtos) OR (product AND manager) OR (program AND manager) OR (senior AND program AND manager) OR (coordenador AND de AND ti) OR (it AND coordinator);xp inc.;5.0;Greenhouse;https://www.linkedin.com/jobs/view/4413236461/;https://www.linkedin.com/jobs/view/4413236461/;On-site;Banco de Talentos, Associate, Liderança/Gerência, Product Owner/Product Manager;26/06/2026;São Paulo;São Paulo;SP;Região Sudeste;Brasil;América do Sul
295;XP Inc.;Product Manager III | Prediction Markets;São Paulo (SP);25/06 20:00;https://www.linkedin.com/jobs/view/4405857849/;https://media.licdn.com/dms/image/v2/D4E0BAQGNGiz9pu4KZw/company-logo_100_100/company-logo_100_100/0/1735922822407/xpinc_logo?e=1784160000&v=beta&t=BNhxWvjfOKRQhMAqFC1Ttl6EIA5jcKZ8ZSwrxw2b3mw;Produtos > Product Manager;https://www.linkedin.com/company/xp-inc/about/;Software e Serviços de TI;(engineering AND manager) OR (tech AND manager) OR (gerente AND de AND projetos) OR (project AND manager) OR (gerente AND de AND produtos) OR (product AND manager) OR (program AND manager) OR (senior AND program AND manager) OR (coordenador AND de AND ti) OR (it AND coordinator);xp inc.;5.0;Greenhouse;https://www.linkedin.com/jobs/view/4405857849/;https://www.linkedin.com/jobs/view/4405857849/;On-site;Liderança/Gerência, Product Owner/Product Manager;26/06/2026;São Paulo;São Paulo;SP;Região Sudeste;Brasil;América do Sul
296;XP Inc.;Product Manager Sênior | Trading & Banking Operations;São Paulo (SP);25/06 20:00;https://www.linkedin.com/jobs/view/4378022243/;https://media.licdn.com/dms/image/v2/D4E0BAQGNGiz9pu4KZw/company-logo_100_100/company-logo_100_100/0/1735922822407/xpinc_logo?e=1784160000&v=beta&t=BNhxWvjfOKRQhMAqFC1Ttl6EIA5jcKZ8ZSwrxw2b3mw;Produtos > Product Manager;https://www.linkedin.com/company/xp-inc/about/;Serviços Financeiros;(engineering AND manager) OR (tech AND manager) OR (gerente AND de AND projetos) OR (project AND manager) OR (gerente AND de AND produtos) OR (product AND manager) OR (program AND manager) OR (senior AND program AND manager) OR (coordenador AND de AND ti) OR (it AND coordinator);xp inc.;5.0;Greenhouse;https://www.linkedin.com/jobs/view/4378022243/;https://www.linkedin.com/jobs/view/4378022243/;Hybrid;Senior, Liderança/Gerência, Product Owner/Product Manager;26/06/2026;São Paulo;São Paulo;SP;Região Sudeste;Brasil;América do Sul
297;Zenpire;Product Manager (Ecommerce Apps);Brasil;24/06 20:00;https://www.linkedin.com/jobs/view/4431894523/;https://media.licdn.com/dms/image/v2/D560BAQEAxfya-hZNPg/company-logo_100_100/B56ZxOs0vIJAAQ-/0/1770846899450/zenpire_tech_logo?e=1784160000&v=beta&t=YfSYYS3Vyxq77yUmXYV3g9rUUNHxYxmEC6YWcQYoI-g;Produtos > Product Manager;https://www.linkedin.com/company/zenpire/about/;Varejo e E-commerce;(engineering AND manager) OR (tech AND manager) OR (gerente AND de AND projetos) OR (project AND manager) OR (gerente AND de AND produtos) OR (product AND manager) OR (program AND manager) OR (senior AND program AND manager) OR (coordenador AND de AND ti) OR (it AND coordinator);zenpire;1;;https://www.linkedin.com/jobs/view/4431894523/;https://www.linkedin.com/jobs/view/4431894523/;Remote;Liderança/Gerência, Product Owner/Product Manager;26/06/2026;;;;;Brasil;América do Sul
298;banco BV;Product Manager - Canais Digitais;São Paulo (SP);22/06 20:00;https://www.linkedin.com/jobs/view/4431766883/;https://media.licdn.com/dms/image/v2/D560BAQGE-TS-axJsYg/company-logo_100_100/B56Z5G6A1tKsAI-/0/1779306073662/bancobv_logo?e=1784160000&v=beta&t=C-mXtgYhs0UqKdVlv2dCGFV9UtwZh_cnUB8oExKjMtI;Produtos > Product Manager;https://www.linkedin.com/company/banco-bv/about/;Serviços Financeiros;(engineering AND manager) OR (tech AND manager) OR (gerente AND de AND projetos) OR (project AND manager) OR (gerente AND de AND produtos) OR (product AND manager) OR (program AND manager) OR (senior AND program AND manager) OR (coordenador AND de AND ti) OR (it AND coordinator);banco bv;1.0;Lever;https://www.linkedin.com/jobs/view/4431766883/;https://www.linkedin.com/jobs/view/4431766883/;Hybrid;Liderança/Gerência, Product Owner/Product Manager;26/06/2026;São Paulo;São Paulo;SP;Região Sudeste;Brasil;América do Sul
299;delaware Brasil;Gerente de Projetos Sr.;Barueri (SP);25/06 20:00;https://www.linkedin.com/jobs/view/4432614560/;https://media.licdn.com/dms/image/v2/C560BAQG2jdYVvsxnSg/company-logo_100_100/company-logo_100_100/0/1631378051602?e=1784160000&v=beta&t=emcbsSPjyzFaa1JanZHIYcOm_4IiWGJVD1wjNxYnM-U;Middle > Manager;https://www.linkedin.com/company/delaware-brasil/about/;Jurídico;(engineering AND manager) OR (tech AND manager) OR (gerente AND de AND projetos) OR (project AND manager) OR (gerente AND de AND produtos) OR (product AND manager) OR (program AND manager) OR (senior AND program AND manager) OR (coordenador AND de AND ti) OR (it AND coordinator);delaware brasil;1.0;delawarebrasil.selecty.com.br;https://www.linkedin.com/jobs/view/4432614560/;https://www.linkedin.com/jobs/view/4432614560/;On-site;Senior, Mid, Liderança/Gerência;26/06/2026;Barueri;São Paulo;SP;Região Sudeste;Brasil;América do Sul
300;dentsu;Creative Project Manager;SP;25/06 20:00;https://www.linkedin.com/jobs/view/4432680309/;https://media.licdn.com/dms/image/v2/C4D0BAQGSceqDCNOufA/company-logo_100_100/company-logo_100_100/0/1630544766068/dentsuintl_logo?e=1784160000&v=beta&t=URjgvpQZeXaz0n0__Y4iEp4TPWtb4S3GPC1v64NoSgQ;Portfolio > Projetos > Project Manager;https://www.linkedin.com/company/dentsu/about/;Software e Serviços de TI;(engineering AND manager) OR (tech AND manager) OR (gerente AND de AND projetos) OR (project AND manager) OR (gerente AND de AND produtos) OR (product AND manager) OR (program AND manager) OR (senior AND program AND manager) OR (coordenador AND de AND ti) OR (it AND coordinator);dentsu;1.0;Workday;https://www.linkedin.com/jobs/view/4432680309/;https://www.linkedin.com/jobs/view/4432680309/;Hybrid;Liderança/Gerência;26/06/2026;;São Paulo;SP;Região Sudeste;Brasil;América do Sul
301;iFood;PRODUCT MANAGER III - SUPPLY & LOGISTICS PRODUCTS | TECH;Brasil;25/06 20:00;https://www.linkedin.com/jobs/view/4432155788/;https://media.licdn.com/dms/image/v2/C510BAQFupNOyDYF1sg/company-logo_100_100/company-logo_100_100/0/1631315877254?e=1784160000&v=beta&t=wU3sLLa3srVHYEhvuIqdyh1DKssl60UPe1uLj1zoPrw;Produtos > Product Manager;https://www.linkedin.com/company/ifood/about/;Alimentos e Bebidas;(engineering AND manager) OR (tech AND manager) OR (gerente AND de AND projetos) OR (project AND manager) OR (gerente AND de AND produtos) OR (product AND manager) OR (program AND manager) OR (senior AND program AND manager) OR (coordenador AND de AND ti) OR (it AND coordinator);ifood;5.0;carreiras.ifood.com.br;https://www.linkedin.com/jobs/view/4432155788/;https://www.linkedin.com/jobs/view/4432155788/;Remote;Liderança/Gerência, TI/Tech, Product Owner/Product Manager;26/06/2026;;;;;Brasil;América do Sul
302;iFood;Product Manager Pleno - Logística- Vaga Afirmativa para Mulheres Pretas;Brasil;20/06 20:00;https://www.linkedin.com/jobs/view/4403459873/;https://media.licdn.com/dms/image/v2/C510BAQFupNOyDYF1sg/company-logo_100_100/company-logo_100_100/0/1631315877254?e=1784160000&v=beta&t=wU3sLLa3srVHYEhvuIqdyh1DKssl60UPe1uLj1zoPrw;Produtos > Product Manager;https://www.linkedin.com/company/ifood/about/;Alimentos e Bebidas;(engineering AND manager) OR (tech AND manager) OR (gerente AND de AND projetos) OR (project AND manager) OR (gerente AND de AND produtos) OR (product AND manager) OR (program AND manager) OR (senior AND program AND manager) OR (coordenador AND de AND ti) OR (it AND coordinator);ifood;5.0;carreiras.ifood.com.br;https://www.linkedin.com/jobs/view/4403459873/;https://www.linkedin.com/jobs/view/4403459873/;Remote;PCD / Afirmativa, Mid, Liderança/Gerência, Product Owner/Product Manager, Logística/Supply;26/06/2026;;;;;Brasil;América do Sul
303;iFood;Product Manager Sênior - Produto iFood Beneficios;Osasco (SP);24/06 20:00;https://www.linkedin.com/jobs/view/4431832184/;https://media.licdn.com/dms/image/v2/C510BAQFupNOyDYF1sg/company-logo_100_100/company-logo_100_100/0/1631315877254?e=1784160000&v=beta&t=wU3sLLa3srVHYEhvuIqdyh1DKssl60UPe1uLj1zoPrw;Produtos > Product Manager;https://www.linkedin.com/company/ifood/about/;Alimentos e Bebidas;(engineering AND manager) OR (tech AND manager) OR (gerente AND de AND projetos) OR (project AND manager) OR (gerente AND de AND produtos) OR (product AND manager) OR (program AND manager) OR (senior AND program AND manager) OR (coordenador AND de AND ti) OR (it AND coordinator);ifood;5.0;carreiras.ifood.com.br;https://www.linkedin.com/jobs/view/4431832184/;https://www.linkedin.com/jobs/view/4431832184/;Hybrid;Senior, Liderança/Gerência, Product Owner/Product Manager;26/06/2026;Osasco;São Paulo;SP;Região Sudeste;Brasil;América do Sul
304;iNOVE Tecnologia em Redes;Coordenador de TI (Pessoa Jurídica);São Paulo (SP);23/06 20:00;https://www.linkedin.com/jobs/view/4432052553/;https://media.licdn.com/dms/image/v2/C510BAQFXPlMjDx05xQ/company-logo_100_100/company-logo_100_100/0/1631374808847?e=1784160000&v=beta&t=30G24MhvC1DS0R6hEt4yD0SAwj1ic8DCNbkvDA5QOWQ;Middle > Manager;https://www.linkedin.com/company/inove-tecnologia-em-redes/about/;Software e Serviços de TI;(engineering AND manager) OR (tech AND manager) OR (gerente AND de AND projetos) OR (project AND manager) OR (gerente AND de AND produtos) OR (product AND manager) OR (program AND manager) OR (senior AND program AND manager) OR (coordenador AND de AND ti) OR (it AND coordinator);inove tecnologia em redes;1;;https://www.linkedin.com/jobs/view/4432052553/;https://www.linkedin.com/jobs/view/4432052553/;On-site;PCD / Afirmativa, Mid, Liderança/Gerência, TI/Tech;26/06/2026;São Paulo;São Paulo;SP;Região Sudeste;Brasil;América do Sul
305;idwall;Product Manager;São Paulo (SP);23/06 20:00;https://www.linkedin.com/jobs/view/4432426214/;https://media.licdn.com/dms/image/v2/D4D0BAQEgsW7NaSlwMw/company-logo_100_100/company-logo_100_100/0/1700769149651/idwall_logo?e=1784160000&v=beta&t=h-dnJr6PQ6kfaf8xpNmHNFHK3jnv_C_758Pso0Awdh8;Produtos > Product Manager;https://www.linkedin.com/company/idwall/about/;-;(engineering AND manager) OR (tech AND manager) OR (gerente AND de AND projetos) OR (project AND manager) OR (gerente AND de AND produtos) OR (product AND manager) OR (program AND manager) OR (senior AND program AND manager) OR (coordenador AND de AND ti) OR (it AND coordinator);idwall;1.0;;https://www.linkedin.com/jobs/view/4432426214/;https://www.linkedin.com/jobs/view/4432426214/;Hybrid;Liderança/Gerência, Product Owner/Product Manager;26/06/2026;São Paulo;São Paulo;SP;Região Sudeste;Brasil;América do Sul
306;innolevels;Gerente de Projetos IV;Grande São Paulo (SP) ;24/06 20:00;https://www.linkedin.com/jobs/view/4429810257/;https://media.licdn.com/dms/image/v2/C4D0BAQHTJl0dF22boA/company-logo_100_100/company-logo_100_100/0/1662223622824/innolevels_logo?e=1784160000&v=beta&t=VQ20JPrpBU8zq0JjM48gmWgxeR0g8tndvibzDFm_6nA;Middle > Manager;https://www.linkedin.com/company/innolevels/about/;-;(engineering AND manager) OR (tech AND manager) OR (gerente AND de AND projetos) OR (project AND manager) OR (gerente AND de AND produtos) OR (product AND manager) OR (program AND manager) OR (senior AND program AND manager) OR (coordenador AND de AND ti) OR (it AND coordinator);innolevels;1.0;www.curriculum.com.br;https://www.linkedin.com/jobs/view/4429810257/;https://www.linkedin.com/jobs/view/4429810257/;On-site;Mid, Liderança/Gerência;26/06/2026;;São Paulo;SP;Região Sudeste;Brasil;América do Sul
307;innolevels;Gerente de Projetos V;Grande São Paulo (SP) ;24/06 20:00;https://www.linkedin.com/jobs/view/4429496537/;https://media.licdn.com/dms/image/v2/C4D0BAQHTJl0dF22boA/company-logo_100_100/company-logo_100_100/0/1662223622824/innolevels_logo?e=1784160000&v=beta&t=VQ20JPrpBU8zq0JjM48gmWgxeR0g8tndvibzDFm_6nA;Middle > Manager;https://www.linkedin.com/company/innolevels/about/;-;(engineering AND manager) OR (tech AND manager) OR (gerente AND de AND projetos) OR (project AND manager) OR (gerente AND de AND produtos) OR (product AND manager) OR (program AND manager) OR (senior AND program AND manager) OR (coordenador AND de AND ti) OR (it AND coordinator);innolevels;1.0;www.curriculum.com.br;https://www.linkedin.com/jobs/view/4429496537/;https://www.linkedin.com/jobs/view/4429496537/;On-site;Mid, Liderança/Gerência;26/06/2026;;São Paulo;SP;Região Sudeste;Brasil;América do Sul
308;levva;Product Manager Sênior;São Paulo (SP);26/06 12:00;https://www.linkedin.com/jobs/view/4430621029/;https://media.licdn.com/dms/image/v2/D4D0BAQGC2bj7GUclpA/company-logo_100_100/company-logo_100_100/0/1688398016261/levva_logo?e=1784160000&v=beta&t=38olTzpamdkq-qD-AUkv4D9r2FvqgxFGErzsTGrUdSc;Produtos > Product Manager;https://www.linkedin.com/company/levva/about/;-;(engineering AND manager) OR (tech AND manager) OR (gerente AND de AND projetos) OR (project AND manager) OR (gerente AND de AND produtos) OR (product AND manager) OR (program AND manager) OR (senior AND program AND manager) OR (coordenador AND de AND ti) OR (it AND coordinator);levva;1;;https://www.linkedin.com/jobs/view/4430621029/;https://www.linkedin.com/jobs/view/4430621029/;Hybrid;Senior, Liderança/Gerência, Product Owner/Product Manager;26/06/2026;São Paulo;São Paulo;SP;Região Sudeste;Brasil;América do Sul
309;phData;Program Manager, AI & Data;Brasil;26/06 00:00;https://www.linkedin.com/jobs/view/4433562983/;https://media.licdn.com/dms/image/v2/D4E0BAQG8ROjMkeDLMA/company-logo_100_100/company-logo_100_100/0/1687877925232/phdata_logo?e=1784160000&v=beta&t=n89QjHLpocF-l2OPxizKxoiyJPJO2D-rv73n6vy-rl4;Data & Ai > Data Engineering;https://www.linkedin.com/company/phdata/about/;Dados e Analytics;(engineering AND manager) OR (tech AND manager) OR (gerente AND de AND projetos) OR (project AND manager) OR (gerente AND de AND produtos) OR (product AND manager) OR (program AND manager) OR (senior AND program AND manager) OR (coordenador AND de AND ti) OR (it AND coordinator);phdata;1.0;;https://www.linkedin.com/jobs/view/4433562983/;https://www.linkedin.com/jobs/view/4433562983/;Remote;Inteligência Artificial, Liderança/Gerência, Dados/Analytics;26/06/2026;;;;;Brasil;América do Sul
