Id;Company;Job Title;Location;Published Date;Job Link;Logo;Category;Company Life URL;Industry;Query Parameters;Company_Match;Score;Platform;Job Link_Match;Destination URL;Work Mode;Tags;Capture Date;City;State;UF;Region;Country;Continent
1;4DF Connect;PMO / Coordenador(a) de Projetos e Operações;São Paulo (SP);30/06 09:00;https://www.linkedin.com/jobs/view/4434734112/;https://media.licdn.com/dms/image/v2/D4E0BAQHgznwIT2t3IA/company-logo_100_100/B4EZgUICjYGcAU-/0/1752684309117/4dfconnect_logo?e=1784764800&v=beta&t=1kPAzafd78SkmE6Xqqr-aZLy7IodUfiL5q5wMQN3oLw;Produtos > Product Manager;https://www.linkedin.com/company/4df-connect/about/;-;(agile AND coach) OR (agile AND master) OR (scrum AND master) OR (product AND owner) OR (squad AND leader) OR (enterprise AND agile AND coach) AND (transformation AND leader) OR vmo OR pmo OR (coach AND ágil) OR scrum OR kanban OR kmm OR safe OR nexus;4df connect;1.0;Geekhunter;https://www.linkedin.com/jobs/view/4434734112/;https://www.linkedin.com/jobs/view/4434734112/;On-site;Mid, Liderança/Gerência, PMO;03/07/2026;São Paulo;São Paulo;SP;Região Sudeste;Brasil;América do Sul
2;AB InBev;Product Owner de Suporte Fiscal;Campinas (SP);02/07 09:00;https://www.linkedin.com/jobs/view/4434656931/;https://media.licdn.com/dms/image/v2/C560BAQEZRSga0FreWA/company-logo_100_100/company-logo_100_100/0/1656631574816/ab_inbev_logo?e=1784764800&v=beta&t=jArea3N9YGxXEjKIl8BfcXW_ozhB1oZ5js9EKhadQMI;Produtos > Product Manager;https://www.linkedin.com/company/ab-inbev/about/;Vendas e Suporte;(agile AND coach) OR (agile AND master) OR (scrum AND master) OR (product AND owner) OR (squad AND leader) OR (enterprise AND agile AND coach) AND (transformation AND leader) OR vmo OR pmo OR (coach AND ágil) OR scrum OR kanban OR kmm OR safe OR nexus;ab inbev;1.0;LinkedIn (Easy Apply);https://www.linkedin.com/jobs/view/4434656931/;https://www.linkedin.com/jobs/view/4434656931/;On-site;Product Owner/Product Manager, Financeiro/Fiscal;03/07/2026;Campinas;São Paulo;SP;Região Sudeste;Brasil;América do Sul
3;ALTAVE;Scrum Master / Agile Facilitator – Inovação em IA;São José dos Campos (SP);02/07 09:00;https://www.linkedin.com/jobs/view/4432715279/;https://media.licdn.com/dms/image/v2/D4D0BAQFPU6_MwIJlhg/company-logo_100_100/B4DZdaIs6QGkAU-/0/1749563920541/flyaltave_logo?e=1784764800&v=beta&t=GHizBe5UmsTvxNQR1aw4ZLKVEuC_AVFCiDlm6DKM3N0;Agility > Scrum Master;https://www.linkedin.com/company/altave/about/;Inteligência Artificial;(agile AND coach) OR (agile AND master) OR (scrum AND master) OR (product AND owner) OR (squad AND leader) OR (enterprise AND agile AND coach) AND (transformation AND leader) OR vmo OR pmo OR (coach AND ágil) OR scrum OR kanban OR kmm OR safe OR nexus;altave;3.0;;https://www.linkedin.com/jobs/view/4432715279/;https://www.linkedin.com/jobs/view/4432715279/;Hybrid;Inteligência Artificial, Scrum/Agile, Inovação/P&D;03/07/2026;São José dos Campos;São Paulo;SP;Região Sudeste;Brasil;América do Sul
4;ALTAVE;Scrum Master / Agile Facilitator – Inovação em IA;São José dos Campos (SP);02/07 09:00;https://www.linkedin.com/jobs/view/4436150196/;https://media.licdn.com/dms/image/v2/D4D0BAQFPU6_MwIJlhg/company-logo_100_100/B4DZdaIs6QGkAU-/0/1749563920541/flyaltave_logo?e=1784764800&v=beta&t=GHizBe5UmsTvxNQR1aw4ZLKVEuC_AVFCiDlm6DKM3N0;Agility > Scrum Master;https://www.linkedin.com/company/altave/about/;Inteligência Artificial;(agile AND coach) OR (agile AND master) OR (scrum AND master) OR (product AND owner) OR (squad AND leader) OR (enterprise AND agile AND coach) AND (transformation AND leader) OR vmo OR pmo OR (coach AND ágil) OR scrum OR kanban OR kmm OR safe OR nexus;altave;3.0;;https://www.linkedin.com/jobs/view/4436150196/;https://www.linkedin.com/jobs/view/4436150196/;On-site;Inteligência Artificial, Scrum/Agile, Inovação/P&D;03/07/2026;São José dos Campos;São Paulo;SP;Região Sudeste;Brasil;América do Sul
5;AMcom Sistemas de Informação;Pessoa Product Owner Sênior em Reforma Tributária;Brasil;30/06 09:00;https://www.linkedin.com/jobs/view/4435115037/;https://media.licdn.com/dms/image/v2/D4D0BAQHb6tHzUvJdDQ/company-logo_100_100/company-logo_100_100/0/1697737715510/amcom_logo?e=1784764800&v=beta&t=qicvjelAKZ9k6DG0cfBHSBF_I_zx4p6TVwvYyup4aMY;Agility > Agile Coach > Tribo;https://www.linkedin.com/company/amcom-sistemas-de-informa-o/about/;Software e Serviços de TI;(agile AND coach) OR (agile AND master) OR (scrum AND master) OR (product AND owner) OR (squad AND leader) OR (enterprise AND agile AND coach) AND (transformation AND leader) OR vmo OR pmo OR (coach AND ágil) OR scrum OR kanban OR kmm OR safe OR nexus;amcom sistemas de informação;1;;https://www.linkedin.com/jobs/view/4435115037/;https://www.linkedin.com/jobs/view/4435115037/;Remote;PCD / Afirmativa, Senior, Product Owner/Product Manager;03/07/2026;;;;;Brasil;América do Sul
6;ANBIMA;Agile Coach Sênior;Rio de Janeiro (RJ);02/07 09:00;https://www.linkedin.com/jobs/view/4415719652/;https://media.licdn.com/dms/image/v2/C4E0BAQF3u_ZkHJGzzA/company-logo_100_100/company-logo_100_100/0/1631353712223?e=1784764800&v=beta&t=YppuiSYyYEKkD5EuKXg_pmY4KhUGdOfxgmzzuejlt8s;Agility > Agile Coach;https://www.linkedin.com/company/anbima/about/;-;(agile AND coach) OR (agile AND master) OR (scrum AND master) OR (product AND owner) OR (squad AND leader) OR (enterprise AND agile AND coach) AND (transformation AND leader) OR vmo OR pmo OR (coach AND ágil) OR scrum OR kanban OR kmm OR safe OR nexus;anbima;1.0;;https://www.linkedin.com/jobs/view/4415719652/;https://www.linkedin.com/jobs/view/4415719652/;Hybrid;Senior, Coach, Scrum/Agile;03/07/2026;Rio de Janeiro;Rio de Janeiro;RJ;Região Sudeste;Brasil;América do Sul
7;Accenture Brasil;Consultor de Scrum Master;São Paulo (SP);03/07 08:00;https://www.linkedin.com/jobs/view/4435446189/;https://media.licdn.com/dms/image/v2/D4D0BAQFxYk90aqWMqA/company-logo_100_100/company-logo_100_100/0/1727873248436/accenturebrasil_logo?e=1784764800&v=beta&t=INmN7XZdIrhdddPQjNj9Us-HZ_zUaHfUW8F--f46pkc;Agility > Scrum Master;https://www.linkedin.com/company/accenture-brasil/about/;-;(agile AND coach) OR (agile AND master) OR (scrum AND master) OR (product AND owner) OR (squad AND leader) OR (enterprise AND agile AND coach) AND (transformation AND leader) OR vmo OR pmo OR (coach AND ágil) OR scrum OR kanban OR kmm OR safe OR nexus;accenture brasil;4.0;www.accenture.com;https://www.linkedin.com/jobs/view/4435446189/;https://www.linkedin.com/jobs/view/4435446189/;Hybrid;Consultor, Scrum/Agile;03/07/2026;São Paulo;São Paulo;SP;Região Sudeste;Brasil;América do Sul
8;Accenture Brasil;Gerente de Product Owner;São Paulo (SP);03/07 08:00;https://www.linkedin.com/jobs/view/4435445173/;https://media.licdn.com/dms/image/v2/D4D0BAQFxYk90aqWMqA/company-logo_100_100/company-logo_100_100/0/1727873248436/accenturebrasil_logo?e=1784764800&v=beta&t=INmN7XZdIrhdddPQjNj9Us-HZ_zUaHfUW8F--f46pkc;Produtos > Product Manager;https://www.linkedin.com/company/accenture-brasil/about/;-;(agile AND coach) OR (agile AND master) OR (scrum AND master) OR (product AND owner) OR (squad AND leader) OR (enterprise AND agile AND coach) AND (transformation AND leader) OR vmo OR pmo OR (coach AND ágil) OR scrum OR kanban OR kmm OR safe OR nexus;accenture brasil;4.0;www.accenture.com;https://www.linkedin.com/jobs/view/4435445173/;https://www.linkedin.com/jobs/view/4435445173/;Hybrid;Mid, Liderança/Gerência, Product Owner/Product Manager;03/07/2026;São Paulo;São Paulo;SP;Região Sudeste;Brasil;América do Sul
9;Amazon;Sr. PMO & Planning, ACES, ACES (Amazon Customer Excellence System);Grande São Paulo (SP) ;02/07 09:00;https://www.linkedin.com/jobs/view/4386999751/;https://media.licdn.com/dms/image/v2/D560BAQGDLy4STCnHbg/company-logo_100_100/B56ZnZxDipI0AQ-/0/1760295142304/amazon_logo?e=1784764800&v=beta&t=3OSswMFpaFQ0VjRPlgTW6LFV8Q19Fpih39yMorHbvuI;Produtos > Product Manager;https://www.linkedin.com/company/amazon/about/;Varejo e E-commerce;(agile AND coach) OR (agile AND master) OR (scrum AND master) OR (product AND owner) OR (squad AND leader) OR (enterprise AND agile AND coach) AND (transformation AND leader) OR vmo OR pmo OR (coach AND ágil) OR scrum OR kanban OR kmm OR safe OR nexus;amazon;5.0;Amazon;https://www.linkedin.com/jobs/view/4386999751/;https://www.linkedin.com/jobs/view/4386999751/;On-site;Senior, PMO;03/07/2026;;São Paulo;SP;Região Sudeste;Brasil;América do Sul
10;Arezzo&Co;Analista Sênior | Processos, Performance e PMO de Compras;Campo Bom (RS);02/07 22:00;https://www.linkedin.com/jobs/view/4436436970/;https://media.licdn.com/dms/image/v2/D4D0BAQF2dWrPPIxyNQ/company-logo_100_100/B4DZu9XhxqIAAQ-/0/1768408621403/arezzoco_logo?e=1784764800&v=beta&t=_l7WJQXXuEZM_R060AgNb-F2Kpdf1zQ5fuP7BH0kXTE;Produtos > Product Manager;https://www.linkedin.com/company/arezzo-co/about/;-;(agile AND coach) OR (agile AND master) OR (scrum AND master) OR (product AND owner) OR (squad AND leader) OR (enterprise AND agile AND coach) AND (transformation AND leader) OR vmo OR pmo OR (coach AND ágil) OR scrum OR kanban OR kmm OR safe OR nexus;arezzo&co;1.0;;https://www.linkedin.com/jobs/view/4436436970/;https://www.linkedin.com/jobs/view/4436436970/;On-site;Senior, Associate, PMO, Processos/Excelência;03/07/2026;Campo Bom;Rio Grande do Sul;RS;Região Sul;Brasil;América do Sul
11;Atvos;Especialista | PMO (Gestão de Portfólio);São Paulo (SP);01/07 09:00;https://www.linkedin.com/jobs/view/4435112895/;https://media.licdn.com/dms/image/v2/C4E0BAQFPisn1cgvI8Q/company-logo_100_100/company-logo_100_100/0/1631301946753?e=1784764800&v=beta&t=Y1qRFROR4xMJsn1IqV7e7ilIs-eQlZJxJ3zLjYpU7OQ;Produtos > Product Manager;https://www.linkedin.com/company/atvos/about/;-;(agile AND coach) OR (agile AND master) OR (scrum AND master) OR (product AND owner) OR (squad AND leader) OR (enterprise AND agile AND coach) AND (transformation AND leader) OR vmo OR pmo OR (coach AND ágil) OR scrum OR kanban OR kmm OR safe OR nexus;atvos;1.0;Vagas.com;https://www.linkedin.com/jobs/view/4435112895/;https://www.linkedin.com/jobs/view/4435112895/;Hybrid;Specialist, PMO;03/07/2026;São Paulo;São Paulo;SP;Região Sudeste;Brasil;América do Sul
12;Avenida;Product Owner (PO);São Paulo (SP);02/07 18:00;https://www.linkedin.com/jobs/view/4436420393/;https://media.licdn.com/dms/image/v2/C4D0BAQHi15cdwXHMlA/company-logo_100_100/company-logo_100_100/0/1630579687496/grupo_avenida_lojas_avenida_e_giovanna_calados__logo?e=1784764800&v=beta&t=B1hhaN2NLH6h1dy1jM5OqpXUpOvu6Wuy2c5eDGgO4Mo;Produtos > Product Manager;https://www.linkedin.com/company/avenida/about/;-;(agile AND coach) OR (agile AND master) OR (scrum AND master) OR (product AND owner) OR (squad AND leader) OR (enterprise AND agile AND coach) AND (transformation AND leader) OR vmo OR pmo OR (coach AND ágil) OR scrum OR kanban OR kmm OR safe OR nexus;avenida;1;;https://www.linkedin.com/jobs/view/4436420393/;https://www.linkedin.com/jobs/view/4436420393/;On-site;Product Owner/Product Manager;03/07/2026;São Paulo;São Paulo;SP;Região Sudeste;Brasil;América do Sul
13;BE, A Moradia do Futuro;Squad Leader de Qualidade e Assistência Técnica;Maringá (PR);01/07 09:00;https://www.linkedin.com/jobs/view/4431974083/;https://media.licdn.com/dms/image/v2/D4D0BAQH3Wm7uV-xptQ/company-logo_100_100/company-logo_100_100/0/1698840292835/ser_bravo_logo?e=1784764800&v=beta&t=Ar66KKVQgmhUgx6VHwI2W8A8wmJGVXzNKcQ6USCgAwE;Agility > Squad Leader;https://www.linkedin.com/company/be-a-moradia-do-futuro/about/;-;(agile AND coach) OR (agile AND master) OR (scrum AND master) OR (product AND owner) OR (squad AND leader) OR (enterprise AND agile AND coach) AND (transformation AND leader) OR vmo OR pmo OR (coach AND ágil) OR scrum OR kanban OR kmm OR safe OR nexus;be, a moradia do futuro;1;;https://www.linkedin.com/jobs/view/4431974083/;https://www.linkedin.com/jobs/view/4431974083/;On-site;Mid, Liderança/Gerência, Squad Leader;03/07/2026;Maringá;Paraná;PR;Região Sul;Brasil;América do Sul
14;BTG Pactual;Analista de Projetos PMO | Governança;São Paulo (SP);29/06 09:00;https://www.linkedin.com/jobs/view/4434295720/;https://media.licdn.com/dms/image/v2/C4E0BAQE0wyub1rswiA/company-logo_100_100/company-logo_100_100/0/1654720569889/btgpactual_logo?e=1784764800&v=beta&t=s6dBLFoMQOBdi4bjN7yyUnhwsR-tzITz9LJT1JdsV84;Produtos > Product Manager;https://www.linkedin.com/company/btg-pactual/about/;-;(agile AND coach) OR (agile AND master) OR (scrum AND master) OR (product AND owner) OR (squad AND leader) OR (enterprise AND agile AND coach) AND (transformation AND leader) OR vmo OR pmo OR (coach AND ágil) OR scrum OR kanban OR kmm OR safe OR nexus;btg pactual;4.0;carreiras.btgpactual.com;https://www.linkedin.com/jobs/view/4434295720/;https://www.linkedin.com/jobs/view/4434295720/;On-site;Associate, PMO;03/07/2026;São Paulo;São Paulo;SP;Região Sudeste;Brasil;América do Sul
15;BTG Pactual;Product Owner (Analista Senior) | BTG Empresas;São Paulo (SP);02/07 09:00;https://www.linkedin.com/jobs/view/4416926613/;https://media.licdn.com/dms/image/v2/C4E0BAQE0wyub1rswiA/company-logo_100_100/company-logo_100_100/0/1654720569889/btgpactual_logo?e=1784764800&v=beta&t=s6dBLFoMQOBdi4bjN7yyUnhwsR-tzITz9LJT1JdsV84;Produtos > Product Manager;https://www.linkedin.com/company/btg-pactual/about/;-;(agile AND coach) OR (agile AND master) OR (scrum AND master) OR (product AND owner) OR (squad AND leader) OR (enterprise AND agile AND coach) AND (transformation AND leader) OR vmo OR pmo OR (coach AND ágil) OR scrum OR kanban OR kmm OR safe OR nexus;btg pactual;4.0;carreiras.btgpactual.com;https://www.linkedin.com/jobs/view/4416926613/;https://www.linkedin.com/jobs/view/4416926613/;On-site;Senior, Associate, Product Owner/Product Manager;03/07/2026;São Paulo;São Paulo;SP;Região Sudeste;Brasil;América do Sul
16;BairesDev;Agile Coach / I+D - Trabajo Remoto;América Latina;30/06 09:00;https://www.linkedin.com/jobs/view/4434129061/;https://media.licdn.com/dms/image/v2/D4E0BAQGNvQASzrdL_w/company-logo_100_100/company-logo_100_100/0/1687874736484/bairesdev_logo?e=1784764800&v=beta&t=Sx52g5BntYPMMLG0y5jthxlC_GM0KC6BDCXLOdWO8XI;Agility > Agile Coach;https://www.linkedin.com/company/bairesdev/about/;-;(agile AND coach) OR (agile AND master) OR (scrum AND master) OR (product AND owner) OR (squad AND leader) OR (enterprise AND agile AND coach) AND (transformation AND leader) OR vmo OR pmo OR (coach AND ágil) OR scrum OR kanban OR kmm OR safe OR nexus;bairesdev;2.0;applicants.bairesdev.com;https://www.linkedin.com/jobs/view/4434129061/;https://www.linkedin.com/jobs/view/4434129061/;Remote;Coach, Scrum/Agile;03/07/2026;;;;;;América Latina
17;BairesDev;Agile Scrum Master - Trabalho Remoto;América Latina;30/06 09:00;https://www.linkedin.com/jobs/view/4434138355/;https://media.licdn.com/dms/image/v2/D4E0BAQGNvQASzrdL_w/company-logo_100_100/company-logo_100_100/0/1687874736484/bairesdev_logo?e=1784764800&v=beta&t=Sx52g5BntYPMMLG0y5jthxlC_GM0KC6BDCXLOdWO8XI;Agility > Scrum Master;https://www.linkedin.com/company/bairesdev/about/;-;(agile AND coach) OR (agile AND master) OR (scrum AND master) OR (product AND owner) OR (squad AND leader) OR (enterprise AND agile AND coach) AND (transformation AND leader) OR vmo OR pmo OR (coach AND ágil) OR scrum OR kanban OR kmm OR safe OR nexus;bairesdev;2.0;applicants.bairesdev.com;https://www.linkedin.com/jobs/view/4434138355/;https://www.linkedin.com/jobs/view/4434138355/;Remote;Scrum/Agile;03/07/2026;;;;;;América Latina
18;BairesDev;Junior Product Owner - Remote Work;América Latina;30/06 09:00;https://www.linkedin.com/jobs/view/4434143898/;https://media.licdn.com/dms/image/v2/D4E0BAQGNvQASzrdL_w/company-logo_100_100/company-logo_100_100/0/1687874736484/bairesdev_logo?e=1784764800&v=beta&t=Sx52g5BntYPMMLG0y5jthxlC_GM0KC6BDCXLOdWO8XI;Produtos > Product Manager;https://www.linkedin.com/company/bairesdev/about/;-;(agile AND coach) OR (agile AND master) OR (scrum AND master) OR (product AND owner) OR (squad AND leader) OR (enterprise AND agile AND coach) AND (transformation AND leader) OR vmo OR pmo OR (coach AND ágil) OR scrum OR kanban OR kmm OR safe OR nexus;bairesdev;2.0;applicants.bairesdev.com;https://www.linkedin.com/jobs/view/4434143898/;https://www.linkedin.com/jobs/view/4434143898/;Remote;Junior, Product Owner/Product Manager;03/07/2026;;;;;;América Latina
19;BairesDev;Product Owner + Azure - Remote Work;América Latina;02/07 21:00;https://www.linkedin.com/jobs/view/4434623119/;https://media.licdn.com/dms/image/v2/D4E0BAQGNvQASzrdL_w/company-logo_100_100/company-logo_100_100/0/1687874736484/bairesdev_logo?e=1784764800&v=beta&t=Sx52g5BntYPMMLG0y5jthxlC_GM0KC6BDCXLOdWO8XI;Produtos > Product Manager;https://www.linkedin.com/company/bairesdev/about/;-;(agile AND coach) OR (agile AND master) OR (scrum AND master) OR (product AND owner) OR (squad AND leader) OR (enterprise AND agile AND coach) AND (transformation AND leader) OR vmo OR pmo OR (coach AND ágil) OR scrum OR kanban OR kmm OR safe OR nexus;bairesdev;2.0;applicants.bairesdev.com;https://www.linkedin.com/jobs/view/4434623119/;https://www.linkedin.com/jobs/view/4434623119/;Remote;Cloud (AWS/GCP/Azure), Product Owner/Product Manager;03/07/2026;;;;;;América Latina
20;BairesDev;Scrum Master - Remote Work;América Latina;02/07 09:00;https://www.linkedin.com/jobs/view/4434677149/;https://media.licdn.com/dms/image/v2/D4E0BAQGNvQASzrdL_w/company-logo_100_100/company-logo_100_100/0/1687874736484/bairesdev_logo?e=1784764800&v=beta&t=Sx52g5BntYPMMLG0y5jthxlC_GM0KC6BDCXLOdWO8XI;Agility > Scrum Master;https://www.linkedin.com/company/bairesdev/about/;-;(agile AND coach) OR (agile AND master) OR (scrum AND master) OR (product AND owner) OR (squad AND leader) OR (enterprise AND agile AND coach) AND (transformation AND leader) OR vmo OR pmo OR (coach AND ágil) OR scrum OR kanban OR kmm OR safe OR nexus;bairesdev;2.0;applicants.bairesdev.com;https://www.linkedin.com/jobs/view/4434677149/;https://www.linkedin.com/jobs/view/4434677149/;Remote;Scrum/Agile;03/07/2026;;;;;;América Latina
21;BairesDev;Scrum Master - Trabajo Remoto;América Latina;30/06 09:00;https://www.linkedin.com/jobs/view/4434126636/;https://media.licdn.com/dms/image/v2/D4E0BAQGNvQASzrdL_w/company-logo_100_100/company-logo_100_100/0/1687874736484/bairesdev_logo?e=1784764800&v=beta&t=Sx52g5BntYPMMLG0y5jthxlC_GM0KC6BDCXLOdWO8XI;Agility > Scrum Master;https://www.linkedin.com/company/bairesdev/about/;-;(agile AND coach) OR (agile AND master) OR (scrum AND master) OR (product AND owner) OR (squad AND leader) OR (enterprise AND agile AND coach) AND (transformation AND leader) OR vmo OR pmo OR (coach AND ágil) OR scrum OR kanban OR kmm OR safe OR nexus;bairesdev;2.0;applicants.bairesdev.com;https://www.linkedin.com/jobs/view/4434126636/;https://www.linkedin.com/jobs/view/4434126636/;Remote;Scrum/Agile;03/07/2026;;;;;;América Latina
22;BairesDev;Scrum Master - Trabalho Remoto;América Latina;30/06 09:00;https://www.linkedin.com/jobs/view/4434114375/;https://media.licdn.com/dms/image/v2/D4E0BAQGNvQASzrdL_w/company-logo_100_100/company-logo_100_100/0/1687874736484/bairesdev_logo?e=1784764800&v=beta&t=Sx52g5BntYPMMLG0y5jthxlC_GM0KC6BDCXLOdWO8XI;Agility > Scrum Master;https://www.linkedin.com/company/bairesdev/about/;-;(agile AND coach) OR (agile AND master) OR (scrum AND master) OR (product AND owner) OR (squad AND leader) OR (enterprise AND agile AND coach) AND (transformation AND leader) OR vmo OR pmo OR (coach AND ágil) OR scrum OR kanban OR kmm OR safe OR nexus;bairesdev;2.0;applicants.bairesdev.com;https://www.linkedin.com/jobs/view/4434114375/;https://www.linkedin.com/jobs/view/4434114375/;Remote;Scrum/Agile;03/07/2026;;;;;;América Latina
23;BairesDev;Senior Product Owner - Remote Work;América Latina;02/07 09:00;https://www.linkedin.com/jobs/view/4434667122/;https://media.licdn.com/dms/image/v2/D4E0BAQGNvQASzrdL_w/company-logo_100_100/company-logo_100_100/0/1687874736484/bairesdev_logo?e=1784764800&v=beta&t=Sx52g5BntYPMMLG0y5jthxlC_GM0KC6BDCXLOdWO8XI;Produtos > Product Manager;https://www.linkedin.com/company/bairesdev/about/;-;(agile AND coach) OR (agile AND master) OR (scrum AND master) OR (product AND owner) OR (squad AND leader) OR (enterprise AND agile AND coach) AND (transformation AND leader) OR vmo OR pmo OR (coach AND ágil) OR scrum OR kanban OR kmm OR safe OR nexus;bairesdev;2.0;applicants.bairesdev.com;https://www.linkedin.com/jobs/view/4434667122/;https://www.linkedin.com/jobs/view/4434667122/;Remote;Senior, Product Owner/Product Manager;03/07/2026;;;;;;América Latina
24;BairesDev;Senior Product Owner / R+D - Remote Work;América Latina;30/06 09:00;https://www.linkedin.com/jobs/view/4434121404/;https://media.licdn.com/dms/image/v2/D4E0BAQGNvQASzrdL_w/company-logo_100_100/company-logo_100_100/0/1687874736484/bairesdev_logo?e=1784764800&v=beta&t=Sx52g5BntYPMMLG0y5jthxlC_GM0KC6BDCXLOdWO8XI;Produtos > Product Manager;https://www.linkedin.com/company/bairesdev/about/;-;(agile AND coach) OR (agile AND master) OR (scrum AND master) OR (product AND owner) OR (squad AND leader) OR (enterprise AND agile AND coach) AND (transformation AND leader) OR vmo OR pmo OR (coach AND ágil) OR scrum OR kanban OR kmm OR safe OR nexus;bairesdev;2.0;applicants.bairesdev.com;https://www.linkedin.com/jobs/view/4434121404/;https://www.linkedin.com/jobs/view/4434121404/;Remote;Senior, Product Owner/Product Manager;03/07/2026;;;;;;América Latina
25;BairesDev;Agile Scrum Master - Trabalho Remoto;RJ;30/06 09:00;https://www.linkedin.com/jobs/view/4434131813/;https://media.licdn.com/dms/image/v2/D4E0BAQGNvQASzrdL_w/company-logo_100_100/company-logo_100_100/0/1687874736484/bairesdev_logo?e=1784764800&v=beta&t=Sx52g5BntYPMMLG0y5jthxlC_GM0KC6BDCXLOdWO8XI;Agility > Scrum Master;https://www.linkedin.com/company/bairesdev/about/;-;(agile AND coach) OR (agile AND master) OR (scrum AND master) OR (product AND owner) OR (squad AND leader) OR (enterprise AND agile AND coach) AND (transformation AND leader) OR vmo OR pmo OR (coach AND ágil) OR scrum OR kanban OR kmm OR safe OR nexus;bairesdev;2.0;applicants.bairesdev.com;https://www.linkedin.com/jobs/view/4434131813/;https://www.linkedin.com/jobs/view/4434131813/;Remote;Scrum/Agile;03/07/2026;;Rio de Janeiro;RJ;Região Sudeste;Brasil;América do Sul
26;BairesDev;Agile Coach - Trabalho Remoto;SP;30/06 09:00;https://www.linkedin.com/jobs/view/4434118206/;https://media.licdn.com/dms/image/v2/D4E0BAQGNvQASzrdL_w/company-logo_100_100/company-logo_100_100/0/1687874736484/bairesdev_logo?e=1784764800&v=beta&t=Sx52g5BntYPMMLG0y5jthxlC_GM0KC6BDCXLOdWO8XI;Agility > Agile Coach;https://www.linkedin.com/company/bairesdev/about/;-;(agile AND coach) OR (agile AND master) OR (scrum AND master) OR (product AND owner) OR (squad AND leader) OR (enterprise AND agile AND coach) AND (transformation AND leader) OR vmo OR pmo OR (coach AND ágil) OR scrum OR kanban OR kmm OR safe OR nexus;bairesdev;2.0;applicants.bairesdev.com;https://www.linkedin.com/jobs/view/4434118206/;https://www.linkedin.com/jobs/view/4434118206/;Remote;Coach, Scrum/Agile;03/07/2026;;São Paulo;SP;Região Sudeste;Brasil;América do Sul
27;BairesDev;Junior Product Owner - Remote Work;SP;30/06 09:00;https://www.linkedin.com/jobs/view/4434144849/;https://media.licdn.com/dms/image/v2/D4E0BAQGNvQASzrdL_w/company-logo_100_100/company-logo_100_100/0/1687874736484/bairesdev_logo?e=1784764800&v=beta&t=Sx52g5BntYPMMLG0y5jthxlC_GM0KC6BDCXLOdWO8XI;Produtos > Product Manager;https://www.linkedin.com/company/bairesdev/about/;-;(agile AND coach) OR (agile AND master) OR (scrum AND master) OR (product AND owner) OR (squad AND leader) OR (enterprise AND agile AND coach) AND (transformation AND leader) OR vmo OR pmo OR (coach AND ágil) OR scrum OR kanban OR kmm OR safe OR nexus;bairesdev;2.0;applicants.bairesdev.com;https://www.linkedin.com/jobs/view/4434144849/;https://www.linkedin.com/jobs/view/4434144849/;Remote;Junior, Product Owner/Product Manager;03/07/2026;;São Paulo;SP;Região Sudeste;Brasil;América do Sul
28;BairesDev;Scrum Master - Remote Work;SP;02/07 09:00;https://www.linkedin.com/jobs/view/4434668354/;https://media.licdn.com/dms/image/v2/D4E0BAQGNvQASzrdL_w/company-logo_100_100/company-logo_100_100/0/1687874736484/bairesdev_logo?e=1784764800&v=beta&t=Sx52g5BntYPMMLG0y5jthxlC_GM0KC6BDCXLOdWO8XI;Agility > Scrum Master;https://www.linkedin.com/company/bairesdev/about/;-;(agile AND coach) OR (agile AND master) OR (scrum AND master) OR (product AND owner) OR (squad AND leader) OR (enterprise AND agile AND coach) AND (transformation AND leader) OR vmo OR pmo OR (coach AND ágil) OR scrum OR kanban OR kmm OR safe OR nexus;bairesdev;2.0;applicants.bairesdev.com;https://www.linkedin.com/jobs/view/4434668354/;https://www.linkedin.com/jobs/view/4434668354/;Remote;Scrum/Agile;03/07/2026;;São Paulo;SP;Região Sudeste;Brasil;América do Sul
29;BairesDev;Agile Scrum Master - Trabalho Remoto;São Paulo (SP);30/06 09:00;https://www.linkedin.com/jobs/view/4434126998/;https://media.licdn.com/dms/image/v2/D4E0BAQGNvQASzrdL_w/company-logo_100_100/company-logo_100_100/0/1687874736484/bairesdev_logo?e=1784764800&v=beta&t=Sx52g5BntYPMMLG0y5jthxlC_GM0KC6BDCXLOdWO8XI;Agility > Scrum Master;https://www.linkedin.com/company/bairesdev/about/;-;(agile AND coach) OR (agile AND master) OR (scrum AND master) OR (product AND owner) OR (squad AND leader) OR (enterprise AND agile AND coach) AND (transformation AND leader) OR vmo OR pmo OR (coach AND ágil) OR scrum OR kanban OR kmm OR safe OR nexus;bairesdev;2.0;applicants.bairesdev.com;https://www.linkedin.com/jobs/view/4434126998/;https://www.linkedin.com/jobs/view/4434126998/;Remote;Scrum/Agile;03/07/2026;São Paulo;São Paulo;SP;Região Sudeste;Brasil;América do Sul
30;Banco Bradesco;Product Owner SR (Gateway de Pagamentos);Osasco (SP);03/07 08:00;https://www.linkedin.com/jobs/view/4417776341/;https://media.licdn.com/dms/image/v2/C4E0BAQEXB9xussWsHQ/company-logo_100_100/company-logo_100_100/0/1680038081185/bradesco_logo?e=1784764800&v=beta&t=fa5r5yYwWkLjZgRfoPxPH88LeutS9T_MoDKAZyzQtp0;Produtos > Product Manager;https://www.linkedin.com/company/banco-bradesco/about/;Serviços Financeiros;(agile AND coach) OR (agile AND master) OR (scrum AND master) OR (product AND owner) OR (squad AND leader) OR (enterprise AND agile AND coach) AND (transformation AND leader) OR vmo OR pmo OR (coach AND ágil) OR scrum OR kanban OR kmm OR safe OR nexus;banco bradesco;4.0;bradesco.csod.com;https://www.linkedin.com/jobs/view/4417776341/;https://www.linkedin.com/jobs/view/4417776341/;Hybrid;Senior, Product Owner/Product Manager;03/07/2026;Osasco;São Paulo;SP;Região Sudeste;Brasil;América do Sul
31;Bosch Brasil;ANALISTA DE PROJETOS DE TI SENIOR - PMO (35116);Campinas (SP);02/07 18:00;https://www.linkedin.com/jobs/view/4435261462/;https://media.licdn.com/dms/image/v2/D4D0BAQFLngNLBW1vZg/company-logo_100_100/B4DZ1Dtv3UGoAQ-/0/1774957560000/boschbrasil_logo?e=1784764800&v=beta&t=71iQsd5NoyNxOPG5qQI4UQKUMfO2kBSNvyPv-hIFmIk;Produtos > Product Manager;https://www.linkedin.com/company/bosch-brasil/about/;Software e Serviços de TI;(agile AND coach) OR (agile AND master) OR (scrum AND master) OR (product AND owner) OR (squad AND leader) OR (enterprise AND agile AND coach) AND (transformation AND leader) OR vmo OR pmo OR (coach AND ágil) OR scrum OR kanban OR kmm OR safe OR nexus;bosch brasil;1.0;Smartrecruiters;https://www.linkedin.com/jobs/view/4435261462/;https://www.linkedin.com/jobs/view/4435261462/;Hybrid;Senior, Associate, TI/Tech, PMO;03/07/2026;Campinas;São Paulo;SP;Região Sudeste;Brasil;América do Sul
32;Bosch Brasil;PRODUCT OWNER SR - PROJETOS S/4HANA;Campinas (SP);02/07 09:00;https://www.linkedin.com/jobs/view/4374387949/;https://media.licdn.com/dms/image/v2/D4D0BAQFLngNLBW1vZg/company-logo_100_100/B4DZ1Dtv3UGoAQ-/0/1774957560000/boschbrasil_logo?e=1784764800&v=beta&t=71iQsd5NoyNxOPG5qQI4UQKUMfO2kBSNvyPv-hIFmIk;Produtos > Product Manager;https://www.linkedin.com/company/bosch-brasil/about/;-;(agile AND coach) OR (agile AND master) OR (scrum AND master) OR (product AND owner) OR (squad AND leader) OR (enterprise AND agile AND coach) AND (transformation AND leader) OR vmo OR pmo OR (coach AND ágil) OR scrum OR kanban OR kmm OR safe OR nexus;bosch brasil;1.0;Smartrecruiters;https://www.linkedin.com/jobs/view/4374387949/;https://www.linkedin.com/jobs/view/4374387949/;Hybrid;Senior, Product Owner/Product Manager;03/07/2026;Campinas;São Paulo;SP;Região Sudeste;Brasil;América do Sul
33;Bureau Veritas;Analista de PMO II (Júnior);Santa Rita do Sapucaí (MG);02/07 09:00;https://www.linkedin.com/jobs/view/4434685648/;https://media.licdn.com/dms/image/v2/D4D0BAQEVKSA5-tbKwQ/company-logo_100_100/company-logo_100_100/0/1713518738324/bureau_veritas_group_logo?e=1784764800&v=beta&t=pbL4MpoxIgrNgQRqF4IK8B0cIYGK2wiFMvtr9XwgTIM;Produtos > Product Manager;https://www.linkedin.com/company/bureau-veritas/about/;Software e Serviços de TI;(agile AND coach) OR (agile AND master) OR (scrum AND master) OR (product AND owner) OR (squad AND leader) OR (enterprise AND agile AND coach) AND (transformation AND leader) OR vmo OR pmo OR (coach AND ágil) OR scrum OR kanban OR kmm OR safe OR nexus;bureau veritas;1;;https://www.linkedin.com/jobs/view/4434685648/;https://www.linkedin.com/jobs/view/4434685648/;On-site;Junior, Associate, PMO;03/07/2026;Santa Rita do Sapucaí;Minas Gerais;MG;Região Sudeste;Brasil;América do Sul
34;Bureau Veritas;Analista de PMO III (Pleno);Santa Rita do Sapucaí (MG);02/07 09:00;https://www.linkedin.com/jobs/view/4435001211/;https://media.licdn.com/dms/image/v2/D4D0BAQEVKSA5-tbKwQ/company-logo_100_100/company-logo_100_100/0/1713518738324/bureau_veritas_group_logo?e=1784764800&v=beta&t=pbL4MpoxIgrNgQRqF4IK8B0cIYGK2wiFMvtr9XwgTIM;Produtos > Product Manager;https://www.linkedin.com/company/bureau-veritas/about/;Software e Serviços de TI;(agile AND coach) OR (agile AND master) OR (scrum AND master) OR (product AND owner) OR (squad AND leader) OR (enterprise AND agile AND coach) AND (transformation AND leader) OR vmo OR pmo OR (coach AND ágil) OR scrum OR kanban OR kmm OR safe OR nexus;bureau veritas;1;;https://www.linkedin.com/jobs/view/4435001211/;https://www.linkedin.com/jobs/view/4435001211/;On-site;Mid, Associate, PMO;03/07/2026;Santa Rita do Sapucaí;Minas Gerais;MG;Região Sudeste;Brasil;América do Sul
35;BuscarVagas - Empregos Brasil;PMO (Projetos de Engenharia Elétrica) - Vagas Profissionais;Tubarão (SC);02/07 09:00;https://www.linkedin.com/jobs/view/4432752683/;https://media.licdn.com/dms/image/v2/D4D0BAQGegAuLcKhWMg/img-crop_100/B4DZrc3ndQIgAM-/0/1764642161116?e=1784764800&v=beta&t=lTgEUJXdjRFg_9URJXVZLiamG39rbAvDo_lQ9I2ULjU;Produtos > Product Manager;https://www.linkedin.com/company/buscarvagas-empregos-brasil/about/;Energia e Combustíveis;(agile AND coach) OR (agile AND master) OR (scrum AND master) OR (product AND owner) OR (squad AND leader) OR (enterprise AND agile AND coach) AND (transformation AND leader) OR vmo OR pmo OR (coach AND ágil) OR scrum OR kanban OR kmm OR safe OR nexus;buscarvagas - empregos brasil;2.0;Vagas.com;https://www.linkedin.com/jobs/view/4432752683/;https://www.linkedin.com/jobs/view/4432752683/;On-site;PMO, Engenharia Geral;03/07/2026;Tubarão;Santa Catarina;SC;Região Sul;Brasil;América do Sul
36;CI&T;AI Orchestrator (Squad Leader | Manager);Brasil;02/07 09:00;https://www.linkedin.com/jobs/view/4427562733/;https://media.licdn.com/dms/image/v2/D560BAQFOg3ALDaK1TA/company-logo_100_100/B56Z50JQRqHAAQ-/0/1780065044119/ciandt_logo?e=1784764800&v=beta&t=omtRsCHA4rI7bT-8O1_26NuKOMCTPiWMTaK4_CYq9zw;Middle > Manager;https://www.linkedin.com/company/ci-t/about/;-;(agile AND coach) OR (agile AND master) OR (scrum AND master) OR (product AND owner) OR (squad AND leader) OR (enterprise AND agile AND coach) AND (transformation AND leader) OR vmo OR pmo OR (coach AND ágil) OR scrum OR kanban OR kmm OR safe OR nexus;ci&t;4.0;LinkedIn (Easy Apply);https://www.linkedin.com/jobs/view/4427562733/;https://www.linkedin.com/jobs/view/4427562733/;Remote;Inteligência Artificial, Mid, Liderança/Gerência, Squad Leader;03/07/2026;;;;;Brasil;América do Sul
37;CI&T;Senior Scrum Master;Campinas (SP);02/07 09:00;https://www.linkedin.com/jobs/view/4427669532/;https://media.licdn.com/dms/image/v2/D560BAQFOg3ALDaK1TA/company-logo_100_100/B56Z50JQRqHAAQ-/0/1780065044119/ciandt_logo?e=1784764800&v=beta&t=omtRsCHA4rI7bT-8O1_26NuKOMCTPiWMTaK4_CYq9zw;Agility > Scrum Master;https://www.linkedin.com/company/ci-t/about/;-;(agile AND coach) OR (agile AND master) OR (scrum AND master) OR (product AND owner) OR (squad AND leader) OR (enterprise AND agile AND coach) AND (transformation AND leader) OR vmo OR pmo OR (coach AND ágil) OR scrum OR kanban OR kmm OR safe OR nexus;ci&t;4.0;LinkedIn (Easy Apply);https://www.linkedin.com/jobs/view/4427669532/;https://www.linkedin.com/jobs/view/4427669532/;Hybrid;Senior, Scrum/Agile;03/07/2026;Campinas;São Paulo;SP;Região Sudeste;Brasil;América do Sul
38;CI&T;Senior Scrum Master;São Paulo (SP);02/07 09:00;https://www.linkedin.com/jobs/view/4427664570/;https://media.licdn.com/dms/image/v2/D560BAQFOg3ALDaK1TA/company-logo_100_100/B56Z50JQRqHAAQ-/0/1780065044119/ciandt_logo?e=1784764800&v=beta&t=omtRsCHA4rI7bT-8O1_26NuKOMCTPiWMTaK4_CYq9zw;Agility > Scrum Master;https://www.linkedin.com/company/ci-t/about/;-;(agile AND coach) OR (agile AND master) OR (scrum AND master) OR (product AND owner) OR (squad AND leader) OR (enterprise AND agile AND coach) AND (transformation AND leader) OR vmo OR pmo OR (coach AND ágil) OR scrum OR kanban OR kmm OR safe OR nexus;ci&t;4.0;LinkedIn (Easy Apply);https://www.linkedin.com/jobs/view/4427664570/;https://www.linkedin.com/jobs/view/4427664570/;Hybrid;Senior, Scrum/Agile;03/07/2026;São Paulo;São Paulo;SP;Região Sudeste;Brasil;América do Sul
39;Cacau Show;Product Owner (IA);São Paulo (SP);02/07 09:00;https://www.linkedin.com/jobs/view/4434634733/;https://media.licdn.com/dms/image/v2/C4D0BAQGx9uY61xp2DA/company-logo_100_100/company-logo_100_100/0/1630512832008/cacau_show_logo?e=1784764800&v=beta&t=Fz7sIJ-rmToHZsEB1nLV57rJ5cA6NmhlkvopuxcUB_I;Produtos > Product Manager;https://www.linkedin.com/company/cacau-show/about/;-;(agile AND coach) OR (agile AND master) OR (scrum AND master) OR (product AND owner) OR (squad AND leader) OR (enterprise AND agile AND coach) AND (transformation AND leader) OR vmo OR pmo OR (coach AND ágil) OR scrum OR kanban OR kmm OR safe OR nexus;cacau show;2.0;Gupy;https://www.linkedin.com/jobs/view/4434634733/;https://www.linkedin.com/jobs/view/4434634733/;On-site;Inteligência Artificial, Product Owner/Product Manager;03/07/2026;São Paulo;São Paulo;SP;Região Sudeste;Brasil;América do Sul
40;Cajuína São Geraldo;ANALISTA DE PMO;Juazeiro do Norte (CE);03/07 08:00;https://www.linkedin.com/jobs/view/4433179399/;https://media.licdn.com/dms/image/v2/D4D0BAQH6xsOHOdvo3g/company-logo_100_100/B4DZ719KLBI8AI-/0/1782242911203/cajuinasaogeraldo_logo?e=1784764800&v=beta&t=EiNwLaPW40F3Ci8_L9G0MBmm0brxuibngavrw2mS4dI;Produtos > Product Manager;https://www.linkedin.com/company/caju-na-s-o-geraldo/about/;-;(agile AND coach) OR (agile AND master) OR (scrum AND master) OR (product AND owner) OR (squad AND leader) OR (enterprise AND agile AND coach) AND (transformation AND leader) OR vmo OR pmo OR (coach AND ágil) OR scrum OR kanban OR kmm OR safe OR nexus;cajuína são geraldo;1.0;;https://www.linkedin.com/jobs/view/4433179399/;https://www.linkedin.com/jobs/view/4433179399/;On-site;Associate, PMO;03/07/2026;Juazeiro do Norte;Ceará;CE;Região Nordeste;Brasil;América do Sul
41;Capco;PMO - Vitória/ES - Temporário;São Paulo (SP);02/07 09:00;https://www.linkedin.com/jobs/view/4278563789/;https://media.licdn.com/dms/image/v2/D4E0BAQFVit2NSNt1Fg/company-logo_100_100/B4EZ6yBRRFKoAM-/0/1781103138079/capco_logo?e=1784764800&v=beta&t=WONtiS-iIs4TRNZH4Kme0e5vQj5S1Wnxooco0YyPPrU;Produtos > Product Manager;https://www.linkedin.com/company/capco/about/;Software e Serviços de TI;(agile AND coach) OR (agile AND master) OR (scrum AND master) OR (product AND owner) OR (squad AND leader) OR (enterprise AND agile AND coach) AND (transformation AND leader) OR vmo OR pmo OR (coach AND ágil) OR scrum OR kanban OR kmm OR safe OR nexus;capco;1.0;Greenhouse;https://www.linkedin.com/jobs/view/4278563789/;https://www.linkedin.com/jobs/view/4278563789/;Hybrid;Freelance/PJ, PMO;03/07/2026;São Paulo;São Paulo;SP;Região Sudeste;Brasil;América do Sul
42;Capgemini;FBS - Data Product Owner;Brasil;02/07 09:00;https://www.linkedin.com/jobs/view/4434648167/;https://media.licdn.com/dms/image/v2/D4E0BAQHIL3HctxNfvg/company-logo_100_100/B4EZokv7VQIUAQ-/0/1761553135376/capgemini_logo?e=1784764800&v=beta&t=-6EAW8xDP_TtOEB94cCWaG-JdC_bnjbtxLvUOr6lkyY;Produtos > Data Product Manager;https://www.linkedin.com/company/capgemini/about/;Dados e Analytics;(agile AND coach) OR (agile AND master) OR (scrum AND master) OR (product AND owner) OR (squad AND leader) OR (enterprise AND agile AND coach) AND (transformation AND leader) OR vmo OR pmo OR (coach AND ágil) OR scrum OR kanban OR kmm OR safe OR nexus;capgemini;4.0;LinkedIn (Easy Apply);https://www.linkedin.com/jobs/view/4434648167/;https://www.linkedin.com/jobs/view/4434648167/;Remote;Product Owner/Product Manager, Dados/Analytics;03/07/2026;;;;;Brasil;América do Sul
43;Capgemini;FBS Data Product Owner III;Brasil;29/06 09:00;https://www.linkedin.com/jobs/view/4431098294/;https://media.licdn.com/dms/image/v2/D4E0BAQHIL3HctxNfvg/company-logo_100_100/B4EZokv7VQIUAQ-/0/1761553135376/capgemini_logo?e=1784764800&v=beta&t=-6EAW8xDP_TtOEB94cCWaG-JdC_bnjbtxLvUOr6lkyY;Produtos > Data Product Manager;https://www.linkedin.com/company/capgemini/about/;Dados e Analytics;(agile AND coach) OR (agile AND master) OR (scrum AND master) OR (product AND owner) OR (squad AND leader) OR (enterprise AND agile AND coach) AND (transformation AND leader) OR vmo OR pmo OR (coach AND ágil) OR scrum OR kanban OR kmm OR safe OR nexus;capgemini;4.0;LinkedIn (Easy Apply);https://www.linkedin.com/jobs/view/4431098294/;https://www.linkedin.com/jobs/view/4431098294/;Remote;Product Owner/Product Manager, Dados/Analytics;03/07/2026;;;;;Brasil;América do Sul
44;Capgemini;FBS Senior Product Owner;Brasil;02/07 09:00;https://www.linkedin.com/jobs/view/4427322980/;https://media.licdn.com/dms/image/v2/D4E0BAQHIL3HctxNfvg/company-logo_100_100/B4EZokv7VQIUAQ-/0/1761553135376/capgemini_logo?e=1784764800&v=beta&t=-6EAW8xDP_TtOEB94cCWaG-JdC_bnjbtxLvUOr6lkyY;Produtos > Product Manager;https://www.linkedin.com/company/capgemini/about/;-;(agile AND coach) OR (agile AND master) OR (scrum AND master) OR (product AND owner) OR (squad AND leader) OR (enterprise AND agile AND coach) AND (transformation AND leader) OR vmo OR pmo OR (coach AND ágil) OR scrum OR kanban OR kmm OR safe OR nexus;capgemini;4.0;LinkedIn (Easy Apply);https://www.linkedin.com/jobs/view/4427322980/;https://www.linkedin.com/jobs/view/4427322980/;Remote;Senior, Product Owner/Product Manager;03/07/2026;;;;;Brasil;América do Sul
45;Cresci e Perdi;Analista de PMO (Project Management Office);Grande São Paulo (SP) ;01/07 09:00;https://www.linkedin.com/jobs/view/4432335716/;https://media.licdn.com/dms/image/v2/D560BAQHK2HhPoadHlA/company-logo_100_100/company-logo_100_100/0/1715628096077/crescieperdi_logo?e=1784764800&v=beta&t=eLgsWGZBjpy1s4tNWwF_Q98vGFzI0cVdJXACZPS6bTA;Produtos > Product Manager;https://www.linkedin.com/company/cresci-e-perdi/about/;-;(agile AND coach) OR (agile AND master) OR (scrum AND master) OR (product AND owner) OR (squad AND leader) OR (enterprise AND agile AND coach) AND (transformation AND leader) OR vmo OR pmo OR (coach AND ágil) OR scrum OR kanban OR kmm OR safe OR nexus;cresci e perdi;1.0;;https://www.linkedin.com/jobs/view/4432335716/;https://www.linkedin.com/jobs/view/4432335716/;On-site;Associate, PMO;03/07/2026;;São Paulo;SP;Região Sudeste;Brasil;América do Sul
46;DBServices Portugal;Product Owner [Remoto | Brasil];Brasil;30/06 09:00;https://www.linkedin.com/jobs/view/4434331974/;https://media.licdn.com/dms/image/v2/D4D0BAQHMFcMdSmycaQ/company-logo_100_100/company-logo_100_100/0/1681474407166/dbservicesportugal_logo?e=1784764800&v=beta&t=PZscuWckP1JNktb21Dzm92zNkgWV6y0BBJB5woUcJTY;Produtos > Product Manager;https://www.linkedin.com/company/dbservices-portugal/about/;-;(agile AND coach) OR (agile AND master) OR (scrum AND master) OR (product AND owner) OR (squad AND leader) OR (enterprise AND agile AND coach) AND (transformation AND leader) OR vmo OR pmo OR (coach AND ágil) OR scrum OR kanban OR kmm OR safe OR nexus;dbservices portugal;1;;https://www.linkedin.com/jobs/view/4434331974/;https://www.linkedin.com/jobs/view/4434331974/;Remote;Product Owner/Product Manager;03/07/2026;;;;;Brasil;América do Sul
47;Deutsche Telekom;PMO SAP S/4HANA – Greenfield & Brownfield (m/f/d);São Paulo (SP);03/07 02:00;https://www.linkedin.com/jobs/view/4436470809/;https://media.licdn.com/dms/image/v2/D4D0BAQE1linBSCKjzw/company-logo_100_100/B4DZ6CDPfiJUAI-/0/1780298348864/telekom_logo?e=1784764800&v=beta&t=-wPxhOACpHIx9FavOkRcQAudAKAGBZb0WJQwX3DlqAM;Produtos > Product Manager;https://www.linkedin.com/company/deutsche-telekom/about/;-;(agile AND coach) OR (agile AND master) OR (scrum AND master) OR (product AND owner) OR (squad AND leader) OR (enterprise AND agile AND coach) AND (transformation AND leader) OR vmo OR pmo OR (coach AND ágil) OR scrum OR kanban OR kmm OR safe OR nexus;deutsche telekom;1;;https://www.linkedin.com/jobs/view/4436470809/;https://www.linkedin.com/jobs/view/4436470809/;Hybrid;SAP, PMO;03/07/2026;São Paulo;São Paulo;SP;Região Sudeste;Brasil;América do Sul
48;Dev.Pro;Intermediate Scrum Master - OP02183;São Paulo (SP);02/07 09:00;https://www.linkedin.com/jobs/view/4435823388/;https://media.licdn.com/dms/image/v2/C4D0BAQFn2opu_8IJJQ/company-logo_100_100/company-logo_100_100/0/1651225884624/dev_pro_logo?e=1784764800&v=beta&t=QFLGmDLL5UwdSwZW4raDKLTHnWOjR9yh2OxKbkZgcak;Agility > Scrum Master;https://www.linkedin.com/company/dev-pro/about/;Mídia e Entretenimento;(agile AND coach) OR (agile AND master) OR (scrum AND master) OR (product AND owner) OR (squad AND leader) OR (enterprise AND agile AND coach) AND (transformation AND leader) OR vmo OR pmo OR (coach AND ágil) OR scrum OR kanban OR kmm OR safe OR nexus;dev.pro;1.0;LinkedIn (Easy Apply);https://www.linkedin.com/jobs/view/4435823388/;https://www.linkedin.com/jobs/view/4435823388/;Remote;Scrum/Agile, Marketing/Mídia;03/07/2026;São Paulo;São Paulo;SP;Região Sudeste;Brasil;América do Sul
49;Digiage;Product Owner (PO) Foco em Negócios;São Paulo (SP);02/07 18:00;https://www.linkedin.com/jobs/view/4436417546/;https://media.licdn.com/dms/image/v2/D4D0BAQF4y7kZ3bi-0A/company-logo_100_100/company-logo_100_100/0/1712932185799/digiage_it_logo?e=1784764800&v=beta&t=13hL1bUEHEPhRJpYLGE0Oz3-YYHPOxg_JBmw-kC22jE;Produtos > Product Manager;https://www.linkedin.com/company/digiage/about/;-;(agile AND coach) OR (agile AND master) OR (scrum AND master) OR (product AND owner) OR (squad AND leader) OR (enterprise AND agile AND coach) AND (transformation AND leader) OR vmo OR pmo OR (coach AND ágil) OR scrum OR kanban OR kmm OR safe OR nexus;digiage;1.0;coodesh.com;https://www.linkedin.com/jobs/view/4436417546/;https://www.linkedin.com/jobs/view/4436417546/;On-site;Product Owner/Product Manager;03/07/2026;São Paulo;São Paulo;SP;Região Sudeste;Brasil;América do Sul
50;EBANX;Mid Revenue Strategy PMO Analyst;Curitiba (PR);03/07 03:00;https://www.linkedin.com/jobs/view/4436491069/;https://media.licdn.com/dms/image/v2/C4D0BAQGeN3tRIIskUg/company-logo_100_100/company-logo_100_100/0/1646913266040/ebanx_logo?e=1784764800&v=beta&t=0D3F-k5heOhC1bb6XV-6puVrFl3jPBYQnBI_bqZUA9w;Produtos > Product Manager;https://www.linkedin.com/company/ebanx/about/;-;(agile AND coach) OR (agile AND master) OR (scrum AND master) OR (product AND owner) OR (squad AND leader) OR (enterprise AND agile AND coach) AND (transformation AND leader) OR vmo OR pmo OR (coach AND ágil) OR scrum OR kanban OR kmm OR safe OR nexus;ebanx;1.0;Greenhouse;https://www.linkedin.com/jobs/view/4436491069/;https://www.linkedin.com/jobs/view/4436491069/;Hybrid;Mid, PMO, Executivo de Contas;03/07/2026;Curitiba;Paraná;PR;Região Sul;Brasil;América do Sul
51;ENG;BIM Product Owner;Brasil;30/06 09:00;https://www.linkedin.com/jobs/view/4422478940/;https://media.licdn.com/dms/image/v2/D4D0BAQFdHemo5gYGsw/company-logo_100_100/company-logo_100_100/0/1692024257489/engbimus_logo?e=1784764800&v=beta&t=5S5eqKiL7YivOitl9_CHSPHCdFBhXXjo3FT_u6giVkg;Produtos > Product Manager;https://www.linkedin.com/company/eng/about/;-;(agile AND coach) OR (agile AND master) OR (scrum AND master) OR (product AND owner) OR (squad AND leader) OR (enterprise AND agile AND coach) AND (transformation AND leader) OR vmo OR pmo OR (coach AND ágil) OR scrum OR kanban OR kmm OR safe OR nexus;eng;1.0;;https://www.linkedin.com/jobs/view/4422478940/;https://www.linkedin.com/jobs/view/4422478940/;Remote;BIM, Product Owner/Product Manager;03/07/2026;;;;;Brasil;América do Sul
52;EY;Scrum Master Pleno - Pipeline;Belo Horizonte (MG);02/07 09:00;https://www.linkedin.com/jobs/view/4321670184/;https://media.licdn.com/dms/image/v2/C510BAQGpRhkpxp5A9A/company-logo_100_100/company-logo_100_100/0/1630570672166/ernstandyoung_logo?e=1784764800&v=beta&t=MpuJC9xV1_GPFdfqif2c2YfYcGDtkKbClnQGORUHNvM;Agility > Scrum Master;https://www.linkedin.com/company/ey/about/;-;(agile AND coach) OR (agile AND master) OR (scrum AND master) OR (product AND owner) OR (squad AND leader) OR (enterprise AND agile AND coach) AND (transformation AND leader) OR vmo OR pmo OR (coach AND ágil) OR scrum OR kanban OR kmm OR safe OR nexus;ey;1.0;careers.ey.com;https://www.linkedin.com/jobs/view/4321670184/;https://www.linkedin.com/jobs/view/4321670184/;On-site;Banco de Talentos, Mid, Scrum/Agile;03/07/2026;Belo Horizonte;Minas Gerais;MG;Região Sudeste;Brasil;América do Sul
53;EY;Scrum Master Pleno - Pipeline;Brasília (DF);02/07 09:00;https://www.linkedin.com/jobs/view/4321760102/;https://media.licdn.com/dms/image/v2/C510BAQGpRhkpxp5A9A/company-logo_100_100/company-logo_100_100/0/1630570672166/ernstandyoung_logo?e=1784764800&v=beta&t=MpuJC9xV1_GPFdfqif2c2YfYcGDtkKbClnQGORUHNvM;Agility > Scrum Master;https://www.linkedin.com/company/ey/about/;-;(agile AND coach) OR (agile AND master) OR (scrum AND master) OR (product AND owner) OR (squad AND leader) OR (enterprise AND agile AND coach) AND (transformation AND leader) OR vmo OR pmo OR (coach AND ágil) OR scrum OR kanban OR kmm OR safe OR nexus;ey;1.0;careers.ey.com;https://www.linkedin.com/jobs/view/4321760102/;https://www.linkedin.com/jobs/view/4321760102/;On-site;Banco de Talentos, Mid, Scrum/Agile;03/07/2026;;Distrito Federal;DF;Região Centro-Oeste;Brasil;América do Sul
54;EY;Scrum Master Pleno - Pipeline;Rio de Janeiro (RJ);02/07 09:00;https://www.linkedin.com/jobs/view/4321590312/;https://media.licdn.com/dms/image/v2/C510BAQGpRhkpxp5A9A/company-logo_100_100/company-logo_100_100/0/1630570672166/ernstandyoung_logo?e=1784764800&v=beta&t=MpuJC9xV1_GPFdfqif2c2YfYcGDtkKbClnQGORUHNvM;Agility > Scrum Master;https://www.linkedin.com/company/ey/about/;-;(agile AND coach) OR (agile AND master) OR (scrum AND master) OR (product AND owner) OR (squad AND leader) OR (enterprise AND agile AND coach) AND (transformation AND leader) OR vmo OR pmo OR (coach AND ágil) OR scrum OR kanban OR kmm OR safe OR nexus;ey;1.0;careers.ey.com;https://www.linkedin.com/jobs/view/4321590312/;https://www.linkedin.com/jobs/view/4321590312/;On-site;Banco de Talentos, Mid, Scrum/Agile;03/07/2026;Rio de Janeiro;Rio de Janeiro;RJ;Região Sudeste;Brasil;América do Sul
55;EY;Scrum Master Pleno - Pipeline;São Paulo (SP);02/07 09:00;https://www.linkedin.com/jobs/view/4434667351/;https://media.licdn.com/dms/image/v2/C510BAQGpRhkpxp5A9A/company-logo_100_100/company-logo_100_100/0/1630570672166/ernstandyoung_logo?e=1784764800&v=beta&t=MpuJC9xV1_GPFdfqif2c2YfYcGDtkKbClnQGORUHNvM;Agility > Scrum Master;https://www.linkedin.com/company/ey/about/;-;(agile AND coach) OR (agile AND master) OR (scrum AND master) OR (product AND owner) OR (squad AND leader) OR (enterprise AND agile AND coach) AND (transformation AND leader) OR vmo OR pmo OR (coach AND ágil) OR scrum OR kanban OR kmm OR safe OR nexus;ey;1.0;careers.ey.com;https://www.linkedin.com/jobs/view/4434667351/;https://www.linkedin.com/jobs/view/4434667351/;On-site;Banco de Talentos, Mid, Scrum/Agile;03/07/2026;São Paulo;São Paulo;SP;Região Sudeste;Brasil;América do Sul
56;EcommIT Integrated Solutions;PMO (Escritório de projetos);São Paulo (SP);02/07 09:00;https://www.linkedin.com/jobs/view/4432707674/;https://media.licdn.com/dms/image/v2/C4D0BAQGxeDCGAjXetA/company-logo_100_100/company-logo_100_100/0/1663097823183/ecommit_integrated_solutions_logo?e=1784764800&v=beta&t=KGwU1zGu9YT3t3Jhmjjm3nD7FlZvRJIqkyYRG1sb8IM;Produtos > Product Manager;https://www.linkedin.com/company/ecommit-integrated-solutions/about/;Software e Serviços de TI;(agile AND coach) OR (agile AND master) OR (scrum AND master) OR (product AND owner) OR (squad AND leader) OR (enterprise AND agile AND coach) AND (transformation AND leader) OR vmo OR pmo OR (coach AND ágil) OR scrum OR kanban OR kmm OR safe OR nexus;ecommit integrated solutions;1.0;LinkedIn (Easy Apply);https://www.linkedin.com/jobs/view/4432707674/;https://www.linkedin.com/jobs/view/4432707674/;Hybrid;PMO;03/07/2026;São Paulo;São Paulo;SP;Região Sudeste;Brasil;América do Sul
57;Enforce;PMO Pleno;São Paulo (SP);02/07 23:00;https://www.linkedin.com/jobs/view/4436454543/;https://media.licdn.com/dms/image/v2/D4D0BAQGDj_tdKaqScQ/company-logo_100_100/B4DZge7XD8HAAU-/0/1752865534854/enforcecommunity_logo?e=1784764800&v=beta&t=2lfZRZEjy6oBMwSSOmNBm8LGtMNm9q6QQ0UWkBG6qtI;Produtos > Product Manager;https://www.linkedin.com/company/enforce/about/;-;(agile AND coach) OR (agile AND master) OR (scrum AND master) OR (product AND owner) OR (squad AND leader) OR (enterprise AND agile AND coach) AND (transformation AND leader) OR vmo OR pmo OR (coach AND ágil) OR scrum OR kanban OR kmm OR safe OR nexus;enforce;1.0;Greenhouse;https://www.linkedin.com/jobs/view/4436454543/;https://www.linkedin.com/jobs/view/4436454543/;On-site;Mid, PMO;03/07/2026;São Paulo;São Paulo;SP;Região Sudeste;Brasil;América do Sul
58;Eurofarma;Analista de Projetos PL - PMO Inovação;São Paulo (SP);03/07 05:00;https://www.linkedin.com/jobs/view/4436494330/;https://media.licdn.com/dms/image/v2/C4D0BAQFYrX8TfTdulQ/company-logo_100_100/company-logo_100_100/0/1649075929847/eurofarma_logo?e=1784764800&v=beta&t=aH28_4iI1rVCTUENC4yDQxnwN3VeHpFsQKsKDihlzEM;Produtos > Product Manager;https://www.linkedin.com/company/eurofarma/about/;-;(agile AND coach) OR (agile AND master) OR (scrum AND master) OR (product AND owner) OR (squad AND leader) OR (enterprise AND agile AND coach) AND (transformation AND leader) OR vmo OR pmo OR (coach AND ágil) OR scrum OR kanban OR kmm OR safe OR nexus;eurofarma;1.0;Gupy;https://www.linkedin.com/jobs/view/4436494330/;https://www.linkedin.com/jobs/view/4436494330/;Hybrid;Mid, Associate, PMO, Inovação/P&D;03/07/2026;São Paulo;São Paulo;SP;Região Sudeste;Brasil;América do Sul
59;Exadel;Senior Product Owner;Brasil;01/07 09:00;https://www.linkedin.com/jobs/view/4388953433/;https://media.licdn.com/dms/image/v2/D4D0BAQFyYBZhERAHMw/company-logo_100_100/B4DZpI3bI.JUAQ-/0/1762159080456/exadel_logo?e=1784764800&v=beta&t=FdaGXxaE-hxkMbWSOjIY_JlTgiM0PGgo-z0UWcUPE8g;Produtos > Product Manager;https://www.linkedin.com/company/exadel/about/;-;(agile AND coach) OR (agile AND master) OR (scrum AND master) OR (product AND owner) OR (squad AND leader) OR (enterprise AND agile AND coach) AND (transformation AND leader) OR vmo OR pmo OR (coach AND ágil) OR scrum OR kanban OR kmm OR safe OR nexus;exadel;1.0;;https://www.linkedin.com/jobs/view/4388953433/;https://www.linkedin.com/jobs/view/4388953433/;Remote;Senior, Product Owner/Product Manager;03/07/2026;;;;;Brasil;América do Sul
60;FG Empreendimentos;PMO Sênior;Balneário Camboriú (SC);01/07 09:00;https://www.linkedin.com/jobs/view/4435862106/;https://media.licdn.com/dms/image/v2/D4D0BAQGyh_lHikEP2w/company-logo_100_100/company-logo_100_100/0/1713469821287/fg_empreendimentos_logo?e=1784764800&v=beta&t=0zjVudWA9BXFwyOYyMbgEsGrW7_n0ASyDMVkTwJNDoE;Produtos > Product Manager;https://www.linkedin.com/company/fg-empreendimentos/about/;-;(agile AND coach) OR (agile AND master) OR (scrum AND master) OR (product AND owner) OR (squad AND leader) OR (enterprise AND agile AND coach) AND (transformation AND leader) OR vmo OR pmo OR (coach AND ágil) OR scrum OR kanban OR kmm OR safe OR nexus;fg empreendimentos;1;;https://www.linkedin.com/jobs/view/4435862106/;https://www.linkedin.com/jobs/view/4435862106/;On-site;Senior, PMO;03/07/2026;Balneário Camboriú;Santa Catarina;SC;Região Sul;Brasil;América do Sul
61;FULL TIME;PMO / Gerente de Projetos (Transição de Canal de Distribuição | Eletrofisiologia (Medical Devices);Grande São Paulo (SP) ;03/07 05:00;https://www.linkedin.com/jobs/view/4436496254/;missing logo;Produtos > Product Manager;https://www.linkedin.com/company/full-time/about/;Software e Serviços de TI;(agile AND coach) OR (agile AND master) OR (scrum AND master) OR (product AND owner) OR (squad AND leader) OR (enterprise AND agile AND coach) AND (transformation AND leader) OR vmo OR pmo OR (coach AND ágil) OR scrum OR kanban OR kmm OR safe OR nexus;full time;1;;https://www.linkedin.com/jobs/view/4436496254/;https://www.linkedin.com/jobs/view/4436496254/;On-site;Mid, Liderança/Gerência, PMO;03/07/2026;;São Paulo;SP;Região Sudeste;Brasil;América do Sul
62;Framework Digital;Agile Coach - Sênior;Belo Horizonte (MG);30/06 09:00;https://www.linkedin.com/jobs/view/4435106147/;https://media.licdn.com/dms/image/v2/D4D0BAQEuO2AvpIxFxQ/company-logo_100_100/B4DZ6ozSJYJUAM-/0/1780948476743/frameworkdigital_logo?e=1784764800&v=beta&t=62qqFOig5sbSI0tMNMRa3PHeKZdb3i0dzGRqcA4bZpc;Agility > Agile Coach;https://www.linkedin.com/company/framework-digital/about/;Software e Serviços de TI;(agile AND coach) OR (agile AND master) OR (scrum AND master) OR (product AND owner) OR (squad AND leader) OR (enterprise AND agile AND coach) AND (transformation AND leader) OR vmo OR pmo OR (coach AND ágil) OR scrum OR kanban OR kmm OR safe OR nexus;framework digital;1.0;LinkedIn (Easy Apply);https://www.linkedin.com/jobs/view/4435106147/;https://www.linkedin.com/jobs/view/4435106147/;Hybrid;Senior, Coach, Scrum/Agile;03/07/2026;Belo Horizonte;Minas Gerais;MG;Região Sudeste;Brasil;América do Sul
63;Framework Digital;Agile Coach - Sênior;Belo Horizonte (MG);03/07 05:00;https://www.linkedin.com/jobs/view/4433165341/;https://media.licdn.com/dms/image/v2/D4D0BAQEuO2AvpIxFxQ/company-logo_100_100/B4DZ6ozSJYJUAM-/0/1780948476743/frameworkdigital_logo?e=1784764800&v=beta&t=62qqFOig5sbSI0tMNMRa3PHeKZdb3i0dzGRqcA4bZpc;Agility > Agile Coach;https://www.linkedin.com/company/framework-digital/about/;Software e Serviços de TI;(agile AND coach) OR (agile AND master) OR (scrum AND master) OR (product AND owner) OR (squad AND leader) OR (enterprise AND agile AND coach) AND (transformation AND leader) OR vmo OR pmo OR (coach AND ágil) OR scrum OR kanban OR kmm OR safe OR nexus;framework digital;1.0;LinkedIn (Easy Apply);https://www.linkedin.com/jobs/view/4433165341/;https://www.linkedin.com/jobs/view/4433165341/;On-site;Senior, Coach, Scrum/Agile;03/07/2026;Belo Horizonte;Minas Gerais;MG;Região Sudeste;Brasil;América do Sul
64;Framework Digital;Product owner Especialista;Brasil;30/06 09:00;https://www.linkedin.com/jobs/view/4422974969/;https://media.licdn.com/dms/image/v2/D4D0BAQEuO2AvpIxFxQ/company-logo_100_100/B4DZ6ozSJYJUAM-/0/1780948476743/frameworkdigital_logo?e=1784764800&v=beta&t=62qqFOig5sbSI0tMNMRa3PHeKZdb3i0dzGRqcA4bZpc;Produtos > Product Manager;https://www.linkedin.com/company/framework-digital/about/;Software e Serviços de TI;(agile AND coach) OR (agile AND master) OR (scrum AND master) OR (product AND owner) OR (squad AND leader) OR (enterprise AND agile AND coach) AND (transformation AND leader) OR vmo OR pmo OR (coach AND ágil) OR scrum OR kanban OR kmm OR safe OR nexus;framework digital;1.0;LinkedIn (Easy Apply);https://www.linkedin.com/jobs/view/4422974969/;https://www.linkedin.com/jobs/view/4422974969/;Remote;Specialist, Product Owner/Product Manager;03/07/2026;;;;;Brasil;América do Sul
65;G4F;SCRUM MASTER;Brasília (DF);02/07 09:00;https://www.linkedin.com/jobs/view/4434680689/;https://media.licdn.com/dms/image/v2/D4D0BAQHpoP3ocuyKcA/company-logo_100_100/company-logo_100_100/0/1719257200990/g4fbr_logo?e=1784764800&v=beta&t=RBkgGNd1OvRo7exh-5u6Z-JNkfvq1hySndm5AelQQ40;Agility > Scrum Master;https://www.linkedin.com/company/g4f/about/;-;(agile AND coach) OR (agile AND master) OR (scrum AND master) OR (product AND owner) OR (squad AND leader) OR (enterprise AND agile AND coach) AND (transformation AND leader) OR vmo OR pmo OR (coach AND ágil) OR scrum OR kanban OR kmm OR safe OR nexus;g4f;1.0;;https://www.linkedin.com/jobs/view/4434680689/;https://www.linkedin.com/jobs/view/4434680689/;On-site;Scrum/Agile;03/07/2026;;Distrito Federal;DF;Região Centro-Oeste;Brasil;América do Sul
66;GESIF Consultores;PMO - Reforma Tributária;Grande Porto Alegre (RS);02/07 09:00;https://www.linkedin.com/jobs/view/4432707217/;https://media.licdn.com/dms/image/v2/D4D0BAQFQCpEhpYgiHA/company-logo_100_100/company-logo_100_100/0/1667851492266/gesif_logo?e=1784764800&v=beta&t=2QiLvpZ6JtjAkVELd7l5uDQpfkw5QoAYUWaxcQUyU1I;Agility > Agile Coach > Tribo;https://www.linkedin.com/company/gesif-consultores/about/;-;(agile AND coach) OR (agile AND master) OR (scrum AND master) OR (product AND owner) OR (squad AND leader) OR (enterprise AND agile AND coach) AND (transformation AND leader) OR vmo OR pmo OR (coach AND ágil) OR scrum OR kanban OR kmm OR safe OR nexus;gesif consultores;1;;https://www.linkedin.com/jobs/view/4432707217/;https://www.linkedin.com/jobs/view/4432707217/;Hybrid;PMO;03/07/2026;;Rio Grande do Sul;RS;Região Sul;Brasil;América do Sul
67;GFT Brasil;Agile Coach Sênior - Vaga Híbrida (SP) - 134336;São Paulo (SP);02/07 09:00;https://www.linkedin.com/jobs/view/4435806062/;https://media.licdn.com/dms/image/v2/D4E0BAQHo8b2c2pSzMw/company-logo_100_100/B4EZmE9mMwIMAU-/0/1758872364214/gft_technologies_brasil_logo?e=1784764800&v=beta&t=vbxct6VvfhjtUtFyeE-3_kNB6igXjdRxxdahff7IMZo;Agility > Agile Coach;https://www.linkedin.com/company/gft-brasil/about/;-;(agile AND coach) OR (agile AND master) OR (scrum AND master) OR (product AND owner) OR (squad AND leader) OR (enterprise AND agile AND coach) AND (transformation AND leader) OR vmo OR pmo OR (coach AND ágil) OR scrum OR kanban OR kmm OR safe OR nexus;gft brasil;3.0;jobs.gft.com;https://www.linkedin.com/jobs/view/4435806062/;https://www.linkedin.com/jobs/view/4435806062/;Hybrid;Senior, Coach, Scrum/Agile;03/07/2026;São Paulo;São Paulo;SP;Região Sudeste;Brasil;América do Sul
68;Garantia Real;Analista de PMO de RH;Grande São Paulo (SP) ;01/07 09:00;https://www.linkedin.com/jobs/view/4432311205/;missing logo;Produtos > Product Manager;https://www.linkedin.com/company/garantia-real/about/;Recursos Humanos;(agile AND coach) OR (agile AND master) OR (scrum AND master) OR (product AND owner) OR (squad AND leader) OR (enterprise AND agile AND coach) AND (transformation AND leader) OR vmo OR pmo OR (coach AND ágil) OR scrum OR kanban OR kmm OR safe OR nexus;garantia real;1;;https://www.linkedin.com/jobs/view/4432311205/;https://www.linkedin.com/jobs/view/4432311205/;On-site;Associate, PMO;03/07/2026;;São Paulo;SP;Região Sudeste;Brasil;América do Sul
69;Globalweb Corp;SCRUM MASTER SR;Brasília (DF);01/07 09:00;https://www.linkedin.com/jobs/view/4431985443/;https://media.licdn.com/dms/image/v2/D4D0BAQHSdzMdC7TWOA/company-logo_100_100/B4DZ7cY8EpH8AI-/0/1781813985849/globalweb_com_br_logo?e=1784764800&v=beta&t=ECjty9bQSbS7J3WPV0trXIP_RPsAxFht-EyhNxyKfVQ;Agility > Scrum Master;https://www.linkedin.com/company/globalweb-corp/about/;-;(agile AND coach) OR (agile AND master) OR (scrum AND master) OR (product AND owner) OR (squad AND leader) OR (enterprise AND agile AND coach) AND (transformation AND leader) OR vmo OR pmo OR (coach AND ágil) OR scrum OR kanban OR kmm OR safe OR nexus;globalweb corp;1.0;Gupy;https://www.linkedin.com/jobs/view/4431985443/;https://www.linkedin.com/jobs/view/4431985443/;Hybrid;Senior, Scrum/Agile;03/07/2026;;Distrito Federal;DF;Região Centro-Oeste;Brasil;América do Sul
70;Globo;Agile Coach Pleno | CoE de Agilidade;Grande Rio de Janeiro (RJ);30/06 09:00;https://www.linkedin.com/jobs/view/4431541004/;https://media.licdn.com/dms/image/v2/D4D0BAQHqBil8lJvbFA/company-logo_100_100/B4DZt.dFX3KAAQ-/0/1767353113034?e=1784764800&v=beta&t=bJRzyBDkr1bbQ-FYWCX3LX56ZRgP139kmW664teZ28w;Agility > Agile Coach;https://www.linkedin.com/company/globo/about/;Mídia e Entretenimento;(agile AND coach) OR (agile AND master) OR (scrum AND master) OR (product AND owner) OR (squad AND leader) OR (enterprise AND agile AND coach) AND (transformation AND leader) OR vmo OR pmo OR (coach AND ágil) OR scrum OR kanban OR kmm OR safe OR nexus;globo;1.0;Gupy;https://www.linkedin.com/jobs/view/4431541004/;https://www.linkedin.com/jobs/view/4431541004/;Hybrid;Mid, Coach, Scrum/Agile;03/07/2026;;Rio de Janeiro;RJ;Região Sudeste;Brasil;América do Sul
71;Globo;Product Owner Sênior em Dados - Plataformas de Entrega;Grande Rio de Janeiro (RJ);02/07 09:00;https://www.linkedin.com/jobs/view/4432702653/;https://media.licdn.com/dms/image/v2/D4D0BAQHqBil8lJvbFA/company-logo_100_100/B4DZt.dFX3KAAQ-/0/1767353113034?e=1784764800&v=beta&t=bJRzyBDkr1bbQ-FYWCX3LX56ZRgP139kmW664teZ28w;Produtos > Product Manager;https://www.linkedin.com/company/globo/about/;Dados e Analytics;(agile AND coach) OR (agile AND master) OR (scrum AND master) OR (product AND owner) OR (squad AND leader) OR (enterprise AND agile AND coach) AND (transformation AND leader) OR vmo OR pmo OR (coach AND ágil) OR scrum OR kanban OR kmm OR safe OR nexus;globo;1.0;Gupy;https://www.linkedin.com/jobs/view/4432702653/;https://www.linkedin.com/jobs/view/4432702653/;Hybrid;Senior, Product Owner/Product Manager, Dados/Analytics;03/07/2026;;Rio de Janeiro;RJ;Região Sudeste;Brasil;América do Sul
72;Grupo SOMA;AZZAS F&L | Product Owner II | Labs;Rio de Janeiro (RJ);01/07 09:00;https://www.linkedin.com/jobs/view/4434387249/;https://media.licdn.com/dms/image/v2/D4E0BAQEKkCw1p6KByA/company-logo_100_100/B4EZhl9SKqHIAU-/0/1754057221431/grupo_soma_logo?e=1784764800&v=beta&t=MBxRCtICBUWK-IA4bknvFIx8UVlSofdGYJKO83Wgu1A;Produtos > Product Manager;https://www.linkedin.com/company/grupo-soma/about/;-;(agile AND coach) OR (agile AND master) OR (scrum AND master) OR (product AND owner) OR (squad AND leader) OR (enterprise AND agile AND coach) AND (transformation AND leader) OR vmo OR pmo OR (coach AND ágil) OR scrum OR kanban OR kmm OR safe OR nexus;grupo soma;1.0;;https://www.linkedin.com/jobs/view/4434387249/;https://www.linkedin.com/jobs/view/4434387249/;On-site;Product Owner/Product Manager;03/07/2026;Rio de Janeiro;Rio de Janeiro;RJ;Região Sudeste;Brasil;América do Sul
73;Grupo Virtus;Scrum Master;São Paulo (SP);01/07 09:00;https://www.linkedin.com/jobs/view/4435367137/;https://media.licdn.com/dms/image/v2/D560BAQHTQxHl1Fxzcw/company-logo_100_100/company-logo_100_100/0/1704988941130?e=1784764800&v=beta&t=_ebvQtHRw1FbxKuFOa4-5F74DUuyQ_CflFQQ7KV6AfU;Agility > Scrum Master;https://www.linkedin.com/company/grupo-virtus/about/;-;(agile AND coach) OR (agile AND master) OR (scrum AND master) OR (product AND owner) OR (squad AND leader) OR (enterprise AND agile AND coach) AND (transformation AND leader) OR vmo OR pmo OR (coach AND ágil) OR scrum OR kanban OR kmm OR safe OR nexus;grupo virtus;1;;https://www.linkedin.com/jobs/view/4435367137/;https://www.linkedin.com/jobs/view/4435367137/;Hybrid;Scrum/Agile;03/07/2026;São Paulo;São Paulo;SP;Região Sudeste;Brasil;América do Sul
74;INDI Staffing Services;Scrum Master - Remote Work;América Latina;01/07 09:00;https://www.linkedin.com/jobs/view/4435562870/;https://media.licdn.com/dms/image/v2/D560BAQErXjIzfHesyQ/company-logo_100_100/company-logo_100_100/0/1666898446316/indi_staffing_services_logo?e=1784764800&v=beta&t=BAAnUbe9h2VCiGOIzNwcFkEB_-YINkzIgAysY3rFIws;Agility > Scrum Master;https://www.linkedin.com/company/indi-staffing-services/about/;-;(agile AND coach) OR (agile AND master) OR (scrum AND master) OR (product AND owner) OR (squad AND leader) OR (enterprise AND agile AND coach) AND (transformation AND leader) OR vmo OR pmo OR (coach AND ágil) OR scrum OR kanban OR kmm OR safe OR nexus;indi staffing services;1.0;LinkedIn (Easy Apply);https://www.linkedin.com/jobs/view/4435562870/;https://www.linkedin.com/jobs/view/4435562870/;Remote;Scrum/Agile;03/07/2026;;;;;;América Latina
75;INDI Staffing Services;Scrum Master - Remote Work;Guarulhos (SP);01/07 09:00;https://www.linkedin.com/jobs/view/4435558944/;https://media.licdn.com/dms/image/v2/D560BAQErXjIzfHesyQ/company-logo_100_100/company-logo_100_100/0/1666898446316/indi_staffing_services_logo?e=1784764800&v=beta&t=BAAnUbe9h2VCiGOIzNwcFkEB_-YINkzIgAysY3rFIws;Agility > Scrum Master;https://www.linkedin.com/company/indi-staffing-services/about/;-;(agile AND coach) OR (agile AND master) OR (scrum AND master) OR (product AND owner) OR (squad AND leader) OR (enterprise AND agile AND coach) AND (transformation AND leader) OR vmo OR pmo OR (coach AND ágil) OR scrum OR kanban OR kmm OR safe OR nexus;indi staffing services;1.0;LinkedIn (Easy Apply);https://www.linkedin.com/jobs/view/4435558944/;https://www.linkedin.com/jobs/view/4435558944/;Remote;Scrum/Agile;03/07/2026;Guarulhos;São Paulo;SP;Região Sudeste;Brasil;América do Sul
76;INDI Staffing Services;Scrum Master - Remote Work;RJ;01/07 09:00;https://www.linkedin.com/jobs/view/4435562872/;https://media.licdn.com/dms/image/v2/D560BAQErXjIzfHesyQ/company-logo_100_100/company-logo_100_100/0/1666898446316/indi_staffing_services_logo?e=1784764800&v=beta&t=BAAnUbe9h2VCiGOIzNwcFkEB_-YINkzIgAysY3rFIws;Agility > Scrum Master;https://www.linkedin.com/company/indi-staffing-services/about/;-;(agile AND coach) OR (agile AND master) OR (scrum AND master) OR (product AND owner) OR (squad AND leader) OR (enterprise AND agile AND coach) AND (transformation AND leader) OR vmo OR pmo OR (coach AND ágil) OR scrum OR kanban OR kmm OR safe OR nexus;indi staffing services;1.0;LinkedIn (Easy Apply);https://www.linkedin.com/jobs/view/4435562872/;https://www.linkedin.com/jobs/view/4435562872/;Remote;Scrum/Agile;03/07/2026;;Rio de Janeiro;RJ;Região Sudeste;Brasil;América do Sul
77;INDI Staffing Services;Scrum Master - Remote Work;Recife (PE);02/07 09:00;https://www.linkedin.com/jobs/view/4435577426/;https://media.licdn.com/dms/image/v2/D560BAQErXjIzfHesyQ/company-logo_100_100/company-logo_100_100/0/1666898446316/indi_staffing_services_logo?e=1784764800&v=beta&t=BAAnUbe9h2VCiGOIzNwcFkEB_-YINkzIgAysY3rFIws;Agility > Scrum Master;https://www.linkedin.com/company/indi-staffing-services/about/;-;(agile AND coach) OR (agile AND master) OR (scrum AND master) OR (product AND owner) OR (squad AND leader) OR (enterprise AND agile AND coach) AND (transformation AND leader) OR vmo OR pmo OR (coach AND ágil) OR scrum OR kanban OR kmm OR safe OR nexus;indi staffing services;1.0;LinkedIn (Easy Apply);https://www.linkedin.com/jobs/view/4435577426/;https://www.linkedin.com/jobs/view/4435577426/;Remote;Scrum/Agile;03/07/2026;Recife;Pernambuco;PE;Região Nordeste;Brasil;América do Sul
78;INDI Staffing Services;Agile Scrum Master;SP;01/07 09:00;https://www.linkedin.com/jobs/view/4435572713/;https://media.licdn.com/dms/image/v2/D560BAQErXjIzfHesyQ/company-logo_100_100/company-logo_100_100/0/1666898446316/indi_staffing_services_logo?e=1784764800&v=beta&t=BAAnUbe9h2VCiGOIzNwcFkEB_-YINkzIgAysY3rFIws;Agility > Scrum Master;https://www.linkedin.com/company/indi-staffing-services/about/;-;(agile AND coach) OR (agile AND master) OR (scrum AND master) OR (product AND owner) OR (squad AND leader) OR (enterprise AND agile AND coach) AND (transformation AND leader) OR vmo OR pmo OR (coach AND ágil) OR scrum OR kanban OR kmm OR safe OR nexus;indi staffing services;1.0;LinkedIn (Easy Apply);https://www.linkedin.com/jobs/view/4435572713/;https://www.linkedin.com/jobs/view/4435572713/;Remote;Scrum/Agile;03/07/2026;;São Paulo;SP;Região Sudeste;Brasil;América do Sul
79;Jobgether;Agile Master PL;Brasil;30/06 09:00;https://www.linkedin.com/jobs/view/4433696837/;https://media.licdn.com/dms/image/v2/D4E0BAQHdx4NngvFyPA/company-logo_100_100/B4EZ5GHh6CHEAU-/0/1779292839822/jobgether_logo?e=1784764800&v=beta&t=30AAOzBrOKiuhjFGv2J90cqPA-zBF4otvlIKz5lqh-I;Agility > Scrum Master;https://www.linkedin.com/company/jobgether/about/;-;(agile AND coach) OR (agile AND master) OR (scrum AND master) OR (product AND owner) OR (squad AND leader) OR (enterprise AND agile AND coach) AND (transformation AND leader) OR vmo OR pmo OR (coach AND ágil) OR scrum OR kanban OR kmm OR safe OR nexus;jobgether;1.0;LinkedIn (Easy Apply);https://www.linkedin.com/jobs/view/4433696837/;https://www.linkedin.com/jobs/view/4433696837/;Remote;Mid, Scrum/Agile;03/07/2026;;;;;Brasil;América do Sul
80;Jobgether;Analista de Sistemas | Scrum Master;Brasil;30/06 09:00;https://www.linkedin.com/jobs/view/4431910115/;https://media.licdn.com/dms/image/v2/D4E0BAQHdx4NngvFyPA/company-logo_100_100/B4EZ5GHh6CHEAU-/0/1779292839822/jobgether_logo?e=1784764800&v=beta&t=30AAOzBrOKiuhjFGv2J90cqPA-zBF4otvlIKz5lqh-I;Agility > Scrum Master;https://www.linkedin.com/company/jobgether/about/;Software e Serviços de TI;(agile AND coach) OR (agile AND master) OR (scrum AND master) OR (product AND owner) OR (squad AND leader) OR (enterprise AND agile AND coach) AND (transformation AND leader) OR vmo OR pmo OR (coach AND ágil) OR scrum OR kanban OR kmm OR safe OR nexus;jobgether;1.0;LinkedIn (Easy Apply);https://www.linkedin.com/jobs/view/4431910115/;https://www.linkedin.com/jobs/view/4431910115/;Remote;Associate, TI/Tech, Scrum/Agile;03/07/2026;;;;;Brasil;América do Sul
81;Jobgether;Data Product Owner;Brasil;03/07 06:00;https://www.linkedin.com/jobs/view/4435436010/;https://media.licdn.com/dms/image/v2/D4E0BAQHdx4NngvFyPA/company-logo_100_100/B4EZ5GHh6CHEAU-/0/1779292839822/jobgether_logo?e=1784764800&v=beta&t=30AAOzBrOKiuhjFGv2J90cqPA-zBF4otvlIKz5lqh-I;Produtos > Data Product Manager;https://www.linkedin.com/company/jobgether/about/;Dados e Analytics;(agile AND coach) OR (agile AND master) OR (scrum AND master) OR (product AND owner) OR (squad AND leader) OR (enterprise AND agile AND coach) AND (transformation AND leader) OR vmo OR pmo OR (coach AND ágil) OR scrum OR kanban OR kmm OR safe OR nexus;jobgether;1.0;LinkedIn (Easy Apply);https://www.linkedin.com/jobs/view/4435436010/;https://www.linkedin.com/jobs/view/4435436010/;Remote;Product Owner/Product Manager, Dados/Analytics;03/07/2026;;;;;Brasil;América do Sul
82;Jobgether;Igma | Squad Leader;Brasil;03/07 05:00;https://www.linkedin.com/jobs/view/4435432184/;https://media.licdn.com/dms/image/v2/D4E0BAQHdx4NngvFyPA/company-logo_100_100/B4EZ5GHh6CHEAU-/0/1779292839822/jobgether_logo?e=1784764800&v=beta&t=30AAOzBrOKiuhjFGv2J90cqPA-zBF4otvlIKz5lqh-I;Agility > Squad Leader;https://www.linkedin.com/company/jobgether/about/;-;(agile AND coach) OR (agile AND master) OR (scrum AND master) OR (product AND owner) OR (squad AND leader) OR (enterprise AND agile AND coach) AND (transformation AND leader) OR vmo OR pmo OR (coach AND ágil) OR scrum OR kanban OR kmm OR safe OR nexus;jobgether;1.0;LinkedIn (Easy Apply);https://www.linkedin.com/jobs/view/4435432184/;https://www.linkedin.com/jobs/view/4435432184/;Remote;Mid, Liderança/Gerência, Squad Leader;03/07/2026;;;;;Brasil;América do Sul
83;Jobgether;Pessoa Product Owner (Home Office);Brasil;29/06 09:00;https://www.linkedin.com/jobs/view/4434101007/;https://media.licdn.com/dms/image/v2/D4E0BAQHdx4NngvFyPA/company-logo_100_100/B4EZ5GHh6CHEAU-/0/1779292839822/jobgether_logo?e=1784764800&v=beta&t=30AAOzBrOKiuhjFGv2J90cqPA-zBF4otvlIKz5lqh-I;Produtos > Product Manager;https://www.linkedin.com/company/jobgether/about/;-;(agile AND coach) OR (agile AND master) OR (scrum AND master) OR (product AND owner) OR (squad AND leader) OR (enterprise AND agile AND coach) AND (transformation AND leader) OR vmo OR pmo OR (coach AND ágil) OR scrum OR kanban OR kmm OR safe OR nexus;jobgether;1.0;LinkedIn (Easy Apply);https://www.linkedin.com/jobs/view/4434101007/;https://www.linkedin.com/jobs/view/4434101007/;Remote;PCD / Afirmativa, Product Owner/Product Manager;03/07/2026;;;;;Brasil;América do Sul
84;Jobgether;SCRUM MASTER - SÊNIOR;Brasil;03/07 05:00;https://www.linkedin.com/jobs/view/4435435055/;https://media.licdn.com/dms/image/v2/D4E0BAQHdx4NngvFyPA/company-logo_100_100/B4EZ5GHh6CHEAU-/0/1779292839822/jobgether_logo?e=1784764800&v=beta&t=30AAOzBrOKiuhjFGv2J90cqPA-zBF4otvlIKz5lqh-I;Agility > Scrum Master;https://www.linkedin.com/company/jobgether/about/;-;(agile AND coach) OR (agile AND master) OR (scrum AND master) OR (product AND owner) OR (squad AND leader) OR (enterprise AND agile AND coach) AND (transformation AND leader) OR vmo OR pmo OR (coach AND ágil) OR scrum OR kanban OR kmm OR safe OR nexus;jobgether;1.0;LinkedIn (Easy Apply);https://www.linkedin.com/jobs/view/4435435055/;https://www.linkedin.com/jobs/view/4435435055/;Remote;Senior, Scrum/Agile;03/07/2026;;;;;Brasil;América do Sul
85;Johnson & Johnson Innovative Medicine;Data Product Owner (Sr Analyst) - México City, Bogotá-CO or São Paulo-SP;São Paulo (SP);02/07 19:00;https://www.linkedin.com/jobs/view/4436428234/;https://media.licdn.com/dms/image/v2/D4E0BAQE-4STpXFyWJg/company-logo_100_100/company-logo_100_100/0/1694698700031?e=1784764800&v=beta&t=rjLzSTslCkHhdfDVl4F7kuOfCGaVNHvOWFOwMsimTSE;Produtos > Data Product Manager;https://www.linkedin.com/company/johnson-johnson-innovative-medicine/about/;Dados e Analytics;(agile AND coach) OR (agile AND master) OR (scrum AND master) OR (product AND owner) OR (squad AND leader) OR (enterprise AND agile AND coach) AND (transformation AND leader) OR vmo OR pmo OR (coach AND ágil) OR scrum OR kanban OR kmm OR safe OR nexus;johnson & johnson innovative medicine;1.0;;https://www.linkedin.com/jobs/view/4436428234/;https://www.linkedin.com/jobs/view/4436428234/;Hybrid;Senior, Product Owner/Product Manager, Dados/Analytics;03/07/2026;São Paulo;São Paulo;SP;Região Sudeste;Brasil;América do Sul
86;Jump;Product Owner;São Paulo (SP);01/07 09:00;https://www.linkedin.com/jobs/view/4434695892/;https://media.licdn.com/dms/image/v2/D4D0BAQEYEZMCYUJ1JQ/company-logo_100_100/company-logo_100_100/0/1696347755131/jump_label_solutions_logo?e=1784764800&v=beta&t=4pMTsiNIsGU2bY0zmeIY0P0x8LCUEuD1FXIASo9JADc;Produtos > Product Manager;https://www.linkedin.com/company/jump/about/;-;(agile AND coach) OR (agile AND master) OR (scrum AND master) OR (product AND owner) OR (squad AND leader) OR (enterprise AND agile AND coach) AND (transformation AND leader) OR vmo OR pmo OR (coach AND ágil) OR scrum OR kanban OR kmm OR safe OR nexus;jump;1.0;LinkedIn (Easy Apply);https://www.linkedin.com/jobs/view/4434695892/;https://www.linkedin.com/jobs/view/4434695892/;Hybrid;Product Owner/Product Manager;03/07/2026;São Paulo;São Paulo;SP;Região Sudeste;Brasil;América do Sul
87;Jurídico Vagas;Social Media [Nexus Medical];Belém (PA);30/06 09:00;https://www.linkedin.com/jobs/view/4434722061/;https://media.licdn.com/dms/image/v2/C4E0BAQGtY0GL96QBIg/company-logo_100_100/company-logo_100_100/0/1631344175534?e=1784764800&v=beta&t=czY_ivJnWx2QHGLGt7MJC13F_OOQEVRSYkGfaY3aKcU;-;https://www.linkedin.com/company/jur-dico-vagas/about/;Energia e Combustíveis;(agile AND coach) OR (agile AND master) OR (scrum AND master) OR (product AND owner) OR (squad AND leader) OR (enterprise AND agile AND coach) AND (transformation AND leader) OR vmo OR pmo OR (coach AND ágil) OR scrum OR kanban OR kmm OR safe OR nexus;jurídico vagas;1;;https://www.linkedin.com/jobs/view/4434722061/;https://www.linkedin.com/jobs/view/4434722061/;Hybrid;Marketing/Mídia;03/07/2026;Belém;Pará;PA;Região Norte;Brasil;América do Sul
88;Leads2b;Product Owner;Curitiba (PR);02/07 20:00;https://www.linkedin.com/jobs/view/4433117859/;https://media.licdn.com/dms/image/v2/D4D0BAQH5pJikDYXC-g/company-logo_100_100/company-logo_100_100/0/1705506165859/leads2b_logo?e=1784764800&v=beta&t=SiiB9RFziQvV58_jumbJI2d8mNpBwVU-Nm03cLYmplY;Produtos > Product Manager;https://www.linkedin.com/company/leads2b/about/;-;(agile AND coach) OR (agile AND master) OR (scrum AND master) OR (product AND owner) OR (squad AND leader) OR (enterprise AND agile AND coach) AND (transformation AND leader) OR vmo OR pmo OR (coach AND ágil) OR scrum OR kanban OR kmm OR safe OR nexus;leads2b;1.0;;https://www.linkedin.com/jobs/view/4433117859/;https://www.linkedin.com/jobs/view/4433117859/;On-site;Product Owner/Product Manager;03/07/2026;Curitiba;Paraná;PR;Região Sul;Brasil;América do Sul
89;MAG Seguros;Estagiário(a) de PMO (Projetos e Processos);Rio de Janeiro (RJ);30/06 09:00;https://www.linkedin.com/jobs/view/4434754365/;https://media.licdn.com/dms/image/v2/D4D0BAQEl_NbXLQiMGg/company-logo_100_100/B4DZu9CYlFKYAQ-/0/1768403078094/mag_seguros_logo?e=1784764800&v=beta&t=lh7ORd3ODNOSTbIdTGkF9bWMrYrWVFPnxPBMqCXRo3I;Produtos > Product Manager;https://www.linkedin.com/company/mag-seguros/about/;Seguros e Previdência;(agile AND coach) OR (agile AND master) OR (scrum AND master) OR (product AND owner) OR (squad AND leader) OR (enterprise AND agile AND coach) AND (transformation AND leader) OR vmo OR pmo OR (coach AND ágil) OR scrum OR kanban OR kmm OR safe OR nexus;mag seguros;4.0;;https://www.linkedin.com/jobs/view/4434754365/;https://www.linkedin.com/jobs/view/4434754365/;On-site;Intern, PMO, Processos/Excelência;03/07/2026;Rio de Janeiro;Rio de Janeiro;RJ;Região Sudeste;Brasil;América do Sul
90;MCA Auditoria e Gerenciamento Ltda;528.5182539 - PESSOA ANALISTA DE PLANEJAMENTO PLENO - PMO;Brasil;02/07 09:00;https://www.linkedin.com/jobs/view/4436137869/;https://media.licdn.com/dms/image/v2/D4D0BAQESK4csqSUEWQ/company-logo_100_100/company-logo_100_100/0/1733172623382/mca_auditoria_e_gerenciamento_ltda_logo?e=1784764800&v=beta&t=R0a2LuIAVYAuCu2cj37CCSblwe7Upjxlt91w2GKX3YA;Produtos > Product Manager;https://www.linkedin.com/company/mca-auditoria-e-gerenciamento-ltda/about/;Software e Serviços de TI;(agile AND coach) OR (agile AND master) OR (scrum AND master) OR (product AND owner) OR (squad AND leader) OR (enterprise AND agile AND coach) AND (transformation AND leader) OR vmo OR pmo OR (coach AND ágil) OR scrum OR kanban OR kmm OR safe OR nexus;mca auditoria e gerenciamento ltda;1.0;Solidês;https://www.linkedin.com/jobs/view/4436137869/;https://www.linkedin.com/jobs/view/4436137869/;On-site;PCD / Afirmativa, Mid, Associate, PMO;03/07/2026;;;;;Brasil;América do Sul
91;Meta;Product Owner III;São Paulo (SP);02/07 13:00;https://www.linkedin.com/jobs/view/4433100616/;https://media.licdn.com/dms/image/v2/C4D0BAQHXTqaueX7X5A/company-logo_100_100/company-logo_100_100/0/1675356313243/metaoficial_logo?e=1784764800&v=beta&t=ol-2rY4fOEAVVMrDfVvej4SBnfJev3MdbcXLYdiyQWo;Produtos > Product Manager;https://www.linkedin.com/company/meta/about/;-;(agile AND coach) OR (agile AND master) OR (scrum AND master) OR (product AND owner) OR (squad AND leader) OR (enterprise AND agile AND coach) AND (transformation AND leader) OR vmo OR pmo OR (coach AND ágil) OR scrum OR kanban OR kmm OR safe OR nexus;meta;2.0;recrut.ai;https://www.linkedin.com/jobs/view/4433100616/;https://www.linkedin.com/jobs/view/4433100616/;Hybrid;Product Owner/Product Manager;03/07/2026;São Paulo;São Paulo;SP;Região Sudeste;Brasil;América do Sul
92;Minsait;Consultor PMO Pleno (SAP AMS);Barueri (SP);30/06 09:00;https://www.linkedin.com/jobs/view/4431547525/;https://media.licdn.com/dms/image/v2/D4E0BAQGubnL3V3JUGw/company-logo_100_100/B4EZ8SOZfiJUAI-/0/1782717192383/minsait_logo?e=1784764800&v=beta&t=GPNRHD7PbeX0TZqiVTUeIaQzqdcyNPKqaYzhuqFuqdY;Produtos > Product Manager;https://www.linkedin.com/company/minsait/about/;Software e Serviços de TI;(agile AND coach) OR (agile AND master) OR (scrum AND master) OR (product AND owner) OR (squad AND leader) OR (enterprise AND agile AND coach) AND (transformation AND leader) OR vmo OR pmo OR (coach AND ágil) OR scrum OR kanban OR kmm OR safe OR nexus;minsait;1.0;LinkedIn (Easy Apply);https://www.linkedin.com/jobs/view/4431547525/;https://www.linkedin.com/jobs/view/4431547525/;Hybrid;Mid, Consultor, SAP, PMO;03/07/2026;Barueri;São Paulo;SP;Região Sudeste;Brasil;América do Sul
93;Mouts IT;Finance Manager – Global Operations & PMO;Campinas (SP);02/07 15:00;https://www.linkedin.com/jobs/view/4436382477/;https://media.licdn.com/dms/image/v2/C4D0BAQEodS0tsV-9cA/company-logo_100_100/company-logo_100_100/0/1635526473146/mouts_logo?e=1784764800&v=beta&t=olg3Vx0dhZjvu9Qsyki-D15z94DUlMLEEJT4ZR1HCIU;Produtos > Product Manager;https://www.linkedin.com/company/mouts-it/about/;Serviços Financeiros;(agile AND coach) OR (agile AND master) OR (scrum AND master) OR (product AND owner) OR (squad AND leader) OR (enterprise AND agile AND coach) AND (transformation AND leader) OR vmo OR pmo OR (coach AND ágil) OR scrum OR kanban OR kmm OR safe OR nexus;mouts it;1.0;LinkedIn (Easy Apply);https://www.linkedin.com/jobs/view/4436382477/;https://www.linkedin.com/jobs/view/4436382477/;Hybrid;Liderança/Gerência, PMO;03/07/2026;Campinas;São Paulo;SP;Região Sudeste;Brasil;América do Sul
94;Método Engenharia;Analista de Processos Jr. | PMO;São Paulo (SP);02/07 09:00;https://www.linkedin.com/jobs/view/4432780223/;https://media.licdn.com/dms/image/v2/D4D0BAQHo5o3igBCrfg/company-logo_100_100/company-logo_100_100/0/1714673314018/metodo_engenharia_logo?e=1784764800&v=beta&t=-S5HJz9BeNCAkRn_536G1MOQPNY1OEO9szkvH_lX1Pg;Produtos > Product Manager;https://www.linkedin.com/company/m-todo-engenharia/about/;-;(agile AND coach) OR (agile AND master) OR (scrum AND master) OR (product AND owner) OR (squad AND leader) OR (enterprise AND agile AND coach) AND (transformation AND leader) OR vmo OR pmo OR (coach AND ágil) OR scrum OR kanban OR kmm OR safe OR nexus;método engenharia;1.0;Gupy;https://www.linkedin.com/jobs/view/4432780223/;https://www.linkedin.com/jobs/view/4432780223/;Hybrid;Junior, Associate, PMO, Processos/Excelência;03/07/2026;São Paulo;São Paulo;SP;Região Sudeste;Brasil;América do Sul
95;NUMEN;Analista de Processos de Negócios Pleno (Product Owner);São Paulo (SP);01/07 09:00;https://www.linkedin.com/jobs/view/4432380072/;https://media.licdn.com/dms/image/v2/D4D0BAQHR_-A4czKeew/company-logo_100_100/B4DZZ80J9IG0AQ-/0/1745850769743/numenit_logo?e=1784764800&v=beta&t=Ps_SrlRLWZuSxyQ_JOk8kJPnAoMAqbzNxQCnMtpnXJA;Produtos > Product Manager;https://www.linkedin.com/company/numen/about/;-;(agile AND coach) OR (agile AND master) OR (scrum AND master) OR (product AND owner) OR (squad AND leader) OR (enterprise AND agile AND coach) AND (transformation AND leader) OR vmo OR pmo OR (coach AND ágil) OR scrum OR kanban OR kmm OR safe OR nexus;numen;1.0;LinkedIn (Easy Apply);https://www.linkedin.com/jobs/view/4432380072/;https://www.linkedin.com/jobs/view/4432380072/;On-site;Mid, Associate, Product Owner/Product Manager, Processos/Excelência;03/07/2026;São Paulo;São Paulo;SP;Região Sudeste;Brasil;América do Sul
96;Nextpower;Software Engineer III - Scrum Master;Sorocaba (SP);27/06 09:00;https://www.linkedin.com/jobs/view/4414722105/;https://media.licdn.com/dms/image/v2/D4E0BAQF2APFUYamUMQ/company-logo_100_100/B4EZs37njPHoAQ-/0/1766169934337?e=1784764800&v=beta&t=9An1b8LiOB4b2pCloSqAwqHnBB0LZSL4GKuxFFGx8kY;Agility > Scrum Master;https://www.linkedin.com/company/nextpower/about/;Software e Serviços de TI;(agile AND coach) OR (agile AND master) OR (scrum AND master) OR (product AND owner) OR (squad AND leader) OR (enterprise AND agile AND coach) AND (transformation AND leader) OR vmo OR pmo OR (coach AND ágil) OR scrum OR kanban OR kmm OR safe OR nexus;nextpower;1.0;Workday;https://www.linkedin.com/jobs/view/4414722105/;https://www.linkedin.com/jobs/view/4414722105/;Hybrid;TI/Tech, Scrum/Agile, Engenharia Geral;03/07/2026;Sorocaba;São Paulo;SP;Região Sudeste;Brasil;América do Sul
97;Open Earth Foundation;Product Owner: Building Climate Solutions for Cities;Brasil;02/07 20:00;https://www.linkedin.com/jobs/view/4435274527/;https://media.licdn.com/dms/image/v2/C4E0BAQE85RRjNKwSfg/company-logo_100_100/company-logo_100_100/0/1647337986596/open_earth_foundation_logo?e=1784764800&v=beta&t=IxuhtZuL9ymKzI1B7sCh4D15csCod9mFErTDYsqRcqM;Produtos > Product Manager;https://www.linkedin.com/company/open-earth-foundation/about/;Software e Serviços de TI;(agile AND coach) OR (agile AND master) OR (scrum AND master) OR (product AND owner) OR (squad AND leader) OR (enterprise AND agile AND coach) AND (transformation AND leader) OR vmo OR pmo OR (coach AND ágil) OR scrum OR kanban OR kmm OR safe OR nexus;open earth foundation;1;;https://www.linkedin.com/jobs/view/4435274527/;https://www.linkedin.com/jobs/view/4435274527/;Remote;Product Owner/Product Manager;03/07/2026;;;;;Brasil;América do Sul
98;Performa_IT;Product Owner;Fortaleza (CE);02/07 19:00;https://www.linkedin.com/jobs/view/4433118813/;https://media.licdn.com/dms/image/v2/D4D0BAQFZwYNuqbGz0g/img-crop_100/B4DZW1_HuOGkAM-/0/1742514978333?e=1784764800&v=beta&t=AfPGG4eTaQOu-UewX0Q8j8ociwWdH2bLTmF0r6xRu08;Produtos > Product Manager;https://www.linkedin.com/company/performa-it/about/;Software e Serviços de TI;(agile AND coach) OR (agile AND master) OR (scrum AND master) OR (product AND owner) OR (squad AND leader) OR (enterprise AND agile AND coach) AND (transformation AND leader) OR vmo OR pmo OR (coach AND ágil) OR scrum OR kanban OR kmm OR safe OR nexus;performa_it;1.0;Totvs;https://www.linkedin.com/jobs/view/4433118813/;https://www.linkedin.com/jobs/view/4433118813/;On-site;Product Owner/Product Manager;03/07/2026;Fortaleza;Ceará;CE;Região Nordeste;Brasil;América do Sul
99;Pontifícia Universidade Católica do Rio Grande do Sul;Técnico/a Administrativo/a – PMO e Business Intelligence – Instituto do Petróleo e dos Recursos Naturais;Grande Porto Alegre (RS);30/06 09:00;https://www.linkedin.com/jobs/view/4434183053/;https://media.licdn.com/dms/image/v2/D4D0BAQGjDmaGTu3slw/company-logo_100_100/B4DZoSU4HEGQAQ-/0/1761244054464/pucrs_logo?e=1784764800&v=beta&t=gnYwBmc90pFTfxXl7P2O09brs5ErWPVFkV-nmUMjy3g;Produtos > Product Manager;https://www.linkedin.com/company/pontif-cia-universidade-cat-lica-do-rio-grande-do-sul/about/;Cuidado Animal;(agile AND coach) OR (agile AND master) OR (scrum AND master) OR (product AND owner) OR (squad AND leader) OR (enterprise AND agile AND coach) AND (transformation AND leader) OR vmo OR pmo OR (coach AND ágil) OR scrum OR kanban OR kmm OR safe OR nexus;pontifícia universidade católica do rio grande do sul;1.0;;https://www.linkedin.com/jobs/view/4434183053/;https://www.linkedin.com/jobs/view/4434183053/;On-site;PMO;03/07/2026;;Rio Grande do Sul;RS;Região Sul;Brasil;América do Sul
100;Porto;Agile Master Sênior I Auto;São Paulo (SP);02/07 09:00;https://www.linkedin.com/jobs/view/4403138377/;https://media.licdn.com/dms/image/v2/C4D0BAQHdvjiq_3u9SQ/company-logo_100_100/company-logo_100_100/0/1651181402504?e=1784764800&v=beta&t=DZmgXO_UHQcpZVzQEf4jySuXn0vz1axilD4LPcEvTyI;Agility > Scrum Master;https://www.linkedin.com/company/porto/about/;-;(agile AND coach) OR (agile AND master) OR (scrum AND master) OR (product AND owner) OR (squad AND leader) OR (enterprise AND agile AND coach) AND (transformation AND leader) OR vmo OR pmo OR (coach AND ágil) OR scrum OR kanban OR kmm OR safe OR nexus;porto;4.0;Gupy;https://www.linkedin.com/jobs/view/4403138377/;https://www.linkedin.com/jobs/view/4403138377/;On-site;Senior, Scrum/Agile;03/07/2026;São Paulo;São Paulo;SP;Região Sudeste;Brasil;América do Sul
101;Porto;Product Owner Sênior - E-commerce e Canais Digitais;São Paulo (SP);01/07 09:00;https://www.linkedin.com/jobs/view/4416265728/;https://media.licdn.com/dms/image/v2/C4D0BAQHdvjiq_3u9SQ/company-logo_100_100/company-logo_100_100/0/1651181402504?e=1784764800&v=beta&t=DZmgXO_UHQcpZVzQEf4jySuXn0vz1axilD4LPcEvTyI;Produtos > Product Manager;https://www.linkedin.com/company/porto/about/;Software e Serviços de TI;(agile AND coach) OR (agile AND master) OR (scrum AND master) OR (product AND owner) OR (squad AND leader) OR (enterprise AND agile AND coach) AND (transformation AND leader) OR vmo OR pmo OR (coach AND ágil) OR scrum OR kanban OR kmm OR safe OR nexus;porto;4.0;Gupy;https://www.linkedin.com/jobs/view/4416265728/;https://www.linkedin.com/jobs/view/4416265728/;Hybrid;Senior, Product Owner/Product Manager;03/07/2026;São Paulo;São Paulo;SP;Região Sudeste;Brasil;América do Sul
102;Programmers;Product Owner (Híbrido Faria Lima, SP);São Paulo (SP);02/07 09:00;https://www.linkedin.com/jobs/view/4435240605/;https://media.licdn.com/dms/image/v2/D4D0BAQEpmD0GO5VGng/company-logo_100_100/company-logo_100_100/0/1727721738341/programmersbeyondit_logo?e=1784764800&v=beta&t=bRZtv841LhwExQY40dbVM7bOSZ6eVlwir0pWAKCHnNg;Produtos > Product Manager;https://www.linkedin.com/company/programmers/about/;-;(agile AND coach) OR (agile AND master) OR (scrum AND master) OR (product AND owner) OR (squad AND leader) OR (enterprise AND agile AND coach) AND (transformation AND leader) OR vmo OR pmo OR (coach AND ágil) OR scrum OR kanban OR kmm OR safe OR nexus;programmers;1.0;Inhire;https://www.linkedin.com/jobs/view/4435240605/;https://www.linkedin.com/jobs/view/4435240605/;Hybrid;Product Owner/Product Manager;03/07/2026;São Paulo;São Paulo;SP;Região Sudeste;Brasil;América do Sul
103;Provider IT;10236 - Senior Consultant - Product Owner - Presencial;Grande São Paulo (SP) ;01/07 09:00;https://www.linkedin.com/jobs/view/4434387185/;https://media.licdn.com/dms/image/v2/D4D0BAQHUieUBcVuQxA/company-logo_100_100/B4DZ0lR0wTIAAU-/0/1774446923201/provider_it_logo?e=1784764800&v=beta&t=J7Sca7hv3GtdrKYPVMM4cnoOUWXTc38kkFxh6rz0DxI;Produtos > Product Manager;https://www.linkedin.com/company/provider-it/about/;Software e Serviços de TI;(agile AND coach) OR (agile AND master) OR (scrum AND master) OR (product AND owner) OR (squad AND leader) OR (enterprise AND agile AND coach) AND (transformation AND leader) OR vmo OR pmo OR (coach AND ágil) OR scrum OR kanban OR kmm OR safe OR nexus;provider it;1;;https://www.linkedin.com/jobs/view/4434387185/;https://www.linkedin.com/jobs/view/4434387185/;On-site;Senior, Consultor, Product Owner/Product Manager;03/07/2026;;São Paulo;SP;Região Sudeste;Brasil;América do Sul
104;Rede de Farmácias São João;Product Owner Sênior;Passo Fundo (RS);02/07 09:00;https://www.linkedin.com/jobs/view/4432783168/;https://media.licdn.com/dms/image/v2/D4D0BAQE0eJoOlGe9Eg/company-logo_100_100/company-logo_100_100/0/1719255731561/rede_de_farm_cias_s_o_jo_o_logo?e=1784764800&v=beta&t=7PigdQ8AQLMQDV31GKGTBut0m5zsgT6z8I3PNyuNgwU;Produtos > Product Manager;https://www.linkedin.com/company/rede-de-farm-cias-s-o-jo-o/about/;-;(agile AND coach) OR (agile AND master) OR (scrum AND master) OR (product AND owner) OR (squad AND leader) OR (enterprise AND agile AND coach) AND (transformation AND leader) OR vmo OR pmo OR (coach AND ágil) OR scrum OR kanban OR kmm OR safe OR nexus;rede de farmácias são joão;1;;https://www.linkedin.com/jobs/view/4432783168/;https://www.linkedin.com/jobs/view/4432783168/;On-site;Senior, Product Owner/Product Manager;03/07/2026;Passo Fundo;Rio Grande do Sul;RS;Região Sul;Brasil;América do Sul
105;Senior Sistemas;Gerente de Projetos (Agilidade e SAFe) - 11320;Blumenau (SC);02/07 09:00;https://www.linkedin.com/jobs/view/4434617804/;https://media.licdn.com/dms/image/v2/C4E0BAQFlbJMLQgUBbQ/company-logo_100_100/company-logo_100_100/0/1631330968616?e=1784764800&v=beta&t=ElgYViQPYXdR1U_jIE6D_G0EwzvLH5hjvH1aQSuX98E;Middle > Manager;https://www.linkedin.com/company/senior-sistemas/about/;Software e Serviços de TI;(agile AND coach) OR (agile AND master) OR (scrum AND master) OR (product AND owner) OR (squad AND leader) OR (enterprise AND agile AND coach) AND (transformation AND leader) OR vmo OR pmo OR (coach AND ágil) OR scrum OR kanban OR kmm OR safe OR nexus;senior sistemas;1.0;Senior;https://www.linkedin.com/jobs/view/4434617804/;https://www.linkedin.com/jobs/view/4434617804/;On-site;Mid, Liderança/Gerência;03/07/2026;Blumenau;Santa Catarina;SC;Região Sul;Brasil;América do Sul
106;Serasa Experian;Senior Product Owner;São Paulo (SP);02/07 09:00;https://www.linkedin.com/jobs/view/4427076745/;https://media.licdn.com/dms/image/v2/D4D0BAQGW4EB1A1aUYQ/company-logo_100_100/B4DZyL2uQ_IUAY-/0/1771872904949/serasaexperian_logo?e=1784764800&v=beta&t=sQ2P3lGu7IPSyp3ZaKk9r2zmtWw_etfZqf77kWbZ6mA;Produtos > Product Manager;https://www.linkedin.com/company/serasa-experian/about/;-;(agile AND coach) OR (agile AND master) OR (scrum AND master) OR (product AND owner) OR (squad AND leader) OR (enterprise AND agile AND coach) AND (transformation AND leader) OR vmo OR pmo OR (coach AND ágil) OR scrum OR kanban OR kmm OR safe OR nexus;serasa experian;4.0;Smartrecruiters;https://www.linkedin.com/jobs/view/4427076745/;https://www.linkedin.com/jobs/view/4427076745/;Hybrid;Senior, Product Owner/Product Manager;03/07/2026;São Paulo;São Paulo;SP;Região Sudeste;Brasil;América do Sul
107;Shopee;Product Owner (Features) - São Paulo/SP;São Paulo (SP);02/07 09:00;https://www.linkedin.com/jobs/view/4270104375/;https://media.licdn.com/dms/image/v2/C560BAQE0iX_dgdH7nA/company-logo_100_100/company-logo_100_100/0/1672279162763/shopee_logo?e=1784764800&v=beta&t=_RPZWgnv_Dzpe8IJ6vRaOHJwUM8xwDPqhcWC1-bGQWk;Produtos > Product Manager;https://www.linkedin.com/company/shopee/about/;-;(agile AND coach) OR (agile AND master) OR (scrum AND master) OR (product AND owner) OR (squad AND leader) OR (enterprise AND agile AND coach) AND (transformation AND leader) OR vmo OR pmo OR (coach AND ágil) OR scrum OR kanban OR kmm OR safe OR nexus;shopee;3.0;careers.shopee.sg;https://www.linkedin.com/jobs/view/4270104375/;https://www.linkedin.com/jobs/view/4270104375/;Hybrid;Product Owner/Product Manager;03/07/2026;São Paulo;São Paulo;SP;Região Sudeste;Brasil;América do Sul
108;Softtek;PMO Júnior;Barueri (SP);02/07 09:00;https://www.linkedin.com/jobs/view/4432707484/;https://media.licdn.com/dms/image/v2/D560BAQGPNg8TewdnIg/company-logo_100_100/company-logo_100_100/0/1699028835508/softtek_logo?e=1784764800&v=beta&t=IJ4RNNju-xTnFg6Ku8bv0XhAssFOQ-TT4vslSCmxV6Y;Produtos > Product Manager;https://www.linkedin.com/company/softtek/about/;-;(agile AND coach) OR (agile AND master) OR (scrum AND master) OR (product AND owner) OR (squad AND leader) OR (enterprise AND agile AND coach) AND (transformation AND leader) OR vmo OR pmo OR (coach AND ágil) OR scrum OR kanban OR kmm OR safe OR nexus;softtek;1.0;LinkedIn (Easy Apply);https://www.linkedin.com/jobs/view/4432707484/;https://www.linkedin.com/jobs/view/4432707484/;Hybrid;Junior, PMO;03/07/2026;Barueri;São Paulo;SP;Região Sudeste;Brasil;América do Sul
109;Softtek;PMO Trainee;Guarulhos (SP);02/07 09:00;https://www.linkedin.com/jobs/view/4434671132/;https://media.licdn.com/dms/image/v2/D560BAQGPNg8TewdnIg/company-logo_100_100/company-logo_100_100/0/1699028835508/softtek_logo?e=1784764800&v=beta&t=IJ4RNNju-xTnFg6Ku8bv0XhAssFOQ-TT4vslSCmxV6Y;Produtos > Product Manager;https://www.linkedin.com/company/softtek/about/;-;(agile AND coach) OR (agile AND master) OR (scrum AND master) OR (product AND owner) OR (squad AND leader) OR (enterprise AND agile AND coach) AND (transformation AND leader) OR vmo OR pmo OR (coach AND ágil) OR scrum OR kanban OR kmm OR safe OR nexus;softtek;1.0;LinkedIn (Easy Apply);https://www.linkedin.com/jobs/view/4434671132/;https://www.linkedin.com/jobs/view/4434671132/;Hybrid;Intern, PMO;03/07/2026;Guarulhos;São Paulo;SP;Região Sudeste;Brasil;América do Sul
110;Stefanini Brasil;Scrum Master / PO;Brasil;02/07 12:00;https://www.linkedin.com/jobs/view/4436348548/;https://media.licdn.com/dms/image/v2/D4D0BAQFOPyOhO4wTTg/company-logo_100_100/company-logo_100_100/0/1719784126380/stefanini_brasil_logo?e=1784764800&v=beta&t=97PxeeEbjDIEuOSgzesFhYCVVQ5t76z6eGphP4g-rrs;Agility > Scrum Master;https://www.linkedin.com/company/stefanini-brasil/about/;-;(agile AND coach) OR (agile AND master) OR (scrum AND master) OR (product AND owner) OR (squad AND leader) OR (enterprise AND agile AND coach) AND (transformation AND leader) OR vmo OR pmo OR (coach AND ágil) OR scrum OR kanban OR kmm OR safe OR nexus;stefanini brasil;4.0;Gupy;https://www.linkedin.com/jobs/view/4436348548/;https://www.linkedin.com/jobs/view/4436348548/;Remote;Scrum/Agile, Product Owner/Product Manager;03/07/2026;;;;;Brasil;América do Sul
111;TDS Company;PMO OPERACIONAL;SP;02/07 17:00;https://www.linkedin.com/jobs/view/4433132158/;https://media.licdn.com/dms/image/v2/D4D0BAQEpYWnpRf5New/company-logo_100_100/B4DZeNNX.9G8AU-/0/1750420783863/tdscompany_logo?e=1784764800&v=beta&t=Rc-TCq7aVkaSmH26hb51F8wUuFHAE0uLDhz1_Toi42w;Produtos > Product Manager;https://www.linkedin.com/company/tds-company/about/;-;(agile AND coach) OR (agile AND master) OR (scrum AND master) OR (product AND owner) OR (squad AND leader) OR (enterprise AND agile AND coach) AND (transformation AND leader) OR vmo OR pmo OR (coach AND ágil) OR scrum OR kanban OR kmm OR safe OR nexus;tds company;1;;https://www.linkedin.com/jobs/view/4433132158/;https://www.linkedin.com/jobs/view/4433132158/;On-site;PMO;03/07/2026;;São Paulo;SP;Região Sudeste;Brasil;América do Sul
112;TOTVS;[Produto] Product Owner Sênior;Belo Horizonte (MG);02/07 09:00;https://www.linkedin.com/jobs/view/4432717415/;https://media.licdn.com/dms/image/v2/D4D0BAQEATHMUo8sshg/company-logo_100_100/B4DZd7OnTLHkAQ-/0/1750119118553/totvs_logo?e=1784764800&v=beta&t=c34_7749OBbrUCwHiJ2BFJaNvKtdzTDfyed--4b_-N0;Produtos > Product Manager;https://www.linkedin.com/company/totvs/about/;-;(agile AND coach) OR (agile AND master) OR (scrum AND master) OR (product AND owner) OR (squad AND leader) OR (enterprise AND agile AND coach) AND (transformation AND leader) OR vmo OR pmo OR (coach AND ágil) OR scrum OR kanban OR kmm OR safe OR nexus;totvs;4.0;Totvs;https://www.linkedin.com/jobs/view/4432717415/;https://www.linkedin.com/jobs/view/4432717415/;Hybrid;Senior, Product Owner/Product Manager;03/07/2026;Belo Horizonte;Minas Gerais;MG;Região Sudeste;Brasil;América do Sul
113;TQI;Project Management Office (PMO) - Híbrido SP;São Paulo (SP);01/07 09:00;https://www.linkedin.com/jobs/view/4431940342/;https://media.licdn.com/dms/image/v2/D4D0BAQGtapYtInOm8A/company-logo_100_100/B4DZZn8WrsHIAQ-/0/1745500597415/tqi_it_logo?e=1784764800&v=beta&t=kzoctG-6Qz_Bnmdvi0ifd_6KAxHHZPz6KXgokUAQof0;Middle > Manager;https://www.linkedin.com/company/tqi/about/;-;(agile AND coach) OR (agile AND master) OR (scrum AND master) OR (product AND owner) OR (squad AND leader) OR (enterprise AND agile AND coach) AND (transformation AND leader) OR vmo OR pmo OR (coach AND ágil) OR scrum OR kanban OR kmm OR safe OR nexus;tqi;1.0;;https://www.linkedin.com/jobs/view/4431940342/;https://www.linkedin.com/jobs/view/4431940342/;Hybrid;PMO;03/07/2026;São Paulo;São Paulo;SP;Região Sudeste;Brasil;América do Sul
114;Tata Consultancy Services;Scrum Master;SP;01/07 09:00;https://www.linkedin.com/jobs/view/4422136377/;https://media.licdn.com/dms/image/v2/D4D0BAQGsGR9p4ikS5w/company-logo_100_100/company-logo_100_100/0/1708946550425/tata_consultancy_services_logo?e=1784764800&v=beta&t=DZx_z_CqxpGZnAEWo_OtYoVFsD4hzk8jPv2hjxi0SkI;Agility > Scrum Master;https://www.linkedin.com/company/tata-consultancy-services/about/;-;(agile AND coach) OR (agile AND master) OR (scrum AND master) OR (product AND owner) OR (squad AND leader) OR (enterprise AND agile AND coach) AND (transformation AND leader) OR vmo OR pmo OR (coach AND ágil) OR scrum OR kanban OR kmm OR safe OR nexus;tata consultancy services;1.0;LinkedIn (Easy Apply);https://www.linkedin.com/jobs/view/4422136377/;https://www.linkedin.com/jobs/view/4422136377/;Hybrid;Scrum/Agile;03/07/2026;;São Paulo;SP;Região Sudeste;Brasil;América do Sul
115;Tec2Cloud;SAP PMO Sênior  (Governança, Processos e Gestão Documental);Barueri (SP);02/07 10:00;https://www.linkedin.com/jobs/view/4435215153/;https://media.licdn.com/dms/image/v2/D4D0BAQHMr3jUFGgF0Q/company-logo_100_100/company-logo_100_100/0/1719520301732/tec2cloud_logo?e=1784764800&v=beta&t=VVr-emxz9gbA-yy65iRbNIB2lKy9IcWoEuEA1TydC1s;Produtos > Product Manager;https://www.linkedin.com/company/tec2cloud/about/;-;(agile AND coach) OR (agile AND master) OR (scrum AND master) OR (product AND owner) OR (squad AND leader) OR (enterprise AND agile AND coach) AND (transformation AND leader) OR vmo OR pmo OR (coach AND ágil) OR scrum OR kanban OR kmm OR safe OR nexus;tec2cloud;1.0;Quickin;https://www.linkedin.com/jobs/view/4435215153/;https://www.linkedin.com/jobs/view/4435215153/;Remote;Senior, SAP, PMO, Processos/Excelência;03/07/2026;Barueri;São Paulo;SP;Região Sudeste;Brasil;América do Sul
116;The HEINEKEN Company;Data & Analytics Product Owner Specialist;São Paulo (SP);02/07 14:00;https://www.linkedin.com/jobs/view/4435217916/;https://media.licdn.com/dms/image/v2/D4E0BAQFGMcUwOz0TTQ/company-logo_100_100/B4EZaMIR_CGYAQ-/0/1746107703763/heineken_logo?e=1784764800&v=beta&t=z2q864GpShjtzN0s4wcO0tzYVDh1ELjbXi0nvgKPpOA;Produtos > Product Manager;https://www.linkedin.com/company/the-heineken-company/about/;Dados e Analytics;(agile AND coach) OR (agile AND master) OR (scrum AND master) OR (product AND owner) OR (squad AND leader) OR (enterprise AND agile AND coach) AND (transformation AND leader) OR vmo OR pmo OR (coach AND ágil) OR scrum OR kanban OR kmm OR safe OR nexus;the heineken company;1.0;;https://www.linkedin.com/jobs/view/4435217916/;https://www.linkedin.com/jobs/view/4435217916/;Hybrid;Specialist, Product Owner/Product Manager, Dados/Analytics;03/07/2026;São Paulo;São Paulo;SP;Região Sudeste;Brasil;América do Sul
117;Timenow;Pessoa Engenheira de Projetos (PMO);São Paulo (SP);02/07 09:00;https://www.linkedin.com/jobs/view/4432734109/;https://media.licdn.com/dms/image/v2/C4E0BAQFCHz71YNvMbQ/company-logo_100_100/company-logo_100_100/0/1630626388144/timenow_consultoria_e_gesto_de_projetos_logo?e=1784764800&v=beta&t=wYQQ5tHh2PInRbyPClIBk6V0aJWlKlpbmp7ecy2JZ7s;-;https://www.linkedin.com/company/timenow/about/;Software e Serviços de TI;(agile AND coach) OR (agile AND master) OR (scrum AND master) OR (product AND owner) OR (squad AND leader) OR (enterprise AND agile AND coach) AND (transformation AND leader) OR vmo OR pmo OR (coach AND ágil) OR scrum OR kanban OR kmm OR safe OR nexus;timenow;1.0;Gupy;https://www.linkedin.com/jobs/view/4432734109/;https://www.linkedin.com/jobs/view/4432734109/;On-site;PCD / Afirmativa, PMO;03/07/2026;São Paulo;São Paulo;SP;Região Sudeste;Brasil;América do Sul
118;União Química Farmacêutica Nacional;Analista de Projetos Júnior - PMO Corporativo;São Paulo (SP);28/06 09:00;https://www.linkedin.com/jobs/view/4433467932/;https://media.licdn.com/dms/image/v2/D4D0BAQFWPcmrrpywDA/company-logo_100_100/B4DZqXKDy3IMAU-/0/1763472588446/uniaoquimica_logo?e=1784764800&v=beta&t=6KOC33nCymyp5dffxq8NoiktvOAiX9NwxnaUJ-9oP_w;Produtos > Product Manager;https://www.linkedin.com/company/uni-o-qu-mica-farmac-utica-nacional/about/;Farmacêutica;(agile AND coach) OR (agile AND master) OR (scrum AND master) OR (product AND owner) OR (squad AND leader) OR (enterprise AND agile AND coach) AND (transformation AND leader) OR vmo OR pmo OR (coach AND ágil) OR scrum OR kanban OR kmm OR safe OR nexus;união química farmacêutica nacional;1.0;Vagas.com;https://www.linkedin.com/jobs/view/4433467932/;https://www.linkedin.com/jobs/view/4433467932/;On-site;Junior, Associate, PMO;03/07/2026;São Paulo;São Paulo;SP;Região Sudeste;Brasil;América do Sul
119;V.tal;Analista Sênior de Projetos de TI (PMO);São Paulo (SP);02/07 09:00;https://www.linkedin.com/jobs/view/4423162886/;https://media.licdn.com/dms/image/v2/D4D0BAQEV7Udy9Yb7jQ/company-logo_100_100/B4DZcTHFiSGYAQ-/0/1748372314672/v_tal_logo?e=1784764800&v=beta&t=9wk0Artu37_qNieGEAdk5PfRUfrrIHQRKN_LXVPxWzg;Advanced > Specialist;https://www.linkedin.com/company/v-tal/about/;Software e Serviços de TI;(agile AND coach) OR (agile AND master) OR (scrum AND master) OR (product AND owner) OR (squad AND leader) OR (enterprise AND agile AND coach) AND (transformation AND leader) OR vmo OR pmo OR (coach AND ágil) OR scrum OR kanban OR kmm OR safe OR nexus;v.tal;1.0;Gupy;https://www.linkedin.com/jobs/view/4423162886/;https://www.linkedin.com/jobs/view/4423162886/;On-site;Senior, Associate, TI/Tech, PMO;03/07/2026;São Paulo;São Paulo;SP;Região Sudeste;Brasil;América do Sul
120;V4 Company;Product Owner de Growth - Pleno | V4 Alfradique & Co;Rio de Janeiro (RJ);01/07 09:00;https://www.linkedin.com/jobs/view/4434697812/;https://media.licdn.com/dms/image/v2/D4D0BAQGgDF3xNMH29g/company-logo_100_100/company-logo_100_100/0/1723750121863/v4companysa_logo?e=1784764800&v=beta&t=V9muvjGyRqu_WB1bKlHwPBPaO8YVyoYmF-DBghdKH_4;Produtos > Product Manager;https://www.linkedin.com/company/v4-company/about/;-;(agile AND coach) OR (agile AND master) OR (scrum AND master) OR (product AND owner) OR (squad AND leader) OR (enterprise AND agile AND coach) AND (transformation AND leader) OR vmo OR pmo OR (coach AND ágil) OR scrum OR kanban OR kmm OR safe OR nexus;v4 company;2.0;Inhire;https://www.linkedin.com/jobs/view/4434697812/;https://www.linkedin.com/jobs/view/4434697812/;On-site;Mid, Product Owner/Product Manager;03/07/2026;Rio de Janeiro;Rio de Janeiro;RJ;Região Sudeste;Brasil;América do Sul
121;W1 Consultoria;Agilista VMO | São Paulo - SP;São Paulo (SP);29/06 09:00;https://www.linkedin.com/jobs/view/4431527660/;https://media.licdn.com/dms/image/v2/D4D0BAQHLGl9Yt-R_RA/company-logo_100_100/company-logo_100_100/0/1710599629674/w1_consultoria_logo?e=1784764800&v=beta&t=Se-bpI3Nj59itmvAAa5UnYTb3Q6JZIgWPWQu-w8Jp3o;Advanced > Specialist;https://www.linkedin.com/company/w1-consultoria/about/;Consultoria e Assessoria;(agile AND coach) OR (agile AND master) OR (scrum AND master) OR (product AND owner) OR (squad AND leader) OR (enterprise AND agile AND coach) AND (transformation AND leader) OR vmo OR pmo OR (coach AND ágil) OR scrum OR kanban OR kmm OR safe OR nexus;w1 consultoria;1;;https://www.linkedin.com/jobs/view/4431527660/;https://www.linkedin.com/jobs/view/4431527660/;Hybrid;-;03/07/2026;São Paulo;São Paulo;SP;Região Sudeste;Brasil;América do Sul
122;Zallpy Digital;Product Owner SR;Brasil;02/07 18:00;https://www.linkedin.com/jobs/view/4435256745/;https://media.licdn.com/dms/image/v2/D4D0BAQET3FfZSou1AA/company-logo_100_100/company-logo_100_100/0/1689014576978/zallpy_digital_logo?e=1784764800&v=beta&t=YVdHMnBqppt_L3Q3_LWNC2nDnP7CoDIxBVxLmJyA4L8;Produtos > Product Manager;https://www.linkedin.com/company/zallpy-digital/about/;Software e Serviços de TI;(agile AND coach) OR (agile AND master) OR (scrum AND master) OR (product AND owner) OR (squad AND leader) OR (enterprise AND agile AND coach) AND (transformation AND leader) OR vmo OR pmo OR (coach AND ágil) OR scrum OR kanban OR kmm OR safe OR nexus;zallpy digital;1.0;Inhire;https://www.linkedin.com/jobs/view/4435256745/;https://www.linkedin.com/jobs/view/4435256745/;Remote;Senior, Product Owner/Product Manager;03/07/2026;;;;;Brasil;América do Sul
123;abler Vagas;Scrum Master Pleno;Santo André (SP);02/07 19:00;https://www.linkedin.com/jobs/view/4436427304/;https://media.licdn.com/dms/image/v2/D4D0BAQGMAPERRvd2YA/company-logo_100_100/B4DZVr.XUYHIAQ-/0/1741273265821/abler_vagas_br_logo?e=1784764800&v=beta&t=5do-I_-g2yq7AeaZ33Iyayi-WISSrBRMIsvC2BoO63Q;Agility > Scrum Master;https://www.linkedin.com/company/abler-vagas/about/;Energia e Combustíveis;(agile AND coach) OR (agile AND master) OR (scrum AND master) OR (product AND owner) OR (squad AND leader) OR (enterprise AND agile AND coach) AND (transformation AND leader) OR vmo OR pmo OR (coach AND ágil) OR scrum OR kanban OR kmm OR safe OR nexus;abler vagas;1.0;ats.abler.com.br;https://www.linkedin.com/jobs/view/4436427304/;https://www.linkedin.com/jobs/view/4436427304/;Remote;Mid, Scrum/Agile;03/07/2026;Santo André;São Paulo;SP;Região Sudeste;Brasil;América do Sul
124;e-Core;Enterprise Agile Coach;São Paulo (SP);02/07 11:00;https://www.linkedin.com/jobs/view/4415112858/;https://media.licdn.com/dms/image/v2/C560BAQHWw7n8QlKgQg/company-logo_100_100/company-logo_100_100/0/1630609194189/e_core_logo?e=1784764800&v=beta&t=1PasKNU50FBayKSCIc8NhkAk2H-kmYVdJtF1b7hUAN0;Agility > Agile Coach;https://www.linkedin.com/company/e-core/about/;-;(agile AND coach) OR (agile AND master) OR (scrum AND master) OR (product AND owner) OR (squad AND leader) OR (enterprise AND agile AND coach) AND (transformation AND leader) OR vmo OR pmo OR (coach AND ágil) OR scrum OR kanban OR kmm OR safe OR nexus;e-core;1.0;;https://www.linkedin.com/jobs/view/4415112858/;https://www.linkedin.com/jobs/view/4415112858/;Hybrid;Coach, Scrum/Agile;03/07/2026;São Paulo;São Paulo;SP;Região Sudeste;Brasil;América do Sul
125;emiteaí;Product Owner Pleno;Blumenau (SC);27/06 09:00;https://www.linkedin.com/jobs/view/4434063905/;https://media.licdn.com/dms/image/v2/D4D0BAQEml0djJZB6RQ/company-logo_100_100/company-logo_100_100/0/1734531359154/emiteai_logo?e=1784764800&v=beta&t=FW-1pX5HB_74cNcrEGmV9fRb1FYxalm5-pcdnPllEAA;Produtos > Product Manager;https://www.linkedin.com/company/emitea/about/;Software e Serviços de TI;(agile AND coach) OR (agile AND master) OR (scrum AND master) OR (product AND owner) OR (squad AND leader) OR (enterprise AND agile AND coach) AND (transformation AND leader) OR vmo OR pmo OR (coach AND ágil) OR scrum OR kanban OR kmm OR safe OR nexus;emiteaí;1;;https://www.linkedin.com/jobs/view/4434063905/;https://www.linkedin.com/jobs/view/4434063905/;Hybrid;Mid, Product Owner/Product Manager;03/07/2026;Blumenau;Santa Catarina;SC;Região Sul;Brasil;América do Sul
126;netLex;PMO (Escritório de projetos);Brasil;01/07 09:00;https://www.linkedin.com/jobs/view/4431957600/;https://media.licdn.com/dms/image/v2/D4D0BAQHTmDHijUQakg/company-logo_100_100/company-logo_100_100/0/1719851236566/netlex_io_logo?e=1784764800&v=beta&t=O-zuMc0TDJeCSvQkXdemlJxr-99HmGewEoisCTNY5FA;Produtos > Product Manager;https://www.linkedin.com/company/netlex/about/;Software e Serviços de TI;(agile AND coach) OR (agile AND master) OR (scrum AND master) OR (product AND owner) OR (squad AND leader) OR (enterprise AND agile AND coach) AND (transformation AND leader) OR vmo OR pmo OR (coach AND ágil) OR scrum OR kanban OR kmm OR safe OR nexus;netlex;1;;https://www.linkedin.com/jobs/view/4431957600/;https://www.linkedin.com/jobs/view/4431957600/;Remote;PMO;03/07/2026;;;;;Brasil;América do Sul
127;ília;SR Product Owner;Brasil;02/07 09:00;https://www.linkedin.com/jobs/view/4425856220/;https://media.licdn.com/dms/image/v2/D4D0BAQEcfwzf6s9pKQ/company-logo_100_100/company-logo_100_100/0/1738336067721/ilia_digital_logo?e=1784764800&v=beta&t=IiiMzrLD1vXzhygQPEhyrJZEf65NhG7bS_HnAPpLKbc;Produtos > Product Manager;https://www.linkedin.com/company/lia/about/;-;(agile AND coach) OR (agile AND master) OR (scrum AND master) OR (product AND owner) OR (squad AND leader) OR (enterprise AND agile AND coach) AND (transformation AND leader) OR vmo OR pmo OR (coach AND ágil) OR scrum OR kanban OR kmm OR safe OR nexus;ília;1.0;LinkedIn (Easy Apply);https://www.linkedin.com/jobs/view/4425856220/;https://www.linkedin.com/jobs/view/4425856220/;Remote;Senior, Product Owner/Product Manager;03/07/2026;;;;;Brasil;América do Sul
